gpu_prefix_length,gpu_experts,gpu_tokens,pim_tokens,gpu_memory_us,gpu_compute_us,gpu_path_us,pim_path_us,scheduler_us,objective_us,isolation_available,step,layer,selected
0,,0,64,0.0,0.0,0.0,98.534592,20.0,118.534592,True,0,0,False
1,14,8,56,2.461056,3.033554432,5.494610432,86.22276,20.0,106.22276,True,0,0,False
2,14;31,16,48,5.406336,3.067108864,8.473444864,73.909992,20.0,93.909992,True,0,0,False
3,14;31;43,24,40,8.421504,3.100663296,11.522167296,61.597224,20.0,81.597224,True,0,0,False
4,14;31;43;63,32,32,11.37396,3.134217728,14.508177728,49.28508,20.0,69.28508,True,0,0,False
5,14;31;43;63;83,40,24,14.41128,3.16777216,17.57905216,36.972624,20.0,56.972624,True,0,0,False
6,14;31;43;63;83;93,48,16,17.33004,3.201326592,20.531366592,24.660792,20.0,44.660792,True,0,0,False
7,14;31;43;63;83;93;97,56,8,20.298408,3.234881024,23.533289024,12.347712,20.0,43.533289024,True,0,0,True
8,14;31;43;63;83;93;97;120,64,0,23.288616,3.268435456,26.557051456,0.0,20.0,46.557051456,True,0,0,False
0,,0,64,0.0,0.0,0.0,98.534592,20.0,118.534592,True,0,1,False
1,8,8,56,2.461056,3.033554432,5.494610432,86.22276,20.0,106.22276,True,0,1,False
2,8;26,16,48,5.406336,3.067108864,8.473444864,73.909992,20.0,93.909992,True,0,1,False
3,8;26;33,24,40,8.421504,3.100663296,11.522167296,61.597224,20.0,81.597224,True,0,1,False
4,8;26;33;34,32,32,11.37396,3.134217728,14.508177728,49.28508,20.0,69.28508,True,0,1,False
5,8;26;33;34;41,40,24,14.41128,3.16777216,17.57905216,36.972624,20.0,56.972624,True,0,1,False
6,8;26;33;34;41;42,48,16,17.33004,3.201326592,20.531366592,24.660792,20.0,44.660792,True,0,1,False
7,8;26;33;34;41;42;124,56,8,20.298408,3.234881024,23.533289024,12.347712,20.0,43.533289024,True,0,1,True
8,8;26;33;34;41;42;124;126,64,0,23.288616,3.268435456,26.557051456,0.0,20.0,46.557051456,True,0,1,False
0,,0,64,0.0,0.0,0.0,98.534592,20.0,118.534592,True,0,2,False
1,10,8,56,2.461056,3.033554432,5.494610432,86.22276,20.0,106.22276,True,0,2,False
2,10;53,16,48,5.406336,3.067108864,8.473444864,73.909992,20.0,93.909992,True,0,2,False
3,10;53;56,24,40,8.421504,3.100663296,11.522167296,61.597224,20.0,81.597224,True,0,2,False
4,10;53;56;62,32,32,11.37396,3.134217728,14.508177728,49.28508,20.0,69.28508,True,0,2,False
5,10;53;56;62;67,40,24,14.41128,3.16777216,17.57905216,36.972624,20.0,56.972624,True,0,2,False
6,10;53;56;62;67;72,48,16,17.33004,3.201326592,20.531366592,24.660792,20.0,44.660792,True,0,2,False
7,10;53;56;62;67;72;92,56,8,20.298408,3.234881024,23.533289024,12.347712,20.0,43.533289024,True,0,2,True
8,10;53;56;62;67;72;92;123,64,0,23.288616,3.268435456,26.557051456,0.0,20.0,46.557051456,True,0,2,False
0,,0,64,0.0,0.0,0.0,98.534592,20.0,118.534592,True,0,3,False
1,46,8,56,2.461056,3.033554432,5.494610432,86.22276,20.0,106.22276,True,0,3,False
2,46;56,16,48,5.406336,3.067108864,8.473444864,73.909992,20.0,93.909992,True,0,3,False
3,46;56;99,24,40,8.421504,3.100663296,11.522167296,61.597224,20.0,81.597224,True,0,3,False
4,46;56;99;101,32,32,11.37396,3.134217728,14.508177728,49.28508,20.0,69.28508,True,0,3,False
5,46;56;99;101;108,40,24,14.41128,3.16777216,17.57905216,36.972624,20.0,56.972624,True,0,3,False
6,46;56;99;101;108;114,48,16,17.33004,3.201326592,20.531366592,24.660792,20.0,44.660792,True,0,3,False
7,23;46;56;99;101;108;114,55,9,20.309328,3.23068672,23.54001472,13.904904,20.0,43.54001472,True,0,3,True
8,23;46;56;67;99;101;108;114,59,5,23.189712,3.247463936,26.437175936,7.747896,20.0,46.437175936,True,0,3,False
9,23;46;56;67;80;99;101;108;114,63,1,26.291616,3.264241152,29.555857152,1.591512,20.0,49.555857152,True,0,3,False
10,23;46;56;67;69;80;99;101;108;114,64,0,29.249064,3.268435456,32.517499456,0.0,20.0,52.517499456,True,0,3,False
0,,0,64,0.0,0.0,0.0,98.534592,20.0,118.534592,True,0,4,False
1,12,8,56,2.461056,3.033554432,5.494610432,86.22276,20.0,106.22276,True,0,4,False
2,12;43,16,48,5.406336,3.067108864,8.473444864,73.909992,20.0,93.909992,True,0,4,False
3,12;43;65,24,40,8.421504,3.100663296,11.522167296,61.597224,20.0,81.597224,True,0,4,False
4,12;43;65;100,32,32,11.37396,3.134217728,14.508177728,49.28508,20.0,69.28508,True,0,4,False
5,12;43;65;100;107,40,24,14.41128,3.16777216,17.57905216,36.972624,20.0,56.972624,True,0,4,False
6,12;43;65;100;107;108,48,16,17.33004,3.201326592,20.531366592,24.660792,20.0,44.660792,True,0,4,False
7,12;43;65;100;107;108;110,56,8,20.298408,3.234881024,23.533289024,12.347712,20.0,43.533289024,True,0,4,True
8,12;43;65;100;107;108;110;127,63,1,23.276448,3.264241152,26.540689152,1.591512,20.0,46.540689152,True,0,4,False
9,12;43;65;95;100;107;108;110;127,64,0,26.303784,3.268435456,29.572219456,0.0,20.0,49.572219456,True,0,4,False
0,,0,64,0.0,0.0,0.0,98.534592,20.0,118.534592,True,0,5,False
1,4,8,56,2.461056,3.033554432,5.494610432,86.22276,20.0,106.22276,True,0,5,False
2,4;19,16,48,5.406336,3.067108864,8.473444864,73.909992,20.0,93.909992,True,0,5,False
3,4;19;20,24,40,8.421504,3.100663296,11.522167296,61.597224,20.0,81.597224,True,0,5,False
4,4;19;20;46,32,32,11.37396,3.134217728,14.508177728,49.28508,20.0,69.28508,True,0,5,False
5,4;19;20;46;53,40,24,14.41128,3.16777216,17.57905216,36.972624,20.0,56.972624,True,0,5,False
6,4;19;20;46;53;65,48,16,17.33004,3.201326592,20.531366592,24.660792,20.0,44.660792,True,0,5,False
7,4;19;20;46;53;65;104,56,8,20.298408,3.234881024,23.533289024,12.347712,20.0,43.533289024,True,0,5,True
8,4;19;20;46;53;65;94;104,63,1,23.276448,3.264241152,26.540689152,1.591512,20.0,46.540689152,True,0,5,False
9,4;19;20;32;46;53;65;94;104,64,0,26.303784,3.268435456,29.572219456,0.0,20.0,49.572219456,True,0,5,False
0,,0,64,0.0,0.0,0.0,98.534592,20.0,118.534592,True,0,6,False
1,22,8,56,2.461056,3.033554432,5.494610432,86.22276,20.0,106.22276,True,0,6,False
2,22;33,16,48,5.406336,3.067108864,8.473444864,73.909992,20.0,93.909992,True,0,6,False
3,22;33;49,24,40,8.421504,3.100663296,11.522167296,61.597224,20.0,81.597224,True,0,6,False
4,22;33;49;58,32,32,11.37396,3.134217728,14.508177728,49.28508,20.0,69.28508,True,0,6,False
5,22;33;49;58;82,40,24,14.41128,3.16777216,17.57905216,36.972624,20.0,56.972624,True,0,6,False
6,22;33;49;58;82;121,48,16,17.33004,3.201326592,20.531366592,24.660792,20.0,44.660792,True,0,6,False
7,22;33;49;58;82;121;126,56,8,20.298408,3.234881024,23.533289024,12.347712,20.0,43.533289024,True,0,6,True
8,22;33;49;58;82;92;121;126,63,1,23.276448,3.264241152,26.540689152,1.591512,20.0,46.540689152,True,0,6,False
9,22;33;49;58;74;82;92;121;126,64,0,26.303784,3.268435456,29.572219456,0.0,20.0,49.572219456,True,0,6,False
0,,0,64,0.0,0.0,0.0,98.534592,20.0,118.534592,True,0,7,False
1,15,8,56,2.461056,3.033554432,5.494610432,86.22276,20.0,106.22276,True,0,7,False
2,15;19,16,48,5.406336,3.067108864,8.473444864,73.909992,20.0,93.909992,True,0,7,False
3,15;19;24,24,40,8.421504,3.100663296,11.522167296,61.597224,20.0,81.597224,True,0,7,False
4,15;19;24;29,32,32,11.37396,3.134217728,14.508177728,49.28508,20.0,69.28508,True,0,7,False
5,15;19;24;29;36,40,24,14.41128,3.16777216,17.57905216,36.972624,20.0,56.972624,True,0,7,False
6,15;19;24;29;36;52,48,16,17.33004,3.201326592,20.531366592,24.660792,20.0,44.660792,True,0,7,False
7,15;19;24;29;36;52;56,56,8,20.298408,3.234881024,23.533289024,12.347712,20.0,43.533289024,True,0,7,True
8,15;19;24;29;36;52;56;114,64,0,23.288616,3.268435456,26.557051456,0.0,20.0,46.557051456,True,0,7,False
0,,0,64,0.0,0.0,0.0,98.534592,20.0,118.534592,True,0,8,False
1,22,8,56,2.461056,3.033554432,5.494610432,86.22276,20.0,106.22276,True,0,8,False
2,22;23,16,48,5.406336,3.067108864,8.473444864,73.909992,20.0,93.909992,True,0,8,False
3,22;23;50,24,40,8.421504,3.100663296,11.522167296,61.597224,20.0,81.597224,True,0,8,False
4,22;23;50;66,32,32,11.37396,3.134217728,14.508177728,49.28508,20.0,69.28508,True,0,8,False
5,22;23;50;66;83,40,24,14.41128,3.16777216,17.57905216,36.972624,20.0,56.972624,True,0,8,False
6,22;23;50;66;83;85,48,16,17.33004,3.201326592,20.531366592,24.660792,20.0,44.660792,True,0,8,False
7,22;23;50;66;83;85;102,56,8,20.298408,3.234881024,23.533289024,12.347712,20.0,43.533289024,True,0,8,True
8,22;23;50;58;66;83;85;102,62,2,23.24868,3.260046848,26.508726848,3.112512,20.0,46.508726848,True,0,8,False
9,22;23;50;53;58;66;83;85;102,64,0,26.303784,3.268435456,29.572219456,0.0,20.0,49.572219456,True,0,8,False
0,,0,64,0.0,0.0,0.0,98.534592,20.0,118.534592,True,0,9,False
1,2,8,56,2.461056,3.033554432,5.494610432,86.22276,20.0,106.22276,True,0,9,False
2,2;13,16,48,5.406336,3.067108864,8.473444864,73.909992,20.0,93.909992,True,0,9,False
3,2;13;16,24,40,8.421504,3.100663296,11.522167296,61.597224,20.0,81.597224,True,0,9,False
4,2;13;16;23,32,32,11.37396,3.134217728,14.508177728,49.28508,20.0,69.28508,True,0,9,False
5,2;13;16;23;26,40,24,14.41128,3.16777216,17.57905216,36.972624,20.0,56.972624,True,0,9,False
6,2;13;16;23;26;63,48,16,17.33004,3.201326592,20.531366592,24.660792,20.0,44.660792,True,0,9,False
7,2;13;16;23;26;63;98,56,8,20.298408,3.234881024,23.533289024,12.347712,20.0,43.533289024,True,0,9,True
8,2;11;13;16;23;26;63;98,60,4,23.221536,3.25165824,26.47319424,6.190392,20.0,46.47319424,True,0,9,False
9,2;11;13;16;23;26;63;95;98,64,0,26.303784,3.268435456,29.572219456,0.0,20.0,49.572219456,True,0,9,False
0,,0,64,0.0,0.0,0.0,98.534592,20.0,118.534592,True,0,10,False
1,1,8,56,2.461056,3.033554432,5.494610432,86.22276,20.0,106.22276,True,0,10,False
2,1;5,16,48,5.406336,3.067108864,8.473444864,73.909992,20.0,93.909992,True,0,10,False
3,1;5;28,24,40,8.421504,3.100663296,11.522167296,61.597224,20.0,81.597224,True,0,10,False
4,1;5;28;90,32,32,11.37396,3.134217728,14.508177728,49.28508,20.0,69.28508,True,0,10,False
5,1;5;28;90;92,40,24,14.41128,3.16777216,17.57905216,36.972624,20.0,56.972624,True,0,10,False
6,1;5;12;28;90;92,47,17,17.347512,3.197132288,20.544644288,26.217672,20.0,46.217672,True,0,10,False
7,1;5;12;28;36;90;92,54,10,20.251296,3.226492416,23.477788416,15.426216,20.0,43.477788416,True,0,10,True
8,1;5;6;12;28;36;90;92,59,5,23.189712,3.247463936,26.437175936,7.747896,20.0,46.437175936,True,0,10,False
9,1;5;6;12;28;31;36;90;92,64,0,26.303784,3.268435456,29.572219456,0.0,20.0,49.572219456,True,0,10,False
0,,0,64,0.0,0.0,0.0,98.534592,20.0,118.534592,True,0,11,False
1,54,8,56,2.461056,3.033554432,5.494610432,86.22276,20.0,106.22276,True,0,11,False
2,54;81,16,48,5.406336,3.067108864,8.473444864,73.909992,20.0,93.909992,True,0,11,False
3,54;81;103,24,40,8.421504,3.100663296,11.522167296,61.597224,20.0,81.597224,True,0,11,False
4,54;81;103;120,32,32,11.37396,3.134217728,14.508177728,49.28508,20.0,69.28508,True,0,11,False
5,54;81;103;120;121,40,24,14.41128,3.16777216,17.57905216,36.972624,20.0,56.972624,True,0,11,False
6,48;54;81;103;120;121,47,17,17.347512,3.197132288,20.544644288,26.217672,20.0,46.217672,True,0,11,False
7,48;54;81;103;110;120;121,54,10,20.251296,3.226492416,23.477788416,15.426216,20.0,43.477788416,True,0,11,True
8,48;54;72;81;103;110;120;121,59,5,23.189712,3.247463936,26.437175936,7.747896,20.0,46.437175936,True,0,11,False
9,48;52;54;72;81;103;110;120;121,63,1,26.291616,3.264241152,29.555857152,1.591512,20.0,49.555857152,True,0,11,False
10,48;52;54;72;81;103;109;110;120;121,64,0,29.249064,3.268435456,32.517499456,0.0,20.0,52.517499456,True,0,11,False
0,,0,64,0.0,0.0,0.0,98.534592,20.0,118.534592,True,0,12,False
1,11,8,56,2.461056,3.033554432,5.494610432,86.22276,20.0,106.22276,True,0,12,False
2,11;18,16,48,5.406336,3.067108864,8.473444864,73.909992,20.0,93.909992,True,0,12,False
3,11;18;27,24,40,8.421504,3.100663296,11.522167296,61.597224,20.0,81.597224,True,0,12,False
4,11;18;27;41,32,32,11.37396,3.134217728,14.508177728,49.28508,20.0,69.28508,True,0,12,False
5,11;18;27;41;62,40,24,14.41128,3.16777216,17.57905216,36.972624,20.0,56.972624,True,0,12,False
6,11;18;27;41;62;71,48,16,17.33004,3.201326592,20.531366592,24.660792,20.0,44.660792,True,0,12,False
7,11;18;27;41;62;71;92,56,8,20.298408,3.234881024,23.533289024,12.347712,20.0,43.533289024,True,0,12,True
8,11;18;27;41;62;71;92;125,64,0,23.288616,3.268435456,26.557051456,0.0,20.0,46.557051456,True,0,12,False
0,,0,64,0.0,0.0,0.0,98.534592,20.0,118.534592,True,0,13,False
1,27,8,56,2.461056,3.033554432,5.494610432,86.22276,20.0,106.22276,True,0,13,False
2,27;33,16,48,5.406336,3.067108864,8.473444864,73.909992,20.0,93.909992,True,0,13,False
3,27;33;34,24,40,8.421504,3.100663296,11.522167296,61.597224,20.0,81.597224,True,0,13,False
4,27;33;34;61,32,32,11.37396,3.134217728,14.508177728,49.28508,20.0,69.28508,True,0,13,False
5,27;33;34;61;63,40,24,14.41128,3.16777216,17.57905216,36.972624,20.0,56.972624,True,0,13,False
6,27;33;34;61;63;80,48,16,17.33004,3.201326592,20.531366592,24.660792,20.0,44.660792,True,0,13,False
7,27;33;34;61;63;80;117,56,8,20.298408,3.234881024,23.533289024,12.347712,20.0,43.533289024,True,0,13,True
8,27;30;33;34;61;63;80;117,63,1,23.276448,3.264241152,26.540689152,1.591512,20.0,46.540689152,True,0,13,False
9,27;30;33;34;61;63;80;93;117,64,0,26.303784,3.268435456,29.572219456,0.0,20.0,49.572219456,True,0,13,False
0,,0,64,0.0,0.0,0.0,98.534592,20.0,118.534592,True,0,14,False
1,2,8,56,2.461056,3.033554432,5.494610432,86.22276,20.0,106.22276,True,0,14,False
2,2;5,16,48,5.406336,3.067108864,8.473444864,73.909992,20.0,93.909992,True,0,14,False
3,2;5;49,24,40,8.421504,3.100663296,11.522167296,61.597224,20.0,81.597224,True,0,14,False
4,2;5;49;63,32,32,11.37396,3.134217728,14.508177728,49.28508,20.0,69.28508,True,0,14,False
5,2;5;49;63;92,40,24,14.41128,3.16777216,17.57905216,36.972624,20.0,56.972624,True,0,14,False
6,2;5;49;63;92;113,48,16,17.33004,3.201326592,20.531366592,24.660792,20.0,44.660792,True,0,14,False
7,2;5;49;63;78;92;113,55,9,20.309328,3.23068672,23.54001472,13.904904,20.0,43.54001472,True,0,14,True
8,2;5;49;63;78;92;109;113,62,2,23.24868,3.260046848,26.508726848,3.112512,20.0,46.508726848,True,0,14,False
9,2;5;49;63;78;92;97;109;113,64,0,26.303784,3.268435456,29.572219456,0.0,20.0,49.572219456,True,0,14,False
0,,0,64,0.0,0.0,0.0,98.534592,20.0,118.534592,True,0,15,False
1,2,8,56,2.461056,3.033554432,5.494610432,86.22276,20.0,106.22276,True,0,15,False
2,2;26,16,48,5.406336,3.067108864,8.473444864,73.909992,20.0,93.909992,True,0,15,False
3,2;26;50,24,40,8.421504,3.100663296,11.522167296,61.597224,20.0,81.597224,True,0,15,False
4,2;26;50;58,32,32,11.37396,3.134217728,14.508177728,49.28508,20.0,69.28508,True,0,15,False
5,2;26;50;58;63,40,24,14.41128,3.16777216,17.57905216,36.972624,20.0,56.972624,True,0,15,False
6,2;26;50;58;63;84,48,16,17.33004,3.201326592,20.531366592,24.660792,20.0,44.660792,True,0,15,False
7,2;26;50;58;63;84;88,56,8,20.298408,3.234881024,23.533289024,12.347712,20.0,43.533289024,True,0,15,True
8,2;26;50;58;63;84;88;127,64,0,23.288616,3.268435456,26.557051456,0.0,20.0,46.557051456,True,0,15,False
0,,0,64,0.0,0.0,0.0,98.534592,20.0,118.534592,True,0,16,False
1,10,8,56,2.461056,3.033554432,5.494610432,86.22276,20.0,106.22276,True,0,16,False
2,10;42,16,48,5.406336,3.067108864,8.473444864,73.909992,20.0,93.909992,True,0,16,False
3,10;42;48,24,40,8.421504,3.100663296,11.522167296,61.597224,20.0,81.597224,True,0,16,False
4,10;42;48;97,32,32,11.37396,3.134217728,14.508177728,49.28508,20.0,69.28508,True,0,16,False
5,10;42;48;97;98,40,24,14.41128,3.16777216,17.57905216,36.972624,20.0,56.972624,True,0,16,False
6,10;42;48;97;98;107,48,16,17.33004,3.201326592,20.531366592,24.660792,20.0,44.660792,True,0,16,False
7,10;42;48;97;98;107;122,56,8,20.298408,3.234881024,23.533289024,12.347712,20.0,43.533289024,True,0,16,True
8,10;35;42;48;97;98;107;122,63,1,23.276448,3.264241152,26.540689152,1.591512,20.0,46.540689152,True,0,16,False
9,10;35;42;48;82;97;98;107;122,64,0,26.303784,3.268435456,29.572219456,0.0,20.0,49.572219456,True,0,16,False
0,,0,64,0.0,0.0,0.0,98.534592,20.0,118.534592,True,0,17,False
1,3,8,56,2.461056,3.033554432,5.494610432,86.22276,20.0,106.22276,True,0,17,False
2,3;34,16,48,5.406336,3.067108864,8.473444864,73.909992,20.0,93.909992,True,0,17,False
3,3;34;59,24,40,8.421504,3.100663296,11.522167296,61.597224,20.0,81.597224,True,0,17,False
4,3;34;59;80,32,32,11.37396,3.134217728,14.508177728,49.28508,20.0,69.28508,True,0,17,False
5,3;34;59;80;122,40,24,14.41128,3.16777216,17.57905216,36.972624,20.0,56.972624,True,0,17,False
6,3;34;59;80;122;124,48,16,17.33004,3.201326592,20.531366592,24.660792,20.0,44.660792,True,0,17,False
7,3;34;59;80;100;122;124,54,10,20.251296,3.226492416,23.477788416,15.426216,20.0,43.477788416,True,0,17,True
8,3;34;40;59;80;100;122;124,59,5,23.189712,3.247463936,26.437175936,7.747896,20.0,46.437175936,True,0,17,False
9,3;34;40;59;80;100;122;123;124,64,0,26.303784,3.268435456,29.572219456,0.0,20.0,49.572219456,True,0,17,False
0,,0,64,0.0,0.0,0.0,98.534592,20.0,118.534592,True,0,18,False
1,33,8,56,2.461056,3.033554432,5.494610432,86.22276,20.0,106.22276,True,0,18,False
2,33;49,16,48,5.406336,3.067108864,8.473444864,73.909992,20.0,93.909992,True,0,18,False
3,33;49;58,24,40,8.421504,3.100663296,11.522167296,61.597224,20.0,81.597224,True,0,18,False
4,33;49;58;82,32,32,11.37396,3.134217728,14.508177728,49.28508,20.0,69.28508,True,0,18,False
5,33;49;58;82;107,40,24,14.41128,3.16777216,17.57905216,36.972624,20.0,56.972624,True,0,18,False
6,33;49;58;82;107;112,48,16,17.33004,3.201326592,20.531366592,24.660792,20.0,44.660792,True,0,18,False
7,33;49;58;82;107;112;126,56,8,20.298408,3.234881024,23.533289024,12.347712,20.0,43.533289024,True,0,18,True
8,33;49;58;82;91;107;112;126,63,1,23.276448,3.264241152,26.540689152,1.591512,20.0,46.540689152,True,0,18,False
9,33;49;58;74;82;91;107;112;126,64,0,26.303784,3.268435456,29.572219456,0.0,20.0,49.572219456,True,0,18,False
0,,0,64,0.0,0.0,0.0,98.534592,20.0,118.534592,True,0,19,False
1,28,8,56,2.461056,3.033554432,5.494610432,86.22276,20.0,106.22276,True,0,19,False
2,28;29,16,48,5.406336,3.067108864,8.473444864,73.909992,20.0,93.909992,True,0,19,False
3,28;29;52,24,40,8.421504,3.100663296,11.522167296,61.597224,20.0,81.597224,True,0,19,False
4,28;29;52;56,32,32,11.37396,3.134217728,14.508177728,49.28508,20.0,69.28508,True,0,19,False
5,28;29;52;56;92,40,24,14.41128,3.16777216,17.57905216,36.972624,20.0,56.972624,True,0,19,False
6,28;29;52;56;92;102,48,16,17.33004,3.201326592,20.531366592,24.660792,20.0,44.660792,True,0,19,False
7,28;29;52;56;92;102;114,56,8,20.298408,3.234881024,23.533289024,12.347712,20.0,43.533289024,True,0,19,True
8,15;28;29;52;56;92;102;114,62,2,23.24868,3.260046848,26.508726848,3.112512,20.0,46.508726848,True,0,19,False
9,15;28;29;52;56;88;92;102;114,64,0,26.303784,3.268435456,29.572219456,0.0,20.0,49.572219456,True,0,19,False
0,,0,64,0.0,0.0,0.0,98.534592,20.0,118.534592,True,0,20,False
1,48,8,56,2.461056,3.033554432,5.494610432,86.22276,20.0,106.22276,True,0,20,False
2,48;53,16,48,5.406336,3.067108864,8.473444864,73.909992,20.0,93.909992,True,0,20,False
3,48;53;68,24,40,8.421504,3.100663296,11.522167296,61.597224,20.0,81.597224,True,0,20,False
4,48;53;68;76,32,32,11.37396,3.134217728,14.508177728,49.28508,20.0,69.28508,True,0,20,False
5,48;53;68;76;85,40,24,14.41128,3.16777216,17.57905216,36.972624,20.0,56.972624,True,0,20,False
6,48;53;68;76;85;92,48,16,17.33004,3.201326592,20.531366592,24.660792,20.0,44.660792,True,0,20,False
7,48;53;68;76;85;92;113,56,8,20.298408,3.234881024,23.533289024,12.347712,20.0,43.533289024,True,0,20,True
8,48;53;68;76;85;92;113;114,64,0,23.288616,3.268435456,26.557051456,0.0,20.0,46.557051456,True,0,20,False
0,,0,64,0.0,0.0,0.0,98.534592,20.0,118.534592,True,0,21,False
1,2,8,56,2.461056,3.033554432,5.494610432,86.22276,20.0,106.22276,True,0,21,False
2,2;8,16,48,5.406336,3.067108864,8.473444864,73.909992,20.0,93.909992,True,0,21,False
3,2;8;11,24,40,8.421504,3.100663296,11.522167296,61.597224,20.0,81.597224,True,0,21,False
4,2;8;11;13,32,32,11.37396,3.134217728,14.508177728,49.28508,20.0,69.28508,True,0,21,False
5,2;8;11;13;26,40,24,14.41128,3.16777216,17.57905216,36.972624,20.0,56.972624,True,0,21,False
6,2;8;11;13;26;56,48,16,17.33004,3.201326592,20.531366592,24.660792,20.0,44.660792,True,0,21,False
7,2;8;11;13;26;56;63,56,8,20.298408,3.234881024,23.533289024,12.347712,20.0,43.533289024,True,0,21,True
8,2;8;11;13;26;53;56;63,60,4,23.221536,3.25165824,26.47319424,6.190392,20.0,46.47319424,True,0,21,False
9,2;6;8;11;13;26;53;56;63,63,1,26.291616,3.264241152,29.555857152,1.591512,20.0,49.555857152,True,0,21,False
10,2;4;6;8;11;13;26;53;56;63,64,0,29.249064,3.268435456,32.517499456,0.0,20.0,52.517499456,True,0,21,False
0,,0,64,0.0,0.0,0.0,98.534592,20.0,118.534592,True,0,22,False
1,1,8,56,2.461056,3.033554432,5.494610432,86.22276,20.0,106.22276,True,0,22,False
2,1;6,16,48,5.406336,3.067108864,8.473444864,73.909992,20.0,93.909992,True,0,22,False
3,1;6;12,24,40,8.421504,3.100663296,11.522167296,61.597224,20.0,81.597224,True,0,22,False
4,1;6;12;36,32,32,11.37396,3.134217728,14.508177728,49.28508,20.0,69.28508,True,0,22,False
5,1;6;12;36;75,40,24,14.41128,3.16777216,17.57905216,36.972624,20.0,56.972624,True,0,22,False
6,1;6;12;36;75;118,48,16,17.33004,3.201326592,20.531366592,24.660792,20.0,44.660792,True,0,22,False
7,1;6;12;28;36;75;118,55,9,20.309328,3.23068672,23.54001472,13.904904,20.0,43.54001472,True,0,22,True
8,1;6;12;28;36;48;75;118,61,3,23.247432,3.255852544,26.503284544,4.670016,20.0,46.503284544,True,0,22,False
9,1;6;12;28;36;48;75;92;118,64,0,26.303784,3.268435456,29.572219456,0.0,20.0,49.572219456,True,0,22,False
0,,0,64,0.0,0.0,0.0,98.534592,20.0,118.534592,True,0,23,False
1,14,8,56,2.461056,3.033554432,5.494610432,86.22276,20.0,106.22276,True,0,23,False
2,14;31,16,48,5.406336,3.067108864,8.473444864,73.909992,20.0,93.909992,True,0,23,False
3,14;31;36,24,40,8.421504,3.100663296,11.522167296,61.597224,20.0,81.597224,True,0,23,False
4,14;31;36;48,32,32,11.37396,3.134217728,14.508177728,49.28508,20.0,69.28508,True,0,23,False
5,14;31;36;48;52,40,24,14.41128,3.16777216,17.57905216,36.972624,20.0,56.972624,True,0,23,False
6,14;31;36;48;52;81,48,16,17.33004,3.201326592,20.531366592,24.660792,20.0,44.660792,True,0,23,False
7,14;31;36;48;52;81;120,56,8,20.298408,3.234881024,23.533289024,12.347712,20.0,43.533289024,True,0,23,True
8,14;31;36;48;52;65;81;120,60,4,23.221536,3.25165824,26.47319424,6.190392,20.0,46.47319424,True,0,23,False
9,14;31;36;48;52;65;81;120;121,63,1,26.291616,3.264241152,29.555857152,1.591512,20.0,49.555857152,True,0,23,False
10,4;14;31;36;48;52;65;81;120;121,64,0,29.249064,3.268435456,32.517499456,0.0,20.0,52.517499456,True,0,23,False
0,,0,64,0.0,0.0,0.0,98.534592,20.0,118.534592,True,0,24,False
1,11,8,56,2.461056,3.033554432,5.494610432,86.22276,20.0,106.22276,True,0,24,False
2,11;18,16,48,5.406336,3.067108864,8.473444864,73.909992,20.0,93.909992,True,0,24,False
3,11;18;20,24,40,8.421504,3.100663296,11.522167296,61.597224,20.0,81.597224,True,0,24,False
4,11;18;20;28,32,32,11.37396,3.134217728,14.508177728,49.28508,20.0,69.28508,True,0,24,False
5,11;18;20;28;37,40,24,14.41128,3.16777216,17.57905216,36.972624,20.0,56.972624,True,0,24,False
6,11;18;20;28;37;91,48,16,17.33004,3.201326592,20.531366592,24.660792,20.0,44.660792,True,0,24,False
7,11;18;20;28;37;91;125,56,8,20.298408,3.234881024,23.533289024,12.347712,20.0,43.533289024,True,0,24,True
8,11;18;20;28;37;91;108;125,60,4,23.221536,3.25165824,26.47319424,6.190392,20.0,46.47319424,True,0,24,False
9,11;18;20;27;28;37;91;108;125,63,1,26.291616,3.264241152,29.555857152,1.591512,20.0,49.555857152,True,0,24,False
10,11;18;20;27;28;37;41;91;108;125,64,0,29.249064,3.268435456,32.517499456,0.0,20.0,52.517499456,True,0,24,False
0,,0,64,0.0,0.0,0.0,98.534592,20.0,118.534592,True,0,25,False
1,13,8,56,2.461056,3.033554432,5.494610432,86.22276,20.0,106.22276,True,0,25,False
2,13;30,16,48,5.406336,3.067108864,8.473444864,73.909992,20.0,93.909992,True,0,25,False
3,13;30;34,24,40,8.421504,3.100663296,11.522167296,61.597224,20.0,81.597224,True,0,25,False
4,13;30;34;91,32,32,11.37396,3.134217728,14.508177728,49.28508,20.0,69.28508,True,0,25,False
5,13;30;34;91;110,40,24,14.41128,3.16777216,17.57905216,36.972624,20.0,56.972624,True,0,25,False
6,13;30;34;91;110;124,48,16,17.33004,3.201326592,20.531366592,24.660792,20.0,44.660792,True,0,25,False
7,13;30;34;91;110;124;126,56,8,20.298408,3.234881024,23.533289024,12.347712,20.0,43.533289024,True,0,25,True
8,13;30;34;43;91;110;124;126,62,2,23.24868,3.260046848,26.508726848,3.112512,20.0,46.508726848,True,0,25,False
9,13;30;34;43;74;91;110;124;126,64,0,26.303784,3.268435456,29.572219456,0.0,20.0,49.572219456,True,0,25,False
0,,0,64,0.0,0.0,0.0,98.534592,20.0,118.534592,True,0,26,False
1,2,8,56,2.461056,3.033554432,5.494610432,86.22276,20.0,106.22276,True,0,26,False
2,2;49,16,48,5.406336,3.067108864,8.473444864,73.909992,20.0,93.909992,True,0,26,False
3,2;49;72,24,40,8.421504,3.100663296,11.522167296,61.597224,20.0,81.597224,True,0,26,False
4,2;49;72;87,32,32,11.37396,3.134217728,14.508177728,49.28508,20.0,69.28508,True,0,26,False
5,2;49;72;87;97,40,24,14.41128,3.16777216,17.57905216,36.972624,20.0,56.972624,True,0,26,False
6,2;49;72;87;97;109,48,16,17.33004,3.201326592,20.531366592,24.660792,20.0,44.660792,True,0,26,False
7,2;49;72;87;97;109;113,56,8,20.298408,3.234881024,23.533289024,12.347712,20.0,43.533289024,True,0,26,True
8,2;5;49;72;87;97;109;113,62,2,23.24868,3.260046848,26.508726848,3.112512,20.0,46.508726848,True,0,26,False
9,2;5;49;72;78;87;97;109;113,64,0,26.303784,3.268435456,29.572219456,0.0,20.0,49.572219456,True,0,26,False
0,,0,64,0.0,0.0,0.0,98.534592,20.0,118.534592,True,0,27,False
1,26,8,56,2.461056,3.033554432,5.494610432,86.22276,20.0,106.22276,True,0,27,False
2,26;27,16,48,5.406336,3.067108864,8.473444864,73.909992,20.0,93.909992,True,0,27,False
3,26;27;50,24,40,8.421504,3.100663296,11.522167296,61.597224,20.0,81.597224,True,0,27,False
4,26;27;50;63,32,32,11.37396,3.134217728,14.508177728,49.28508,20.0,69.28508,True,0,27,False
5,26;27;50;63;84,40,24,14.41128,3.16777216,17.57905216,36.972624,20.0,56.972624,True,0,27,False
6,26;27;50;63;84;88,48,16,17.33004,3.201326592,20.531366592,24.660792,20.0,44.660792,True,0,27,False
7,26;27;50;63;84;88;118,56,8,20.298408,3.234881024,23.533289024,12.347712,20.0,43.533289024,True,0,27,True
8,26;27;44;50;63;84;88;118,62,2,23.24868,3.260046848,26.508726848,3.112512,20.0,46.508726848,True,0,27,False
9,26;27;44;50;63;84;88;106;118,64,0,26.303784,3.268435456,29.572219456,0.0,20.0,49.572219456,True,0,27,False
0,,0,64,0.0,0.0,0.0,98.534592,20.0,118.534592,True,0,28,False
1,10,8,56,2.461056,3.033554432,5.494610432,86.22276,20.0,106.22276,True,0,28,False
2,10;42,16,48,5.406336,3.067108864,8.473444864,73.909992,20.0,93.909992,True,0,28,False
3,10;42;63,24,40,8.421504,3.100663296,11.522167296,61.597224,20.0,81.597224,True,0,28,False
4,10;42;63;91,32,32,11.37396,3.134217728,14.508177728,49.28508,20.0,69.28508,True,0,28,False
5,10;42;63;91;98,40,24,14.41128,3.16777216,17.57905216,36.972624,20.0,56.972624,True,0,28,False
6,10;42;63;91;98;107,48,16,17.33004,3.201326592,20.531366592,24.660792,20.0,44.660792,True,0,28,False
7,10;42;63;91;98;107;122,56,8,20.298408,3.234881024,23.533289024,12.347712,20.0,43.533289024,True,0,28,True
8,10;42;58;63;91;98;107;122,61,3,23.247432,3.255852544,26.503284544,4.670016,20.0,46.503284544,True,0,28,False
9,10;42;49;58;63;91;98;107;122,64,0,26.303784,3.268435456,29.572219456,0.0,20.0,49.572219456,True,0,28,False
0,,0,64,0.0,0.0,0.0,98.534592,20.0,118.534592,True,0,29,False
1,3,8,56,2.461056,3.033554432,5.494610432,86.22276,20.0,106.22276,True,0,29,False
2,3;12,16,48,5.406336,3.067108864,8.473444864,73.909992,20.0,93.909992,True,0,29,False
3,3;12;13,24,40,8.421504,3.100663296,11.522167296,61.597224,20.0,81.597224,True,0,29,False
4,3;12;13;34,32,32,11.37396,3.134217728,14.508177728,49.28508,20.0,69.28508,True,0,29,False
5,3;12;13;34;59,40,24,14.41128,3.16777216,17.57905216,36.972624,20.0,56.972624,True,0,29,False
6,3;12;13;34;59;61,48,16,17.33004,3.201326592,20.531366592,24.660792,20.0,44.660792,True,0,29,False
7,3;12;13;34;59;61;124,56,8,20.298408,3.234881024,23.533289024,12.347712,20.0,43.533289024,True,0,29,True
8,3;12;13;34;59;61;105;124,63,1,23.276448,3.264241152,26.540689152,1.591512,20.0,46.540689152,True,0,29,False
9,3;12;13;34;37;59;61;105;124,64,0,26.303784,3.268435456,29.572219456,0.0,20.0,49.572219456,True,0,29,False
0,,0,64,0.0,0.0,0.0,98.534592,20.0,118.534592,True,0,30,False
1,6,8,56,2.461056,3.033554432,5.494610432,86.22276,20.0,106.22276,True,0,30,False
2,6;48,16,48,5.406336,3.067108864,8.473444864,73.909992,20.0,93.909992,True,0,30,False
3,6;48;58,24,40,8.421504,3.100663296,11.522167296,61.597224,20.0,81.597224,True,0,30,False
4,6;48;58;62,32,32,11.37396,3.134217728,14.508177728,49.28508,20.0,69.28508,True,0,30,False
5,6;48;58;62;93,40,24,14.41128,3.16777216,17.57905216,36.972624,20.0,56.972624,True,0,30,False
6,6;48;58;62;93;104,48,16,17.33004,3.201326592,20.531366592,24.660792,20.0,44.660792,True,0,30,False
7,6;48;58;62;93;104;120,56,8,20.298408,3.234881024,23.533289024,12.347712,20.0,43.533289024,True,0,30,True
8,6;48;58;62;93;104;120;126,64,0,23.288616,3.268435456,26.557051456,0.0,20.0,46.557051456,True,0,30,False
0,,0,64,0.0,0.0,0.0,98.534592,20.0,118.534592,True,0,31,False
1,11,8,56,2.461056,3.033554432,5.494610432,86.22276,20.0,106.22276,True,0,31,False
2,11;24,16,48,5.406336,3.067108864,8.473444864,73.909992,20.0,93.909992,True,0,31,False
3,11;24;36,24,40,8.421504,3.100663296,11.522167296,61.597224,20.0,81.597224,True,0,31,False
4,11;24;36;38,32,32,11.37396,3.134217728,14.508177728,49.28508,20.0,69.28508,True,0,31,False
5,11;24;36;38;41,40,24,14.41128,3.16777216,17.57905216,36.972624,20.0,56.972624,True,0,31,False
6,11;24;36;38;41;56,48,16,17.33004,3.201326592,20.531366592,24.660792,20.0,44.660792,True,0,31,False
7,11;24;36;38;41;56;72,56,8,20.298408,3.234881024,23.533289024,12.347712,20.0,43.533289024,True,0,31,True
8,11;24;36;38;41;56;72;102,64,0,23.288616,3.268435456,26.557051456,0.0,20.0,46.557051456,True,0,31,False
0,,0,64,0.0,0.0,0.0,98.534592,20.0,118.534592,True,0,32,False
1,10,8,56,2.461056,3.033554432,5.494610432,86.22276,20.0,106.22276,True,0,32,False
2,10;48,16,48,5.406336,3.067108864,8.473444864,73.909992,20.0,93.909992,True,0,32,False
3,10;48;76,24,40,8.421504,3.100663296,11.522167296,61.597224,20.0,81.597224,True,0,32,False
4,10;48;76;83,32,32,11.37396,3.134217728,14.508177728,49.28508,20.0,69.28508,True,0,32,False
5,10;48;76;83;85,40,24,14.41128,3.16777216,17.57905216,36.972624,20.0,56.972624,True,0,32,False
6,10;48;76;83;85;113,48,16,17.33004,3.201326592,20.531366592,24.660792,20.0,44.660792,True,0,32,False
7,10;48;76;83;85;113;118,56,8,20.298408,3.234881024,23.533289024,12.347712,20.0,43.533289024,True,0,32,True
8,10;48;76;78;83;85;113;118,63,1,23.276448,3.264241152,26.540689152,1.591512,20.0,46.540689152,True,0,32,False
9,10;48;74;76;78;83;85;113;118,64,0,26.303784,3.268435456,29.572219456,0.0,20.0,49.572219456,True,0,32,False
0,,0,64,0.0,0.0,0.0,98.534592,20.0,118.534592,True,0,33,False
1,4,8,56,2.461056,3.033554432,5.494610432,86.22276,20.0,106.22276,True,0,33,False
2,4;11,16,48,5.406336,3.067108864,8.473444864,73.909992,20.0,93.909992,True,0,33,False
3,4;11;15,24,40,8.421504,3.100663296,11.522167296,61.597224,20.0,81.597224,True,0,33,False
4,4;11;15;26,32,32,11.37396,3.134217728,14.508177728,49.28508,20.0,69.28508,True,0,33,False
5,4;11;15;26;53,40,24,14.41128,3.16777216,17.57905216,36.972624,20.0,56.972624,True,0,33,False
6,4;11;15;26;53;63,48,16,17.33004,3.201326592,20.531366592,24.660792,20.0,44.660792,True,0,33,False
7,4;11;15;26;53;63;107,56,8,20.298408,3.234881024,23.533289024,12.347712,20.0,43.533289024,True,0,33,True
8,4;11;13;15;26;53;63;107,62,2,23.24868,3.260046848,26.508726848,3.112512,20.0,46.508726848,True,0,33,False
9,4;11;13;15;26;34;53;63;107,64,0,26.303784,3.268435456,29.572219456,0.0,20.0,49.572219456,True,0,33,False
0,,0,64,0.0,0.0,0.0,98.534592,20.0,118.534592,True,0,34,False
1,28,8,56,2.461056,3.033554432,5.494610432,86.22276,20.0,106.22276,True,0,34,False
2,28;29,16,48,5.406336,3.067108864,8.473444864,73.909992,20.0,93.909992,True,0,34,False
3,28;29;75,24,40,8.421504,3.100663296,11.522167296,61.597224,20.0,81.597224,True,0,34,False
4,28;29;75;84,32,32,11.37396,3.134217728,14.508177728,49.28508,20.0,69.28508,True,0,34,False
5,28;29;75;84;92,40,24,14.41128,3.16777216,17.57905216,36.972624,20.0,56.972624,True,0,34,False
6,1;28;29;75;84;92,47,17,17.347512,3.197132288,20.544644288,26.217672,20.0,46.217672,True,0,34,False
7,1;22;28;29;75;84;92,54,10,20.251296,3.226492416,23.477788416,15.426216,20.0,43.477788416,True,0,34,True
8,1;5;22;28;29;75;84;92,60,4,23.221536,3.25165824,26.47319424,6.190392,20.0,46.47319424,True,0,34,False
9,1;5;22;28;29;42;75;84;92,63,1,26.291616,3.264241152,29.555857152,1.591512,20.0,49.555857152,True,0,34,False
10,1;5;22;28;29;42;75;81;84;92,64,0,29.249064,3.268435456,32.517499456,0.0,20.0,52.517499456,True,0,34,False
0,,0,64,0.0,0.0,0.0,98.534592,20.0,118.534592,True,0,35,False
1,28,8,56,2.461056,3.033554432,5.494610432,86.22276,20.0,106.22276,True,0,35,False
2,28;31,16,48,5.406336,3.067108864,8.473444864,73.909992,20.0,93.909992,True,0,35,False
3,28;31;77,24,40,8.421504,3.100663296,11.522167296,61.597224,20.0,81.597224,True,0,35,False
4,28;31;77;81,32,32,11.37396,3.134217728,14.508177728,49.28508,20.0,69.28508,True,0,35,False
5,28;31;77;81;104,40,24,14.41128,3.16777216,17.57905216,36.972624,20.0,56.972624,True,0,35,False
6,28;31;77;81;104;110,48,16,17.33004,3.201326592,20.531366592,24.660792,20.0,44.660792,True,0,35,False
7,28;31;77;81;104;110;120,56,8,20.298408,3.234881024,23.533289024,12.347712,20.0,43.533289024,True,0,35,True
8,15;28;31;77;81;104;110;120,60,4,23.221536,3.25165824,26.47319424,6.190392,20.0,46.47319424,True,0,35,False
9,15;28;31;62;77;81;104;110;120,64,0,26.303784,3.268435456,29.572219456,0.0,20.0,49.572219456,True,0,35,False
0,,0,64,0.0,0.0,0.0,98.534592,20.0,118.534592,True,0,36,False
1,11,8,56,2.461056,3.033554432,5.494610432,86.22276,20.0,106.22276,True,0,36,False
2,11;18,16,48,5.406336,3.067108864,8.473444864,73.909992,20.0,93.909992,True,0,36,False
3,11;18;28,24,40,8.421504,3.100663296,11.522167296,61.597224,20.0,81.597224,True,0,36,False
4,11;18;28;57,32,32,11.37396,3.134217728,14.508177728,49.28508,20.0,69.28508,True,0,36,False
5,11;18;28;57;62,40,24,14.41128,3.16777216,17.57905216,36.972624,20.0,56.972624,True,0,36,False
6,11;18;28;57;62;109,48,16,17.33004,3.201326592,20.531366592,24.660792,20.0,44.660792,True,0,36,False
7,11;18;28;57;62;109;125,56,8,20.298408,3.234881024,23.533289024,12.347712,20.0,43.533289024,True,0,36,True
8,11;18;28;57;62;106;109;125,62,2,23.24868,3.260046848,26.508726848,3.112512,20.0,46.508726848,True,0,36,False
9,11;18;20;28;57;62;106;109;125,64,0,26.303784,3.268435456,29.572219456,0.0,20.0,49.572219456,True,0,36,False
0,,0,64,0.0,0.0,0.0,98.534592,20.0,118.534592,True,0,37,False
1,27,8,56,2.461056,3.033554432,5.494610432,86.22276,20.0,106.22276,True,0,37,False
2,27;30,16,48,5.406336,3.067108864,8.473444864,73.909992,20.0,93.909992,True,0,37,False
3,27;30;34,24,40,8.421504,3.100663296,11.522167296,61.597224,20.0,81.597224,True,0,37,False
4,27;30;34;80,32,32,11.37396,3.134217728,14.508177728,49.28508,20.0,69.28508,True,0,37,False
5,27;30;34;80;86,40,24,14.41128,3.16777216,17.57905216,36.972624,20.0,56.972624,True,0,37,False
6,27;30;34;80;86;91,48,16,17.33004,3.201326592,20.531366592,24.660792,20.0,44.660792,True,0,37,False
7,27;30;34;80;86;91;110,56,8,20.298408,3.234881024,23.533289024,12.347712,20.0,43.533289024,True,0,37,True
8,27;30;34;80;86;91;110;124,64,0,23.288616,3.268435456,26.557051456,0.0,20.0,46.557051456,True,0,37,False
0,,0,64,0.0,0.0,0.0,98.534592,20.0,118.534592,True,0,38,False
1,2,8,56,2.461056,3.033554432,5.494610432,86.22276,20.0,106.22276,True,0,38,False
2,2;19,16,48,5.406336,3.067108864,8.473444864,73.909992,20.0,93.909992,True,0,38,False
3,2;19;91,24,40,8.421504,3.100663296,11.522167296,61.597224,20.0,81.597224,True,0,38,False
4,2;19;91;97,32,32,11.37396,3.134217728,14.508177728,49.28508,20.0,69.28508,True,0,38,False
5,2;19;91;97;109,40,24,14.41128,3.16777216,17.57905216,36.972624,20.0,56.972624,True,0,38,False
6,2;19;91;97;109;110,48,16,17.33004,3.201326592,20.531366592,24.660792,20.0,44.660792,True,0,38,False
7,2;19;91;97;109;110;113,56,8,20.298408,3.234881024,23.533289024,12.347712,20.0,43.533289024,True,0,38,True
8,2;19;91;97;109;110;113;121,64,0,23.288616,3.268435456,26.557051456,0.0,20.0,46.557051456,True,0,38,False
0,,0,64,0.0,0.0,0.0,98.534592,20.0,118.534592,True,0,39,False
1,14,8,56,2.461056,3.033554432,5.494610432,86.22276,20.0,106.22276,True,0,39,False
2,14;16,16,48,5.406336,3.067108864,8.473444864,73.909992,20.0,93.909992,True,0,39,False
3,14;16;48,24,40,8.421504,3.100663296,11.522167296,61.597224,20.0,81.597224,True,0,39,False
4,14;16;48;50,32,32,11.37396,3.134217728,14.508177728,49.28508,20.0,69.28508,True,0,39,False
5,14;16;48;50;84,40,24,14.41128,3.16777216,17.57905216,36.972624,20.0,56.972624,True,0,39,False
6,14;16;48;50;84;99,48,16,17.33004,3.201326592,20.531366592,24.660792,20.0,44.660792,True,0,39,False
7,14;16;48;50;84;99;118,56,8,20.298408,3.234881024,23.533289024,12.347712,20.0,43.533289024,True,0,39,True
8,14;16;48;50;84;88;99;118,62,2,23.24868,3.260046848,26.508726848,3.112512,20.0,46.508726848,True,0,39,False
9,14;16;48;50;84;88;99;112;118,64,0,26.303784,3.268435456,29.572219456,0.0,20.0,49.572219456,True,0,39,False
0,,0,64,0.0,0.0,0.0,98.534592,20.0,118.534592,True,0,40,False
1,4,8,56,2.461056,3.033554432,5.494610432,86.22276,20.0,106.22276,True,0,40,False
2,4;19,16,48,5.406336,3.067108864,8.473444864,73.909992,20.0,93.909992,True,0,40,False
3,4;19;34,24,40,8.421504,3.100663296,11.522167296,61.597224,20.0,81.597224,True,0,40,False
4,4;19;34;50,32,32,11.37396,3.134217728,14.508177728,49.28508,20.0,69.28508,True,0,40,False
5,4;19;34;50;53,40,24,14.41128,3.16777216,17.57905216,36.972624,20.0,56.972624,True,0,40,False
6,4;19;34;50;53;91,48,16,17.33004,3.201326592,20.531366592,24.660792,20.0,44.660792,True,0,40,False
7,4;19;34;50;53;91;98,56,8,20.298408,3.234881024,23.533289024,12.347712,20.0,43.533289024,True,0,40,True
8,4;19;34;46;50;53;91;98,61,3,23.247432,3.255852544,26.503284544,4.670016,20.0,46.503284544,True,0,40,False
9,4;19;34;46;50;53;91;97;98,64,0,26.303784,3.268435456,29.572219456,0.0,20.0,49.572219456,True,0,40,False
0,,0,64,0.0,0.0,0.0,98.534592,20.0,118.534592,True,0,41,False
1,80,8,56,2.461056,3.033554432,5.494610432,86.22276,20.0,106.22276,True,0,41,False
2,80;83,16,48,5.406336,3.067108864,8.473444864,73.909992,20.0,93.909992,True,0,41,False
3,80;83;100,24,40,8.421504,3.100663296,11.522167296,61.597224,20.0,81.597224,True,0,41,False
4,80;83;100;116,32,32,11.37396,3.134217728,14.508177728,49.28508,20.0,69.28508,True,0,41,False
5,80;83;100;116;123,40,24,14.41128,3.16777216,17.57905216,36.972624,20.0,56.972624,True,0,41,False
6,80;83;100;116;123;124,48,16,17.33004,3.201326592,20.531366592,24.660792,20.0,44.660792,True,0,41,False
7,30;80;83;100;116;123;124,54,10,20.251296,3.226492416,23.477788416,15.426216,20.0,43.477788416,True,0,41,True
8,30;37;80;83;100;116;123;124,60,4,23.221536,3.25165824,26.47319424,6.190392,20.0,46.47319424,True,0,41,False
9,30;37;51;80;83;100;116;123;124,62,2,26.263848,3.260046848,29.523894848,3.112512,20.0,49.523894848,True,0,41,False
10,30;37;51;61;80;83;100;116;123;124,64,0,29.249064,3.268435456,32.517499456,0.0,20.0,52.517499456,True,0,41,False
0,,0,64,0.0,0.0,0.0,98.534592,20.0,118.534592,True,0,42,False
1,21,8,56,2.461056,3.033554432,5.494610432,86.22276,20.0,106.22276,True,0,42,False
2,21;30,16,48,5.406336,3.067108864,8.473444864,73.909992,20.0,93.909992,True,0,42,False
3,21;30;43,24,40,8.421504,3.100663296,11.522167296,61.597224,20.0,81.597224,True,0,42,False
4,21;30;43;63,32,32,11.37396,3.134217728,14.508177728,49.28508,20.0,69.28508,True,0,42,False
5,21;30;43;63;66,40,24,14.41128,3.16777216,17.57905216,36.972624,20.0,56.972624,True,0,42,False
6,21;30;43;63;66;76,48,16,17.33004,3.201326592,20.531366592,24.660792,20.0,44.660792,True,0,42,False
7,21;30;43;63;66;76;88,56,8,20.298408,3.234881024,23.533289024,12.347712,20.0,43.533289024,True,0,42,True
8,21;30;43;63;66;76;88;119,64,0,23.288616,3.268435456,26.557051456,0.0,20.0,46.557051456,True,0,42,False
0,,0,64,0.0,0.0,0.0,98.534592,20.0,118.534592,True,0,43,False
1,11,8,56,2.461056,3.033554432,5.494610432,86.22276,20.0,106.22276,True,0,43,False
2,11;29,16,48,5.406336,3.067108864,8.473444864,73.909992,20.0,93.909992,True,0,43,False
3,11;29;32,24,40,8.421504,3.100663296,11.522167296,61.597224,20.0,81.597224,True,0,43,False
4,11;29;32;45,32,32,11.37396,3.134217728,14.508177728,49.28508,20.0,69.28508,True,0,43,False
5,11;29;32;45;91,40,24,14.41128,3.16777216,17.57905216,36.972624,20.0,56.972624,True,0,43,False
6,11;29;32;45;91;94,48,16,17.33004,3.201326592,20.531366592,24.660792,20.0,44.660792,True,0,43,False
7,11;29;32;45;91;94;98,56,8,20.298408,3.234881024,23.533289024,12.347712,20.0,43.533289024,True,0,43,True
8,10;11;29;32;45;91;94;98,59,5,23.189712,3.247463936,26.437175936,7.747896,20.0,46.437175936,True,0,43,False
9,10;11;29;32;45;86;91;94;98,62,2,26.263848,3.260046848,29.523894848,3.112512,20.0,49.523894848,True,0,43,False
10,10;11;29;32;37;45;86;91;94;98,64,0,29.249064,3.268435456,32.517499456,0.0,20.0,52.517499456,True,0,43,False
0,,0,64,0.0,0.0,0.0,98.534592,20.0,118.534592,True,0,44,False
1,15,8,56,2.461056,3.033554432,5.494610432,86.22276,20.0,106.22276,True,0,44,False
2,15;40,16,48,5.406336,3.067108864,8.473444864,73.909992,20.0,93.909992,True,0,44,False
3,15;40;63,24,40,8.421504,3.100663296,11.522167296,61.597224,20.0,81.597224,True,0,44,False
4,15;40;63;79,32,32,11.37396,3.134217728,14.508177728,49.28508,20.0,69.28508,True,0,44,False
5,15;40;63;79;96,40,24,14.41128,3.16777216,17.57905216,36.972624,20.0,56.972624,True,0,44,False
6,15;40;63;79;96;104,48,16,17.33004,3.201326592,20.531366592,24.660792,20.0,44.660792,True,0,44,False
7,15;40;63;79;96;104;108,56,8,20.298408,3.234881024,23.533289024,12.347712,20.0,43.533289024,True,0,44,True
8,15;40;63;79;96;104;108;112,64,0,23.288616,3.268435456,26.557051456,0.0,20.0,46.557051456,True,0,44,False
0,,0,64,0.0,0.0,0.0,98.534592,20.0,118.534592,True,0,45,False
1,1,8,56,2.461056,3.033554432,5.494610432,86.22276,20.0,106.22276,True,0,45,False
2,1;4,16,48,5.406336,3.067108864,8.473444864,73.909992,20.0,93.909992,True,0,45,False
3,1;4;7,24,40,8.421504,3.100663296,11.522167296,61.597224,20.0,81.597224,True,0,45,False
4,1;4;7;18,32,32,11.37396,3.134217728,14.508177728,49.28508,20.0,69.28508,True,0,45,False
5,1;4;7;18;53,40,24,14.41128,3.16777216,17.57905216,36.972624,20.0,56.972624,True,0,45,False
6,1;4;7;18;53;54,48,16,17.33004,3.201326592,20.531366592,24.660792,20.0,44.660792,True,0,45,False
7,1;4;7;18;53;54;73,56,8,20.298408,3.234881024,23.533289024,12.347712,20.0,43.533289024,True,0,45,True
8,1;4;7;18;53;54;73;89,64,0,23.288616,3.268435456,26.557051456,0.0,20.0,46.557051456,True,0,45,False
0,,0,64,0.0,0.0,0.0,98.534592,20.0,118.534592,True,0,46,False
1,4,8,56,2.461056,3.033554432,5.494610432,86.22276,20.0,106.22276,True,0,46,False
2,4;20,16,48,5.406336,3.067108864,8.473444864,73.909992,20.0,93.909992,True,0,46,False
3,4;20;40,24,40,8.421504,3.100663296,11.522167296,61.597224,20.0,81.597224,True,0,46,False
4,4;20;40;48,32,32,11.37396,3.134217728,14.508177728,49.28508,20.0,69.28508,True,0,46,False
5,4;20;40;48;102,40,24,14.41128,3.16777216,17.57905216,36.972624,20.0,56.972624,True,0,46,False
6,4;20;40;48;102;110,48,16,17.33004,3.201326592,20.531366592,24.660792,20.0,44.660792,True,0,46,False
7,4;20;40;48;102;110;119,56,8,20.298408,3.234881024,23.533289024,12.347712,20.0,43.533289024,True,0,46,True
8,4;20;21;40;48;102;110;119,61,3,23.247432,3.255852544,26.503284544,4.670016,20.0,46.503284544,True,0,46,False
9,4;20;21;40;48;76;102;110;119,63,1,26.291616,3.264241152,29.555857152,1.591512,20.0,49.555857152,True,0,46,False
10,4;20;21;40;48;64;76;102;110;119,64,0,29.249064,3.268435456,32.517499456,0.0,20.0,52.517499456,True,0,46,False
0,,0,64,0.0,0.0,0.0,98.534592,20.0,118.534592,True,0,47,False
1,7,8,56,2.461056,3.033554432,5.494610432,86.22276,20.0,106.22276,True,0,47,False
2,7;38,16,48,5.406336,3.067108864,8.473444864,73.909992,20.0,93.909992,True,0,47,False
3,7;38;46,24,40,8.421504,3.100663296,11.522167296,61.597224,20.0,81.597224,True,0,47,False
4,7;38;46;54,32,32,11.37396,3.134217728,14.508177728,49.28508,20.0,69.28508,True,0,47,False
5,7;38;46;54;58,40,24,14.41128,3.16777216,17.57905216,36.972624,20.0,56.972624,True,0,47,False
6,7;38;46;54;58;76,48,16,17.33004,3.201326592,20.531366592,24.660792,20.0,44.660792,True,0,47,False
7,7;38;46;54;58;76;110,56,8,20.298408,3.234881024,23.533289024,12.347712,20.0,43.533289024,True,0,47,True
8,7;38;46;54;58;71;76;110,60,4,23.221536,3.25165824,26.47319424,6.190392,20.0,46.47319424,True,0,47,False
9,7;38;46;54;58;71;76;79;110,64,0,26.303784,3.268435456,29.572219456,0.0,20.0,49.572219456,True,0,47,False
0,,0,64,0.0,0.0,0.0,98.534592,20.0,118.534592,True,1,0,False
1,64,8,56,2.461056,3.033554432,5.494610432,86.22276,20.0,106.22276,True,1,0,False
2,64;67,16,48,5.406336,3.067108864,8.473444864,73.909992,20.0,93.909992,True,1,0,False
3,64;67;77,24,40,8.421504,3.100663296,11.522167296,61.597224,20.0,81.597224,True,1,0,False
4,64;67;77;79,32,32,11.37396,3.134217728,14.508177728,49.28508,20.0,69.28508,True,1,0,False
5,64;67;77;79;86,40,24,14.41128,3.16777216,17.57905216,36.972624,20.0,56.972624,True,1,0,False
6,64;67;77;79;86;91,48,16,17.33004,3.201326592,20.531366592,24.660792,20.0,44.660792,True,1,0,False
7,64;67;77;79;86;91;105,56,8,20.298408,3.234881024,23.533289024,12.347712,20.0,43.533289024,True,1,0,True
8,64;67;77;79;86;91;105;112,64,0,23.288616,3.268435456,26.557051456,0.0,20.0,46.557051456,True,1,0,False
0,,0,64,0.0,0.0,0.0,98.534592,20.0,118.534592,True,1,1,False
1,8,8,56,2.461056,3.033554432,5.494610432,86.22276,20.0,106.22276,True,1,1,False
2,8;25,16,48,5.406336,3.067108864,8.473444864,73.909992,20.0,93.909992,True,1,1,False
3,8;25;68,24,40,8.421504,3.100663296,11.522167296,61.597224,20.0,81.597224,True,1,1,False
4,8;25;68;88,32,32,11.37396,3.134217728,14.508177728,49.28508,20.0,69.28508,True,1,1,False
5,8;25;68;88;90,40,24,14.41128,3.16777216,17.57905216,36.972624,20.0,56.972624,True,1,1,False
6,8;25;68;88;90;98,48,16,17.33004,3.201326592,20.531366592,24.660792,20.0,44.660792,True,1,1,False
7,8;25;68;88;90;98;101,56,8,20.298408,3.234881024,23.533289024,12.347712,20.0,43.533289024,True,1,1,True
8,8;25;68;88;90;98;101;114,64,0,23.288616,3.268435456,26.557051456,0.0,20.0,46.557051456,True,1,1,False
0,,0,64,0.0,0.0,0.0,98.534592,20.0,118.534592,True,1,2,False
1,6,8,56,2.461056,3.033554432,5.494610432,86.22276,20.0,106.22276,True,1,2,False
2,6;23,16,48,5.406336,3.067108864,8.473444864,73.909992,20.0,93.909992,True,1,2,False
3,6;23;44,24,40,8.421504,3.100663296,11.522167296,61.597224,20.0,81.597224,True,1,2,False
4,6;23;44;46,32,32,11.37396,3.134217728,14.508177728,49.28508,20.0,69.28508,True,1,2,False
5,6;23;44;46;56,40,24,14.41128,3.16777216,17.57905216,36.972624,20.0,56.972624,True,1,2,False
6,6;23;44;46;56;71,48,16,17.33004,3.201326592,20.531366592,24.660792,20.0,44.660792,True,1,2,False
7,6;23;44;46;56;71;72,56,8,20.298408,3.234881024,23.533289024,12.347712,20.0,43.533289024,True,1,2,True
8,6;23;44;46;56;71;72;94,64,0,23.288616,3.268435456,26.557051456,0.0,20.0,46.557051456,True,1,2,False
0,,0,64,0.0,0.0,0.0,98.534592,20.0,118.534592,True,1,3,False
1,3,8,56,2.461056,3.033554432,5.494610432,86.22276,20.0,106.22276,True,1,3,False
2,3;23,16,48,5.406336,3.067108864,8.473444864,73.909992,20.0,93.909992,True,1,3,False
3,3;23;29,24,40,8.421504,3.100663296,11.522167296,61.597224,20.0,81.597224,True,1,3,False
4,3;23;29;37,32,32,11.37396,3.134217728,14.508177728,49.28508,20.0,69.28508,True,1,3,False
5,3;23;29;37;42,40,24,14.41128,3.16777216,17.57905216,36.972624,20.0,56.972624,True,1,3,False
6,3;23;29;37;42;71,48,16,17.33004,3.201326592,20.531366592,24.660792,20.0,44.660792,True,1,3,False
7,3;23;29;37;42;71;99,56,8,20.298408,3.234881024,23.533289024,12.347712,20.0,43.533289024,True,1,3,True
8,3;23;29;37;42;56;71;99,62,2,23.24868,3.260046848,26.508726848,3.112512,20.0,46.508726848,True,1,3,False
9,3;23;29;37;42;56;71;99;114,64,0,26.303784,3.268435456,29.572219456,0.0,20.0,49.572219456,True,1,3,False
0,,0,64,0.0,0.0,0.0,98.534592,20.0,118.534592,True,1,4,False
1,12,8,56,2.461056,3.033554432,5.494610432,86.22276,20.0,106.22276,True,1,4,False
2,12;14,16,48,5.406336,3.067108864,8.473444864,73.909992,20.0,93.909992,True,1,4,False
3,12;14;19,24,40,8.421504,3.100663296,11.522167296,61.597224,20.0,81.597224,True,1,4,False
4,12;14;19;33,32,32,11.37396,3.134217728,14.508177728,49.28508,20.0,69.28508,True,1,4,False
5,12;14;19;33;108,40,24,14.41128,3.16777216,17.57905216,36.972624,20.0,56.972624,True,1,4,False
6,12;14;19;33;108;110,48,16,17.33004,3.201326592,20.531366592,24.660792,20.0,44.660792,True,1,4,False
7,12;14;19;33;108;110;121,56,8,20.298408,3.234881024,23.533289024,12.347712,20.0,43.533289024,True,1,4,True
8,12;14;19;33;108;110;121;127,64,0,23.288616,3.268435456,26.557051456,0.0,20.0,46.557051456,True,1,4,False
0,,0,64,0.0,0.0,0.0,98.534592,20.0,118.534592,True,1,5,False
1,4,8,56,2.461056,3.033554432,5.494610432,86.22276,20.0,106.22276,True,1,5,False
2,4;6,16,48,5.406336,3.067108864,8.473444864,73.909992,20.0,93.909992,True,1,5,False
3,4;6;12,24,40,8.421504,3.100663296,11.522167296,61.597224,20.0,81.597224,True,1,5,False
4,4;6;12;24,32,32,11.37396,3.134217728,14.508177728,49.28508,20.0,69.28508,True,1,5,False
5,4;6;12;24;63,40,24,14.41128,3.16777216,17.57905216,36.972624,20.0,56.972624,True,1,5,False
6,4;6;12;24;63;65,48,16,17.33004,3.201326592,20.531366592,24.660792,20.0,44.660792,True,1,5,False
7,4;6;12;24;63;65;73,56,8,20.298408,3.234881024,23.533289024,12.347712,20.0,43.533289024,True,1,5,True
8,4;6;12;24;63;65;73;104,64,0,23.288616,3.268435456,26.557051456,0.0,20.0,46.557051456,True,1,5,False
0,,0,64,0.0,0.0,0.0,98.534592,20.0,118.534592,True,1,6,False
1,33,8,56,2.461056,3.033554432,5.494610432,86.22276,20.0,106.22276,True,1,6,False
2,33;49,16,48,5.406336,3.067108864,8.473444864,73.909992,20.0,93.909992,True,1,6,False
3,33;49;58,24,40,8.421504,3.100663296,11.522167296,61.597224,20.0,81.597224,True,1,6,False
4,33;49;58;74,32,32,11.37396,3.134217728,14.508177728,49.28508,20.0,69.28508,True,1,6,False
5,33;49;58;74;82,40,24,14.41128,3.16777216,17.57905216,36.972624,20.0,56.972624,True,1,6,False
6,33;49;58;74;82;92,48,16,17.33004,3.201326592,20.531366592,24.660792,20.0,44.660792,True,1,6,False
7,33;49;58;74;82;92;112,56,8,20.298408,3.234881024,23.533289024,12.347712,20.0,43.533289024,True,1,6,True
8,33;49;58;74;82;92;112;121,64,0,23.288616,3.268435456,26.557051456,0.0,20.0,46.557051456,True,1,6,False
0,,0,64,0.0,0.0,0.0,98.534592,20.0,118.534592,True,1,7,False
1,15,8,56,2.461056,3.033554432,5.494610432,86.22276,20.0,106.22276,True,1,7,False
2,15;17,16,48,5.406336,3.067108864,8.473444864,73.909992,20.0,93.909992,True,1,7,False
3,15;17;19,24,40,8.421504,3.100663296,11.522167296,61.597224,20.0,81.597224,True,1,7,False
4,15;17;19;24,32,32,11.37396,3.134217728,14.508177728,49.28508,20.0,69.28508,True,1,7,False
5,15;17;19;24;36,40,24,14.41128,3.16777216,17.57905216,36.972624,20.0,56.972624,True,1,7,False
6,15;17;19;24;36;44,48,16,17.33004,3.201326592,20.531366592,24.660792,20.0,44.660792,True,1,7,False
7,15;17;19;24;36;44;63,56,8,20.298408,3.234881024,23.533289024,12.347712,20.0,43.533289024,True,1,7,True
8,15;17;19;24;36;44;63;114,64,0,23.288616,3.268435456,26.557051456,0.0,20.0,46.557051456,True,1,7,False
0,,0,64,0.0,0.0,0.0,98.534592,20.0,118.534592,True,1,8,False
1,23,8,56,2.461056,3.033554432,5.494610432,86.22276,20.0,106.22276,True,1,8,False
2,23;50,16,48,5.406336,3.067108864,8.473444864,73.909992,20.0,93.909992,True,1,8,False
3,23;50;54,24,40,8.421504,3.100663296,11.522167296,61.597224,20.0,81.597224,True,1,8,False
4,23;50;54;68,32,32,11.37396,3.134217728,14.508177728,49.28508,20.0,69.28508,True,1,8,False
5,23;50;54;68;76,40,24,14.41128,3.16777216,17.57905216,36.972624,20.0,56.972624,True,1,8,False
6,23;50;54;68;76;78,48,16,17.33004,3.201326592,20.531366592,24.660792,20.0,44.660792,True,1,8,False
7,23;50;54;68;76;78;100,56,8,20.298408,3.234881024,23.533289024,12.347712,20.0,43.533289024,True,1,8,True
8,23;50;54;68;76;78;100;124,64,0,23.288616,3.268435456,26.557051456,0.0,20.0,46.557051456,True,1,8,False
0,,0,64,0.0,0.0,0.0,98.534592,20.0,118.534592,True,1,9,False
1,0,8,56,2.461056,3.033554432,5.494610432,86.22276,20.0,106.22276,True,1,9,False
2,0;8,16,48,5.406336,3.067108864,8.473444864,73.909992,20.0,93.909992,True,1,9,False
3,0;8;13,24,40,8.421504,3.100663296,11.522167296,61.597224,20.0,81.597224,True,1,9,False
4,0;8;13;23,32,32,11.37396,3.134217728,14.508177728,49.28508,20.0,69.28508,True,1,9,False
5,0;8;13;23;82,40,24,14.41128,3.16777216,17.57905216,36.972624,20.0,56.972624,True,1,9,False
6,0;8;13;23;82;92,48,16,17.33004,3.201326592,20.531366592,24.660792,20.0,44.660792,True,1,9,False
7,0;8;13;23;82;92;95,56,8,20.298408,3.234881024,23.533289024,12.347712,20.0,43.533289024,True,1,9,True
8,0;8;13;23;82;92;95;107,64,0,23.288616,3.268435456,26.557051456,0.0,20.0,46.557051456,True,1,9,False
0,,0,64,0.0,0.0,0.0,98.534592,20.0,118.534592,True,1,10,False
1,1,8,56,2.461056,3.033554432,5.494610432,86.22276,20.0,106.22276,True,1,10,False
2,1;5,16,48,5.406336,3.067108864,8.473444864,73.909992,20.0,93.909992,True,1,10,False
3,1;5;6,24,40,8.421504,3.100663296,11.522167296,61.597224,20.0,81.597224,True,1,10,False
4,1;5;6;19,32,32,11.37396,3.134217728,14.508177728,49.28508,20.0,69.28508,True,1,10,False
5,1;5;6;19;48,40,24,14.41128,3.16777216,17.57905216,36.972624,20.0,56.972624,True,1,10,False
6,1;5;6;19;48;66,48,16,17.33004,3.201326592,20.531366592,24.660792,20.0,44.660792,True,1,10,False
7,1;5;6;19;48;66;92,56,8,20.298408,3.234881024,23.533289024,12.347712,20.0,43.533289024,True,1,10,True
8,1;5;6;19;48;66;92;98,64,0,23.288616,3.268435456,26.557051456,0.0,20.0,46.557051456,True,1,10,False
0,,0,64,0.0,0.0,0.0,98.534592,20.0,118.534592,True,1,11,False
1,14,8,56,2.461056,3.033554432,5.494610432,86.22276,20.0,106.22276,True,1,11,False
2,14;17,16,48,5.406336,3.067108864,8.473444864,73.909992,20.0,93.909992,True,1,11,False
3,14;17;48,24,40,8.421504,3.100663296,11.522167296,61.597224,20.0,81.597224,True,1,11,False
4,14;17;48;62,32,32,11.37396,3.134217728,14.508177728,49.28508,20.0,69.28508,True,1,11,False
5,14;17;48;62;81,40,24,14.41128,3.16777216,17.57905216,36.972624,20.0,56.972624,True,1,11,False
6,14;17;48;62;81;120,48,16,17.33004,3.201326592,20.531366592,24.660792,20.0,44.660792,True,1,11,False
7,14;17;48;62;81;120;121,56,8,20.298408,3.234881024,23.533289024,12.347712,20.0,43.533289024,True,1,11,True
8,14;17;22;48;62;81;120;121,60,4,23.221536,3.25165824,26.47319424,6.190392,20.0,46.47319424,True,1,11,False
9,14;17;22;48;54;62;81;120;121,64,0,26.303784,3.268435456,29.572219456,0.0,20.0,49.572219456,True,1,11,False
0,,0,64,0.0,0.0,0.0,98.534592,20.0,118.534592,True,1,12,False
1,11,8,56,2.461056,3.033554432,5.494610432,86.22276,20.0,106.22276,True,1,12,False
2,11;18,16,48,5.406336,3.067108864,8.473444864,73.909992,20.0,93.909992,True,1,12,False
3,11;18;19,24,40,8.421504,3.100663296,11.522167296,61.597224,20.0,81.597224,True,1,12,False
4,11;18;19;40,32,32,11.37396,3.134217728,14.508177728,49.28508,20.0,69.28508,True,1,12,False
5,11;18;19;40;41,40,24,14.41128,3.16777216,17.57905216,36.972624,20.0,56.972624,True,1,12,False
6,11;18;19;40;41;57,48,16,17.33004,3.201326592,20.531366592,24.660792,20.0,44.660792,True,1,12,False
7,11;18;19;40;41;49;57,55,9,20.309328,3.23068672,23.54001472,13.904904,20.0,43.54001472,True,1,12,True
8,11;18;19;28;40;41;49;57,61,3,23.247432,3.255852544,26.503284544,4.670016,20.0,46.503284544,True,1,12,False
9,11;18;19;27;28;40;41;49;57,64,0,26.303784,3.268435456,29.572219456,0.0,20.0,49.572219456,True,1,12,False
0,,0,64,0.0,0.0,0.0,98.534592,20.0,118.534592,True,1,13,False
1,1,8,56,2.461056,3.033554432,5.494610432,86.22276,20.0,106.22276,True,1,13,False
2,1;27,16,48,5.406336,3.067108864,8.473444864,73.909992,20.0,93.909992,True,1,13,False
3,1;27;34,24,40,8.421504,3.100663296,11.522167296,61.597224,20.0,81.597224,True,1,13,False
4,1;27;34;63,32,32,11.37396,3.134217728,14.508177728,49.28508,20.0,69.28508,True,1,13,False
5,1;27;34;63;91,40,24,14.41128,3.16777216,17.57905216,36.972624,20.0,56.972624,True,1,13,False
6,1;27;34;63;91;92,48,16,17.33004,3.201326592,20.531366592,24.660792,20.0,44.660792,True,1,13,False
7,1;27;34;63;91;92;104,56,8,20.298408,3.234881024,23.533289024,12.347712,20.0,43.533289024,True,1,13,True
8,1;27;34;63;91;92;104;117,64,0,23.288616,3.268435456,26.557051456,0.0,20.0,46.557051456,True,1,13,False
0,,0,64,0.0,0.0,0.0,98.534592,20.0,118.534592,True,1,14,False
1,2,8,56,2.461056,3.033554432,5.494610432,86.22276,20.0,106.22276,True,1,14,False
2,2;5,16,48,5.406336,3.067108864,8.473444864,73.909992,20.0,93.909992,True,1,14,False
3,2;5;14,24,40,8.421504,3.100663296,11.522167296,61.597224,20.0,81.597224,True,1,14,False
4,2;5;14;81,32,32,11.37396,3.134217728,14.508177728,49.28508,20.0,69.28508,True,1,14,False
5,2;5;14;81;102,40,24,14.41128,3.16777216,17.57905216,36.972624,20.0,56.972624,True,1,14,False
6,2;5;14;81;102;108,48,16,17.33004,3.201326592,20.531366592,24.660792,20.0,44.660792,True,1,14,False
7,2;5;14;81;102;108;109,56,8,20.298408,3.234881024,23.533289024,12.347712,20.0,43.533289024,True,1,14,True
8,2;5;14;81;102;108;109;113,64,0,23.288616,3.268435456,26.557051456,0.0,20.0,46.557051456,True,1,14,False
0,,0,64,0.0,0.0,0.0,98.534592,20.0,118.534592,True,1,15,False
1,2,8,56,2.461056,3.033554432,5.494610432,86.22276,20.0,106.22276,True,1,15,False
2,2;50,16,48,5.406336,3.067108864,8.473444864,73.909992,20.0,93.909992,True,1,15,False
3,2;50;51,24,40,8.421504,3.100663296,11.522167296,61.597224,20.0,81.597224,True,1,15,False
4,2;50;51;58,32,32,11.37396,3.134217728,14.508177728,49.28508,20.0,69.28508,True,1,15,False
5,2;50;51;58;64,40,24,14.41128,3.16777216,17.57905216,36.972624,20.0,56.972624,True,1,15,False
6,2;50;51;58;64;84,48,16,17.33004,3.201326592,20.531366592,24.660792,20.0,44.660792,True,1,15,False
7,2;50;51;58;64;84;125,56,8,20.298408,3.234881024,23.533289024,12.347712,20.0,43.533289024,True,1,15,True
8,2;50;51;58;64;84;125;127,64,0,23.288616,3.268435456,26.557051456,0.0,20.0,46.557051456,True,1,15,False
0,,0,64,0.0,0.0,0.0,98.534592,20.0,118.534592,True,1,16,False
1,42,8,56,2.461056,3.033554432,5.494610432,86.22276,20.0,106.22276,True,1,16,False
2,42;48,16,48,5.406336,3.067108864,8.473444864,73.909992,20.0,93.909992,True,1,16,False
3,42;48;62,24,40,8.421504,3.100663296,11.522167296,61.597224,20.0,81.597224,True,1,16,False
4,42;48;62;94,32,32,11.37396,3.134217728,14.508177728,49.28508,20.0,69.28508,True,1,16,False
5,42;48;62;94;97,40,24,14.41128,3.16777216,17.57905216,36.972624,20.0,56.972624,True,1,16,False
6,42;48;62;94;97;98,48,16,17.33004,3.201326592,20.531366592,24.660792,20.0,44.660792,True,1,16,False
7,42;48;62;94;97;98;107,56,8,20.298408,3.234881024,23.533289024,12.347712,20.0,43.533289024,True,1,16,True
8,42;48;62;94;97;98;107;122,64,0,23.288616,3.268435456,26.557051456,0.0,20.0,46.557051456,True,1,16,False
0,,0,64,0.0,0.0,0.0,98.534592,20.0,118.534592,True,1,17,False
1,73,8,56,2.461056,3.033554432,5.494610432,86.22276,20.0,106.22276,True,1,17,False
2,73;80,16,48,5.406336,3.067108864,8.473444864,73.909992,20.0,93.909992,True,1,17,False
3,73;80;82,24,40,8.421504,3.100663296,11.522167296,61.597224,20.0,81.597224,True,1,17,False
4,73;80;82;94,32,32,11.37396,3.134217728,14.508177728,49.28508,20.0,69.28508,True,1,17,False
5,73;80;82;94;116,40,24,14.41128,3.16777216,17.57905216,36.972624,20.0,56.972624,True,1,17,False
6,73;80;82;94;116;122,48,16,17.33004,3.201326592,20.531366592,24.660792,20.0,44.660792,True,1,17,False
7,73;80;82;94;116;122;123,56,8,20.298408,3.234881024,23.533289024,12.347712,20.0,43.533289024,True,1,17,True
8,73;80;82;94;116;122;123;124,64,0,23.288616,3.268435456,26.557051456,0.0,20.0,46.557051456,True,1,17,False
0,,0,64,0.0,0.0,0.0,98.534592,20.0,118.534592,True,1,18,False
1,20,8,56,2.461056,3.033554432,5.494610432,86.22276,20.0,106.22276,True,1,18,False
2,20;32,16,48,5.406336,3.067108864,8.473444864,73.909992,20.0,93.909992,True,1,18,False
3,20;32;58,24,40,8.421504,3.100663296,11.522167296,61.597224,20.0,81.597224,True,1,18,False
4,20;32;58;74,32,32,11.37396,3.134217728,14.508177728,49.28508,20.0,69.28508,True,1,18,False
5,20;32;58;74;82,40,24,14.41128,3.16777216,17.57905216,36.972624,20.0,56.972624,True,1,18,False
6,20;32;58;74;82;87,48,16,17.33004,3.201326592,20.531366592,24.660792,20.0,44.660792,True,1,18,False
7,20;32;58;74;82;87;91,56,8,20.298408,3.234881024,23.533289024,12.347712,20.0,43.533289024,True,1,18,True
8,20;32;58;74;82;87;91;112,64,0,23.288616,3.268435456,26.557051456,0.0,20.0,46.557051456,True,1,18,False
0,,0,64,0.0,0.0,0.0,98.534592,20.0,118.534592,True,1,19,False
1,24,8,56,2.461056,3.033554432,5.494610432,86.22276,20.0,106.22276,True,1,19,False
2,24;29,16,48,5.406336,3.067108864,8.473444864,73.909992,20.0,93.909992,True,1,19,False
3,24;29;44,24,40,8.421504,3.100663296,11.522167296,61.597224,20.0,81.597224,True,1,19,False
4,24;29;44;52,32,32,11.37396,3.134217728,14.508177728,49.28508,20.0,69.28508,True,1,19,False
5,24;29;44;52;56,40,24,14.41128,3.16777216,17.57905216,36.972624,20.0,56.972624,True,1,19,False
6,24;29;44;52;56;63,48,16,17.33004,3.201326592,20.531366592,24.660792,20.0,44.660792,True,1,19,False
7,24;29;44;52;56;63;92,56,8,20.298408,3.234881024,23.533289024,12.347712,20.0,43.533289024,True,1,19,True
8,24;29;44;52;56;63;92;119,64,0,23.288616,3.268435456,26.557051456,0.0,20.0,46.557051456,True,1,19,False
0,,0,64,0.0,0.0,0.0,98.534592,20.0,118.534592,True,1,20,False
1,0,8,56,2.461056,3.033554432,5.494610432,86.22276,20.0,106.22276,True,1,20,False
2,0;69,16,48,5.406336,3.067108864,8.473444864,73.909992,20.0,93.909992,True,1,20,False
3,0;69;76,24,40,8.421504,3.100663296,11.522167296,61.597224,20.0,81.597224,True,1,20,False
4,0;69;76;85,32,32,11.37396,3.134217728,14.508177728,49.28508,20.0,69.28508,True,1,20,False
5,0;69;76;85;92,40,24,14.41128,3.16777216,17.57905216,36.972624,20.0,56.972624,True,1,20,False
6,0;69;76;85;92;114,48,16,17.33004,3.201326592,20.531366592,24.660792,20.0,44.660792,True,1,20,False
7,0;69;76;85;92;114;124,56,8,20.298408,3.234881024,23.533289024,12.347712,20.0,43.533289024,True,1,20,True
8,0;68;69;76;85;92;114;124,61,3,23.247432,3.255852544,26.503284544,4.670016,20.0,46.503284544,True,1,20,False
9,0;45;68;69;76;85;92;114;124,64,0,26.303784,3.268435456,29.572219456,0.0,20.0,49.572219456,True,1,20,False
0,,0,64,0.0,0.0,0.0,98.534592,20.0,118.534592,True,1,21,False
1,0,8,56,2.461056,3.033554432,5.494610432,86.22276,20.0,106.22276,True,1,21,False
2,0;2,16,48,5.406336,3.067108864,8.473444864,73.909992,20.0,93.909992,True,1,21,False
3,0;2;6,24,40,8.421504,3.100663296,11.522167296,61.597224,20.0,81.597224,True,1,21,False
4,0;2;6;8,32,32,11.37396,3.134217728,14.508177728,49.28508,20.0,69.28508,True,1,21,False
5,0;2;6;8;13,40,24,14.41128,3.16777216,17.57905216,36.972624,20.0,56.972624,True,1,21,False
6,0;2;6;8;13;63,48,16,17.33004,3.201326592,20.531366592,24.660792,20.0,44.660792,True,1,21,False
7,0;2;6;8;13;63;92,56,8,20.298408,3.234881024,23.533289024,12.347712,20.0,43.533289024,True,1,21,True
8,0;2;6;8;13;63;92;107,64,0,23.288616,3.268435456,26.557051456,0.0,20.0,46.557051456,True,1,21,False
0,,0,64,0.0,0.0,0.0,98.534592,20.0,118.534592,True,1,22,False
1,1,8,56,2.461056,3.033554432,5.494610432,86.22276,20.0,106.22276,True,1,22,False
2,1;6,16,48,5.406336,3.067108864,8.473444864,73.909992,20.0,93.909992,True,1,22,False
3,1;6;12,24,40,8.421504,3.100663296,11.522167296,61.597224,20.0,81.597224,True,1,22,False
4,1;6;12;31,32,32,11.37396,3.134217728,14.508177728,49.28508,20.0,69.28508,True,1,22,False
5,1;6;12;31;36,40,24,14.41128,3.16777216,17.57905216,36.972624,20.0,56.972624,True,1,22,False
6,1;6;12;31;36;48,48,16,17.33004,3.201326592,20.531366592,24.660792,20.0,44.660792,True,1,22,False
7,1;6;12;31;36;48;71,56,8,20.298408,3.234881024,23.533289024,12.347712,20.0,43.533289024,True,1,22,True
8,1;6;12;31;36;48;71;92,64,0,23.288616,3.268435456,26.557051456,0.0,20.0,46.557051456,True,1,22,False
0,,0,64,0.0,0.0,0.0,98.534592,20.0,118.534592,True,1,23,False
1,4,8,56,2.461056,3.033554432,5.494610432,86.22276,20.0,106.22276,True,1,23,False
2,4;31,16,48,5.406336,3.067108864,8.473444864,73.909992,20.0,93.909992,True,1,23,False
3,4;31;48,24,40,8.421504,3.100663296,11.522167296,61.597224,20.0,81.597224,True,1,23,False
4,4;31;48;62,32,32,11.37396,3.134217728,14.508177728,49.28508,20.0,69.28508,True,1,23,False
5,4;31;48;62;65,40,24,14.41128,3.16777216,17.57905216,36.972624,20.0,56.972624,True,1,23,False
6,4;31;48;62;65;81,48,16,17.33004,3.201326592,20.531366592,24.660792,20.0,44.660792,True,1,23,False
7,4;31;48;62;65;81;120,56,8,20.298408,3.234881024,23.533289024,12.347712,20.0,43.533289024,True,1,23,True
8,4;31;48;62;65;81;120;121,64,0,23.288616,3.268435456,26.557051456,0.0,20.0,46.557051456,True,1,23,False
0,,0,64,0.0,0.0,0.0,98.534592,20.0,118.534592,True,1,24,False
1,11,8,56,2.461056,3.033554432,5.494610432,86.22276,20.0,106.22276,True,1,24,False
2,11;18,16,48,5.406336,3.067108864,8.473444864,73.909992,20.0,93.909992,True,1,24,False
3,11;18;19,24,40,8.421504,3.100663296,11.522167296,61.597224,20.0,81.597224,True,1,24,False
4,11;18;19;20,32,32,11.37396,3.134217728,14.508177728,49.28508,20.0,69.28508,True,1,24,False
5,11;18;19;20;28,40,24,14.41128,3.16777216,17.57905216,36.972624,20.0,56.972624,True,1,24,False
6,11;18;19;20;28;57,48,16,17.33004,3.201326592,20.531366592,24.660792,20.0,44.660792,True,1,24,False
7,11;18;19;20;28;57;59,56,8,20.298408,3.234881024,23.533289024,12.347712,20.0,43.533289024,True,1,24,True
8,11;18;19;20;28;57;59;108,64,0,23.288616,3.268435456,26.557051456,0.0,20.0,46.557051456,True,1,24,False
0,,0,64,0.0,0.0,0.0,98.534592,20.0,118.534592,True,1,25,False
1,1,8,56,2.461056,3.033554432,5.494610432,86.22276,20.0,106.22276,True,1,25,False
2,1;13,16,48,5.406336,3.067108864,8.473444864,73.909992,20.0,93.909992,True,1,25,False
3,1;13;34,24,40,8.421504,3.100663296,11.522167296,61.597224,20.0,81.597224,True,1,25,False
4,1;13;34;74,32,32,11.37396,3.134217728,14.508177728,49.28508,20.0,69.28508,True,1,25,False
5,1;13;34;74;91,40,24,14.41128,3.16777216,17.57905216,36.972624,20.0,56.972624,True,1,25,False
6,1;13;34;74;91;110,48,16,17.33004,3.201326592,20.531366592,24.660792,20.0,44.660792,True,1,25,False
7,1;13;34;74;91;110;119,56,8,20.298408,3.234881024,23.533289024,12.347712,20.0,43.533289024,True,1,25,True
8,1;13;34;74;91;110;119;124,64,0,23.288616,3.268435456,26.557051456,0.0,20.0,46.557051456,True,1,25,False
0,,0,64,0.0,0.0,0.0,98.534592,20.0,118.534592,True,1,26,False
1,2,8,56,2.461056,3.033554432,5.494610432,86.22276,20.0,106.22276,True,1,26,False
2,2;31,16,48,5.406336,3.067108864,8.473444864,73.909992,20.0,93.909992,True,1,26,False
3,2;31;72,24,40,8.421504,3.100663296,11.522167296,61.597224,20.0,81.597224,True,1,26,False
4,2;31;72;81,32,32,11.37396,3.134217728,14.508177728,49.28508,20.0,69.28508,True,1,26,False
5,2;31;72;81;83,40,24,14.41128,3.16777216,17.57905216,36.972624,20.0,56.972624,True,1,26,False
6,2;31;72;81;83;91,48,16,17.33004,3.201326592,20.531366592,24.660792,20.0,44.660792,True,1,26,False
7,2;31;72;81;83;91;109,56,8,20.298408,3.234881024,23.533289024,12.347712,20.0,43.533289024,True,1,26,True
8,2;31;72;81;83;91;109;113,64,0,23.288616,3.268435456,26.557051456,0.0,20.0,46.557051456,True,1,26,False
0,,0,64,0.0,0.0,0.0,98.534592,20.0,118.534592,True,1,27,False
1,21,8,56,2.461056,3.033554432,5.494610432,86.22276,20.0,106.22276,True,1,27,False
2,21;26,16,48,5.406336,3.067108864,8.473444864,73.909992,20.0,93.909992,True,1,27,False
3,21;26;27,24,40,8.421504,3.100663296,11.522167296,61.597224,20.0,81.597224,True,1,27,False
4,21;26;27;51,32,32,11.37396,3.134217728,14.508177728,49.28508,20.0,69.28508,True,1,27,False
5,21;26;27;51;64,40,24,14.41128,3.16777216,17.57905216,36.972624,20.0,56.972624,True,1,27,False
6,21;26;27;51;64;84,48,16,17.33004,3.201326592,20.531366592,24.660792,20.0,44.660792,True,1,27,False
7,21;26;27;51;64;84;118,56,8,20.298408,3.234881024,23.533289024,12.347712,20.0,43.533289024,True,1,27,True
8,15;21;26;27;51;64;84;118,62,2,23.24868,3.260046848,26.508726848,3.112512,20.0,46.508726848,True,1,27,False
9,15;21;26;27;51;63;64;84;118,64,0,26.303784,3.268435456,29.572219456,0.0,20.0,49.572219456,True,1,27,False
0,,0,64,0.0,0.0,0.0,98.534592,20.0,118.534592,True,1,28,False
1,27,8,56,2.461056,3.033554432,5.494610432,86.22276,20.0,106.22276,True,1,28,False
2,27;42,16,48,5.406336,3.067108864,8.473444864,73.909992,20.0,93.909992,True,1,28,False
3,27;42;70,24,40,8.421504,3.100663296,11.522167296,61.597224,20.0,81.597224,True,1,28,False
4,27;42;70;91,32,32,11.37396,3.134217728,14.508177728,49.28508,20.0,69.28508,True,1,28,False
5,27;42;70;91;98,40,24,14.41128,3.16777216,17.57905216,36.972624,20.0,56.972624,True,1,28,False
6,27;42;70;91;98;107,48,16,17.33004,3.201326592,20.531366592,24.660792,20.0,44.660792,True,1,28,False
7,27;42;70;91;98;107;122,56,8,20.298408,3.234881024,23.533289024,12.347712,20.0,43.533289024,True,1,28,True
8,27;34;42;70;91;98;107;122,60,4,23.221536,3.25165824,26.47319424,6.190392,20.0,46.47319424,True,1,28,False
9,27;34;42;53;70;91;98;107;122,64,0,26.303784,3.268435456,29.572219456,0.0,20.0,49.572219456,True,1,28,False
0,,0,64,0.0,0.0,0.0,98.534592,20.0,118.534592,True,1,29,False
1,13,8,56,2.461056,3.033554432,5.494610432,86.22276,20.0,106.22276,True,1,29,False
2,13;37,16,48,5.406336,3.067108864,8.473444864,73.909992,20.0,93.909992,True,1,29,False
3,13;37;94,24,40,8.421504,3.100663296,11.522167296,61.597224,20.0,81.597224,True,1,29,False
4,13;37;94;95,32,32,11.37396,3.134217728,14.508177728,49.28508,20.0,69.28508,True,1,29,False
5,13;37;94;95;120,40,24,14.41128,3.16777216,17.57905216,36.972624,20.0,56.972624,True,1,29,False
6,13;37;94;95;120;124,48,16,17.33004,3.201326592,20.531366592,24.660792,20.0,44.660792,True,1,29,False
7,13;37;60;94;95;120;124,54,10,20.251296,3.226492416,23.477788416,15.426216,20.0,43.477788416,True,1,29,True
8,13;37;40;60;94;95;120;124,58,6,23.228712,3.243269632,26.471981632,9.268896,20.0,46.471981632,True,1,29,False
9,13;37;40;60;70;94;95;120;124,62,2,26.263848,3.260046848,29.523894848,3.112512,20.0,49.523894848,True,1,29,False
10,13;37;40;51;60;70;94;95;120;124,64,0,29.249064,3.268435456,32.517499456,0.0,20.0,52.517499456,True,1,29,False
0,,0,64,0.0,0.0,0.0,98.534592,20.0,118.534592,True,1,30,False
1,0,8,56,2.461056,3.033554432,5.494610432,86.22276,20.0,106.22276,True,1,30,False
2,0;6,16,48,5.406336,3.067108864,8.473444864,73.909992,20.0,93.909992,True,1,30,False
3,0;6;58,24,40,8.421504,3.100663296,11.522167296,61.597224,20.0,81.597224,True,1,30,False
4,0;6;58;82,32,32,11.37396,3.134217728,14.508177728,49.28508,20.0,69.28508,True,1,30,False
5,0;6;58;82;98,40,24,14.41128,3.16777216,17.57905216,36.972624,20.0,56.972624,True,1,30,False
6,0;6;58;82;98;104,48,16,17.33004,3.201326592,20.531366592,24.660792,20.0,44.660792,True,1,30,False
7,0;6;58;82;91;98;104,53,11,20.277504,3.222298112,23.499802112,16.983096,20.0,43.499802112,True,1,30,True
8,0;6;39;58;82;91;98;104,57,7,23.186592,3.239075328,26.425667328,10.827336,20.0,46.425667328,True,1,30,False
9,0;6;39;55;58;82;91;98;104,61,3,26.2626,3.255852544,29.518452544,4.670016,20.0,49.518452544,True,1,30,False
10,0;6;39;55;58;82;91;94;98;104,64,0,29.249064,3.268435456,32.517499456,0.0,20.0,52.517499456,True,1,30,False
0,,0,64,0.0,0.0,0.0,98.534592,20.0,118.534592,True,1,31,False
1,17,8,56,2.461056,3.033554432,5.494610432,86.22276,20.0,106.22276,True,1,31,False
2,17;28,16,48,5.406336,3.067108864,8.473444864,73.909992,20.0,93.909992,True,1,31,False
3,17;28;36,24,40,8.421504,3.100663296,11.522167296,61.597224,20.0,81.597224,True,1,31,False
4,17;28;36;44,32,32,11.37396,3.134217728,14.508177728,49.28508,20.0,69.28508,True,1,31,False
5,17;28;36;44;63,40,24,14.41128,3.16777216,17.57905216,36.972624,20.0,56.972624,True,1,31,False
6,17;28;36;44;63;102,48,16,17.33004,3.201326592,20.531366592,24.660792,20.0,44.660792,True,1,31,False
7,17;28;36;44;63;102;115,56,8,20.298408,3.234881024,23.533289024,12.347712,20.0,43.533289024,True,1,31,True
8,17;24;28;36;44;63;102;115,61,3,23.247432,3.255852544,26.503284544,4.670016,20.0,46.503284544,True,1,31,False
9,11;17;24;28;36;44;63;102;115,64,0,26.303784,3.268435456,29.572219456,0.0,20.0,49.572219456,True,1,31,False
0,,0,64,0.0,0.0,0.0,98.534592,20.0,118.534592,True,1,32,False
1,0,8,56,2.461056,3.033554432,5.494610432,86.22276,20.0,106.22276,True,1,32,False
2,0;4,16,48,5.406336,3.067108864,8.473444864,73.909992,20.0,93.909992,True,1,32,False
3,0;4;10,24,40,8.421504,3.100663296,11.522167296,61.597224,20.0,81.597224,True,1,32,False
4,0;4;10;69,32,32,11.37396,3.134217728,14.508177728,49.28508,20.0,69.28508,True,1,32,False
5,0;4;10;69;85,40,24,14.41128,3.16777216,17.57905216,36.972624,20.0,56.972624,True,1,32,False
6,0;4;10;69;85;90,48,16,17.33004,3.201326592,20.531366592,24.660792,20.0,44.660792,True,1,32,False
7,0;4;10;69;85;90;124,56,8,20.298408,3.234881024,23.533289024,12.347712,20.0,43.533289024,True,1,32,True
8,0;4;10;48;69;85;90;124,60,4,23.221536,3.25165824,26.47319424,6.190392,20.0,46.47319424,True,1,32,False
9,0;4;10;48;69;72;85;90;124,64,0,26.303784,3.268435456,29.572219456,0.0,20.0,49.572219456,True,1,32,False
0,,0,64,0.0,0.0,0.0,98.534592,20.0,118.534592,True,1,33,False
1,8,8,56,2.461056,3.033554432,5.494610432,86.22276,20.0,106.22276,True,1,33,False
2,8;13,16,48,5.406336,3.067108864,8.473444864,73.909992,20.0,93.909992,True,1,33,False
3,8;13;26,24,40,8.421504,3.100663296,11.522167296,61.597224,20.0,81.597224,True,1,33,False
4,8;13;26;63,32,32,11.37396,3.134217728,14.508177728,49.28508,20.0,69.28508,True,1,33,False
5,8;13;26;63;107,40,24,14.41128,3.16777216,17.57905216,36.972624,20.0,56.972624,True,1,33,False
6,8;13;26;63;107;124,48,16,17.33004,3.201326592,20.531366592,24.660792,20.0,44.660792,True,1,33,False
7,8;13;26;38;63;107;124,55,9,20.309328,3.23068672,23.54001472,13.904904,20.0,43.54001472,True,1,33,True
8,8;13;15;26;38;63;107;124,59,5,23.189712,3.247463936,26.437175936,7.747896,20.0,46.437175936,True,1,33,False
9,8;13;15;26;38;56;63;107;124,62,2,26.263848,3.260046848,29.523894848,3.112512,20.0,49.523894848,True,1,33,False
10,2;8;13;15;26;38;56;63;107;124,64,0,29.249064,3.268435456,32.517499456,0.0,20.0,52.517499456,True,1,33,False
0,,0,64,0.0,0.0,0.0,98.534592,20.0,118.534592,True,1,34,False
1,1,8,56,2.461056,3.033554432,5.494610432,86.22276,20.0,106.22276,True,1,34,False
2,1;5,16,48,5.406336,3.067108864,8.473444864,73.909992,20.0,93.909992,True,1,34,False
3,1;5;22,24,40,8.421504,3.100663296,11.522167296,61.597224,20.0,81.597224,True,1,34,False
4,1;5;22;42,32,32,11.37396,3.134217728,14.508177728,49.28508,20.0,69.28508,True,1,34,False
5,1;5;22;42;75,40,24,14.41128,3.16777216,17.57905216,36.972624,20.0,56.972624,True,1,34,False
6,1;5;22;42;75;92,48,16,17.33004,3.201326592,20.531366592,24.660792,20.0,44.660792,True,1,34,False
7,1;5;22;42;75;89;92,55,9,20.309328,3.23068672,23.54001472,13.904904,20.0,43.54001472,True,1,34,True
8,1;5;8;22;42;75;89;92,59,5,23.189712,3.247463936,26.437175936,7.747896,20.0,46.437175936,True,1,34,False
9,1;5;8;22;29;42;75;89;92,62,2,26.263848,3.260046848,29.523894848,3.112512,20.0,49.523894848,True,1,34,False
10,1;5;8;10;22;29;42;75;89;92,64,0,29.249064,3.268435456,32.517499456,0.0,20.0,52.517499456,True,1,34,False
0,,0,64,0.0,0.0,0.0,98.534592,20.0,118.534592,True,1,35,False
1,17,8,56,2.461056,3.033554432,5.494610432,86.22276,20.0,106.22276,True,1,35,False
2,17;48,16,48,5.406336,3.067108864,8.473444864,73.909992,20.0,93.909992,True,1,35,False
3,17;48;51,24,40,8.421504,3.100663296,11.522167296,61.597224,20.0,81.597224,True,1,35,False
4,17;48;51;62,32,32,11.37396,3.134217728,14.508177728,49.28508,20.0,69.28508,True,1,35,False
5,17;48;51;62;81,40,24,14.41128,3.16777216,17.57905216,36.972624,20.0,56.972624,True,1,35,False
6,17;48;51;62;81;110,48,16,17.33004,3.201326592,20.531366592,24.660792,20.0,44.660792,True,1,35,False
7,17;48;51;62;81;110;120,56,8,20.298408,3.234881024,23.533289024,12.347712,20.0,43.533289024,True,1,35,True
8,17;28;48;51;62;81;110;120,60,4,23.221536,3.25165824,26.47319424,6.190392,20.0,46.47319424,True,1,35,False
9,17;28;48;51;62;65;81;110;120,64,0,26.303784,3.268435456,29.572219456,0.0,20.0,49.572219456,True,1,35,False
0,,0,64,0.0,0.0,0.0,98.534592,20.0,118.534592,True,1,36,False
1,11,8,56,2.461056,3.033554432,5.494610432,86.22276,20.0,106.22276,True,1,36,False
2,11;18,16,48,5.406336,3.067108864,8.473444864,73.909992,20.0,93.909992,True,1,36,False
3,11;18;19,24,40,8.421504,3.100663296,11.522167296,61.597224,20.0,81.597224,True,1,36,False
4,11;18;19;20,32,32,11.37396,3.134217728,14.508177728,49.28508,20.0,69.28508,True,1,36,False
5,11;18;19;20;28,40,24,14.41128,3.16777216,17.57905216,36.972624,20.0,56.972624,True,1,36,False
6,11;18;19;20;28;57,48,16,17.33004,3.201326592,20.531366592,24.660792,20.0,44.660792,True,1,36,False
7,11;18;19;20;28;57;59,56,8,20.298408,3.234881024,23.533289024,12.347712,20.0,43.533289024,True,1,36,True
8,11;18;19;20;28;57;59;62,64,0,23.288616,3.268435456,26.557051456,0.0,20.0,46.557051456,True,1,36,False
0,,0,64,0.0,0.0,0.0,98.534592,20.0,118.534592,True,1,37,False
1,1,8,56,2.461056,3.033554432,5.494610432,86.22276,20.0,106.22276,True,1,37,False
2,1;27,16,48,5.406336,3.067108864,8.473444864,73.909992,20.0,93.909992,True,1,37,False
3,1;27;34,24,40,8.421504,3.100663296,11.522167296,61.597224,20.0,81.597224,True,1,37,False
4,1;27;34;86,32,32,11.37396,3.134217728,14.508177728,49.28508,20.0,69.28508,True,1,37,False
5,1;27;34;86;91,40,24,14.41128,3.16777216,17.57905216,36.972624,20.0,56.972624,True,1,37,False
6,1;27;34;86;91;110,48,16,17.33004,3.201326592,20.531366592,24.660792,20.0,44.660792,True,1,37,False
7,1;27;34;86;91;110;119,56,8,20.298408,3.234881024,23.533289024,12.347712,20.0,43.533289024,True,1,37,True
8,1;27;34;86;91;110;119;124,64,0,23.288616,3.268435456,26.557051456,0.0,20.0,46.557051456,True,1,37,False
0,,0,64,0.0,0.0,0.0,98.534592,20.0,118.534592,True,1,38,False
1,2,8,56,2.461056,3.033554432,5.494610432,86.22276,20.0,106.22276,True,1,38,False
2,2;31,16,48,5.406336,3.067108864,8.473444864,73.909992,20.0,93.909992,True,1,38,False
3,2;31;81,24,40,8.421504,3.100663296,11.522167296,61.597224,20.0,81.597224,True,1,38,False
4,2;31;81;91,32,32,11.37396,3.134217728,14.508177728,49.28508,20.0,69.28508,True,1,38,False
5,2;31;81;91;102,40,24,14.41128,3.16777216,17.57905216,36.972624,20.0,56.972624,True,1,38,False
6,2;31;81;91;102;108,48,16,17.33004,3.201326592,20.531366592,24.660792,20.0,44.660792,True,1,38,False
7,2;31;81;91;102;108;110,56,8,20.298408,3.234881024,23.533289024,12.347712,20.0,43.533289024,True,1,38,True
8,2;31;81;91;102;108;110;113,64,0,23.288616,3.268435456,26.557051456,0.0,20.0,46.557051456,True,1,38,False
0,,0,64,0.0,0.0,0.0,98.534592,20.0,118.534592,True,1,39,False
1,5,8,56,2.461056,3.033554432,5.494610432,86.22276,20.0,106.22276,True,1,39,False
2,5;14,16,48,5.406336,3.067108864,8.473444864,73.909992,20.0,93.909992,True,1,39,False
3,5;14;16,24,40,8.421504,3.100663296,11.522167296,61.597224,20.0,81.597224,True,1,39,False
4,5;14;16;48,32,32,11.37396,3.134217728,14.508177728,49.28508,20.0,69.28508,True,1,39,False
5,5;14;16;48;51,40,24,14.41128,3.16777216,17.57905216,36.972624,20.0,56.972624,True,1,39,False
6,5;14;16;48;51;84,48,16,17.33004,3.201326592,20.531366592,24.660792,20.0,44.660792,True,1,39,False
7,5;14;16;48;51;84;125,56,8,20.298408,3.234881024,23.533289024,12.347712,20.0,43.533289024,True,1,39,True
8,5;14;16;48;51;63;84;125,60,4,23.221536,3.25165824,26.47319424,6.190392,20.0,46.47319424,True,1,39,False
9,5;14;16;33;48;51;63;84;125,63,1,26.291616,3.264241152,29.555857152,1.591512,20.0,49.555857152,True,1,39,False
10,5;14;16;26;33;48;51;63;84;125,64,0,29.249064,3.268435456,32.517499456,0.0,20.0,52.517499456,True,1,39,False
0,,0,64,0.0,0.0,0.0,98.534592,20.0,118.534592,True,1,40,False
1,19,8,56,2.461056,3.033554432,5.494610432,86.22276,20.0,106.22276,True,1,40,False
2,19;48,16,48,5.406336,3.067108864,8.473444864,73.909992,20.0,93.909992,True,1,40,False
3,19;48;91,24,40,8.421504,3.100663296,11.522167296,61.597224,20.0,81.597224,True,1,40,False
4,19;48;91;94,32,32,11.37396,3.134217728,14.508177728,49.28508,20.0,69.28508,True,1,40,False
5,19;48;91;94;98,40,24,14.41128,3.16777216,17.57905216,36.972624,20.0,56.972624,True,1,40,False
6,19;48;91;94;98;122,48,16,17.33004,3.201326592,20.531366592,24.660792,20.0,44.660792,True,1,40,False
7,19;27;48;91;94;98;122,55,9,20.309328,3.23068672,23.54001472,13.904904,20.0,43.54001472,True,1,40,True
8,19;27;33;48;91;94;98;122,61,3,23.247432,3.255852544,26.503284544,4.670016,20.0,46.503284544,True,1,40,False
9,19;27;33;48;53;91;94;98;122,64,0,26.303784,3.268435456,29.572219456,0.0,20.0,49.572219456,True,1,40,False
0,,0,64,0.0,0.0,0.0,98.534592,20.0,118.534592,True,1,41,False
1,37,8,56,2.461056,3.033554432,5.494610432,86.22276,20.0,106.22276,True,1,41,False
2,37;80,16,48,5.406336,3.067108864,8.473444864,73.909992,20.0,93.909992,True,1,41,False
3,37;80;81,24,40,8.421504,3.100663296,11.522167296,61.597224,20.0,81.597224,True,1,41,False
4,37;80;81;94,32,32,11.37396,3.134217728,14.508177728,49.28508,20.0,69.28508,True,1,41,False
5,37;80;81;94;100,40,24,14.41128,3.16777216,17.57905216,36.972624,20.0,56.972624,True,1,41,False
6,37;80;81;94;100;116,48,16,17.33004,3.201326592,20.531366592,24.660792,20.0,44.660792,True,1,41,False
7,37;80;81;94;100;116;122,56,8,20.298408,3.234881024,23.533289024,12.347712,20.0,43.533289024,True,1,41,True
8,37;80;81;94;100;116;122;124,64,0,23.288616,3.268435456,26.557051456,0.0,20.0,46.557051456,True,1,41,False
0,,0,64,0.0,0.0,0.0,98.534592,20.0,118.534592,True,1,42,False
1,30,8,56,2.461056,3.033554432,5.494610432,86.22276,20.0,106.22276,True,1,42,False
2,30;43,16,48,5.406336,3.067108864,8.473444864,73.909992,20.0,93.909992,True,1,42,False
3,30;43;47,24,40,8.421504,3.100663296,11.522167296,61.597224,20.0,81.597224,True,1,42,False
4,30;43;47;66,32,32,11.37396,3.134217728,14.508177728,49.28508,20.0,69.28508,True,1,42,False
5,30;43;47;66;76,40,24,14.41128,3.16777216,17.57905216,36.972624,20.0,56.972624,True,1,42,False
6,30;43;47;66;76;88,48,16,17.33004,3.201326592,20.531366592,24.660792,20.0,44.660792,True,1,42,False
7,30;43;47;66;76;88;106,56,8,20.298408,3.234881024,23.533289024,12.347712,20.0,43.533289024,True,1,42,True
8,14;30;43;47;66;76;88;106,60,4,23.221536,3.25165824,26.47319424,6.190392,20.0,46.47319424,True,1,42,False
9,0;14;30;43;47;66;76;88;106,62,2,26.263848,3.260046848,29.523894848,3.112512,20.0,49.523894848,True,1,42,False
10,0;14;30;43;47;66;76;88;106;112,64,0,29.249064,3.268435456,32.517499456,0.0,20.0,52.517499456,True,1,42,False
0,,0,64,0.0,0.0,0.0,98.534592,20.0,118.534592,True,1,43,False
1,11,8,56,2.461056,3.033554432,5.494610432,86.22276,20.0,106.22276,True,1,43,False
2,11;20,16,48,5.406336,3.067108864,8.473444864,73.909992,20.0,93.909992,True,1,43,False
3,11;20;45,24,40,8.421504,3.100663296,11.522167296,61.597224,20.0,81.597224,True,1,43,False
4,11;20;45;80,32,32,11.37396,3.134217728,14.508177728,49.28508,20.0,69.28508,True,1,43,False
5,11;20;45;80;86,40,24,14.41128,3.16777216,17.57905216,36.972624,20.0,56.972624,True,1,43,False
6,11;20;45;80;86;98,48,16,17.33004,3.201326592,20.531366592,24.660792,20.0,44.660792,True,1,43,False
7,11;20;45;80;86;98;111,56,8,20.298408,3.234881024,23.533289024,12.347712,20.0,43.533289024,True,1,43,True
8,11;20;37;45;80;86;98;111,62,2,23.24868,3.260046848,26.508726848,3.112512,20.0,46.508726848,True,1,43,False
9,11;18;20;37;45;80;86;98;111,64,0,26.303784,3.268435456,29.572219456,0.0,20.0,49.572219456,True,1,43,False
0,,0,64,0.0,0.0,0.0,98.534592,20.0,118.534592,True,1,44,False
1,2,8,56,2.461056,3.033554432,5.494610432,86.22276,20.0,106.22276,True,1,44,False
2,2;12,16,48,5.406336,3.067108864,8.473444864,73.909992,20.0,93.909992,True,1,44,False
3,2;12;15,24,40,8.421504,3.100663296,11.522167296,61.597224,20.0,81.597224,True,1,44,False
4,2;12;15;34,32,32,11.37396,3.134217728,14.508177728,49.28508,20.0,69.28508,True,1,44,False
5,2;12;15;34;76,40,24,14.41128,3.16777216,17.57905216,36.972624,20.0,56.972624,True,1,44,False
6,2;12;15;34;76;79,48,16,17.33004,3.201326592,20.531366592,24.660792,20.0,44.660792,True,1,44,False
7,2;12;15;34;76;79;96,56,8,20.298408,3.234881024,23.533289024,12.347712,20.0,43.533289024,True,1,44,True
8,2;12;15;34;76;79;96;112,64,0,23.288616,3.268435456,26.557051456,0.0,20.0,46.557051456,True,1,44,False
0,,0,64,0.0,0.0,0.0,98.534592,20.0,118.534592,True,1,45,False
1,1,8,56,2.461056,3.033554432,5.494610432,86.22276,20.0,106.22276,True,1,45,False
2,1;4,16,48,5.406336,3.067108864,8.473444864,73.909992,20.0,93.909992,True,1,45,False
3,1;4;7,24,40,8.421504,3.100663296,11.522167296,61.597224,20.0,81.597224,True,1,45,False
4,1;4;7;19,32,32,11.37396,3.134217728,14.508177728,49.28508,20.0,69.28508,True,1,45,False
5,1;4;7;19;26,40,24,14.41128,3.16777216,17.57905216,36.972624,20.0,56.972624,True,1,45,False
6,1;4;7;19;26;53,48,16,17.33004,3.201326592,20.531366592,24.660792,20.0,44.660792,True,1,45,False
7,1;4;7;19;26;53;73,56,8,20.298408,3.234881024,23.533289024,12.347712,20.0,43.533289024,True,1,45,True
8,1;4;7;19;26;53;73;110,64,0,23.288616,3.268435456,26.557051456,0.0,20.0,46.557051456,True,1,45,False
0,,0,64,0.0,0.0,0.0,98.534592,20.0,118.534592,True,1,46,False
1,4,8,56,2.461056,3.033554432,5.494610432,86.22276,20.0,106.22276,True,1,46,False
2,4;14,16,48,5.406336,3.067108864,8.473444864,73.909992,20.0,93.909992,True,1,46,False
3,4;14;20,24,40,8.421504,3.100663296,11.522167296,61.597224,20.0,81.597224,True,1,46,False
4,4;14;20;48,32,32,11.37396,3.134217728,14.508177728,49.28508,20.0,69.28508,True,1,46,False
5,4;14;20;48;102,40,24,14.41128,3.16777216,17.57905216,36.972624,20.0,56.972624,True,1,46,False
6,4;14;20;48;102;110,48,16,17.33004,3.201326592,20.531366592,24.660792,20.0,44.660792,True,1,46,False
7,4;13;14;20;48;102;110,55,9,20.309328,3.23068672,23.54001472,13.904904,20.0,43.54001472,True,1,46,True
8,4;13;14;18;20;48;102;110,61,3,23.247432,3.255852544,26.503284544,4.670016,20.0,46.503284544,True,1,46,False
9,4;13;14;18;20;48;102;110;119,64,0,26.303784,3.268435456,29.572219456,0.0,20.0,49.572219456,True,1,46,False
0,,0,64,0.0,0.0,0.0,98.534592,20.0,118.534592,True,1,47,False
1,7,8,56,2.461056,3.033554432,5.494610432,86.22276,20.0,106.22276,True,1,47,False
2,7;30,16,48,5.406336,3.067108864,8.473444864,73.909992,20.0,93.909992,True,1,47,False
3,7;30;38,24,40,8.421504,3.100663296,11.522167296,61.597224,20.0,81.597224,True,1,47,False
4,7;30;38;41,32,32,11.37396,3.134217728,14.508177728,49.28508,20.0,69.28508,True,1,47,False
5,7;30;38;41;46,40,24,14.41128,3.16777216,17.57905216,36.972624,20.0,56.972624,True,1,47,False
6,7;30;38;41;46;58,48,16,17.33004,3.201326592,20.531366592,24.660792,20.0,44.660792,True,1,47,False
7,7;30;38;41;46;58;108,56,8,20.298408,3.234881024,23.533289024,12.347712,20.0,43.533289024,True,1,47,True
8,7;30;38;41;46;58;108;110,64,0,23.288616,3.268435456,26.557051456,0.0,20.0,46.557051456,True,1,47,False
0,,0,64,0.0,0.0,0.0,98.534592,20.0,118.534592,True,2,0,False
1,3,8,56,2.461056,3.033554432,5.494610432,86.22276,20.0,106.22276,True,2,0,False
2,3;12,16,48,5.406336,3.067108864,8.473444864,73.909992,20.0,93.909992,True,2,0,False
3,3;12;64,24,40,8.421504,3.100663296,11.522167296,61.597224,20.0,81.597224,True,2,0,False
4,3;12;64;67,32,32,11.37396,3.134217728,14.508177728,49.28508,20.0,69.28508,True,2,0,False
5,3;12;64;67;77,40,24,14.41128,3.16777216,17.57905216,36.972624,20.0,56.972624,True,2,0,False
6,3;12;64;67;77;79,48,16,17.33004,3.201326592,20.531366592,24.660792,20.0,44.660792,True,2,0,False
7,3;12;64;67;77;79;112,56,8,20.298408,3.234881024,23.533289024,12.347712,20.0,43.533289024,True,2,0,True
8,3;12;64;67;77;79;112;122,64,0,23.288616,3.268435456,26.557051456,0.0,20.0,46.557051456,True,2,0,False
0,,0,64,0.0,0.0,0.0,98.534592,20.0,118.534592,True,2,1,False
1,13,8,56,2.461056,3.033554432,5.494610432,86.22276,20.0,106.22276,True,2,1,False
2,13;14,16,48,5.406336,3.067108864,8.473444864,73.909992,20.0,93.909992,True,2,1,False
3,13;14;36,24,40,8.421504,3.100663296,11.522167296,61.597224,20.0,81.597224,True,2,1,False
4,13;14;36;46,32,32,11.37396,3.134217728,14.508177728,49.28508,20.0,69.28508,True,2,1,False
5,13;14;36;46;92,40,24,14.41128,3.16777216,17.57905216,36.972624,20.0,56.972624,True,2,1,False
6,13;14;36;46;92;97,48,16,17.33004,3.201326592,20.531366592,24.660792,20.0,44.660792,True,2,1,False
7,13;14;36;46;92;97;101,56,8,20.298408,3.234881024,23.533289024,12.347712,20.0,43.533289024,True,2,1,True
8,13;14;36;46;92;97;101;109,64,0,23.288616,3.268435456,26.557051456,0.0,20.0,46.557051456,True,2,1,False
0,,0,64,0.0,0.0,0.0,98.534592,20.0,118.534592,True,2,2,False
1,0,8,56,2.461056,3.033554432,5.494610432,86.22276,20.0,106.22276,True,2,2,False
2,0;49,16,48,5.406336,3.067108864,8.473444864,73.909992,20.0,93.909992,True,2,2,False
3,0;49;50,24,40,8.421504,3.100663296,11.522167296,61.597224,20.0,81.597224,True,2,2,False
4,0;49;50;56,32,32,11.37396,3.134217728,14.508177728,49.28508,20.0,69.28508,True,2,2,False
5,0;49;50;56;71,40,24,14.41128,3.16777216,17.57905216,36.972624,20.0,56.972624,True,2,2,False
6,0;49;50;56;71;72,48,16,17.33004,3.201326592,20.531366592,24.660792,20.0,44.660792,True,2,2,False
7,0;49;50;56;71;72;76,56,8,20.298408,3.234881024,23.533289024,12.347712,20.0,43.533289024,True,2,2,True
8,0;49;50;56;71;72;76;126,64,0,23.288616,3.268435456,26.557051456,0.0,20.0,46.557051456,True,2,2,False
0,,0,64,0.0,0.0,0.0,98.534592,20.0,118.534592,True,2,3,False
1,3,8,56,2.461056,3.033554432,5.494610432,86.22276,20.0,106.22276,True,2,3,False
2,3;12,16,48,5.406336,3.067108864,8.473444864,73.909992,20.0,93.909992,True,2,3,False
3,3;12;23,24,40,8.421504,3.100663296,11.522167296,61.597224,20.0,81.597224,True,2,3,False
4,3;12;23;42,32,32,11.37396,3.134217728,14.508177728,49.28508,20.0,69.28508,True,2,3,False
5,3;12;23;42;95,40,24,14.41128,3.16777216,17.57905216,36.972624,20.0,56.972624,True,2,3,False
6,3;12;23;42;95;99,48,16,17.33004,3.201326592,20.531366592,24.660792,20.0,44.660792,True,2,3,False
7,3;12;23;42;95;99;119,56,8,20.298408,3.234881024,23.533289024,12.347712,20.0,43.533289024,True,2,3,True
8,3;12;23;42;46;95;99;119,61,3,23.247432,3.255852544,26.503284544,4.670016,20.0,46.503284544,True,2,3,False
9,3;12;23;42;46;95;99;119;126,64,0,26.303784,3.268435456,29.572219456,0.0,20.0,49.572219456,True,2,3,False
0,,0,64,0.0,0.0,0.0,98.534592,20.0,118.534592,True,2,4,False
1,12,8,56,2.461056,3.033554432,5.494610432,86.22276,20.0,106.22276,True,2,4,False
2,12;19,16,48,5.406336,3.067108864,8.473444864,73.909992,20.0,93.909992,True,2,4,False
3,12;19;26,24,40,8.421504,3.100663296,11.522167296,61.597224,20.0,81.597224,True,2,4,False
4,12;19;26;43,32,32,11.37396,3.134217728,14.508177728,49.28508,20.0,69.28508,True,2,4,False
5,12;19;26;43;108,40,24,14.41128,3.16777216,17.57905216,36.972624,20.0,56.972624,True,2,4,False
6,12;19;26;43;108;110,48,16,17.33004,3.201326592,20.531366592,24.660792,20.0,44.660792,True,2,4,False
7,12;19;26;43;108;110;121,56,8,20.298408,3.234881024,23.533289024,12.347712,20.0,43.533289024,True,2,4,True
8,12;19;26;43;60;108;110;121,61,3,23.247432,3.255852544,26.503284544,4.670016,20.0,46.503284544,True,2,4,False
9,12;14;19;26;43;60;108;110;121,64,0,26.303784,3.268435456,29.572219456,0.0,20.0,49.572219456,True,2,4,False
0,,0,64,0.0,0.0,0.0,98.534592,20.0,118.534592,True,2,5,False
1,4,8,56,2.461056,3.033554432,5.494610432,86.22276,20.0,106.22276,True,2,5,False
2,4;38,16,48,5.406336,3.067108864,8.473444864,73.909992,20.0,93.909992,True,2,5,False
3,4;38;43,24,40,8.421504,3.100663296,11.522167296,61.597224,20.0,81.597224,True,2,5,False
4,4;38;43;46,32,32,11.37396,3.134217728,14.508177728,49.28508,20.0,69.28508,True,2,5,False
5,4;38;43;46;53,40,24,14.41128,3.16777216,17.57905216,36.972624,20.0,56.972624,True,2,5,False
6,4;38;43;46;53;65,48,16,17.33004,3.201326592,20.531366592,24.660792,20.0,44.660792,True,2,5,False
7,4;38;43;46;53;65;72,56,8,20.298408,3.234881024,23.533289024,12.347712,20.0,43.533289024,True,2,5,True
8,4;38;43;46;53;65;72;73,64,0,23.288616,3.268435456,26.557051456,0.0,20.0,46.557051456,True,2,5,False
0,,0,64,0.0,0.0,0.0,98.534592,20.0,118.534592,True,2,6,False
1,33,8,56,2.461056,3.033554432,5.494610432,86.22276,20.0,106.22276,True,2,6,False
2,33;49,16,48,5.406336,3.067108864,8.473444864,73.909992,20.0,93.909992,True,2,6,False
3,33;49;74,24,40,8.421504,3.100663296,11.522167296,61.597224,20.0,81.597224,True,2,6,False
4,33;49;74;82,32,32,11.37396,3.134217728,14.508177728,49.28508,20.0,69.28508,True,2,6,False
5,33;49;74;82;88,40,24,14.41128,3.16777216,17.57905216,36.972624,20.0,56.972624,True,2,6,False
6,33;49;74;82;88;92,48,16,17.33004,3.201326592,20.531366592,24.660792,20.0,44.660792,True,2,6,False
7,33;49;74;82;88;92;112,56,8,20.298408,3.234881024,23.533289024,12.347712,20.0,43.533289024,True,2,6,True
8,33;49;74;82;88;92;112;121,64,0,23.288616,3.268435456,26.557051456,0.0,20.0,46.557051456,True,2,6,False
0,,0,64,0.0,0.0,0.0,98.534592,20.0,118.534592,True,2,7,False
1,11,8,56,2.461056,3.033554432,5.494610432,86.22276,20.0,106.22276,True,2,7,False
2,11;12,16,48,5.406336,3.067108864,8.473444864,73.909992,20.0,93.909992,True,2,7,False
3,11;12;15,24,40,8.421504,3.100663296,11.522167296,61.597224,20.0,81.597224,True,2,7,False
4,11;12;15;19,32,32,11.37396,3.134217728,14.508177728,49.28508,20.0,69.28508,True,2,7,False
5,11;12;15;19;29,40,24,14.41128,3.16777216,17.57905216,36.972624,20.0,56.972624,True,2,7,False
6,11;12;15;19;29;44,48,16,17.33004,3.201326592,20.531366592,24.660792,20.0,44.660792,True,2,7,False
7,11;12;15;19;29;44;63,56,8,20.298408,3.234881024,23.533289024,12.347712,20.0,43.533289024,True,2,7,True
8,11;12;15;19;29;44;63;114,64,0,23.288616,3.268435456,26.557051456,0.0,20.0,46.557051456,True,2,7,False
0,,0,64,0.0,0.0,0.0,98.534592,20.0,118.534592,True,2,8,False
1,23,8,56,2.461056,3.033554432,5.494610432,86.22276,20.0,106.22276,True,2,8,False
2,23;45,16,48,5.406336,3.067108864,8.473444864,73.909992,20.0,93.909992,True,2,8,False
3,23;45;50,24,40,8.421504,3.100663296,11.522167296,61.597224,20.0,81.597224,True,2,8,False
4,23;45;50;54,32,32,11.37396,3.134217728,14.508177728,49.28508,20.0,69.28508,True,2,8,False
5,23;45;50;54;68,40,24,14.41128,3.16777216,17.57905216,36.972624,20.0,56.972624,True,2,8,False
6,23;45;50;54;68;85,48,16,17.33004,3.201326592,20.531366592,24.660792,20.0,44.660792,True,2,8,False
7,23;45;50;54;68;85;117,56,8,20.298408,3.234881024,23.533289024,12.347712,20.0,43.533289024,True,2,8,True
8,23;32;45;50;54;68;85;117,63,1,23.276448,3.264241152,26.540689152,1.591512,20.0,46.540689152,True,2,8,False
9,23;32;45;50;54;68;76;85;117,64,0,26.303784,3.268435456,29.572219456,0.0,20.0,49.572219456,True,2,8,False
0,,0,64,0.0,0.0,0.0,98.534592,20.0,118.534592,True,2,9,False
1,13,8,56,2.461056,3.033554432,5.494610432,86.22276,20.0,106.22276,True,2,9,False
2,13;16,16,48,5.406336,3.067108864,8.473444864,73.909992,20.0,93.909992,True,2,9,False
3,13;16;21,24,40,8.421504,3.100663296,11.522167296,61.597224,20.0,81.597224,True,2,9,False
4,13;16;21;23,32,32,11.37396,3.134217728,14.508177728,49.28508,20.0,69.28508,True,2,9,False
5,13;16;21;23;63,40,24,14.41128,3.16777216,17.57905216,36.972624,20.0,56.972624,True,2,9,False
6,13;16;21;23;63;67,48,16,17.33004,3.201326592,20.531366592,24.660792,20.0,44.660792,True,2,9,False
7,13;16;21;23;63;67;80,56,8,20.298408,3.234881024,23.533289024,12.347712,20.0,43.533289024,True,2,9,True
8,13;16;21;23;63;67;80;92,64,0,23.288616,3.268435456,26.557051456,0.0,20.0,46.557051456,True,2,9,False
0,,0,64,0.0,0.0,0.0,98.534592,20.0,118.534592,True,2,10,False
1,1,8,56,2.461056,3.033554432,5.494610432,86.22276,20.0,106.22276,True,2,10,False
2,1;5,16,48,5.406336,3.067108864,8.473444864,73.909992,20.0,93.909992,True,2,10,False
3,1;5;31,24,40,8.421504,3.100663296,11.522167296,61.597224,20.0,81.597224,True,2,10,False
4,1;5;31;36,32,32,11.37396,3.134217728,14.508177728,49.28508,20.0,69.28508,True,2,10,False
5,1;5;31;36;42,40,24,14.41128,3.16777216,17.57905216,36.972624,20.0,56.972624,True,2,10,False
6,1;5;31;36;42;48,48,16,17.33004,3.201326592,20.531366592,24.660792,20.0,44.660792,True,2,10,False
7,1;5;31;36;42;48;92,56,8,20.298408,3.234881024,23.533289024,12.347712,20.0,43.533289024,True,2,10,True
8,1;5;19;31;36;42;48;92,63,1,23.276448,3.264241152,26.540689152,1.591512,20.0,46.540689152,True,2,10,False
9,1;5;19;31;36;42;48;68;92,64,0,26.303784,3.268435456,29.572219456,0.0,20.0,49.572219456,True,2,10,False
0,,0,64,0.0,0.0,0.0,98.534592,20.0,118.534592,True,2,11,False
1,15,8,56,2.461056,3.033554432,5.494610432,86.22276,20.0,106.22276,True,2,11,False
2,15;22,16,48,5.406336,3.067108864,8.473444864,73.909992,20.0,93.909992,True,2,11,False
3,15;22;52,24,40,8.421504,3.100663296,11.522167296,61.597224,20.0,81.597224,True,2,11,False
4,15;22;52;54,32,32,11.37396,3.134217728,14.508177728,49.28508,20.0,69.28508,True,2,11,False
5,15;22;52;54;76,40,24,14.41128,3.16777216,17.57905216,36.972624,20.0,56.972624,True,2,11,False
6,15;22;52;54;76;81,48,16,17.33004,3.201326592,20.531366592,24.660792,20.0,44.660792,True,2,11,False
7,15;22;52;54;76;81;121,56,8,20.298408,3.234881024,23.533289024,12.347712,20.0,43.533289024,True,2,11,True
8,15;22;25;52;54;76;81;121,63,1,23.276448,3.264241152,26.540689152,1.591512,20.0,46.540689152,True,2,11,False
9,3;15;22;25;52;54;76;81;121,64,0,26.303784,3.268435456,29.572219456,0.0,20.0,49.572219456,True,2,11,False
0,,0,64,0.0,0.0,0.0,98.534592,20.0,118.534592,True,2,12,False
1,1,8,56,2.461056,3.033554432,5.494610432,86.22276,20.0,106.22276,True,2,12,False
2,1;11,16,48,5.406336,3.067108864,8.473444864,73.909992,20.0,93.909992,True,2,12,False
3,1;11;18,24,40,8.421504,3.100663296,11.522167296,61.597224,20.0,81.597224,True,2,12,False
4,1;11;18;27,32,32,11.37396,3.134217728,14.508177728,49.28508,20.0,69.28508,True,2,12,False
5,1;11;18;27;49,40,24,14.41128,3.16777216,17.57905216,36.972624,20.0,56.972624,True,2,12,False
6,1;11;18;27;49;57,48,16,17.33004,3.201326592,20.531366592,24.660792,20.0,44.660792,True,2,12,False
7,1;11;18;27;49;57;77,56,8,20.298408,3.234881024,23.533289024,12.347712,20.0,43.533289024,True,2,12,True
8,1;11;18;27;49;57;77;78,64,0,23.288616,3.268435456,26.557051456,0.0,20.0,46.557051456,True,2,12,False
0,,0,64,0.0,0.0,0.0,98.534592,20.0,118.534592,True,2,13,False
1,20,8,56,2.461056,3.033554432,5.494610432,86.22276,20.0,106.22276,True,2,13,False
2,20;27,16,48,5.406336,3.067108864,8.473444864,73.909992,20.0,93.909992,True,2,13,False
3,20;27;63,24,40,8.421504,3.100663296,11.522167296,61.597224,20.0,81.597224,True,2,13,False
4,20;27;63;91,32,32,11.37396,3.134217728,14.508177728,49.28508,20.0,69.28508,True,2,13,False
5,20;27;63;91;110,40,24,14.41128,3.16777216,17.57905216,36.972624,20.0,56.972624,True,2,13,False
6,20;27;63;91;110;122,48,16,17.33004,3.201326592,20.531366592,24.660792,20.0,44.660792,True,2,13,False
7,20;27;63;91;104;110;122,55,9,20.309328,3.23068672,23.54001472,13.904904,20.0,43.54001472,True,2,13,True
8,20;27;34;63;91;104;110;122,60,4,23.221536,3.25165824,26.47319424,6.190392,20.0,46.47319424,True,2,13,False
9,20;27;34;37;63;91;104;110;122,64,0,26.303784,3.268435456,29.572219456,0.0,20.0,49.572219456,True,2,13,False
0,,0,64,0.0,0.0,0.0,98.534592,20.0,118.534592,True,2,14,False
1,2,8,56,2.461056,3.033554432,5.494610432,86.22276,20.0,106.22276,True,2,14,False
2,2;5,16,48,5.406336,3.067108864,8.473444864,73.909992,20.0,93.909992,True,2,14,False
3,2;5;14,24,40,8.421504,3.100663296,11.522167296,61.597224,20.0,81.597224,True,2,14,False
4,2;5;14;61,32,32,11.37396,3.134217728,14.508177728,49.28508,20.0,69.28508,True,2,14,False
5,2;5;14;61;81,40,24,14.41128,3.16777216,17.57905216,36.972624,20.0,56.972624,True,2,14,False
6,2;5;14;61;81;83,48,16,17.33004,3.201326592,20.531366592,24.660792,20.0,44.660792,True,2,14,False
7,2;5;14;61;81;83;97,56,8,20.298408,3.234881024,23.533289024,12.347712,20.0,43.533289024,True,2,14,True
8,2;5;14;61;81;83;97;109,64,0,23.288616,3.268435456,26.557051456,0.0,20.0,46.557051456,True,2,14,False
0,,0,64,0.0,0.0,0.0,98.534592,20.0,118.534592,True,2,15,False
1,2,8,56,2.461056,3.033554432,5.494610432,86.22276,20.0,106.22276,True,2,15,False
2,2;21,16,48,5.406336,3.067108864,8.473444864,73.909992,20.0,93.909992,True,2,15,False
3,2;21;50,24,40,8.421504,3.100663296,11.522167296,61.597224,20.0,81.597224,True,2,15,False
4,2;21;50;58,32,32,11.37396,3.134217728,14.508177728,49.28508,20.0,69.28508,True,2,15,False
5,2;21;50;58;64,40,24,14.41128,3.16777216,17.57905216,36.972624,20.0,56.972624,True,2,15,False
6,2;21;50;58;64;84,48,16,17.33004,3.201326592,20.531366592,24.660792,20.0,44.660792,True,2,15,False
7,2;21;50;58;64;84;122,56,8,20.298408,3.234881024,23.533289024,12.347712,20.0,43.533289024,True,2,15,True
8,2;21;50;58;64;84;122;127,64,0,23.288616,3.268435456,26.557051456,0.0,20.0,46.557051456,True,2,15,False
0,,0,64,0.0,0.0,0.0,98.534592,20.0,118.534592,True,2,16,False
1,23,8,56,2.461056,3.033554432,5.494610432,86.22276,20.0,106.22276,True,2,16,False
2,23;42,16,48,5.406336,3.067108864,8.473444864,73.909992,20.0,93.909992,True,2,16,False
3,23;42;48,24,40,8.421504,3.100663296,11.522167296,61.597224,20.0,81.597224,True,2,16,False
4,23;42;48;54,32,32,11.37396,3.134217728,14.508177728,49.28508,20.0,69.28508,True,2,16,False
5,23;42;48;54;62,40,24,14.41128,3.16777216,17.57905216,36.972624,20.0,56.972624,True,2,16,False
6,23;42;48;54;62;97,48,16,17.33004,3.201326592,20.531366592,24.660792,20.0,44.660792,True,2,16,False
7,23;42;48;54;62;97;107,56,8,20.298408,3.234881024,23.533289024,12.347712,20.0,43.533289024,True,2,16,True
8,23;42;48;54;62;97;107;122,64,0,23.288616,3.268435456,26.557051456,0.0,20.0,46.557051456,True,2,16,False
0,,0,64,0.0,0.0,0.0,98.534592,20.0,118.534592,True,2,17,False
1,13,8,56,2.461056,3.033554432,5.494610432,86.22276,20.0,106.22276,True,2,17,False
2,13;73,16,48,5.406336,3.067108864,8.473444864,73.909992,20.0,93.909992,True,2,17,False
3,13;73;80,24,40,8.421504,3.100663296,11.522167296,61.597224,20.0,81.597224,True,2,17,False
4,13;73;80;96,32,32,11.37396,3.134217728,14.508177728,49.28508,20.0,69.28508,True,2,17,False
5,13;73;80;96;108,40,24,14.41128,3.16777216,17.57905216,36.972624,20.0,56.972624,True,2,17,False
6,13;73;80;96;108;116,48,16,17.33004,3.201326592,20.531366592,24.660792,20.0,44.660792,True,2,17,False
7,13;73;80;96;108;116;122,56,8,20.298408,3.234881024,23.533289024,12.347712,20.0,43.533289024,True,2,17,True
8,13;73;80;96;108;116;122;124,64,0,23.288616,3.268435456,26.557051456,0.0,20.0,46.557051456,True,2,17,False
0,,0,64,0.0,0.0,0.0,98.534592,20.0,118.534592,True,2,18,False
1,32,8,56,2.461056,3.033554432,5.494610432,86.22276,20.0,106.22276,True,2,18,False
2,32;58,16,48,5.406336,3.067108864,8.473444864,73.909992,20.0,93.909992,True,2,18,False
3,32;58;82,24,40,8.421504,3.100663296,11.522167296,61.597224,20.0,81.597224,True,2,18,False
4,32;58;82;88,32,32,11.37396,3.134217728,14.508177728,49.28508,20.0,69.28508,True,2,18,False
5,32;58;82;88;91,40,24,14.41128,3.16777216,17.57905216,36.972624,20.0,56.972624,True,2,18,False
6,32;58;82;88;91;107,48,16,17.33004,3.201326592,20.531366592,24.660792,20.0,44.660792,True,2,18,False
7,32;58;82;88;91;107;112,56,8,20.298408,3.234881024,23.533289024,12.347712,20.0,43.533289024,True,2,18,True
8,32;58;82;88;91;107;112;126,64,0,23.288616,3.268435456,26.557051456,0.0,20.0,46.557051456,True,2,18,False
0,,0,64,0.0,0.0,0.0,98.534592,20.0,118.534592,True,2,19,False
1,28,8,56,2.461056,3.033554432,5.494610432,86.22276,20.0,106.22276,True,2,19,False
2,28;29,16,48,5.406336,3.067108864,8.473444864,73.909992,20.0,93.909992,True,2,19,False
3,28;29;52,24,40,8.421504,3.100663296,11.522167296,61.597224,20.0,81.597224,True,2,19,False
4,28;29;52;56,32,32,11.37396,3.134217728,14.508177728,49.28508,20.0,69.28508,True,2,19,False
5,28;29;52;56;92,40,24,14.41128,3.16777216,17.57905216,36.972624,20.0,56.972624,True,2,19,False
6,28;29;52;56;92;114,48,16,17.33004,3.201326592,20.531366592,24.660792,20.0,44.660792,True,2,19,False
7,28;29;52;56;92;114;119,56,8,20.298408,3.234881024,23.533289024,12.347712,20.0,43.533289024,True,2,19,True
8,15;28;29;52;56;92;114;119,63,1,23.276448,3.264241152,26.540689152,1.591512,20.0,46.540689152,True,2,19,False
9,10;15;28;29;52;56;92;114;119,64,0,26.303784,3.268435456,29.572219456,0.0,20.0,49.572219456,True,2,19,False
0,,0,64,0.0,0.0,0.0,98.534592,20.0,118.534592,True,2,20,False
1,6,8,56,2.461056,3.033554432,5.494610432,86.22276,20.0,106.22276,True,2,20,False
2,6;45,16,48,5.406336,3.067108864,8.473444864,73.909992,20.0,93.909992,True,2,20,False
3,6;45;53,24,40,8.421504,3.100663296,11.522167296,61.597224,20.0,81.597224,True,2,20,False
4,6;45;53;69,32,32,11.37396,3.134217728,14.508177728,49.28508,20.0,69.28508,True,2,20,False
5,6;45;53;69;85,40,24,14.41128,3.16777216,17.57905216,36.972624,20.0,56.972624,True,2,20,False
6,6;45;53;69;85;92,48,16,17.33004,3.201326592,20.531366592,24.660792,20.0,44.660792,True,2,20,False
7,6;45;53;69;85;92;114,56,8,20.298408,3.234881024,23.533289024,12.347712,20.0,43.533289024,True,2,20,True
8,6;45;53;69;76;85;92;114,63,1,23.276448,3.264241152,26.540689152,1.591512,20.0,46.540689152,True,2,20,False
9,6;45;53;69;72;76;85;92;114,64,0,26.303784,3.268435456,29.572219456,0.0,20.0,49.572219456,True,2,20,False
0,,0,64,0.0,0.0,0.0,98.534592,20.0,118.534592,True,2,21,False
1,0,8,56,2.461056,3.033554432,5.494610432,86.22276,20.0,106.22276,True,2,21,False
2,0;2,16,48,5.406336,3.067108864,8.473444864,73.909992,20.0,93.909992,True,2,21,False
3,0;2;11,24,40,8.421504,3.100663296,11.522167296,61.597224,20.0,81.597224,True,2,21,False
4,0;2;11;13,32,32,11.37396,3.134217728,14.508177728,49.28508,20.0,69.28508,True,2,21,False
5,0;2;11;13;51,40,24,14.41128,3.16777216,17.57905216,36.972624,20.0,56.972624,True,2,21,False
6,0;2;11;13;51;56,48,16,17.33004,3.201326592,20.531366592,24.660792,20.0,44.660792,True,2,21,False
7,0;2;11;13;51;56;63,56,8,20.298408,3.234881024,23.533289024,12.347712,20.0,43.533289024,True,2,21,True
8,0;2;11;13;38;51;56;63,63,1,23.276448,3.264241152,26.540689152,1.591512,20.0,46.540689152,True,2,21,False
9,0;2;11;13;38;51;56;63;67,64,0,26.303784,3.268435456,29.572219456,0.0,20.0,49.572219456,True,2,21,False
0,,0,64,0.0,0.0,0.0,98.534592,20.0,118.534592,True,2,22,False
1,1,8,56,2.461056,3.033554432,5.494610432,86.22276,20.0,106.22276,True,2,22,False
2,1;12,16,48,5.406336,3.067108864,8.473444864,73.909992,20.0,93.909992,True,2,22,False
3,1;12;31,24,40,8.421504,3.100663296,11.522167296,61.597224,20.0,81.597224,True,2,22,False
4,1;12;31;36,32,32,11.37396,3.134217728,14.508177728,49.28508,20.0,69.28508,True,2,22,False
5,1;12;31;36;48,40,24,14.41128,3.16777216,17.57905216,36.972624,20.0,56.972624,True,2,22,False
6,1;12;31;36;48;71,48,16,17.33004,3.201326592,20.531366592,24.660792,20.0,44.660792,True,2,22,False
7,1;12;31;36;48;71;75,56,8,20.298408,3.234881024,23.533289024,12.347712,20.0,43.533289024,True,2,22,True
8,1;12;31;36;48;71;75;92,64,0,23.288616,3.268435456,26.557051456,0.0,20.0,46.557051456,True,2,22,False
0,,0,64,0.0,0.0,0.0,98.534592,20.0,118.534592,True,2,23,False
1,4,8,56,2.461056,3.033554432,5.494610432,86.22276,20.0,106.22276,True,2,23,False
2,4;15,16,48,5.406336,3.067108864,8.473444864,73.909992,20.0,93.909992,True,2,23,False
3,4;15;25,24,40,8.421504,3.100663296,11.522167296,61.597224,20.0,81.597224,True,2,23,False
4,4;15;25;48,32,32,11.37396,3.134217728,14.508177728,49.28508,20.0,69.28508,True,2,23,False
5,4;15;25;48;54,40,24,14.41128,3.16777216,17.57905216,36.972624,20.0,56.972624,True,2,23,False
6,4;15;25;48;54;76,48,16,17.33004,3.201326592,20.531366592,24.660792,20.0,44.660792,True,2,23,False
7,4;15;25;48;54;76;81,56,8,20.298408,3.234881024,23.533289024,12.347712,20.0,43.533289024,True,2,23,True
8,4;15;25;48;54;76;81;121,64,0,23.288616,3.268435456,26.557051456,0.0,20.0,46.557051456,True,2,23,False
0,,0,64,0.0,0.0,0.0,98.534592,20.0,118.534592,True,2,24,False
1,1,8,56,2.461056,3.033554432,5.494610432,86.22276,20.0,106.22276,True,2,24,False
2,1;11,16,48,5.406336,3.067108864,8.473444864,73.909992,20.0,93.909992,True,2,24,False
3,1;11;18,24,40,8.421504,3.100663296,11.522167296,61.597224,20.0,81.597224,True,2,24,False
4,1;11;18;37,32,32,11.37396,3.134217728,14.508177728,49.28508,20.0,69.28508,True,2,24,False
5,1;11;18;37;77,40,24,14.41128,3.16777216,17.57905216,36.972624,20.0,56.972624,True,2,24,False
6,1;11;18;37;77;89,48,16,17.33004,3.201326592,20.531366592,24.660792,20.0,44.660792,True,2,24,False
7,1;11;18;37;77;89;108,56,8,20.298408,3.234881024,23.533289024,12.347712,20.0,43.533289024,True,2,24,True
8,1;11;18;20;37;77;89;108,62,2,23.24868,3.260046848,26.508726848,3.112512,20.0,46.508726848,True,2,24,False
9,1;11;18;20;28;37;77;89;108,64,0,26.303784,3.268435456,29.572219456,0.0,20.0,49.572219456,True,2,24,False
0,,0,64,0.0,0.0,0.0,98.534592,20.0,118.534592,True,2,25,False
1,34,8,56,2.461056,3.033554432,5.494610432,86.22276,20.0,106.22276,True,2,25,False
2,34;37,16,48,5.406336,3.067108864,8.473444864,73.909992,20.0,93.909992,True,2,25,False
3,34;37;50,24,40,8.421504,3.100663296,11.522167296,61.597224,20.0,81.597224,True,2,25,False
4,34;37;50;91,32,32,11.37396,3.134217728,14.508177728,49.28508,20.0,69.28508,True,2,25,False
5,34;37;50;91;110,40,24,14.41128,3.16777216,17.57905216,36.972624,20.0,56.972624,True,2,25,False
6,1;34;37;50;91;110,47,17,17.347512,3.197132288,20.544644288,26.217672,20.0,46.217672,True,2,25,False
7,1;34;37;50;52;91;110,51,13,20.314632,3.213909504,23.528541504,20.061912,20.0,43.528541504,True,2,25,True
8,1;34;37;50;52;72;91;110,55,9,23.25336,3.23068672,26.48404672,13.904904,20.0,46.48404672,True,2,25,False
9,1;34;37;50;52;72;91;110;116,59,5,26.20488,3.247463936,29.452343936,7.747896,20.0,49.452343936,True,2,25,False
10,1;34;37;50;52;72;91;110;116;124,62,2,29.209128,3.260046848,32.469174848,3.112512,20.0,52.469174848,True,2,25,False
11,1;34;37;50;52;72;91;110;116;122;124,64,0,32.264232,3.268435456,35.532667456,0.0,20.0,55.532667456,True,2,25,False
0,,0,64,0.0,0.0,0.0,98.534592,20.0,118.534592,True,2,26,False
1,2,8,56,2.461056,3.033554432,5.494610432,86.22276,20.0,106.22276,True,2,26,False
2,2;9,16,48,5.406336,3.067108864,8.473444864,73.909992,20.0,93.909992,True,2,26,False
3,2;9;31,24,40,8.421504,3.100663296,11.522167296,61.597224,20.0,81.597224,True,2,26,False
4,2;9;31;61,32,32,11.37396,3.134217728,14.508177728,49.28508,20.0,69.28508,True,2,26,False
5,2;9;31;61;72,40,24,14.41128,3.16777216,17.57905216,36.972624,20.0,56.972624,True,2,26,False
6,2;9;31;61;72;81,48,16,17.33004,3.201326592,20.531366592,24.660792,20.0,44.660792,True,2,26,False
7,2;9;31;61;72;81;109,56,8,20.298408,3.234881024,23.533289024,12.347712,20.0,43.533289024,True,2,26,True
8,2;9;31;61;72;81;109;113,64,0,23.288616,3.268435456,26.557051456,0.0,20.0,46.557051456,True,2,26,False
0,,0,64,0.0,0.0,0.0,98.534592,20.0,118.534592,True,2,27,False
1,2,8,56,2.461056,3.033554432,5.494610432,86.22276,20.0,106.22276,True,2,27,False
2,2;11,16,48,5.406336,3.067108864,8.473444864,73.909992,20.0,93.909992,True,2,27,False
3,2;11;15,24,40,8.421504,3.100663296,11.522167296,61.597224,20.0,81.597224,True,2,27,False
4,2;11;15;84,32,32,11.37396,3.134217728,14.508177728,49.28508,20.0,69.28508,True,2,27,False
5,2;11;15;84;118,40,24,14.41128,3.16777216,17.57905216,36.972624,20.0,56.972624,True,2,27,False
6,2;11;15;84;118;122,48,16,17.33004,3.201326592,20.531366592,24.660792,20.0,44.660792,True,2,27,False
7,2;11;15;21;84;118;122,55,9,20.309328,3.23068672,23.54001472,13.904904,20.0,43.54001472,True,2,27,True
8,2;11;15;21;26;84;118;122,62,2,23.24868,3.260046848,26.508726848,3.112512,20.0,46.508726848,True,2,27,False
9,2;11;15;21;24;26;84;118;122,64,0,26.303784,3.268435456,29.572219456,0.0,20.0,49.572219456,True,2,27,False
0,,0,64,0.0,0.0,0.0,98.534592,20.0,118.534592,True,2,28,False
1,23,8,56,2.461056,3.033554432,5.494610432,86.22276,20.0,106.22276,True,2,28,False
2,23;42,16,48,5.406336,3.067108864,8.473444864,73.909992,20.0,93.909992,True,2,28,False
3,23;42;48,24,40,8.421504,3.100663296,11.522167296,61.597224,20.0,81.597224,True,2,28,False
4,23;42;48;54,32,32,11.37396,3.134217728,14.508177728,49.28508,20.0,69.28508,True,2,28,False
5,23;42;48;54;107,40,24,14.41128,3.16777216,17.57905216,36.972624,20.0,56.972624,True,2,28,False
6,23;42;48;54;107;122,48,16,17.33004,3.201326592,20.531366592,24.660792,20.0,44.660792,True,2,28,False
7,23;42;48;54;74;107;122,55,9,20.309328,3.23068672,23.54001472,13.904904,20.0,43.54001472,True,2,28,True
8,23;42;48;54;74;91;107;122,62,2,23.24868,3.260046848,26.508726848,3.112512,20.0,46.508726848,True,2,28,False
9,23;42;48;54;74;91;97;107;122,64,0,26.303784,3.268435456,29.572219456,0.0,20.0,49.572219456,True,2,28,False
0,,0,64,0.0,0.0,0.0,98.534592,20.0,118.534592,True,2,29,False
1,13,8,56,2.461056,3.033554432,5.494610432,86.22276,20.0,106.22276,True,2,29,False
2,13;34,16,48,5.406336,3.067108864,8.473444864,73.909992,20.0,93.909992,True,2,29,False
3,13;34;37,24,40,8.421504,3.100663296,11.522167296,61.597224,20.0,81.597224,True,2,29,False
4,13;34;37;50,32,32,11.37396,3.134217728,14.508177728,49.28508,20.0,69.28508,True,2,29,False
5,13;34;37;50;51,40,24,14.41128,3.16777216,17.57905216,36.972624,20.0,56.972624,True,2,29,False
6,13;34;37;50;51;96,48,16,17.33004,3.201326592,20.531366592,24.660792,20.0,44.660792,True,2,29,False
7,13;34;37;50;51;96;108,56,8,20.298408,3.234881024,23.533289024,12.347712,20.0,43.533289024,True,2,29,True
8,13;34;37;50;51;96;108;120,64,0,23.288616,3.268435456,26.557051456,0.0,20.0,46.557051456,True,2,29,False
0,,0,64,0.0,0.0,0.0,98.534592,20.0,118.534592,True,2,30,False
1,55,8,56,2.461056,3.033554432,5.494610432,86.22276,20.0,106.22276,True,2,30,False
2,55;88,16,48,5.406336,3.067108864,8.473444864,73.909992,20.0,93.909992,True,2,30,False
3,55;88;91,24,40,8.421504,3.100663296,11.522167296,61.597224,20.0,81.597224,True,2,30,False
4,55;88;91;104,32,32,11.37396,3.134217728,14.508177728,49.28508,20.0,69.28508,True,2,30,False
5,55;88;91;104;108,40,24,14.41128,3.16777216,17.57905216,36.972624,20.0,56.972624,True,2,30,False
6,55;88;91;104;108;120,48,16,17.33004,3.201326592,20.531366592,24.660792,20.0,44.660792,True,2,30,False
7,55;88;91;104;108;120;126,56,8,20.298408,3.234881024,23.533289024,12.347712,20.0,43.533289024,True,2,30,True
8,55;88;91;104;107;108;120;126,61,3,23.247432,3.255852544,26.503284544,4.670016,20.0,46.503284544,True,2,30,False
9,6;55;88;91;104;107;108;120;126,64,0,26.303784,3.268435456,29.572219456,0.0,20.0,49.572219456,True,2,30,False
0,,0,64,0.0,0.0,0.0,98.534592,20.0,118.534592,True,2,31,False
1,15,8,56,2.461056,3.033554432,5.494610432,86.22276,20.0,106.22276,True,2,31,False
2,15;24,16,48,5.406336,3.067108864,8.473444864,73.909992,20.0,93.909992,True,2,31,False
3,15;24;28,24,40,8.421504,3.100663296,11.522167296,61.597224,20.0,81.597224,True,2,31,False
4,15;24;28;36,32,32,11.37396,3.134217728,14.508177728,49.28508,20.0,69.28508,True,2,31,False
5,15;24;28;36;59,40,24,14.41128,3.16777216,17.57905216,36.972624,20.0,56.972624,True,2,31,False
6,15;24;28;36;59;63,48,16,17.33004,3.201326592,20.531366592,24.660792,20.0,44.660792,True,2,31,False
7,15;24;28;36;59;63;114,56,8,20.298408,3.234881024,23.533289024,12.347712,20.0,43.533289024,True,2,31,True
8,11;15;24;28;36;59;63;114,61,3,23.247432,3.255852544,26.503284544,4.670016,20.0,46.503284544,True,2,31,False
9,11;15;24;28;36;41;59;63;114,64,0,26.303784,3.268435456,29.572219456,0.0,20.0,49.572219456,True,2,31,False
0,,0,64,0.0,0.0,0.0,98.534592,20.0,118.534592,True,2,32,False
1,6,8,56,2.461056,3.033554432,5.494610432,86.22276,20.0,106.22276,True,2,32,False
2,6;24,16,48,5.406336,3.067108864,8.473444864,73.909992,20.0,93.909992,True,2,32,False
3,6;24;48,24,40,8.421504,3.100663296,11.522167296,61.597224,20.0,81.597224,True,2,32,False
4,6;24;48;85,32,32,11.37396,3.134217728,14.508177728,49.28508,20.0,69.28508,True,2,32,False
5,6;24;48;85;113,40,24,14.41128,3.16777216,17.57905216,36.972624,20.0,56.972624,True,2,32,False
6,6;24;48;85;113;124,48,16,17.33004,3.201326592,20.531366592,24.660792,20.0,44.660792,True,2,32,False
7,6;18;24;48;85;113;124,55,9,20.309328,3.23068672,23.54001472,13.904904,20.0,43.54001472,True,2,32,True
8,6;18;24;48;85;90;113;124,60,4,23.221536,3.25165824,26.47319424,6.190392,20.0,46.47319424,True,2,32,False
9,6;10;18;24;48;85;90;113;124,63,1,26.291616,3.264241152,29.555857152,1.591512,20.0,49.555857152,True,2,32,False
10,6;10;18;24;48;51;85;90;113;124,64,0,29.249064,3.268435456,32.517499456,0.0,20.0,52.517499456,True,2,32,False
0,,0,64,0.0,0.0,0.0,98.534592,20.0,118.534592,True,2,33,False
1,2,8,56,2.461056,3.033554432,5.494610432,86.22276,20.0,106.22276,True,2,33,False
2,2;11,16,48,5.406336,3.067108864,8.473444864,73.909992,20.0,93.909992,True,2,33,False
3,2;11;13,24,40,8.421504,3.100663296,11.522167296,61.597224,20.0,81.597224,True,2,33,False
4,2;11;13;38,32,32,11.37396,3.134217728,14.508177728,49.28508,20.0,69.28508,True,2,33,False
5,2;11;13;38;56,40,24,14.41128,3.16777216,17.57905216,36.972624,20.0,56.972624,True,2,33,False
6,2;11;13;38;56;63,48,16,17.33004,3.201326592,20.531366592,24.660792,20.0,44.660792,True,2,33,False
7,2;11;13;38;56;63;67,56,8,20.298408,3.234881024,23.533289024,12.347712,20.0,43.533289024,True,2,33,True
8,0;2;11;13;38;56;63;67,59,5,23.189712,3.247463936,26.437175936,7.747896,20.0,46.437175936,True,2,33,False
9,0;2;11;13;38;51;56;63;67,62,2,26.263848,3.260046848,29.523894848,3.112512,20.0,49.523894848,True,2,33,False
10,0;2;11;13;38;51;56;63;67;92,64,0,29.249064,3.268435456,32.517499456,0.0,20.0,52.517499456,True,2,33,False
0,,0,64,0.0,0.0,0.0,98.534592,20.0,118.534592,True,2,34,False
1,36,8,56,2.461056,3.033554432,5.494610432,86.22276,20.0,106.22276,True,2,34,False
2,36;42,16,48,5.406336,3.067108864,8.473444864,73.909992,20.0,93.909992,True,2,34,False
3,36;42;75,24,40,8.421504,3.100663296,11.522167296,61.597224,20.0,81.597224,True,2,34,False
4,36;42;75;84,32,32,11.37396,3.134217728,14.508177728,49.28508,20.0,69.28508,True,2,34,False
5,36;42;75;84;92,40,24,14.41128,3.16777216,17.57905216,36.972624,20.0,56.972624,True,2,34,False
6,36;42;75;77;84;92,47,17,17.347512,3.197132288,20.544644288,26.217672,20.0,46.217672,True,2,34,False
7,29;36;42;75;77;84;92,52,12,20.30028,3.218103808,23.518383808,18.503784,20.0,43.518383808,True,2,34,True
8,1;29;36;42;75;77;84;92,56,8,23.225904,3.234881024,26.460785024,12.347712,20.0,46.460785024,True,2,34,False
9,1;29;36;42;51;75;77;84;92,60,4,26.236704,3.25165824,29.48836224,6.190392,20.0,49.48836224,True,2,34,False
10,1;10;29;36;42;51;75;77;84;92,62,2,29.209128,3.260046848,32.469174848,3.112512,20.0,52.469174848,True,2,34,False
11,1;10;22;29;36;42;51;75;77;84;92,63,1,32.252064,3.264241152,35.516305152,1.591512,20.0,55.516305152,True,2,34,False
12,1;10;22;29;36;42;51;68;75;77;84;92,64,0,35.209512,3.268435456,38.477947456,0.0,20.0,58.477947456,True,2,34,False
0,,0,64,0.0,0.0,0.0,98.534592,20.0,118.534592,True,2,35,False
1,11,8,56,2.461056,3.033554432,5.494610432,86.22276,20.0,106.22276,True,2,35,False
2,11;15,16,48,5.406336,3.067108864,8.473444864,73.909992,20.0,93.909992,True,2,35,False
3,11;15;31,24,40,8.421504,3.100663296,11.522167296,61.597224,20.0,81.597224,True,2,35,False
4,11;15;31;48,32,32,11.37396,3.134217728,14.508177728,49.28508,20.0,69.28508,True,2,35,False
5,11;15;31;48;76,40,24,14.41128,3.16777216,17.57905216,36.972624,20.0,56.972624,True,2,35,False
6,11;15;31;48;76;77,48,16,17.33004,3.201326592,20.531366592,24.660792,20.0,44.660792,True,2,35,False
7,11;14;15;31;48;76;77,55,9,20.309328,3.23068672,23.54001472,13.904904,20.0,43.54001472,True,2,35,True
8,11;14;15;31;48;76;77;84,59,5,23.189712,3.247463936,26.437175936,7.747896,20.0,46.437175936,True,2,35,False
9,11;14;15;31;48;76;77;81;84,62,2,26.263848,3.260046848,29.523894848,3.112512,20.0,49.523894848,True,2,35,False
10,11;14;15;31;48;53;76;77;81;84,63,1,29.236896,3.264241152,32.501137152,1.591512,20.0,52.501137152,True,2,35,False
11,11;14;15;31;48;53;62;76;77;81;84,64,0,32.264232,3.268435456,35.532667456,0.0,20.0,55.532667456,True,2,35,False
0,,0,64,0.0,0.0,0.0,98.534592,20.0,118.534592,True,2,36,False
1,11,8,56,2.461056,3.033554432,5.494610432,86.22276,20.0,106.22276,True,2,36,False
2,11;18,16,48,5.406336,3.067108864,8.473444864,73.909992,20.0,93.909992,True,2,36,False
3,11;18;28,24,40,8.421504,3.100663296,11.522167296,61.597224,20.0,81.597224,True,2,36,False
4,11;18;28;37,32,32,11.37396,3.134217728,14.508177728,49.28508,20.0,69.28508,True,2,36,False
5,11;18;28;37;57,40,24,14.41128,3.16777216,17.57905216,36.972624,20.0,56.972624,True,2,36,False
6,11;18;28;37;57;62,48,16,17.33004,3.201326592,20.531366592,24.660792,20.0,44.660792,True,2,36,False
7,11;18;28;37;57;62;77,56,8,20.298408,3.234881024,23.533289024,12.347712,20.0,43.533289024,True,2,36,True
8,11;18;20;28;37;57;62;77,61,3,23.247432,3.255852544,26.503284544,4.670016,20.0,46.503284544,True,2,36,False
9,11;18;20;28;37;57;62;77;101,64,0,26.303784,3.268435456,29.572219456,0.0,20.0,49.572219456,True,2,36,False
0,,0,64,0.0,0.0,0.0,98.534592,20.0,118.534592,True,2,37,False
1,1,8,56,2.461056,3.033554432,5.494610432,86.22276,20.0,106.22276,True,2,37,False
2,1;34,16,48,5.406336,3.067108864,8.473444864,73.909992,20.0,93.909992,True,2,37,False
3,1;34;37,24,40,8.421504,3.100663296,11.522167296,61.597224,20.0,81.597224,True,2,37,False
4,1;34;37;50,32,32,11.37396,3.134217728,14.508177728,49.28508,20.0,69.28508,True,2,37,False
5,1;34;37;50;91,40,24,14.41128,3.16777216,17.57905216,36.972624,20.0,56.972624,True,2,37,False
6,1;34;37;50;91;110,48,16,17.33004,3.201326592,20.531366592,24.660792,20.0,44.660792,True,2,37,False
7,1;34;37;50;91;110;122,56,8,20.298408,3.234881024,23.533289024,12.347712,20.0,43.533289024,True,2,37,True
8,1;34;37;50;91;110;122;124,62,2,23.24868,3.260046848,26.508726848,3.112512,20.0,46.508726848,True,2,37,False
9,1;27;34;37;50;91;110;122;124,64,0,26.303784,3.268435456,29.572219456,0.0,20.0,49.572219456,True,2,37,False
0,,0,64,0.0,0.0,0.0,98.534592,20.0,118.534592,True,2,38,False
1,12,8,56,2.461056,3.033554432,5.494610432,86.22276,20.0,106.22276,True,2,38,False
2,12;31,16,48,5.406336,3.067108864,8.473444864,73.909992,20.0,93.909992,True,2,38,False
3,12;31;81,24,40,8.421504,3.100663296,11.522167296,61.597224,20.0,81.597224,True,2,38,False
4,12;31;81;97,32,32,11.37396,3.134217728,14.508177728,49.28508,20.0,69.28508,True,2,38,False
5,12;31;81;97;109,40,24,14.41128,3.16777216,17.57905216,36.972624,20.0,56.972624,True,2,38,False
6,12;31;81;97;109;110,48,16,17.33004,3.201326592,20.531366592,24.660792,20.0,44.660792,True,2,38,False
7,2;12;31;81;97;109;110,55,9,20.309328,3.23068672,23.54001472,13.904904,20.0,43.54001472,True,2,38,True
8,2;12;31;61;81;97;109;110,61,3,23.247432,3.255852544,26.503284544,4.670016,20.0,46.503284544,True,2,38,False
9,2;12;31;61;81;83;97;109;110,64,0,26.303784,3.268435456,29.572219456,0.0,20.0,49.572219456,True,2,38,False
0,,0,64,0.0,0.0,0.0,98.534592,20.0,118.534592,True,2,39,False
1,2,8,56,2.461056,3.033554432,5.494610432,86.22276,20.0,106.22276,True,2,39,False
2,2;16,16,48,5.406336,3.067108864,8.473444864,73.909992,20.0,93.909992,True,2,39,False
3,2;16;19,24,40,8.421504,3.100663296,11.522167296,61.597224,20.0,81.597224,True,2,39,False
4,2;16;19;21,32,32,11.37396,3.134217728,14.508177728,49.28508,20.0,69.28508,True,2,39,False
5,2;16;19;21;49,40,24,14.41128,3.16777216,17.57905216,36.972624,20.0,56.972624,True,2,39,False
6,2;16;19;21;49;84,48,16,17.33004,3.201326592,20.531366592,24.660792,20.0,44.660792,True,2,39,False
7,2;16;19;21;49;84;118,56,8,20.298408,3.234881024,23.533289024,12.347712,20.0,43.533289024,True,2,39,True
8,2;5;16;19;21;49;84;118,61,3,23.247432,3.255852544,26.503284544,4.670016,20.0,46.503284544,True,2,39,False
9,2;5;16;19;21;48;49;84;118,64,0,26.303784,3.268435456,29.572219456,0.0,20.0,49.572219456,True,2,39,False
0,,0,64,0.0,0.0,0.0,98.534592,20.0,118.534592,True,2,40,False
1,23,8,56,2.461056,3.033554432,5.494610432,86.22276,20.0,106.22276,True,2,40,False
2,23;54,16,48,5.406336,3.067108864,8.473444864,73.909992,20.0,93.909992,True,2,40,False
3,23;54;70,24,40,8.421504,3.100663296,11.522167296,61.597224,20.0,81.597224,True,2,40,False
4,23;54;70;89,32,32,11.37396,3.134217728,14.508177728,49.28508,20.0,69.28508,True,2,40,False
5,23;54;70;89;91,40,24,14.41128,3.16777216,17.57905216,36.972624,20.0,56.972624,True,2,40,False
6,23;54;70;89;91;97,48,16,17.33004,3.201326592,20.531366592,24.660792,20.0,44.660792,True,2,40,False
7,23;54;70;89;91;97;122,56,8,20.298408,3.234881024,23.533289024,12.347712,20.0,43.533289024,True,2,40,True
8,23;34;54;70;89;91;97;122,63,1,23.276448,3.264241152,26.540689152,1.591512,20.0,46.540689152,True,2,40,False
9,23;34;54;70;89;91;94;97;122,64,0,26.303784,3.268435456,29.572219456,0.0,20.0,49.572219456,True,2,40,False
0,,0,64,0.0,0.0,0.0,98.534592,20.0,118.534592,True,2,41,False
1,10,8,56,2.461056,3.033554432,5.494610432,86.22276,20.0,106.22276,True,2,41,False
2,10;37,16,48,5.406336,3.067108864,8.473444864,73.909992,20.0,93.909992,True,2,41,False
3,10;37;81,24,40,8.421504,3.100663296,11.522167296,61.597224,20.0,81.597224,True,2,41,False
4,10;37;81;96,32,32,11.37396,3.134217728,14.508177728,49.28508,20.0,69.28508,True,2,41,False
5,10;37;81;96;100,40,24,14.41128,3.16777216,17.57905216,36.972624,20.0,56.972624,True,2,41,False
6,10;37;81;96;100;111,48,16,17.33004,3.201326592,20.531366592,24.660792,20.0,44.660792,True,2,41,False
7,10;37;81;96;100;111;120,56,8,20.298408,3.234881024,23.533289024,12.347712,20.0,43.533289024,True,2,41,True
8,10;37;81;96;100;111;120;123,64,0,23.288616,3.268435456,26.557051456,0.0,20.0,46.557051456,True,2,41,False
0,,0,64,0.0,0.0,0.0,98.534592,20.0,118.534592,True,2,42,False
1,30,8,56,2.461056,3.033554432,5.494610432,86.22276,20.0,106.22276,True,2,42,False
2,30;33,16,48,5.406336,3.067108864,8.473444864,73.909992,20.0,93.909992,True,2,42,False
3,30;33;43,24,40,8.421504,3.100663296,11.522167296,61.597224,20.0,81.597224,True,2,42,False
4,30;33;43;52,32,32,11.37396,3.134217728,14.508177728,49.28508,20.0,69.28508,True,2,42,False
5,30;33;43;52;69,40,24,14.41128,3.16777216,17.57905216,36.972624,20.0,56.972624,True,2,42,False
6,30;33;43;52;69;76,48,16,17.33004,3.201326592,20.531366592,24.660792,20.0,44.660792,True,2,42,False
7,30;33;43;52;69;76;81,56,8,20.298408,3.234881024,23.533289024,12.347712,20.0,43.533289024,True,2,42,True
8,30;33;43;52;69;76;81;88,64,0,23.288616,3.268435456,26.557051456,0.0,20.0,46.557051456,True,2,42,False
0,,0,64,0.0,0.0,0.0,98.534592,20.0,118.534592,True,2,43,False
1,11,8,56,2.461056,3.033554432,5.494610432,86.22276,20.0,106.22276,True,2,43,False
2,11;18,16,48,5.406336,3.067108864,8.473444864,73.909992,20.0,93.909992,True,2,43,False
3,11;18;74,24,40,8.421504,3.100663296,11.522167296,61.597224,20.0,81.597224,True,2,43,False
4,11;18;74;83,32,32,11.37396,3.134217728,14.508177728,49.28508,20.0,69.28508,True,2,43,False
5,11;18;74;83;94,40,24,14.41128,3.16777216,17.57905216,36.972624,20.0,56.972624,True,2,43,False
6,11;18;74;83;94;96,48,16,17.33004,3.201326592,20.531366592,24.660792,20.0,44.660792,True,2,43,False
7,11;18;74;83;94;96;98,56,8,20.298408,3.234881024,23.533289024,12.347712,20.0,43.533289024,True,2,43,True
8,11;18;35;74;83;94;96;98,61,3,23.247432,3.255852544,26.503284544,4.670016,20.0,46.503284544,True,2,43,False
9,11;18;35;69;74;83;94;96;98,63,1,26.291616,3.264241152,29.555857152,1.591512,20.0,49.555857152,True,2,43,False
10,11;18;35;69;74;83;94;96;98;108,64,0,29.249064,3.268435456,32.517499456,0.0,20.0,52.517499456,True,2,43,False
0,,0,64,0.0,0.0,0.0,98.534592,20.0,118.534592,True,2,44,False
1,12,8,56,2.461056,3.033554432,5.494610432,86.22276,20.0,106.22276,True,2,44,False
2,12;15,16,48,5.406336,3.067108864,8.473444864,73.909992,20.0,93.909992,True,2,44,False
3,12;15;49,24,40,8.421504,3.100663296,11.522167296,61.597224,20.0,81.597224,True,2,44,False
4,12;15;49;50,32,32,11.37396,3.134217728,14.508177728,49.28508,20.0,69.28508,True,2,44,False
5,12;15;49;50;79,40,24,14.41128,3.16777216,17.57905216,36.972624,20.0,56.972624,True,2,44,False
6,12;15;49;50;79;94,48,16,17.33004,3.201326592,20.531366592,24.660792,20.0,44.660792,True,2,44,False
7,12;15;49;50;79;94;102,56,8,20.298408,3.234881024,23.533289024,12.347712,20.0,43.533289024,True,2,44,True
8,7;12;15;49;50;79;94;102,60,4,23.221536,3.25165824,26.47319424,6.190392,20.0,46.47319424,True,2,44,False
9,7;12;15;49;50;79;94;102;104,64,0,26.303784,3.268435456,29.572219456,0.0,20.0,49.572219456,True,2,44,False
0,,0,64,0.0,0.0,0.0,98.534592,20.0,118.534592,True,2,45,False
1,2,8,56,2.461056,3.033554432,5.494610432,86.22276,20.0,106.22276,True,2,45,False
2,2;4,16,48,5.406336,3.067108864,8.473444864,73.909992,20.0,93.909992,True,2,45,False
3,2;4;18,24,40,8.421504,3.100663296,11.522167296,61.597224,20.0,81.597224,True,2,45,False
4,2;4;18;54,32,32,11.37396,3.134217728,14.508177728,49.28508,20.0,69.28508,True,2,45,False
5,2;4;18;54;65,40,24,14.41128,3.16777216,17.57905216,36.972624,20.0,56.972624,True,2,45,False
6,2;4;18;54;65;77,48,16,17.33004,3.201326592,20.531366592,24.660792,20.0,44.660792,True,2,45,False
7,2;4;18;54;65;77;90,56,8,20.298408,3.234881024,23.533289024,12.347712,20.0,43.533289024,True,2,45,True
8,2;4;18;54;65;67;77;90,62,2,23.24868,3.260046848,26.508726848,3.112512,20.0,46.508726848,True,2,45,False
9,2;4;18;54;64;65;67;77;90,64,0,26.303784,3.268435456,29.572219456,0.0,20.0,49.572219456,True,2,45,False
0,,0,64,0.0,0.0,0.0,98.534592,20.0,118.534592,True,2,46,False
1,1,8,56,2.461056,3.033554432,5.494610432,86.22276,20.0,106.22276,True,2,46,False
2,1;4,16,48,5.406336,3.067108864,8.473444864,73.909992,20.0,93.909992,True,2,46,False
3,1;4;15,24,40,8.421504,3.100663296,11.522167296,61.597224,20.0,81.597224,True,2,46,False
4,1;4;15;20,32,32,11.37396,3.134217728,14.508177728,49.28508,20.0,69.28508,True,2,46,False
5,1;4;15;20;43,40,24,14.41128,3.16777216,17.57905216,36.972624,20.0,56.972624,True,2,46,False
6,1;4;15;20;43;76,48,16,17.33004,3.201326592,20.531366592,24.660792,20.0,44.660792,True,2,46,False
7,1;4;15;20;43;76;90,56,8,20.298408,3.234881024,23.533289024,12.347712,20.0,43.533289024,True,2,46,True
8,1;4;15;20;43;76;90;97,63,1,23.276448,3.264241152,26.540689152,1.591512,20.0,46.540689152,True,2,46,False
9,1;4;15;20;43;48;76;90;97,64,0,26.303784,3.268435456,29.572219456,0.0,20.0,49.572219456,True,2,46,False
0,,0,64,0.0,0.0,0.0,98.534592,20.0,118.534592,True,2,47,False
1,0,8,56,2.461056,3.033554432,5.494610432,86.22276,20.0,106.22276,True,2,47,False
2,0;7,16,48,5.406336,3.067108864,8.473444864,73.909992,20.0,93.909992,True,2,47,False
3,0;7;14,24,40,8.421504,3.100663296,11.522167296,61.597224,20.0,81.597224,True,2,47,False
4,0;7;14;44,32,32,11.37396,3.134217728,14.508177728,49.28508,20.0,69.28508,True,2,47,False
5,0;7;14;44;46,40,24,14.41128,3.16777216,17.57905216,36.972624,20.0,56.972624,True,2,47,False
6,0;7;14;44;46;58,48,16,17.33004,3.201326592,20.531366592,24.660792,20.0,44.660792,True,2,47,False
7,0;7;14;44;46;58;61,56,8,20.298408,3.234881024,23.533289024,12.347712,20.0,43.533289024,True,2,47,True
8,0;7;14;44;46;58;61;65,64,0,23.288616,3.268435456,26.557051456,0.0,20.0,46.557051456,True,2,47,False
0,,0,64,0.0,0.0,0.0,98.534592,20.0,118.534592,True,3,0,False
1,43,8,56,2.461056,3.033554432,5.494610432,86.22276,20.0,106.22276,True,3,0,False
2,43;45,16,48,5.406336,3.067108864,8.473444864,73.909992,20.0,93.909992,True,3,0,False
3,43;45;65,24,40,8.421504,3.100663296,11.522167296,61.597224,20.0,81.597224,True,3,0,False
4,43;45;65;73,32,32,11.37396,3.134217728,14.508177728,49.28508,20.0,69.28508,True,3,0,False
5,43;45;65;73;85,40,24,14.41128,3.16777216,17.57905216,36.972624,20.0,56.972624,True,3,0,False
6,43;45;65;73;85;98,48,16,17.33004,3.201326592,20.531366592,24.660792,20.0,44.660792,True,3,0,False
7,43;45;65;73;85;98;100,56,8,20.298408,3.234881024,23.533289024,12.347712,20.0,43.533289024,True,3,0,True
8,43;45;65;73;85;98;100;114,64,0,23.288616,3.268435456,26.557051456,0.0,20.0,46.557051456,True,3,0,False
0,,0,64,0.0,0.0,0.0,98.534592,20.0,118.534592,True,3,1,False
1,18,8,56,2.461056,3.033554432,5.494610432,86.22276,20.0,106.22276,True,3,1,False
2,18;26,16,48,5.406336,3.067108864,8.473444864,73.909992,20.0,93.909992,True,3,1,False
3,18;26;38,24,40,8.421504,3.100663296,11.522167296,61.597224,20.0,81.597224,True,3,1,False
4,18;26;38;42,32,32,11.37396,3.134217728,14.508177728,49.28508,20.0,69.28508,True,3,1,False
5,18;26;38;42;43,40,24,14.41128,3.16777216,17.57905216,36.972624,20.0,56.972624,True,3,1,False
6,18;26;38;42;43;44,48,16,17.33004,3.201326592,20.531366592,24.660792,20.0,44.660792,True,3,1,False
7,18;26;38;42;43;44;49,56,8,20.298408,3.234881024,23.533289024,12.347712,20.0,43.533289024,True,3,1,True
8,18;26;38;42;43;44;49;94,64,0,23.288616,3.268435456,26.557051456,0.0,20.0,46.557051456,True,3,1,False
0,,0,64,0.0,0.0,0.0,98.534592,20.0,118.534592,True,3,2,False
1,38,8,56,2.461056,3.033554432,5.494610432,86.22276,20.0,106.22276,True,3,2,False
2,38;40,16,48,5.406336,3.067108864,8.473444864,73.909992,20.0,93.909992,True,3,2,False
3,38;40;57,24,40,8.421504,3.100663296,11.522167296,61.597224,20.0,81.597224,True,3,2,False
4,38;40;57;82,32,32,11.37396,3.134217728,14.508177728,49.28508,20.0,69.28508,True,3,2,False
5,38;40;57;82;88,40,24,14.41128,3.16777216,17.57905216,36.972624,20.0,56.972624,True,3,2,False
6,38;40;57;82;88;95,48,16,17.33004,3.201326592,20.531366592,24.660792,20.0,44.660792,True,3,2,False
7,38;40;57;82;88;95;113,56,8,20.298408,3.234881024,23.533289024,12.347712,20.0,43.533289024,True,3,2,True
8,38;40;57;82;88;95;113;123,64,0,23.288616,3.268435456,26.557051456,0.0,20.0,46.557051456,True,3,2,False
0,,0,64,0.0,0.0,0.0,98.534592,20.0,118.534592,True,3,3,False
1,51,8,56,2.461056,3.033554432,5.494610432,86.22276,20.0,106.22276,True,3,3,False
2,51;56,16,48,5.406336,3.067108864,8.473444864,73.909992,20.0,93.909992,True,3,3,False
3,51;56;67,24,40,8.421504,3.100663296,11.522167296,61.597224,20.0,81.597224,True,3,3,False
4,51;56;67;71,32,32,11.37396,3.134217728,14.508177728,49.28508,20.0,69.28508,True,3,3,False
5,51;56;67;71;80,40,24,14.41128,3.16777216,17.57905216,36.972624,20.0,56.972624,True,3,3,False
6,51;56;67;71;80;87,48,16,17.33004,3.201326592,20.531366592,24.660792,20.0,44.660792,True,3,3,False
7,51;56;67;71;80;87;101,56,8,20.298408,3.234881024,23.533289024,12.347712,20.0,43.533289024,True,3,3,True
8,51;56;67;71;80;87;101;117,64,0,23.288616,3.268435456,26.557051456,0.0,20.0,46.557051456,True,3,3,False
0,,0,64,0.0,0.0,0.0,98.534592,20.0,118.534592,True,3,4,False
1,12,8,56,2.461056,3.033554432,5.494610432,86.22276,20.0,106.22276,True,3,4,False
2,12;61,16,48,5.406336,3.067108864,8.473444864,73.909992,20.0,93.909992,True,3,4,False
3,12;61;64,24,40,8.421504,3.100663296,11.522167296,61.597224,20.0,81.597224,True,3,4,False
4,12;61;64;65,32,32,11.37396,3.134217728,14.508177728,49.28508,20.0,69.28508,True,3,4,False
5,12;61;64;65;95,40,24,14.41128,3.16777216,17.57905216,36.972624,20.0,56.972624,True,3,4,False
6,12;61;64;65;95;108,48,16,17.33004,3.201326592,20.531366592,24.660792,20.0,44.660792,True,3,4,False
7,12;61;64;65;95;108;110,56,8,20.298408,3.234881024,23.533289024,12.347712,20.0,43.533289024,True,3,4,True
8,12;61;64;65;95;108;110;121,64,0,23.288616,3.268435456,26.557051456,0.0,20.0,46.557051456,True,3,4,False
0,,0,64,0.0,0.0,0.0,98.534592,20.0,118.534592,True,3,5,False
1,9,8,56,2.461056,3.033554432,5.494610432,86.22276,20.0,106.22276,True,3,5,False
2,9;38,16,48,5.406336,3.067108864,8.473444864,73.909992,20.0,93.909992,True,3,5,False
3,9;38;64,24,40,8.421504,3.100663296,11.522167296,61.597224,20.0,81.597224,True,3,5,False
4,9;38;64;73,32,32,11.37396,3.134217728,14.508177728,49.28508,20.0,69.28508,True,3,5,False
5,9;38;64;73;84,40,24,14.41128,3.16777216,17.57905216,36.972624,20.0,56.972624,True,3,5,False
6,9;38;64;73;84;94,48,16,17.33004,3.201326592,20.531366592,24.660792,20.0,44.660792,True,3,5,False
7,9;38;64;73;84;94;104,56,8,20.298408,3.234881024,23.533289024,12.347712,20.0,43.533289024,True,3,5,True
8,9;38;46;64;73;84;94;104,60,4,23.221536,3.25165824,26.47319424,6.190392,20.0,46.47319424,True,3,5,False
9,9;17;38;46;64;73;84;94;104,62,2,26.263848,3.260046848,29.523894848,3.112512,20.0,49.523894848,True,3,5,False
10,9;17;38;45;46;64;73;84;94;104,64,0,29.249064,3.268435456,32.517499456,0.0,20.0,52.517499456,True,3,5,False
0,,0,64,0.0,0.0,0.0,98.534592,20.0,118.534592,True,3,6,False
1,12,8,56,2.461056,3.033554432,5.494610432,86.22276,20.0,106.22276,True,3,6,False
2,12;58,16,48,5.406336,3.067108864,8.473444864,73.909992,20.0,93.909992,True,3,6,False
3,12;58;62,24,40,8.421504,3.100663296,11.522167296,61.597224,20.0,81.597224,True,3,6,False
4,12;58;62;107,32,32,11.37396,3.134217728,14.508177728,49.28508,20.0,69.28508,True,3,6,False
5,12;58;62;107;112,40,24,14.41128,3.16777216,17.57905216,36.972624,20.0,56.972624,True,3,6,False
6,12;58;62;107;112;116,48,16,17.33004,3.201326592,20.531366592,24.660792,20.0,44.660792,True,3,6,False
7,12;58;62;107;112;116;126,56,8,20.298408,3.234881024,23.533289024,12.347712,20.0,43.533289024,True,3,6,True
8,12;24;58;62;107;112;116;126,59,5,23.189712,3.247463936,26.437175936,7.747896,20.0,46.437175936,True,3,6,False
9,12;24;41;58;62;107;112;116;126,62,2,26.263848,3.260046848,29.523894848,3.112512,20.0,49.523894848,True,3,6,False
10,12;24;35;41;58;62;107;112;116;126,64,0,29.249064,3.268435456,32.517499456,0.0,20.0,52.517499456,True,3,6,False
0,,0,64,0.0,0.0,0.0,98.534592,20.0,118.534592,True,3,7,False
1,10,8,56,2.461056,3.033554432,5.494610432,86.22276,20.0,106.22276,True,3,7,False
2,10;19,16,48,5.406336,3.067108864,8.473444864,73.909992,20.0,93.909992,True,3,7,False
3,10;19;24,24,40,8.421504,3.100663296,11.522167296,61.597224,20.0,81.597224,True,3,7,False
4,10;19;24;52,32,32,11.37396,3.134217728,14.508177728,49.28508,20.0,69.28508,True,3,7,False
5,10;19;24;52;75,40,24,14.41128,3.16777216,17.57905216,36.972624,20.0,56.972624,True,3,7,False
6,10;19;24;52;75;114,48,16,17.33004,3.201326592,20.531366592,24.660792,20.0,44.660792,True,3,7,False
7,10;19;24;29;52;75;114,54,10,20.251296,3.226492416,23.477788416,15.426216,20.0,43.477788416,True,3,7,True
8,10;19;24;29;52;75;114;125,60,4,23.221536,3.25165824,26.47319424,6.190392,20.0,46.47319424,True,3,7,False
9,10;15;19;24;29;52;75;114;125,64,0,26.303784,3.268435456,29.572219456,0.0,20.0,49.572219456,True,3,7,False
0,,0,64,0.0,0.0,0.0,98.534592,20.0,118.534592,True,3,8,False
1,9,8,56,2.461056,3.033554432,5.494610432,86.22276,20.0,106.22276,True,3,8,False
2,9;45,16,48,5.406336,3.067108864,8.473444864,73.909992,20.0,93.909992,True,3,8,False
3,9;45;58,24,40,8.421504,3.100663296,11.522167296,61.597224,20.0,81.597224,True,3,8,False
4,9;45;58;77,32,32,11.37396,3.134217728,14.508177728,49.28508,20.0,69.28508,True,3,8,False
5,9;45;58;77;92,40,24,14.41128,3.16777216,17.57905216,36.972624,20.0,56.972624,True,3,8,False
6,9;45;58;77;92;102,48,16,17.33004,3.201326592,20.531366592,24.660792,20.0,44.660792,True,3,8,False
7,9;45;58;77;85;92;102,55,9,20.309328,3.23068672,23.54001472,13.904904,20.0,43.54001472,True,3,8,True
8,9;17;45;58;77;85;92;102,61,3,23.247432,3.255852544,26.503284544,4.670016,20.0,46.503284544,True,3,8,False
9,9;17;45;50;58;77;85;92;102,64,0,26.303784,3.268435456,29.572219456,0.0,20.0,49.572219456,True,3,8,False
0,,0,64,0.0,0.0,0.0,98.534592,20.0,118.534592,True,3,9,False
1,2,8,56,2.461056,3.033554432,5.494610432,86.22276,20.0,106.22276,True,3,9,False
2,2;11,16,48,5.406336,3.067108864,8.473444864,73.909992,20.0,93.909992,True,3,9,False
3,2;11;13,24,40,8.421504,3.100663296,11.522167296,61.597224,20.0,81.597224,True,3,9,False
4,2;11;13;16,32,32,11.37396,3.134217728,14.508177728,49.28508,20.0,69.28508,True,3,9,False
5,2;11;13;16;23,40,24,14.41128,3.16777216,17.57905216,36.972624,20.0,56.972624,True,3,9,False
6,2;11;13;16;23;69,48,16,17.33004,3.201326592,20.531366592,24.660792,20.0,44.660792,True,3,9,False
7,2;11;13;16;23;69;125,56,8,20.298408,3.234881024,23.533289024,12.347712,20.0,43.533289024,True,3,9,True
8,2;11;13;16;23;58;69;125,61,3,23.247432,3.255852544,26.503284544,4.670016,20.0,46.503284544,True,3,9,False
9,2;11;13;16;23;58;69;124;125,63,1,26.291616,3.264241152,29.555857152,1.591512,20.0,49.555857152,True,3,9,False
10,2;11;13;16;23;58;63;69;124;125,64,0,29.249064,3.268435456,32.517499456,0.0,20.0,52.517499456,True,3,9,False
0,,0,64,0.0,0.0,0.0,98.534592,20.0,118.534592,True,3,10,False
1,1,8,56,2.461056,3.033554432,5.494610432,86.22276,20.0,106.22276,True,3,10,False
2,1;5,16,48,5.406336,3.067108864,8.473444864,73.909992,20.0,93.909992,True,3,10,False
3,1;5;12,24,40,8.421504,3.100663296,11.522167296,61.597224,20.0,81.597224,True,3,10,False
4,1;5;12;36,32,32,11.37396,3.134217728,14.508177728,49.28508,20.0,69.28508,True,3,10,False
5,1;5;12;36;68,40,24,14.41128,3.16777216,17.57905216,36.972624,20.0,56.972624,True,3,10,False
6,1;5;12;36;68;78,48,16,17.33004,3.201326592,20.531366592,24.660792,20.0,44.660792,True,3,10,False
7,1;5;12;36;68;78;92,56,8,20.298408,3.234881024,23.533289024,12.347712,20.0,43.533289024,True,3,10,True
8,1;5;12;36;68;78;92;98,64,0,23.288616,3.268435456,26.557051456,0.0,20.0,46.557051456,True,3,10,False
0,,0,64,0.0,0.0,0.0,98.534592,20.0,118.534592,True,3,11,False
1,3,8,56,2.461056,3.033554432,5.494610432,86.22276,20.0,106.22276,True,3,11,False
2,3;15,16,48,5.406336,3.067108864,8.473444864,73.909992,20.0,93.909992,True,3,11,False
3,3;15;32,24,40,8.421504,3.100663296,11.522167296,61.597224,20.0,81.597224,True,3,11,False
4,3;15;32;54,32,32,11.37396,3.134217728,14.508177728,49.28508,20.0,69.28508,True,3,11,False
5,3;15;32;54;62,40,24,14.41128,3.16777216,17.57905216,36.972624,20.0,56.972624,True,3,11,False
6,3;15;32;54;62;76,48,16,17.33004,3.201326592,20.531366592,24.660792,20.0,44.660792,True,3,11,False
7,3;15;32;54;62;76;125,56,8,20.298408,3.234881024,23.533289024,12.347712,20.0,43.533289024,True,3,11,True
8,3;15;32;54;62;76;81;125,60,4,23.221536,3.25165824,26.47319424,6.190392,20.0,46.47319424,True,3,11,False
9,3;15;32;52;54;62;76;81;125,62,2,26.263848,3.260046848,29.523894848,3.112512,20.0,49.523894848,True,3,11,False
10,3;15;32;52;54;62;76;81;121;125,64,0,29.249064,3.268435456,32.517499456,0.0,20.0,52.517499456,True,3,11,False
0,,0,64,0.0,0.0,0.0,98.534592,20.0,118.534592,True,3,12,False
1,11,8,56,2.461056,3.033554432,5.494610432,86.22276,20.0,106.22276,True,3,12,False
2,11;18,16,48,5.406336,3.067108864,8.473444864,73.909992,20.0,93.909992,True,3,12,False
3,11;18;23,24,40,8.421504,3.100663296,11.522167296,61.597224,20.0,81.597224,True,3,12,False
4,11;18;23;39,32,32,11.37396,3.134217728,14.508177728,49.28508,20.0,69.28508,True,3,12,False
5,11;18;23;39;49,40,24,14.41128,3.16777216,17.57905216,36.972624,20.0,56.972624,True,3,12,False
6,11;18;23;39;49;57,48,16,17.33004,3.201326592,20.531366592,24.660792,20.0,44.660792,True,3,12,False
7,11;18;23;39;49;57;65,56,8,20.298408,3.234881024,23.533289024,12.347712,20.0,43.533289024,True,3,12,True
8,11;18;23;39;49;57;65;78,64,0,23.288616,3.268435456,26.557051456,0.0,20.0,46.557051456,True,3,12,False
0,,0,64,0.0,0.0,0.0,98.534592,20.0,118.534592,True,3,13,False
1,33,8,56,2.461056,3.033554432,5.494610432,86.22276,20.0,106.22276,True,3,13,False
2,33;34,16,48,5.406336,3.067108864,8.473444864,73.909992,20.0,93.909992,True,3,13,False
3,33;34;58,24,40,8.421504,3.100663296,11.522167296,61.597224,20.0,81.597224,True,3,13,False
4,33;34;58;63,32,32,11.37396,3.134217728,14.508177728,49.28508,20.0,69.28508,True,3,13,False
5,33;34;58;63;104,40,24,14.41128,3.16777216,17.57905216,36.972624,20.0,56.972624,True,3,13,False
6,33;34;58;63;104;110,48,16,17.33004,3.201326592,20.531366592,24.660792,20.0,44.660792,True,3,13,False
7,33;34;58;63;104;110;122,56,8,20.298408,3.234881024,23.533289024,12.347712,20.0,43.533289024,True,3,13,True
8,33;34;58;63;103;104;110;122,62,2,23.24868,3.260046848,26.508726848,3.112512,20.0,46.508726848,True,3,13,False
9,11;33;34;58;63;103;104;110;122,64,0,26.303784,3.268435456,29.572219456,0.0,20.0,49.572219456,True,3,13,False
0,,0,64,0.0,0.0,0.0,98.534592,20.0,118.534592,True,3,14,False
1,2,8,56,2.461056,3.033554432,5.494610432,86.22276,20.0,106.22276,True,3,14,False
2,2;5,16,48,5.406336,3.067108864,8.473444864,73.909992,20.0,93.909992,True,3,14,False
3,2;5;61,24,40,8.421504,3.100663296,11.522167296,61.597224,20.0,81.597224,True,3,14,False
4,2;5;61;63,32,32,11.37396,3.134217728,14.508177728,49.28508,20.0,69.28508,True,3,14,False
5,2;5;61;63;67,40,24,14.41128,3.16777216,17.57905216,36.972624,20.0,56.972624,True,3,14,False
6,2;5;61;63;67;81,48,16,17.33004,3.201326592,20.531366592,24.660792,20.0,44.660792,True,3,14,False
7,2;5;61;63;67;81;104,56,8,20.298408,3.234881024,23.533289024,12.347712,20.0,43.533289024,True,3,14,True
8,2;5;61;63;67;81;104;109,64,0,23.288616,3.268435456,26.557051456,0.0,20.0,46.557051456,True,3,14,False
0,,0,64,0.0,0.0,0.0,98.534592,20.0,118.534592,True,3,15,False
1,2,8,56,2.461056,3.033554432,5.494610432,86.22276,20.0,106.22276,True,3,15,False
2,2;33,16,48,5.406336,3.067108864,8.473444864,73.909992,20.0,93.909992,True,3,15,False
3,2;33;49,24,40,8.421504,3.100663296,11.522167296,61.597224,20.0,81.597224,True,3,15,False
4,2;33;49;58,32,32,11.37396,3.134217728,14.508177728,49.28508,20.0,69.28508,True,3,15,False
5,2;33;49;58;84,40,24,14.41128,3.16777216,17.57905216,36.972624,20.0,56.972624,True,3,15,False
6,2;33;49;58;84;106,48,16,17.33004,3.201326592,20.531366592,24.660792,20.0,44.660792,True,3,15,False
7,2;33;49;58;84;106;122,56,8,20.298408,3.234881024,23.533289024,12.347712,20.0,43.533289024,True,3,15,True
8,2;33;49;58;84;106;122;127,64,0,23.288616,3.268435456,26.557051456,0.0,20.0,46.557051456,True,3,15,False
0,,0,64,0.0,0.0,0.0,98.534592,20.0,118.534592,True,3,16,False
1,42,8,56,2.461056,3.033554432,5.494610432,86.22276,20.0,106.22276,True,3,16,False
2,42;46,16,48,5.406336,3.067108864,8.473444864,73.909992,20.0,93.909992,True,3,16,False
3,42;46;48,24,40,8.421504,3.100663296,11.522167296,61.597224,20.0,81.597224,True,3,16,False
4,42;46;48;54,32,32,11.37396,3.134217728,14.508177728,49.28508,20.0,69.28508,True,3,16,False
5,42;46;48;54;97,40,24,14.41128,3.16777216,17.57905216,36.972624,20.0,56.972624,True,3,16,False
6,42;46;48;54;97;98,48,16,17.33004,3.201326592,20.531366592,24.660792,20.0,44.660792,True,3,16,False
7,42;46;48;54;97;98;107,56,8,20.298408,3.234881024,23.533289024,12.347712,20.0,43.533289024,True,3,16,True
8,42;46;48;54;97;98;107;122,64,0,23.288616,3.268435456,26.557051456,0.0,20.0,46.557051456,True,3,16,False
0,,0,64,0.0,0.0,0.0,98.534592,20.0,118.534592,True,3,17,False
1,21,8,56,2.461056,3.033554432,5.494610432,86.22276,20.0,106.22276,True,3,17,False
2,21;59,16,48,5.406336,3.067108864,8.473444864,73.909992,20.0,93.909992,True,3,17,False
3,21;59;80,24,40,8.421504,3.100663296,11.522167296,61.597224,20.0,81.597224,True,3,17,False
4,21;59;80;88,32,32,11.37396,3.134217728,14.508177728,49.28508,20.0,69.28508,True,3,17,False
5,21;59;80;88;105,40,24,14.41128,3.16777216,17.57905216,36.972624,20.0,56.972624,True,3,17,False
6,21;59;80;88;105;122,48,16,17.33004,3.201326592,20.531366592,24.660792,20.0,44.660792,True,3,17,False
7,21;59;80;88;105;122;123,56,8,20.298408,3.234881024,23.533289024,12.347712,20.0,43.533289024,True,3,17,True
8,21;59;80;88;105;122;123;124,64,0,23.288616,3.268435456,26.557051456,0.0,20.0,46.557051456,True,3,17,False
0,,0,64,0.0,0.0,0.0,98.534592,20.0,118.534592,True,3,18,False
1,12,8,56,2.461056,3.033554432,5.494610432,86.22276,20.0,106.22276,True,3,18,False
2,12;24,16,48,5.406336,3.067108864,8.473444864,73.909992,20.0,93.909992,True,3,18,False
3,12;24;58,24,40,8.421504,3.100663296,11.522167296,61.597224,20.0,81.597224,True,3,18,False
4,12;24;58;104,32,32,11.37396,3.134217728,14.508177728,49.28508,20.0,69.28508,True,3,18,False
5,12;24;58;104;112,40,24,14.41128,3.16777216,17.57905216,36.972624,20.0,56.972624,True,3,18,False
6,12;24;58;104;112;126,48,16,17.33004,3.201326592,20.531366592,24.660792,20.0,44.660792,True,3,18,False
7,12;24;58;104;112;122;126,55,9,20.309328,3.23068672,23.54001472,13.904904,20.0,43.54001472,True,3,18,True
8,12;24;58;82;104;112;122;126,59,5,23.189712,3.247463936,26.437175936,7.747896,20.0,46.437175936,True,3,18,False
9,12;24;25;58;82;104;112;122;126,62,2,26.263848,3.260046848,29.523894848,3.112512,20.0,49.523894848,True,3,18,False
10,12;24;25;58;63;82;104;112;122;126,63,1,29.236896,3.264241152,32.501137152,1.591512,20.0,52.501137152,True,3,18,False
11,12;24;25;58;63;82;104;107;112;122;126,64,0,32.264232,3.268435456,35.532667456,0.0,20.0,55.532667456,True,3,18,False
0,,0,64,0.0,0.0,0.0,98.534592,20.0,118.534592,True,3,19,False
1,24,8,56,2.461056,3.033554432,5.494610432,86.22276,20.0,106.22276,True,3,19,False
2,24;52,16,48,5.406336,3.067108864,8.473444864,73.909992,20.0,93.909992,True,3,19,False
3,24;52;56,24,40,8.421504,3.100663296,11.522167296,61.597224,20.0,81.597224,True,3,19,False
4,24;52;56;59,32,32,11.37396,3.134217728,14.508177728,49.28508,20.0,69.28508,True,3,19,False
5,24;52;56;59;75,40,24,14.41128,3.16777216,17.57905216,36.972624,20.0,56.972624,True,3,19,False
6,24;52;56;59;75;112,48,16,17.33004,3.201326592,20.531366592,24.660792,20.0,44.660792,True,3,19,False
7,24;52;56;59;75;112;119,56,8,20.298408,3.234881024,23.533289024,12.347712,20.0,43.533289024,True,3,19,True
8,24;29;52;56;59;75;112;119,63,1,23.276448,3.264241152,26.540689152,1.591512,20.0,46.540689152,True,3,19,False
9,24;29;52;56;59;75;79;112;119,64,0,26.303784,3.268435456,29.572219456,0.0,20.0,49.572219456,True,3,19,False
0,,0,64,0.0,0.0,0.0,98.534592,20.0,118.534592,True,3,20,False
1,9,8,56,2.461056,3.033554432,5.494610432,86.22276,20.0,106.22276,True,3,20,False
2,9;45,16,48,5.406336,3.067108864,8.473444864,73.909992,20.0,93.909992,True,3,20,False
3,9;45;48,24,40,8.421504,3.100663296,11.522167296,61.597224,20.0,81.597224,True,3,20,False
4,9;45;48;53,32,32,11.37396,3.134217728,14.508177728,49.28508,20.0,69.28508,True,3,20,False
5,9;45;48;53;65,40,24,14.41128,3.16777216,17.57905216,36.972624,20.0,56.972624,True,3,20,False
6,9;45;48;53;65;85,48,16,17.33004,3.201326592,20.531366592,24.660792,20.0,44.660792,True,3,20,False
7,9;45;48;53;65;85;114,56,8,20.298408,3.234881024,23.533289024,12.347712,20.0,43.533289024,True,3,20,True
8,9;16;45;48;53;65;85;114,61,3,23.247432,3.255852544,26.503284544,4.670016,20.0,46.503284544,True,3,20,False
9,9;16;45;48;53;65;85;92;114,64,0,26.303784,3.268435456,29.572219456,0.0,20.0,49.572219456,True,3,20,False
0,,0,64,0.0,0.0,0.0,98.534592,20.0,118.534592,True,3,21,False
1,0,8,56,2.461056,3.033554432,5.494610432,86.22276,20.0,106.22276,True,3,21,False
2,0;2,16,48,5.406336,3.067108864,8.473444864,73.909992,20.0,93.909992,True,3,21,False
3,0;2;11,24,40,8.421504,3.100663296,11.522167296,61.597224,20.0,81.597224,True,3,21,False
4,0;2;11;13,32,32,11.37396,3.134217728,14.508177728,49.28508,20.0,69.28508,True,3,21,False
5,0;2;11;13;50,40,24,14.41128,3.16777216,17.57905216,36.972624,20.0,56.972624,True,3,21,False
6,0;2;11;13;50;63,48,16,17.33004,3.201326592,20.531366592,24.660792,20.0,44.660792,True,3,21,False
7,0;2;11;13;50;63;124,56,8,20.298408,3.234881024,23.533289024,12.347712,20.0,43.533289024,True,3,21,True
8,0;2;11;13;50;58;63;124,63,1,23.276448,3.264241152,26.540689152,1.591512,20.0,46.540689152,True,3,21,False
9,0;2;11;13;50;56;58;63;124,64,0,26.303784,3.268435456,29.572219456,0.0,20.0,49.572219456,True,3,21,False
0,,0,64,0.0,0.0,0.0,98.534592,20.0,118.534592,True,3,22,False
1,6,8,56,2.461056,3.033554432,5.494610432,86.22276,20.0,106.22276,True,3,22,False
2,6;12,16,48,5.406336,3.067108864,8.473444864,73.909992,20.0,93.909992,True,3,22,False
3,6;12;31,24,40,8.421504,3.100663296,11.522167296,61.597224,20.0,81.597224,True,3,22,False
4,6;12;31;36,32,32,11.37396,3.134217728,14.508177728,49.28508,20.0,69.28508,True,3,22,False
5,6;12;31;36;68,40,24,14.41128,3.16777216,17.57905216,36.972624,20.0,56.972624,True,3,22,False
6,6;12;31;36;68;75,48,16,17.33004,3.201326592,20.531366592,24.660792,20.0,44.660792,True,3,22,False
7,6;12;31;36;68;75;78,56,8,20.298408,3.234881024,23.533289024,12.347712,20.0,43.533289024,True,3,22,True
8,6;12;31;36;68;75;78;90,64,0,23.288616,3.268435456,26.557051456,0.0,20.0,46.557051456,True,3,22,False
0,,0,64,0.0,0.0,0.0,98.534592,20.0,118.534592,True,3,23,False
1,3,8,56,2.461056,3.033554432,5.494610432,86.22276,20.0,106.22276,True,3,23,False
2,3;4,16,48,5.406336,3.067108864,8.473444864,73.909992,20.0,93.909992,True,3,23,False
3,3;4;14,24,40,8.421504,3.100663296,11.522167296,61.597224,20.0,81.597224,True,3,23,False
4,3;4;14;32,32,32,11.37396,3.134217728,14.508177728,49.28508,20.0,69.28508,True,3,23,False
5,3;4;14;32;48,40,24,14.41128,3.16777216,17.57905216,36.972624,20.0,56.972624,True,3,23,False
6,3;4;14;32;48;54,48,16,17.33004,3.201326592,20.531366592,24.660792,20.0,44.660792,True,3,23,False
7,3;4;14;32;48;54;56,56,8,20.298408,3.234881024,23.533289024,12.347712,20.0,43.533289024,True,3,23,True
8,3;4;14;32;48;54;56;121,64,0,23.288616,3.268435456,26.557051456,0.0,20.0,46.557051456,True,3,23,False
0,,0,64,0.0,0.0,0.0,98.534592,20.0,118.534592,True,3,24,False
1,11,8,56,2.461056,3.033554432,5.494610432,86.22276,20.0,106.22276,True,3,24,False
2,11;21,16,48,5.406336,3.067108864,8.473444864,73.909992,20.0,93.909992,True,3,24,False
3,11;21;23,24,40,8.421504,3.100663296,11.522167296,61.597224,20.0,81.597224,True,3,24,False
4,11;21;23;57,32,32,11.37396,3.134217728,14.508177728,49.28508,20.0,69.28508,True,3,24,False
5,11;21;23;57;89,40,24,14.41128,3.16777216,17.57905216,36.972624,20.0,56.972624,True,3,24,False
6,11;21;23;57;89;108,48,16,17.33004,3.201326592,20.531366592,24.660792,20.0,44.660792,True,3,24,False
7,11;21;23;57;89;108;111,56,8,20.298408,3.234881024,23.533289024,12.347712,20.0,43.533289024,True,3,24,True
8,11;21;23;57;62;89;108;111,61,3,23.247432,3.255852544,26.503284544,4.670016,20.0,46.503284544,True,3,24,False
9,11;21;23;28;57;62;89;108;111,63,1,26.291616,3.264241152,29.555857152,1.591512,20.0,49.555857152,True,3,24,False
10,11;21;23;28;35;57;62;89;108;111,64,0,29.249064,3.268435456,32.517499456,0.0,20.0,52.517499456,True,3,24,False
0,,0,64,0.0,0.0,0.0,98.534592,20.0,118.534592,True,3,25,False
1,1,8,56,2.461056,3.033554432,5.494610432,86.22276,20.0,106.22276,True,3,25,False
2,1;33,16,48,5.406336,3.067108864,8.473444864,73.909992,20.0,93.909992,True,3,25,False
3,1;33;52,24,40,8.421504,3.100663296,11.522167296,61.597224,20.0,81.597224,True,3,25,False
4,1;33;52;87,32,32,11.37396,3.134217728,14.508177728,49.28508,20.0,69.28508,True,3,25,False
5,1;33;52;87;91,40,24,14.41128,3.16777216,17.57905216,36.972624,20.0,56.972624,True,3,25,False
6,1;33;52;87;91;110,48,16,17.33004,3.201326592,20.531366592,24.660792,20.0,44.660792,True,3,25,False
7,1;33;52;87;91;110;122,56,8,20.298408,3.234881024,23.533289024,12.347712,20.0,43.533289024,True,3,25,True
8,1;33;34;52;87;91;110;122,61,3,23.247432,3.255852544,26.503284544,4.670016,20.0,46.503284544,True,3,25,False
9,1;33;34;52;87;91;99;110;122,64,0,26.303784,3.268435456,29.572219456,0.0,20.0,49.572219456,True,3,25,False
0,,0,64,0.0,0.0,0.0,98.534592,20.0,118.534592,True,3,26,False
1,4,8,56,2.461056,3.033554432,5.494610432,86.22276,20.0,106.22276,True,3,26,False
2,4;14,16,48,5.406336,3.067108864,8.473444864,73.909992,20.0,93.909992,True,3,26,False
3,4;14;67,24,40,8.421504,3.100663296,11.522167296,61.597224,20.0,81.597224,True,3,26,False
4,4;14;67;81,32,32,11.37396,3.134217728,14.508177728,49.28508,20.0,69.28508,True,3,26,False
5,4;14;67;81;94,40,24,14.41128,3.16777216,17.57905216,36.972624,20.0,56.972624,True,3,26,False
6,4;14;67;81;94;104,48,16,17.33004,3.201326592,20.531366592,24.660792,20.0,44.660792,True,3,26,False
7,4;14;67;81;94;104;109,56,8,20.298408,3.234881024,23.533289024,12.347712,20.0,43.533289024,True,3,26,True
8,4;14;61;67;81;94;104;109,63,1,23.276448,3.264241152,26.540689152,1.591512,20.0,46.540689152,True,3,26,False
9,4;14;61;67;81;94;104;109;121,64,0,26.303784,3.268435456,29.572219456,0.0,20.0,49.572219456,True,3,26,False
0,,0,64,0.0,0.0,0.0,98.534592,20.0,118.534592,True,3,27,False
1,2,8,56,2.461056,3.033554432,5.494610432,86.22276,20.0,106.22276,True,3,27,False
2,2;11,16,48,5.406336,3.067108864,8.473444864,73.909992,20.0,93.909992,True,3,27,False
3,2;11;33,24,40,8.421504,3.100663296,11.522167296,61.597224,20.0,81.597224,True,3,27,False
4,2;11;33;49,32,32,11.37396,3.134217728,14.508177728,49.28508,20.0,69.28508,True,3,27,False
5,2;11;33;49;51,40,24,14.41128,3.16777216,17.57905216,36.972624,20.0,56.972624,True,3,27,False
6,2;11;33;49;51;106,48,16,17.33004,3.201326592,20.531366592,24.660792,20.0,44.660792,True,3,27,False
7,2;11;33;49;51;106;122,56,8,20.298408,3.234881024,23.533289024,12.347712,20.0,43.533289024,True,3,27,True
8,2;11;33;49;51;106;122;127,64,0,23.288616,3.268435456,26.557051456,0.0,20.0,46.557051456,True,3,27,False
0,,0,64,0.0,0.0,0.0,98.534592,20.0,118.534592,True,3,28,False
1,42,8,56,2.461056,3.033554432,5.494610432,86.22276,20.0,106.22276,True,3,28,False
2,42;48,16,48,5.406336,3.067108864,8.473444864,73.909992,20.0,93.909992,True,3,28,False
3,42;48;58,24,40,8.421504,3.100663296,11.522167296,61.597224,20.0,81.597224,True,3,28,False
4,42;48;58;91,32,32,11.37396,3.134217728,14.508177728,49.28508,20.0,69.28508,True,3,28,False
5,42;48;58;91;97,40,24,14.41128,3.16777216,17.57905216,36.972624,20.0,56.972624,True,3,28,False
6,42;48;58;91;97;98,48,16,17.33004,3.201326592,20.531366592,24.660792,20.0,44.660792,True,3,28,False
7,42;48;58;91;97;98;109,56,8,20.298408,3.234881024,23.533289024,12.347712,20.0,43.533289024,True,3,28,True
8,42;48;58;91;97;98;109;122,64,0,23.288616,3.268435456,26.557051456,0.0,20.0,46.557051456,True,3,28,False
0,,0,64,0.0,0.0,0.0,98.534592,20.0,118.534592,True,3,29,False
1,33,8,56,2.461056,3.033554432,5.494610432,86.22276,20.0,106.22276,True,3,29,False
2,33;34,16,48,5.406336,3.067108864,8.473444864,73.909992,20.0,93.909992,True,3,29,False
3,33;34;50,24,40,8.421504,3.100663296,11.522167296,61.597224,20.0,81.597224,True,3,29,False
4,33;34;50;75,32,32,11.37396,3.134217728,14.508177728,49.28508,20.0,69.28508,True,3,29,False
5,33;34;50;75;105,40,24,14.41128,3.16777216,17.57905216,36.972624,20.0,56.972624,True,3,29,False
6,33;34;50;75;105;120,48,16,17.33004,3.201326592,20.531366592,24.660792,20.0,44.660792,True,3,29,False
7,33;34;50;73;75;105;120,55,9,20.309328,3.23068672,23.54001472,13.904904,20.0,43.54001472,True,3,29,True
8,33;34;50;59;73;75;105;120,60,4,23.221536,3.25165824,26.47319424,6.190392,20.0,46.47319424,True,3,29,False
9,33;34;50;59;73;75;80;105;120,64,0,26.303784,3.268435456,29.572219456,0.0,20.0,49.572219456,True,3,29,False
0,,0,64,0.0,0.0,0.0,98.534592,20.0,118.534592,True,3,30,False
1,24,8,56,2.461056,3.033554432,5.494610432,86.22276,20.0,106.22276,True,3,30,False
2,24;58,16,48,5.406336,3.067108864,8.473444864,73.909992,20.0,93.909992,True,3,30,False
3,24;58;71,24,40,8.421504,3.100663296,11.522167296,61.597224,20.0,81.597224,True,3,30,False
4,24;58;71;84,32,32,11.37396,3.134217728,14.508177728,49.28508,20.0,69.28508,True,3,30,False
5,24;58;71;84;107,40,24,14.41128,3.16777216,17.57905216,36.972624,20.0,56.972624,True,3,30,False
6,24;58;71;84;107;122,48,16,17.33004,3.201326592,20.531366592,24.660792,20.0,44.660792,True,3,30,False
7,24;58;71;84;107;122;126,56,8,20.298408,3.234881024,23.533289024,12.347712,20.0,43.533289024,True,3,30,True
8,24;58;63;71;84;107;122;126,61,3,23.247432,3.255852544,26.503284544,4.670016,20.0,46.503284544,True,3,30,False
9,24;58;63;71;84;93;107;122;126,63,1,26.291616,3.264241152,29.555857152,1.591512,20.0,49.555857152,True,3,30,False
10,24;58;63;71;84;87;93;107;122;126,64,0,29.249064,3.268435456,32.517499456,0.0,20.0,52.517499456,True,3,30,False
0,,0,64,0.0,0.0,0.0,98.534592,20.0,118.534592,True,3,31,False
1,10,8,56,2.461056,3.033554432,5.494610432,86.22276,20.0,106.22276,True,3,31,False
2,10;24,16,48,5.406336,3.067108864,8.473444864,73.909992,20.0,93.909992,True,3,31,False
3,10;24;32,24,40,8.421504,3.100663296,11.522167296,61.597224,20.0,81.597224,True,3,31,False
4,10;24;32;59,32,32,11.37396,3.134217728,14.508177728,49.28508,20.0,69.28508,True,3,31,False
5,10;24;32;59;79,40,24,14.41128,3.16777216,17.57905216,36.972624,20.0,56.972624,True,3,31,False
6,10;24;32;59;79;82,48,16,17.33004,3.201326592,20.531366592,24.660792,20.0,44.660792,True,3,31,False
7,10;24;32;59;79;82;114,56,8,20.298408,3.234881024,23.533289024,12.347712,20.0,43.533289024,True,3,31,True
8,10;24;32;47;59;79;82;114,59,5,23.189712,3.247463936,26.437175936,7.747896,20.0,46.437175936,True,3,31,False
9,10;24;32;38;47;59;79;82;114,61,3,26.2626,3.255852544,29.518452544,4.670016,20.0,49.518452544,True,3,31,False
10,10;24;32;38;47;52;59;79;82;114,63,1,29.236896,3.264241152,32.501137152,1.591512,20.0,52.501137152,True,3,31,False
11,10;24;32;38;47;52;59;79;82;112;114,64,0,32.264232,3.268435456,35.532667456,0.0,20.0,55.532667456,True,3,31,False
0,,0,64,0.0,0.0,0.0,98.534592,20.0,118.534592,True,3,32,False
1,5,8,56,2.461056,3.033554432,5.494610432,86.22276,20.0,106.22276,True,3,32,False
2,5;16,16,48,5.406336,3.067108864,8.473444864,73.909992,20.0,93.909992,True,3,32,False
3,5;16;30,24,40,8.421504,3.100663296,11.522167296,61.597224,20.0,81.597224,True,3,32,False
4,5;16;30;48,32,32,11.37396,3.134217728,14.508177728,49.28508,20.0,69.28508,True,3,32,False
5,5;16;30;48;57,40,24,14.41128,3.16777216,17.57905216,36.972624,20.0,56.972624,True,3,32,False
6,5;16;30;48;57;83,48,16,17.33004,3.201326592,20.531366592,24.660792,20.0,44.660792,True,3,32,False
7,5;16;30;48;57;83;92,56,8,20.298408,3.234881024,23.533289024,12.347712,20.0,43.533289024,True,3,32,True
8,5;16;30;48;57;83;92;114,64,0,23.288616,3.268435456,26.557051456,0.0,20.0,46.557051456,True,3,32,False
0,,0,64,0.0,0.0,0.0,98.534592,20.0,118.534592,True,3,33,False
1,0,8,56,2.461056,3.033554432,5.494610432,86.22276,20.0,106.22276,True,3,33,False
2,0;2,16,48,5.406336,3.067108864,8.473444864,73.909992,20.0,93.909992,True,3,33,False
3,0;2;13,24,40,8.421504,3.100663296,11.522167296,61.597224,20.0,81.597224,True,3,33,False
4,0;2;13;14,32,32,11.37396,3.134217728,14.508177728,49.28508,20.0,69.28508,True,3,33,False
5,0;2;13;14;34,40,24,14.41128,3.16777216,17.57905216,36.972624,20.0,56.972624,True,3,33,False
6,0;2;13;14;34;50,48,16,17.33004,3.201326592,20.531366592,24.660792,20.0,44.660792,True,3,33,False
7,0;2;13;14;34;50;51,56,8,20.298408,3.234881024,23.533289024,12.347712,20.0,43.533289024,True,3,33,True
8,0;2;13;14;34;50;51;63,64,0,23.288616,3.268435456,26.557051456,0.0,20.0,46.557051456,True,3,33,False
0,,0,64,0.0,0.0,0.0,98.534592,20.0,118.534592,True,3,34,False
1,12,8,56,2.461056,3.033554432,5.494610432,86.22276,20.0,106.22276,True,3,34,False
2,12;22,16,48,5.406336,3.067108864,8.473444864,73.909992,20.0,93.909992,True,3,34,False
3,12;22;29,24,40,8.421504,3.100663296,11.522167296,61.597224,20.0,81.597224,True,3,34,False
4,12;22;29;67,32,32,11.37396,3.134217728,14.508177728,49.28508,20.0,69.28508,True,3,34,False
5,12;22;29;67;68,40,24,14.41128,3.16777216,17.57905216,36.972624,20.0,56.972624,True,3,34,False
6,12;22;29;67;68;75,48,16,17.33004,3.201326592,20.531366592,24.660792,20.0,44.660792,True,3,34,False
7,12;22;29;67;68;75;84,56,8,20.298408,3.234881024,23.533289024,12.347712,20.0,43.533289024,True,3,34,True
8,12;22;29;31;67;68;75;84,60,4,23.221536,3.25165824,26.47319424,6.190392,20.0,46.47319424,True,3,34,False
9,12;22;29;31;58;67;68;75;84,64,0,26.303784,3.268435456,29.572219456,0.0,20.0,49.572219456,True,3,34,False
0,,0,64,0.0,0.0,0.0,98.534592,20.0,118.534592,True,3,35,False
1,3,8,56,2.461056,3.033554432,5.494610432,86.22276,20.0,106.22276,True,3,35,False
2,3;14,16,48,5.406336,3.067108864,8.473444864,73.909992,20.0,93.909992,True,3,35,False
3,3;14;15,24,40,8.421504,3.100663296,11.522167296,61.597224,20.0,81.597224,True,3,35,False
4,3;14;15;32,32,32,11.37396,3.134217728,14.508177728,49.28508,20.0,69.28508,True,3,35,False
5,3;14;15;32;54,40,24,14.41128,3.16777216,17.57905216,36.972624,20.0,56.972624,True,3,35,False
6,3;14;15;32;54;62,48,16,17.33004,3.201326592,20.531366592,24.660792,20.0,44.660792,True,3,35,False
7,3;14;15;31;32;54;62,54,10,20.251296,3.226492416,23.477788416,15.426216,20.0,43.477788416,True,3,35,True
8,3;14;15;31;32;54;62;76,58,6,23.228712,3.243269632,26.471981632,9.268896,20.0,46.471981632,True,3,35,False
9,3;14;15;17;31;32;54;62;76,61,3,26.2626,3.255852544,29.518452544,4.670016,20.0,49.518452544,True,3,35,False
10,3;14;15;17;31;32;54;56;62;76,64,0,29.249064,3.268435456,32.517499456,0.0,20.0,52.517499456,True,3,35,False
0,,0,64,0.0,0.0,0.0,98.534592,20.0,118.534592,True,3,36,False
1,20,8,56,2.461056,3.033554432,5.494610432,86.22276,20.0,106.22276,True,3,36,False
2,20;21,16,48,5.406336,3.067108864,8.473444864,73.909992,20.0,93.909992,True,3,36,False
3,20;21;62,24,40,8.421504,3.100663296,11.522167296,61.597224,20.0,81.597224,True,3,36,False
4,20;21;62;85,32,32,11.37396,3.134217728,14.508177728,49.28508,20.0,69.28508,True,3,36,False
5,20;21;62;85;89,40,24,14.41128,3.16777216,17.57905216,36.972624,20.0,56.972624,True,3,36,False
6,20;21;62;85;89;111,48,16,17.33004,3.201326592,20.531366592,24.660792,20.0,44.660792,True,3,36,False
7,20;21;62;85;89;111;122,56,8,20.298408,3.234881024,23.533289024,12.347712,20.0,43.533289024,True,3,36,True
8,20;21;62;78;85;89;111;122,60,4,23.221536,3.25165824,26.47319424,6.190392,20.0,46.47319424,True,3,36,False
9,20;21;62;78;85;89;91;111;122,63,1,26.291616,3.264241152,29.555857152,1.591512,20.0,49.555857152,True,3,36,False
10,11;20;21;62;78;85;89;91;111;122,64,0,29.249064,3.268435456,32.517499456,0.0,20.0,52.517499456,True,3,36,False
0,,0,64,0.0,0.0,0.0,98.534592,20.0,118.534592,True,3,37,False
1,0,8,56,2.461056,3.033554432,5.494610432,86.22276,20.0,106.22276,True,3,37,False
2,0;25,16,48,5.406336,3.067108864,8.473444864,73.909992,20.0,93.909992,True,3,37,False
3,0;25;26,24,40,8.421504,3.100663296,11.522167296,61.597224,20.0,81.597224,True,3,37,False
4,0;25;26;71,32,32,11.37396,3.134217728,14.508177728,49.28508,20.0,69.28508,True,3,37,False
5,0;25;26;71;73,40,24,14.41128,3.16777216,17.57905216,36.972624,20.0,56.972624,True,3,37,False
6,0;25;26;71;73;91,48,16,17.33004,3.201326592,20.531366592,24.660792,20.0,44.660792,True,3,37,False
7,0;25;26;71;73;91;110,56,8,20.298408,3.234881024,23.533289024,12.347712,20.0,43.533289024,True,3,37,True
8,0;25;26;71;73;91;110;122,64,0,23.288616,3.268435456,26.557051456,0.0,20.0,46.557051456,True,3,37,False
0,,0,64,0.0,0.0,0.0,98.534592,20.0,118.534592,True,3,38,False
1,12,8,56,2.461056,3.033554432,5.494610432,86.22276,20.0,106.22276,True,3,38,False
2,12;76,16,48,5.406336,3.067108864,8.473444864,73.909992,20.0,93.909992,True,3,38,False
3,12;76;81,24,40,8.421504,3.100663296,11.522167296,61.597224,20.0,81.597224,True,3,38,False
4,12;76;81;104,32,32,11.37396,3.134217728,14.508177728,49.28508,20.0,69.28508,True,3,38,False
5,12;76;81;104;109,40,24,14.41128,3.16777216,17.57905216,36.972624,20.0,56.972624,True,3,38,False
6,12;76;81;104;109;110,48,16,17.33004,3.201326592,20.531366592,24.660792,20.0,44.660792,True,3,38,False
7,12;76;81;100;104;109;110,54,10,20.251296,3.226492416,23.477788416,15.426216,20.0,43.477788416,True,3,38,True
8,12;76;81;100;104;109;110;121,59,5,23.189712,3.247463936,26.437175936,7.747896,20.0,46.437175936,True,3,38,False
9,12;76;81;91;100;104;109;110;121,62,2,26.263848,3.260046848,29.523894848,3.112512,20.0,49.523894848,True,3,38,False
10,4;12;76;81;91;100;104;109;110;121,64,0,29.249064,3.268435456,32.517499456,0.0,20.0,52.517499456,True,3,38,False
0,,0,64,0.0,0.0,0.0,98.534592,20.0,118.534592,True,3,39,False
1,2,8,56,2.461056,3.033554432,5.494610432,86.22276,20.0,106.22276,True,3,39,False
2,2;49,16,48,5.406336,3.067108864,8.473444864,73.909992,20.0,93.909992,True,3,39,False
3,2;49;59,24,40,8.421504,3.100663296,11.522167296,61.597224,20.0,81.597224,True,3,39,False
4,2;49;59;70,32,32,11.37396,3.134217728,14.508177728,49.28508,20.0,69.28508,True,3,39,False
5,2;49;59;70;106,40,24,14.41128,3.16777216,17.57905216,36.972624,20.0,56.972624,True,3,39,False
6,2;49;59;70;106;118,48,16,17.33004,3.201326592,20.531366592,24.660792,20.0,44.660792,True,3,39,False
7,2;49;59;70;106;118;127,56,8,20.298408,3.234881024,23.533289024,12.347712,20.0,43.533289024,True,3,39,True
8,2;16;49;59;70;106;118;127,63,1,23.276448,3.264241152,26.540689152,1.591512,20.0,46.540689152,True,3,39,False
9,2;8;16;49;59;70;106;118;127,64,0,26.303784,3.268435456,29.572219456,0.0,20.0,49.572219456,True,3,39,False
0,,0,64,0.0,0.0,0.0,98.534592,20.0,118.534592,True,3,40,False
1,34,8,56,2.461056,3.033554432,5.494610432,86.22276,20.0,106.22276,True,3,40,False
2,34;48,16,48,5.406336,3.067108864,8.473444864,73.909992,20.0,93.909992,True,3,40,False
3,34;48;58,24,40,8.421504,3.100663296,11.522167296,61.597224,20.0,81.597224,True,3,40,False
4,34;48;58;65,32,32,11.37396,3.134217728,14.508177728,49.28508,20.0,69.28508,True,3,40,False
5,34;48;58;65;87,40,24,14.41128,3.16777216,17.57905216,36.972624,20.0,56.972624,True,3,40,False
6,34;48;58;65;87;91,48,16,17.33004,3.201326592,20.531366592,24.660792,20.0,44.660792,True,3,40,False
7,34;48;58;65;87;91;122,56,8,20.298408,3.234881024,23.533289024,12.347712,20.0,43.533289024,True,3,40,True
8,34;48;58;65;87;91;98;122,63,1,23.276448,3.264241152,26.540689152,1.591512,20.0,46.540689152,True,3,40,False
9,34;48;58;65;87;89;91;98;122,64,0,26.303784,3.268435456,29.572219456,0.0,20.0,49.572219456,True,3,40,False
0,,0,64,0.0,0.0,0.0,98.534592,20.0,118.534592,True,3,41,False
1,1,8,56,2.461056,3.033554432,5.494610432,86.22276,20.0,106.22276,True,3,41,False
2,1;10,16,48,5.406336,3.067108864,8.473444864,73.909992,20.0,93.909992,True,3,41,False
3,1;10;21,24,40,8.421504,3.100663296,11.522167296,61.597224,20.0,81.597224,True,3,41,False
4,1;10;21;33,32,32,11.37396,3.134217728,14.508177728,49.28508,20.0,69.28508,True,3,41,False
5,1;10;21;33;80,40,24,14.41128,3.16777216,17.57905216,36.972624,20.0,56.972624,True,3,41,False
6,1;10;21;33;80;105,48,16,17.33004,3.201326592,20.531366592,24.660792,20.0,44.660792,True,3,41,False
7,1;10;21;33;80;105;123,56,8,20.298408,3.234881024,23.533289024,12.347712,20.0,43.533289024,True,3,41,True
8,1;10;21;33;37;80;105;123,63,1,23.276448,3.264241152,26.540689152,1.591512,20.0,46.540689152,True,3,41,False
9,1;10;21;33;37;80;105;120;123,64,0,26.303784,3.268435456,29.572219456,0.0,20.0,49.572219456,True,3,41,False
0,,0,64,0.0,0.0,0.0,98.534592,20.0,118.534592,True,3,42,False
1,30,8,56,2.461056,3.033554432,5.494610432,86.22276,20.0,106.22276,True,3,42,False
2,30;35,16,48,5.406336,3.067108864,8.473444864,73.909992,20.0,93.909992,True,3,42,False
3,30;35;43,24,40,8.421504,3.100663296,11.522167296,61.597224,20.0,81.597224,True,3,42,False
4,30;35;43;76,32,32,11.37396,3.134217728,14.508177728,49.28508,20.0,69.28508,True,3,42,False
5,30;35;43;76;81,40,24,14.41128,3.16777216,17.57905216,36.972624,20.0,56.972624,True,3,42,False
6,30;35;43;76;81;88,48,16,17.33004,3.201326592,20.531366592,24.660792,20.0,44.660792,True,3,42,False
7,30;35;43;76;81;88;114,56,8,20.298408,3.234881024,23.533289024,12.347712,20.0,43.533289024,True,3,42,True
8,30;35;39;43;76;81;88;114,62,2,23.24868,3.260046848,26.508726848,3.112512,20.0,46.508726848,True,3,42,False
9,30;35;39;43;76;81;88;114;115,64,0,26.303784,3.268435456,29.572219456,0.0,20.0,49.572219456,True,3,42,False
0,,0,64,0.0,0.0,0.0,98.534592,20.0,118.534592,True,3,43,False
1,10,8,56,2.461056,3.033554432,5.494610432,86.22276,20.0,106.22276,True,3,43,False
2,10;11,16,48,5.406336,3.067108864,8.473444864,73.909992,20.0,93.909992,True,3,43,False
3,10;11;37,24,40,8.421504,3.100663296,11.522167296,61.597224,20.0,81.597224,True,3,43,False
4,10;11;37;83,32,32,11.37396,3.134217728,14.508177728,49.28508,20.0,69.28508,True,3,43,False
5,10;11;37;83;92,40,24,14.41128,3.16777216,17.57905216,36.972624,20.0,56.972624,True,3,43,False
6,10;11;37;83;92;94,48,16,17.33004,3.201326592,20.531366592,24.660792,20.0,44.660792,True,3,43,False
7,10;11;37;83;92;94;96,56,8,20.298408,3.234881024,23.533289024,12.347712,20.0,43.533289024,True,3,43,True
8,10;11;37;45;83;92;94;96,63,1,23.276448,3.264241152,26.540689152,1.591512,20.0,46.540689152,True,3,43,False
9,10;11;37;45;83;92;94;96;98,64,0,26.303784,3.268435456,29.572219456,0.0,20.0,49.572219456,True,3,43,False
0,,0,64,0.0,0.0,0.0,98.534592,20.0,118.534592,True,3,44,False
1,12,8,56,2.461056,3.033554432,5.494610432,86.22276,20.0,106.22276,True,3,44,False
2,12;15,16,48,5.406336,3.067108864,8.473444864,73.909992,20.0,93.909992,True,3,44,False
3,12;15;79,24,40,8.421504,3.100663296,11.522167296,61.597224,20.0,81.597224,True,3,44,False
4,12;15;79;90,32,32,11.37396,3.134217728,14.508177728,49.28508,20.0,69.28508,True,3,44,False
5,12;15;79;90;102,40,24,14.41128,3.16777216,17.57905216,36.972624,20.0,56.972624,True,3,44,False
6,12;15;79;90;102;107,48,16,17.33004,3.201326592,20.531366592,24.660792,20.0,44.660792,True,3,44,False
7,12;15;79;90;102;104;107,55,9,20.309328,3.23068672,23.54001472,13.904904,20.0,43.54001472,True,3,44,True
8,12;15;65;79;90;102;104;107,61,3,23.247432,3.255852544,26.503284544,4.670016,20.0,46.503284544,True,3,44,False
9,12;15;50;65;79;90;102;104;107,63,1,26.291616,3.264241152,29.555857152,1.591512,20.0,49.555857152,True,3,44,False
10,7;12;15;50;65;79;90;102;104;107,64,0,29.249064,3.268435456,32.517499456,0.0,20.0,52.517499456,True,3,44,False
0,,0,64,0.0,0.0,0.0,98.534592,20.0,118.534592,True,3,45,False
1,1,8,56,2.461056,3.033554432,5.494610432,86.22276,20.0,106.22276,True,3,45,False
2,1;2,16,48,5.406336,3.067108864,8.473444864,73.909992,20.0,93.909992,True,3,45,False
3,1;2;4,24,40,8.421504,3.100663296,11.522167296,61.597224,20.0,81.597224,True,3,45,False
4,1;2;4;18,32,32,11.37396,3.134217728,14.508177728,49.28508,20.0,69.28508,True,3,45,False
5,1;2;4;18;53,40,24,14.41128,3.16777216,17.57905216,36.972624,20.0,56.972624,True,3,45,False
6,1;2;4;18;53;64,48,16,17.33004,3.201326592,20.531366592,24.660792,20.0,44.660792,True,3,45,False
7,1;2;4;18;53;64;92,56,8,20.298408,3.234881024,23.533289024,12.347712,20.0,43.533289024,True,3,45,True
8,1;2;4;18;53;64;92;107,64,0,23.288616,3.268435456,26.557051456,0.0,20.0,46.557051456,True,3,45,False
0,,0,64,0.0,0.0,0.0,98.534592,20.0,118.534592,True,3,46,False
1,21,8,56,2.461056,3.033554432,5.494610432,86.22276,20.0,106.22276,True,3,46,False
2,21;34,16,48,5.406336,3.067108864,8.473444864,73.909992,20.0,93.909992,True,3,46,False
3,21;34;35,24,40,8.421504,3.100663296,11.522167296,61.597224,20.0,81.597224,True,3,46,False
4,21;34;35;38,32,32,11.37396,3.134217728,14.508177728,49.28508,20.0,69.28508,True,3,46,False
5,21;34;35;38;76,40,24,14.41128,3.16777216,17.57905216,36.972624,20.0,56.972624,True,3,46,False
6,21;34;35;38;76;97,48,16,17.33004,3.201326592,20.531366592,24.660792,20.0,44.660792,True,3,46,False
7,21;34;35;38;76;97;102,56,8,20.298408,3.234881024,23.533289024,12.347712,20.0,43.533289024,True,3,46,True
8,21;34;35;38;76;97;102;103,64,0,23.288616,3.268435456,26.557051456,0.0,20.0,46.557051456,True,3,46,False
0,,0,64,0.0,0.0,0.0,98.534592,20.0,118.534592,True,3,47,False
1,20,8,56,2.461056,3.033554432,5.494610432,86.22276,20.0,106.22276,True,3,47,False
2,20;46,16,48,5.406336,3.067108864,8.473444864,73.909992,20.0,93.909992,True,3,47,False
3,20;46;57,24,40,8.421504,3.100663296,11.522167296,61.597224,20.0,81.597224,True,3,47,False
4,20;46;57;58,32,32,11.37396,3.134217728,14.508177728,49.28508,20.0,69.28508,True,3,47,False
5,20;46;57;58;73,40,24,14.41128,3.16777216,17.57905216,36.972624,20.0,56.972624,True,3,47,False
6,20;46;57;58;73;105,48,16,17.33004,3.201326592,20.531366592,24.660792,20.0,44.660792,True,3,47,False
7,20;46;57;58;73;105;109,56,8,20.298408,3.234881024,23.533289024,12.347712,20.0,43.533289024,True,3,47,True
8,20;46;57;58;73;105;109;110,64,0,23.288616,3.268435456,26.557051456,0.0,20.0,46.557051456,True,3,47,False
0,,0,64,0.0,0.0,0.0,98.534592,20.0,118.534592,True,4,0,False
1,14,8,56,2.461056,3.033554432,5.494610432,86.22276,20.0,106.22276,True,4,0,False
2,14;21,16,48,5.406336,3.067108864,8.473444864,73.909992,20.0,93.909992,True,4,0,False
3,14;21;50,24,40,8.421504,3.100663296,11.522167296,61.597224,20.0,81.597224,True,4,0,False
4,14;21;50;51,32,32,11.37396,3.134217728,14.508177728,49.28508,20.0,69.28508,True,4,0,False
5,14;21;50;51;57,40,24,14.41128,3.16777216,17.57905216,36.972624,20.0,56.972624,True,4,0,False
6,14;21;50;51;57;103,48,16,17.33004,3.201326592,20.531366592,24.660792,20.0,44.660792,True,4,0,False
7,14;21;50;51;57;103;106,56,8,20.298408,3.234881024,23.533289024,12.347712,20.0,43.533289024,True,4,0,True
8,14;21;50;51;57;103;106;110,64,0,23.288616,3.268435456,26.557051456,0.0,20.0,46.557051456,True,4,0,False
0,,0,64,0.0,0.0,0.0,98.534592,20.0,118.534592,True,4,1,False
1,3,8,56,2.461056,3.033554432,5.494610432,86.22276,20.0,106.22276,True,4,1,False
2,3;6,16,48,5.406336,3.067108864,8.473444864,73.909992,20.0,93.909992,True,4,1,False
3,3;6;9,24,40,8.421504,3.100663296,11.522167296,61.597224,20.0,81.597224,True,4,1,False
4,3;6;9;33,32,32,11.37396,3.134217728,14.508177728,49.28508,20.0,69.28508,True,4,1,False
5,3;6;9;33;42,40,24,14.41128,3.16777216,17.57905216,36.972624,20.0,56.972624,True,4,1,False
6,3;6;9;33;42;49,48,16,17.33004,3.201326592,20.531366592,24.660792,20.0,44.660792,True,4,1,False
7,3;6;9;33;42;49;51,56,8,20.298408,3.234881024,23.533289024,12.347712,20.0,43.533289024,True,4,1,True
8,3;6;9;33;42;49;51;95,64,0,23.288616,3.268435456,26.557051456,0.0,20.0,46.557051456,True,4,1,False
0,,0,64,0.0,0.0,0.0,98.534592,20.0,118.534592,True,4,2,False
1,56,8,56,2.461056,3.033554432,5.494610432,86.22276,20.0,106.22276,True,4,2,False
2,56;72,16,48,5.406336,3.067108864,8.473444864,73.909992,20.0,93.909992,True,4,2,False
3,56;72;82,24,40,8.421504,3.100663296,11.522167296,61.597224,20.0,81.597224,True,4,2,False
4,56;72;82;90,32,32,11.37396,3.134217728,14.508177728,49.28508,20.0,69.28508,True,4,2,False
5,56;72;82;90;92,40,24,14.41128,3.16777216,17.57905216,36.972624,20.0,56.972624,True,4,2,False
6,56;72;82;90;92;95,48,16,17.33004,3.201326592,20.531366592,24.660792,20.0,44.660792,True,4,2,False
7,56;72;82;90;92;95;122,56,8,20.298408,3.234881024,23.533289024,12.347712,20.0,43.533289024,True,4,2,True
8,56;72;82;90;92;95;122;123,64,0,23.288616,3.268435456,26.557051456,0.0,20.0,46.557051456,True,4,2,False
0,,0,64,0.0,0.0,0.0,98.534592,20.0,118.534592,True,4,3,False
1,30,8,56,2.461056,3.033554432,5.494610432,86.22276,20.0,106.22276,True,4,3,False
2,30;39,16,48,5.406336,3.067108864,8.473444864,73.909992,20.0,93.909992,True,4,3,False
3,30;39;56,24,40,8.421504,3.100663296,11.522167296,61.597224,20.0,81.597224,True,4,3,False
4,30;39;56;71,32,32,11.37396,3.134217728,14.508177728,49.28508,20.0,69.28508,True,4,3,False
5,30;39;56;71;87,40,24,14.41128,3.16777216,17.57905216,36.972624,20.0,56.972624,True,4,3,False
6,30;39;56;71;87;108,48,16,17.33004,3.201326592,20.531366592,24.660792,20.0,44.660792,True,4,3,False
7,30;39;56;71;87;108;114,56,8,20.298408,3.234881024,23.533289024,12.347712,20.0,43.533289024,True,4,3,True
8,30;39;56;71;87;108;114;117,64,0,23.288616,3.268435456,26.557051456,0.0,20.0,46.557051456,True,4,3,False
0,,0,64,0.0,0.0,0.0,98.534592,20.0,118.534592,True,4,4,False
1,12,8,56,2.461056,3.033554432,5.494610432,86.22276,20.0,106.22276,True,4,4,False
2,12;19,16,48,5.406336,3.067108864,8.473444864,73.909992,20.0,93.909992,True,4,4,False
3,12;19;64,24,40,8.421504,3.100663296,11.522167296,61.597224,20.0,81.597224,True,4,4,False
4,12;19;64;100,32,32,11.37396,3.134217728,14.508177728,49.28508,20.0,69.28508,True,4,4,False
5,12;19;64;100;108,40,24,14.41128,3.16777216,17.57905216,36.972624,20.0,56.972624,True,4,4,False
6,12;19;64;100;108;110,48,16,17.33004,3.201326592,20.531366592,24.660792,20.0,44.660792,True,4,4,False
7,12;19;64;100;108;110;114,56,8,20.298408,3.234881024,23.533289024,12.347712,20.0,43.533289024,True,4,4,True
8,12;19;64;100;108;110;114;127,64,0,23.288616,3.268435456,26.557051456,0.0,20.0,46.557051456,True,4,4,False
0,,0,64,0.0,0.0,0.0,98.534592,20.0,118.534592,True,4,5,False
1,4,8,56,2.461056,3.033554432,5.494610432,86.22276,20.0,106.22276,True,4,5,False
2,4;38,16,48,5.406336,3.067108864,8.473444864,73.909992,20.0,93.909992,True,4,5,False
3,4;38;46,24,40,8.421504,3.100663296,11.522167296,61.597224,20.0,81.597224,True,4,5,False
4,4;38;46;53,32,32,11.37396,3.134217728,14.508177728,49.28508,20.0,69.28508,True,4,5,False
5,4;38;46;53;65,40,24,14.41128,3.16777216,17.57905216,36.972624,20.0,56.972624,True,4,5,False
6,4;38;46;53;65;73,48,16,17.33004,3.201326592,20.531366592,24.660792,20.0,44.660792,True,4,5,False
7,4;38;46;53;65;73;84,56,8,20.298408,3.234881024,23.533289024,12.347712,20.0,43.533289024,True,4,5,True
8,4;38;46;53;65;73;84;104,64,0,23.288616,3.268435456,26.557051456,0.0,20.0,46.557051456,True,4,5,False
0,,0,64,0.0,0.0,0.0,98.534592,20.0,118.534592,True,4,6,False
1,33,8,56,2.461056,3.033554432,5.494610432,86.22276,20.0,106.22276,True,4,6,False
2,33;43,16,48,5.406336,3.067108864,8.473444864,73.909992,20.0,93.909992,True,4,6,False
3,33;43;49,24,40,8.421504,3.100663296,11.522167296,61.597224,20.0,81.597224,True,4,6,False
4,33;43;49;58,32,32,11.37396,3.134217728,14.508177728,49.28508,20.0,69.28508,True,4,6,False
5,33;43;49;58;82,40,24,14.41128,3.16777216,17.57905216,36.972624,20.0,56.972624,True,4,6,False
6,33;43;49;58;82;112,48,16,17.33004,3.201326592,20.531366592,24.660792,20.0,44.660792,True,4,6,False
7,33;43;49;58;82;112;116,56,8,20.298408,3.234881024,23.533289024,12.347712,20.0,43.533289024,True,4,6,True
8,33;43;49;58;82;112;116;126,64,0,23.288616,3.268435456,26.557051456,0.0,20.0,46.557051456,True,4,6,False
0,,0,64,0.0,0.0,0.0,98.534592,20.0,118.534592,True,4,7,False
1,15,8,56,2.461056,3.033554432,5.494610432,86.22276,20.0,106.22276,True,4,7,False
2,15;19,16,48,5.406336,3.067108864,8.473444864,73.909992,20.0,93.909992,True,4,7,False
3,15;19;29,24,40,8.421504,3.100663296,11.522167296,61.597224,20.0,81.597224,True,4,7,False
4,15;19;29;44,32,32,11.37396,3.134217728,14.508177728,49.28508,20.0,69.28508,True,4,7,False
5,15;19;29;44;52,40,24,14.41128,3.16777216,17.57905216,36.972624,20.0,56.972624,True,4,7,False
6,15;19;29;44;52;56,48,16,17.33004,3.201326592,20.531366592,24.660792,20.0,44.660792,True,4,7,False
7,15;19;29;44;52;56;75,56,8,20.298408,3.234881024,23.533289024,12.347712,20.0,43.533289024,True,4,7,True
8,15;19;29;44;52;56;75;114,64,0,23.288616,3.268435456,26.557051456,0.0,20.0,46.557051456,True,4,7,False
0,,0,64,0.0,0.0,0.0,98.534592,20.0,118.534592,True,4,8,False
1,11,8,56,2.461056,3.033554432,5.494610432,86.22276,20.0,106.22276,True,4,8,False
2,11;50,16,48,5.406336,3.067108864,8.473444864,73.909992,20.0,93.909992,True,4,8,False
3,11;50;53,24,40,8.421504,3.100663296,11.522167296,61.597224,20.0,81.597224,True,4,8,False
4,11;50;53;83,32,32,11.37396,3.134217728,14.508177728,49.28508,20.0,69.28508,True,4,8,False
5,11;50;53;83;85,40,24,14.41128,3.16777216,17.57905216,36.972624,20.0,56.972624,True,4,8,False
6,11;50;53;83;85;92,48,16,17.33004,3.201326592,20.531366592,24.660792,20.0,44.660792,True,4,8,False
7,11;50;53;83;85;92;123,56,8,20.298408,3.234881024,23.533289024,12.347712,20.0,43.533289024,True,4,8,True
8,11;22;50;53;83;85;92;123,60,4,23.221536,3.25165824,26.47319424,6.190392,20.0,46.47319424,True,4,8,False
9,11;22;50;53;76;83;85;92;123,62,2,26.263848,3.260046848,29.523894848,3.112512,20.0,49.523894848,True,4,8,False
10,11;22;50;53;68;76;83;85;92;123,63,1,29.236896,3.264241152,32.501137152,1.591512,20.0,52.501137152,True,4,8,False
11,11;22;50;53;68;76;83;85;92;102;123,64,0,32.264232,3.268435456,35.532667456,0.0,20.0,55.532667456,True,4,8,False
0,,0,64,0.0,0.0,0.0,98.534592,20.0,118.534592,True,4,9,False
1,2,8,56,2.461056,3.033554432,5.494610432,86.22276,20.0,106.22276,True,4,9,False
2,2;11,16,48,5.406336,3.067108864,8.473444864,73.909992,20.0,93.909992,True,4,9,False
3,2;11;13,24,40,8.421504,3.100663296,11.522167296,61.597224,20.0,81.597224,True,4,9,False
4,2;11;13;16,32,32,11.37396,3.134217728,14.508177728,49.28508,20.0,69.28508,True,4,9,False
5,2;11;13;16;92,40,24,14.41128,3.16777216,17.57905216,36.972624,20.0,56.972624,True,4,9,False
6,2;11;13;16;92;124,48,16,17.33004,3.201326592,20.531366592,24.660792,20.0,44.660792,True,4,9,False
7,2;11;13;16;92;124;125,56,8,20.298408,3.234881024,23.533289024,12.347712,20.0,43.533289024,True,4,9,True
8,2;11;13;16;38;92;124;125,62,2,23.24868,3.260046848,26.508726848,3.112512,20.0,46.508726848,True,4,9,False
9,2;6;11;13;16;38;92;124;125,64,0,26.303784,3.268435456,29.572219456,0.0,20.0,49.572219456,True,4,9,False
0,,0,64,0.0,0.0,0.0,98.534592,20.0,118.534592,True,4,10,False
1,1,8,56,2.461056,3.033554432,5.494610432,86.22276,20.0,106.22276,True,4,10,False
2,1;19,16,48,5.406336,3.067108864,8.473444864,73.909992,20.0,93.909992,True,4,10,False
3,1;19;29,24,40,8.421504,3.100663296,11.522167296,61.597224,20.0,81.597224,True,4,10,False
4,1;19;29;42,32,32,11.37396,3.134217728,14.508177728,49.28508,20.0,69.28508,True,4,10,False
5,1;19;29;42;48,40,24,14.41128,3.16777216,17.57905216,36.972624,20.0,56.972624,True,4,10,False
6,1;19;29;42;48;84,48,16,17.33004,3.201326592,20.531366592,24.660792,20.0,44.660792,True,4,10,False
7,1;19;29;42;48;84;98,56,8,20.298408,3.234881024,23.533289024,12.347712,20.0,43.533289024,True,4,10,True
8,1;9;19;29;42;48;84;98,61,3,23.247432,3.255852544,26.503284544,4.670016,20.0,46.503284544,True,4,10,False
9,1;9;19;29;42;48;68;84;98,63,1,26.291616,3.264241152,29.555857152,1.591512,20.0,49.555857152,True,4,10,False
10,1;6;9;19;29;42;48;68;84;98,64,0,29.249064,3.268435456,32.517499456,0.0,20.0,52.517499456,True,4,10,False
0,,0,64,0.0,0.0,0.0,98.534592,20.0,118.534592,True,4,11,False
1,3,8,56,2.461056,3.033554432,5.494610432,86.22276,20.0,106.22276,True,4,11,False
2,3;17,16,48,5.406336,3.067108864,8.473444864,73.909992,20.0,93.909992,True,4,11,False
3,3;17;62,24,40,8.421504,3.100663296,11.522167296,61.597224,20.0,81.597224,True,4,11,False
4,3;17;62;76,32,32,11.37396,3.134217728,14.508177728,49.28508,20.0,69.28508,True,4,11,False
5,3;17;62;76;81,40,24,14.41128,3.16777216,17.57905216,36.972624,20.0,56.972624,True,4,11,False
6,3;17;62;76;81;108,48,16,17.33004,3.201326592,20.531366592,24.660792,20.0,44.660792,True,4,11,False
7,3;17;62;76;81;108;109,56,8,20.298408,3.234881024,23.533289024,12.347712,20.0,43.533289024,True,4,11,True
8,3;17;62;76;81;108;109;121,64,0,23.288616,3.268435456,26.557051456,0.0,20.0,46.557051456,True,4,11,False
0,,0,64,0.0,0.0,0.0,98.534592,20.0,118.534592,True,4,12,False
1,11,8,56,2.461056,3.033554432,5.494610432,86.22276,20.0,106.22276,True,4,12,False
2,11;24,16,48,5.406336,3.067108864,8.473444864,73.909992,20.0,93.909992,True,4,12,False
3,11;24;41,24,40,8.421504,3.100663296,11.522167296,61.597224,20.0,81.597224,True,4,12,False
4,11;24;41;57,32,32,11.37396,3.134217728,14.508177728,49.28508,20.0,69.28508,True,4,12,False
5,11;24;41;57;65,40,24,14.41128,3.16777216,17.57905216,36.972624,20.0,56.972624,True,4,12,False
6,11;24;41;57;65;78,48,16,17.33004,3.201326592,20.531366592,24.660792,20.0,44.660792,True,4,12,False
7,11;24;41;57;65;78;111,56,8,20.298408,3.234881024,23.533289024,12.347712,20.0,43.533289024,True,4,12,True
8,11;24;41;57;65;78;111;125,64,0,23.288616,3.268435456,26.557051456,0.0,20.0,46.557051456,True,4,12,False
0,,0,64,0.0,0.0,0.0,98.534592,20.0,118.534592,True,4,13,False
1,11,8,56,2.461056,3.033554432,5.494610432,86.22276,20.0,106.22276,True,4,13,False
2,11;33,16,48,5.406336,3.067108864,8.473444864,73.909992,20.0,93.909992,True,4,13,False
3,11;33;34,24,40,8.421504,3.100663296,11.522167296,61.597224,20.0,81.597224,True,4,13,False
4,11;33;34;93,32,32,11.37396,3.134217728,14.508177728,49.28508,20.0,69.28508,True,4,13,False
5,11;33;34;93;104,40,24,14.41128,3.16777216,17.57905216,36.972624,20.0,56.972624,True,4,13,False
6,11;33;34;93;104;110,48,16,17.33004,3.201326592,20.531366592,24.660792,20.0,44.660792,True,4,13,False
7,11;33;34;93;104;110;117,56,8,20.298408,3.234881024,23.533289024,12.347712,20.0,43.533289024,True,4,13,True
8,11;33;34;93;104;110;117;119,64,0,23.288616,3.268435456,26.557051456,0.0,20.0,46.557051456,True,4,13,False
0,,0,64,0.0,0.0,0.0,98.534592,20.0,118.534592,True,4,14,False
1,2,8,56,2.461056,3.033554432,5.494610432,86.22276,20.0,106.22276,True,4,14,False
2,2;5,16,48,5.406336,3.067108864,8.473444864,73.909992,20.0,93.909992,True,4,14,False
3,2;5;61,24,40,8.421504,3.100663296,11.522167296,61.597224,20.0,81.597224,True,4,14,False
4,2;5;61;97,32,32,11.37396,3.134217728,14.508177728,49.28508,20.0,69.28508,True,4,14,False
5,2;5;61;97;105,40,24,14.41128,3.16777216,17.57905216,36.972624,20.0,56.972624,True,4,14,False
6,2;5;61;97;105;109,48,16,17.33004,3.201326592,20.531366592,24.660792,20.0,44.660792,True,4,14,False
7,2;5;61;97;105;109;121,56,8,20.298408,3.234881024,23.533289024,12.347712,20.0,43.533289024,True,4,14,True
8,2;5;61;97;105;109;113;121,63,1,23.276448,3.264241152,26.540689152,1.591512,20.0,46.540689152,True,4,14,False
9,2;5;14;61;97;105;109;113;121,64,0,26.303784,3.268435456,29.572219456,0.0,20.0,49.572219456,True,4,14,False
0,,0,64,0.0,0.0,0.0,98.534592,20.0,118.534592,True,4,15,False
1,15,8,56,2.461056,3.033554432,5.494610432,86.22276,20.0,106.22276,True,4,15,False
2,15;21,16,48,5.406336,3.067108864,8.473444864,73.909992,20.0,93.909992,True,4,15,False
3,15;21;58,24,40,8.421504,3.100663296,11.522167296,61.597224,20.0,81.597224,True,4,15,False
4,15;21;58;63,32,32,11.37396,3.134217728,14.508177728,49.28508,20.0,69.28508,True,4,15,False
5,15;21;58;63;64,40,24,14.41128,3.16777216,17.57905216,36.972624,20.0,56.972624,True,4,15,False
6,15;21;58;63;64;84,48,16,17.33004,3.201326592,20.531366592,24.660792,20.0,44.660792,True,4,15,False
7,15;21;58;63;64;84;122,56,8,20.298408,3.234881024,23.533289024,12.347712,20.0,43.533289024,True,4,15,True
8,15;21;58;63;64;84;122;127,64,0,23.288616,3.268435456,26.557051456,0.0,20.0,46.557051456,True,4,15,False
0,,0,64,0.0,0.0,0.0,98.534592,20.0,118.534592,True,4,16,False
1,12,8,56,2.461056,3.033554432,5.494610432,86.22276,20.0,106.22276,True,4,16,False
2,12;42,16,48,5.406336,3.067108864,8.473444864,73.909992,20.0,93.909992,True,4,16,False
3,12;42;48,24,40,8.421504,3.100663296,11.522167296,61.597224,20.0,81.597224,True,4,16,False
4,12;42;48;97,32,32,11.37396,3.134217728,14.508177728,49.28508,20.0,69.28508,True,4,16,False
5,12;42;48;97;98,40,24,14.41128,3.16777216,17.57905216,36.972624,20.0,56.972624,True,4,16,False
6,12;42;48;97;98;107,48,16,17.33004,3.201326592,20.531366592,24.660792,20.0,44.660792,True,4,16,False
7,12;42;48;97;98;107;119,56,8,20.298408,3.234881024,23.533289024,12.347712,20.0,43.533289024,True,4,16,True
8,12;42;48;53;97;98;107;119,61,3,23.247432,3.255852544,26.503284544,4.670016,20.0,46.503284544,True,4,16,False
9,12;42;48;53;91;97;98;107;119,64,0,26.303784,3.268435456,29.572219456,0.0,20.0,49.572219456,True,4,16,False
0,,0,64,0.0,0.0,0.0,98.534592,20.0,118.534592,True,4,17,False
1,73,8,56,2.461056,3.033554432,5.494610432,86.22276,20.0,106.22276,True,4,17,False
2,73;75,16,48,5.406336,3.067108864,8.473444864,73.909992,20.0,93.909992,True,4,17,False
3,73;75;80,24,40,8.421504,3.100663296,11.522167296,61.597224,20.0,81.597224,True,4,17,False
4,73;75;80;90,32,32,11.37396,3.134217728,14.508177728,49.28508,20.0,69.28508,True,4,17,False
5,73;75;80;90;94,40,24,14.41128,3.16777216,17.57905216,36.972624,20.0,56.972624,True,4,17,False
6,73;75;80;90;94;105,48,16,17.33004,3.201326592,20.531366592,24.660792,20.0,44.660792,True,4,17,False
7,73;75;80;90;94;105;122,56,8,20.298408,3.234881024,23.533289024,12.347712,20.0,43.533289024,True,4,17,True
8,73;75;80;90;94;105;122;124,64,0,23.288616,3.268435456,26.557051456,0.0,20.0,46.557051456,True,4,17,False
0,,0,64,0.0,0.0,0.0,98.534592,20.0,118.534592,True,4,18,False
1,12,8,56,2.461056,3.033554432,5.494610432,86.22276,20.0,106.22276,True,4,18,False
2,12;58,16,48,5.406336,3.067108864,8.473444864,73.909992,20.0,93.909992,True,4,18,False
3,12;58;82,24,40,8.421504,3.100663296,11.522167296,61.597224,20.0,81.597224,True,4,18,False
4,12;58;82;87,32,32,11.37396,3.134217728,14.508177728,49.28508,20.0,69.28508,True,4,18,False
5,12;58;82;87;91,40,24,14.41128,3.16777216,17.57905216,36.972624,20.0,56.972624,True,4,18,False
6,12;58;82;87;91;104,48,16,17.33004,3.201326592,20.531366592,24.660792,20.0,44.660792,True,4,18,False
7,12;58;82;87;91;104;112,56,8,20.298408,3.234881024,23.533289024,12.347712,20.0,43.533289024,True,4,18,True
8,12;58;82;87;91;104;112;126,64,0,23.288616,3.268435456,26.557051456,0.0,20.0,46.557051456,True,4,18,False
0,,0,64,0.0,0.0,0.0,98.534592,20.0,118.534592,True,4,19,False
1,29,8,56,2.461056,3.033554432,5.494610432,86.22276,20.0,106.22276,True,4,19,False
2,29;52,16,48,5.406336,3.067108864,8.473444864,73.909992,20.0,93.909992,True,4,19,False
3,29;52;56,24,40,8.421504,3.100663296,11.522167296,61.597224,20.0,81.597224,True,4,19,False
4,29;52;56;75,32,32,11.37396,3.134217728,14.508177728,49.28508,20.0,69.28508,True,4,19,False
5,29;52;56;75;119,40,24,14.41128,3.16777216,17.57905216,36.972624,20.0,56.972624,True,4,19,False
6,28;29;52;56;75;119,47,17,17.347512,3.197132288,20.544644288,26.217672,20.0,46.217672,True,4,19,False
7,10;28;29;52;56;75;119,53,11,20.277504,3.222298112,23.499802112,16.983096,20.0,43.499802112,True,4,19,True
8,10;28;29;32;52;56;75;119,57,7,23.186592,3.239075328,26.425667328,10.827336,20.0,46.425667328,True,4,19,False
9,10;28;29;32;52;56;75;92;119,60,4,26.236704,3.25165824,29.48836224,6.190392,20.0,49.48836224,True,4,19,False
10,10;24;28;29;32;52;56;75;92;119,62,2,29.209128,3.260046848,32.469174848,3.112512,20.0,52.469174848,True,4,19,False
11,10;24;28;29;32;52;56;75;92;114;119,64,0,32.264232,3.268435456,35.532667456,0.0,20.0,55.532667456,True,4,19,False
0,,0,64,0.0,0.0,0.0,98.534592,20.0,118.534592,True,4,20,False
1,9,8,56,2.461056,3.033554432,5.494610432,86.22276,20.0,106.22276,True,4,20,False
2,9;10,16,48,5.406336,3.067108864,8.473444864,73.909992,20.0,93.909992,True,4,20,False
3,9;10;48,24,40,8.421504,3.100663296,11.522167296,61.597224,20.0,81.597224,True,4,20,False
4,9;10;48;76,32,32,11.37396,3.134217728,14.508177728,49.28508,20.0,69.28508,True,4,20,False
5,9;10;48;76;85,40,24,14.41128,3.16777216,17.57905216,36.972624,20.0,56.972624,True,4,20,False
6,9;10;48;76;85;92,48,16,17.33004,3.201326592,20.531366592,24.660792,20.0,44.660792,True,4,20,False
7,9;10;48;76;85;92;114,56,8,20.298408,3.234881024,23.533289024,12.347712,20.0,43.533289024,True,4,20,True
8,9;10;48;76;85;92;114;123,64,0,23.288616,3.268435456,26.557051456,0.0,20.0,46.557051456,True,4,20,False
0,,0,64,0.0,0.0,0.0,98.534592,20.0,118.534592,True,4,21,False
1,2,8,56,2.461056,3.033554432,5.494610432,86.22276,20.0,106.22276,True,4,21,False
2,2;11,16,48,5.406336,3.067108864,8.473444864,73.909992,20.0,93.909992,True,4,21,False
3,2;11;13,24,40,8.421504,3.100663296,11.522167296,61.597224,20.0,81.597224,True,4,21,False
4,2;11;13;53,32,32,11.37396,3.134217728,14.508177728,49.28508,20.0,69.28508,True,4,21,False
5,2;11;13;53;63,40,24,14.41128,3.16777216,17.57905216,36.972624,20.0,56.972624,True,4,21,False
6,2;11;13;38;53;63,47,17,17.347512,3.197132288,20.544644288,26.217672,20.0,46.217672,True,4,21,False
7,2;11;13;38;44;53;63,54,10,20.251296,3.226492416,23.477788416,15.426216,20.0,43.477788416,True,4,21,True
8,2;11;13;32;38;44;53;63,60,4,23.221536,3.25165824,26.47319424,6.190392,20.0,46.47319424,True,4,21,False
9,2;11;13;32;38;44;53;63;124,64,0,26.303784,3.268435456,29.572219456,0.0,20.0,49.572219456,True,4,21,False
0,,0,64,0.0,0.0,0.0,98.534592,20.0,118.534592,True,4,22,False
1,29,8,56,2.461056,3.033554432,5.494610432,86.22276,20.0,106.22276,True,4,22,False
2,29;42,16,48,5.406336,3.067108864,8.473444864,73.909992,20.0,93.909992,True,4,22,False
3,29;42;48,24,40,8.421504,3.100663296,11.522167296,61.597224,20.0,81.597224,True,4,22,False
4,29;42;48;54,32,32,11.37396,3.134217728,14.508177728,49.28508,20.0,69.28508,True,4,22,False
5,29;42;48;54;75,40,24,14.41128,3.16777216,17.57905216,36.972624,20.0,56.972624,True,4,22,False
6,29;42;48;54;75;84,48,16,17.33004,3.201326592,20.531366592,24.660792,20.0,44.660792,True,4,22,False
7,1;29;42;48;54;75;84,55,9,20.309328,3.23068672,23.54001472,13.904904,20.0,43.54001472,True,4,22,True
8,1;12;29;42;48;54;75;84,61,3,23.247432,3.255852544,26.503284544,4.670016,20.0,46.503284544,True,4,22,False
9,1;12;29;42;48;54;71;75;84,63,1,26.291616,3.264241152,29.555857152,1.591512,20.0,49.555857152,True,4,22,False
10,1;12;29;42;48;54;59;71;75;84,64,0,29.249064,3.268435456,32.517499456,0.0,20.0,52.517499456,True,4,22,False
0,,0,64,0.0,0.0,0.0,98.534592,20.0,118.534592,True,4,23,False
1,4,8,56,2.461056,3.033554432,5.494610432,86.22276,20.0,106.22276,True,4,23,False
2,4;14,16,48,5.406336,3.067108864,8.473444864,73.909992,20.0,93.909992,True,4,23,False
3,4;14;32,24,40,8.421504,3.100663296,11.522167296,61.597224,20.0,81.597224,True,4,23,False
4,4;14;32;36,32,32,11.37396,3.134217728,14.508177728,49.28508,20.0,69.28508,True,4,23,False
5,4;14;32;36;62,40,24,14.41128,3.16777216,17.57905216,36.972624,20.0,56.972624,True,4,23,False
6,4;14;32;36;62;76,48,16,17.33004,3.201326592,20.531366592,24.660792,20.0,44.660792,True,4,23,False
7,4;14;32;36;62;76;109,56,8,20.298408,3.234881024,23.533289024,12.347712,20.0,43.533289024,True,4,23,True
8,4;14;31;32;36;62;76;109,62,2,23.24868,3.260046848,26.508726848,3.112512,20.0,46.508726848,True,4,23,False
9,4;14;17;31;32;36;62;76;109,64,0,26.303784,3.268435456,29.572219456,0.0,20.0,49.572219456,True,4,23,False
0,,0,64,0.0,0.0,0.0,98.534592,20.0,118.534592,True,4,24,False
1,11,8,56,2.461056,3.033554432,5.494610432,86.22276,20.0,106.22276,True,4,24,False
2,11;20,16,48,5.406336,3.067108864,8.473444864,73.909992,20.0,93.909992,True,4,24,False
3,11;20;24,24,40,8.421504,3.100663296,11.522167296,61.597224,20.0,81.597224,True,4,24,False
4,11;20;24;54,32,32,11.37396,3.134217728,14.508177728,49.28508,20.0,69.28508,True,4,24,False
5,11;20;24;54;57,40,24,14.41128,3.16777216,17.57905216,36.972624,20.0,56.972624,True,4,24,False
6,11;20;24;54;57;111,48,16,17.33004,3.201326592,20.531366592,24.660792,20.0,44.660792,True,4,24,False
7,11;20;24;54;57;111;125,56,8,20.298408,3.234881024,23.533289024,12.347712,20.0,43.533289024,True,4,24,True
8,11;18;20;24;54;57;111;125,61,3,23.247432,3.255852544,26.503284544,4.670016,20.0,46.503284544,True,4,24,False
9,11;18;20;24;28;54;57;111;125,63,1,26.291616,3.264241152,29.555857152,1.591512,20.0,49.555857152,True,4,24,False
10,11;18;20;24;28;54;57;108;111;125,64,0,29.249064,3.268435456,32.517499456,0.0,20.0,52.517499456,True,4,24,False
0,,0,64,0.0,0.0,0.0,98.534592,20.0,118.534592,True,4,25,False
1,13,8,56,2.461056,3.033554432,5.494610432,86.22276,20.0,106.22276,True,4,25,False
2,13;31,16,48,5.406336,3.067108864,8.473444864,73.909992,20.0,93.909992,True,4,25,False
3,13;31;34,24,40,8.421504,3.100663296,11.522167296,61.597224,20.0,81.597224,True,4,25,False
4,13;31;34;74,32,32,11.37396,3.134217728,14.508177728,49.28508,20.0,69.28508,True,4,25,False
5,13;31;34;74;110,40,24,14.41128,3.16777216,17.57905216,36.972624,20.0,56.972624,True,4,25,False
6,13;31;34;74;110;119,48,16,17.33004,3.201326592,20.531366592,24.660792,20.0,44.660792,True,4,25,False
7,13;31;34;74;110;119;126,56,8,20.298408,3.234881024,23.533289024,12.347712,20.0,43.533289024,True,4,25,True
8,13;31;34;72;74;110;119;126,61,3,23.247432,3.255852544,26.503284544,4.670016,20.0,46.503284544,True,4,25,False
9,13;31;34;72;74;87;110;119;126,64,0,26.303784,3.268435456,29.572219456,0.0,20.0,49.572219456,True,4,25,False
0,,0,64,0.0,0.0,0.0,98.534592,20.0,118.534592,True,4,26,False
1,61,8,56,2.461056,3.033554432,5.494610432,86.22276,20.0,106.22276,True,4,26,False
2,61;72,16,48,5.406336,3.067108864,8.473444864,73.909992,20.0,93.909992,True,4,26,False
3,61;72;81,24,40,8.421504,3.100663296,11.522167296,61.597224,20.0,81.597224,True,4,26,False
4,61;72;81;87,32,32,11.37396,3.134217728,14.508177728,49.28508,20.0,69.28508,True,4,26,False
5,61;72;81;87;91,40,24,14.41128,3.16777216,17.57905216,36.972624,20.0,56.972624,True,4,26,False
6,61;72;81;87;91;97,48,16,17.33004,3.201326592,20.531366592,24.660792,20.0,44.660792,True,4,26,False
7,61;72;81;87;91;97;105,56,8,20.298408,3.234881024,23.533289024,12.347712,20.0,43.533289024,True,4,26,True
8,61;72;81;87;91;97;105;121,64,0,23.288616,3.268435456,26.557051456,0.0,20.0,46.557051456,True,4,26,False
0,,0,64,0.0,0.0,0.0,98.534592,20.0,118.534592,True,4,27,False
1,26,8,56,2.461056,3.033554432,5.494610432,86.22276,20.0,106.22276,True,4,27,False
2,26;63,16,48,5.406336,3.067108864,8.473444864,73.909992,20.0,93.909992,True,4,27,False
3,26;63;79,24,40,8.421504,3.100663296,11.522167296,61.597224,20.0,81.597224,True,4,27,False
4,26;63;79;84,32,32,11.37396,3.134217728,14.508177728,49.28508,20.0,69.28508,True,4,27,False
5,26;63;79;84;118,40,24,14.41128,3.16777216,17.57905216,36.972624,20.0,56.972624,True,4,27,False
6,26;63;79;84;118;122,48,16,17.33004,3.201326592,20.531366592,24.660792,20.0,44.660792,True,4,27,False
7,15;26;63;79;84;118;122,55,9,20.309328,3.23068672,23.54001472,13.904904,20.0,43.54001472,True,4,27,True
8,15;26;33;63;79;84;118;122,59,5,23.189712,3.247463936,26.437175936,7.747896,20.0,46.437175936,True,4,27,False
9,2;15;26;33;63;79;84;118;122,61,3,26.2626,3.255852544,29.518452544,4.670016,20.0,49.518452544,True,4,27,False
10,2;15;26;33;63;72;79;84;118;122,63,1,29.236896,3.264241152,32.501137152,1.591512,20.0,52.501137152,True,4,27,False
11,2;15;24;26;33;63;72;79;84;118;122,64,0,32.264232,3.268435456,35.532667456,0.0,20.0,55.532667456,True,4,27,False
0,,0,64,0.0,0.0,0.0,98.534592,20.0,118.534592,True,4,28,False
1,12,8,56,2.461056,3.033554432,5.494610432,86.22276,20.0,106.22276,True,4,28,False
2,12;42,16,48,5.406336,3.067108864,8.473444864,73.909992,20.0,93.909992,True,4,28,False
3,12;42;53,24,40,8.421504,3.100663296,11.522167296,61.597224,20.0,81.597224,True,4,28,False
4,12;42;53;91,32,32,11.37396,3.134217728,14.508177728,49.28508,20.0,69.28508,True,4,28,False
5,12;42;53;91;98,40,24,14.41128,3.16777216,17.57905216,36.972624,20.0,56.972624,True,4,28,False
6,12;42;53;91;98;119,48,16,17.33004,3.201326592,20.531366592,24.660792,20.0,44.660792,True,4,28,False
7,12;42;53;91;98;119;122,56,8,20.298408,3.234881024,23.533289024,12.347712,20.0,43.533289024,True,4,28,True
8,12;34;42;53;91;98;119;122,61,3,23.247432,3.255852544,26.503284544,4.670016,20.0,46.503284544,True,4,28,False
9,12;34;42;48;53;91;98;119;122,64,0,26.303784,3.268435456,29.572219456,0.0,20.0,49.572219456,True,4,28,False
0,,0,64,0.0,0.0,0.0,98.534592,20.0,118.534592,True,4,29,False
1,3,8,56,2.461056,3.033554432,5.494610432,86.22276,20.0,106.22276,True,4,29,False
2,3;13,16,48,5.406336,3.067108864,8.473444864,73.909992,20.0,93.909992,True,4,29,False
3,3;13;78,24,40,8.421504,3.100663296,11.522167296,61.597224,20.0,81.597224,True,4,29,False
4,3;13;78;94,32,32,11.37396,3.134217728,14.508177728,49.28508,20.0,69.28508,True,4,29,False
5,3;13;78;94;120,40,24,14.41128,3.16777216,17.57905216,36.972624,20.0,56.972624,True,4,29,False
6,3;13;78;94;120;124,48,16,17.33004,3.201326592,20.531366592,24.660792,20.0,44.660792,True,4,29,False
7,3;13;34;78;94;120;124,55,9,20.309328,3.23068672,23.54001472,13.904904,20.0,43.54001472,True,4,29,True
8,3;13;34;78;94;105;120;124,61,3,23.247432,3.255852544,26.503284544,4.670016,20.0,46.503284544,True,4,29,False
9,3;13;34;78;94;99;105;120;124,64,0,26.303784,3.268435456,29.572219456,0.0,20.0,49.572219456,True,4,29,False
0,,0,64,0.0,0.0,0.0,98.534592,20.0,118.534592,True,4,30,False
1,6,8,56,2.461056,3.033554432,5.494610432,86.22276,20.0,106.22276,True,4,30,False
2,6;58,16,48,5.406336,3.067108864,8.473444864,73.909992,20.0,93.909992,True,4,30,False
3,6;58;82,24,40,8.421504,3.100663296,11.522167296,61.597224,20.0,81.597224,True,4,30,False
4,6;58;82;91,32,32,11.37396,3.134217728,14.508177728,49.28508,20.0,69.28508,True,4,30,False
5,6;58;82;91;107,40,24,14.41128,3.16777216,17.57905216,36.972624,20.0,56.972624,True,4,30,False
6,6;58;82;91;107;125,48,16,17.33004,3.201326592,20.531366592,24.660792,20.0,44.660792,True,4,30,False
7,6;58;82;91;107;125;126,56,8,20.298408,3.234881024,23.533289024,12.347712,20.0,43.533289024,True,4,30,True
8,6;58;82;84;91;107;125;126,63,1,23.276448,3.264241152,26.540689152,1.591512,20.0,46.540689152,True,4,30,False
9,6;58;82;84;91;107;120;125;126,64,0,26.303784,3.268435456,29.572219456,0.0,20.0,49.572219456,True,4,30,False
0,,0,64,0.0,0.0,0.0,98.534592,20.0,118.534592,True,4,31,False
1,24,8,56,2.461056,3.033554432,5.494610432,86.22276,20.0,106.22276,True,4,31,False
2,24;41,16,48,5.406336,3.067108864,8.473444864,73.909992,20.0,93.909992,True,4,31,False
3,24;41;56,24,40,8.421504,3.100663296,11.522167296,61.597224,20.0,81.597224,True,4,31,False
4,24;41;56;59,32,32,11.37396,3.134217728,14.508177728,49.28508,20.0,69.28508,True,4,31,False
5,24;41;56;59;114,40,24,14.41128,3.16777216,17.57905216,36.972624,20.0,56.972624,True,4,31,False
6,24;41;56;59;79;114,46,18,17.338152,3.192937984,20.531089984,27.73836,20.0,47.73836,True,4,31,False
7,24;29;41;56;59;79;114,51,13,20.314632,3.213909504,23.528541504,20.061912,20.0,43.528541504,True,4,31,True
8,24;29;36;41;56;59;79;114,56,8,23.225904,3.234881024,26.460785024,12.347712,20.0,46.460785024,True,4,31,False
9,24;29;36;38;41;56;59;79;114,61,3,26.2626,3.255852544,29.518452544,4.670016,20.0,49.518452544,True,4,31,False
10,10;24;29;36;38;41;56;59;79;114,64,0,29.249064,3.268435456,32.517499456,0.0,20.0,52.517499456,True,4,31,False
0,,0,64,0.0,0.0,0.0,98.534592,20.0,118.534592,True,4,32,False
1,5,8,56,2.461056,3.033554432,5.494610432,86.22276,20.0,106.22276,True,4,32,False
2,5;11,16,48,5.406336,3.067108864,8.473444864,73.909992,20.0,93.909992,True,4,32,False
3,5;11;48,24,40,8.421504,3.100663296,11.522167296,61.597224,20.0,81.597224,True,4,32,False
4,5;11;48;72,32,32,11.37396,3.134217728,14.508177728,49.28508,20.0,69.28508,True,4,32,False
5,5;11;48;72;78,40,24,14.41128,3.16777216,17.57905216,36.972624,20.0,56.972624,True,4,32,False
6,5;11;48;72;78;85,48,16,17.33004,3.201326592,20.531366592,24.660792,20.0,44.660792,True,4,32,False
7,5;11;48;72;78;85;92,56,8,20.298408,3.234881024,23.533289024,12.347712,20.0,43.533289024,True,4,32,True
8,5;10;11;48;72;78;85;92,63,1,23.276448,3.264241152,26.540689152,1.591512,20.0,46.540689152,True,4,32,False
9,5;10;11;48;72;74;78;85;92,64,0,26.303784,3.268435456,29.572219456,0.0,20.0,49.572219456,True,4,32,False
0,,0,64,0.0,0.0,0.0,98.534592,20.0,118.534592,True,4,33,False
1,11,8,56,2.461056,3.033554432,5.494610432,86.22276,20.0,106.22276,True,4,33,False
2,11;13,16,48,5.406336,3.067108864,8.473444864,73.909992,20.0,93.909992,True,4,33,False
3,11;13;32,24,40,8.421504,3.100663296,11.522167296,61.597224,20.0,81.597224,True,4,33,False
4,11;13;32;44,32,32,11.37396,3.134217728,14.508177728,49.28508,20.0,69.28508,True,4,33,False
5,11;13;32;44;53,40,24,14.41128,3.16777216,17.57905216,36.972624,20.0,56.972624,True,4,33,False
6,11;13;32;44;53;63,48,16,17.33004,3.201326592,20.531366592,24.660792,20.0,44.660792,True,4,33,False
7,11;13;32;44;53;63;124,55,9,20.309328,3.23068672,23.54001472,13.904904,20.0,43.54001472,True,4,33,True
8,2;11;13;32;44;53;63;124,59,5,23.189712,3.247463936,26.437175936,7.747896,20.0,46.437175936,True,4,33,False
9,2;11;13;32;44;53;63;115;124,62,2,26.263848,3.260046848,29.523894848,3.112512,20.0,49.523894848,True,4,33,False
10,2;11;13;14;32;44;53;63;115;124,64,0,29.249064,3.268435456,32.517499456,0.0,20.0,52.517499456,True,4,33,False
0,,0,64,0.0,0.0,0.0,98.534592,20.0,118.534592,True,4,34,False
1,1,8,56,2.461056,3.033554432,5.494610432,86.22276,20.0,106.22276,True,4,34,False
2,1;22,16,48,5.406336,3.067108864,8.473444864,73.909992,20.0,93.909992,True,4,34,False
3,1;22;29,24,40,8.421504,3.100663296,11.522167296,61.597224,20.0,81.597224,True,4,34,False
4,1;22;29;54,32,32,11.37396,3.134217728,14.508177728,49.28508,20.0,69.28508,True,4,34,False
5,1;22;29;54;75,40,24,14.41128,3.16777216,17.57905216,36.972624,20.0,56.972624,True,4,34,False
6,1;22;29;54;75;84,48,16,17.33004,3.201326592,20.531366592,24.660792,20.0,44.660792,True,4,34,False
7,1;22;29;54;75;84;92,56,8,20.298408,3.234881024,23.533289024,12.347712,20.0,43.533289024,True,4,34,True
8,1;22;29;42;54;75;84;92,60,4,23.221536,3.25165824,26.47319424,6.190392,20.0,46.47319424,True,4,34,False
9,1;22;29;42;54;75;81;84;92,64,0,26.303784,3.268435456,29.572219456,0.0,20.0,49.572219456,True,4,34,False
0,,0,64,0.0,0.0,0.0,98.534592,20.0,118.534592,True,4,35,False
1,28,8,56,2.461056,3.033554432,5.494610432,86.22276,20.0,106.22276,True,4,35,False
2,28;31,16,48,5.406336,3.067108864,8.473444864,73.909992,20.0,93.909992,True,4,35,False
3,28;31;32,24,40,8.421504,3.100663296,11.522167296,61.597224,20.0,81.597224,True,4,35,False
4,28;31;32;62,32,32,11.37396,3.134217728,14.508177728,49.28508,20.0,69.28508,True,4,35,False
5,28;31;32;62;76,40,24,14.41128,3.16777216,17.57905216,36.972624,20.0,56.972624,True,4,35,False
6,28;31;32;62;76;109,48,16,17.33004,3.201326592,20.531366592,24.660792,20.0,44.660792,True,4,35,False
7,28;31;32;62;76;109;120,56,8,20.298408,3.234881024,23.533289024,12.347712,20.0,43.533289024,True,4,35,True
8,28;31;32;62;76;109;117;120,63,1,23.276448,3.264241152,26.540689152,1.591512,20.0,46.540689152,True,4,35,False
9,5;28;31;32;62;76;109;117;120,64,0,26.303784,3.268435456,29.572219456,0.0,20.0,49.572219456,True,4,35,False
0,,0,64,0.0,0.0,0.0,98.534592,20.0,118.534592,True,4,36,False
1,11,8,56,2.461056,3.033554432,5.494610432,86.22276,20.0,106.22276,True,4,36,False
2,11;18,16,48,5.406336,3.067108864,8.473444864,73.909992,20.0,93.909992,True,4,36,False
3,11;18;20,24,40,8.421504,3.100663296,11.522167296,61.597224,20.0,81.597224,True,4,36,False
4,11;18;20;24,32,32,11.37396,3.134217728,14.508177728,49.28508,20.0,69.28508,True,4,36,False
5,11;18;20;24;57,40,24,14.41128,3.16777216,17.57905216,36.972624,20.0,56.972624,True,4,36,False
6,11;18;20;24;57;62,48,16,17.33004,3.201326592,20.531366592,24.660792,20.0,44.660792,True,4,36,False
7,11;18;20;24;57;62;125,56,8,20.298408,3.234881024,23.533289024,12.347712,20.0,43.533289024,True,4,36,True
8,11;18;20;24;54;57;62;125,61,3,23.247432,3.255852544,26.503284544,4.670016,20.0,46.503284544,True,4,36,False
9,11;18;20;24;28;54;57;62;125,64,0,26.303784,3.268435456,29.572219456,0.0,20.0,49.572219456,True,4,36,False
0,,0,64,0.0,0.0,0.0,98.534592,20.0,118.534592,True,4,37,False
1,11,8,56,2.461056,3.033554432,5.494610432,86.22276,20.0,106.22276,True,4,37,False
2,11;13,16,48,5.406336,3.067108864,8.473444864,73.909992,20.0,93.909992,True,4,37,False
3,11;13;27,24,40,8.421504,3.100663296,11.522167296,61.597224,20.0,81.597224,True,4,37,False
4,11;13;27;82,32,32,11.37396,3.134217728,14.508177728,49.28508,20.0,69.28508,True,4,37,False
5,11;13;27;82;91,40,24,14.41128,3.16777216,17.57905216,36.972624,20.0,56.972624,True,4,37,False
6,11;13;27;82;91;110,48,16,17.33004,3.201326592,20.531366592,24.660792,20.0,44.660792,True,4,37,False
7,11;13;27;82;91;110;119,56,8,20.298408,3.234881024,23.533289024,12.347712,20.0,43.533289024,True,4,37,True
8,11;13;27;53;82;91;110;119,60,4,23.221536,3.25165824,26.47319424,6.190392,20.0,46.47319424,True,4,37,False
9,11;13;27;53;82;91;110;119;122,63,1,26.291616,3.264241152,29.555857152,1.591512,20.0,49.555857152,True,4,37,False
10,11;13;27;53;71;82;91;110;119;122,64,0,29.249064,3.268435456,32.517499456,0.0,20.0,52.517499456,True,4,37,False
0,,0,64,0.0,0.0,0.0,98.534592,20.0,118.534592,True,4,38,False
1,2,8,56,2.461056,3.033554432,5.494610432,86.22276,20.0,106.22276,True,4,38,False
2,2;16,16,48,5.406336,3.067108864,8.473444864,73.909992,20.0,93.909992,True,4,38,False
3,2;16;81,24,40,8.421504,3.100663296,11.522167296,61.597224,20.0,81.597224,True,4,38,False
4,2;16;81;91,32,32,11.37396,3.134217728,14.508177728,49.28508,20.0,69.28508,True,4,38,False
5,2;16;81;91;105,40,24,14.41128,3.16777216,17.57905216,36.972624,20.0,56.972624,True,4,38,False
6,2;16;81;91;105;109,48,16,17.33004,3.201326592,20.531366592,24.660792,20.0,44.660792,True,4,38,False
7,2;16;81;91;105;109;110,56,8,20.298408,3.234881024,23.533289024,12.347712,20.0,43.533289024,True,4,38,True
8,2;16;81;91;97;105;109;110,60,4,23.221536,3.25165824,26.47319424,6.190392,20.0,46.47319424,True,4,38,False
9,2;5;16;81;91;97;105;109;110,62,2,26.263848,3.260046848,29.523894848,3.112512,20.0,49.523894848,True,4,38,False
10,2;5;16;37;81;91;97;105;109;110,64,0,29.249064,3.268435456,32.517499456,0.0,20.0,52.517499456,True,4,38,False
0,,0,64,0.0,0.0,0.0,98.534592,20.0,118.534592,True,4,39,False
1,5,8,56,2.461056,3.033554432,5.494610432,86.22276,20.0,106.22276,True,4,39,False
2,5;16,16,48,5.406336,3.067108864,8.473444864,73.909992,20.0,93.909992,True,4,39,False
3,5;16;48,24,40,8.421504,3.100663296,11.522167296,61.597224,20.0,81.597224,True,4,39,False
4,5;16;48;72,32,32,11.37396,3.134217728,14.508177728,49.28508,20.0,69.28508,True,4,39,False
5,5;16;48;72;84,40,24,14.41128,3.16777216,17.57905216,36.972624,20.0,56.972624,True,4,39,False
6,5;16;48;72;84;118,48,16,17.33004,3.201326592,20.531366592,24.660792,20.0,44.660792,True,4,39,False
7,5;16;48;63;72;84;118,55,9,20.309328,3.23068672,23.54001472,13.904904,20.0,43.54001472,True,4,39,True
8,5;16;48;59;63;72;84;118,60,4,23.221536,3.25165824,26.47319424,6.190392,20.0,46.47319424,True,4,39,False
9,5;16;48;49;59;63;72;84;118,64,0,26.303784,3.268435456,29.572219456,0.0,20.0,49.572219456,True,4,39,False
0,,0,64,0.0,0.0,0.0,98.534592,20.0,118.534592,True,4,40,False
1,12,8,56,2.461056,3.033554432,5.494610432,86.22276,20.0,106.22276,True,4,40,False
2,12;34,16,48,5.406336,3.067108864,8.473444864,73.909992,20.0,93.909992,True,4,40,False
3,12;34;48,24,40,8.421504,3.100663296,11.522167296,61.597224,20.0,81.597224,True,4,40,False
4,12;34;48;91,32,32,11.37396,3.134217728,14.508177728,49.28508,20.0,69.28508,True,4,40,False
5,12;34;48;91;98,40,24,14.41128,3.16777216,17.57905216,36.972624,20.0,56.972624,True,4,40,False
6,12;34;48;91;98;115,48,16,17.33004,3.201326592,20.531366592,24.660792,20.0,44.660792,True,4,40,False
7,12;34;48;91;98;115;119,56,8,20.298408,3.234881024,23.533289024,12.347712,20.0,43.533289024,True,4,40,True
8,12;34;48;91;98;115;119;122,64,0,23.288616,3.268435456,26.557051456,0.0,20.0,46.557051456,True,4,40,False
0,,0,64,0.0,0.0,0.0,98.534592,20.0,118.534592,True,4,41,False
1,68,8,56,2.461056,3.033554432,5.494610432,86.22276,20.0,106.22276,True,4,41,False
2,68;78,16,48,5.406336,3.067108864,8.473444864,73.909992,20.0,93.909992,True,4,41,False
3,68;78;80,24,40,8.421504,3.100663296,11.522167296,61.597224,20.0,81.597224,True,4,41,False
4,68;78;80;94,32,32,11.37396,3.134217728,14.508177728,49.28508,20.0,69.28508,True,4,41,False
5,68;78;80;94;120,40,24,14.41128,3.16777216,17.57905216,36.972624,20.0,56.972624,True,4,41,False
6,68;78;80;94;120;123,48,16,17.33004,3.201326592,20.531366592,24.660792,20.0,44.660792,True,4,41,False
7,68;78;80;94;120;123;124,56,8,20.298408,3.234881024,23.533289024,12.347712,20.0,43.533289024,True,4,41,True
8,49;68;78;80;94;120;123;124,62,2,23.24868,3.260046848,26.508726848,3.112512,20.0,46.508726848,True,4,41,False
9,49;68;78;80;82;94;120;123;124,64,0,26.303784,3.268435456,29.572219456,0.0,20.0,49.572219456,True,4,41,False
0,,0,64,0.0,0.0,0.0,98.534592,20.0,118.534592,True,4,42,False
1,14,8,56,2.461056,3.033554432,5.494610432,86.22276,20.0,106.22276,True,4,42,False
2,14;27,16,48,5.406336,3.067108864,8.473444864,73.909992,20.0,93.909992,True,4,42,False
3,14;27;30,24,40,8.421504,3.100663296,11.522167296,61.597224,20.0,81.597224,True,4,42,False
4,14;27;30;43,32,32,11.37396,3.134217728,14.508177728,49.28508,20.0,69.28508,True,4,42,False
5,14;27;30;43;60,40,24,14.41128,3.16777216,17.57905216,36.972624,20.0,56.972624,True,4,42,False
6,14;27;30;43;60;76,48,16,17.33004,3.201326592,20.531366592,24.660792,20.0,44.660792,True,4,42,False
7,14;27;30;43;60;76;109,56,8,20.298408,3.234881024,23.533289024,12.347712,20.0,43.533289024,True,4,42,True
8,14;27;30;43;60;71;76;109,63,1,23.276448,3.264241152,26.540689152,1.591512,20.0,46.540689152,True,4,42,False
9,14;27;30;43;60;63;71;76;109,64,0,26.303784,3.268435456,29.572219456,0.0,20.0,49.572219456,True,4,42,False
0,,0,64,0.0,0.0,0.0,98.534592,20.0,118.534592,True,4,43,False
1,6,8,56,2.461056,3.033554432,5.494610432,86.22276,20.0,106.22276,True,4,43,False
2,6;11,16,48,5.406336,3.067108864,8.473444864,73.909992,20.0,93.909992,True,4,43,False
3,6;11;29,24,40,8.421504,3.100663296,11.522167296,61.597224,20.0,81.597224,True,4,43,False
4,6;11;29;45,32,32,11.37396,3.134217728,14.508177728,49.28508,20.0,69.28508,True,4,43,False
5,6;11;29;45;85,40,24,14.41128,3.16777216,17.57905216,36.972624,20.0,56.972624,True,4,43,False
6,6;11;29;45;85;94,48,16,17.33004,3.201326592,20.531366592,24.660792,20.0,44.660792,True,4,43,False
7,6;11;29;45;85;94;98,56,8,20.298408,3.234881024,23.533289024,12.347712,20.0,43.533289024,True,4,43,True
8,6;11;29;37;45;85;94;98,63,1,23.276448,3.264241152,26.540689152,1.591512,20.0,46.540689152,True,4,43,False
9,6;11;29;32;37;45;85;94;98,64,0,26.303784,3.268435456,29.572219456,0.0,20.0,49.572219456,True,4,43,False
0,,0,64,0.0,0.0,0.0,98.534592,20.0,118.534592,True,4,44,False
1,15,8,56,2.461056,3.033554432,5.494610432,86.22276,20.0,106.22276,True,4,44,False
2,15;49,16,48,5.406336,3.067108864,8.473444864,73.909992,20.0,93.909992,True,4,44,False
3,15;49;50,24,40,8.421504,3.100663296,11.522167296,61.597224,20.0,81.597224,True,4,44,False
4,15;49;50;79,32,32,11.37396,3.134217728,14.508177728,49.28508,20.0,69.28508,True,4,44,False
5,15;49;50;79;108,40,24,14.41128,3.16777216,17.57905216,36.972624,20.0,56.972624,True,4,44,False
6,15;49;50;79;108;112,48,16,17.33004,3.201326592,20.531366592,24.660792,20.0,44.660792,True,4,44,False
7,15;49;50;79;108;112;127,56,8,20.298408,3.234881024,23.533289024,12.347712,20.0,43.533289024,True,4,44,True
8,2;15;49;50;79;108;112;127,59,5,23.189712,3.247463936,26.437175936,7.747896,20.0,46.437175936,True,4,44,False
9,2;15;30;49;50;79;108;112;127,62,2,26.263848,3.260046848,29.523894848,3.112512,20.0,49.523894848,True,4,44,False
10,2;15;30;49;50;79;82;108;112;127,64,0,29.249064,3.268435456,32.517499456,0.0,20.0,52.517499456,True,4,44,False
0,,0,64,0.0,0.0,0.0,98.534592,20.0,118.534592,True,4,45,False
1,1,8,56,2.461056,3.033554432,5.494610432,86.22276,20.0,106.22276,True,4,45,False
2,1;2,16,48,5.406336,3.067108864,8.473444864,73.909992,20.0,93.909992,True,4,45,False
3,1;2;4,24,40,8.421504,3.100663296,11.522167296,61.597224,20.0,81.597224,True,4,45,False
4,1;2;4;18,32,32,11.37396,3.134217728,14.508177728,49.28508,20.0,69.28508,True,4,45,False
5,1;2;4;18;53,40,24,14.41128,3.16777216,17.57905216,36.972624,20.0,56.972624,True,4,45,False
6,1;2;4;18;53;58,48,16,17.33004,3.201326592,20.531366592,24.660792,20.0,44.660792,True,4,45,False
7,1;2;4;18;53;58;107,56,8,20.298408,3.234881024,23.533289024,12.347712,20.0,43.533289024,True,4,45,True
8,1;2;4;18;53;58;107;126,62,2,23.24868,3.260046848,26.508726848,3.112512,20.0,46.508726848,True,4,45,False
9,1;2;4;13;18;53;58;107;126,64,0,26.303784,3.268435456,29.572219456,0.0,20.0,49.572219456,True,4,45,False
0,,0,64,0.0,0.0,0.0,98.534592,20.0,118.534592,True,4,46,False
1,4,8,56,2.461056,3.033554432,5.494610432,86.22276,20.0,106.22276,True,4,46,False
2,4;64,16,48,5.406336,3.067108864,8.473444864,73.909992,20.0,93.909992,True,4,46,False
3,4;64;70,24,40,8.421504,3.100663296,11.522167296,61.597224,20.0,81.597224,True,4,46,False
4,4;64;70;76,32,32,11.37396,3.134217728,14.508177728,49.28508,20.0,69.28508,True,4,46,False
5,4;64;70;76;102,40,24,14.41128,3.16777216,17.57905216,36.972624,20.0,56.972624,True,4,46,False
6,4;64;70;76;102;107,48,16,17.33004,3.201326592,20.531366592,24.660792,20.0,44.660792,True,4,46,False
7,4;64;70;76;102;107;112,56,8,20.298408,3.234881024,23.533289024,12.347712,20.0,43.533289024,True,4,46,True
8,4;15;64;70;76;102;107;112,63,1,23.276448,3.264241152,26.540689152,1.591512,20.0,46.540689152,True,4,46,False
9,4;13;15;64;70;76;102;107;112,64,0,26.303784,3.268435456,29.572219456,0.0,20.0,49.572219456,True,4,46,False
0,,0,64,0.0,0.0,0.0,98.534592,20.0,118.534592,True,4,47,False
1,7,8,56,2.461056,3.033554432,5.494610432,86.22276,20.0,106.22276,True,4,47,False
2,7;22,16,48,5.406336,3.067108864,8.473444864,73.909992,20.0,93.909992,True,4,47,False
3,7;22;36,24,40,8.421504,3.100663296,11.522167296,61.597224,20.0,81.597224,True,4,47,False
4,7;22;36;46,32,32,11.37396,3.134217728,14.508177728,49.28508,20.0,69.28508,True,4,47,False
5,7;22;36;46;58,40,24,14.41128,3.16777216,17.57905216,36.972624,20.0,56.972624,True,4,47,False
6,7;22;36;46;58;110,48,16,17.33004,3.201326592,20.531366592,24.660792,20.0,44.660792,True,4,47,False
7,7;22;36;46;58;110;112,56,8,20.298408,3.234881024,23.533289024,12.347712,20.0,43.533289024,True,4,47,True
8,7;22;36;38;46;58;110;112,61,3,23.247432,3.255852544,26.503284544,4.670016,20.0,46.503284544,True,4,47,False
9,7;22;36;38;46;48;58;110;112,64,0,26.303784,3.268435456,29.572219456,0.0,20.0,49.572219456,True,4,47,False
0,,0,64,0.0,0.0,0.0,98.534592,20.0,118.534592,True,5,0,False
1,23,8,56,2.461056,3.033554432,5.494610432,86.22276,20.0,106.22276,True,5,0,False
2,23;30,16,48,5.406336,3.067108864,8.473444864,73.909992,20.0,93.909992,True,5,0,False
3,23;30;41,24,40,8.421504,3.100663296,11.522167296,61.597224,20.0,81.597224,True,5,0,False
4,23;30;41;79,32,32,11.37396,3.134217728,14.508177728,49.28508,20.0,69.28508,True,5,0,False
5,23;30;41;79;86,40,24,14.41128,3.16777216,17.57905216,36.972624,20.0,56.972624,True,5,0,False
6,23;30;41;79;86;105,48,16,17.33004,3.201326592,20.531366592,24.660792,20.0,44.660792,True,5,0,False
7,23;30;41;79;86;105;112,56,8,20.298408,3.234881024,23.533289024,12.347712,20.0,43.533289024,True,5,0,True
8,23;30;41;79;86;105;112;125,64,0,23.288616,3.268435456,26.557051456,0.0,20.0,46.557051456,True,5,0,False
0,,0,64,0.0,0.0,0.0,98.534592,20.0,118.534592,True,5,1,False
1,9,8,56,2.461056,3.033554432,5.494610432,86.22276,20.0,106.22276,True,5,1,False
2,9;16,16,48,5.406336,3.067108864,8.473444864,73.909992,20.0,93.909992,True,5,1,False
3,9;16;28,24,40,8.421504,3.100663296,11.522167296,61.597224,20.0,81.597224,True,5,1,False
4,9;16;28;29,32,32,11.37396,3.134217728,14.508177728,49.28508,20.0,69.28508,True,5,1,False
5,9;16;28;29;48,40,24,14.41128,3.16777216,17.57905216,36.972624,20.0,56.972624,True,5,1,False
6,9;16;28;29;48;68,48,16,17.33004,3.201326592,20.531366592,24.660792,20.0,44.660792,True,5,1,False
7,9;16;28;29;48;68;88,56,8,20.298408,3.234881024,23.533289024,12.347712,20.0,43.533289024,True,5,1,True
8,9;16;28;29;48;68;88;101,64,0,23.288616,3.268435456,26.557051456,0.0,20.0,46.557051456,True,5,1,False
0,,0,64,0.0,0.0,0.0,98.534592,20.0,118.534592,True,5,2,False
1,23,8,56,2.461056,3.033554432,5.494610432,86.22276,20.0,106.22276,True,5,2,False
2,23;25,16,48,5.406336,3.067108864,8.473444864,73.909992,20.0,93.909992,True,5,2,False
3,23;25;44,24,40,8.421504,3.100663296,11.522167296,61.597224,20.0,81.597224,True,5,2,False
4,23;25;44;56,32,32,11.37396,3.134217728,14.508177728,49.28508,20.0,69.28508,True,5,2,False
5,23;25;44;56;71,40,24,14.41128,3.16777216,17.57905216,36.972624,20.0,56.972624,True,5,2,False
6,23;25;44;56;71;72,48,16,17.33004,3.201326592,20.531366592,24.660792,20.0,44.660792,True,5,2,False
7,23;25;44;56;71;72;74,56,8,20.298408,3.234881024,23.533289024,12.347712,20.0,43.533289024,True,5,2,True
8,23;25;44;56;71;72;74;126,64,0,23.288616,3.268435456,26.557051456,0.0,20.0,46.557051456,True,5,2,False
0,,0,64,0.0,0.0,0.0,98.534592,20.0,118.534592,True,5,3,False
1,3,8,56,2.461056,3.033554432,5.494610432,86.22276,20.0,106.22276,True,5,3,False
2,3;30,16,48,5.406336,3.067108864,8.473444864,73.909992,20.0,93.909992,True,5,3,False
3,3;30;32,24,40,8.421504,3.100663296,11.522167296,61.597224,20.0,81.597224,True,5,3,False
4,3;30;32;53,32,32,11.37396,3.134217728,14.508177728,49.28508,20.0,69.28508,True,5,3,False
5,3;30;32;53;56,40,24,14.41128,3.16777216,17.57905216,36.972624,20.0,56.972624,True,5,3,False
6,3;30;32;53;56;99,48,16,17.33004,3.201326592,20.531366592,24.660792,20.0,44.660792,True,5,3,False
7,3;30;32;53;56;99;101,56,8,20.298408,3.234881024,23.533289024,12.347712,20.0,43.533289024,True,5,3,True
8,3;30;32;53;56;99;101;114,64,0,23.288616,3.268435456,26.557051456,0.0,20.0,46.557051456,True,5,3,False
0,,0,64,0.0,0.0,0.0,98.534592,20.0,118.534592,True,5,4,False
1,12,8,56,2.461056,3.033554432,5.494610432,86.22276,20.0,106.22276,True,5,4,False
2,12;19,16,48,5.406336,3.067108864,8.473444864,73.909992,20.0,93.909992,True,5,4,False
3,12;19;26,24,40,8.421504,3.100663296,11.522167296,61.597224,20.0,81.597224,True,5,4,False
4,12;19;26;60,32,32,11.37396,3.134217728,14.508177728,49.28508,20.0,69.28508,True,5,4,False
5,12;19;26;60;64,40,24,14.41128,3.16777216,17.57905216,36.972624,20.0,56.972624,True,5,4,False
6,12;19;26;60;64;65,48,16,17.33004,3.201326592,20.531366592,24.660792,20.0,44.660792,True,5,4,False
7,12;19;26;60;64;65;100,56,8,20.298408,3.234881024,23.533289024,12.347712,20.0,43.533289024,True,5,4,True
8,12;19;26;60;64;65;100;108,64,0,23.288616,3.268435456,26.557051456,0.0,20.0,46.557051456,True,5,4,False
0,,0,64,0.0,0.0,0.0,98.534592,20.0,118.534592,True,5,5,False
1,4,8,56,2.461056,3.033554432,5.494610432,86.22276,20.0,106.22276,True,5,5,False
2,4;17,16,48,5.406336,3.067108864,8.473444864,73.909992,20.0,93.909992,True,5,5,False
3,4;17;46,24,40,8.421504,3.100663296,11.522167296,61.597224,20.0,81.597224,True,5,5,False
4,4;17;46;63,32,32,11.37396,3.134217728,14.508177728,49.28508,20.0,69.28508,True,5,5,False
5,4;17;46;63;65,40,24,14.41128,3.16777216,17.57905216,36.972624,20.0,56.972624,True,5,5,False
6,4;17;46;63;65;73,48,16,17.33004,3.201326592,20.531366592,24.660792,20.0,44.660792,True,5,5,False
7,4;17;46;63;65;73;95,56,8,20.298408,3.234881024,23.533289024,12.347712,20.0,43.533289024,True,5,5,True
8,4;17;46;63;65;73;95;104,64,0,23.288616,3.268435456,26.557051456,0.0,20.0,46.557051456,True,5,5,False
0,,0,64,0.0,0.0,0.0,98.534592,20.0,118.534592,True,5,6,False
1,22,8,56,2.461056,3.033554432,5.494610432,86.22276,20.0,106.22276,True,5,6,False
2,22;33,16,48,5.406336,3.067108864,8.473444864,73.909992,20.0,93.909992,True,5,6,False
3,22;33;39,24,40,8.421504,3.100663296,11.522167296,61.597224,20.0,81.597224,True,5,6,False
4,22;33;39;49,32,32,11.37396,3.134217728,14.508177728,49.28508,20.0,69.28508,True,5,6,False
5,22;33;39;49;58,40,24,14.41128,3.16777216,17.57905216,36.972624,20.0,56.972624,True,5,6,False
6,22;33;39;49;58;74,48,16,17.33004,3.201326592,20.531366592,24.660792,20.0,44.660792,True,5,6,False
7,22;33;39;49;58;74;82,56,8,20.298408,3.234881024,23.533289024,12.347712,20.0,43.533289024,True,5,6,True
8,22;33;39;49;58;74;82;112,64,0,23.288616,3.268435456,26.557051456,0.0,20.0,46.557051456,True,5,6,False
0,,0,64,0.0,0.0,0.0,98.534592,20.0,118.534592,True,5,7,False
1,15,8,56,2.461056,3.033554432,5.494610432,86.22276,20.0,106.22276,True,5,7,False
2,15;19,16,48,5.406336,3.067108864,8.473444864,73.909992,20.0,93.909992,True,5,7,False
3,15;19;29,24,40,8.421504,3.100663296,11.522167296,61.597224,20.0,81.597224,True,5,7,False
4,15;19;29;44,32,32,11.37396,3.134217728,14.508177728,49.28508,20.0,69.28508,True,5,7,False
5,15;19;29;44;56,40,24,14.41128,3.16777216,17.57905216,36.972624,20.0,56.972624,True,5,7,False
6,15;19;29;44;56;63,48,16,17.33004,3.201326592,20.531366592,24.660792,20.0,44.660792,True,5,7,False
7,15;19;29;44;56;63;114,56,8,20.298408,3.234881024,23.533289024,12.347712,20.0,43.533289024,True,5,7,True
8,15;19;29;44;56;63;114;115,62,2,23.24868,3.260046848,26.508726848,3.112512,20.0,46.508726848,True,5,7,False
9,15;19;24;29;44;56;63;114;115,64,0,26.303784,3.268435456,29.572219456,0.0,20.0,49.572219456,True,5,7,False
0,,0,64,0.0,0.0,0.0,98.534592,20.0,118.534592,True,5,8,False
1,11,8,56,2.461056,3.033554432,5.494610432,86.22276,20.0,106.22276,True,5,8,False
2,11;17,16,48,5.406336,3.067108864,8.473444864,73.909992,20.0,93.909992,True,5,8,False
3,11;17;22,24,40,8.421504,3.100663296,11.522167296,61.597224,20.0,81.597224,True,5,8,False
4,11;17;22;45,32,32,11.37396,3.134217728,14.508177728,49.28508,20.0,69.28508,True,5,8,False
5,11;17;22;45;50,40,24,14.41128,3.16777216,17.57905216,36.972624,20.0,56.972624,True,5,8,False
6,11;17;22;45;50;85,48,16,17.33004,3.201326592,20.531366592,24.660792,20.0,44.660792,True,5,8,False
7,11;17;22;45;50;85;100,56,8,20.298408,3.234881024,23.533289024,12.347712,20.0,43.533289024,True,5,8,True
8,11;17;22;45;50;85;100;124,64,0,23.288616,3.268435456,26.557051456,0.0,20.0,46.557051456,True,5,8,False
0,,0,64,0.0,0.0,0.0,98.534592,20.0,118.534592,True,5,9,False
1,6,8,56,2.461056,3.033554432,5.494610432,86.22276,20.0,106.22276,True,5,9,False
2,6;23,16,48,5.406336,3.067108864,8.473444864,73.909992,20.0,93.909992,True,5,9,False
3,6;23;38,24,40,8.421504,3.100663296,11.522167296,61.597224,20.0,81.597224,True,5,9,False
4,6;23;38;66,32,32,11.37396,3.134217728,14.508177728,49.28508,20.0,69.28508,True,5,9,False
5,6;23;38;66;67,40,24,14.41128,3.16777216,17.57905216,36.972624,20.0,56.972624,True,5,9,False
6,6;23;38;66;67;92,48,16,17.33004,3.201326592,20.531366592,24.660792,20.0,44.660792,True,5,9,False
7,6;13;23;38;66;67;92,54,10,20.251296,3.226492416,23.477788416,15.426216,20.0,43.477788416,True,5,9,True
8,6;13;23;38;39;66;67;92,60,4,23.221536,3.25165824,26.47319424,6.190392,20.0,46.47319424,True,5,9,False
9,6;13;23;38;39;63;66;67;92,64,0,26.303784,3.268435456,29.572219456,0.0,20.0,49.572219456,True,5,9,False
0,,0,64,0.0,0.0,0.0,98.534592,20.0,118.534592,True,5,10,False
1,1,8,56,2.461056,3.033554432,5.494610432,86.22276,20.0,106.22276,True,5,10,False
2,1;5,16,48,5.406336,3.067108864,8.473444864,73.909992,20.0,93.909992,True,5,10,False
3,1;5;6,24,40,8.421504,3.100663296,11.522167296,61.597224,20.0,81.597224,True,5,10,False
4,1;5;6;19,32,32,11.37396,3.134217728,14.508177728,49.28508,20.0,69.28508,True,5,10,False
5,1;5;6;19;36,40,24,14.41128,3.16777216,17.57905216,36.972624,20.0,56.972624,True,5,10,False
6,1;5;6;19;36;42,48,16,17.33004,3.201326592,20.531366592,24.660792,20.0,44.660792,True,5,10,False
7,1;5;6;19;36;42;48,56,8,20.298408,3.234881024,23.533289024,12.347712,20.0,43.533289024,True,5,10,True
8,1;5;6;19;36;42;48;98,60,4,23.221536,3.25165824,26.47319424,6.190392,20.0,46.47319424,True,5,10,False
9,1;5;6;19;36;42;48;92;98,63,1,26.291616,3.264241152,29.555857152,1.591512,20.0,49.555857152,True,5,10,False
10,1;5;6;19;36;42;48;66;92;98,64,0,29.249064,3.268435456,32.517499456,0.0,20.0,52.517499456,True,5,10,False
0,,0,64,0.0,0.0,0.0,98.534592,20.0,118.534592,True,5,11,False
1,14,8,56,2.461056,3.033554432,5.494610432,86.22276,20.0,106.22276,True,5,11,False
2,14;17,16,48,5.406336,3.067108864,8.473444864,73.909992,20.0,93.909992,True,5,11,False
3,14;17;22,24,40,8.421504,3.100663296,11.522167296,61.597224,20.0,81.597224,True,5,11,False
4,14;17;22;52,32,32,11.37396,3.134217728,14.508177728,49.28508,20.0,69.28508,True,5,11,False
5,14;17;22;52;62,40,24,14.41128,3.16777216,17.57905216,36.972624,20.0,56.972624,True,5,11,False
6,14;17;22;52;62;117,48,16,17.33004,3.201326592,20.531366592,24.660792,20.0,44.660792,True,5,11,False
7,14;17;22;52;62;117;121,56,8,20.298408,3.234881024,23.533289024,12.347712,20.0,43.533289024,True,5,11,True
8,14;17;22;36;52;62;117;121,61,3,23.247432,3.255852544,26.503284544,4.670016,20.0,46.503284544,True,5,11,False
9,14;17;22;36;52;62;76;117;121,63,1,26.291616,3.264241152,29.555857152,1.591512,20.0,49.555857152,True,5,11,False
10,14;17;22;36;52;62;76;104;117;121,64,0,29.249064,3.268435456,32.517499456,0.0,20.0,52.517499456,True,5,11,False
0,,0,64,0.0,0.0,0.0,98.534592,20.0,118.534592,True,5,12,False
1,11,8,56,2.461056,3.033554432,5.494610432,86.22276,20.0,106.22276,True,5,12,False
2,11;19,16,48,5.406336,3.067108864,8.473444864,73.909992,20.0,93.909992,True,5,12,False
3,11;19;28,24,40,8.421504,3.100663296,11.522167296,61.597224,20.0,81.597224,True,5,12,False
4,11;19;28;41,32,32,11.37396,3.134217728,14.508177728,49.28508,20.0,69.28508,True,5,12,False
5,11;19;28;41;57,40,24,14.41128,3.16777216,17.57905216,36.972624,20.0,56.972624,True,5,12,False
6,11;19;28;41;57;59,48,16,17.33004,3.201326592,20.531366592,24.660792,20.0,44.660792,True,5,12,False
7,11;19;28;41;57;59;111,56,8,20.298408,3.234881024,23.533289024,12.347712,20.0,43.533289024,True,5,12,True
8,11;19;20;28;41;57;59;111,62,2,23.24868,3.260046848,26.508726848,3.112512,20.0,46.508726848,True,5,12,False
9,11;19;20;28;41;57;59;111;125,64,0,26.303784,3.268435456,29.572219456,0.0,20.0,49.572219456,True,5,12,False
0,,0,64,0.0,0.0,0.0,98.534592,20.0,118.534592,True,5,13,False
1,13,8,56,2.461056,3.033554432,5.494610432,86.22276,20.0,106.22276,True,5,13,False
2,13;34,16,48,5.406336,3.067108864,8.473444864,73.909992,20.0,93.909992,True,5,13,False
3,13;34;52,24,40,8.421504,3.100663296,11.522167296,61.597224,20.0,81.597224,True,5,13,False
4,13;34;52;84,32,32,11.37396,3.134217728,14.508177728,49.28508,20.0,69.28508,True,5,13,False
5,13;34;52;84;93,40,24,14.41128,3.16777216,17.57905216,36.972624,20.0,56.972624,True,5,13,False
6,13;34;52;84;93;104,48,16,17.33004,3.201326592,20.531366592,24.660792,20.0,44.660792,True,5,13,False
7,13;34;52;84;93;104;110,56,8,20.298408,3.234881024,23.533289024,12.347712,20.0,43.533289024,True,5,13,True
8,13;34;52;84;93;104;110;117,61,3,23.247432,3.255852544,26.503284544,4.670016,20.0,46.503284544,True,5,13,False
9,11;13;34;52;84;93;104;110;117,62,2,26.263848,3.260046848,29.523894848,3.112512,20.0,49.523894848,True,5,13,False
10,11;13;20;34;52;84;93;104;110;117,63,1,29.236896,3.264241152,32.501137152,1.591512,20.0,52.501137152,True,5,13,False
11,11;13;20;27;34;52;84;93;104;110;117,64,0,32.264232,3.268435456,35.532667456,0.0,20.0,55.532667456,True,5,13,False
0,,0,64,0.0,0.0,0.0,98.534592,20.0,118.534592,True,5,14,False
1,2,8,56,2.461056,3.033554432,5.494610432,86.22276,20.0,106.22276,True,5,14,False
2,2;5,16,48,5.406336,3.067108864,8.473444864,73.909992,20.0,93.909992,True,5,14,False
3,2;5;24,24,40,8.421504,3.100663296,11.522167296,61.597224,20.0,81.597224,True,5,14,False
4,2;5;24;61,32,32,11.37396,3.134217728,14.508177728,49.28508,20.0,69.28508,True,5,14,False
5,2;5;24;61;97,40,24,14.41128,3.16777216,17.57905216,36.972624,20.0,56.972624,True,5,14,False
6,2;5;24;61;97;102,48,16,17.33004,3.201326592,20.531366592,24.660792,20.0,44.660792,True,5,14,False
7,2;5;24;61;97;102;109,56,8,20.298408,3.234881024,23.533289024,12.347712,20.0,43.533289024,True,5,14,True
8,2;5;14;24;61;97;102;109,60,4,23.221536,3.25165824,26.47319424,6.190392,20.0,46.47319424,True,5,14,False
9,2;5;14;24;61;66;97;102;109,63,1,26.291616,3.264241152,29.555857152,1.591512,20.0,49.555857152,True,5,14,False
10,2;5;14;24;61;66;72;97;102;109,64,0,29.249064,3.268435456,32.517499456,0.0,20.0,52.517499456,True,5,14,False
0,,0,64,0.0,0.0,0.0,98.534592,20.0,118.534592,True,5,15,False
1,58,8,56,2.461056,3.033554432,5.494610432,86.22276,20.0,106.22276,True,5,15,False
2,58;63,16,48,5.406336,3.067108864,8.473444864,73.909992,20.0,93.909992,True,5,15,False
3,58;63;64,24,40,8.421504,3.100663296,11.522167296,61.597224,20.0,81.597224,True,5,15,False
4,58;63;64;79,32,32,11.37396,3.134217728,14.508177728,49.28508,20.0,69.28508,True,5,15,False
5,58;63;64;79;84,40,24,14.41128,3.16777216,17.57905216,36.972624,20.0,56.972624,True,5,15,False
6,58;63;64;79;84;111,48,16,17.33004,3.201326592,20.531366592,24.660792,20.0,44.660792,True,5,15,False
7,58;63;64;79;84;111;127,56,8,20.298408,3.234881024,23.533289024,12.347712,20.0,43.533289024,True,5,15,True
8,58;63;64;79;84;111;122;127,62,2,23.24868,3.260046848,26.508726848,3.112512,20.0,46.508726848,True,5,15,False
9,2;58;63;64;79;84;111;122;127,64,0,26.303784,3.268435456,29.572219456,0.0,20.0,49.572219456,True,5,15,False
0,,0,64,0.0,0.0,0.0,98.534592,20.0,118.534592,True,5,16,False
1,42,8,56,2.461056,3.033554432,5.494610432,86.22276,20.0,106.22276,True,5,16,False
2,42;48,16,48,5.406336,3.067108864,8.473444864,73.909992,20.0,93.909992,True,5,16,False
3,42;48;70,24,40,8.421504,3.100663296,11.522167296,61.597224,20.0,81.597224,True,5,16,False
4,42;48;70;93,32,32,11.37396,3.134217728,14.508177728,49.28508,20.0,69.28508,True,5,16,False
5,42;48;70;93;97,40,24,14.41128,3.16777216,17.57905216,36.972624,20.0,56.972624,True,5,16,False
6,42;48;70;93;97;107,48,16,17.33004,3.201326592,20.531366592,24.660792,20.0,44.660792,True,5,16,False
7,42;48;70;93;97;107;122,56,8,20.298408,3.234881024,23.533289024,12.347712,20.0,43.533289024,True,5,16,True
8,42;48;70;93;97;107;116;122,61,3,23.247432,3.255852544,26.503284544,4.670016,20.0,46.503284544,True,5,16,False
9,6;42;48;70;93;97;107;116;122,63,1,26.291616,3.264241152,29.555857152,1.591512,20.0,49.555857152,True,5,16,False
10,6;42;46;48;70;93;97;107;116;122,64,0,29.249064,3.268435456,32.517499456,0.0,20.0,52.517499456,True,5,16,False
0,,0,64,0.0,0.0,0.0,98.534592,20.0,118.534592,True,5,17,False
1,75,8,56,2.461056,3.033554432,5.494610432,86.22276,20.0,106.22276,True,5,17,False
2,75;80,16,48,5.406336,3.067108864,8.473444864,73.909992,20.0,93.909992,True,5,17,False
3,75;80;94,24,40,8.421504,3.100663296,11.522167296,61.597224,20.0,81.597224,True,5,17,False
4,75;80;94;122,32,32,11.37396,3.134217728,14.508177728,49.28508,20.0,69.28508,True,5,17,False
5,75;80;94;122;124,40,24,14.41128,3.16777216,17.57905216,36.972624,20.0,56.972624,True,5,17,False
6,75;80;90;94;122;124,47,17,17.347512,3.197132288,20.544644288,26.217672,20.0,46.217672,True,5,17,False
7,75;80;90;94;105;122;124,53,11,20.277504,3.222298112,23.499802112,16.983096,20.0,43.499802112,True,5,17,True
8,73;75;80;90;94;105;122;124,58,6,23.228712,3.243269632,26.471981632,9.268896,20.0,46.471981632,True,5,17,False
9,73;75;80;90;94;105;122;123;124,63,1,26.291616,3.264241152,29.555857152,1.591512,20.0,49.555857152,True,5,17,False
10,73;75;80;90;94;105;116;122;123;124,64,0,29.249064,3.268435456,32.517499456,0.0,20.0,52.517499456,True,5,17,False
0,,0,64,0.0,0.0,0.0,98.534592,20.0,118.534592,True,5,18,False
1,32,8,56,2.461056,3.033554432,5.494610432,86.22276,20.0,106.22276,True,5,18,False
2,32;33,16,48,5.406336,3.067108864,8.473444864,73.909992,20.0,93.909992,True,5,18,False
3,32;33;58,24,40,8.421504,3.100663296,11.522167296,61.597224,20.0,81.597224,True,5,18,False
4,32;33;58;74,32,32,11.37396,3.134217728,14.508177728,49.28508,20.0,69.28508,True,5,18,False
5,32;33;58;74;82,40,24,14.41128,3.16777216,17.57905216,36.972624,20.0,56.972624,True,5,18,False
6,32;33;58;74;82;91,48,16,17.33004,3.201326592,20.531366592,24.660792,20.0,44.660792,True,5,18,False
7,32;33;58;74;82;91;112,56,8,20.298408,3.234881024,23.533289024,12.347712,20.0,43.533289024,True,5,18,True
8,32;33;58;74;82;91;112;126,64,0,23.288616,3.268435456,26.557051456,0.0,20.0,46.557051456,True,5,18,False
0,,0,64,0.0,0.0,0.0,98.534592,20.0,118.534592,True,5,19,False
1,10,8,56,2.461056,3.033554432,5.494610432,86.22276,20.0,106.22276,True,5,19,False
2,10;28,16,48,5.406336,3.067108864,8.473444864,73.909992,20.0,93.909992,True,5,19,False
3,10;28;29,24,40,8.421504,3.100663296,11.522167296,61.597224,20.0,81.597224,True,5,19,False
4,10;28;29;44,32,32,11.37396,3.134217728,14.508177728,49.28508,20.0,69.28508,True,5,19,False
5,10;28;29;44;52,40,24,14.41128,3.16777216,17.57905216,36.972624,20.0,56.972624,True,5,19,False
6,10;28;29;44;52;92,48,16,17.33004,3.201326592,20.531366592,24.660792,20.0,44.660792,True,5,19,False
7,10;28;29;44;52;63;92,55,9,20.309328,3.23068672,23.54001472,13.904904,20.0,43.54001472,True,5,19,True
8,10;11;28;29;44;52;63;92,58,6,23.228712,3.243269632,26.471981632,9.268896,20.0,46.471981632,True,5,19,False
9,10;11;28;29;32;44;52;63;92,61,3,26.2626,3.255852544,29.518452544,4.670016,20.0,49.518452544,True,5,19,False
10,10;11;28;29;32;44;52;56;63;92,64,0,29.249064,3.268435456,32.517499456,0.0,20.0,52.517499456,True,5,19,False
0,,0,64,0.0,0.0,0.0,98.534592,20.0,118.534592,True,5,20,False
1,0,8,56,2.461056,3.033554432,5.494610432,86.22276,20.0,106.22276,True,5,20,False
2,0;45,16,48,5.406336,3.067108864,8.473444864,73.909992,20.0,93.909992,True,5,20,False
3,0;45;76,24,40,8.421504,3.100663296,11.522167296,61.597224,20.0,81.597224,True,5,20,False
4,0;45;76;85,32,32,11.37396,3.134217728,14.508177728,49.28508,20.0,69.28508,True,5,20,False
5,0;45;76;85;92,40,24,14.41128,3.16777216,17.57905216,36.972624,20.0,56.972624,True,5,20,False
6,0;45;76;85;92;123,48,16,17.33004,3.201326592,20.531366592,24.660792,20.0,44.660792,True,5,20,False
7,0;45;76;85;92;123;124,56,8,20.298408,3.234881024,23.533289024,12.347712,20.0,43.533289024,True,5,20,True
8,0;45;48;76;85;92;123;124,63,1,23.276448,3.264241152,26.540689152,1.591512,20.0,46.540689152,True,5,20,False
9,0;45;48;76;85;92;114;123;124,64,0,26.303784,3.268435456,29.572219456,0.0,20.0,49.572219456,True,5,20,False
0,,0,64,0.0,0.0,0.0,98.534592,20.0,118.534592,True,5,21,False
1,2,8,56,2.461056,3.033554432,5.494610432,86.22276,20.0,106.22276,True,5,21,False
2,2;11,16,48,5.406336,3.067108864,8.473444864,73.909992,20.0,93.909992,True,5,21,False
3,2;11;32,24,40,8.421504,3.100663296,11.522167296,61.597224,20.0,81.597224,True,5,21,False
4,2;11;32;38,32,32,11.37396,3.134217728,14.508177728,49.28508,20.0,69.28508,True,5,21,False
5,2;11;32;38;44,40,24,14.41128,3.16777216,17.57905216,36.972624,20.0,56.972624,True,5,21,False
6,2;11;32;38;44;63,48,16,17.33004,3.201326592,20.531366592,24.660792,20.0,44.660792,True,5,21,False
7,2;11;32;38;39;44;63,55,9,20.309328,3.23068672,23.54001472,13.904904,20.0,43.54001472,True,5,21,True
8,2;11;32;38;39;44;63;115,60,4,23.221536,3.25165824,26.47319424,6.190392,20.0,46.47319424,True,5,21,False
9,2;6;11;32;38;39;44;63;115,63,1,26.291616,3.264241152,29.555857152,1.591512,20.0,49.555857152,True,5,21,False
10,2;6;11;32;38;39;44;63;67;115,64,0,29.249064,3.268435456,32.517499456,0.0,20.0,52.517499456,True,5,21,False
0,,0,64,0.0,0.0,0.0,98.534592,20.0,118.534592,True,5,22,False
1,1,8,56,2.461056,3.033554432,5.494610432,86.22276,20.0,106.22276,True,5,22,False
2,1;36,16,48,5.406336,3.067108864,8.473444864,73.909992,20.0,93.909992,True,5,22,False
3,1;36;42,24,40,8.421504,3.100663296,11.522167296,61.597224,20.0,81.597224,True,5,22,False
4,1;36;42;48,32,32,11.37396,3.134217728,14.508177728,49.28508,20.0,69.28508,True,5,22,False
5,1;36;42;48;71,40,24,14.41128,3.16777216,17.57905216,36.972624,20.0,56.972624,True,5,22,False
6,1;36;42;48;71;75,48,16,17.33004,3.201326592,20.531366592,24.660792,20.0,44.660792,True,5,22,False
7,1;36;42;48;71;75;89,56,8,20.298408,3.234881024,23.533289024,12.347712,20.0,43.533289024,True,5,22,True
8,1;36;42;48;71;75;89;122,63,1,23.276448,3.264241152,26.540689152,1.591512,20.0,46.540689152,True,5,22,False
9,1;12;36;42;48;71;75;89;122,64,0,26.303784,3.268435456,29.572219456,0.0,20.0,49.572219456,True,5,22,False
0,,0,64,0.0,0.0,0.0,98.534592,20.0,118.534592,True,5,23,False
1,4,8,56,2.461056,3.033554432,5.494610432,86.22276,20.0,106.22276,True,5,23,False
2,4;14,16,48,5.406336,3.067108864,8.473444864,73.909992,20.0,93.909992,True,5,23,False
3,4;14;31,24,40,8.421504,3.100663296,11.522167296,61.597224,20.0,81.597224,True,5,23,False
4,4;14;31;36,32,32,11.37396,3.134217728,14.508177728,49.28508,20.0,69.28508,True,5,23,False
5,4;14;31;36;62,40,24,14.41128,3.16777216,17.57905216,36.972624,20.0,56.972624,True,5,23,False
6,4;14;31;36;62;65,48,16,17.33004,3.201326592,20.531366592,24.660792,20.0,44.660792,True,5,23,False
7,4;14;31;36;62;65;117,56,8,20.298408,3.234881024,23.533289024,12.347712,20.0,43.533289024,True,5,23,True
8,4;14;17;31;36;62;65;117,61,3,23.247432,3.255852544,26.503284544,4.670016,20.0,46.503284544,True,5,23,False
9,4;14;17;31;36;62;65;108;117,63,1,26.291616,3.264241152,29.555857152,1.591512,20.0,49.555857152,True,5,23,False
10,4;14;17;31;36;62;65;76;108;117,64,0,29.249064,3.268435456,32.517499456,0.0,20.0,52.517499456,True,5,23,False
0,,0,64,0.0,0.0,0.0,98.534592,20.0,118.534592,True,5,24,False
1,11,8,56,2.461056,3.033554432,5.494610432,86.22276,20.0,106.22276,True,5,24,False
2,11;18,16,48,5.406336,3.067108864,8.473444864,73.909992,20.0,93.909992,True,5,24,False
3,11;18;19,24,40,8.421504,3.100663296,11.522167296,61.597224,20.0,81.597224,True,5,24,False
4,11;18;19;20,32,32,11.37396,3.134217728,14.508177728,49.28508,20.0,69.28508,True,5,24,False
5,11;18;19;20;28,40,24,14.41128,3.16777216,17.57905216,36.972624,20.0,56.972624,True,5,24,False
6,11;18;19;20;28;57,48,16,17.33004,3.201326592,20.531366592,24.660792,20.0,44.660792,True,5,24,False
7,11;18;19;20;28;57;59,56,8,20.298408,3.234881024,23.533289024,12.347712,20.0,43.533289024,True,5,24,True
8,11;18;19;20;28;57;59;108,64,0,23.288616,3.268435456,26.557051456,0.0,20.0,46.557051456,True,5,24,False
0,,0,64,0.0,0.0,0.0,98.534592,20.0,118.534592,True,5,25,False
1,13,8,56,2.461056,3.033554432,5.494610432,86.22276,20.0,106.22276,True,5,25,False
2,13;34,16,48,5.406336,3.067108864,8.473444864,73.909992,20.0,93.909992,True,5,25,False
3,13;34;50,24,40,8.421504,3.100663296,11.522167296,61.597224,20.0,81.597224,True,5,25,False
4,13;34;50;72,32,32,11.37396,3.134217728,14.508177728,49.28508,20.0,69.28508,True,5,25,False
5,13;34;50;72;84,40,24,14.41128,3.16777216,17.57905216,36.972624,20.0,56.972624,True,5,25,False
6,13;34;50;72;84;110,48,16,17.33004,3.201326592,20.531366592,24.660792,20.0,44.660792,True,5,25,False
7,13;34;50;72;84;87;110,55,9,20.309328,3.23068672,23.54001472,13.904904,20.0,43.54001472,True,5,25,True
8,13;34;50;72;84;86;87;110,60,4,23.221536,3.25165824,26.47319424,6.190392,20.0,46.47319424,True,5,25,False
9,13;34;50;52;72;84;86;87;110,63,1,26.291616,3.264241152,29.555857152,1.591512,20.0,49.555857152,True,5,25,False
10,13;34;50;52;72;74;84;86;87;110,64,0,29.249064,3.268435456,32.517499456,0.0,20.0,52.517499456,True,5,25,False
0,,0,64,0.0,0.0,0.0,98.534592,20.0,118.534592,True,5,26,False
1,24,8,56,2.461056,3.033554432,5.494610432,86.22276,20.0,106.22276,True,5,26,False
2,24;27,16,48,5.406336,3.067108864,8.473444864,73.909992,20.0,93.909992,True,5,26,False
3,24;27;72,24,40,8.421504,3.100663296,11.522167296,61.597224,20.0,81.597224,True,5,26,False
4,24;27;72;91,32,32,11.37396,3.134217728,14.508177728,49.28508,20.0,69.28508,True,5,26,False
5,24;27;72;91;97,40,24,14.41128,3.16777216,17.57905216,36.972624,20.0,56.972624,True,5,26,False
6,24;27;72;91;97;113,48,16,17.33004,3.201326592,20.531366592,24.660792,20.0,44.660792,True,5,26,False
7,5;24;27;72;91;97;113,55,9,20.309328,3.23068672,23.54001472,13.904904,20.0,43.54001472,True,5,26,True
8,5;24;27;59;72;91;97;113,61,3,23.247432,3.255852544,26.503284544,4.670016,20.0,46.503284544,True,5,26,False
9,5;24;27;29;59;72;91;97;113,64,0,26.303784,3.268435456,29.572219456,0.0,20.0,49.572219456,True,5,26,False
0,,0,64,0.0,0.0,0.0,98.534592,20.0,118.534592,True,5,27,False
1,15,8,56,2.461056,3.033554432,5.494610432,86.22276,20.0,106.22276,True,5,27,False
2,15;63,16,48,5.406336,3.067108864,8.473444864,73.909992,20.0,93.909992,True,5,27,False
3,15;63;64,24,40,8.421504,3.100663296,11.522167296,61.597224,20.0,81.597224,True,5,27,False
4,15;63;64;79,32,32,11.37396,3.134217728,14.508177728,49.28508,20.0,69.28508,True,5,27,False
5,15;63;64;79;84,40,24,14.41128,3.16777216,17.57905216,36.972624,20.0,56.972624,True,5,27,False
6,15;63;64;79;84;111,48,16,17.33004,3.201326592,20.531366592,24.660792,20.0,44.660792,True,5,27,False
7,15;63;64;79;84;111;118,56,8,20.298408,3.234881024,23.533289024,12.347712,20.0,43.533289024,True,5,27,True
8,15;63;64;79;84;111;118;122,64,0,23.288616,3.268435456,26.557051456,0.0,20.0,46.557051456,True,5,27,False
0,,0,64,0.0,0.0,0.0,98.534592,20.0,118.534592,True,5,28,False
1,6,8,56,2.461056,3.033554432,5.494610432,86.22276,20.0,106.22276,True,5,28,False
2,6;11,16,48,5.406336,3.067108864,8.473444864,73.909992,20.0,93.909992,True,5,28,False
3,6;11;42,24,40,8.421504,3.100663296,11.522167296,61.597224,20.0,81.597224,True,5,28,False
4,6;11;42;70,32,32,11.37396,3.134217728,14.508177728,49.28508,20.0,69.28508,True,5,28,False
5,6;11;42;70;91,40,24,14.41128,3.16777216,17.57905216,36.972624,20.0,56.972624,True,5,28,False
6,6;11;42;70;91;98,48,16,17.33004,3.201326592,20.531366592,24.660792,20.0,44.660792,True,5,28,False
7,6;11;42;70;91;98;122,56,8,20.298408,3.234881024,23.533289024,12.347712,20.0,43.533289024,True,5,28,True
8,6;11;42;70;91;98;107;122,62,2,23.24868,3.260046848,26.508726848,3.112512,20.0,46.508726848,True,5,28,False
9,6;11;42;70;91;97;98;107;122,64,0,26.303784,3.268435456,29.572219456,0.0,20.0,49.572219456,True,5,28,False
0,,0,64,0.0,0.0,0.0,98.534592,20.0,118.534592,True,5,29,False
1,13,8,56,2.461056,3.033554432,5.494610432,86.22276,20.0,106.22276,True,5,29,False
2,13;37,16,48,5.406336,3.067108864,8.473444864,73.909992,20.0,93.909992,True,5,29,False
3,13;37;46,24,40,8.421504,3.100663296,11.522167296,61.597224,20.0,81.597224,True,5,29,False
4,13;37;46;70,32,32,11.37396,3.134217728,14.508177728,49.28508,20.0,69.28508,True,5,29,False
5,13;37;46;70;94,40,24,14.41128,3.16777216,17.57905216,36.972624,20.0,56.972624,True,5,29,False
6,13;37;46;70;94;105,48,16,17.33004,3.201326592,20.531366592,24.660792,20.0,44.660792,True,5,29,False
7,13;37;46;70;94;105;120,56,8,20.298408,3.234881024,23.533289024,12.347712,20.0,43.533289024,True,5,29,True
8,13;37;46;70;94;105;120;124,64,0,23.288616,3.268435456,26.557051456,0.0,20.0,46.557051456,True,5,29,False
0,,0,64,0.0,0.0,0.0,98.534592,20.0,118.534592,True,5,30,False
1,6,8,56,2.461056,3.033554432,5.494610432,86.22276,20.0,106.22276,True,5,30,False
2,6;25,16,48,5.406336,3.067108864,8.473444864,73.909992,20.0,93.909992,True,5,30,False
3,6;25;39,24,40,8.421504,3.100663296,11.522167296,61.597224,20.0,81.597224,True,5,30,False
4,6;25;39;48,32,32,11.37396,3.134217728,14.508177728,49.28508,20.0,69.28508,True,5,30,False
5,6;25;39;48;58,40,24,14.41128,3.16777216,17.57905216,36.972624,20.0,56.972624,True,5,30,False
6,6;25;39;48;58;74,48,16,17.33004,3.201326592,20.531366592,24.660792,20.0,44.660792,True,5,30,False
7,6;25;39;48;58;74;82,56,8,20.298408,3.234881024,23.533289024,12.347712,20.0,43.533289024,True,5,30,True
8,6;25;39;48;58;74;82;98,63,1,23.276448,3.264241152,26.540689152,1.591512,20.0,46.540689152,True,5,30,False
9,6;25;33;39;48;58;74;82;98,64,0,26.303784,3.268435456,29.572219456,0.0,20.0,49.572219456,True,5,30,False
0,,0,64,0.0,0.0,0.0,98.534592,20.0,118.534592,True,5,31,False
1,24,8,56,2.461056,3.033554432,5.494610432,86.22276,20.0,106.22276,True,5,31,False
2,24;28,16,48,5.406336,3.067108864,8.473444864,73.909992,20.0,93.909992,True,5,31,False
3,24;28;29,24,40,8.421504,3.100663296,11.522167296,61.597224,20.0,81.597224,True,5,31,False
4,24;28;29;44,32,32,11.37396,3.134217728,14.508177728,49.28508,20.0,69.28508,True,5,31,False
5,24;28;29;44;63,40,24,14.41128,3.16777216,17.57905216,36.972624,20.0,56.972624,True,5,31,False
6,24;28;29;44;63;115,48,16,17.33004,3.201326592,20.531366592,24.660792,20.0,44.660792,True,5,31,False
7,10;24;28;29;44;63;115,55,9,20.309328,3.23068672,23.54001472,13.904904,20.0,43.54001472,True,5,31,True
8,10;24;28;29;36;44;63;115,58,6,23.228712,3.243269632,26.471981632,9.268896,20.0,46.471981632,True,5,31,False
9,10;24;28;29;36;44;59;63;115,61,3,26.2626,3.255852544,29.518452544,4.670016,20.0,49.518452544,True,5,31,False
10,10;24;28;29;36;41;44;59;63;115,63,1,29.236896,3.264241152,32.501137152,1.591512,20.0,52.501137152,True,5,31,False
11,2;10;24;28;29;36;41;44;59;63;115,64,0,32.264232,3.268435456,35.532667456,0.0,20.0,55.532667456,True,5,31,False
0,,0,64,0.0,0.0,0.0,98.534592,20.0,118.534592,True,5,32,False
1,0,8,56,2.461056,3.033554432,5.494610432,86.22276,20.0,106.22276,True,5,32,False
2,0;48,16,48,5.406336,3.067108864,8.473444864,73.909992,20.0,93.909992,True,5,32,False
3,0;48;72,24,40,8.421504,3.100663296,11.522167296,61.597224,20.0,81.597224,True,5,32,False
4,0;48;72;85,32,32,11.37396,3.134217728,14.508177728,49.28508,20.0,69.28508,True,5,32,False
5,0;48;72;85;90,40,24,14.41128,3.16777216,17.57905216,36.972624,20.0,56.972624,True,5,32,False
6,0;48;72;85;90;108,48,16,17.33004,3.201326592,20.531366592,24.660792,20.0,44.660792,True,5,32,False
7,0;48;72;85;90;108;124,56,8,20.298408,3.234881024,23.533289024,12.347712,20.0,43.533289024,True,5,32,True
8,0;48;72;85;90;108;113;124,63,1,23.276448,3.264241152,26.540689152,1.591512,20.0,46.540689152,True,5,32,False
9,0;10;48;72;85;90;108;113;124,64,0,26.303784,3.268435456,29.572219456,0.0,20.0,49.572219456,True,5,32,False
0,,0,64,0.0,0.0,0.0,98.534592,20.0,118.534592,True,5,33,False
1,2,8,56,2.461056,3.033554432,5.494610432,86.22276,20.0,106.22276,True,5,33,False
2,2;13,16,48,5.406336,3.067108864,8.473444864,73.909992,20.0,93.909992,True,5,33,False
3,2;13;32,24,40,8.421504,3.100663296,11.522167296,61.597224,20.0,81.597224,True,5,33,False
4,2;13;32;39,32,32,11.37396,3.134217728,14.508177728,49.28508,20.0,69.28508,True,5,33,False
5,2;13;32;39;53,40,24,14.41128,3.16777216,17.57905216,36.972624,20.0,56.972624,True,5,33,False
6,2;13;32;39;53;63,48,16,17.33004,3.201326592,20.531366592,24.660792,20.0,44.660792,True,5,33,False
7,2;13;32;39;53;63;115,56,8,20.298408,3.234881024,23.533289024,12.347712,20.0,43.533289024,True,5,33,True
8,2;13;32;38;39;53;63;115,63,1,23.276448,3.264241152,26.540689152,1.591512,20.0,46.540689152,True,5,33,False
9,2;6;13;32;38;39;53;63;115,64,0,26.303784,3.268435456,29.572219456,0.0,20.0,49.572219456,True,5,33,False
0,,0,64,0.0,0.0,0.0,98.534592,20.0,118.534592,True,5,34,False
1,1,8,56,2.461056,3.033554432,5.494610432,86.22276,20.0,106.22276,True,5,34,False
2,1;5,16,48,5.406336,3.067108864,8.473444864,73.909992,20.0,93.909992,True,5,34,False
3,1;5;29,24,40,8.421504,3.100663296,11.522167296,61.597224,20.0,81.597224,True,5,34,False
4,1;5;29;36,32,32,11.37396,3.134217728,14.508177728,49.28508,20.0,69.28508,True,5,34,False
5,1;5;29;36;42,40,24,14.41128,3.16777216,17.57905216,36.972624,20.0,56.972624,True,5,34,False
6,1;5;29;36;42;75,48,16,17.33004,3.201326592,20.531366592,24.660792,20.0,44.660792,True,5,34,False
7,1;5;29;36;42;75;89,56,8,20.298408,3.234881024,23.533289024,12.347712,20.0,43.533289024,True,5,34,True
8,1;5;29;35;36;42;75;89,60,4,23.221536,3.25165824,26.47319424,6.190392,20.0,46.47319424,True,5,34,False
9,1;5;29;35;36;42;75;89;92,63,1,26.291616,3.264241152,29.555857152,1.591512,20.0,49.555857152,True,5,34,False
10,1;5;29;35;36;42;75;84;89;92,64,0,29.249064,3.268435456,32.517499456,0.0,20.0,52.517499456,True,5,34,False
0,,0,64,0.0,0.0,0.0,98.534592,20.0,118.534592,True,5,35,False
1,6,8,56,2.461056,3.033554432,5.494610432,86.22276,20.0,106.22276,True,5,35,False
2,6;31,16,48,5.406336,3.067108864,8.473444864,73.909992,20.0,93.909992,True,5,35,False
3,6;31;62,24,40,8.421504,3.100663296,11.522167296,61.597224,20.0,81.597224,True,5,35,False
4,6;31;62;110,32,32,11.37396,3.134217728,14.508177728,49.28508,20.0,69.28508,True,5,35,False
5,6;31;62;110;117,40,24,14.41128,3.16777216,17.57905216,36.972624,20.0,56.972624,True,5,35,False
6,6;31;62;110;117;120,48,16,17.33004,3.201326592,20.531366592,24.660792,20.0,44.660792,True,5,35,False
7,6;31;62;65;110;117;120,54,10,20.251296,3.226492416,23.477788416,15.426216,20.0,43.477788416,True,5,35,True
8,6;31;36;62;65;110;117;120,59,5,23.189712,3.247463936,26.437175936,7.747896,20.0,46.437175936,True,5,35,False
9,6;31;32;36;62;65;110;117;120,62,2,26.263848,3.260046848,29.523894848,3.112512,20.0,49.523894848,True,5,35,False
10,6;31;32;36;62;65;104;110;117;120,64,0,29.249064,3.268435456,32.517499456,0.0,20.0,52.517499456,True,5,35,False
0,,0,64,0.0,0.0,0.0,98.534592,20.0,118.534592,True,5,36,False
1,11,8,56,2.461056,3.033554432,5.494610432,86.22276,20.0,106.22276,True,5,36,False
2,11;18,16,48,5.406336,3.067108864,8.473444864,73.909992,20.0,93.909992,True,5,36,False
3,11;18;19,24,40,8.421504,3.100663296,11.522167296,61.597224,20.0,81.597224,True,5,36,False
4,11;18;19;20,32,32,11.37396,3.134217728,14.508177728,49.28508,20.0,69.28508,True,5,36,False
5,11;18;19;20;57,40,24,14.41128,3.16777216,17.57905216,36.972624,20.0,56.972624,True,5,36,False
6,11;18;19;20;57;59,48,16,17.33004,3.201326592,20.531366592,24.660792,20.0,44.660792,True,5,36,False
7,11;18;19;20;57;59;62,56,8,20.298408,3.234881024,23.533289024,12.347712,20.0,43.533289024,True,5,36,True
8,11;18;19;20;57;59;62;101,64,0,23.288616,3.268435456,26.557051456,0.0,20.0,46.557051456,True,5,36,False
0,,0,64,0.0,0.0,0.0,98.534592,20.0,118.534592,True,5,37,False
1,2,8,56,2.461056,3.033554432,5.494610432,86.22276,20.0,106.22276,True,5,37,False
2,2;13,16,48,5.406336,3.067108864,8.473444864,73.909992,20.0,93.909992,True,5,37,False
3,2;13;27,24,40,8.421504,3.100663296,11.522167296,61.597224,20.0,81.597224,True,5,37,False
4,2;13;27;82,32,32,11.37396,3.134217728,14.508177728,49.28508,20.0,69.28508,True,5,37,False
5,2;13;27;82;84,40,24,14.41128,3.16777216,17.57905216,36.972624,20.0,56.972624,True,5,37,False
6,2;13;27;82;84;91,48,16,17.33004,3.201326592,20.531366592,24.660792,20.0,44.660792,True,5,37,False
7,2;13;27;82;84;91;110,56,8,20.298408,3.234881024,23.533289024,12.347712,20.0,43.533289024,True,5,37,True
8,2;13;27;50;82;84;91;110,63,1,23.276448,3.264241152,26.540689152,1.591512,20.0,46.540689152,True,5,37,False
9,1;2;13;27;50;82;84;91;110,64,0,26.303784,3.268435456,29.572219456,0.0,20.0,49.572219456,True,5,37,False
0,,0,64,0.0,0.0,0.0,98.534592,20.0,118.534592,True,5,38,False
1,2,8,56,2.461056,3.033554432,5.494610432,86.22276,20.0,106.22276,True,5,38,False
2,2;16,16,48,5.406336,3.067108864,8.473444864,73.909992,20.0,93.909992,True,5,38,False
3,2;16;24,24,40,8.421504,3.100663296,11.522167296,61.597224,20.0,81.597224,True,5,38,False
4,2;16;24;102,32,32,11.37396,3.134217728,14.508177728,49.28508,20.0,69.28508,True,5,38,False
5,2;16;24;102;109,40,24,14.41128,3.16777216,17.57905216,36.972624,20.0,56.972624,True,5,38,False
6,2;16;24;102;109;110,48,16,17.33004,3.201326592,20.531366592,24.660792,20.0,44.660792,True,5,38,False
7,2;16;24;102;109;110;113,56,8,20.298408,3.234881024,23.533289024,12.347712,20.0,43.533289024,True,5,38,True
8,2;16;24;102;108;109;110;113,61,3,23.247432,3.255852544,26.503284544,4.670016,20.0,46.503284544,True,5,38,False
9,2;16;24;27;102;108;109;110;113,63,1,26.291616,3.264241152,29.555857152,1.591512,20.0,49.555857152,True,5,38,False
10,2;16;24;27;91;102;108;109;110;113,64,0,29.249064,3.268435456,32.517499456,0.0,20.0,52.517499456,True,5,38,False
0,,0,64,0.0,0.0,0.0,98.534592,20.0,118.534592,True,5,39,False
1,5,8,56,2.461056,3.033554432,5.494610432,86.22276,20.0,106.22276,True,5,39,False
2,5;16,16,48,5.406336,3.067108864,8.473444864,73.909992,20.0,93.909992,True,5,39,False
3,5;16;48,24,40,8.421504,3.100663296,11.522167296,61.597224,20.0,81.597224,True,5,39,False
4,5;16;48;63,32,32,11.37396,3.134217728,14.508177728,49.28508,20.0,69.28508,True,5,39,False
5,5;16;48;63;72,40,24,14.41128,3.16777216,17.57905216,36.972624,20.0,56.972624,True,5,39,False
6,5;16;48;63;72;84,48,16,17.33004,3.201326592,20.531366592,24.660792,20.0,44.660792,True,5,39,False
7,5;16;48;63;72;84;111,54,10,20.251296,3.226492416,23.477788416,15.426216,20.0,43.477788416,True,5,39,True
8,5;16;48;63;72;84;111;118,60,4,23.221536,3.25165824,26.47319424,6.190392,20.0,46.47319424,True,5,39,False
9,5;16;48;58;63;72;84;111;118,63,1,26.291616,3.264241152,29.555857152,1.591512,20.0,49.555857152,True,5,39,False
10,5;16;48;58;63;72;79;84;111;118,64,0,29.249064,3.268435456,32.517499456,0.0,20.0,52.517499456,True,5,39,False
0,,0,64,0.0,0.0,0.0,98.534592,20.0,118.534592,True,5,40,False
1,11,8,56,2.461056,3.033554432,5.494610432,86.22276,20.0,106.22276,True,5,40,False
2,11;48,16,48,5.406336,3.067108864,8.473444864,73.909992,20.0,93.909992,True,5,40,False
3,11;48;70,24,40,8.421504,3.100663296,11.522167296,61.597224,20.0,81.597224,True,5,40,False
4,11;48;70;91,32,32,11.37396,3.134217728,14.508177728,49.28508,20.0,69.28508,True,5,40,False
5,11;48;70;91;97,40,24,14.41128,3.16777216,17.57905216,36.972624,20.0,56.972624,True,5,40,False
6,11;48;70;91;97;98,48,16,17.33004,3.201326592,20.531366592,24.660792,20.0,44.660792,True,5,40,False
7,11;48;70;91;97;98;122,56,8,20.298408,3.234881024,23.533289024,12.347712,20.0,43.533289024,True,5,40,True
8,11;48;69;70;91;97;98;122,62,2,23.24868,3.260046848,26.508726848,3.112512,20.0,46.508726848,True,5,40,False
9,11;19;48;69;70;91;97;98;122,64,0,26.303784,3.268435456,29.572219456,0.0,20.0,49.572219456,True,5,40,False
0,,0,64,0.0,0.0,0.0,98.534592,20.0,118.534592,True,5,41,False
1,37,8,56,2.461056,3.033554432,5.494610432,86.22276,20.0,106.22276,True,5,41,False
2,37;46,16,48,5.406336,3.067108864,8.473444864,73.909992,20.0,93.909992,True,5,41,False
3,37;46;80,24,40,8.421504,3.100663296,11.522167296,61.597224,20.0,81.597224,True,5,41,False
4,37;46;80;81,32,32,11.37396,3.134217728,14.508177728,49.28508,20.0,69.28508,True,5,41,False
5,37;46;80;81;94,40,24,14.41128,3.16777216,17.57905216,36.972624,20.0,56.972624,True,5,41,False
6,37;46;80;81;94;123,48,16,17.33004,3.201326592,20.531366592,24.660792,20.0,44.660792,True,5,41,False
7,37;46;80;81;94;123;124,56,8,20.298408,3.234881024,23.533289024,12.347712,20.0,43.533289024,True,5,41,True
8,37;46;80;81;94;105;123;124,61,3,23.247432,3.255852544,26.503284544,4.670016,20.0,46.503284544,True,5,41,False
9,37;46;80;81;94;105;116;123;124,64,0,26.303784,3.268435456,29.572219456,0.0,20.0,49.572219456,True,5,41,False
0,,0,64,0.0,0.0,0.0,98.534592,20.0,118.534592,True,5,42,False
1,0,8,56,2.461056,3.033554432,5.494610432,86.22276,20.0,106.22276,True,5,42,False
2,0;30,16,48,5.406336,3.067108864,8.473444864,73.909992,20.0,93.909992,True,5,42,False
3,0;30;60,24,40,8.421504,3.100663296,11.522167296,61.597224,20.0,81.597224,True,5,42,False
4,0;30;60;63,32,32,11.37396,3.134217728,14.508177728,49.28508,20.0,69.28508,True,5,42,False
5,0;30;60;63;70,40,24,14.41128,3.16777216,17.57905216,36.972624,20.0,56.972624,True,5,42,False
6,0;30;60;63;70;76,48,16,17.33004,3.201326592,20.531366592,24.660792,20.0,44.660792,True,5,42,False
7,0;30;60;63;70;76;109,56,8,20.298408,3.234881024,23.533289024,12.347712,20.0,43.533289024,True,5,42,True
8,0;30;58;60;63;70;76;109,60,4,23.221536,3.25165824,26.47319424,6.190392,20.0,46.47319424,True,5,42,False
9,0;14;30;58;60;63;70;76;109,63,1,26.291616,3.264241152,29.555857152,1.591512,20.0,49.555857152,True,5,42,False
10,0;14;30;58;60;63;66;70;76;109,64,0,29.249064,3.268435456,32.517499456,0.0,20.0,52.517499456,True,5,42,False
0,,0,64,0.0,0.0,0.0,98.534592,20.0,118.534592,True,5,43,False
1,11,8,56,2.461056,3.033554432,5.494610432,86.22276,20.0,106.22276,True,5,43,False
2,11;18,16,48,5.406336,3.067108864,8.473444864,73.909992,20.0,93.909992,True,5,43,False
3,11;18;45,24,40,8.421504,3.100663296,11.522167296,61.597224,20.0,81.597224,True,5,43,False
4,11;18;45;51,32,32,11.37396,3.134217728,14.508177728,49.28508,20.0,69.28508,True,5,43,False
5,11;18;45;51;56,40,24,14.41128,3.16777216,17.57905216,36.972624,20.0,56.972624,True,5,43,False
6,11;18;45;51;56;96,48,16,17.33004,3.201326592,20.531366592,24.660792,20.0,44.660792,True,5,43,False
7,11;18;45;51;56;96;99,56,8,20.298408,3.234881024,23.533289024,12.347712,20.0,43.533289024,True,5,43,True
8,11;18;45;51;56;80;96;99,62,2,23.24868,3.260046848,26.508726848,3.112512,20.0,46.508726848,True,5,43,False
9,11;18;45;51;56;80;94;96;99,63,1,26.291616,3.264241152,29.555857152,1.591512,20.0,49.555857152,True,5,43,False
10,11;18;45;51;56;80;94;96;99;111,64,0,29.249064,3.268435456,32.517499456,0.0,20.0,52.517499456,True,5,43,False
0,,0,64,0.0,0.0,0.0,98.534592,20.0,118.534592,True,5,44,False
1,7,8,56,2.461056,3.033554432,5.494610432,86.22276,20.0,106.22276,True,5,44,False
2,7;12,16,48,5.406336,3.067108864,8.473444864,73.909992,20.0,93.909992,True,5,44,False
3,7;12;15,24,40,8.421504,3.100663296,11.522167296,61.597224,20.0,81.597224,True,5,44,False
4,7;12;15;79,32,32,11.37396,3.134217728,14.508177728,49.28508,20.0,69.28508,True,5,44,False
5,7;12;15;79;99,40,24,14.41128,3.16777216,17.57905216,36.972624,20.0,56.972624,True,5,44,False
6,7;12;15;79;99;103,48,16,17.33004,3.201326592,20.531366592,24.660792,20.0,44.660792,True,5,44,False
7,7;12;15;79;99;103;104,56,8,20.298408,3.234881024,23.533289024,12.347712,20.0,43.533289024,True,5,44,True
8,7;12;15;79;99;103;104;119,63,1,23.276448,3.264241152,26.540689152,1.591512,20.0,46.540689152,True,5,44,False
9,2;7;12;15;79;99;103;104;119,64,0,26.303784,3.268435456,29.572219456,0.0,20.0,49.572219456,True,5,44,False
0,,0,64,0.0,0.0,0.0,98.534592,20.0,118.534592,True,5,45,False
1,1,8,56,2.461056,3.033554432,5.494610432,86.22276,20.0,106.22276,True,5,45,False
2,1;4,16,48,5.406336,3.067108864,8.473444864,73.909992,20.0,93.909992,True,5,45,False
3,1;4;13,24,40,8.421504,3.100663296,11.522167296,61.597224,20.0,81.597224,True,5,45,False
4,1;4;13;16,32,32,11.37396,3.134217728,14.508177728,49.28508,20.0,69.28508,True,5,45,False
5,1;4;13;16;53,40,24,14.41128,3.16777216,17.57905216,36.972624,20.0,56.972624,True,5,45,False
6,1;4;13;16;53;58,48,16,17.33004,3.201326592,20.531366592,24.660792,20.0,44.660792,True,5,45,False
7,1;4;13;16;53;58;92,56,8,20.298408,3.234881024,23.533289024,12.347712,20.0,43.533289024,True,5,45,True
8,1;4;13;16;36;53;58;92,63,1,23.276448,3.264241152,26.540689152,1.591512,20.0,46.540689152,True,5,45,False
9,1;4;13;16;36;53;58;76;92,64,0,26.303784,3.268435456,29.572219456,0.0,20.0,49.572219456,True,5,45,False
0,,0,64,0.0,0.0,0.0,98.534592,20.0,118.534592,True,5,46,False
1,4,8,56,2.461056,3.033554432,5.494610432,86.22276,20.0,106.22276,True,5,46,False
2,4;13,16,48,5.406336,3.067108864,8.473444864,73.909992,20.0,93.909992,True,5,46,False
3,4;13;29,24,40,8.421504,3.100663296,11.522167296,61.597224,20.0,81.597224,True,5,46,False
4,4;13;29;42,32,32,11.37396,3.134217728,14.508177728,49.28508,20.0,69.28508,True,5,46,False
5,4;13;29;42;46,40,24,14.41128,3.16777216,17.57905216,36.972624,20.0,56.972624,True,5,46,False
6,4;13;29;42;46;48,48,16,17.33004,3.201326592,20.531366592,24.660792,20.0,44.660792,True,5,46,False
7,4;13;29;42;46;48;81,56,8,20.298408,3.234881024,23.533289024,12.347712,20.0,43.533289024,True,5,46,True
8,4;13;29;42;46;48;81;102,64,0,23.288616,3.268435456,26.557051456,0.0,20.0,46.557051456,True,5,46,False
0,,0,64,0.0,0.0,0.0,98.534592,20.0,118.534592,True,5,47,False
1,10,8,56,2.461056,3.033554432,5.494610432,86.22276,20.0,106.22276,True,5,47,False
2,10;46,16,48,5.406336,3.067108864,8.473444864,73.909992,20.0,93.909992,True,5,47,False
3,10;46;58,24,40,8.421504,3.100663296,11.522167296,61.597224,20.0,81.597224,True,5,47,False
4,10;46;58;67,32,32,11.37396,3.134217728,14.508177728,49.28508,20.0,69.28508,True,5,47,False
5,10;46;58;67;71,40,24,14.41128,3.16777216,17.57905216,36.972624,20.0,56.972624,True,5,47,False
6,10;46;58;67;71;108,48,16,17.33004,3.201326592,20.531366592,24.660792,20.0,44.660792,True,5,47,False
7,10;46;58;67;71;108;110,56,8,20.298408,3.234881024,23.533289024,12.347712,20.0,43.533289024,True,5,47,True
8,10;46;58;67;71;83;108;110,60,4,23.221536,3.25165824,26.47319424,6.190392,20.0,46.47319424,True,5,47,False
9,10;46;51;58;67;71;83;108;110,63,1,26.291616,3.264241152,29.555857152,1.591512,20.0,49.555857152,True,5,47,False
10,10;38;46;51;58;67;71;83;108;110,64,0,29.249064,3.268435456,32.517499456,0.0,20.0,52.517499456,True,5,47,False
0,,0,64,0.0,0.0,0.0,98.534592,20.0,118.534592,True,6,0,False
1,23,8,56,2.461056,3.033554432,5.494610432,86.22276,20.0,106.22276,True,6,0,False
2,23;66,16,48,5.406336,3.067108864,8.473444864,73.909992,20.0,93.909992,True,6,0,False
3,23;66;70,24,40,8.421504,3.100663296,11.522167296,61.597224,20.0,81.597224,True,6,0,False
4,23;66;70;77,32,32,11.37396,3.134217728,14.508177728,49.28508,20.0,69.28508,True,6,0,False
5,23;66;70;77;86,40,24,14.41128,3.16777216,17.57905216,36.972624,20.0,56.972624,True,6,0,False
6,23;66;70;77;86;87,48,16,17.33004,3.201326592,20.531366592,24.660792,20.0,44.660792,True,6,0,False
7,23;66;70;77;86;87;91,56,8,20.298408,3.234881024,23.533289024,12.347712,20.0,43.533289024,True,6,0,True
8,23;66;70;77;86;87;91;112,64,0,23.288616,3.268435456,26.557051456,0.0,20.0,46.557051456,True,6,0,False
0,,0,64,0.0,0.0,0.0,98.534592,20.0,118.534592,True,6,1,False
1,13,8,56,2.461056,3.033554432,5.494610432,86.22276,20.0,106.22276,True,6,1,False
2,13;14,16,48,5.406336,3.067108864,8.473444864,73.909992,20.0,93.909992,True,6,1,False
3,13;14;29,24,40,8.421504,3.100663296,11.522167296,61.597224,20.0,81.597224,True,6,1,False
4,13;14;29;78,32,32,11.37396,3.134217728,14.508177728,49.28508,20.0,69.28508,True,6,1,False
5,13;14;29;78;86,40,24,14.41128,3.16777216,17.57905216,36.972624,20.0,56.972624,True,6,1,False
6,13;14;29;78;86;101,48,16,17.33004,3.201326592,20.531366592,24.660792,20.0,44.660792,True,6,1,False
7,13;14;29;78;86;101;104,56,8,20.298408,3.234881024,23.533289024,12.347712,20.0,43.533289024,True,6,1,True
8,13;14;29;78;86;101;104;107,64,0,23.288616,3.268435456,26.557051456,0.0,20.0,46.557051456,True,6,1,False
0,,0,64,0.0,0.0,0.0,98.534592,20.0,118.534592,True,6,2,False
1,15,8,56,2.461056,3.033554432,5.494610432,86.22276,20.0,106.22276,True,6,2,False
2,15;23,16,48,5.406336,3.067108864,8.473444864,73.909992,20.0,93.909992,True,6,2,False
3,15;23;56,24,40,8.421504,3.100663296,11.522167296,61.597224,20.0,81.597224,True,6,2,False
4,15;23;56;64,32,32,11.37396,3.134217728,14.508177728,49.28508,20.0,69.28508,True,6,2,False
5,15;23;56;64;71,40,24,14.41128,3.16777216,17.57905216,36.972624,20.0,56.972624,True,6,2,False
6,15;23;56;64;71;72,48,16,17.33004,3.201326592,20.531366592,24.660792,20.0,44.660792,True,6,2,False
7,15;23;56;64;71;72;115,56,8,20.298408,3.234881024,23.533289024,12.347712,20.0,43.533289024,True,6,2,True
8,15;23;56;64;71;72;115;119,64,0,23.288616,3.268435456,26.557051456,0.0,20.0,46.557051456,True,6,2,False
0,,0,64,0.0,0.0,0.0,98.534592,20.0,118.534592,True,6,3,False
1,46,8,56,2.461056,3.033554432,5.494610432,86.22276,20.0,106.22276,True,6,3,False
2,46;53,16,48,5.406336,3.067108864,8.473444864,73.909992,20.0,93.909992,True,6,3,False
3,46;53;56,24,40,8.421504,3.100663296,11.522167296,61.597224,20.0,81.597224,True,6,3,False
4,46;53;56;80,32,32,11.37396,3.134217728,14.508177728,49.28508,20.0,69.28508,True,6,3,False
5,46;53;56;80;90,40,24,14.41128,3.16777216,17.57905216,36.972624,20.0,56.972624,True,6,3,False
6,46;53;56;80;90;117,48,16,17.33004,3.201326592,20.531366592,24.660792,20.0,44.660792,True,6,3,False
7,46;53;56;80;90;117;119,56,8,20.298408,3.234881024,23.533289024,12.347712,20.0,43.533289024,True,6,3,True
8,23;46;53;56;80;90;117;119,62,2,23.24868,3.260046848,26.508726848,3.112512,20.0,46.508726848,True,6,3,False
9,23;32;46;53;56;80;90;117;119,64,0,26.303784,3.268435456,29.572219456,0.0,20.0,49.572219456,True,6,3,False
0,,0,64,0.0,0.0,0.0,98.534592,20.0,118.534592,True,6,4,False
1,12,8,56,2.461056,3.033554432,5.494610432,86.22276,20.0,106.22276,True,6,4,False
2,12;19,16,48,5.406336,3.067108864,8.473444864,73.909992,20.0,93.909992,True,6,4,False
3,12;19;64,24,40,8.421504,3.100663296,11.522167296,61.597224,20.0,81.597224,True,6,4,False
4,12;19;64;65,32,32,11.37396,3.134217728,14.508177728,49.28508,20.0,69.28508,True,6,4,False
5,12;19;64;65;93,40,24,14.41128,3.16777216,17.57905216,36.972624,20.0,56.972624,True,6,4,False
6,12;19;64;65;93;108,48,16,17.33004,3.201326592,20.531366592,24.660792,20.0,44.660792,True,6,4,False
7,12;19;64;65;93;108;110,56,8,20.298408,3.234881024,23.533289024,12.347712,20.0,43.533289024,True,6,4,True
8,12;19;64;65;93;108;110;127,64,0,23.288616,3.268435456,26.557051456,0.0,20.0,46.557051456,True,6,4,False
0,,0,64,0.0,0.0,0.0,98.534592,20.0,118.534592,True,6,5,False
1,4,8,56,2.461056,3.033554432,5.494610432,86.22276,20.0,106.22276,True,6,5,False
2,4;41,16,48,5.406336,3.067108864,8.473444864,73.909992,20.0,93.909992,True,6,5,False
3,4;41;45,24,40,8.421504,3.100663296,11.522167296,61.597224,20.0,81.597224,True,6,5,False
4,4;41;45;46,32,32,11.37396,3.134217728,14.508177728,49.28508,20.0,69.28508,True,6,5,False
5,4;41;45;46;53,40,24,14.41128,3.16777216,17.57905216,36.972624,20.0,56.972624,True,6,5,False
6,4;41;45;46;53;63,48,16,17.33004,3.201326592,20.531366592,24.660792,20.0,44.660792,True,6,5,False
7,4;41;45;46;53;63;65,56,8,20.298408,3.234881024,23.533289024,12.347712,20.0,43.533289024,True,6,5,True
8,4;41;45;46;53;63;65;95,61,3,23.247432,3.255852544,26.503284544,4.670016,20.0,46.503284544,True,6,5,False
9,4;6;41;45;46;53;63;65;95,64,0,26.303784,3.268435456,29.572219456,0.0,20.0,49.572219456,True,6,5,False
0,,0,64,0.0,0.0,0.0,98.534592,20.0,118.534592,True,6,6,False
1,22,8,56,2.461056,3.033554432,5.494610432,86.22276,20.0,106.22276,True,6,6,False
2,22;33,16,48,5.406336,3.067108864,8.473444864,73.909992,20.0,93.909992,True,6,6,False
3,22;33;49,24,40,8.421504,3.100663296,11.522167296,61.597224,20.0,81.597224,True,6,6,False
4,22;33;49;58,32,32,11.37396,3.134217728,14.508177728,49.28508,20.0,69.28508,True,6,6,False
5,22;33;49;58;74,40,24,14.41128,3.16777216,17.57905216,36.972624,20.0,56.972624,True,6,6,False
6,22;33;49;58;74;82,48,16,17.33004,3.201326592,20.531366592,24.660792,20.0,44.660792,True,6,6,False
7,22;33;49;58;74;82;116,56,8,20.298408,3.234881024,23.533289024,12.347712,20.0,43.533289024,True,6,6,True
8,22;33;49;58;74;82;101;116,60,4,23.221536,3.25165824,26.47319424,6.190392,20.0,46.47319424,True,6,6,False
9,22;33;49;58;74;82;101;116;121,64,0,26.303784,3.268435456,29.572219456,0.0,20.0,49.572219456,True,6,6,False
0,,0,64,0.0,0.0,0.0,98.534592,20.0,118.534592,True,6,7,False
1,15,8,56,2.461056,3.033554432,5.494610432,86.22276,20.0,106.22276,True,6,7,False
2,15;24,16,48,5.406336,3.067108864,8.473444864,73.909992,20.0,93.909992,True,6,7,False
3,15;24;29,24,40,8.421504,3.100663296,11.522167296,61.597224,20.0,81.597224,True,6,7,False
4,15;24;29;44,32,32,11.37396,3.134217728,14.508177728,49.28508,20.0,69.28508,True,6,7,False
5,15;24;29;44;52,40,24,14.41128,3.16777216,17.57905216,36.972624,20.0,56.972624,True,6,7,False
6,15;24;29;44;52;63,48,16,17.33004,3.201326592,20.531366592,24.660792,20.0,44.660792,True,6,7,False
7,15;24;29;44;52;63;114,56,8,20.298408,3.234881024,23.533289024,12.347712,20.0,43.533289024,True,6,7,True
8,15;24;29;44;52;63;114;125,62,2,23.24868,3.260046848,26.508726848,3.112512,20.0,46.508726848,True,6,7,False
9,15;19;24;29;44;52;63;114;125,64,0,26.303784,3.268435456,29.572219456,0.0,20.0,49.572219456,True,6,7,False
0,,0,64,0.0,0.0,0.0,98.534592,20.0,118.534592,True,6,8,False
1,22,8,56,2.461056,3.033554432,5.494610432,86.22276,20.0,106.22276,True,6,8,False
2,22;45,16,48,5.406336,3.067108864,8.473444864,73.909992,20.0,93.909992,True,6,8,False
3,22;45;68,24,40,8.421504,3.100663296,11.522167296,61.597224,20.0,81.597224,True,6,8,False
4,22;45;68;85,32,32,11.37396,3.134217728,14.508177728,49.28508,20.0,69.28508,True,6,8,False
5,22;45;68;85;92,40,24,14.41128,3.16777216,17.57905216,36.972624,20.0,56.972624,True,6,8,False
6,22;45;68;85;92;97,48,16,17.33004,3.201326592,20.531366592,24.660792,20.0,44.660792,True,6,8,False
7,22;45;68;85;92;97;123,56,8,20.298408,3.234881024,23.533289024,12.347712,20.0,43.533289024,True,6,8,True
8,22;45;68;85;92;97;123;124,64,0,23.288616,3.268435456,26.557051456,0.0,20.0,46.557051456,True,6,8,False
0,,0,64,0.0,0.0,0.0,98.534592,20.0,118.534592,True,6,9,False
1,6,8,56,2.461056,3.033554432,5.494610432,86.22276,20.0,106.22276,True,6,9,False
2,6;13,16,48,5.406336,3.067108864,8.473444864,73.909992,20.0,93.909992,True,6,9,False
3,6;13;23,24,40,8.421504,3.100663296,11.522167296,61.597224,20.0,81.597224,True,6,9,False
4,6;13;23;38,32,32,11.37396,3.134217728,14.508177728,49.28508,20.0,69.28508,True,6,9,False
5,6;13;23;38;67,40,24,14.41128,3.16777216,17.57905216,36.972624,20.0,56.972624,True,6,9,False
6,6;13;23;38;67;69,48,16,17.33004,3.201326592,20.531366592,24.660792,20.0,44.660792,True,6,9,False
7,6;13;23;38;67;69;92,56,8,20.298408,3.234881024,23.533289024,12.347712,20.0,43.533289024,True,6,9,True
8,6;13;23;38;67;69;92;95,64,0,23.288616,3.268435456,26.557051456,0.0,20.0,46.557051456,True,6,9,False
0,,0,64,0.0,0.0,0.0,98.534592,20.0,118.534592,True,6,10,False
1,0,8,56,2.461056,3.033554432,5.494610432,86.22276,20.0,106.22276,True,6,10,False
2,0;1,16,48,5.406336,3.067108864,8.473444864,73.909992,20.0,93.909992,True,6,10,False
3,0;1;5,24,40,8.421504,3.100663296,11.522167296,61.597224,20.0,81.597224,True,6,10,False
4,0;1;5;19,32,32,11.37396,3.134217728,14.508177728,49.28508,20.0,69.28508,True,6,10,False
5,0;1;5;19;36,40,24,14.41128,3.16777216,17.57905216,36.972624,20.0,56.972624,True,6,10,False
6,0;1;5;19;36;42,48,16,17.33004,3.201326592,20.531366592,24.660792,20.0,44.660792,True,6,10,False
7,0;1;5;19;36;42;48,56,8,20.298408,3.234881024,23.533289024,12.347712,20.0,43.533289024,True,6,10,True
8,0;1;5;19;36;42;48;92,64,0,23.288616,3.268435456,26.557051456,0.0,20.0,46.557051456,True,6,10,False
0,,0,64,0.0,0.0,0.0,98.534592,20.0,118.534592,True,6,11,False
1,14,8,56,2.461056,3.033554432,5.494610432,86.22276,20.0,106.22276,True,6,11,False
2,14;15,16,48,5.406336,3.067108864,8.473444864,73.909992,20.0,93.909992,True,6,11,False
3,14;15;17,24,40,8.421504,3.100663296,11.522167296,61.597224,20.0,81.597224,True,6,11,False
4,14;15;17;52,32,32,11.37396,3.134217728,14.508177728,49.28508,20.0,69.28508,True,6,11,False
5,14;15;17;52;62,40,24,14.41128,3.16777216,17.57905216,36.972624,20.0,56.972624,True,6,11,False
6,14;15;17;52;62;81,48,16,17.33004,3.201326592,20.531366592,24.660792,20.0,44.660792,True,6,11,False
7,14;15;17;52;62;81;110,56,8,20.298408,3.234881024,23.533289024,12.347712,20.0,43.533289024,True,6,11,True
8,14;15;17;52;62;81;110;121,64,0,23.288616,3.268435456,26.557051456,0.0,20.0,46.557051456,True,6,11,False
0,,0,64,0.0,0.0,0.0,98.534592,20.0,118.534592,True,6,12,False
1,11,8,56,2.461056,3.033554432,5.494610432,86.22276,20.0,106.22276,True,6,12,False
2,11;18,16,48,5.406336,3.067108864,8.473444864,73.909992,20.0,93.909992,True,6,12,False
3,11;18;37,24,40,8.421504,3.100663296,11.522167296,61.597224,20.0,81.597224,True,6,12,False
4,11;18;37;41,32,32,11.37396,3.134217728,14.508177728,49.28508,20.0,69.28508,True,6,12,False
5,11;18;37;41;57,40,24,14.41128,3.16777216,17.57905216,36.972624,20.0,56.972624,True,6,12,False
6,11;18;37;41;57;106,48,16,17.33004,3.201326592,20.531366592,24.660792,20.0,44.660792,True,6,12,False
7,11;18;37;41;57;106;125,56,8,20.298408,3.234881024,23.533289024,12.347712,20.0,43.533289024,True,6,12,True
8,11;18;27;37;41;57;106;125,63,1,23.276448,3.264241152,26.540689152,1.591512,20.0,46.540689152,True,6,12,False
9,11;18;27;37;41;57;85;106;125,64,0,26.303784,3.268435456,29.572219456,0.0,20.0,49.572219456,True,6,12,False
0,,0,64,0.0,0.0,0.0,98.534592,20.0,118.534592,True,6,13,False
1,20,8,56,2.461056,3.033554432,5.494610432,86.22276,20.0,106.22276,True,6,13,False
2,20;33,16,48,5.406336,3.067108864,8.473444864,73.909992,20.0,93.909992,True,6,13,False
3,20;33;37,24,40,8.421504,3.100663296,11.522167296,61.597224,20.0,81.597224,True,6,13,False
4,20;33;37;52,32,32,11.37396,3.134217728,14.508177728,49.28508,20.0,69.28508,True,6,13,False
5,20;33;37;52;92,40,24,14.41128,3.16777216,17.57905216,36.972624,20.0,56.972624,True,6,13,False
6,20;33;37;52;92;93,48,16,17.33004,3.201326592,20.531366592,24.660792,20.0,44.660792,True,6,13,False
7,20;33;37;52;92;93;104,56,8,20.298408,3.234881024,23.533289024,12.347712,20.0,43.533289024,True,6,13,True
8,20;33;37;52;92;93;104;110,64,0,23.288616,3.268435456,26.557051456,0.0,20.0,46.557051456,True,6,13,False
0,,0,64,0.0,0.0,0.0,98.534592,20.0,118.534592,True,6,14,False
1,2,8,56,2.461056,3.033554432,5.494610432,86.22276,20.0,106.22276,True,6,14,False
2,2;5,16,48,5.406336,3.067108864,8.473444864,73.909992,20.0,93.909992,True,6,14,False
3,2;5;9,24,40,8.421504,3.100663296,11.522167296,61.597224,20.0,81.597224,True,6,14,False
4,2;5;9;24,32,32,11.37396,3.134217728,14.508177728,49.28508,20.0,69.28508,True,6,14,False
5,2;5;9;24;29,40,24,14.41128,3.16777216,17.57905216,36.972624,20.0,56.972624,True,6,14,False
6,2;5;9;24;29;61,48,16,17.33004,3.201326592,20.531366592,24.660792,20.0,44.660792,True,6,14,False
7,2;5;9;24;29;61;92,56,8,20.298408,3.234881024,23.533289024,12.347712,20.0,43.533289024,True,6,14,True
8,2;5;9;24;29;61;92;109,64,0,23.288616,3.268435456,26.557051456,0.0,20.0,46.557051456,True,6,14,False
0,,0,64,0.0,0.0,0.0,98.534592,20.0,118.534592,True,6,15,False
1,0,8,56,2.461056,3.033554432,5.494610432,86.22276,20.0,106.22276,True,6,15,False
2,0;2,16,48,5.406336,3.067108864,8.473444864,73.909992,20.0,93.909992,True,6,15,False
3,0;2;51,24,40,8.421504,3.100663296,11.522167296,61.597224,20.0,81.597224,True,6,15,False
4,0;2;51;58,32,32,11.37396,3.134217728,14.508177728,49.28508,20.0,69.28508,True,6,15,False
5,0;2;51;58;79,40,24,14.41128,3.16777216,17.57905216,36.972624,20.0,56.972624,True,6,15,False
6,0;2;51;58;79;84,48,16,17.33004,3.201326592,20.531366592,24.660792,20.0,44.660792,True,6,15,False
7,0;2;51;58;79;84;122,56,8,20.298408,3.234881024,23.533289024,12.347712,20.0,43.533289024,True,6,15,True
8,0;2;51;58;79;84;122;127,64,0,23.288616,3.268435456,26.557051456,0.0,20.0,46.557051456,True,6,15,False
0,,0,64,0.0,0.0,0.0,98.534592,20.0,118.534592,True,6,16,False
1,23,8,56,2.461056,3.033554432,5.494610432,86.22276,20.0,106.22276,True,6,16,False
2,23;42,16,48,5.406336,3.067108864,8.473444864,73.909992,20.0,93.909992,True,6,16,False
3,23;42;48,24,40,8.421504,3.100663296,11.522167296,61.597224,20.0,81.597224,True,6,16,False
4,23;42;48;91,32,32,11.37396,3.134217728,14.508177728,49.28508,20.0,69.28508,True,6,16,False
5,23;42;48;91;93,40,24,14.41128,3.16777216,17.57905216,36.972624,20.0,56.972624,True,6,16,False
6,23;42;48;91;93;97,48,16,17.33004,3.201326592,20.531366592,24.660792,20.0,44.660792,True,6,16,False
7,23;42;48;91;93;97;98,56,8,20.298408,3.234881024,23.533289024,12.347712,20.0,43.533289024,True,6,16,True
8,23;42;48;91;93;97;98;122,64,0,23.288616,3.268435456,26.557051456,0.0,20.0,46.557051456,True,6,16,False
0,,0,64,0.0,0.0,0.0,98.534592,20.0,118.534592,True,6,17,False
1,70,8,56,2.461056,3.033554432,5.494610432,86.22276,20.0,106.22276,True,6,17,False
2,70;73,16,48,5.406336,3.067108864,8.473444864,73.909992,20.0,93.909992,True,6,17,False
3,70;73;80,24,40,8.421504,3.100663296,11.522167296,61.597224,20.0,81.597224,True,6,17,False
4,70;73;80;90,32,32,11.37396,3.134217728,14.508177728,49.28508,20.0,69.28508,True,6,17,False
5,70;73;80;90;116,40,24,14.41128,3.16777216,17.57905216,36.972624,20.0,56.972624,True,6,17,False
6,70;73;80;90;116;122,48,16,17.33004,3.201326592,20.531366592,24.660792,20.0,44.660792,True,6,17,False
7,70;73;80;90;116;122;123,56,8,20.298408,3.234881024,23.533289024,12.347712,20.0,43.533289024,True,6,17,True
8,70;73;80;90;116;122;123;124,64,0,23.288616,3.268435456,26.557051456,0.0,20.0,46.557051456,True,6,17,False
0,,0,64,0.0,0.0,0.0,98.534592,20.0,118.534592,True,6,18,False
1,25,8,56,2.461056,3.033554432,5.494610432,86.22276,20.0,106.22276,True,6,18,False
2,25;58,16,48,5.406336,3.067108864,8.473444864,73.909992,20.0,93.909992,True,6,18,False
3,25;58;74,24,40,8.421504,3.100663296,11.522167296,61.597224,20.0,81.597224,True,6,18,False
4,25;58;74;82,32,32,11.37396,3.134217728,14.508177728,49.28508,20.0,69.28508,True,6,18,False
5,25;58;74;82;91,40,24,14.41128,3.16777216,17.57905216,36.972624,20.0,56.972624,True,6,18,False
6,25;58;74;82;91;107,48,16,17.33004,3.201326592,20.531366592,24.660792,20.0,44.660792,True,6,18,False
7,25;58;74;82;91;107;112,56,8,20.298408,3.234881024,23.533289024,12.347712,20.0,43.533289024,True,6,18,True
8,25;58;74;82;91;107;112;126,64,0,23.288616,3.268435456,26.557051456,0.0,20.0,46.557051456,True,6,18,False
0,,0,64,0.0,0.0,0.0,98.534592,20.0,118.534592,True,6,19,False
1,15,8,56,2.461056,3.033554432,5.494610432,86.22276,20.0,106.22276,True,6,19,False
2,15;28,16,48,5.406336,3.067108864,8.473444864,73.909992,20.0,93.909992,True,6,19,False
3,15;28;29,24,40,8.421504,3.100663296,11.522167296,61.597224,20.0,81.597224,True,6,19,False
4,15;28;29;52,32,32,11.37396,3.134217728,14.508177728,49.28508,20.0,69.28508,True,6,19,False
5,15;28;29;52;56,40,24,14.41128,3.16777216,17.57905216,36.972624,20.0,56.972624,True,6,19,False
6,15;28;29;52;56;92,48,16,17.33004,3.201326592,20.531366592,24.660792,20.0,44.660792,True,6,19,False
7,15;28;29;52;56;92;102,56,8,20.298408,3.234881024,23.533289024,12.347712,20.0,43.533289024,True,6,19,True
8,15;28;29;52;56;92;102;114,64,0,23.288616,3.268435456,26.557051456,0.0,20.0,46.557051456,True,6,19,False
0,,0,64,0.0,0.0,0.0,98.534592,20.0,118.534592,True,6,20,False
1,45,8,56,2.461056,3.033554432,5.494610432,86.22276,20.0,106.22276,True,6,20,False
2,45;51,16,48,5.406336,3.067108864,8.473444864,73.909992,20.0,93.909992,True,6,20,False
3,45;51;68,24,40,8.421504,3.100663296,11.522167296,61.597224,20.0,81.597224,True,6,20,False
4,45;51;68;76,32,32,11.37396,3.134217728,14.508177728,49.28508,20.0,69.28508,True,6,20,False
5,45;51;68;76;85,40,24,14.41128,3.16777216,17.57905216,36.972624,20.0,56.972624,True,6,20,False
6,45;51;68;76;85;92,48,16,17.33004,3.201326592,20.531366592,24.660792,20.0,44.660792,True,6,20,False
7,45;51;68;76;85;92;114,56,8,20.298408,3.234881024,23.533289024,12.347712,20.0,43.533289024,True,6,20,True
8,45;51;68;76;85;92;114;123,64,0,23.288616,3.268435456,26.557051456,0.0,20.0,46.557051456,True,6,20,False
0,,0,64,0.0,0.0,0.0,98.534592,20.0,118.534592,True,6,21,False
1,2,8,56,2.461056,3.033554432,5.494610432,86.22276,20.0,106.22276,True,6,21,False
2,2;32,16,48,5.406336,3.067108864,8.473444864,73.909992,20.0,93.909992,True,6,21,False
3,2;32;38,24,40,8.421504,3.100663296,11.522167296,61.597224,20.0,81.597224,True,6,21,False
4,2;32;38;44,32,32,11.37396,3.134217728,14.508177728,49.28508,20.0,69.28508,True,6,21,False
5,2;32;38;44;51,40,24,14.41128,3.16777216,17.57905216,36.972624,20.0,56.972624,True,6,21,False
6,2;32;38;44;51;56,48,16,17.33004,3.201326592,20.531366592,24.660792,20.0,44.660792,True,6,21,False
7,2;32;38;44;51;56;63,56,8,20.298408,3.234881024,23.533289024,12.347712,20.0,43.533289024,True,6,21,True
8,2;32;38;44;51;56;63;67,64,0,23.288616,3.268435456,26.557051456,0.0,20.0,46.557051456,True,6,21,False
0,,0,64,0.0,0.0,0.0,98.534592,20.0,118.534592,True,6,22,False
1,1,8,56,2.461056,3.033554432,5.494610432,86.22276,20.0,106.22276,True,6,22,False
2,1;36,16,48,5.406336,3.067108864,8.473444864,73.909992,20.0,93.909992,True,6,22,False
3,1;36;42,24,40,8.421504,3.100663296,11.522167296,61.597224,20.0,81.597224,True,6,22,False
4,1;36;42;48,32,32,11.37396,3.134217728,14.508177728,49.28508,20.0,69.28508,True,6,22,False
5,1;36;42;48;71,40,24,14.41128,3.16777216,17.57905216,36.972624,20.0,56.972624,True,6,22,False
6,1;36;42;48;71;75,48,16,17.33004,3.201326592,20.531366592,24.660792,20.0,44.660792,True,6,22,False
7,1;36;42;48;71;75;77,56,8,20.298408,3.234881024,23.533289024,12.347712,20.0,43.533289024,True,6,22,True
8,1;36;42;48;70;71;75;77,62,2,23.24868,3.260046848,26.508726848,3.112512,20.0,46.508726848,True,6,22,False
9,0;1;36;42;48;70;71;75;77,64,0,26.303784,3.268435456,29.572219456,0.0,20.0,49.572219456,True,6,22,False
0,,0,64,0.0,0.0,0.0,98.534592,20.0,118.534592,True,6,23,False
1,6,8,56,2.461056,3.033554432,5.494610432,86.22276,20.0,106.22276,True,6,23,False
2,6;14,16,48,5.406336,3.067108864,8.473444864,73.909992,20.0,93.909992,True,6,23,False
3,6;14;15,24,40,8.421504,3.100663296,11.522167296,61.597224,20.0,81.597224,True,6,23,False
4,6;14;15;17,32,32,11.37396,3.134217728,14.508177728,49.28508,20.0,69.28508,True,6,23,False
5,6;14;15;17;31,40,24,14.41128,3.16777216,17.57905216,36.972624,20.0,56.972624,True,6,23,False
6,6;14;15;17;31;48,48,16,17.33004,3.201326592,20.531366592,24.660792,20.0,44.660792,True,6,23,False
7,6;14;15;17;31;48;110,56,8,20.298408,3.234881024,23.533289024,12.347712,20.0,43.533289024,True,6,23,True
8,6;14;15;17;31;48;110;121,64,0,23.288616,3.268435456,26.557051456,0.0,20.0,46.557051456,True,6,23,False
0,,0,64,0.0,0.0,0.0,98.534592,20.0,118.534592,True,6,24,False
1,11,8,56,2.461056,3.033554432,5.494610432,86.22276,20.0,106.22276,True,6,24,False
2,11;18,16,48,5.406336,3.067108864,8.473444864,73.909992,20.0,93.909992,True,6,24,False
3,11;18;28,24,40,8.421504,3.100663296,11.522167296,61.597224,20.0,81.597224,True,6,24,False
4,11;18;28;37,32,32,11.37396,3.134217728,14.508177728,49.28508,20.0,69.28508,True,6,24,False
5,11;18;28;37;62,40,24,14.41128,3.16777216,17.57905216,36.972624,20.0,56.972624,True,6,24,False
6,11;18;28;37;62;101,48,16,17.33004,3.201326592,20.531366592,24.660792,20.0,44.660792,True,6,24,False
7,11;18;28;37;62;101;106,56,8,20.298408,3.234881024,23.533289024,12.347712,20.0,43.533289024,True,6,24,True
8,11;18;28;37;62;101;106;125,64,0,23.288616,3.268435456,26.557051456,0.0,20.0,46.557051456,True,6,24,False
0,,0,64,0.0,0.0,0.0,98.534592,20.0,118.534592,True,6,25,False
1,37,8,56,2.461056,3.033554432,5.494610432,86.22276,20.0,106.22276,True,6,25,False
2,37;72,16,48,5.406336,3.067108864,8.473444864,73.909992,20.0,93.909992,True,6,25,False
3,37;72;84,24,40,8.421504,3.100663296,11.522167296,61.597224,20.0,81.597224,True,6,25,False
4,37;72;84;91,32,32,11.37396,3.134217728,14.508177728,49.28508,20.0,69.28508,True,6,25,False
5,37;72;84;91;110,40,24,14.41128,3.16777216,17.57905216,36.972624,20.0,56.972624,True,6,25,False
6,37;72;84;91;110;122,48,16,17.33004,3.201326592,20.531366592,24.660792,20.0,44.660792,True,6,25,False
7,37;72;84;91;110;122;124,55,9,20.309328,3.23068672,23.54001472,13.904904,20.0,43.54001472,True,6,25,True
8,13;37;72;84;91;110;122;124,61,3,23.247432,3.255852544,26.503284544,4.670016,20.0,46.503284544,True,6,25,False
9,13;34;37;72;84;91;110;122;124,64,0,26.303784,3.268435456,29.572219456,0.0,20.0,49.572219456,True,6,25,False
0,,0,64,0.0,0.0,0.0,98.534592,20.0,118.534592,True,6,26,False
1,5,8,56,2.461056,3.033554432,5.494610432,86.22276,20.0,106.22276,True,6,26,False
2,5;9,16,48,5.406336,3.067108864,8.473444864,73.909992,20.0,93.909992,True,6,26,False
3,5;9;24,24,40,8.421504,3.100663296,11.522167296,61.597224,20.0,81.597224,True,6,26,False
4,5;9;24;29,32,32,11.37396,3.134217728,14.508177728,49.28508,20.0,69.28508,True,6,26,False
5,5;9;24;29;72,40,24,14.41128,3.16777216,17.57905216,36.972624,20.0,56.972624,True,6,26,False
6,5;9;24;29;72;87,48,16,17.33004,3.201326592,20.531366592,24.660792,20.0,44.660792,True,6,26,False
7,5;9;24;29;72;87;97,56,8,20.298408,3.234881024,23.533289024,12.347712,20.0,43.533289024,True,6,26,True
8,5;9;24;29;72;87;97;109,64,0,23.288616,3.268435456,26.557051456,0.0,20.0,46.557051456,True,6,26,False
0,,0,64,0.0,0.0,0.0,98.534592,20.0,118.534592,True,6,27,False
1,2,8,56,2.461056,3.033554432,5.494610432,86.22276,20.0,106.22276,True,6,27,False
2,2;26,16,48,5.406336,3.067108864,8.473444864,73.909992,20.0,93.909992,True,6,27,False
3,2;26;51,24,40,8.421504,3.100663296,11.522167296,61.597224,20.0,81.597224,True,6,27,False
4,2;26;51;84,32,32,11.37396,3.134217728,14.508177728,49.28508,20.0,69.28508,True,6,27,False
5,2;26;51;84;102,40,24,14.41128,3.16777216,17.57905216,36.972624,20.0,56.972624,True,6,27,False
6,2;26;51;84;102;118,48,16,17.33004,3.201326592,20.531366592,24.660792,20.0,44.660792,True,6,27,False
7,2;26;51;84;99;102;118,53,11,20.277504,3.222298112,23.499802112,16.983096,20.0,43.499802112,True,6,27,True
8,2;26;33;51;84;99;102;118,57,7,23.186592,3.239075328,26.425667328,10.827336,20.0,46.425667328,True,6,27,False
9,2;14;26;33;51;84;99;102;118,60,4,26.236704,3.25165824,29.48836224,6.190392,20.0,49.48836224,True,6,27,False
10,2;14;24;26;33;51;84;99;102;118,62,2,29.209128,3.260046848,32.469174848,3.112512,20.0,52.469174848,True,6,27,False
11,2;14;24;26;33;49;51;84;99;102;118,64,0,32.264232,3.268435456,35.532667456,0.0,20.0,55.532667456,True,6,27,False
0,,0,64,0.0,0.0,0.0,98.534592,20.0,118.534592,True,6,28,False
1,23,8,56,2.461056,3.033554432,5.494610432,86.22276,20.0,106.22276,True,6,28,False
2,23;42,16,48,5.406336,3.067108864,8.473444864,73.909992,20.0,93.909992,True,6,28,False
3,23;42;63,24,40,8.421504,3.100663296,11.522167296,61.597224,20.0,81.597224,True,6,28,False
4,23;42;63;70,32,32,11.37396,3.134217728,14.508177728,49.28508,20.0,69.28508,True,6,28,False
5,23;42;63;70;91,40,24,14.41128,3.16777216,17.57905216,36.972624,20.0,56.972624,True,6,28,False
6,23;42;63;70;91;122,48,16,17.33004,3.201326592,20.531366592,24.660792,20.0,44.660792,True,6,28,False
7,23;42;63;70;91;97;122,55,9,20.309328,3.23068672,23.54001472,13.904904,20.0,43.54001472,True,6,28,True
8,23;42;48;63;70;91;97;122,61,3,23.247432,3.255852544,26.503284544,4.670016,20.0,46.503284544,True,6,28,False
9,23;42;48;63;70;91;97;98;122,64,0,26.303784,3.268435456,29.572219456,0.0,20.0,49.572219456,True,6,28,False
0,,0,64,0.0,0.0,0.0,98.534592,20.0,118.534592,True,6,29,False
1,13,8,56,2.461056,3.033554432,5.494610432,86.22276,20.0,106.22276,True,6,29,False
2,13;14,16,48,5.406336,3.067108864,8.473444864,73.909992,20.0,93.909992,True,6,29,False
3,13;14;34,24,40,8.421504,3.100663296,11.522167296,61.597224,20.0,81.597224,True,6,29,False
4,13;14;34;37,32,32,11.37396,3.134217728,14.508177728,49.28508,20.0,69.28508,True,6,29,False
5,13;14;34;37;51,40,24,14.41128,3.16777216,17.57905216,36.972624,20.0,56.972624,True,6,29,False
6,13;14;34;37;51;70,48,16,17.33004,3.201326592,20.531366592,24.660792,20.0,44.660792,True,6,29,False
7,13;14;34;37;51;70;120,56,8,20.298408,3.234881024,23.533289024,12.347712,20.0,43.533289024,True,6,29,True
8,13;14;34;37;51;70;120;124,64,0,23.288616,3.268435456,26.557051456,0.0,20.0,46.557051456,True,6,29,False
0,,0,64,0.0,0.0,0.0,98.534592,20.0,118.534592,True,6,30,False
1,6,8,56,2.461056,3.033554432,5.494610432,86.22276,20.0,106.22276,True,6,30,False
2,6;25,16,48,5.406336,3.067108864,8.473444864,73.909992,20.0,93.909992,True,6,30,False
3,6;25;39,24,40,8.421504,3.100663296,11.522167296,61.597224,20.0,81.597224,True,6,30,False
4,6;25;39;48,32,32,11.37396,3.134217728,14.508177728,49.28508,20.0,69.28508,True,6,30,False
5,6;25;39;48;58,40,24,14.41128,3.16777216,17.57905216,36.972624,20.0,56.972624,True,6,30,False
6,6;25;39;48;58;79,48,16,17.33004,3.201326592,20.531366592,24.660792,20.0,44.660792,True,6,30,False
7,6;25;39;48;58;79;82,56,8,20.298408,3.234881024,23.533289024,12.347712,20.0,43.533289024,True,6,30,True
8,6;25;39;48;58;79;82;93,61,3,23.247432,3.255852544,26.503284544,4.670016,20.0,46.503284544,True,6,30,False
9,6;25;39;48;58;79;82;93;94,63,1,26.291616,3.264241152,29.555857152,1.591512,20.0,49.555857152,True,6,30,False
10,6;25;33;39;48;58;79;82;93;94,64,0,29.249064,3.268435456,32.517499456,0.0,20.0,52.517499456,True,6,30,False
0,,0,64,0.0,0.0,0.0,98.534592,20.0,118.534592,True,6,31,False
1,24,8,56,2.461056,3.033554432,5.494610432,86.22276,20.0,106.22276,True,6,31,False
2,24;28,16,48,5.406336,3.067108864,8.473444864,73.909992,20.0,93.909992,True,6,31,False
3,24;28;29,24,40,8.421504,3.100663296,11.522167296,61.597224,20.0,81.597224,True,6,31,False
4,24;28;29;38,32,32,11.37396,3.134217728,14.508177728,49.28508,20.0,69.28508,True,6,31,False
5,24;28;29;38;39,40,24,14.41128,3.16777216,17.57905216,36.972624,20.0,56.972624,True,6,31,False
6,24;28;29;38;39;59,48,16,17.33004,3.201326592,20.531366592,24.660792,20.0,44.660792,True,6,31,False
7,24;28;29;38;39;59;87,56,8,20.298408,3.234881024,23.533289024,12.347712,20.0,43.533289024,True,6,31,True
8,24;28;29;38;39;59;87;115,64,0,23.288616,3.268435456,26.557051456,0.0,20.0,46.557051456,True,6,31,False
0,,0,64,0.0,0.0,0.0,98.534592,20.0,118.534592,True,6,32,False
1,5,8,56,2.461056,3.033554432,5.494610432,86.22276,20.0,106.22276,True,6,32,False
2,5;18,16,48,5.406336,3.067108864,8.473444864,73.909992,20.0,93.909992,True,6,32,False
3,5;18;24,24,40,8.421504,3.100663296,11.522167296,61.597224,20.0,81.597224,True,6,32,False
4,5;18;24;48,32,32,11.37396,3.134217728,14.508177728,49.28508,20.0,69.28508,True,6,32,False
5,5;18;24;48;51,40,24,14.41128,3.16777216,17.57905216,36.972624,20.0,56.972624,True,6,32,False
6,5;18;24;48;51;85,48,16,17.33004,3.201326592,20.531366592,24.660792,20.0,44.660792,True,6,32,False
7,5;18;24;48;51;85;124,56,8,20.298408,3.234881024,23.533289024,12.347712,20.0,43.533289024,True,6,32,True
8,5;18;24;48;51;85;118;124,62,2,23.24868,3.260046848,26.508726848,3.112512,20.0,46.508726848,True,6,32,False
9,5;18;24;48;51;72;85;118;124,64,0,26.303784,3.268435456,29.572219456,0.0,20.0,49.572219456,True,6,32,False
0,,0,64,0.0,0.0,0.0,98.534592,20.0,118.534592,True,6,33,False
1,13,8,56,2.461056,3.033554432,5.494610432,86.22276,20.0,106.22276,True,6,33,False
2,13;44,16,48,5.406336,3.067108864,8.473444864,73.909992,20.0,93.909992,True,6,33,False
3,13;44;53,24,40,8.421504,3.100663296,11.522167296,61.597224,20.0,81.597224,True,6,33,False
4,13;44;53;56,32,32,11.37396,3.134217728,14.508177728,49.28508,20.0,69.28508,True,6,33,False
5,13;44;53;56;63,40,24,14.41128,3.16777216,17.57905216,36.972624,20.0,56.972624,True,6,33,False
6,13;44;53;56;63;67,48,16,17.33004,3.201326592,20.531366592,24.660792,20.0,44.660792,True,6,33,False
7,13;44;53;56;63;67;115,56,8,20.298408,3.234881024,23.533289024,12.347712,20.0,43.533289024,True,6,33,True
8,13;38;44;53;56;63;67;115,60,4,23.221536,3.25165824,26.47319424,6.190392,20.0,46.47319424,True,6,33,False
9,6;13;38;44;53;56;63;67;115,62,2,26.263848,3.260046848,29.523894848,3.112512,20.0,49.523894848,True,6,33,False
10,6;13;38;39;44;53;56;63;67;115,63,1,29.236896,3.264241152,32.501137152,1.591512,20.0,52.501137152,True,6,33,False
11,6;13;38;39;44;53;56;63;67;115;124,64,0,32.264232,3.268435456,35.532667456,0.0,20.0,55.532667456,True,6,33,False
0,,0,64,0.0,0.0,0.0,98.534592,20.0,118.534592,True,6,34,False
1,1,8,56,2.461056,3.033554432,5.494610432,86.22276,20.0,106.22276,True,6,34,False
2,1;5,16,48,5.406336,3.067108864,8.473444864,73.909992,20.0,93.909992,True,6,34,False
3,1;5;36,24,40,8.421504,3.100663296,11.522167296,61.597224,20.0,81.597224,True,6,34,False
4,1;5;36;42,32,32,11.37396,3.134217728,14.508177728,49.28508,20.0,69.28508,True,6,34,False
5,1;5;36;42;70,40,24,14.41128,3.16777216,17.57905216,36.972624,20.0,56.972624,True,6,34,False
6,1;5;36;42;70;75,48,16,17.33004,3.201326592,20.531366592,24.660792,20.0,44.660792,True,6,34,False
7,1;5;36;42;70;75;77,56,8,20.298408,3.234881024,23.533289024,12.347712,20.0,43.533289024,True,6,34,True
8,1;5;36;42;70;75;77;92,64,0,23.288616,3.268435456,26.557051456,0.0,20.0,46.557051456,True,6,34,False
0,,0,64,0.0,0.0,0.0,98.534592,20.0,118.534592,True,6,35,False
1,6,8,56,2.461056,3.033554432,5.494610432,86.22276,20.0,106.22276,True,6,35,False
2,6;15,16,48,5.406336,3.067108864,8.473444864,73.909992,20.0,93.909992,True,6,35,False
3,6;15;17,24,40,8.421504,3.100663296,11.522167296,61.597224,20.0,81.597224,True,6,35,False
4,6;15;17;28,32,32,11.37396,3.134217728,14.508177728,49.28508,20.0,69.28508,True,6,35,False
5,6;15;17;28;31,40,24,14.41128,3.16777216,17.57905216,36.972624,20.0,56.972624,True,6,35,False
6,6;15;17;28;31;48,48,16,17.33004,3.201326592,20.531366592,24.660792,20.0,44.660792,True,6,35,False
7,6;15;17;28;31;48;110,56,8,20.298408,3.234881024,23.533289024,12.347712,20.0,43.533289024,True,6,35,True
8,6;15;17;28;31;48;62;110,61,3,23.247432,3.255852544,26.503284544,4.670016,20.0,46.503284544,True,6,35,False
9,6;15;17;28;31;48;62;77;110,64,0,26.303784,3.268435456,29.572219456,0.0,20.0,49.572219456,True,6,35,False
0,,0,64,0.0,0.0,0.0,98.534592,20.0,118.534592,True,6,36,False
1,11,8,56,2.461056,3.033554432,5.494610432,86.22276,20.0,106.22276,True,6,36,False
2,11;18,16,48,5.406336,3.067108864,8.473444864,73.909992,20.0,93.909992,True,6,36,False
3,11;18;37,24,40,8.421504,3.100663296,11.522167296,61.597224,20.0,81.597224,True,6,36,False
4,11;18;37;57,32,32,11.37396,3.134217728,14.508177728,49.28508,20.0,69.28508,True,6,36,False
5,11;18;37;57;62,40,24,14.41128,3.16777216,17.57905216,36.972624,20.0,56.972624,True,6,36,False
6,11;18;37;57;62;101,48,16,17.33004,3.201326592,20.531366592,24.660792,20.0,44.660792,True,6,36,False
7,11;18;37;57;62;101;106,56,8,20.298408,3.234881024,23.533289024,12.347712,20.0,43.533289024,True,6,36,True
8,11;18;37;57;62;101;106;125,64,0,23.288616,3.268435456,26.557051456,0.0,20.0,46.557051456,True,6,36,False
0,,0,64,0.0,0.0,0.0,98.534592,20.0,118.534592,True,6,37,False
1,13,8,56,2.461056,3.033554432,5.494610432,86.22276,20.0,106.22276,True,6,37,False
2,13;27,16,48,5.406336,3.067108864,8.473444864,73.909992,20.0,93.909992,True,6,37,False
3,13;27;36,24,40,8.421504,3.100663296,11.522167296,61.597224,20.0,81.597224,True,6,37,False
4,13;27;36;37,32,32,11.37396,3.134217728,14.508177728,49.28508,20.0,69.28508,True,6,37,False
5,13;27;36;37;72,40,24,14.41128,3.16777216,17.57905216,36.972624,20.0,56.972624,True,6,37,False
6,13;27;36;37;72;82,48,16,17.33004,3.201326592,20.531366592,24.660792,20.0,44.660792,True,6,37,False
7,13;27;36;37;72;82;91,56,8,20.298408,3.234881024,23.533289024,12.347712,20.0,43.533289024,True,6,37,True
8,13;27;36;37;72;82;91;110,64,0,23.288616,3.268435456,26.557051456,0.0,20.0,46.557051456,True,6,37,False
0,,0,64,0.0,0.0,0.0,98.534592,20.0,118.534592,True,6,38,False
1,2,8,56,2.461056,3.033554432,5.494610432,86.22276,20.0,106.22276,True,6,38,False
2,2;9,16,48,5.406336,3.067108864,8.473444864,73.909992,20.0,93.909992,True,6,38,False
3,2;9;24,24,40,8.421504,3.100663296,11.522167296,61.597224,20.0,81.597224,True,6,38,False
4,2;9;24;29,32,32,11.37396,3.134217728,14.508177728,49.28508,20.0,69.28508,True,6,38,False
5,2;9;24;29;62,40,24,14.41128,3.16777216,17.57905216,36.972624,20.0,56.972624,True,6,38,False
6,2;9;24;29;62;109,48,16,17.33004,3.201326592,20.531366592,24.660792,20.0,44.660792,True,6,38,False
7,2;9;24;29;62;109;110,56,8,20.298408,3.234881024,23.533289024,12.347712,20.0,43.533289024,True,6,38,True
8,2;9;24;29;62;97;109;110,62,2,23.24868,3.260046848,26.508726848,3.112512,20.0,46.508726848,True,6,38,False
9,2;9;24;29;62;72;97;109;110,64,0,26.303784,3.268435456,29.572219456,0.0,20.0,49.572219456,True,6,38,False
0,,0,64,0.0,0.0,0.0,98.534592,20.0,118.534592,True,6,39,False
1,5,8,56,2.461056,3.033554432,5.494610432,86.22276,20.0,106.22276,True,6,39,False
2,5;14,16,48,5.406336,3.067108864,8.473444864,73.909992,20.0,93.909992,True,6,39,False
3,5;14;16,24,40,8.421504,3.100663296,11.522167296,61.597224,20.0,81.597224,True,6,39,False
4,5;14;16;48,32,32,11.37396,3.134217728,14.508177728,49.28508,20.0,69.28508,True,6,39,False
5,5;14;16;48;51,40,24,14.41128,3.16777216,17.57905216,36.972624,20.0,56.972624,True,6,39,False
6,5;14;16;48;51;84,48,16,17.33004,3.201326592,20.531366592,24.660792,20.0,44.660792,True,6,39,False
7,5;14;16;48;51;84;118,56,8,20.298408,3.234881024,23.533289024,12.347712,20.0,43.533289024,True,6,39,True
8,5;14;16;48;49;51;84;118,61,3,23.247432,3.255852544,26.503284544,4.670016,20.0,46.503284544,True,6,39,False
9,5;14;16;48;49;51;58;84;118,64,0,26.303784,3.268435456,29.572219456,0.0,20.0,49.572219456,True,6,39,False
0,,0,64,0.0,0.0,0.0,98.534592,20.0,118.534592,True,6,40,False
1,19,8,56,2.461056,3.033554432,5.494610432,86.22276,20.0,106.22276,True,6,40,False
2,19;48,16,48,5.406336,3.067108864,8.473444864,73.909992,20.0,93.909992,True,6,40,False
3,19;48;69,24,40,8.421504,3.100663296,11.522167296,61.597224,20.0,81.597224,True,6,40,False
4,19;48;69;91,32,32,11.37396,3.134217728,14.508177728,49.28508,20.0,69.28508,True,6,40,False
5,19;48;69;91;105,40,24,14.41128,3.16777216,17.57905216,36.972624,20.0,56.972624,True,6,40,False
6,19;48;69;91;105;122,48,16,17.33004,3.201326592,20.531366592,24.660792,20.0,44.660792,True,6,40,False
7,19;48;69;91;105;122;123,56,8,20.298408,3.234881024,23.533289024,12.347712,20.0,43.533289024,True,6,40,True
8,4;19;48;69;91;105;122;123,62,2,23.24868,3.260046848,26.508726848,3.112512,20.0,46.508726848,True,6,40,False
9,4;19;23;48;69;91;105;122;123,63,1,26.291616,3.264241152,29.555857152,1.591512,20.0,49.555857152,True,6,40,False
10,4;19;23;48;50;69;91;105;122;123,64,0,29.249064,3.268435456,32.517499456,0.0,20.0,52.517499456,True,6,40,False
0,,0,64,0.0,0.0,0.0,98.534592,20.0,118.534592,True,6,41,False
1,49,8,56,2.461056,3.033554432,5.494610432,86.22276,20.0,106.22276,True,6,41,False
2,49;51,16,48,5.406336,3.067108864,8.473444864,73.909992,20.0,93.909992,True,6,41,False
3,49;51;58,24,40,8.421504,3.100663296,11.522167296,61.597224,20.0,81.597224,True,6,41,False
4,49;51;58;80,32,32,11.37396,3.134217728,14.508177728,49.28508,20.0,69.28508,True,6,41,False
5,49;51;58;80;81,40,24,14.41128,3.16777216,17.57905216,36.972624,20.0,56.972624,True,6,41,False
6,49;51;58;80;81;100,48,16,17.33004,3.201326592,20.531366592,24.660792,20.0,44.660792,True,6,41,False
7,49;51;58;80;81;100;116,56,8,20.298408,3.234881024,23.533289024,12.347712,20.0,43.533289024,True,6,41,True
8,49;51;58;80;81;100;116;124,64,0,23.288616,3.268435456,26.557051456,0.0,20.0,46.557051456,True,6,41,False
0,,0,64,0.0,0.0,0.0,98.534592,20.0,118.534592,True,6,42,False
1,25,8,56,2.461056,3.033554432,5.494610432,86.22276,20.0,106.22276,True,6,42,False
2,25;28,16,48,5.406336,3.067108864,8.473444864,73.909992,20.0,93.909992,True,6,42,False
3,25;28;30,24,40,8.421504,3.100663296,11.522167296,61.597224,20.0,81.597224,True,6,42,False
4,25;28;30;63,32,32,11.37396,3.134217728,14.508177728,49.28508,20.0,69.28508,True,6,42,False
5,25;28;30;63;76,40,24,14.41128,3.16777216,17.57905216,36.972624,20.0,56.972624,True,6,42,False
6,25;28;30;63;76;88,48,16,17.33004,3.201326592,20.531366592,24.660792,20.0,44.660792,True,6,42,False
7,25;28;30;63;76;88;119,56,8,20.298408,3.234881024,23.533289024,12.347712,20.0,43.533289024,True,6,42,True
8,25;28;30;63;76;88;115;119,63,1,23.276448,3.264241152,26.540689152,1.591512,20.0,46.540689152,True,6,42,False
9,25;28;30;43;63;76;88;115;119,64,0,26.303784,3.268435456,29.572219456,0.0,20.0,49.572219456,True,6,42,False
0,,0,64,0.0,0.0,0.0,98.534592,20.0,118.534592,True,6,43,False
1,2,8,56,2.461056,3.033554432,5.494610432,86.22276,20.0,106.22276,True,6,43,False
2,2;11,16,48,5.406336,3.067108864,8.473444864,73.909992,20.0,93.909992,True,6,43,False
3,2;11;18,24,40,8.421504,3.100663296,11.522167296,61.597224,20.0,81.597224,True,6,43,False
4,2;11;18;45,32,32,11.37396,3.134217728,14.508177728,49.28508,20.0,69.28508,True,6,43,False
5,2;11;18;45;46,40,24,14.41128,3.16777216,17.57905216,36.972624,20.0,56.972624,True,6,43,False
6,2;11;18;45;46;91,48,16,17.33004,3.201326592,20.531366592,24.660792,20.0,44.660792,True,6,43,False
7,2;11;18;45;46;91;96,55,9,20.309328,3.23068672,23.54001472,13.904904,20.0,43.54001472,True,6,43,True
8,2;11;18;29;45;46;91;96,61,3,23.247432,3.255852544,26.503284544,4.670016,20.0,46.503284544,True,6,43,False
9,2;11;18;29;45;46;91;96;111,63,1,26.291616,3.264241152,29.555857152,1.591512,20.0,49.555857152,True,6,43,False
10,2;11;18;29;37;45;46;91;96;111,64,0,29.249064,3.268435456,32.517499456,0.0,20.0,52.517499456,True,6,43,False
0,,0,64,0.0,0.0,0.0,98.534592,20.0,118.534592,True,6,44,False
1,2,8,56,2.461056,3.033554432,5.494610432,86.22276,20.0,106.22276,True,6,44,False
2,2;12,16,48,5.406336,3.067108864,8.473444864,73.909992,20.0,93.909992,True,6,44,False
3,2;12;15,24,40,8.421504,3.100663296,11.522167296,61.597224,20.0,81.597224,True,6,44,False
4,2;12;15;49,32,32,11.37396,3.134217728,14.508177728,49.28508,20.0,69.28508,True,6,44,False
5,2;12;15;49;79,40,24,14.41128,3.16777216,17.57905216,36.972624,20.0,56.972624,True,6,44,False
6,2;12;15;49;79;104,48,16,17.33004,3.201326592,20.531366592,24.660792,20.0,44.660792,True,6,44,False
7,2;12;15;49;79;104;112,56,8,20.298408,3.234881024,23.533289024,12.347712,20.0,43.533289024,True,6,44,True
8,2;12;15;49;79;104;112;113,64,0,23.288616,3.268435456,26.557051456,0.0,20.0,46.557051456,True,6,44,False
0,,0,64,0.0,0.0,0.0,98.534592,20.0,118.534592,True,6,45,False
1,1,8,56,2.461056,3.033554432,5.494610432,86.22276,20.0,106.22276,True,6,45,False
2,1;2,16,48,5.406336,3.067108864,8.473444864,73.909992,20.0,93.909992,True,6,45,False
3,1;2;3,24,40,8.421504,3.100663296,11.522167296,61.597224,20.0,81.597224,True,6,45,False
4,1;2;3;4,32,32,11.37396,3.134217728,14.508177728,49.28508,20.0,69.28508,True,6,45,False
5,1;2;3;4;53,40,24,14.41128,3.16777216,17.57905216,36.972624,20.0,56.972624,True,6,45,False
6,1;2;3;4;53;65,48,16,17.33004,3.201326592,20.531366592,24.660792,20.0,44.660792,True,6,45,False
7,1;2;3;4;53;65;127,56,8,20.298408,3.234881024,23.533289024,12.347712,20.0,43.533289024,True,6,45,True
8,1;2;3;4;53;54;65;127,62,2,23.24868,3.260046848,26.508726848,3.112512,20.0,46.508726848,True,6,45,False
9,1;2;3;4;53;54;60;65;127,64,0,26.303784,3.268435456,29.572219456,0.0,20.0,49.572219456,True,6,45,False
0,,0,64,0.0,0.0,0.0,98.534592,20.0,118.534592,True,6,46,False
1,4,8,56,2.461056,3.033554432,5.494610432,86.22276,20.0,106.22276,True,6,46,False
2,4;13,16,48,5.406336,3.067108864,8.473444864,73.909992,20.0,93.909992,True,6,46,False
3,4;13;17,24,40,8.421504,3.100663296,11.522167296,61.597224,20.0,81.597224,True,6,46,False
4,4;13;17;40,32,32,11.37396,3.134217728,14.508177728,49.28508,20.0,69.28508,True,6,46,False
5,4;13;17;40;48,40,24,14.41128,3.16777216,17.57905216,36.972624,20.0,56.972624,True,6,46,False
6,4;13;17;40;48;64,48,16,17.33004,3.201326592,20.531366592,24.660792,20.0,44.660792,True,6,46,False
7,4;13;17;40;48;64;74,56,8,20.298408,3.234881024,23.533289024,12.347712,20.0,43.533289024,True,6,46,True
8,4;13;17;40;48;64;74;102,64,0,23.288616,3.268435456,26.557051456,0.0,20.0,46.557051456,True,6,46,False
0,,0,64,0.0,0.0,0.0,98.534592,20.0,118.534592,True,6,47,False
1,39,8,56,2.461056,3.033554432,5.494610432,86.22276,20.0,106.22276,True,6,47,False
2,39;41,16,48,5.406336,3.067108864,8.473444864,73.909992,20.0,93.909992,True,6,47,False
3,39;41;45,24,40,8.421504,3.100663296,11.522167296,61.597224,20.0,81.597224,True,6,47,False
4,39;41;45;46,32,32,11.37396,3.134217728,14.508177728,49.28508,20.0,69.28508,True,6,47,False
5,39;41;45;46;54,40,24,14.41128,3.16777216,17.57905216,36.972624,20.0,56.972624,True,6,47,False
6,39;41;45;46;54;58,48,16,17.33004,3.201326592,20.531366592,24.660792,20.0,44.660792,True,6,47,False
7,39;41;45;46;54;58;79,56,8,20.298408,3.234881024,23.533289024,12.347712,20.0,43.533289024,True,6,47,True
8,39;41;45;46;54;58;79;110,64,0,23.288616,3.268435456,26.557051456,0.0,20.0,46.557051456,True,6,47,False
0,,0,64,0.0,0.0,0.0,98.534592,20.0,118.534592,True,7,0,False
1,0,8,56,2.461056,3.033554432,5.494610432,86.22276,20.0,106.22276,True,7,0,False
2,0;27,16,48,5.406336,3.067108864,8.473444864,73.909992,20.0,93.909992,True,7,0,False
3,0;27;33,24,40,8.421504,3.100663296,11.522167296,61.597224,20.0,81.597224,True,7,0,False
4,0;27;33;37,32,32,11.37396,3.134217728,14.508177728,49.28508,20.0,69.28508,True,7,0,False
5,0;27;33;37;64,40,24,14.41128,3.16777216,17.57905216,36.972624,20.0,56.972624,True,7,0,False
6,0;27;33;37;64;68,48,16,17.33004,3.201326592,20.531366592,24.660792,20.0,44.660792,True,7,0,False
7,0;27;33;37;64;68;72,56,8,20.298408,3.234881024,23.533289024,12.347712,20.0,43.533289024,True,7,0,True
8,0;27;33;37;64;68;72;79,64,0,23.288616,3.268435456,26.557051456,0.0,20.0,46.557051456,True,7,0,False
0,,0,64,0.0,0.0,0.0,98.534592,20.0,118.534592,True,7,1,False
1,14,8,56,2.461056,3.033554432,5.494610432,86.22276,20.0,106.22276,True,7,1,False
2,14;19,16,48,5.406336,3.067108864,8.473444864,73.909992,20.0,93.909992,True,7,1,False
3,14;19;28,24,40,8.421504,3.100663296,11.522167296,61.597224,20.0,81.597224,True,7,1,False
4,14;19;28;88,32,32,11.37396,3.134217728,14.508177728,49.28508,20.0,69.28508,True,7,1,False
5,14;19;28;88;90,40,24,14.41128,3.16777216,17.57905216,36.972624,20.0,56.972624,True,7,1,False
6,14;19;28;88;90;96,48,16,17.33004,3.201326592,20.531366592,24.660792,20.0,44.660792,True,7,1,False
7,14;19;28;88;90;96;101,56,8,20.298408,3.234881024,23.533289024,12.347712,20.0,43.533289024,True,7,1,True
8,14;19;28;88;90;96;101;111,64,0,23.288616,3.268435456,26.557051456,0.0,20.0,46.557051456,True,7,1,False
0,,0,64,0.0,0.0,0.0,98.534592,20.0,118.534592,True,7,2,False
1,46,8,56,2.461056,3.033554432,5.494610432,86.22276,20.0,106.22276,True,7,2,False
2,46;56,16,48,5.406336,3.067108864,8.473444864,73.909992,20.0,93.909992,True,7,2,False
3,46;56;71,24,40,8.421504,3.100663296,11.522167296,61.597224,20.0,81.597224,True,7,2,False
4,46;56;71;72,32,32,11.37396,3.134217728,14.508177728,49.28508,20.0,69.28508,True,7,2,False
5,46;56;71;72;74,40,24,14.41128,3.16777216,17.57905216,36.972624,20.0,56.972624,True,7,2,False
6,46;56;71;72;74;77,48,16,17.33004,3.201326592,20.531366592,24.660792,20.0,44.660792,True,7,2,False
7,46;56;71;72;74;77;94,56,8,20.298408,3.234881024,23.533289024,12.347712,20.0,43.533289024,True,7,2,True
8,46;56;71;72;74;77;94;107,64,0,23.288616,3.268435456,26.557051456,0.0,20.0,46.557051456,True,7,2,False
0,,0,64,0.0,0.0,0.0,98.534592,20.0,118.534592,True,7,3,False
1,3,8,56,2.461056,3.033554432,5.494610432,86.22276,20.0,106.22276,True,7,3,False
2,3;37,16,48,5.406336,3.067108864,8.473444864,73.909992,20.0,93.909992,True,7,3,False
3,3;37;51,24,40,8.421504,3.100663296,11.522167296,61.597224,20.0,81.597224,True,7,3,False
4,3;37;51;53,32,32,11.37396,3.134217728,14.508177728,49.28508,20.0,69.28508,True,7,3,False
5,3;37;51;53;99,40,24,14.41128,3.16777216,17.57905216,36.972624,20.0,56.972624,True,7,3,False
6,3;37;51;53;99;101,48,16,17.33004,3.201326592,20.531366592,24.660792,20.0,44.660792,True,7,3,False
7,3;37;51;53;99;101;109,56,8,20.298408,3.234881024,23.533289024,12.347712,20.0,43.533289024,True,7,3,True
8,3;37;51;53;56;99;101;109,62,2,23.24868,3.260046848,26.508726848,3.112512,20.0,46.508726848,True,7,3,False
9,3;37;51;53;56;71;99;101;109,64,0,26.303784,3.268435456,29.572219456,0.0,20.0,49.572219456,True,7,3,False
0,,0,64,0.0,0.0,0.0,98.534592,20.0,118.534592,True,7,4,False
1,12,8,56,2.461056,3.033554432,5.494610432,86.22276,20.0,106.22276,True,7,4,False
2,12;19,16,48,5.406336,3.067108864,8.473444864,73.909992,20.0,93.909992,True,7,4,False
3,12;19;52,24,40,8.421504,3.100663296,11.522167296,61.597224,20.0,81.597224,True,7,4,False
4,12;19;52;53,32,32,11.37396,3.134217728,14.508177728,49.28508,20.0,69.28508,True,7,4,False
5,12;19;52;53;65,40,24,14.41128,3.16777216,17.57905216,36.972624,20.0,56.972624,True,7,4,False
6,12;19;52;53;65;108,48,16,17.33004,3.201326592,20.531366592,24.660792,20.0,44.660792,True,7,4,False
7,12;19;52;53;65;108;110,56,8,20.298408,3.234881024,23.533289024,12.347712,20.0,43.533289024,True,7,4,True
8,12;19;52;53;65;107;108;110,62,2,23.24868,3.260046848,26.508726848,3.112512,20.0,46.508726848,True,7,4,False
9,12;19;52;53;65;89;107;108;110,64,0,26.303784,3.268435456,29.572219456,0.0,20.0,49.572219456,True,7,4,False
0,,0,64,0.0,0.0,0.0,98.534592,20.0,118.534592,True,7,5,False
1,4,8,56,2.461056,3.033554432,5.494610432,86.22276,20.0,106.22276,True,7,5,False
2,4;32,16,48,5.406336,3.067108864,8.473444864,73.909992,20.0,93.909992,True,7,5,False
3,4;32;41,24,40,8.421504,3.100663296,11.522167296,61.597224,20.0,81.597224,True,7,5,False
4,4;32;41;46,32,32,11.37396,3.134217728,14.508177728,49.28508,20.0,69.28508,True,7,5,False
5,4;32;41;46;63,40,24,14.41128,3.16777216,17.57905216,36.972624,20.0,56.972624,True,7,5,False
6,4;32;41;46;63;65,48,16,17.33004,3.201326592,20.531366592,24.660792,20.0,44.660792,True,7,5,False
7,4;32;41;46;63;65;73,56,8,20.298408,3.234881024,23.533289024,12.347712,20.0,43.533289024,True,7,5,True
8,4;32;41;46;63;65;73;84,64,0,23.288616,3.268435456,26.557051456,0.0,20.0,46.557051456,True,7,5,False
0,,0,64,0.0,0.0,0.0,98.534592,20.0,118.534592,True,7,6,False
1,33,8,56,2.461056,3.033554432,5.494610432,86.22276,20.0,106.22276,True,7,6,False
2,33;49,16,48,5.406336,3.067108864,8.473444864,73.909992,20.0,93.909992,True,7,6,False
3,33;49;58,24,40,8.421504,3.100663296,11.522167296,61.597224,20.0,81.597224,True,7,6,False
4,33;49;58;74,32,32,11.37396,3.134217728,14.508177728,49.28508,20.0,69.28508,True,7,6,False
5,33;49;58;74;82,40,24,14.41128,3.16777216,17.57905216,36.972624,20.0,56.972624,True,7,6,False
6,33;49;58;74;82;92,48,16,17.33004,3.201326592,20.531366592,24.660792,20.0,44.660792,True,7,6,False
7,33;49;58;74;82;92;112,56,8,20.298408,3.234881024,23.533289024,12.347712,20.0,43.533289024,True,7,6,True
8,33;49;58;74;82;92;112;116,64,0,23.288616,3.268435456,26.557051456,0.0,20.0,46.557051456,True,7,6,False
0,,0,64,0.0,0.0,0.0,98.534592,20.0,118.534592,True,7,7,False
1,15,8,56,2.461056,3.033554432,5.494610432,86.22276,20.0,106.22276,True,7,7,False
2,15;19,16,48,5.406336,3.067108864,8.473444864,73.909992,20.0,93.909992,True,7,7,False
3,15;19;24,24,40,8.421504,3.100663296,11.522167296,61.597224,20.0,81.597224,True,7,7,False
4,15;19;24;44,32,32,11.37396,3.134217728,14.508177728,49.28508,20.0,69.28508,True,7,7,False
5,15;19;24;44;52,40,24,14.41128,3.16777216,17.57905216,36.972624,20.0,56.972624,True,7,7,False
6,15;19;24;44;52;63,48,16,17.33004,3.201326592,20.531366592,24.660792,20.0,44.660792,True,7,7,False
7,15;19;24;44;52;63;114,56,8,20.298408,3.234881024,23.533289024,12.347712,20.0,43.533289024,True,7,7,True
8,15;19;24;44;52;63;114;125,64,0,23.288616,3.268435456,26.557051456,0.0,20.0,46.557051456,True,7,7,False
0,,0,64,0.0,0.0,0.0,98.534592,20.0,118.534592,True,7,8,False
1,22,8,56,2.461056,3.033554432,5.494610432,86.22276,20.0,106.22276,True,7,8,False
2,22;23,16,48,5.406336,3.067108864,8.473444864,73.909992,20.0,93.909992,True,7,8,False
3,22;23;50,24,40,8.421504,3.100663296,11.522167296,61.597224,20.0,81.597224,True,7,8,False
4,22;23;50;68,32,32,11.37396,3.134217728,14.508177728,49.28508,20.0,69.28508,True,7,8,False
5,22;23;50;68;76,40,24,14.41128,3.16777216,17.57905216,36.972624,20.0,56.972624,True,7,8,False
6,22;23;50;68;76;100,48,16,17.33004,3.201326592,20.531366592,24.660792,20.0,44.660792,True,7,8,False
7,22;23;50;68;76;100;123,56,8,20.298408,3.234881024,23.533289024,12.347712,20.0,43.533289024,True,7,8,True
8,22;23;50;53;68;76;100;123,63,1,23.276448,3.264241152,26.540689152,1.591512,20.0,46.540689152,True,7,8,False
9,17;22;23;50;53;68;76;100;123,64,0,26.303784,3.268435456,29.572219456,0.0,20.0,49.572219456,True,7,8,False
0,,0,64,0.0,0.0,0.0,98.534592,20.0,118.534592,True,7,9,False
1,0,8,56,2.461056,3.033554432,5.494610432,86.22276,20.0,106.22276,True,7,9,False
2,0;2,16,48,5.406336,3.067108864,8.473444864,73.909992,20.0,93.909992,True,7,9,False
3,0;2;13,24,40,8.421504,3.100663296,11.522167296,61.597224,20.0,81.597224,True,7,9,False
4,0;2;13;34,32,32,11.37396,3.134217728,14.508177728,49.28508,20.0,69.28508,True,7,9,False
5,0;2;13;34;39,40,24,14.41128,3.16777216,17.57905216,36.972624,20.0,56.972624,True,7,9,False
6,0;2;13;34;39;69,48,16,17.33004,3.201326592,20.531366592,24.660792,20.0,44.660792,True,7,9,False
7,0;2;13;34;39;69;82,56,8,20.298408,3.234881024,23.533289024,12.347712,20.0,43.533289024,True,7,9,True
8,0;2;13;34;39;69;82;95,64,0,23.288616,3.268435456,26.557051456,0.0,20.0,46.557051456,True,7,9,False
0,,0,64,0.0,0.0,0.0,98.534592,20.0,118.534592,True,7,10,False
1,0,8,56,2.461056,3.033554432,5.494610432,86.22276,20.0,106.22276,True,7,10,False
2,0;1,16,48,5.406336,3.067108864,8.473444864,73.909992,20.0,93.909992,True,7,10,False
3,0;1;6,24,40,8.421504,3.100663296,11.522167296,61.597224,20.0,81.597224,True,7,10,False
4,0;1;6;19,32,32,11.37396,3.134217728,14.508177728,49.28508,20.0,69.28508,True,7,10,False
5,0;1;6;19;36,40,24,14.41128,3.16777216,17.57905216,36.972624,20.0,56.972624,True,7,10,False
6,0;1;6;19;36;48,48,16,17.33004,3.201326592,20.531366592,24.660792,20.0,44.660792,True,7,10,False
7,0;1;6;19;36;48;67,56,8,20.298408,3.234881024,23.533289024,12.347712,20.0,43.533289024,True,7,10,True
8,0;1;6;19;36;48;55;67,62,2,23.24868,3.260046848,26.508726848,3.112512,20.0,46.508726848,True,7,10,False
9,0;1;6;19;36;48;55;67;92,64,0,26.303784,3.268435456,29.572219456,0.0,20.0,49.572219456,True,7,10,False
0,,0,64,0.0,0.0,0.0,98.534592,20.0,118.534592,True,7,11,False
1,3,8,56,2.461056,3.033554432,5.494610432,86.22276,20.0,106.22276,True,7,11,False
2,3;48,16,48,5.406336,3.067108864,8.473444864,73.909992,20.0,93.909992,True,7,11,False
3,3;48;52,24,40,8.421504,3.100663296,11.522167296,61.597224,20.0,81.597224,True,7,11,False
4,3;48;52;75,32,32,11.37396,3.134217728,14.508177728,49.28508,20.0,69.28508,True,7,11,False
5,3;48;52;75;81,40,24,14.41128,3.16777216,17.57905216,36.972624,20.0,56.972624,True,7,11,False
6,3;48;52;75;81;104,48,16,17.33004,3.201326592,20.531366592,24.660792,20.0,44.660792,True,7,11,False
7,3;48;52;75;81;104;110,56,8,20.298408,3.234881024,23.533289024,12.347712,20.0,43.533289024,True,7,11,True
8,3;48;52;75;81;104;110;121,64,0,23.288616,3.268435456,26.557051456,0.0,20.0,46.557051456,True,7,11,False
0,,0,64,0.0,0.0,0.0,98.534592,20.0,118.534592,True,7,12,False
1,11,8,56,2.461056,3.033554432,5.494610432,86.22276,20.0,106.22276,True,7,12,False
2,11;28,16,48,5.406336,3.067108864,8.473444864,73.909992,20.0,93.909992,True,7,12,False
3,11;28;41,24,40,8.421504,3.100663296,11.522167296,61.597224,20.0,81.597224,True,7,12,False
4,11;28;41;78,32,32,11.37396,3.134217728,14.508177728,49.28508,20.0,69.28508,True,7,12,False
5,11;28;41;78;92,40,24,14.41128,3.16777216,17.57905216,36.972624,20.0,56.972624,True,7,12,False
6,11;28;41;78;92;111,48,16,17.33004,3.201326592,20.531366592,24.660792,20.0,44.660792,True,7,12,False
7,11;28;41;78;92;111;122,56,8,20.298408,3.234881024,23.533289024,12.347712,20.0,43.533289024,True,7,12,True
8,11;28;37;41;78;92;111;122,61,3,23.247432,3.255852544,26.503284544,4.670016,20.0,46.503284544,True,7,12,False
9,11;18;28;37;41;78;92;111;122,64,0,26.303784,3.268435456,29.572219456,0.0,20.0,49.572219456,True,7,12,False
0,,0,64,0.0,0.0,0.0,98.534592,20.0,118.534592,True,7,13,False
1,1,8,56,2.461056,3.033554432,5.494610432,86.22276,20.0,106.22276,True,7,13,False
2,1;31,16,48,5.406336,3.067108864,8.473444864,73.909992,20.0,93.909992,True,7,13,False
3,1;31;43,24,40,8.421504,3.100663296,11.522167296,61.597224,20.0,81.597224,True,7,13,False
4,1;31;43;52,32,32,11.37396,3.134217728,14.508177728,49.28508,20.0,69.28508,True,7,13,False
5,1;31;43;52;61,40,24,14.41128,3.16777216,17.57905216,36.972624,20.0,56.972624,True,7,13,False
6,1;31;43;52;61;63,48,16,17.33004,3.201326592,20.531366592,24.660792,20.0,44.660792,True,7,13,False
7,1;31;43;52;61;63;104,56,8,20.298408,3.234881024,23.533289024,12.347712,20.0,43.533289024,True,7,13,True
8,1;31;43;52;61;63;104;117,64,0,23.288616,3.268435456,26.557051456,0.0,20.0,46.557051456,True,7,13,False
0,,0,64,0.0,0.0,0.0,98.534592,20.0,118.534592,True,7,14,False
1,2,8,56,2.461056,3.033554432,5.494610432,86.22276,20.0,106.22276,True,7,14,False
2,2;19,16,48,5.406336,3.067108864,8.473444864,73.909992,20.0,93.909992,True,7,14,False
3,2;19;49,24,40,8.421504,3.100663296,11.522167296,61.597224,20.0,81.597224,True,7,14,False
4,2;19;49;66,32,32,11.37396,3.134217728,14.508177728,49.28508,20.0,69.28508,True,7,14,False
5,2;19;49;66;78,40,24,14.41128,3.16777216,17.57905216,36.972624,20.0,56.972624,True,7,14,False
6,2;19;49;66;78;92,48,16,17.33004,3.201326592,20.531366592,24.660792,20.0,44.660792,True,7,14,False
7,2;19;49;66;78;92;109,56,8,20.298408,3.234881024,23.533289024,12.347712,20.0,43.533289024,True,7,14,True
8,2;19;49;66;78;92;109;113,64,0,23.288616,3.268435456,26.557051456,0.0,20.0,46.557051456,True,7,14,False
0,,0,64,0.0,0.0,0.0,98.534592,20.0,118.534592,True,7,15,False
1,0,8,56,2.461056,3.033554432,5.494610432,86.22276,20.0,106.22276,True,7,15,False
2,0;26,16,48,5.406336,3.067108864,8.473444864,73.909992,20.0,93.909992,True,7,15,False
3,0;26;58,24,40,8.421504,3.100663296,11.522167296,61.597224,20.0,81.597224,True,7,15,False
4,0;26;58;79,32,32,11.37396,3.134217728,14.508177728,49.28508,20.0,69.28508,True,7,15,False
5,0;26;58;79;84,40,24,14.41128,3.16777216,17.57905216,36.972624,20.0,56.972624,True,7,15,False
6,0;26;58;79;84;122,48,16,17.33004,3.201326592,20.531366592,24.660792,20.0,44.660792,True,7,15,False
7,0;26;58;79;84;122;127,56,8,20.298408,3.234881024,23.533289024,12.347712,20.0,43.533289024,True,7,15,True
8,0;26;58;79;84;122;125;127,63,1,23.276448,3.264241152,26.540689152,1.591512,20.0,46.540689152,True,7,15,False
9,0;26;50;58;79;84;122;125;127,64,0,26.303784,3.268435456,29.572219456,0.0,20.0,49.572219456,True,7,15,False
0,,0,64,0.0,0.0,0.0,98.534592,20.0,118.534592,True,7,16,False
1,35,8,56,2.461056,3.033554432,5.494610432,86.22276,20.0,106.22276,True,7,16,False
2,35;42,16,48,5.406336,3.067108864,8.473444864,73.909992,20.0,93.909992,True,7,16,False
3,35;42;48,24,40,8.421504,3.100663296,11.522167296,61.597224,20.0,81.597224,True,7,16,False
4,35;42;48;82,32,32,11.37396,3.134217728,14.508177728,49.28508,20.0,69.28508,True,7,16,False
5,35;42;48;82;91,40,24,14.41128,3.16777216,17.57905216,36.972624,20.0,56.972624,True,7,16,False
6,35;42;48;82;91;97,48,16,17.33004,3.201326592,20.531366592,24.660792,20.0,44.660792,True,7,16,False
7,35;42;48;82;91;97;122,56,8,20.298408,3.234881024,23.533289024,12.347712,20.0,43.533289024,True,7,16,True
8,35;42;48;82;91;97;107;122,61,3,23.247432,3.255852544,26.503284544,4.670016,20.0,46.503284544,True,7,16,False
9,35;42;48;70;82;91;97;107;122,64,0,26.303784,3.268435456,29.572219456,0.0,20.0,49.572219456,True,7,16,False
0,,0,64,0.0,0.0,0.0,98.534592,20.0,118.534592,True,7,17,False
1,73,8,56,2.461056,3.033554432,5.494610432,86.22276,20.0,106.22276,True,7,17,False
2,73;80,16,48,5.406336,3.067108864,8.473444864,73.909992,20.0,93.909992,True,7,17,False
3,73;80;90,24,40,8.421504,3.100663296,11.522167296,61.597224,20.0,81.597224,True,7,17,False
4,73;80;90;118,32,32,11.37396,3.134217728,14.508177728,49.28508,20.0,69.28508,True,7,17,False
5,73;80;90;118;122,40,24,14.41128,3.16777216,17.57905216,36.972624,20.0,56.972624,True,7,17,False
6,73;80;90;118;122;123,48,16,17.33004,3.201326592,20.531366592,24.660792,20.0,44.660792,True,7,17,False
7,73;80;90;118;122;123;124,56,8,20.298408,3.234881024,23.533289024,12.347712,20.0,43.533289024,True,7,17,True
8,13;73;80;90;118;122;123;124,62,2,23.24868,3.260046848,26.508726848,3.112512,20.0,46.508726848,True,7,17,False
9,13;73;80;90;100;118;122;123;124,64,0,26.303784,3.268435456,29.572219456,0.0,20.0,49.572219456,True,7,17,False
0,,0,64,0.0,0.0,0.0,98.534592,20.0,118.534592,True,7,18,False
1,58,8,56,2.461056,3.033554432,5.494610432,86.22276,20.0,106.22276,True,7,18,False
2,58;74,16,48,5.406336,3.067108864,8.473444864,73.909992,20.0,93.909992,True,7,18,False
3,58;74;82,24,40,8.421504,3.100663296,11.522167296,61.597224,20.0,81.597224,True,7,18,False
4,58;74;82;87,32,32,11.37396,3.134217728,14.508177728,49.28508,20.0,69.28508,True,7,18,False
5,58;74;82;87;104,40,24,14.41128,3.16777216,17.57905216,36.972624,20.0,56.972624,True,7,18,False
6,58;74;82;87;104;112,48,16,17.33004,3.201326592,20.531366592,24.660792,20.0,44.660792,True,7,18,False
7,58;74;82;87;104;112;126,56,8,20.298408,3.234881024,23.533289024,12.347712,20.0,43.533289024,True,7,18,True
8,25;58;74;82;87;104;112;126,62,2,23.24868,3.260046848,26.508726848,3.112512,20.0,46.508726848,True,7,18,False
9,25;49;58;74;82;87;104;112;126,64,0,26.303784,3.268435456,29.572219456,0.0,20.0,49.572219456,True,7,18,False
0,,0,64,0.0,0.0,0.0,98.534592,20.0,118.534592,True,7,19,False
1,15,8,56,2.461056,3.033554432,5.494610432,86.22276,20.0,106.22276,True,7,19,False
2,15;24,16,48,5.406336,3.067108864,8.473444864,73.909992,20.0,93.909992,True,7,19,False
3,15;24;29,24,40,8.421504,3.100663296,11.522167296,61.597224,20.0,81.597224,True,7,19,False
4,15;24;29;52,32,32,11.37396,3.134217728,14.508177728,49.28508,20.0,69.28508,True,7,19,False
5,15;24;29;52;56,40,24,14.41128,3.16777216,17.57905216,36.972624,20.0,56.972624,True,7,19,False
6,15;24;29;52;56;63,48,16,17.33004,3.201326592,20.531366592,24.660792,20.0,44.660792,True,7,19,False
7,15;24;29;52;56;63;114,56,8,20.298408,3.234881024,23.533289024,12.347712,20.0,43.533289024,True,7,19,True
8,15;24;29;52;56;63;114;119,64,0,23.288616,3.268435456,26.557051456,0.0,20.0,46.557051456,True,7,19,False
0,,0,64,0.0,0.0,0.0,98.534592,20.0,118.534592,True,7,20,False
1,10,8,56,2.461056,3.033554432,5.494610432,86.22276,20.0,106.22276,True,7,20,False
2,10;48,16,48,5.406336,3.067108864,8.473444864,73.909992,20.0,93.909992,True,7,20,False
3,10;48;76,24,40,8.421504,3.100663296,11.522167296,61.597224,20.0,81.597224,True,7,20,False
4,10;48;76;85,32,32,11.37396,3.134217728,14.508177728,49.28508,20.0,69.28508,True,7,20,False
5,10;48;76;85;92,40,24,14.41128,3.16777216,17.57905216,36.972624,20.0,56.972624,True,7,20,False
6,10;48;76;85;92;114,48,16,17.33004,3.201326592,20.531366592,24.660792,20.0,44.660792,True,7,20,False
7,10;48;76;85;92;114;123,56,8,20.298408,3.234881024,23.533289024,12.347712,20.0,43.533289024,True,7,20,True
8,10;48;76;85;92;114;123;124,64,0,23.288616,3.268435456,26.557051456,0.0,20.0,46.557051456,True,7,20,False
0,,0,64,0.0,0.0,0.0,98.534592,20.0,118.534592,True,7,21,False
1,2,8,56,2.461056,3.033554432,5.494610432,86.22276,20.0,106.22276,True,7,21,False
2,2;8,16,48,5.406336,3.067108864,8.473444864,73.909992,20.0,93.909992,True,7,21,False
3,2;8;13,24,40,8.421504,3.100663296,11.522167296,61.597224,20.0,81.597224,True,7,21,False
4,2;8;13;34,32,32,11.37396,3.134217728,14.508177728,49.28508,20.0,69.28508,True,7,21,False
5,2;8;13;34;39,40,24,14.41128,3.16777216,17.57905216,36.972624,20.0,56.972624,True,7,21,False
6,2;8;13;34;39;51,48,16,17.33004,3.201326592,20.531366592,24.660792,20.0,44.660792,True,7,21,False
7,2;8;13;34;39;51;63,56,8,20.298408,3.234881024,23.533289024,12.347712,20.0,43.533289024,True,7,21,True
8,2;8;13;34;39;51;63;69,64,0,23.288616,3.268435456,26.557051456,0.0,20.0,46.557051456,True,7,21,False
0,,0,64,0.0,0.0,0.0,98.534592,20.0,118.534592,True,7,22,False
1,0,8,56,2.461056,3.033554432,5.494610432,86.22276,20.0,106.22276,True,7,22,False
2,0;1,16,48,5.406336,3.067108864,8.473444864,73.909992,20.0,93.909992,True,7,22,False
3,0;1;9,24,40,8.421504,3.100663296,11.522167296,61.597224,20.0,81.597224,True,7,22,False
4,0;1;9;12,32,32,11.37396,3.134217728,14.508177728,49.28508,20.0,69.28508,True,7,22,False
5,0;1;9;12;36,40,24,14.41128,3.16777216,17.57905216,36.972624,20.0,56.972624,True,7,22,False
6,0;1;9;12;36;48,48,16,17.33004,3.201326592,20.531366592,24.660792,20.0,44.660792,True,7,22,False
7,0;1;9;12;36;48;67,56,8,20.298408,3.234881024,23.533289024,12.347712,20.0,43.533289024,True,7,22,True
8,0;1;9;12;36;48;67;118,64,0,23.288616,3.268435456,26.557051456,0.0,20.0,46.557051456,True,7,22,False
0,,0,64,0.0,0.0,0.0,98.534592,20.0,118.534592,True,7,23,False
1,5,8,56,2.461056,3.033554432,5.494610432,86.22276,20.0,106.22276,True,7,23,False
2,5;15,16,48,5.406336,3.067108864,8.473444864,73.909992,20.0,93.909992,True,7,23,False
3,5;15;31,24,40,8.421504,3.100663296,11.522167296,61.597224,20.0,81.597224,True,7,23,False
4,5;15;31;75,32,32,11.37396,3.134217728,14.508177728,49.28508,20.0,69.28508,True,7,23,False
5,5;15;31;75;104,40,24,14.41128,3.16777216,17.57905216,36.972624,20.0,56.972624,True,7,23,False
6,5;15;31;75;104;117,48,16,17.33004,3.201326592,20.531366592,24.660792,20.0,44.660792,True,7,23,False
7,5;6;15;31;75;104;117,54,10,20.251296,3.226492416,23.477788416,15.426216,20.0,43.477788416,True,7,23,True
8,5;6;15;31;36;75;104;117,59,5,23.189712,3.247463936,26.437175936,7.747896,20.0,46.437175936,True,7,23,False
9,5;6;15;31;36;75;104;110;117,62,2,26.263848,3.260046848,29.523894848,3.112512,20.0,49.523894848,True,7,23,False
10,5;6;14;15;31;36;75;104;110;117,64,0,29.249064,3.268435456,32.517499456,0.0,20.0,52.517499456,True,7,23,False
0,,0,64,0.0,0.0,0.0,98.534592,20.0,118.534592,True,7,24,False
1,11,8,56,2.461056,3.033554432,5.494610432,86.22276,20.0,106.22276,True,7,24,False
2,11;18,16,48,5.406336,3.067108864,8.473444864,73.909992,20.0,93.909992,True,7,24,False
3,11;18;28,24,40,8.421504,3.100663296,11.522167296,61.597224,20.0,81.597224,True,7,24,False
4,11;18;28;37,32,32,11.37396,3.134217728,14.508177728,49.28508,20.0,69.28508,True,7,24,False
5,11;18;28;37;57,40,24,14.41128,3.16777216,17.57905216,36.972624,20.0,56.972624,True,7,24,False
6,11;18;28;37;57;59,48,16,17.33004,3.201326592,20.531366592,24.660792,20.0,44.660792,True,7,24,False
7,11;18;28;37;57;59;101,56,8,20.298408,3.234881024,23.533289024,12.347712,20.0,43.533289024,True,7,24,True
8,11;18;28;37;57;59;101;122,64,0,23.288616,3.268435456,26.557051456,0.0,20.0,46.557051456,True,7,24,False
0,,0,64,0.0,0.0,0.0,98.534592,20.0,118.534592,True,7,25,False
1,1,8,56,2.461056,3.033554432,5.494610432,86.22276,20.0,106.22276,True,7,25,False
2,1;13,16,48,5.406336,3.067108864,8.473444864,73.909992,20.0,93.909992,True,7,25,False
3,1;13;43,24,40,8.421504,3.100663296,11.522167296,61.597224,20.0,81.597224,True,7,25,False
4,1;13;43;52,32,32,11.37396,3.134217728,14.508177728,49.28508,20.0,69.28508,True,7,25,False
5,1;13;43;52;72,40,24,14.41128,3.16777216,17.57905216,36.972624,20.0,56.972624,True,7,25,False
6,1;13;43;52;72;108,48,16,17.33004,3.201326592,20.531366592,24.660792,20.0,44.660792,True,7,25,False
7,1;13;43;52;72;108;110,56,8,20.298408,3.234881024,23.533289024,12.347712,20.0,43.533289024,True,7,25,True
8,1;13;43;52;72;91;108;110,60,4,23.221536,3.25165824,26.47319424,6.190392,20.0,46.47319424,True,7,25,False
9,1;13;43;52;72;91;99;108;110,64,0,26.303784,3.268435456,29.572219456,0.0,20.0,49.572219456,True,7,25,False
0,,0,64,0.0,0.0,0.0,98.534592,20.0,118.534592,True,7,26,False
1,2,8,56,2.461056,3.033554432,5.494610432,86.22276,20.0,106.22276,True,7,26,False
2,2;19,16,48,5.406336,3.067108864,8.473444864,73.909992,20.0,93.909992,True,7,26,False
3,2;19;27,24,40,8.421504,3.100663296,11.522167296,61.597224,20.0,81.597224,True,7,26,False
4,2;19;27;29,32,32,11.37396,3.134217728,14.508177728,49.28508,20.0,69.28508,True,7,26,False
5,2;19;27;29;49,40,24,14.41128,3.16777216,17.57905216,36.972624,20.0,56.972624,True,7,26,False
6,2;19;27;29;49;59,48,16,17.33004,3.201326592,20.531366592,24.660792,20.0,44.660792,True,7,26,False
7,2;19;27;29;49;59;78,56,8,20.298408,3.234881024,23.533289024,12.347712,20.0,43.533289024,True,7,26,True
8,2;19;27;29;49;59;78;113,64,0,23.288616,3.268435456,26.557051456,0.0,20.0,46.557051456,True,7,26,False
0,,0,64,0.0,0.0,0.0,98.534592,20.0,118.534592,True,7,27,False
1,0,8,56,2.461056,3.033554432,5.494610432,86.22276,20.0,106.22276,True,7,27,False
2,0;15,16,48,5.406336,3.067108864,8.473444864,73.909992,20.0,93.909992,True,7,27,False
3,0;15;26,24,40,8.421504,3.100663296,11.522167296,61.597224,20.0,81.597224,True,7,27,False
4,0;15;26;33,32,32,11.37396,3.134217728,14.508177728,49.28508,20.0,69.28508,True,7,27,False
5,0;15;26;33;63,40,24,14.41128,3.16777216,17.57905216,36.972624,20.0,56.972624,True,7,27,False
6,0;15;26;33;63;79,48,16,17.33004,3.201326592,20.531366592,24.660792,20.0,44.660792,True,7,27,False
7,0;15;26;33;63;79;84,56,8,20.298408,3.234881024,23.533289024,12.347712,20.0,43.533289024,True,7,27,True
8,0;15;26;33;63;79;84;111,64,0,23.288616,3.268435456,26.557051456,0.0,20.0,46.557051456,True,7,27,False
0,,0,64,0.0,0.0,0.0,98.534592,20.0,118.534592,True,7,28,False
1,10,8,56,2.461056,3.033554432,5.494610432,86.22276,20.0,106.22276,True,7,28,False
2,10;42,16,48,5.406336,3.067108864,8.473444864,73.909992,20.0,93.909992,True,7,28,False
3,10;42;70,24,40,8.421504,3.100663296,11.522167296,61.597224,20.0,81.597224,True,7,28,False
4,10;42;70;82,32,32,11.37396,3.134217728,14.508177728,49.28508,20.0,69.28508,True,7,28,False
5,10;42;70;82;91,40,24,14.41128,3.16777216,17.57905216,36.972624,20.0,56.972624,True,7,28,False
6,10;42;70;82;91;98,48,16,17.33004,3.201326592,20.531366592,24.660792,20.0,44.660792,True,7,28,False
7,10;42;70;82;91;98;122,56,8,20.298408,3.234881024,23.533289024,12.347712,20.0,43.533289024,True,7,28,True
8,10;42;70;82;91;98;109;122,61,3,23.247432,3.255852544,26.503284544,4.670016,20.0,46.503284544,True,7,28,False
9,10;42;53;70;82;91;98;109;122,64,0,26.303784,3.268435456,29.572219456,0.0,20.0,49.572219456,True,7,28,False
0,,0,64,0.0,0.0,0.0,98.534592,20.0,118.534592,True,7,29,False
1,3,8,56,2.461056,3.033554432,5.494610432,86.22276,20.0,106.22276,True,7,29,False
2,3;13,16,48,5.406336,3.067108864,8.473444864,73.909992,20.0,93.909992,True,7,29,False
3,3;13;51,24,40,8.421504,3.100663296,11.522167296,61.597224,20.0,81.597224,True,7,29,False
4,3;13;51;54,32,32,11.37396,3.134217728,14.508177728,49.28508,20.0,69.28508,True,7,29,False
5,3;13;51;54;105,40,24,14.41128,3.16777216,17.57905216,36.972624,20.0,56.972624,True,7,29,False
6,3;13;51;54;105;120,48,16,17.33004,3.201326592,20.531366592,24.660792,20.0,44.660792,True,7,29,False
7,3;13;51;54;105;120;124,56,8,20.298408,3.234881024,23.533289024,12.347712,20.0,43.533289024,True,7,29,True
8,3;13;37;51;54;105;120;124,60,4,23.221536,3.25165824,26.47319424,6.190392,20.0,46.47319424,True,7,29,False
9,3;13;37;40;51;54;105;120;124,64,0,26.303784,3.268435456,29.572219456,0.0,20.0,49.572219456,True,7,29,False
0,,0,64,0.0,0.0,0.0,98.534592,20.0,118.534592,True,7,30,False
1,6,8,56,2.461056,3.033554432,5.494610432,86.22276,20.0,106.22276,True,7,30,False
2,6;48,16,48,5.406336,3.067108864,8.473444864,73.909992,20.0,93.909992,True,7,30,False
3,6;48;58,24,40,8.421504,3.100663296,11.522167296,61.597224,20.0,81.597224,True,7,30,False
4,6;48;58;82,32,32,11.37396,3.134217728,14.508177728,49.28508,20.0,69.28508,True,7,30,False
5,6;48;58;82;93,40,24,14.41128,3.16777216,17.57905216,36.972624,20.0,56.972624,True,7,30,False
6,6;48;58;82;93;94,48,16,17.33004,3.201326592,20.531366592,24.660792,20.0,44.660792,True,7,30,False
7,6;48;58;82;93;94;98,56,8,20.298408,3.234881024,23.533289024,12.347712,20.0,43.533289024,True,7,30,True
8,6;18;48;58;82;93;94;98,60,4,23.221536,3.25165824,26.47319424,6.190392,20.0,46.47319424,True,7,30,False
9,6;18;25;48;58;82;93;94;98,64,0,26.303784,3.268435456,29.572219456,0.0,20.0,49.572219456,True,7,30,False
0,,0,64,0.0,0.0,0.0,98.534592,20.0,118.534592,True,7,31,False
1,24,8,56,2.461056,3.033554432,5.494610432,86.22276,20.0,106.22276,True,7,31,False
2,24;29,16,48,5.406336,3.067108864,8.473444864,73.909992,20.0,93.909992,True,7,31,False
3,24;29;38,24,40,8.421504,3.100663296,11.522167296,61.597224,20.0,81.597224,True,7,31,False
4,24;29;38;41,32,32,11.37396,3.134217728,14.508177728,49.28508,20.0,69.28508,True,7,31,False
5,24;29;38;41;47,40,24,14.41128,3.16777216,17.57905216,36.972624,20.0,56.972624,True,7,31,False
6,24;29;38;41;47;87,48,16,17.33004,3.201326592,20.531366592,24.660792,20.0,44.660792,True,7,31,False
7,24;29;38;41;47;87;114,56,8,20.298408,3.234881024,23.533289024,12.347712,20.0,43.533289024,True,7,31,True
8,24;29;38;41;47;56;87;114,61,3,23.247432,3.255852544,26.503284544,4.670016,20.0,46.503284544,True,7,31,False
9,24;29;38;41;47;56;87;114;115,64,0,26.303784,3.268435456,29.572219456,0.0,20.0,49.572219456,True,7,31,False
0,,0,64,0.0,0.0,0.0,98.534592,20.0,118.534592,True,7,32,False
1,10,8,56,2.461056,3.033554432,5.494610432,86.22276,20.0,106.22276,True,7,32,False
2,10;48,16,48,5.406336,3.067108864,8.473444864,73.909992,20.0,93.909992,True,7,32,False
3,10;48;50,24,40,8.421504,3.100663296,11.522167296,61.597224,20.0,81.597224,True,7,32,False
4,10;48;50;85,32,32,11.37396,3.134217728,14.508177728,49.28508,20.0,69.28508,True,7,32,False
5,10;48;50;85;92,40,24,14.41128,3.16777216,17.57905216,36.972624,20.0,56.972624,True,7,32,False
6,10;48;50;85;92;123,47,17,17.347512,3.197132288,20.544644288,26.217672,20.0,46.217672,True,7,32,False
7,10;48;50;78;85;92;123,52,12,20.30028,3.218103808,23.518383808,18.503784,20.0,43.518383808,True,7,32,True
8,10;48;50;51;78;85;92;123,56,8,23.225904,3.234881024,26.460785024,12.347712,20.0,46.460785024,True,7,32,False
9,10;48;50;51;78;85;92;108;123,59,5,26.20488,3.247463936,29.452343936,7.747896,20.0,49.452343936,True,7,32,False
10,10;48;50;51;78;85;92;108;123;124,62,2,29.209128,3.260046848,32.469174848,3.112512,20.0,52.469174848,True,7,32,False
11,10;48;50;51;76;78;85;92;108;123;124,64,0,32.264232,3.268435456,35.532667456,0.0,20.0,55.532667456,True,7,32,False
0,,0,64,0.0,0.0,0.0,98.534592,20.0,118.534592,True,7,33,False
1,4,8,56,2.461056,3.033554432,5.494610432,86.22276,20.0,106.22276,True,7,33,False
2,4;15,16,48,5.406336,3.067108864,8.473444864,73.909992,20.0,93.909992,True,7,33,False
3,4;15;34,24,40,8.421504,3.100663296,11.522167296,61.597224,20.0,81.597224,True,7,33,False
4,4;15;34;39,32,32,11.37396,3.134217728,14.508177728,49.28508,20.0,69.28508,True,7,33,False
5,4;15;34;39;51,40,24,14.41128,3.16777216,17.57905216,36.972624,20.0,56.972624,True,7,33,False
6,4;15;34;39;51;63,48,16,17.33004,3.201326592,20.531366592,24.660792,20.0,44.660792,True,7,33,False
7,4;15;34;39;51;63;67,56,8,20.298408,3.234881024,23.533289024,12.347712,20.0,43.533289024,True,7,33,True
8,4;13;15;34;39;51;63;67,63,1,23.276448,3.264241152,26.540689152,1.591512,20.0,46.540689152,True,7,33,False
9,4;13;15;34;39;51;63;67;115,64,0,26.303784,3.268435456,29.572219456,0.0,20.0,49.572219456,True,7,33,False
0,,0,64,0.0,0.0,0.0,98.534592,20.0,118.534592,True,7,34,False
1,1,8,56,2.461056,3.033554432,5.494610432,86.22276,20.0,106.22276,True,7,34,False
2,1;9,16,48,5.406336,3.067108864,8.473444864,73.909992,20.0,93.909992,True,7,34,False
3,1;9;22,24,40,8.421504,3.100663296,11.522167296,61.597224,20.0,81.597224,True,7,34,False
4,1;9;22;67,32,32,11.37396,3.134217728,14.508177728,49.28508,20.0,69.28508,True,7,34,False
5,1;9;22;67;81,40,24,14.41128,3.16777216,17.57905216,36.972624,20.0,56.972624,True,7,34,False
6,1;9;22;67;81;92,48,16,17.33004,3.201326592,20.531366592,24.660792,20.0,44.660792,True,7,34,False
7,1;9;22;67;81;92;118,56,8,20.298408,3.234881024,23.533289024,12.347712,20.0,43.533289024,True,7,34,True
8,0;1;9;22;67;81;92;118,61,3,23.247432,3.255852544,26.503284544,4.670016,20.0,46.503284544,True,7,34,False
9,0;1;9;22;67;81;84;92;118,64,0,26.303784,3.268435456,29.572219456,0.0,20.0,49.572219456,True,7,34,False
0,,0,64,0.0,0.0,0.0,98.534592,20.0,118.534592,True,7,35,False
1,5,8,56,2.461056,3.033554432,5.494610432,86.22276,20.0,106.22276,True,7,35,False
2,5;6,16,48,5.406336,3.067108864,8.473444864,73.909992,20.0,93.909992,True,7,35,False
3,5;6;15,24,40,8.421504,3.100663296,11.522167296,61.597224,20.0,81.597224,True,7,35,False
4,5;6;15;75,32,32,11.37396,3.134217728,14.508177728,49.28508,20.0,69.28508,True,7,35,False
5,5;6;15;75;77,40,24,14.41128,3.16777216,17.57905216,36.972624,20.0,56.972624,True,7,35,False
6,5;6;15;75;77;104,48,16,17.33004,3.201326592,20.531366592,24.660792,20.0,44.660792,True,7,35,False
7,5;6;15;75;77;104;110,56,8,20.298408,3.234881024,23.533289024,12.347712,20.0,43.533289024,True,7,35,True
8,5;6;15;51;75;77;104;110,63,1,23.276448,3.264241152,26.540689152,1.591512,20.0,46.540689152,True,7,35,False
9,5;6;15;31;51;75;77;104;110,64,0,26.303784,3.268435456,29.572219456,0.0,20.0,49.572219456,True,7,35,False
0,,0,64,0.0,0.0,0.0,98.534592,20.0,118.534592,True,7,36,False
1,18,8,56,2.461056,3.033554432,5.494610432,86.22276,20.0,106.22276,True,7,36,False
2,18;28,16,48,5.406336,3.067108864,8.473444864,73.909992,20.0,93.909992,True,7,36,False
3,18;28;57,24,40,8.421504,3.100663296,11.522167296,61.597224,20.0,81.597224,True,7,36,False
4,18;28;57;59,32,32,11.37396,3.134217728,14.508177728,49.28508,20.0,69.28508,True,7,36,False
5,18;28;57;59;62,40,24,14.41128,3.16777216,17.57905216,36.972624,20.0,56.972624,True,7,36,False
6,18;28;57;59;62;101,48,16,17.33004,3.201326592,20.531366592,24.660792,20.0,44.660792,True,7,36,False
7,18;28;57;59;62;101;122,56,8,20.298408,3.234881024,23.533289024,12.347712,20.0,43.533289024,True,7,36,True
8,11;18;28;57;59;62;101;122,61,3,23.247432,3.255852544,26.503284544,4.670016,20.0,46.503284544,True,7,36,False
9,11;18;28;37;57;59;62;101;122,64,0,26.303784,3.268435456,29.572219456,0.0,20.0,49.572219456,True,7,36,False
0,,0,64,0.0,0.0,0.0,98.534592,20.0,118.534592,True,7,37,False
1,1,8,56,2.461056,3.033554432,5.494610432,86.22276,20.0,106.22276,True,7,37,False
2,1;13,16,48,5.406336,3.067108864,8.473444864,73.909992,20.0,93.909992,True,7,37,False
3,1;13;27,24,40,8.421504,3.100663296,11.522167296,61.597224,20.0,81.597224,True,7,37,False
4,1;13;27;43,32,32,11.37396,3.134217728,14.508177728,49.28508,20.0,69.28508,True,7,37,False
5,1;13;27;43;86,40,24,14.41128,3.16777216,17.57905216,36.972624,20.0,56.972624,True,7,37,False
6,1;13;27;43;86;91,48,16,17.33004,3.201326592,20.531366592,24.660792,20.0,44.660792,True,7,37,False
7,1;13;27;43;86;91;110,56,8,20.298408,3.234881024,23.533289024,12.347712,20.0,43.533289024,True,7,37,True
8,1;13;27;43;52;86;91;110,61,3,23.247432,3.255852544,26.503284544,4.670016,20.0,46.503284544,True,7,37,False
9,1;13;27;43;52;61;86;91;110,62,2,26.263848,3.260046848,29.523894848,3.112512,20.0,49.523894848,True,7,37,False
10,1;13;27;43;52;61;72;86;91;110,63,1,29.236896,3.264241152,32.501137152,1.591512,20.0,52.501137152,True,7,37,False
11,1;13;27;43;52;61;72;86;91;97;110,64,0,32.264232,3.268435456,35.532667456,0.0,20.0,55.532667456,True,7,37,False
0,,0,64,0.0,0.0,0.0,98.534592,20.0,118.534592,True,7,38,False
1,2,8,56,2.461056,3.033554432,5.494610432,86.22276,20.0,106.22276,True,7,38,False
2,2;19,16,48,5.406336,3.067108864,8.473444864,73.909992,20.0,93.909992,True,7,38,False
3,2;19;26,24,40,8.421504,3.100663296,11.522167296,61.597224,20.0,81.597224,True,7,38,False
4,2;19;26;27,32,32,11.37396,3.134217728,14.508177728,49.28508,20.0,69.28508,True,7,38,False
5,2;19;26;27;49,40,24,14.41128,3.16777216,17.57905216,36.972624,20.0,56.972624,True,7,38,False
6,2;19;26;27;49;78,48,16,17.33004,3.201326592,20.531366592,24.660792,20.0,44.660792,True,7,38,False
7,2;19;26;27;49;78;92,56,8,20.298408,3.234881024,23.533289024,12.347712,20.0,43.533289024,True,7,38,True
8,2;19;26;27;49;78;92;113,64,0,23.288616,3.268435456,26.557051456,0.0,20.0,46.557051456,True,7,38,False
0,,0,64,0.0,0.0,0.0,98.534592,20.0,118.534592,True,7,39,False
1,0,8,56,2.461056,3.033554432,5.494610432,86.22276,20.0,106.22276,True,7,39,False
2,0;14,16,48,5.406336,3.067108864,8.473444864,73.909992,20.0,93.909992,True,7,39,False
3,0;14;25,24,40,8.421504,3.100663296,11.522167296,61.597224,20.0,81.597224,True,7,39,False
4,0;14;25;26,32,32,11.37396,3.134217728,14.508177728,49.28508,20.0,69.28508,True,7,39,False
5,0;14;25;26;48,40,24,14.41128,3.16777216,17.57905216,36.972624,20.0,56.972624,True,7,39,False
6,0;14;25;26;48;63,48,16,17.33004,3.201326592,20.531366592,24.660792,20.0,44.660792,True,7,39,False
7,0;14;25;26;48;63;84,56,8,20.298408,3.234881024,23.533289024,12.347712,20.0,43.533289024,True,7,39,True
8,0;14;25;26;48;50;63;84,59,5,23.189712,3.247463936,26.437175936,7.747896,20.0,46.437175936,True,7,39,False
9,0;14;25;26;48;50;51;63;84,62,2,26.263848,3.260046848,29.523894848,3.112512,20.0,49.523894848,True,7,39,False
10,0;14;16;25;26;48;50;51;63;84,64,0,29.249064,3.268435456,32.517499456,0.0,20.0,52.517499456,True,7,39,False
0,,0,64,0.0,0.0,0.0,98.534592,20.0,118.534592,True,7,40,False
1,28,8,56,2.461056,3.033554432,5.494610432,86.22276,20.0,106.22276,True,7,40,False
2,28;35,16,48,5.406336,3.067108864,8.473444864,73.909992,20.0,93.909992,True,7,40,False
3,28;35;49,24,40,8.421504,3.100663296,11.522167296,61.597224,20.0,81.597224,True,7,40,False
4,28;35;49;82,32,32,11.37396,3.134217728,14.508177728,49.28508,20.0,69.28508,True,7,40,False
5,28;35;49;82;98,40,24,14.41128,3.16777216,17.57905216,36.972624,20.0,56.972624,True,7,40,False
6,28;35;49;82;98;116,48,16,17.33004,3.201326592,20.531366592,24.660792,20.0,44.660792,True,7,40,False
7,28;35;49;82;98;116;122,56,8,20.298408,3.234881024,23.533289024,12.347712,20.0,43.533289024,True,7,40,True
8,19;28;35;49;82;98;116;122,62,2,23.24868,3.260046848,26.508726848,3.112512,20.0,46.508726848,True,7,40,False
9,19;28;35;49;82;98;109;116;122,64,0,26.303784,3.268435456,29.572219456,0.0,20.0,49.572219456,True,7,40,False
0,,0,64,0.0,0.0,0.0,98.534592,20.0,118.534592,True,7,41,False
1,6,8,56,2.461056,3.033554432,5.494610432,86.22276,20.0,106.22276,True,7,41,False
2,6;37,16,48,5.406336,3.067108864,8.473444864,73.909992,20.0,93.909992,True,7,41,False
3,6;37;54,24,40,8.421504,3.100663296,11.522167296,61.597224,20.0,81.597224,True,7,41,False
4,6;37;54;99,32,32,11.37396,3.134217728,14.508177728,49.28508,20.0,69.28508,True,7,41,False
5,6;37;54;99;116,40,24,14.41128,3.16777216,17.57905216,36.972624,20.0,56.972624,True,7,41,False
6,6;37;54;99;116;118,48,16,17.33004,3.201326592,20.531366592,24.660792,20.0,44.660792,True,7,41,False
7,6;37;54;99;116;118;123,56,8,20.298408,3.234881024,23.533289024,12.347712,20.0,43.533289024,True,7,41,True
8,6;37;54;99;116;118;123;124,64,0,23.288616,3.268435456,26.557051456,0.0,20.0,46.557051456,True,7,41,False
0,,0,64,0.0,0.0,0.0,98.534592,20.0,118.534592,True,7,42,False
1,4,8,56,2.461056,3.033554432,5.494610432,86.22276,20.0,106.22276,True,7,42,False
2,4;30,16,48,5.406336,3.067108864,8.473444864,73.909992,20.0,93.909992,True,7,42,False
3,4;30;33,24,40,8.421504,3.100663296,11.522167296,61.597224,20.0,81.597224,True,7,42,False
4,4;30;33;66,32,32,11.37396,3.134217728,14.508177728,49.28508,20.0,69.28508,True,7,42,False
5,4;30;33;66;70,40,24,14.41128,3.16777216,17.57905216,36.972624,20.0,56.972624,True,7,42,False
6,4;30;33;66;70;106,48,16,17.33004,3.201326592,20.531366592,24.660792,20.0,44.660792,True,7,42,False
7,4;30;33;66;70;106;116,56,8,20.298408,3.234881024,23.533289024,12.347712,20.0,43.533289024,True,7,42,True
8,4;30;33;66;70;84;106;116,60,4,23.221536,3.25165824,26.47319424,6.190392,20.0,46.47319424,True,7,42,False
9,4;30;33;66;70;71;84;106;116,63,1,26.291616,3.264241152,29.555857152,1.591512,20.0,49.555857152,True,7,42,False
10,4;30;33;66;70;71;76;84;106;116,64,0,29.249064,3.268435456,32.517499456,0.0,20.0,52.517499456,True,7,42,False
0,,0,64,0.0,0.0,0.0,98.534592,20.0,118.534592,True,7,43,False
1,41,8,56,2.461056,3.033554432,5.494610432,86.22276,20.0,106.22276,True,7,43,False
2,41;45,16,48,5.406336,3.067108864,8.473444864,73.909992,20.0,93.909992,True,7,43,False
3,41;45;61,24,40,8.421504,3.100663296,11.522167296,61.597224,20.0,81.597224,True,7,43,False
4,41;45;61;69,32,32,11.37396,3.134217728,14.508177728,49.28508,20.0,69.28508,True,7,43,False
5,41;45;61;69;86,40,24,14.41128,3.16777216,17.57905216,36.972624,20.0,56.972624,True,7,43,False
6,41;45;61;69;86;111,48,16,17.33004,3.201326592,20.531366592,24.660792,20.0,44.660792,True,7,43,False
7,41;45;61;69;86;111;119,56,8,20.298408,3.234881024,23.533289024,12.347712,20.0,43.533289024,True,7,43,True
8,41;45;61;69;86;106;111;119,61,3,23.247432,3.255852544,26.503284544,4.670016,20.0,46.503284544,True,7,43,False
9,41;45;61;69;85;86;106;111;119,64,0,26.303784,3.268435456,29.572219456,0.0,20.0,49.572219456,True,7,43,False
0,,0,64,0.0,0.0,0.0,98.534592,20.0,118.534592,True,7,44,False
1,24,8,56,2.461056,3.033554432,5.494610432,86.22276,20.0,106.22276,True,7,44,False
2,24;42,16,48,5.406336,3.067108864,8.473444864,73.909992,20.0,93.909992,True,7,44,False
3,24;42;49,24,40,8.421504,3.100663296,11.522167296,61.597224,20.0,81.597224,True,7,44,False
4,24;42;49;62,32,32,11.37396,3.134217728,14.508177728,49.28508,20.0,69.28508,True,7,44,False
5,24;42;49;62;79,40,24,14.41128,3.16777216,17.57905216,36.972624,20.0,56.972624,True,7,44,False
6,24;42;49;62;79;82,48,16,17.33004,3.201326592,20.531366592,24.660792,20.0,44.660792,True,7,44,False
7,24;42;49;62;79;82;96,56,8,20.298408,3.234881024,23.533289024,12.347712,20.0,43.533289024,True,7,44,True
8,24;42;49;62;79;82;96;103,64,0,23.288616,3.268435456,26.557051456,0.0,20.0,46.557051456,True,7,44,False
0,,0,64,0.0,0.0,0.0,98.534592,20.0,118.534592,True,7,45,False
1,1,8,56,2.461056,3.033554432,5.494610432,86.22276,20.0,106.22276,True,7,45,False
2,1;3,16,48,5.406336,3.067108864,8.473444864,73.909992,20.0,93.909992,True,7,45,False
3,1;3;43,24,40,8.421504,3.100663296,11.522167296,61.597224,20.0,81.597224,True,7,45,False
4,1;3;43;48,32,32,11.37396,3.134217728,14.508177728,49.28508,20.0,69.28508,True,7,45,False
5,1;3;43;48;51,40,24,14.41128,3.16777216,17.57905216,36.972624,20.0,56.972624,True,7,45,False
6,1;3;43;48;51;67,48,16,17.33004,3.201326592,20.531366592,24.660792,20.0,44.660792,True,7,45,False
7,1;3;43;48;51;67;88,56,8,20.298408,3.234881024,23.533289024,12.347712,20.0,43.533289024,True,7,45,True
8,1;3;34;43;48;51;67;88,62,2,23.24868,3.260046848,26.508726848,3.112512,20.0,46.508726848,True,7,45,False
9,1;3;7;34;43;48;51;67;88,63,1,26.291616,3.264241152,29.555857152,1.591512,20.0,49.555857152,True,7,45,False
10,1;3;7;34;43;48;51;60;67;88,64,0,29.249064,3.268435456,32.517499456,0.0,20.0,52.517499456,True,7,45,False
0,,0,64,0.0,0.0,0.0,98.534592,20.0,118.534592,True,7,46,False
1,4,8,56,2.461056,3.033554432,5.494610432,86.22276,20.0,106.22276,True,7,46,False
2,4;26,16,48,5.406336,3.067108864,8.473444864,73.909992,20.0,93.909992,True,7,46,False
3,4;26;33,24,40,8.421504,3.100663296,11.522167296,61.597224,20.0,81.597224,True,7,46,False
4,4;26;33;54,32,32,11.37396,3.134217728,14.508177728,49.28508,20.0,69.28508,True,7,46,False
5,4;26;33;54;79,40,24,14.41128,3.16777216,17.57905216,36.972624,20.0,56.972624,True,7,46,False
6,4;26;33;54;79;102,48,16,17.33004,3.201326592,20.531366592,24.660792,20.0,44.660792,True,7,46,False
7,4;26;33;54;79;102;107,56,8,20.298408,3.234881024,23.533289024,12.347712,20.0,43.533289024,True,7,46,True
8,4;13;26;33;54;79;102;107,62,2,23.24868,3.260046848,26.508726848,3.112512,20.0,46.508726848,True,7,46,False
9,4;13;26;33;40;54;79;102;107,64,0,26.303784,3.268435456,29.572219456,0.0,20.0,49.572219456,True,7,46,False
0,,0,64,0.0,0.0,0.0,98.534592,20.0,118.534592,True,7,47,False
1,0,8,56,2.461056,3.033554432,5.494610432,86.22276,20.0,106.22276,True,7,47,False
2,0;17,16,48,5.406336,3.067108864,8.473444864,73.909992,20.0,93.909992,True,7,47,False
3,0;17;23,24,40,8.421504,3.100663296,11.522167296,61.597224,20.0,81.597224,True,7,47,False
4,0;17;23;39,32,32,11.37396,3.134217728,14.508177728,49.28508,20.0,69.28508,True,7,47,False
5,0;17;23;39;42,40,24,14.41128,3.16777216,17.57905216,36.972624,20.0,56.972624,True,7,47,False
6,0;17;23;39;42;80,48,16,17.33004,3.201326592,20.531366592,24.660792,20.0,44.660792,True,7,47,False
7,0;17;23;39;42;80;119,56,8,20.298408,3.234881024,23.533289024,12.347712,20.0,43.533289024,True,7,47,True
8,0;17;23;39;42;80;106;119,63,1,23.276448,3.264241152,26.540689152,1.591512,20.0,46.540689152,True,7,47,False
9,0;17;23;39;42;80;96;106;119,64,0,26.303784,3.268435456,29.572219456,0.0,20.0,49.572219456,True,7,47,False
