step,layer,name,category,resources,dependencies,start_us,duration_us,end_us,blocking_event,description
0,0,step0.layer0.norm1,norm,GPU_COMPUTE,,0.000000000,1.008192000,1.008192000,,RMSNorm
0,0,step0.layer0.qkv,qkv,GPU_COMPUTE,step0.layer0.norm1,1.008192000,3.635776000,4.643968000,step0.layer0.norm1,QKV projection
0,0,step0.layer0.rope,rope,GPU_COMPUTE,step0.layer0.qkv,4.643968000,1.018432000,5.662400000,step0.layer0.qkv,QK norm and RoPE
0,0,step0.layer0.attention,attention,PIM_COMPUTE,step0.layer0.rope,5.662400000,17.577216000,23.239616000,step0.layer0.rope,decode attention on PIM
0,0,step0.layer0.o_proj,attention_output,GPU_COMPUTE,step0.layer0.attention,23.239616000,3.109440000,26.349056000,step0.layer0.attention,attention output projection
0,0,step0.layer0.residual1,residual,GPU_COMPUTE,step0.layer0.o_proj,26.349056000,1.012288000,27.361344000,step0.layer0.o_proj,residual add
0,0,step0.layer0.norm2,norm,GPU_COMPUTE,step0.layer0.residual1,27.361344000,1.008192000,28.369536000,step0.layer0.residual1,RMSNorm
0,0,step0.layer0.router,router,GPU_COMPUTE,step0.layer0.norm2,28.369536000,2.069888000,30.439424000,step0.layer0.norm2,MoE router
0,0,step0.layer0.metadata,metadata,GPU_COMPUTE,step0.layer0.router,30.439424000,1.000128000,31.439552000,step0.layer0.router,routing metadata
0,0,step0.layer0.dispatch,dispatch,,step0.layer0.metadata,31.439552000,0.000000000,31.439552000,step0.layer0.metadata,single-GPU dispatch placeholder
0,0,step0.layer0.scheduler,scheduler,GPU_COMPUTE,step0.layer0.metadata,31.439552000,0.000000000,31.439552000,step0.layer0.metadata,allexp placement policy
0,0,step0.layer0.gpu_weight_load,gpu_weight_load,HBM_MEM_PATH,step0.layer0.scheduler,31.439552000,0.000000000,31.439552000,step0.layer0.scheduler,expert weights HBM to GPU
0,0,step0.layer0.gpu_expert_compute,gpu_expert,GPU_COMPUTE,step0.layer0.gpu_weight_load;step0.layer0.dispatch,31.439552000,0.000000000,31.439552000,step0.layer0.scheduler,grouped expert GEMM
0,0,step0.layer0.pim_gwrite,pim_write,GPU_PIM_IO,step0.layer0.scheduler;step0.layer0.dispatch,31.439552000,0.082768000,31.522320000,step0.layer0.scheduler,PIM_GWRITE token operands
0,0,step0.layer0.pim_expert_compute,pim_expert,PIM_COMPUTE,step0.layer0.pim_gwrite,31.522320000,85.097472000,116.619792000,step0.layer0.pim_gwrite,serialized PIM expert GEMV
0,0,step0.layer0.pim_read,pim_read,GPU_PIM_IO,step0.layer0.pim_expert_compute,116.619792000,0.082768000,116.702560000,step0.layer0.pim_expert_compute,PIM expert result read
0,0,step0.layer0.combine,combine,GPU_COMPUTE,step0.layer0.gpu_expert_compute;step0.layer0.pim_read,116.702560000,1.036864000,117.739424000,step0.layer0.pim_read,weighted expert combine
0,0,step0.layer0.residual2,residual,GPU_COMPUTE,step0.layer0.combine,117.739424000,1.012288000,118.751712000,step0.layer0.combine,residual add
0,1,step0.layer1.norm1,norm,GPU_COMPUTE,step0.layer0.residual2,118.751712000,1.008192000,119.759904000,step0.layer0.residual2,RMSNorm
0,1,step0.layer1.qkv,qkv,GPU_COMPUTE,step0.layer1.norm1,119.759904000,3.635776000,123.395680000,step0.layer1.norm1,QKV projection
0,1,step0.layer1.rope,rope,GPU_COMPUTE,step0.layer1.qkv,123.395680000,1.018432000,124.414112000,step0.layer1.qkv,QK norm and RoPE
0,1,step0.layer1.attention,attention,PIM_COMPUTE,step0.layer1.rope,124.414112000,17.577216000,141.991328000,step0.layer1.rope,decode attention on PIM
0,1,step0.layer1.o_proj,attention_output,GPU_COMPUTE,step0.layer1.attention,141.991328000,3.109440000,145.100768000,step0.layer1.attention,attention output projection
0,1,step0.layer1.residual1,residual,GPU_COMPUTE,step0.layer1.o_proj,145.100768000,1.012288000,146.113056000,step0.layer1.o_proj,residual add
0,1,step0.layer1.norm2,norm,GPU_COMPUTE,step0.layer1.residual1,146.113056000,1.008192000,147.121248000,step0.layer1.residual1,RMSNorm
0,1,step0.layer1.router,router,GPU_COMPUTE,step0.layer1.norm2,147.121248000,2.069888000,149.191136000,step0.layer1.norm2,MoE router
0,1,step0.layer1.metadata,metadata,GPU_COMPUTE,step0.layer1.router,149.191136000,1.000128000,150.191264000,step0.layer1.router,routing metadata
0,1,step0.layer1.dispatch,dispatch,,step0.layer1.metadata,150.191264000,0.000000000,150.191264000,step0.layer1.metadata,single-GPU dispatch placeholder
0,1,step0.layer1.scheduler,scheduler,GPU_COMPUTE,step0.layer1.metadata,150.191264000,0.000000000,150.191264000,step0.layer1.metadata,allexp placement policy
0,1,step0.layer1.gpu_weight_load,gpu_weight_load,HBM_MEM_PATH,step0.layer1.scheduler,150.191264000,0.000000000,150.191264000,step0.layer1.scheduler,expert weights HBM to GPU
0,1,step0.layer1.gpu_expert_compute,gpu_expert,GPU_COMPUTE,step0.layer1.gpu_weight_load;step0.layer1.dispatch,150.191264000,0.000000000,150.191264000,step0.layer1.scheduler,grouped expert GEMM
0,1,step0.layer1.pim_gwrite,pim_write,GPU_PIM_IO,step0.layer1.scheduler;step0.layer1.dispatch,150.191264000,0.082768000,150.274032000,step0.layer1.scheduler,PIM_GWRITE token operands
0,1,step0.layer1.pim_expert_compute,pim_expert,PIM_COMPUTE,step0.layer1.pim_gwrite,150.274032000,85.097472000,235.371504000,step0.layer1.pim_gwrite,serialized PIM expert GEMV
0,1,step0.layer1.pim_read,pim_read,GPU_PIM_IO,step0.layer1.pim_expert_compute,235.371504000,0.082768000,235.454272000,step0.layer1.pim_expert_compute,PIM expert result read
0,1,step0.layer1.combine,combine,GPU_COMPUTE,step0.layer1.gpu_expert_compute;step0.layer1.pim_read,235.454272000,1.036864000,236.491136000,step0.layer1.pim_read,weighted expert combine
0,1,step0.layer1.residual2,residual,GPU_COMPUTE,step0.layer1.combine,236.491136000,1.012288000,237.503424000,step0.layer1.combine,residual add
0,2,step0.layer2.norm1,norm,GPU_COMPUTE,step0.layer1.residual2,237.503424000,1.008192000,238.511616000,step0.layer1.residual2,RMSNorm
0,2,step0.layer2.qkv,qkv,GPU_COMPUTE,step0.layer2.norm1,238.511616000,3.635776000,242.147392000,step0.layer2.norm1,QKV projection
0,2,step0.layer2.rope,rope,GPU_COMPUTE,step0.layer2.qkv,242.147392000,1.018432000,243.165824000,step0.layer2.qkv,QK norm and RoPE
0,2,step0.layer2.attention,attention,PIM_COMPUTE,step0.layer2.rope,243.165824000,17.577216000,260.743040000,step0.layer2.rope,decode attention on PIM
0,2,step0.layer2.o_proj,attention_output,GPU_COMPUTE,step0.layer2.attention,260.743040000,3.109440000,263.852480000,step0.layer2.attention,attention output projection
0,2,step0.layer2.residual1,residual,GPU_COMPUTE,step0.layer2.o_proj,263.852480000,1.012288000,264.864768000,step0.layer2.o_proj,residual add
0,2,step0.layer2.norm2,norm,GPU_COMPUTE,step0.layer2.residual1,264.864768000,1.008192000,265.872960000,step0.layer2.residual1,RMSNorm
0,2,step0.layer2.router,router,GPU_COMPUTE,step0.layer2.norm2,265.872960000,2.069888000,267.942848000,step0.layer2.norm2,MoE router
0,2,step0.layer2.metadata,metadata,GPU_COMPUTE,step0.layer2.router,267.942848000,1.000128000,268.942976000,step0.layer2.router,routing metadata
0,2,step0.layer2.dispatch,dispatch,,step0.layer2.metadata,268.942976000,0.000000000,268.942976000,step0.layer2.metadata,single-GPU dispatch placeholder
0,2,step0.layer2.scheduler,scheduler,GPU_COMPUTE,step0.layer2.metadata,268.942976000,0.000000000,268.942976000,step0.layer2.metadata,allexp placement policy
0,2,step0.layer2.gpu_weight_load,gpu_weight_load,HBM_MEM_PATH,step0.layer2.scheduler,268.942976000,0.000000000,268.942976000,step0.layer2.scheduler,expert weights HBM to GPU
0,2,step0.layer2.gpu_expert_compute,gpu_expert,GPU_COMPUTE,step0.layer2.gpu_weight_load;step0.layer2.dispatch,268.942976000,0.000000000,268.942976000,step0.layer2.scheduler,grouped expert GEMM
0,2,step0.layer2.pim_gwrite,pim_write,GPU_PIM_IO,step0.layer2.scheduler;step0.layer2.dispatch,268.942976000,0.082768000,269.025744000,step0.layer2.scheduler,PIM_GWRITE token operands
0,2,step0.layer2.pim_expert_compute,pim_expert,PIM_COMPUTE,step0.layer2.pim_gwrite,269.025744000,85.097472000,354.123216000,step0.layer2.pim_gwrite,serialized PIM expert GEMV
0,2,step0.layer2.pim_read,pim_read,GPU_PIM_IO,step0.layer2.pim_expert_compute,354.123216000,0.082768000,354.205984000,step0.layer2.pim_expert_compute,PIM expert result read
0,2,step0.layer2.combine,combine,GPU_COMPUTE,step0.layer2.gpu_expert_compute;step0.layer2.pim_read,354.205984000,1.036864000,355.242848000,step0.layer2.pim_read,weighted expert combine
0,2,step0.layer2.residual2,residual,GPU_COMPUTE,step0.layer2.combine,355.242848000,1.012288000,356.255136000,step0.layer2.combine,residual add
0,3,step0.layer3.norm1,norm,GPU_COMPUTE,step0.layer2.residual2,356.255136000,1.008192000,357.263328000,step0.layer2.residual2,RMSNorm
0,3,step0.layer3.qkv,qkv,GPU_COMPUTE,step0.layer3.norm1,357.263328000,3.635776000,360.899104000,step0.layer3.norm1,QKV projection
0,3,step0.layer3.rope,rope,GPU_COMPUTE,step0.layer3.qkv,360.899104000,1.018432000,361.917536000,step0.layer3.qkv,QK norm and RoPE
0,3,step0.layer3.attention,attention,PIM_COMPUTE,step0.layer3.rope,361.917536000,17.577216000,379.494752000,step0.layer3.rope,decode attention on PIM
0,3,step0.layer3.o_proj,attention_output,GPU_COMPUTE,step0.layer3.attention,379.494752000,3.109440000,382.604192000,step0.layer3.attention,attention output projection
0,3,step0.layer3.residual1,residual,GPU_COMPUTE,step0.layer3.o_proj,382.604192000,1.012288000,383.616480000,step0.layer3.o_proj,residual add
0,3,step0.layer3.norm2,norm,GPU_COMPUTE,step0.layer3.residual1,383.616480000,1.008192000,384.624672000,step0.layer3.residual1,RMSNorm
0,3,step0.layer3.router,router,GPU_COMPUTE,step0.layer3.norm2,384.624672000,2.069888000,386.694560000,step0.layer3.norm2,MoE router
0,3,step0.layer3.metadata,metadata,GPU_COMPUTE,step0.layer3.router,386.694560000,1.000128000,387.694688000,step0.layer3.router,routing metadata
0,3,step0.layer3.dispatch,dispatch,,step0.layer3.metadata,387.694688000,0.000000000,387.694688000,step0.layer3.metadata,single-GPU dispatch placeholder
0,3,step0.layer3.scheduler,scheduler,GPU_COMPUTE,step0.layer3.metadata,387.694688000,0.000000000,387.694688000,step0.layer3.metadata,allexp placement policy
0,3,step0.layer3.gpu_weight_load,gpu_weight_load,HBM_MEM_PATH,step0.layer3.scheduler,387.694688000,0.000000000,387.694688000,step0.layer3.scheduler,expert weights HBM to GPU
0,3,step0.layer3.gpu_expert_compute,gpu_expert,GPU_COMPUTE,step0.layer3.gpu_weight_load;step0.layer3.dispatch,387.694688000,0.000000000,387.694688000,step0.layer3.scheduler,grouped expert GEMM
0,3,step0.layer3.pim_gwrite,pim_write,GPU_PIM_IO,step0.layer3.scheduler;step0.layer3.dispatch,387.694688000,0.082768000,387.777456000,step0.layer3.scheduler,PIM_GWRITE token operands
0,3,step0.layer3.pim_expert_compute,pim_expert,PIM_COMPUTE,step0.layer3.pim_gwrite,387.777456000,85.097472000,472.874928000,step0.layer3.pim_gwrite,serialized PIM expert GEMV
0,3,step0.layer3.pim_read,pim_read,GPU_PIM_IO,step0.layer3.pim_expert_compute,472.874928000,0.082768000,472.957696000,step0.layer3.pim_expert_compute,PIM expert result read
0,3,step0.layer3.combine,combine,GPU_COMPUTE,step0.layer3.gpu_expert_compute;step0.layer3.pim_read,472.957696000,1.036864000,473.994560000,step0.layer3.pim_read,weighted expert combine
0,3,step0.layer3.residual2,residual,GPU_COMPUTE,step0.layer3.combine,473.994560000,1.012288000,475.006848000,step0.layer3.combine,residual add
0,4,step0.layer4.norm1,norm,GPU_COMPUTE,step0.layer3.residual2,475.006848000,1.008192000,476.015040000,step0.layer3.residual2,RMSNorm
0,4,step0.layer4.qkv,qkv,GPU_COMPUTE,step0.layer4.norm1,476.015040000,3.635776000,479.650816000,step0.layer4.norm1,QKV projection
0,4,step0.layer4.rope,rope,GPU_COMPUTE,step0.layer4.qkv,479.650816000,1.018432000,480.669248000,step0.layer4.qkv,QK norm and RoPE
0,4,step0.layer4.attention,attention,PIM_COMPUTE,step0.layer4.rope,480.669248000,17.577216000,498.246464000,step0.layer4.rope,decode attention on PIM
0,4,step0.layer4.o_proj,attention_output,GPU_COMPUTE,step0.layer4.attention,498.246464000,3.109440000,501.355904000,step0.layer4.attention,attention output projection
0,4,step0.layer4.residual1,residual,GPU_COMPUTE,step0.layer4.o_proj,501.355904000,1.012288000,502.368192000,step0.layer4.o_proj,residual add
0,4,step0.layer4.norm2,norm,GPU_COMPUTE,step0.layer4.residual1,502.368192000,1.008192000,503.376384000,step0.layer4.residual1,RMSNorm
0,4,step0.layer4.router,router,GPU_COMPUTE,step0.layer4.norm2,503.376384000,2.069888000,505.446272000,step0.layer4.norm2,MoE router
0,4,step0.layer4.metadata,metadata,GPU_COMPUTE,step0.layer4.router,505.446272000,1.000128000,506.446400000,step0.layer4.router,routing metadata
0,4,step0.layer4.dispatch,dispatch,,step0.layer4.metadata,506.446400000,0.000000000,506.446400000,step0.layer4.metadata,single-GPU dispatch placeholder
0,4,step0.layer4.scheduler,scheduler,GPU_COMPUTE,step0.layer4.metadata,506.446400000,0.000000000,506.446400000,step0.layer4.metadata,allexp placement policy
0,4,step0.layer4.gpu_weight_load,gpu_weight_load,HBM_MEM_PATH,step0.layer4.scheduler,506.446400000,0.000000000,506.446400000,step0.layer4.scheduler,expert weights HBM to GPU
0,4,step0.layer4.gpu_expert_compute,gpu_expert,GPU_COMPUTE,step0.layer4.gpu_weight_load;step0.layer4.dispatch,506.446400000,0.000000000,506.446400000,step0.layer4.scheduler,grouped expert GEMM
0,4,step0.layer4.pim_gwrite,pim_write,GPU_PIM_IO,step0.layer4.scheduler;step0.layer4.dispatch,506.446400000,0.082768000,506.529168000,step0.layer4.scheduler,PIM_GWRITE token operands
0,4,step0.layer4.pim_expert_compute,pim_expert,PIM_COMPUTE,step0.layer4.pim_gwrite,506.529168000,85.097472000,591.626640000,step0.layer4.pim_gwrite,serialized PIM expert GEMV
0,4,step0.layer4.pim_read,pim_read,GPU_PIM_IO,step0.layer4.pim_expert_compute,591.626640000,0.082768000,591.709408000,step0.layer4.pim_expert_compute,PIM expert result read
0,4,step0.layer4.combine,combine,GPU_COMPUTE,step0.layer4.gpu_expert_compute;step0.layer4.pim_read,591.709408000,1.036864000,592.746272000,step0.layer4.pim_read,weighted expert combine
0,4,step0.layer4.residual2,residual,GPU_COMPUTE,step0.layer4.combine,592.746272000,1.012288000,593.758560000,step0.layer4.combine,residual add
0,5,step0.layer5.norm1,norm,GPU_COMPUTE,step0.layer4.residual2,593.758560000,1.008192000,594.766752000,step0.layer4.residual2,RMSNorm
0,5,step0.layer5.qkv,qkv,GPU_COMPUTE,step0.layer5.norm1,594.766752000,3.635776000,598.402528000,step0.layer5.norm1,QKV projection
0,5,step0.layer5.rope,rope,GPU_COMPUTE,step0.layer5.qkv,598.402528000,1.018432000,599.420960000,step0.layer5.qkv,QK norm and RoPE
0,5,step0.layer5.attention,attention,PIM_COMPUTE,step0.layer5.rope,599.420960000,17.577216000,616.998176000,step0.layer5.rope,decode attention on PIM
0,5,step0.layer5.o_proj,attention_output,GPU_COMPUTE,step0.layer5.attention,616.998176000,3.109440000,620.107616000,step0.layer5.attention,attention output projection
0,5,step0.layer5.residual1,residual,GPU_COMPUTE,step0.layer5.o_proj,620.107616000,1.012288000,621.119904000,step0.layer5.o_proj,residual add
0,5,step0.layer5.norm2,norm,GPU_COMPUTE,step0.layer5.residual1,621.119904000,1.008192000,622.128096000,step0.layer5.residual1,RMSNorm
0,5,step0.layer5.router,router,GPU_COMPUTE,step0.layer5.norm2,622.128096000,2.069888000,624.197984000,step0.layer5.norm2,MoE router
0,5,step0.layer5.metadata,metadata,GPU_COMPUTE,step0.layer5.router,624.197984000,1.000128000,625.198112000,step0.layer5.router,routing metadata
0,5,step0.layer5.dispatch,dispatch,,step0.layer5.metadata,625.198112000,0.000000000,625.198112000,step0.layer5.metadata,single-GPU dispatch placeholder
0,5,step0.layer5.scheduler,scheduler,GPU_COMPUTE,step0.layer5.metadata,625.198112000,0.000000000,625.198112000,step0.layer5.metadata,allexp placement policy
0,5,step0.layer5.gpu_weight_load,gpu_weight_load,HBM_MEM_PATH,step0.layer5.scheduler,625.198112000,0.000000000,625.198112000,step0.layer5.scheduler,expert weights HBM to GPU
0,5,step0.layer5.gpu_expert_compute,gpu_expert,GPU_COMPUTE,step0.layer5.gpu_weight_load;step0.layer5.dispatch,625.198112000,0.000000000,625.198112000,step0.layer5.scheduler,grouped expert GEMM
0,5,step0.layer5.pim_gwrite,pim_write,GPU_PIM_IO,step0.layer5.scheduler;step0.layer5.dispatch,625.198112000,0.082768000,625.280880000,step0.layer5.scheduler,PIM_GWRITE token operands
0,5,step0.layer5.pim_expert_compute,pim_expert,PIM_COMPUTE,step0.layer5.pim_gwrite,625.280880000,85.097472000,710.378352000,step0.layer5.pim_gwrite,serialized PIM expert GEMV
0,5,step0.layer5.pim_read,pim_read,GPU_PIM_IO,step0.layer5.pim_expert_compute,710.378352000,0.082768000,710.461120000,step0.layer5.pim_expert_compute,PIM expert result read
0,5,step0.layer5.combine,combine,GPU_COMPUTE,step0.layer5.gpu_expert_compute;step0.layer5.pim_read,710.461120000,1.036864000,711.497984000,step0.layer5.pim_read,weighted expert combine
0,5,step0.layer5.residual2,residual,GPU_COMPUTE,step0.layer5.combine,711.497984000,1.012288000,712.510272000,step0.layer5.combine,residual add
0,6,step0.layer6.norm1,norm,GPU_COMPUTE,step0.layer5.residual2,712.510272000,1.008192000,713.518464000,step0.layer5.residual2,RMSNorm
0,6,step0.layer6.qkv,qkv,GPU_COMPUTE,step0.layer6.norm1,713.518464000,3.635776000,717.154240000,step0.layer6.norm1,QKV projection
0,6,step0.layer6.rope,rope,GPU_COMPUTE,step0.layer6.qkv,717.154240000,1.018432000,718.172672000,step0.layer6.qkv,QK norm and RoPE
0,6,step0.layer6.attention,attention,PIM_COMPUTE,step0.layer6.rope,718.172672000,17.577216000,735.749888000,step0.layer6.rope,decode attention on PIM
0,6,step0.layer6.o_proj,attention_output,GPU_COMPUTE,step0.layer6.attention,735.749888000,3.109440000,738.859328000,step0.layer6.attention,attention output projection
0,6,step0.layer6.residual1,residual,GPU_COMPUTE,step0.layer6.o_proj,738.859328000,1.012288000,739.871616000,step0.layer6.o_proj,residual add
0,6,step0.layer6.norm2,norm,GPU_COMPUTE,step0.layer6.residual1,739.871616000,1.008192000,740.879808000,step0.layer6.residual1,RMSNorm
0,6,step0.layer6.router,router,GPU_COMPUTE,step0.layer6.norm2,740.879808000,2.069888000,742.949696000,step0.layer6.norm2,MoE router
0,6,step0.layer6.metadata,metadata,GPU_COMPUTE,step0.layer6.router,742.949696000,1.000128000,743.949824000,step0.layer6.router,routing metadata
0,6,step0.layer6.dispatch,dispatch,,step0.layer6.metadata,743.949824000,0.000000000,743.949824000,step0.layer6.metadata,single-GPU dispatch placeholder
0,6,step0.layer6.scheduler,scheduler,GPU_COMPUTE,step0.layer6.metadata,743.949824000,0.000000000,743.949824000,step0.layer6.metadata,allexp placement policy
0,6,step0.layer6.gpu_weight_load,gpu_weight_load,HBM_MEM_PATH,step0.layer6.scheduler,743.949824000,0.000000000,743.949824000,step0.layer6.scheduler,expert weights HBM to GPU
0,6,step0.layer6.gpu_expert_compute,gpu_expert,GPU_COMPUTE,step0.layer6.gpu_weight_load;step0.layer6.dispatch,743.949824000,0.000000000,743.949824000,step0.layer6.scheduler,grouped expert GEMM
0,6,step0.layer6.pim_gwrite,pim_write,GPU_PIM_IO,step0.layer6.scheduler;step0.layer6.dispatch,743.949824000,0.082768000,744.032592000,step0.layer6.scheduler,PIM_GWRITE token operands
0,6,step0.layer6.pim_expert_compute,pim_expert,PIM_COMPUTE,step0.layer6.pim_gwrite,744.032592000,85.097472000,829.130064000,step0.layer6.pim_gwrite,serialized PIM expert GEMV
0,6,step0.layer6.pim_read,pim_read,GPU_PIM_IO,step0.layer6.pim_expert_compute,829.130064000,0.082768000,829.212832000,step0.layer6.pim_expert_compute,PIM expert result read
0,6,step0.layer6.combine,combine,GPU_COMPUTE,step0.layer6.gpu_expert_compute;step0.layer6.pim_read,829.212832000,1.036864000,830.249696000,step0.layer6.pim_read,weighted expert combine
0,6,step0.layer6.residual2,residual,GPU_COMPUTE,step0.layer6.combine,830.249696000,1.012288000,831.261984000,step0.layer6.combine,residual add
0,7,step0.layer7.norm1,norm,GPU_COMPUTE,step0.layer6.residual2,831.261984000,1.008192000,832.270176000,step0.layer6.residual2,RMSNorm
0,7,step0.layer7.qkv,qkv,GPU_COMPUTE,step0.layer7.norm1,832.270176000,3.635776000,835.905952000,step0.layer7.norm1,QKV projection
0,7,step0.layer7.rope,rope,GPU_COMPUTE,step0.layer7.qkv,835.905952000,1.018432000,836.924384000,step0.layer7.qkv,QK norm and RoPE
0,7,step0.layer7.attention,attention,PIM_COMPUTE,step0.layer7.rope,836.924384000,17.577216000,854.501600000,step0.layer7.rope,decode attention on PIM
0,7,step0.layer7.o_proj,attention_output,GPU_COMPUTE,step0.layer7.attention,854.501600000,3.109440000,857.611040000,step0.layer7.attention,attention output projection
0,7,step0.layer7.residual1,residual,GPU_COMPUTE,step0.layer7.o_proj,857.611040000,1.012288000,858.623328000,step0.layer7.o_proj,residual add
0,7,step0.layer7.norm2,norm,GPU_COMPUTE,step0.layer7.residual1,858.623328000,1.008192000,859.631520000,step0.layer7.residual1,RMSNorm
0,7,step0.layer7.router,router,GPU_COMPUTE,step0.layer7.norm2,859.631520000,2.069888000,861.701408000,step0.layer7.norm2,MoE router
0,7,step0.layer7.metadata,metadata,GPU_COMPUTE,step0.layer7.router,861.701408000,1.000128000,862.701536000,step0.layer7.router,routing metadata
0,7,step0.layer7.dispatch,dispatch,,step0.layer7.metadata,862.701536000,0.000000000,862.701536000,step0.layer7.metadata,single-GPU dispatch placeholder
0,7,step0.layer7.scheduler,scheduler,GPU_COMPUTE,step0.layer7.metadata,862.701536000,0.000000000,862.701536000,step0.layer7.metadata,allexp placement policy
0,7,step0.layer7.gpu_weight_load,gpu_weight_load,HBM_MEM_PATH,step0.layer7.scheduler,862.701536000,0.000000000,862.701536000,step0.layer7.scheduler,expert weights HBM to GPU
0,7,step0.layer7.gpu_expert_compute,gpu_expert,GPU_COMPUTE,step0.layer7.gpu_weight_load;step0.layer7.dispatch,862.701536000,0.000000000,862.701536000,step0.layer7.scheduler,grouped expert GEMM
0,7,step0.layer7.pim_gwrite,pim_write,GPU_PIM_IO,step0.layer7.scheduler;step0.layer7.dispatch,862.701536000,0.082768000,862.784304000,step0.layer7.scheduler,PIM_GWRITE token operands
0,7,step0.layer7.pim_expert_compute,pim_expert,PIM_COMPUTE,step0.layer7.pim_gwrite,862.784304000,85.097472000,947.881776000,step0.layer7.pim_gwrite,serialized PIM expert GEMV
0,7,step0.layer7.pim_read,pim_read,GPU_PIM_IO,step0.layer7.pim_expert_compute,947.881776000,0.082768000,947.964544000,step0.layer7.pim_expert_compute,PIM expert result read
0,7,step0.layer7.combine,combine,GPU_COMPUTE,step0.layer7.gpu_expert_compute;step0.layer7.pim_read,947.964544000,1.036864000,949.001408000,step0.layer7.pim_read,weighted expert combine
0,7,step0.layer7.residual2,residual,GPU_COMPUTE,step0.layer7.combine,949.001408000,1.012288000,950.013696000,step0.layer7.combine,residual add
0,8,step0.layer8.norm1,norm,GPU_COMPUTE,step0.layer7.residual2,950.013696000,1.008192000,951.021888000,step0.layer7.residual2,RMSNorm
0,8,step0.layer8.qkv,qkv,GPU_COMPUTE,step0.layer8.norm1,951.021888000,3.635776000,954.657664000,step0.layer8.norm1,QKV projection
0,8,step0.layer8.rope,rope,GPU_COMPUTE,step0.layer8.qkv,954.657664000,1.018432000,955.676096000,step0.layer8.qkv,QK norm and RoPE
0,8,step0.layer8.attention,attention,PIM_COMPUTE,step0.layer8.rope,955.676096000,17.577216000,973.253312000,step0.layer8.rope,decode attention on PIM
0,8,step0.layer8.o_proj,attention_output,GPU_COMPUTE,step0.layer8.attention,973.253312000,3.109440000,976.362752000,step0.layer8.attention,attention output projection
0,8,step0.layer8.residual1,residual,GPU_COMPUTE,step0.layer8.o_proj,976.362752000,1.012288000,977.375040000,step0.layer8.o_proj,residual add
0,8,step0.layer8.norm2,norm,GPU_COMPUTE,step0.layer8.residual1,977.375040000,1.008192000,978.383232000,step0.layer8.residual1,RMSNorm
0,8,step0.layer8.router,router,GPU_COMPUTE,step0.layer8.norm2,978.383232000,2.069888000,980.453120000,step0.layer8.norm2,MoE router
0,8,step0.layer8.metadata,metadata,GPU_COMPUTE,step0.layer8.router,980.453120000,1.000128000,981.453248000,step0.layer8.router,routing metadata
0,8,step0.layer8.dispatch,dispatch,,step0.layer8.metadata,981.453248000,0.000000000,981.453248000,step0.layer8.metadata,single-GPU dispatch placeholder
0,8,step0.layer8.scheduler,scheduler,GPU_COMPUTE,step0.layer8.metadata,981.453248000,0.000000000,981.453248000,step0.layer8.metadata,allexp placement policy
0,8,step0.layer8.gpu_weight_load,gpu_weight_load,HBM_MEM_PATH,step0.layer8.scheduler,981.453248000,0.000000000,981.453248000,step0.layer8.scheduler,expert weights HBM to GPU
0,8,step0.layer8.gpu_expert_compute,gpu_expert,GPU_COMPUTE,step0.layer8.gpu_weight_load;step0.layer8.dispatch,981.453248000,0.000000000,981.453248000,step0.layer8.scheduler,grouped expert GEMM
0,8,step0.layer8.pim_gwrite,pim_write,GPU_PIM_IO,step0.layer8.scheduler;step0.layer8.dispatch,981.453248000,0.082768000,981.536016000,step0.layer8.scheduler,PIM_GWRITE token operands
0,8,step0.layer8.pim_expert_compute,pim_expert,PIM_COMPUTE,step0.layer8.pim_gwrite,981.536016000,85.097472000,1066.633488000,step0.layer8.pim_gwrite,serialized PIM expert GEMV
0,8,step0.layer8.pim_read,pim_read,GPU_PIM_IO,step0.layer8.pim_expert_compute,1066.633488000,0.082768000,1066.716256000,step0.layer8.pim_expert_compute,PIM expert result read
0,8,step0.layer8.combine,combine,GPU_COMPUTE,step0.layer8.gpu_expert_compute;step0.layer8.pim_read,1066.716256000,1.036864000,1067.753120000,step0.layer8.pim_read,weighted expert combine
0,8,step0.layer8.residual2,residual,GPU_COMPUTE,step0.layer8.combine,1067.753120000,1.012288000,1068.765408000,step0.layer8.combine,residual add
0,9,step0.layer9.norm1,norm,GPU_COMPUTE,step0.layer8.residual2,1068.765408000,1.008192000,1069.773600000,step0.layer8.residual2,RMSNorm
0,9,step0.layer9.qkv,qkv,GPU_COMPUTE,step0.layer9.norm1,1069.773600000,3.635776000,1073.409376000,step0.layer9.norm1,QKV projection
0,9,step0.layer9.rope,rope,GPU_COMPUTE,step0.layer9.qkv,1073.409376000,1.018432000,1074.427808000,step0.layer9.qkv,QK norm and RoPE
0,9,step0.layer9.attention,attention,PIM_COMPUTE,step0.layer9.rope,1074.427808000,17.577216000,1092.005024000,step0.layer9.rope,decode attention on PIM
0,9,step0.layer9.o_proj,attention_output,GPU_COMPUTE,step0.layer9.attention,1092.005024000,3.109440000,1095.114464000,step0.layer9.attention,attention output projection
0,9,step0.layer9.residual1,residual,GPU_COMPUTE,step0.layer9.o_proj,1095.114464000,1.012288000,1096.126752000,step0.layer9.o_proj,residual add
0,9,step0.layer9.norm2,norm,GPU_COMPUTE,step0.layer9.residual1,1096.126752000,1.008192000,1097.134944000,step0.layer9.residual1,RMSNorm
0,9,step0.layer9.router,router,GPU_COMPUTE,step0.layer9.norm2,1097.134944000,2.069888000,1099.204832000,step0.layer9.norm2,MoE router
0,9,step0.layer9.metadata,metadata,GPU_COMPUTE,step0.layer9.router,1099.204832000,1.000128000,1100.204960000,step0.layer9.router,routing metadata
0,9,step0.layer9.dispatch,dispatch,,step0.layer9.metadata,1100.204960000,0.000000000,1100.204960000,step0.layer9.metadata,single-GPU dispatch placeholder
0,9,step0.layer9.scheduler,scheduler,GPU_COMPUTE,step0.layer9.metadata,1100.204960000,0.000000000,1100.204960000,step0.layer9.metadata,allexp placement policy
0,9,step0.layer9.gpu_weight_load,gpu_weight_load,HBM_MEM_PATH,step0.layer9.scheduler,1100.204960000,0.000000000,1100.204960000,step0.layer9.scheduler,expert weights HBM to GPU
0,9,step0.layer9.gpu_expert_compute,gpu_expert,GPU_COMPUTE,step0.layer9.gpu_weight_load;step0.layer9.dispatch,1100.204960000,0.000000000,1100.204960000,step0.layer9.scheduler,grouped expert GEMM
0,9,step0.layer9.pim_gwrite,pim_write,GPU_PIM_IO,step0.layer9.scheduler;step0.layer9.dispatch,1100.204960000,0.082768000,1100.287728000,step0.layer9.scheduler,PIM_GWRITE token operands
0,9,step0.layer9.pim_expert_compute,pim_expert,PIM_COMPUTE,step0.layer9.pim_gwrite,1100.287728000,85.097472000,1185.385200000,step0.layer9.pim_gwrite,serialized PIM expert GEMV
0,9,step0.layer9.pim_read,pim_read,GPU_PIM_IO,step0.layer9.pim_expert_compute,1185.385200000,0.082768000,1185.467968000,step0.layer9.pim_expert_compute,PIM expert result read
0,9,step0.layer9.combine,combine,GPU_COMPUTE,step0.layer9.gpu_expert_compute;step0.layer9.pim_read,1185.467968000,1.036864000,1186.504832000,step0.layer9.pim_read,weighted expert combine
0,9,step0.layer9.residual2,residual,GPU_COMPUTE,step0.layer9.combine,1186.504832000,1.012288000,1187.517120000,step0.layer9.combine,residual add
0,10,step0.layer10.norm1,norm,GPU_COMPUTE,step0.layer9.residual2,1187.517120000,1.008192000,1188.525312000,step0.layer9.residual2,RMSNorm
0,10,step0.layer10.qkv,qkv,GPU_COMPUTE,step0.layer10.norm1,1188.525312000,3.635776000,1192.161088000,step0.layer10.norm1,QKV projection
0,10,step0.layer10.rope,rope,GPU_COMPUTE,step0.layer10.qkv,1192.161088000,1.018432000,1193.179520000,step0.layer10.qkv,QK norm and RoPE
0,10,step0.layer10.attention,attention,PIM_COMPUTE,step0.layer10.rope,1193.179520000,17.577216000,1210.756736000,step0.layer10.rope,decode attention on PIM
0,10,step0.layer10.o_proj,attention_output,GPU_COMPUTE,step0.layer10.attention,1210.756736000,3.109440000,1213.866176000,step0.layer10.attention,attention output projection
0,10,step0.layer10.residual1,residual,GPU_COMPUTE,step0.layer10.o_proj,1213.866176000,1.012288000,1214.878464000,step0.layer10.o_proj,residual add
0,10,step0.layer10.norm2,norm,GPU_COMPUTE,step0.layer10.residual1,1214.878464000,1.008192000,1215.886656000,step0.layer10.residual1,RMSNorm
0,10,step0.layer10.router,router,GPU_COMPUTE,step0.layer10.norm2,1215.886656000,2.069888000,1217.956544000,step0.layer10.norm2,MoE router
0,10,step0.layer10.metadata,metadata,GPU_COMPUTE,step0.layer10.router,1217.956544000,1.000128000,1218.956672000,step0.layer10.router,routing metadata
0,10,step0.layer10.dispatch,dispatch,,step0.layer10.metadata,1218.956672000,0.000000000,1218.956672000,step0.layer10.metadata,single-GPU dispatch placeholder
0,10,step0.layer10.scheduler,scheduler,GPU_COMPUTE,step0.layer10.metadata,1218.956672000,0.000000000,1218.956672000,step0.layer10.metadata,allexp placement policy
0,10,step0.layer10.gpu_weight_load,gpu_weight_load,HBM_MEM_PATH,step0.layer10.scheduler,1218.956672000,0.000000000,1218.956672000,step0.layer10.scheduler,expert weights HBM to GPU
0,10,step0.layer10.gpu_expert_compute,gpu_expert,GPU_COMPUTE,step0.layer10.gpu_weight_load;step0.layer10.dispatch,1218.956672000,0.000000000,1218.956672000,step0.layer10.scheduler,grouped expert GEMM
0,10,step0.layer10.pim_gwrite,pim_write,GPU_PIM_IO,step0.layer10.scheduler;step0.layer10.dispatch,1218.956672000,0.082768000,1219.039440000,step0.layer10.scheduler,PIM_GWRITE token operands
0,10,step0.layer10.pim_expert_compute,pim_expert,PIM_COMPUTE,step0.layer10.pim_gwrite,1219.039440000,85.097472000,1304.136912000,step0.layer10.pim_gwrite,serialized PIM expert GEMV
0,10,step0.layer10.pim_read,pim_read,GPU_PIM_IO,step0.layer10.pim_expert_compute,1304.136912000,0.082768000,1304.219680000,step0.layer10.pim_expert_compute,PIM expert result read
0,10,step0.layer10.combine,combine,GPU_COMPUTE,step0.layer10.gpu_expert_compute;step0.layer10.pim_read,1304.219680000,1.036864000,1305.256544000,step0.layer10.pim_read,weighted expert combine
0,10,step0.layer10.residual2,residual,GPU_COMPUTE,step0.layer10.combine,1305.256544000,1.012288000,1306.268832000,step0.layer10.combine,residual add
0,11,step0.layer11.norm1,norm,GPU_COMPUTE,step0.layer10.residual2,1306.268832000,1.008192000,1307.277024000,step0.layer10.residual2,RMSNorm
0,11,step0.layer11.qkv,qkv,GPU_COMPUTE,step0.layer11.norm1,1307.277024000,3.635776000,1310.912800000,step0.layer11.norm1,QKV projection
0,11,step0.layer11.rope,rope,GPU_COMPUTE,step0.layer11.qkv,1310.912800000,1.018432000,1311.931232000,step0.layer11.qkv,QK norm and RoPE
0,11,step0.layer11.attention,attention,PIM_COMPUTE,step0.layer11.rope,1311.931232000,17.577216000,1329.508448000,step0.layer11.rope,decode attention on PIM
0,11,step0.layer11.o_proj,attention_output,GPU_COMPUTE,step0.layer11.attention,1329.508448000,3.109440000,1332.617888000,step0.layer11.attention,attention output projection
0,11,step0.layer11.residual1,residual,GPU_COMPUTE,step0.layer11.o_proj,1332.617888000,1.012288000,1333.630176000,step0.layer11.o_proj,residual add
0,11,step0.layer11.norm2,norm,GPU_COMPUTE,step0.layer11.residual1,1333.630176000,1.008192000,1334.638368000,step0.layer11.residual1,RMSNorm
0,11,step0.layer11.router,router,GPU_COMPUTE,step0.layer11.norm2,1334.638368000,2.069888000,1336.708256000,step0.layer11.norm2,MoE router
0,11,step0.layer11.metadata,metadata,GPU_COMPUTE,step0.layer11.router,1336.708256000,1.000128000,1337.708384000,step0.layer11.router,routing metadata
0,11,step0.layer11.dispatch,dispatch,,step0.layer11.metadata,1337.708384000,0.000000000,1337.708384000,step0.layer11.metadata,single-GPU dispatch placeholder
0,11,step0.layer11.scheduler,scheduler,GPU_COMPUTE,step0.layer11.metadata,1337.708384000,0.000000000,1337.708384000,step0.layer11.metadata,allexp placement policy
0,11,step0.layer11.gpu_weight_load,gpu_weight_load,HBM_MEM_PATH,step0.layer11.scheduler,1337.708384000,0.000000000,1337.708384000,step0.layer11.scheduler,expert weights HBM to GPU
0,11,step0.layer11.gpu_expert_compute,gpu_expert,GPU_COMPUTE,step0.layer11.gpu_weight_load;step0.layer11.dispatch,1337.708384000,0.000000000,1337.708384000,step0.layer11.scheduler,grouped expert GEMM
0,11,step0.layer11.pim_gwrite,pim_write,GPU_PIM_IO,step0.layer11.scheduler;step0.layer11.dispatch,1337.708384000,0.082768000,1337.791152000,step0.layer11.scheduler,PIM_GWRITE token operands
0,11,step0.layer11.pim_expert_compute,pim_expert,PIM_COMPUTE,step0.layer11.pim_gwrite,1337.791152000,85.097472000,1422.888624000,step0.layer11.pim_gwrite,serialized PIM expert GEMV
0,11,step0.layer11.pim_read,pim_read,GPU_PIM_IO,step0.layer11.pim_expert_compute,1422.888624000,0.082768000,1422.971392000,step0.layer11.pim_expert_compute,PIM expert result read
0,11,step0.layer11.combine,combine,GPU_COMPUTE,step0.layer11.gpu_expert_compute;step0.layer11.pim_read,1422.971392000,1.036864000,1424.008256000,step0.layer11.pim_read,weighted expert combine
0,11,step0.layer11.residual2,residual,GPU_COMPUTE,step0.layer11.combine,1424.008256000,1.012288000,1425.020544000,step0.layer11.combine,residual add
0,12,step0.layer12.norm1,norm,GPU_COMPUTE,step0.layer11.residual2,1425.020544000,1.008192000,1426.028736000,step0.layer11.residual2,RMSNorm
0,12,step0.layer12.qkv,qkv,GPU_COMPUTE,step0.layer12.norm1,1426.028736000,3.635776000,1429.664512000,step0.layer12.norm1,QKV projection
0,12,step0.layer12.rope,rope,GPU_COMPUTE,step0.layer12.qkv,1429.664512000,1.018432000,1430.682944000,step0.layer12.qkv,QK norm and RoPE
0,12,step0.layer12.attention,attention,PIM_COMPUTE,step0.layer12.rope,1430.682944000,17.577216000,1448.260160000,step0.layer12.rope,decode attention on PIM
0,12,step0.layer12.o_proj,attention_output,GPU_COMPUTE,step0.layer12.attention,1448.260160000,3.109440000,1451.369600000,step0.layer12.attention,attention output projection
0,12,step0.layer12.residual1,residual,GPU_COMPUTE,step0.layer12.o_proj,1451.369600000,1.012288000,1452.381888000,step0.layer12.o_proj,residual add
0,12,step0.layer12.norm2,norm,GPU_COMPUTE,step0.layer12.residual1,1452.381888000,1.008192000,1453.390080000,step0.layer12.residual1,RMSNorm
0,12,step0.layer12.router,router,GPU_COMPUTE,step0.layer12.norm2,1453.390080000,2.069888000,1455.459968000,step0.layer12.norm2,MoE router
0,12,step0.layer12.metadata,metadata,GPU_COMPUTE,step0.layer12.router,1455.459968000,1.000128000,1456.460096000,step0.layer12.router,routing metadata
0,12,step0.layer12.dispatch,dispatch,,step0.layer12.metadata,1456.460096000,0.000000000,1456.460096000,step0.layer12.metadata,single-GPU dispatch placeholder
0,12,step0.layer12.scheduler,scheduler,GPU_COMPUTE,step0.layer12.metadata,1456.460096000,0.000000000,1456.460096000,step0.layer12.metadata,allexp placement policy
0,12,step0.layer12.gpu_weight_load,gpu_weight_load,HBM_MEM_PATH,step0.layer12.scheduler,1456.460096000,0.000000000,1456.460096000,step0.layer12.scheduler,expert weights HBM to GPU
0,12,step0.layer12.gpu_expert_compute,gpu_expert,GPU_COMPUTE,step0.layer12.gpu_weight_load;step0.layer12.dispatch,1456.460096000,0.000000000,1456.460096000,step0.layer12.scheduler,grouped expert GEMM
0,12,step0.layer12.pim_gwrite,pim_write,GPU_PIM_IO,step0.layer12.scheduler;step0.layer12.dispatch,1456.460096000,0.082768000,1456.542864000,step0.layer12.scheduler,PIM_GWRITE token operands
0,12,step0.layer12.pim_expert_compute,pim_expert,PIM_COMPUTE,step0.layer12.pim_gwrite,1456.542864000,85.097472000,1541.640336000,step0.layer12.pim_gwrite,serialized PIM expert GEMV
0,12,step0.layer12.pim_read,pim_read,GPU_PIM_IO,step0.layer12.pim_expert_compute,1541.640336000,0.082768000,1541.723104000,step0.layer12.pim_expert_compute,PIM expert result read
0,12,step0.layer12.combine,combine,GPU_COMPUTE,step0.layer12.gpu_expert_compute;step0.layer12.pim_read,1541.723104000,1.036864000,1542.759968000,step0.layer12.pim_read,weighted expert combine
0,12,step0.layer12.residual2,residual,GPU_COMPUTE,step0.layer12.combine,1542.759968000,1.012288000,1543.772256000,step0.layer12.combine,residual add
0,13,step0.layer13.norm1,norm,GPU_COMPUTE,step0.layer12.residual2,1543.772256000,1.008192000,1544.780448000,step0.layer12.residual2,RMSNorm
0,13,step0.layer13.qkv,qkv,GPU_COMPUTE,step0.layer13.norm1,1544.780448000,3.635776000,1548.416224000,step0.layer13.norm1,QKV projection
0,13,step0.layer13.rope,rope,GPU_COMPUTE,step0.layer13.qkv,1548.416224000,1.018432000,1549.434656000,step0.layer13.qkv,QK norm and RoPE
0,13,step0.layer13.attention,attention,PIM_COMPUTE,step0.layer13.rope,1549.434656000,17.577216000,1567.011872000,step0.layer13.rope,decode attention on PIM
0,13,step0.layer13.o_proj,attention_output,GPU_COMPUTE,step0.layer13.attention,1567.011872000,3.109440000,1570.121312000,step0.layer13.attention,attention output projection
0,13,step0.layer13.residual1,residual,GPU_COMPUTE,step0.layer13.o_proj,1570.121312000,1.012288000,1571.133600000,step0.layer13.o_proj,residual add
0,13,step0.layer13.norm2,norm,GPU_COMPUTE,step0.layer13.residual1,1571.133600000,1.008192000,1572.141792000,step0.layer13.residual1,RMSNorm
0,13,step0.layer13.router,router,GPU_COMPUTE,step0.layer13.norm2,1572.141792000,2.069888000,1574.211680000,step0.layer13.norm2,MoE router
0,13,step0.layer13.metadata,metadata,GPU_COMPUTE,step0.layer13.router,1574.211680000,1.000128000,1575.211808000,step0.layer13.router,routing metadata
0,13,step0.layer13.dispatch,dispatch,,step0.layer13.metadata,1575.211808000,0.000000000,1575.211808000,step0.layer13.metadata,single-GPU dispatch placeholder
0,13,step0.layer13.scheduler,scheduler,GPU_COMPUTE,step0.layer13.metadata,1575.211808000,0.000000000,1575.211808000,step0.layer13.metadata,allexp placement policy
0,13,step0.layer13.gpu_weight_load,gpu_weight_load,HBM_MEM_PATH,step0.layer13.scheduler,1575.211808000,0.000000000,1575.211808000,step0.layer13.scheduler,expert weights HBM to GPU
0,13,step0.layer13.gpu_expert_compute,gpu_expert,GPU_COMPUTE,step0.layer13.gpu_weight_load;step0.layer13.dispatch,1575.211808000,0.000000000,1575.211808000,step0.layer13.scheduler,grouped expert GEMM
0,13,step0.layer13.pim_gwrite,pim_write,GPU_PIM_IO,step0.layer13.scheduler;step0.layer13.dispatch,1575.211808000,0.082768000,1575.294576000,step0.layer13.scheduler,PIM_GWRITE token operands
0,13,step0.layer13.pim_expert_compute,pim_expert,PIM_COMPUTE,step0.layer13.pim_gwrite,1575.294576000,85.097472000,1660.392048000,step0.layer13.pim_gwrite,serialized PIM expert GEMV
0,13,step0.layer13.pim_read,pim_read,GPU_PIM_IO,step0.layer13.pim_expert_compute,1660.392048000,0.082768000,1660.474816000,step0.layer13.pim_expert_compute,PIM expert result read
0,13,step0.layer13.combine,combine,GPU_COMPUTE,step0.layer13.gpu_expert_compute;step0.layer13.pim_read,1660.474816000,1.036864000,1661.511680000,step0.layer13.pim_read,weighted expert combine
0,13,step0.layer13.residual2,residual,GPU_COMPUTE,step0.layer13.combine,1661.511680000,1.012288000,1662.523968000,step0.layer13.combine,residual add
0,14,step0.layer14.norm1,norm,GPU_COMPUTE,step0.layer13.residual2,1662.523968000,1.008192000,1663.532160000,step0.layer13.residual2,RMSNorm
0,14,step0.layer14.qkv,qkv,GPU_COMPUTE,step0.layer14.norm1,1663.532160000,3.635776000,1667.167936000,step0.layer14.norm1,QKV projection
0,14,step0.layer14.rope,rope,GPU_COMPUTE,step0.layer14.qkv,1667.167936000,1.018432000,1668.186368000,step0.layer14.qkv,QK norm and RoPE
0,14,step0.layer14.attention,attention,PIM_COMPUTE,step0.layer14.rope,1668.186368000,17.577216000,1685.763584000,step0.layer14.rope,decode attention on PIM
0,14,step0.layer14.o_proj,attention_output,GPU_COMPUTE,step0.layer14.attention,1685.763584000,3.109440000,1688.873024000,step0.layer14.attention,attention output projection
0,14,step0.layer14.residual1,residual,GPU_COMPUTE,step0.layer14.o_proj,1688.873024000,1.012288000,1689.885312000,step0.layer14.o_proj,residual add
0,14,step0.layer14.norm2,norm,GPU_COMPUTE,step0.layer14.residual1,1689.885312000,1.008192000,1690.893504000,step0.layer14.residual1,RMSNorm
0,14,step0.layer14.router,router,GPU_COMPUTE,step0.layer14.norm2,1690.893504000,2.069888000,1692.963392000,step0.layer14.norm2,MoE router
0,14,step0.layer14.metadata,metadata,GPU_COMPUTE,step0.layer14.router,1692.963392000,1.000128000,1693.963520000,step0.layer14.router,routing metadata
0,14,step0.layer14.dispatch,dispatch,,step0.layer14.metadata,1693.963520000,0.000000000,1693.963520000,step0.layer14.metadata,single-GPU dispatch placeholder
0,14,step0.layer14.scheduler,scheduler,GPU_COMPUTE,step0.layer14.metadata,1693.963520000,0.000000000,1693.963520000,step0.layer14.metadata,allexp placement policy
0,14,step0.layer14.gpu_weight_load,gpu_weight_load,HBM_MEM_PATH,step0.layer14.scheduler,1693.963520000,0.000000000,1693.963520000,step0.layer14.scheduler,expert weights HBM to GPU
0,14,step0.layer14.gpu_expert_compute,gpu_expert,GPU_COMPUTE,step0.layer14.gpu_weight_load;step0.layer14.dispatch,1693.963520000,0.000000000,1693.963520000,step0.layer14.scheduler,grouped expert GEMM
0,14,step0.layer14.pim_gwrite,pim_write,GPU_PIM_IO,step0.layer14.scheduler;step0.layer14.dispatch,1693.963520000,0.082768000,1694.046288000,step0.layer14.scheduler,PIM_GWRITE token operands
0,14,step0.layer14.pim_expert_compute,pim_expert,PIM_COMPUTE,step0.layer14.pim_gwrite,1694.046288000,85.097472000,1779.143760000,step0.layer14.pim_gwrite,serialized PIM expert GEMV
0,14,step0.layer14.pim_read,pim_read,GPU_PIM_IO,step0.layer14.pim_expert_compute,1779.143760000,0.082768000,1779.226528000,step0.layer14.pim_expert_compute,PIM expert result read
0,14,step0.layer14.combine,combine,GPU_COMPUTE,step0.layer14.gpu_expert_compute;step0.layer14.pim_read,1779.226528000,1.036864000,1780.263392000,step0.layer14.pim_read,weighted expert combine
0,14,step0.layer14.residual2,residual,GPU_COMPUTE,step0.layer14.combine,1780.263392000,1.012288000,1781.275680000,step0.layer14.combine,residual add
0,15,step0.layer15.norm1,norm,GPU_COMPUTE,step0.layer14.residual2,1781.275680000,1.008192000,1782.283872000,step0.layer14.residual2,RMSNorm
0,15,step0.layer15.qkv,qkv,GPU_COMPUTE,step0.layer15.norm1,1782.283872000,3.635776000,1785.919648000,step0.layer15.norm1,QKV projection
0,15,step0.layer15.rope,rope,GPU_COMPUTE,step0.layer15.qkv,1785.919648000,1.018432000,1786.938080000,step0.layer15.qkv,QK norm and RoPE
0,15,step0.layer15.attention,attention,PIM_COMPUTE,step0.layer15.rope,1786.938080000,17.577216000,1804.515296000,step0.layer15.rope,decode attention on PIM
0,15,step0.layer15.o_proj,attention_output,GPU_COMPUTE,step0.layer15.attention,1804.515296000,3.109440000,1807.624736000,step0.layer15.attention,attention output projection
0,15,step0.layer15.residual1,residual,GPU_COMPUTE,step0.layer15.o_proj,1807.624736000,1.012288000,1808.637024000,step0.layer15.o_proj,residual add
0,15,step0.layer15.norm2,norm,GPU_COMPUTE,step0.layer15.residual1,1808.637024000,1.008192000,1809.645216000,step0.layer15.residual1,RMSNorm
0,15,step0.layer15.router,router,GPU_COMPUTE,step0.layer15.norm2,1809.645216000,2.069888000,1811.715104000,step0.layer15.norm2,MoE router
0,15,step0.layer15.metadata,metadata,GPU_COMPUTE,step0.layer15.router,1811.715104000,1.000128000,1812.715232000,step0.layer15.router,routing metadata
0,15,step0.layer15.dispatch,dispatch,,step0.layer15.metadata,1812.715232000,0.000000000,1812.715232000,step0.layer15.metadata,single-GPU dispatch placeholder
0,15,step0.layer15.scheduler,scheduler,GPU_COMPUTE,step0.layer15.metadata,1812.715232000,0.000000000,1812.715232000,step0.layer15.metadata,allexp placement policy
0,15,step0.layer15.gpu_weight_load,gpu_weight_load,HBM_MEM_PATH,step0.layer15.scheduler,1812.715232000,0.000000000,1812.715232000,step0.layer15.scheduler,expert weights HBM to GPU
0,15,step0.layer15.gpu_expert_compute,gpu_expert,GPU_COMPUTE,step0.layer15.gpu_weight_load;step0.layer15.dispatch,1812.715232000,0.000000000,1812.715232000,step0.layer15.scheduler,grouped expert GEMM
0,15,step0.layer15.pim_gwrite,pim_write,GPU_PIM_IO,step0.layer15.scheduler;step0.layer15.dispatch,1812.715232000,0.082768000,1812.798000000,step0.layer15.scheduler,PIM_GWRITE token operands
0,15,step0.layer15.pim_expert_compute,pim_expert,PIM_COMPUTE,step0.layer15.pim_gwrite,1812.798000000,85.097472000,1897.895472000,step0.layer15.pim_gwrite,serialized PIM expert GEMV
0,15,step0.layer15.pim_read,pim_read,GPU_PIM_IO,step0.layer15.pim_expert_compute,1897.895472000,0.082768000,1897.978240000,step0.layer15.pim_expert_compute,PIM expert result read
0,15,step0.layer15.combine,combine,GPU_COMPUTE,step0.layer15.gpu_expert_compute;step0.layer15.pim_read,1897.978240000,1.036864000,1899.015104000,step0.layer15.pim_read,weighted expert combine
0,15,step0.layer15.residual2,residual,GPU_COMPUTE,step0.layer15.combine,1899.015104000,1.012288000,1900.027392000,step0.layer15.combine,residual add
0,16,step0.layer16.norm1,norm,GPU_COMPUTE,step0.layer15.residual2,1900.027392000,1.008192000,1901.035584000,step0.layer15.residual2,RMSNorm
0,16,step0.layer16.qkv,qkv,GPU_COMPUTE,step0.layer16.norm1,1901.035584000,3.635776000,1904.671360000,step0.layer16.norm1,QKV projection
0,16,step0.layer16.rope,rope,GPU_COMPUTE,step0.layer16.qkv,1904.671360000,1.018432000,1905.689792000,step0.layer16.qkv,QK norm and RoPE
0,16,step0.layer16.attention,attention,PIM_COMPUTE,step0.layer16.rope,1905.689792000,17.577216000,1923.267008000,step0.layer16.rope,decode attention on PIM
0,16,step0.layer16.o_proj,attention_output,GPU_COMPUTE,step0.layer16.attention,1923.267008000,3.109440000,1926.376448000,step0.layer16.attention,attention output projection
0,16,step0.layer16.residual1,residual,GPU_COMPUTE,step0.layer16.o_proj,1926.376448000,1.012288000,1927.388736000,step0.layer16.o_proj,residual add
0,16,step0.layer16.norm2,norm,GPU_COMPUTE,step0.layer16.residual1,1927.388736000,1.008192000,1928.396928000,step0.layer16.residual1,RMSNorm
0,16,step0.layer16.router,router,GPU_COMPUTE,step0.layer16.norm2,1928.396928000,2.069888000,1930.466816000,step0.layer16.norm2,MoE router
0,16,step0.layer16.metadata,metadata,GPU_COMPUTE,step0.layer16.router,1930.466816000,1.000128000,1931.466944000,step0.layer16.router,routing metadata
0,16,step0.layer16.dispatch,dispatch,,step0.layer16.metadata,1931.466944000,0.000000000,1931.466944000,step0.layer16.metadata,single-GPU dispatch placeholder
0,16,step0.layer16.scheduler,scheduler,GPU_COMPUTE,step0.layer16.metadata,1931.466944000,0.000000000,1931.466944000,step0.layer16.metadata,allexp placement policy
0,16,step0.layer16.gpu_weight_load,gpu_weight_load,HBM_MEM_PATH,step0.layer16.scheduler,1931.466944000,0.000000000,1931.466944000,step0.layer16.scheduler,expert weights HBM to GPU
0,16,step0.layer16.gpu_expert_compute,gpu_expert,GPU_COMPUTE,step0.layer16.gpu_weight_load;step0.layer16.dispatch,1931.466944000,0.000000000,1931.466944000,step0.layer16.scheduler,grouped expert GEMM
0,16,step0.layer16.pim_gwrite,pim_write,GPU_PIM_IO,step0.layer16.scheduler;step0.layer16.dispatch,1931.466944000,0.082768000,1931.549712000,step0.layer16.scheduler,PIM_GWRITE token operands
0,16,step0.layer16.pim_expert_compute,pim_expert,PIM_COMPUTE,step0.layer16.pim_gwrite,1931.549712000,85.097472000,2016.647184000,step0.layer16.pim_gwrite,serialized PIM expert GEMV
0,16,step0.layer16.pim_read,pim_read,GPU_PIM_IO,step0.layer16.pim_expert_compute,2016.647184000,0.082768000,2016.729952000,step0.layer16.pim_expert_compute,PIM expert result read
0,16,step0.layer16.combine,combine,GPU_COMPUTE,step0.layer16.gpu_expert_compute;step0.layer16.pim_read,2016.729952000,1.036864000,2017.766816000,step0.layer16.pim_read,weighted expert combine
0,16,step0.layer16.residual2,residual,GPU_COMPUTE,step0.layer16.combine,2017.766816000,1.012288000,2018.779104000,step0.layer16.combine,residual add
0,17,step0.layer17.norm1,norm,GPU_COMPUTE,step0.layer16.residual2,2018.779104000,1.008192000,2019.787296000,step0.layer16.residual2,RMSNorm
0,17,step0.layer17.qkv,qkv,GPU_COMPUTE,step0.layer17.norm1,2019.787296000,3.635776000,2023.423072000,step0.layer17.norm1,QKV projection
0,17,step0.layer17.rope,rope,GPU_COMPUTE,step0.layer17.qkv,2023.423072000,1.018432000,2024.441504000,step0.layer17.qkv,QK norm and RoPE
0,17,step0.layer17.attention,attention,PIM_COMPUTE,step0.layer17.rope,2024.441504000,17.577216000,2042.018720000,step0.layer17.rope,decode attention on PIM
0,17,step0.layer17.o_proj,attention_output,GPU_COMPUTE,step0.layer17.attention,2042.018720000,3.109440000,2045.128160000,step0.layer17.attention,attention output projection
0,17,step0.layer17.residual1,residual,GPU_COMPUTE,step0.layer17.o_proj,2045.128160000,1.012288000,2046.140448000,step0.layer17.o_proj,residual add
0,17,step0.layer17.norm2,norm,GPU_COMPUTE,step0.layer17.residual1,2046.140448000,1.008192000,2047.148640000,step0.layer17.residual1,RMSNorm
0,17,step0.layer17.router,router,GPU_COMPUTE,step0.layer17.norm2,2047.148640000,2.069888000,2049.218528000,step0.layer17.norm2,MoE router
0,17,step0.layer17.metadata,metadata,GPU_COMPUTE,step0.layer17.router,2049.218528000,1.000128000,2050.218656000,step0.layer17.router,routing metadata
0,17,step0.layer17.dispatch,dispatch,,step0.layer17.metadata,2050.218656000,0.000000000,2050.218656000,step0.layer17.metadata,single-GPU dispatch placeholder
0,17,step0.layer17.scheduler,scheduler,GPU_COMPUTE,step0.layer17.metadata,2050.218656000,0.000000000,2050.218656000,step0.layer17.metadata,allexp placement policy
0,17,step0.layer17.gpu_weight_load,gpu_weight_load,HBM_MEM_PATH,step0.layer17.scheduler,2050.218656000,0.000000000,2050.218656000,step0.layer17.scheduler,expert weights HBM to GPU
0,17,step0.layer17.gpu_expert_compute,gpu_expert,GPU_COMPUTE,step0.layer17.gpu_weight_load;step0.layer17.dispatch,2050.218656000,0.000000000,2050.218656000,step0.layer17.scheduler,grouped expert GEMM
0,17,step0.layer17.pim_gwrite,pim_write,GPU_PIM_IO,step0.layer17.scheduler;step0.layer17.dispatch,2050.218656000,0.082768000,2050.301424000,step0.layer17.scheduler,PIM_GWRITE token operands
0,17,step0.layer17.pim_expert_compute,pim_expert,PIM_COMPUTE,step0.layer17.pim_gwrite,2050.301424000,85.097472000,2135.398896000,step0.layer17.pim_gwrite,serialized PIM expert GEMV
0,17,step0.layer17.pim_read,pim_read,GPU_PIM_IO,step0.layer17.pim_expert_compute,2135.398896000,0.082768000,2135.481664000,step0.layer17.pim_expert_compute,PIM expert result read
0,17,step0.layer17.combine,combine,GPU_COMPUTE,step0.layer17.gpu_expert_compute;step0.layer17.pim_read,2135.481664000,1.036864000,2136.518528000,step0.layer17.pim_read,weighted expert combine
0,17,step0.layer17.residual2,residual,GPU_COMPUTE,step0.layer17.combine,2136.518528000,1.012288000,2137.530816000,step0.layer17.combine,residual add
0,18,step0.layer18.norm1,norm,GPU_COMPUTE,step0.layer17.residual2,2137.530816000,1.008192000,2138.539008000,step0.layer17.residual2,RMSNorm
0,18,step0.layer18.qkv,qkv,GPU_COMPUTE,step0.layer18.norm1,2138.539008000,3.635776000,2142.174784000,step0.layer18.norm1,QKV projection
0,18,step0.layer18.rope,rope,GPU_COMPUTE,step0.layer18.qkv,2142.174784000,1.018432000,2143.193216000,step0.layer18.qkv,QK norm and RoPE
0,18,step0.layer18.attention,attention,PIM_COMPUTE,step0.layer18.rope,2143.193216000,17.577216000,2160.770432000,step0.layer18.rope,decode attention on PIM
0,18,step0.layer18.o_proj,attention_output,GPU_COMPUTE,step0.layer18.attention,2160.770432000,3.109440000,2163.879872000,step0.layer18.attention,attention output projection
0,18,step0.layer18.residual1,residual,GPU_COMPUTE,step0.layer18.o_proj,2163.879872000,1.012288000,2164.892160000,step0.layer18.o_proj,residual add
0,18,step0.layer18.norm2,norm,GPU_COMPUTE,step0.layer18.residual1,2164.892160000,1.008192000,2165.900352000,step0.layer18.residual1,RMSNorm
0,18,step0.layer18.router,router,GPU_COMPUTE,step0.layer18.norm2,2165.900352000,2.069888000,2167.970240000,step0.layer18.norm2,MoE router
0,18,step0.layer18.metadata,metadata,GPU_COMPUTE,step0.layer18.router,2167.970240000,1.000128000,2168.970368000,step0.layer18.router,routing metadata
0,18,step0.layer18.dispatch,dispatch,,step0.layer18.metadata,2168.970368000,0.000000000,2168.970368000,step0.layer18.metadata,single-GPU dispatch placeholder
0,18,step0.layer18.scheduler,scheduler,GPU_COMPUTE,step0.layer18.metadata,2168.970368000,0.000000000,2168.970368000,step0.layer18.metadata,allexp placement policy
0,18,step0.layer18.gpu_weight_load,gpu_weight_load,HBM_MEM_PATH,step0.layer18.scheduler,2168.970368000,0.000000000,2168.970368000,step0.layer18.scheduler,expert weights HBM to GPU
0,18,step0.layer18.gpu_expert_compute,gpu_expert,GPU_COMPUTE,step0.layer18.gpu_weight_load;step0.layer18.dispatch,2168.970368000,0.000000000,2168.970368000,step0.layer18.scheduler,grouped expert GEMM
0,18,step0.layer18.pim_gwrite,pim_write,GPU_PIM_IO,step0.layer18.scheduler;step0.layer18.dispatch,2168.970368000,0.082768000,2169.053136000,step0.layer18.scheduler,PIM_GWRITE token operands
0,18,step0.layer18.pim_expert_compute,pim_expert,PIM_COMPUTE,step0.layer18.pim_gwrite,2169.053136000,85.097472000,2254.150608000,step0.layer18.pim_gwrite,serialized PIM expert GEMV
0,18,step0.layer18.pim_read,pim_read,GPU_PIM_IO,step0.layer18.pim_expert_compute,2254.150608000,0.082768000,2254.233376000,step0.layer18.pim_expert_compute,PIM expert result read
0,18,step0.layer18.combine,combine,GPU_COMPUTE,step0.layer18.gpu_expert_compute;step0.layer18.pim_read,2254.233376000,1.036864000,2255.270240000,step0.layer18.pim_read,weighted expert combine
0,18,step0.layer18.residual2,residual,GPU_COMPUTE,step0.layer18.combine,2255.270240000,1.012288000,2256.282528000,step0.layer18.combine,residual add
0,19,step0.layer19.norm1,norm,GPU_COMPUTE,step0.layer18.residual2,2256.282528000,1.008192000,2257.290720000,step0.layer18.residual2,RMSNorm
0,19,step0.layer19.qkv,qkv,GPU_COMPUTE,step0.layer19.norm1,2257.290720000,3.635776000,2260.926496000,step0.layer19.norm1,QKV projection
0,19,step0.layer19.rope,rope,GPU_COMPUTE,step0.layer19.qkv,2260.926496000,1.018432000,2261.944928000,step0.layer19.qkv,QK norm and RoPE
0,19,step0.layer19.attention,attention,PIM_COMPUTE,step0.layer19.rope,2261.944928000,17.577216000,2279.522144000,step0.layer19.rope,decode attention on PIM
0,19,step0.layer19.o_proj,attention_output,GPU_COMPUTE,step0.layer19.attention,2279.522144000,3.109440000,2282.631584000,step0.layer19.attention,attention output projection
0,19,step0.layer19.residual1,residual,GPU_COMPUTE,step0.layer19.o_proj,2282.631584000,1.012288000,2283.643872000,step0.layer19.o_proj,residual add
0,19,step0.layer19.norm2,norm,GPU_COMPUTE,step0.layer19.residual1,2283.643872000,1.008192000,2284.652064000,step0.layer19.residual1,RMSNorm
0,19,step0.layer19.router,router,GPU_COMPUTE,step0.layer19.norm2,2284.652064000,2.069888000,2286.721952000,step0.layer19.norm2,MoE router
0,19,step0.layer19.metadata,metadata,GPU_COMPUTE,step0.layer19.router,2286.721952000,1.000128000,2287.722080000,step0.layer19.router,routing metadata
0,19,step0.layer19.dispatch,dispatch,,step0.layer19.metadata,2287.722080000,0.000000000,2287.722080000,step0.layer19.metadata,single-GPU dispatch placeholder
0,19,step0.layer19.scheduler,scheduler,GPU_COMPUTE,step0.layer19.metadata,2287.722080000,0.000000000,2287.722080000,step0.layer19.metadata,allexp placement policy
0,19,step0.layer19.gpu_weight_load,gpu_weight_load,HBM_MEM_PATH,step0.layer19.scheduler,2287.722080000,0.000000000,2287.722080000,step0.layer19.scheduler,expert weights HBM to GPU
0,19,step0.layer19.gpu_expert_compute,gpu_expert,GPU_COMPUTE,step0.layer19.gpu_weight_load;step0.layer19.dispatch,2287.722080000,0.000000000,2287.722080000,step0.layer19.scheduler,grouped expert GEMM
0,19,step0.layer19.pim_gwrite,pim_write,GPU_PIM_IO,step0.layer19.scheduler;step0.layer19.dispatch,2287.722080000,0.082768000,2287.804848000,step0.layer19.scheduler,PIM_GWRITE token operands
0,19,step0.layer19.pim_expert_compute,pim_expert,PIM_COMPUTE,step0.layer19.pim_gwrite,2287.804848000,85.097472000,2372.902320000,step0.layer19.pim_gwrite,serialized PIM expert GEMV
0,19,step0.layer19.pim_read,pim_read,GPU_PIM_IO,step0.layer19.pim_expert_compute,2372.902320000,0.082768000,2372.985088000,step0.layer19.pim_expert_compute,PIM expert result read
0,19,step0.layer19.combine,combine,GPU_COMPUTE,step0.layer19.gpu_expert_compute;step0.layer19.pim_read,2372.985088000,1.036864000,2374.021952000,step0.layer19.pim_read,weighted expert combine
0,19,step0.layer19.residual2,residual,GPU_COMPUTE,step0.layer19.combine,2374.021952000,1.012288000,2375.034240000,step0.layer19.combine,residual add
0,20,step0.layer20.norm1,norm,GPU_COMPUTE,step0.layer19.residual2,2375.034240000,1.008192000,2376.042432000,step0.layer19.residual2,RMSNorm
0,20,step0.layer20.qkv,qkv,GPU_COMPUTE,step0.layer20.norm1,2376.042432000,3.635776000,2379.678208000,step0.layer20.norm1,QKV projection
0,20,step0.layer20.rope,rope,GPU_COMPUTE,step0.layer20.qkv,2379.678208000,1.018432000,2380.696640000,step0.layer20.qkv,QK norm and RoPE
0,20,step0.layer20.attention,attention,PIM_COMPUTE,step0.layer20.rope,2380.696640000,17.577216000,2398.273856000,step0.layer20.rope,decode attention on PIM
0,20,step0.layer20.o_proj,attention_output,GPU_COMPUTE,step0.layer20.attention,2398.273856000,3.109440000,2401.383296000,step0.layer20.attention,attention output projection
0,20,step0.layer20.residual1,residual,GPU_COMPUTE,step0.layer20.o_proj,2401.383296000,1.012288000,2402.395584000,step0.layer20.o_proj,residual add
0,20,step0.layer20.norm2,norm,GPU_COMPUTE,step0.layer20.residual1,2402.395584000,1.008192000,2403.403776000,step0.layer20.residual1,RMSNorm
0,20,step0.layer20.router,router,GPU_COMPUTE,step0.layer20.norm2,2403.403776000,2.069888000,2405.473664000,step0.layer20.norm2,MoE router
0,20,step0.layer20.metadata,metadata,GPU_COMPUTE,step0.layer20.router,2405.473664000,1.000128000,2406.473792000,step0.layer20.router,routing metadata
0,20,step0.layer20.dispatch,dispatch,,step0.layer20.metadata,2406.473792000,0.000000000,2406.473792000,step0.layer20.metadata,single-GPU dispatch placeholder
0,20,step0.layer20.scheduler,scheduler,GPU_COMPUTE,step0.layer20.metadata,2406.473792000,0.000000000,2406.473792000,step0.layer20.metadata,allexp placement policy
0,20,step0.layer20.gpu_weight_load,gpu_weight_load,HBM_MEM_PATH,step0.layer20.scheduler,2406.473792000,0.000000000,2406.473792000,step0.layer20.scheduler,expert weights HBM to GPU
0,20,step0.layer20.gpu_expert_compute,gpu_expert,GPU_COMPUTE,step0.layer20.gpu_weight_load;step0.layer20.dispatch,2406.473792000,0.000000000,2406.473792000,step0.layer20.scheduler,grouped expert GEMM
0,20,step0.layer20.pim_gwrite,pim_write,GPU_PIM_IO,step0.layer20.scheduler;step0.layer20.dispatch,2406.473792000,0.082768000,2406.556560000,step0.layer20.scheduler,PIM_GWRITE token operands
0,20,step0.layer20.pim_expert_compute,pim_expert,PIM_COMPUTE,step0.layer20.pim_gwrite,2406.556560000,85.097472000,2491.654032000,step0.layer20.pim_gwrite,serialized PIM expert GEMV
0,20,step0.layer20.pim_read,pim_read,GPU_PIM_IO,step0.layer20.pim_expert_compute,2491.654032000,0.082768000,2491.736800000,step0.layer20.pim_expert_compute,PIM expert result read
0,20,step0.layer20.combine,combine,GPU_COMPUTE,step0.layer20.gpu_expert_compute;step0.layer20.pim_read,2491.736800000,1.036864000,2492.773664000,step0.layer20.pim_read,weighted expert combine
0,20,step0.layer20.residual2,residual,GPU_COMPUTE,step0.layer20.combine,2492.773664000,1.012288000,2493.785952000,step0.layer20.combine,residual add
0,21,step0.layer21.norm1,norm,GPU_COMPUTE,step0.layer20.residual2,2493.785952000,1.008192000,2494.794144000,step0.layer20.residual2,RMSNorm
0,21,step0.layer21.qkv,qkv,GPU_COMPUTE,step0.layer21.norm1,2494.794144000,3.635776000,2498.429920000,step0.layer21.norm1,QKV projection
0,21,step0.layer21.rope,rope,GPU_COMPUTE,step0.layer21.qkv,2498.429920000,1.018432000,2499.448352000,step0.layer21.qkv,QK norm and RoPE
0,21,step0.layer21.attention,attention,PIM_COMPUTE,step0.layer21.rope,2499.448352000,17.577216000,2517.025568000,step0.layer21.rope,decode attention on PIM
0,21,step0.layer21.o_proj,attention_output,GPU_COMPUTE,step0.layer21.attention,2517.025568000,3.109440000,2520.135008000,step0.layer21.attention,attention output projection
0,21,step0.layer21.residual1,residual,GPU_COMPUTE,step0.layer21.o_proj,2520.135008000,1.012288000,2521.147296000,step0.layer21.o_proj,residual add
0,21,step0.layer21.norm2,norm,GPU_COMPUTE,step0.layer21.residual1,2521.147296000,1.008192000,2522.155488000,step0.layer21.residual1,RMSNorm
0,21,step0.layer21.router,router,GPU_COMPUTE,step0.layer21.norm2,2522.155488000,2.069888000,2524.225376000,step0.layer21.norm2,MoE router
0,21,step0.layer21.metadata,metadata,GPU_COMPUTE,step0.layer21.router,2524.225376000,1.000128000,2525.225504000,step0.layer21.router,routing metadata
0,21,step0.layer21.dispatch,dispatch,,step0.layer21.metadata,2525.225504000,0.000000000,2525.225504000,step0.layer21.metadata,single-GPU dispatch placeholder
0,21,step0.layer21.scheduler,scheduler,GPU_COMPUTE,step0.layer21.metadata,2525.225504000,0.000000000,2525.225504000,step0.layer21.metadata,allexp placement policy
0,21,step0.layer21.gpu_weight_load,gpu_weight_load,HBM_MEM_PATH,step0.layer21.scheduler,2525.225504000,0.000000000,2525.225504000,step0.layer21.scheduler,expert weights HBM to GPU
0,21,step0.layer21.gpu_expert_compute,gpu_expert,GPU_COMPUTE,step0.layer21.gpu_weight_load;step0.layer21.dispatch,2525.225504000,0.000000000,2525.225504000,step0.layer21.scheduler,grouped expert GEMM
0,21,step0.layer21.pim_gwrite,pim_write,GPU_PIM_IO,step0.layer21.scheduler;step0.layer21.dispatch,2525.225504000,0.082768000,2525.308272000,step0.layer21.scheduler,PIM_GWRITE token operands
0,21,step0.layer21.pim_expert_compute,pim_expert,PIM_COMPUTE,step0.layer21.pim_gwrite,2525.308272000,85.097472000,2610.405744000,step0.layer21.pim_gwrite,serialized PIM expert GEMV
0,21,step0.layer21.pim_read,pim_read,GPU_PIM_IO,step0.layer21.pim_expert_compute,2610.405744000,0.082768000,2610.488512000,step0.layer21.pim_expert_compute,PIM expert result read
0,21,step0.layer21.combine,combine,GPU_COMPUTE,step0.layer21.gpu_expert_compute;step0.layer21.pim_read,2610.488512000,1.036864000,2611.525376000,step0.layer21.pim_read,weighted expert combine
0,21,step0.layer21.residual2,residual,GPU_COMPUTE,step0.layer21.combine,2611.525376000,1.012288000,2612.537664000,step0.layer21.combine,residual add
0,22,step0.layer22.norm1,norm,GPU_COMPUTE,step0.layer21.residual2,2612.537664000,1.008192000,2613.545856000,step0.layer21.residual2,RMSNorm
0,22,step0.layer22.qkv,qkv,GPU_COMPUTE,step0.layer22.norm1,2613.545856000,3.635776000,2617.181632000,step0.layer22.norm1,QKV projection
0,22,step0.layer22.rope,rope,GPU_COMPUTE,step0.layer22.qkv,2617.181632000,1.018432000,2618.200064000,step0.layer22.qkv,QK norm and RoPE
0,22,step0.layer22.attention,attention,PIM_COMPUTE,step0.layer22.rope,2618.200064000,17.577216000,2635.777280000,step0.layer22.rope,decode attention on PIM
0,22,step0.layer22.o_proj,attention_output,GPU_COMPUTE,step0.layer22.attention,2635.777280000,3.109440000,2638.886720000,step0.layer22.attention,attention output projection
0,22,step0.layer22.residual1,residual,GPU_COMPUTE,step0.layer22.o_proj,2638.886720000,1.012288000,2639.899008000,step0.layer22.o_proj,residual add
0,22,step0.layer22.norm2,norm,GPU_COMPUTE,step0.layer22.residual1,2639.899008000,1.008192000,2640.907200000,step0.layer22.residual1,RMSNorm
0,22,step0.layer22.router,router,GPU_COMPUTE,step0.layer22.norm2,2640.907200000,2.069888000,2642.977088000,step0.layer22.norm2,MoE router
0,22,step0.layer22.metadata,metadata,GPU_COMPUTE,step0.layer22.router,2642.977088000,1.000128000,2643.977216000,step0.layer22.router,routing metadata
0,22,step0.layer22.dispatch,dispatch,,step0.layer22.metadata,2643.977216000,0.000000000,2643.977216000,step0.layer22.metadata,single-GPU dispatch placeholder
0,22,step0.layer22.scheduler,scheduler,GPU_COMPUTE,step0.layer22.metadata,2643.977216000,0.000000000,2643.977216000,step0.layer22.metadata,allexp placement policy
0,22,step0.layer22.gpu_weight_load,gpu_weight_load,HBM_MEM_PATH,step0.layer22.scheduler,2643.977216000,0.000000000,2643.977216000,step0.layer22.scheduler,expert weights HBM to GPU
0,22,step0.layer22.gpu_expert_compute,gpu_expert,GPU_COMPUTE,step0.layer22.gpu_weight_load;step0.layer22.dispatch,2643.977216000,0.000000000,2643.977216000,step0.layer22.scheduler,grouped expert GEMM
0,22,step0.layer22.pim_gwrite,pim_write,GPU_PIM_IO,step0.layer22.scheduler;step0.layer22.dispatch,2643.977216000,0.082768000,2644.059984000,step0.layer22.scheduler,PIM_GWRITE token operands
0,22,step0.layer22.pim_expert_compute,pim_expert,PIM_COMPUTE,step0.layer22.pim_gwrite,2644.059984000,85.097472000,2729.157456000,step0.layer22.pim_gwrite,serialized PIM expert GEMV
0,22,step0.layer22.pim_read,pim_read,GPU_PIM_IO,step0.layer22.pim_expert_compute,2729.157456000,0.082768000,2729.240224000,step0.layer22.pim_expert_compute,PIM expert result read
0,22,step0.layer22.combine,combine,GPU_COMPUTE,step0.layer22.gpu_expert_compute;step0.layer22.pim_read,2729.240224000,1.036864000,2730.277088000,step0.layer22.pim_read,weighted expert combine
0,22,step0.layer22.residual2,residual,GPU_COMPUTE,step0.layer22.combine,2730.277088000,1.012288000,2731.289376000,step0.layer22.combine,residual add
0,23,step0.layer23.norm1,norm,GPU_COMPUTE,step0.layer22.residual2,2731.289376000,1.008192000,2732.297568000,step0.layer22.residual2,RMSNorm
0,23,step0.layer23.qkv,qkv,GPU_COMPUTE,step0.layer23.norm1,2732.297568000,3.635776000,2735.933344000,step0.layer23.norm1,QKV projection
0,23,step0.layer23.rope,rope,GPU_COMPUTE,step0.layer23.qkv,2735.933344000,1.018432000,2736.951776000,step0.layer23.qkv,QK norm and RoPE
0,23,step0.layer23.attention,attention,PIM_COMPUTE,step0.layer23.rope,2736.951776000,17.577216000,2754.528992000,step0.layer23.rope,decode attention on PIM
0,23,step0.layer23.o_proj,attention_output,GPU_COMPUTE,step0.layer23.attention,2754.528992000,3.109440000,2757.638432000,step0.layer23.attention,attention output projection
0,23,step0.layer23.residual1,residual,GPU_COMPUTE,step0.layer23.o_proj,2757.638432000,1.012288000,2758.650720000,step0.layer23.o_proj,residual add
0,23,step0.layer23.norm2,norm,GPU_COMPUTE,step0.layer23.residual1,2758.650720000,1.008192000,2759.658912000,step0.layer23.residual1,RMSNorm
0,23,step0.layer23.router,router,GPU_COMPUTE,step0.layer23.norm2,2759.658912000,2.069888000,2761.728800000,step0.layer23.norm2,MoE router
0,23,step0.layer23.metadata,metadata,GPU_COMPUTE,step0.layer23.router,2761.728800000,1.000128000,2762.728928000,step0.layer23.router,routing metadata
0,23,step0.layer23.dispatch,dispatch,,step0.layer23.metadata,2762.728928000,0.000000000,2762.728928000,step0.layer23.metadata,single-GPU dispatch placeholder
0,23,step0.layer23.scheduler,scheduler,GPU_COMPUTE,step0.layer23.metadata,2762.728928000,0.000000000,2762.728928000,step0.layer23.metadata,allexp placement policy
0,23,step0.layer23.gpu_weight_load,gpu_weight_load,HBM_MEM_PATH,step0.layer23.scheduler,2762.728928000,0.000000000,2762.728928000,step0.layer23.scheduler,expert weights HBM to GPU
0,23,step0.layer23.gpu_expert_compute,gpu_expert,GPU_COMPUTE,step0.layer23.gpu_weight_load;step0.layer23.dispatch,2762.728928000,0.000000000,2762.728928000,step0.layer23.scheduler,grouped expert GEMM
0,23,step0.layer23.pim_gwrite,pim_write,GPU_PIM_IO,step0.layer23.scheduler;step0.layer23.dispatch,2762.728928000,0.082768000,2762.811696000,step0.layer23.scheduler,PIM_GWRITE token operands
0,23,step0.layer23.pim_expert_compute,pim_expert,PIM_COMPUTE,step0.layer23.pim_gwrite,2762.811696000,85.097472000,2847.909168000,step0.layer23.pim_gwrite,serialized PIM expert GEMV
0,23,step0.layer23.pim_read,pim_read,GPU_PIM_IO,step0.layer23.pim_expert_compute,2847.909168000,0.082768000,2847.991936000,step0.layer23.pim_expert_compute,PIM expert result read
0,23,step0.layer23.combine,combine,GPU_COMPUTE,step0.layer23.gpu_expert_compute;step0.layer23.pim_read,2847.991936000,1.036864000,2849.028800000,step0.layer23.pim_read,weighted expert combine
0,23,step0.layer23.residual2,residual,GPU_COMPUTE,step0.layer23.combine,2849.028800000,1.012288000,2850.041088000,step0.layer23.combine,residual add
0,24,step0.layer24.norm1,norm,GPU_COMPUTE,step0.layer23.residual2,2850.041088000,1.008192000,2851.049280000,step0.layer23.residual2,RMSNorm
0,24,step0.layer24.qkv,qkv,GPU_COMPUTE,step0.layer24.norm1,2851.049280000,3.635776000,2854.685056000,step0.layer24.norm1,QKV projection
0,24,step0.layer24.rope,rope,GPU_COMPUTE,step0.layer24.qkv,2854.685056000,1.018432000,2855.703488000,step0.layer24.qkv,QK norm and RoPE
0,24,step0.layer24.attention,attention,PIM_COMPUTE,step0.layer24.rope,2855.703488000,17.577216000,2873.280704000,step0.layer24.rope,decode attention on PIM
0,24,step0.layer24.o_proj,attention_output,GPU_COMPUTE,step0.layer24.attention,2873.280704000,3.109440000,2876.390144000,step0.layer24.attention,attention output projection
0,24,step0.layer24.residual1,residual,GPU_COMPUTE,step0.layer24.o_proj,2876.390144000,1.012288000,2877.402432000,step0.layer24.o_proj,residual add
0,24,step0.layer24.norm2,norm,GPU_COMPUTE,step0.layer24.residual1,2877.402432000,1.008192000,2878.410624000,step0.layer24.residual1,RMSNorm
0,24,step0.layer24.router,router,GPU_COMPUTE,step0.layer24.norm2,2878.410624000,2.069888000,2880.480512000,step0.layer24.norm2,MoE router
0,24,step0.layer24.metadata,metadata,GPU_COMPUTE,step0.layer24.router,2880.480512000,1.000128000,2881.480640000,step0.layer24.router,routing metadata
0,24,step0.layer24.dispatch,dispatch,,step0.layer24.metadata,2881.480640000,0.000000000,2881.480640000,step0.layer24.metadata,single-GPU dispatch placeholder
0,24,step0.layer24.scheduler,scheduler,GPU_COMPUTE,step0.layer24.metadata,2881.480640000,0.000000000,2881.480640000,step0.layer24.metadata,allexp placement policy
0,24,step0.layer24.gpu_weight_load,gpu_weight_load,HBM_MEM_PATH,step0.layer24.scheduler,2881.480640000,0.000000000,2881.480640000,step0.layer24.scheduler,expert weights HBM to GPU
0,24,step0.layer24.gpu_expert_compute,gpu_expert,GPU_COMPUTE,step0.layer24.gpu_weight_load;step0.layer24.dispatch,2881.480640000,0.000000000,2881.480640000,step0.layer24.scheduler,grouped expert GEMM
0,24,step0.layer24.pim_gwrite,pim_write,GPU_PIM_IO,step0.layer24.scheduler;step0.layer24.dispatch,2881.480640000,0.082768000,2881.563408000,step0.layer24.scheduler,PIM_GWRITE token operands
0,24,step0.layer24.pim_expert_compute,pim_expert,PIM_COMPUTE,step0.layer24.pim_gwrite,2881.563408000,85.097472000,2966.660880000,step0.layer24.pim_gwrite,serialized PIM expert GEMV
0,24,step0.layer24.pim_read,pim_read,GPU_PIM_IO,step0.layer24.pim_expert_compute,2966.660880000,0.082768000,2966.743648000,step0.layer24.pim_expert_compute,PIM expert result read
0,24,step0.layer24.combine,combine,GPU_COMPUTE,step0.layer24.gpu_expert_compute;step0.layer24.pim_read,2966.743648000,1.036864000,2967.780512000,step0.layer24.pim_read,weighted expert combine
0,24,step0.layer24.residual2,residual,GPU_COMPUTE,step0.layer24.combine,2967.780512000,1.012288000,2968.792800000,step0.layer24.combine,residual add
0,25,step0.layer25.norm1,norm,GPU_COMPUTE,step0.layer24.residual2,2968.792800000,1.008192000,2969.800992000,step0.layer24.residual2,RMSNorm
0,25,step0.layer25.qkv,qkv,GPU_COMPUTE,step0.layer25.norm1,2969.800992000,3.635776000,2973.436768000,step0.layer25.norm1,QKV projection
0,25,step0.layer25.rope,rope,GPU_COMPUTE,step0.layer25.qkv,2973.436768000,1.018432000,2974.455200000,step0.layer25.qkv,QK norm and RoPE
0,25,step0.layer25.attention,attention,PIM_COMPUTE,step0.layer25.rope,2974.455200000,17.577216000,2992.032416000,step0.layer25.rope,decode attention on PIM
0,25,step0.layer25.o_proj,attention_output,GPU_COMPUTE,step0.layer25.attention,2992.032416000,3.109440000,2995.141856000,step0.layer25.attention,attention output projection
0,25,step0.layer25.residual1,residual,GPU_COMPUTE,step0.layer25.o_proj,2995.141856000,1.012288000,2996.154144000,step0.layer25.o_proj,residual add
0,25,step0.layer25.norm2,norm,GPU_COMPUTE,step0.layer25.residual1,2996.154144000,1.008192000,2997.162336000,step0.layer25.residual1,RMSNorm
0,25,step0.layer25.router,router,GPU_COMPUTE,step0.layer25.norm2,2997.162336000,2.069888000,2999.232224000,step0.layer25.norm2,MoE router
0,25,step0.layer25.metadata,metadata,GPU_COMPUTE,step0.layer25.router,2999.232224000,1.000128000,3000.232352000,step0.layer25.router,routing metadata
0,25,step0.layer25.dispatch,dispatch,,step0.layer25.metadata,3000.232352000,0.000000000,3000.232352000,step0.layer25.metadata,single-GPU dispatch placeholder
0,25,step0.layer25.scheduler,scheduler,GPU_COMPUTE,step0.layer25.metadata,3000.232352000,0.000000000,3000.232352000,step0.layer25.metadata,allexp placement policy
0,25,step0.layer25.gpu_weight_load,gpu_weight_load,HBM_MEM_PATH,step0.layer25.scheduler,3000.232352000,0.000000000,3000.232352000,step0.layer25.scheduler,expert weights HBM to GPU
0,25,step0.layer25.gpu_expert_compute,gpu_expert,GPU_COMPUTE,step0.layer25.gpu_weight_load;step0.layer25.dispatch,3000.232352000,0.000000000,3000.232352000,step0.layer25.scheduler,grouped expert GEMM
0,25,step0.layer25.pim_gwrite,pim_write,GPU_PIM_IO,step0.layer25.scheduler;step0.layer25.dispatch,3000.232352000,0.082768000,3000.315120000,step0.layer25.scheduler,PIM_GWRITE token operands
0,25,step0.layer25.pim_expert_compute,pim_expert,PIM_COMPUTE,step0.layer25.pim_gwrite,3000.315120000,85.097472000,3085.412592000,step0.layer25.pim_gwrite,serialized PIM expert GEMV
0,25,step0.layer25.pim_read,pim_read,GPU_PIM_IO,step0.layer25.pim_expert_compute,3085.412592000,0.082768000,3085.495360000,step0.layer25.pim_expert_compute,PIM expert result read
0,25,step0.layer25.combine,combine,GPU_COMPUTE,step0.layer25.gpu_expert_compute;step0.layer25.pim_read,3085.495360000,1.036864000,3086.532224000,step0.layer25.pim_read,weighted expert combine
0,25,step0.layer25.residual2,residual,GPU_COMPUTE,step0.layer25.combine,3086.532224000,1.012288000,3087.544512000,step0.layer25.combine,residual add
0,26,step0.layer26.norm1,norm,GPU_COMPUTE,step0.layer25.residual2,3087.544512000,1.008192000,3088.552704000,step0.layer25.residual2,RMSNorm
0,26,step0.layer26.qkv,qkv,GPU_COMPUTE,step0.layer26.norm1,3088.552704000,3.635776000,3092.188480000,step0.layer26.norm1,QKV projection
0,26,step0.layer26.rope,rope,GPU_COMPUTE,step0.layer26.qkv,3092.188480000,1.018432000,3093.206912000,step0.layer26.qkv,QK norm and RoPE
0,26,step0.layer26.attention,attention,PIM_COMPUTE,step0.layer26.rope,3093.206912000,17.577216000,3110.784128000,step0.layer26.rope,decode attention on PIM
0,26,step0.layer26.o_proj,attention_output,GPU_COMPUTE,step0.layer26.attention,3110.784128000,3.109440000,3113.893568000,step0.layer26.attention,attention output projection
0,26,step0.layer26.residual1,residual,GPU_COMPUTE,step0.layer26.o_proj,3113.893568000,1.012288000,3114.905856000,step0.layer26.o_proj,residual add
0,26,step0.layer26.norm2,norm,GPU_COMPUTE,step0.layer26.residual1,3114.905856000,1.008192000,3115.914048000,step0.layer26.residual1,RMSNorm
0,26,step0.layer26.router,router,GPU_COMPUTE,step0.layer26.norm2,3115.914048000,2.069888000,3117.983936000,step0.layer26.norm2,MoE router
0,26,step0.layer26.metadata,metadata,GPU_COMPUTE,step0.layer26.router,3117.983936000,1.000128000,3118.984064000,step0.layer26.router,routing metadata
0,26,step0.layer26.dispatch,dispatch,,step0.layer26.metadata,3118.984064000,0.000000000,3118.984064000,step0.layer26.metadata,single-GPU dispatch placeholder
0,26,step0.layer26.scheduler,scheduler,GPU_COMPUTE,step0.layer26.metadata,3118.984064000,0.000000000,3118.984064000,step0.layer26.metadata,allexp placement policy
0,26,step0.layer26.gpu_weight_load,gpu_weight_load,HBM_MEM_PATH,step0.layer26.scheduler,3118.984064000,0.000000000,3118.984064000,step0.layer26.scheduler,expert weights HBM to GPU
0,26,step0.layer26.gpu_expert_compute,gpu_expert,GPU_COMPUTE,step0.layer26.gpu_weight_load;step0.layer26.dispatch,3118.984064000,0.000000000,3118.984064000,step0.layer26.scheduler,grouped expert GEMM
0,26,step0.layer26.pim_gwrite,pim_write,GPU_PIM_IO,step0.layer26.scheduler;step0.layer26.dispatch,3118.984064000,0.082768000,3119.066832000,step0.layer26.scheduler,PIM_GWRITE token operands
0,26,step0.layer26.pim_expert_compute,pim_expert,PIM_COMPUTE,step0.layer26.pim_gwrite,3119.066832000,85.097472000,3204.164304000,step0.layer26.pim_gwrite,serialized PIM expert GEMV
0,26,step0.layer26.pim_read,pim_read,GPU_PIM_IO,step0.layer26.pim_expert_compute,3204.164304000,0.082768000,3204.247072000,step0.layer26.pim_expert_compute,PIM expert result read
0,26,step0.layer26.combine,combine,GPU_COMPUTE,step0.layer26.gpu_expert_compute;step0.layer26.pim_read,3204.247072000,1.036864000,3205.283936000,step0.layer26.pim_read,weighted expert combine
0,26,step0.layer26.residual2,residual,GPU_COMPUTE,step0.layer26.combine,3205.283936000,1.012288000,3206.296224000,step0.layer26.combine,residual add
0,27,step0.layer27.norm1,norm,GPU_COMPUTE,step0.layer26.residual2,3206.296224000,1.008192000,3207.304416000,step0.layer26.residual2,RMSNorm
0,27,step0.layer27.qkv,qkv,GPU_COMPUTE,step0.layer27.norm1,3207.304416000,3.635776000,3210.940192000,step0.layer27.norm1,QKV projection
0,27,step0.layer27.rope,rope,GPU_COMPUTE,step0.layer27.qkv,3210.940192000,1.018432000,3211.958624000,step0.layer27.qkv,QK norm and RoPE
0,27,step0.layer27.attention,attention,PIM_COMPUTE,step0.layer27.rope,3211.958624000,17.577216000,3229.535840000,step0.layer27.rope,decode attention on PIM
0,27,step0.layer27.o_proj,attention_output,GPU_COMPUTE,step0.layer27.attention,3229.535840000,3.109440000,3232.645280000,step0.layer27.attention,attention output projection
0,27,step0.layer27.residual1,residual,GPU_COMPUTE,step0.layer27.o_proj,3232.645280000,1.012288000,3233.657568000,step0.layer27.o_proj,residual add
0,27,step0.layer27.norm2,norm,GPU_COMPUTE,step0.layer27.residual1,3233.657568000,1.008192000,3234.665760000,step0.layer27.residual1,RMSNorm
0,27,step0.layer27.router,router,GPU_COMPUTE,step0.layer27.norm2,3234.665760000,2.069888000,3236.735648000,step0.layer27.norm2,MoE router
0,27,step0.layer27.metadata,metadata,GPU_COMPUTE,step0.layer27.router,3236.735648000,1.000128000,3237.735776000,step0.layer27.router,routing metadata
0,27,step0.layer27.dispatch,dispatch,,step0.layer27.metadata,3237.735776000,0.000000000,3237.735776000,step0.layer27.metadata,single-GPU dispatch placeholder
0,27,step0.layer27.scheduler,scheduler,GPU_COMPUTE,step0.layer27.metadata,3237.735776000,0.000000000,3237.735776000,step0.layer27.metadata,allexp placement policy
0,27,step0.layer27.gpu_weight_load,gpu_weight_load,HBM_MEM_PATH,step0.layer27.scheduler,3237.735776000,0.000000000,3237.735776000,step0.layer27.scheduler,expert weights HBM to GPU
0,27,step0.layer27.gpu_expert_compute,gpu_expert,GPU_COMPUTE,step0.layer27.gpu_weight_load;step0.layer27.dispatch,3237.735776000,0.000000000,3237.735776000,step0.layer27.scheduler,grouped expert GEMM
0,27,step0.layer27.pim_gwrite,pim_write,GPU_PIM_IO,step0.layer27.scheduler;step0.layer27.dispatch,3237.735776000,0.082768000,3237.818544000,step0.layer27.scheduler,PIM_GWRITE token operands
0,27,step0.layer27.pim_expert_compute,pim_expert,PIM_COMPUTE,step0.layer27.pim_gwrite,3237.818544000,85.097472000,3322.916016000,step0.layer27.pim_gwrite,serialized PIM expert GEMV
0,27,step0.layer27.pim_read,pim_read,GPU_PIM_IO,step0.layer27.pim_expert_compute,3322.916016000,0.082768000,3322.998784000,step0.layer27.pim_expert_compute,PIM expert result read
0,27,step0.layer27.combine,combine,GPU_COMPUTE,step0.layer27.gpu_expert_compute;step0.layer27.pim_read,3322.998784000,1.036864000,3324.035648000,step0.layer27.pim_read,weighted expert combine
0,27,step0.layer27.residual2,residual,GPU_COMPUTE,step0.layer27.combine,3324.035648000,1.012288000,3325.047936000,step0.layer27.combine,residual add
0,28,step0.layer28.norm1,norm,GPU_COMPUTE,step0.layer27.residual2,3325.047936000,1.008192000,3326.056128000,step0.layer27.residual2,RMSNorm
0,28,step0.layer28.qkv,qkv,GPU_COMPUTE,step0.layer28.norm1,3326.056128000,3.635776000,3329.691904000,step0.layer28.norm1,QKV projection
0,28,step0.layer28.rope,rope,GPU_COMPUTE,step0.layer28.qkv,3329.691904000,1.018432000,3330.710336000,step0.layer28.qkv,QK norm and RoPE
0,28,step0.layer28.attention,attention,PIM_COMPUTE,step0.layer28.rope,3330.710336000,17.577216000,3348.287552000,step0.layer28.rope,decode attention on PIM
0,28,step0.layer28.o_proj,attention_output,GPU_COMPUTE,step0.layer28.attention,3348.287552000,3.109440000,3351.396992000,step0.layer28.attention,attention output projection
0,28,step0.layer28.residual1,residual,GPU_COMPUTE,step0.layer28.o_proj,3351.396992000,1.012288000,3352.409280000,step0.layer28.o_proj,residual add
0,28,step0.layer28.norm2,norm,GPU_COMPUTE,step0.layer28.residual1,3352.409280000,1.008192000,3353.417472000,step0.layer28.residual1,RMSNorm
0,28,step0.layer28.router,router,GPU_COMPUTE,step0.layer28.norm2,3353.417472000,2.069888000,3355.487360000,step0.layer28.norm2,MoE router
0,28,step0.layer28.metadata,metadata,GPU_COMPUTE,step0.layer28.router,3355.487360000,1.000128000,3356.487488000,step0.layer28.router,routing metadata
0,28,step0.layer28.dispatch,dispatch,,step0.layer28.metadata,3356.487488000,0.000000000,3356.487488000,step0.layer28.metadata,single-GPU dispatch placeholder
0,28,step0.layer28.scheduler,scheduler,GPU_COMPUTE,step0.layer28.metadata,3356.487488000,0.000000000,3356.487488000,step0.layer28.metadata,allexp placement policy
0,28,step0.layer28.gpu_weight_load,gpu_weight_load,HBM_MEM_PATH,step0.layer28.scheduler,3356.487488000,0.000000000,3356.487488000,step0.layer28.scheduler,expert weights HBM to GPU
0,28,step0.layer28.gpu_expert_compute,gpu_expert,GPU_COMPUTE,step0.layer28.gpu_weight_load;step0.layer28.dispatch,3356.487488000,0.000000000,3356.487488000,step0.layer28.scheduler,grouped expert GEMM
0,28,step0.layer28.pim_gwrite,pim_write,GPU_PIM_IO,step0.layer28.scheduler;step0.layer28.dispatch,3356.487488000,0.082768000,3356.570256000,step0.layer28.scheduler,PIM_GWRITE token operands
0,28,step0.layer28.pim_expert_compute,pim_expert,PIM_COMPUTE,step0.layer28.pim_gwrite,3356.570256000,85.097472000,3441.667728000,step0.layer28.pim_gwrite,serialized PIM expert GEMV
0,28,step0.layer28.pim_read,pim_read,GPU_PIM_IO,step0.layer28.pim_expert_compute,3441.667728000,0.082768000,3441.750496000,step0.layer28.pim_expert_compute,PIM expert result read
0,28,step0.layer28.combine,combine,GPU_COMPUTE,step0.layer28.gpu_expert_compute;step0.layer28.pim_read,3441.750496000,1.036864000,3442.787360000,step0.layer28.pim_read,weighted expert combine
0,28,step0.layer28.residual2,residual,GPU_COMPUTE,step0.layer28.combine,3442.787360000,1.012288000,3443.799648000,step0.layer28.combine,residual add
0,29,step0.layer29.norm1,norm,GPU_COMPUTE,step0.layer28.residual2,3443.799648000,1.008192000,3444.807840000,step0.layer28.residual2,RMSNorm
0,29,step0.layer29.qkv,qkv,GPU_COMPUTE,step0.layer29.norm1,3444.807840000,3.635776000,3448.443616000,step0.layer29.norm1,QKV projection
0,29,step0.layer29.rope,rope,GPU_COMPUTE,step0.layer29.qkv,3448.443616000,1.018432000,3449.462048000,step0.layer29.qkv,QK norm and RoPE
0,29,step0.layer29.attention,attention,PIM_COMPUTE,step0.layer29.rope,3449.462048000,17.577216000,3467.039264000,step0.layer29.rope,decode attention on PIM
0,29,step0.layer29.o_proj,attention_output,GPU_COMPUTE,step0.layer29.attention,3467.039264000,3.109440000,3470.148704000,step0.layer29.attention,attention output projection
0,29,step0.layer29.residual1,residual,GPU_COMPUTE,step0.layer29.o_proj,3470.148704000,1.012288000,3471.160992000,step0.layer29.o_proj,residual add
0,29,step0.layer29.norm2,norm,GPU_COMPUTE,step0.layer29.residual1,3471.160992000,1.008192000,3472.169184000,step0.layer29.residual1,RMSNorm
0,29,step0.layer29.router,router,GPU_COMPUTE,step0.layer29.norm2,3472.169184000,2.069888000,3474.239072000,step0.layer29.norm2,MoE router
0,29,step0.layer29.metadata,metadata,GPU_COMPUTE,step0.layer29.router,3474.239072000,1.000128000,3475.239200000,step0.layer29.router,routing metadata
0,29,step0.layer29.dispatch,dispatch,,step0.layer29.metadata,3475.239200000,0.000000000,3475.239200000,step0.layer29.metadata,single-GPU dispatch placeholder
0,29,step0.layer29.scheduler,scheduler,GPU_COMPUTE,step0.layer29.metadata,3475.239200000,0.000000000,3475.239200000,step0.layer29.metadata,allexp placement policy
0,29,step0.layer29.gpu_weight_load,gpu_weight_load,HBM_MEM_PATH,step0.layer29.scheduler,3475.239200000,0.000000000,3475.239200000,step0.layer29.scheduler,expert weights HBM to GPU
0,29,step0.layer29.gpu_expert_compute,gpu_expert,GPU_COMPUTE,step0.layer29.gpu_weight_load;step0.layer29.dispatch,3475.239200000,0.000000000,3475.239200000,step0.layer29.scheduler,grouped expert GEMM
0,29,step0.layer29.pim_gwrite,pim_write,GPU_PIM_IO,step0.layer29.scheduler;step0.layer29.dispatch,3475.239200000,0.082768000,3475.321968000,step0.layer29.scheduler,PIM_GWRITE token operands
0,29,step0.layer29.pim_expert_compute,pim_expert,PIM_COMPUTE,step0.layer29.pim_gwrite,3475.321968000,85.097472000,3560.419440000,step0.layer29.pim_gwrite,serialized PIM expert GEMV
0,29,step0.layer29.pim_read,pim_read,GPU_PIM_IO,step0.layer29.pim_expert_compute,3560.419440000,0.082768000,3560.502208000,step0.layer29.pim_expert_compute,PIM expert result read
0,29,step0.layer29.combine,combine,GPU_COMPUTE,step0.layer29.gpu_expert_compute;step0.layer29.pim_read,3560.502208000,1.036864000,3561.539072000,step0.layer29.pim_read,weighted expert combine
0,29,step0.layer29.residual2,residual,GPU_COMPUTE,step0.layer29.combine,3561.539072000,1.012288000,3562.551360000,step0.layer29.combine,residual add
0,30,step0.layer30.norm1,norm,GPU_COMPUTE,step0.layer29.residual2,3562.551360000,1.008192000,3563.559552000,step0.layer29.residual2,RMSNorm
0,30,step0.layer30.qkv,qkv,GPU_COMPUTE,step0.layer30.norm1,3563.559552000,3.635776000,3567.195328000,step0.layer30.norm1,QKV projection
0,30,step0.layer30.rope,rope,GPU_COMPUTE,step0.layer30.qkv,3567.195328000,1.018432000,3568.213760000,step0.layer30.qkv,QK norm and RoPE
0,30,step0.layer30.attention,attention,PIM_COMPUTE,step0.layer30.rope,3568.213760000,17.577216000,3585.790976000,step0.layer30.rope,decode attention on PIM
0,30,step0.layer30.o_proj,attention_output,GPU_COMPUTE,step0.layer30.attention,3585.790976000,3.109440000,3588.900416000,step0.layer30.attention,attention output projection
0,30,step0.layer30.residual1,residual,GPU_COMPUTE,step0.layer30.o_proj,3588.900416000,1.012288000,3589.912704000,step0.layer30.o_proj,residual add
0,30,step0.layer30.norm2,norm,GPU_COMPUTE,step0.layer30.residual1,3589.912704000,1.008192000,3590.920896000,step0.layer30.residual1,RMSNorm
0,30,step0.layer30.router,router,GPU_COMPUTE,step0.layer30.norm2,3590.920896000,2.069888000,3592.990784000,step0.layer30.norm2,MoE router
0,30,step0.layer30.metadata,metadata,GPU_COMPUTE,step0.layer30.router,3592.990784000,1.000128000,3593.990912000,step0.layer30.router,routing metadata
0,30,step0.layer30.dispatch,dispatch,,step0.layer30.metadata,3593.990912000,0.000000000,3593.990912000,step0.layer30.metadata,single-GPU dispatch placeholder
0,30,step0.layer30.scheduler,scheduler,GPU_COMPUTE,step0.layer30.metadata,3593.990912000,0.000000000,3593.990912000,step0.layer30.metadata,allexp placement policy
0,30,step0.layer30.gpu_weight_load,gpu_weight_load,HBM_MEM_PATH,step0.layer30.scheduler,3593.990912000,0.000000000,3593.990912000,step0.layer30.scheduler,expert weights HBM to GPU
0,30,step0.layer30.gpu_expert_compute,gpu_expert,GPU_COMPUTE,step0.layer30.gpu_weight_load;step0.layer30.dispatch,3593.990912000,0.000000000,3593.990912000,step0.layer30.scheduler,grouped expert GEMM
0,30,step0.layer30.pim_gwrite,pim_write,GPU_PIM_IO,step0.layer30.scheduler;step0.layer30.dispatch,3593.990912000,0.082768000,3594.073680000,step0.layer30.scheduler,PIM_GWRITE token operands
0,30,step0.layer30.pim_expert_compute,pim_expert,PIM_COMPUTE,step0.layer30.pim_gwrite,3594.073680000,85.097472000,3679.171152000,step0.layer30.pim_gwrite,serialized PIM expert GEMV
0,30,step0.layer30.pim_read,pim_read,GPU_PIM_IO,step0.layer30.pim_expert_compute,3679.171152000,0.082768000,3679.253920000,step0.layer30.pim_expert_compute,PIM expert result read
0,30,step0.layer30.combine,combine,GPU_COMPUTE,step0.layer30.gpu_expert_compute;step0.layer30.pim_read,3679.253920000,1.036864000,3680.290784000,step0.layer30.pim_read,weighted expert combine
0,30,step0.layer30.residual2,residual,GPU_COMPUTE,step0.layer30.combine,3680.290784000,1.012288000,3681.303072000,step0.layer30.combine,residual add
0,31,step0.layer31.norm1,norm,GPU_COMPUTE,step0.layer30.residual2,3681.303072000,1.008192000,3682.311264000,step0.layer30.residual2,RMSNorm
0,31,step0.layer31.qkv,qkv,GPU_COMPUTE,step0.layer31.norm1,3682.311264000,3.635776000,3685.947040000,step0.layer31.norm1,QKV projection
0,31,step0.layer31.rope,rope,GPU_COMPUTE,step0.layer31.qkv,3685.947040000,1.018432000,3686.965472000,step0.layer31.qkv,QK norm and RoPE
0,31,step0.layer31.attention,attention,PIM_COMPUTE,step0.layer31.rope,3686.965472000,17.577216000,3704.542688000,step0.layer31.rope,decode attention on PIM
0,31,step0.layer31.o_proj,attention_output,GPU_COMPUTE,step0.layer31.attention,3704.542688000,3.109440000,3707.652128000,step0.layer31.attention,attention output projection
0,31,step0.layer31.residual1,residual,GPU_COMPUTE,step0.layer31.o_proj,3707.652128000,1.012288000,3708.664416000,step0.layer31.o_proj,residual add
0,31,step0.layer31.norm2,norm,GPU_COMPUTE,step0.layer31.residual1,3708.664416000,1.008192000,3709.672608000,step0.layer31.residual1,RMSNorm
0,31,step0.layer31.router,router,GPU_COMPUTE,step0.layer31.norm2,3709.672608000,2.069888000,3711.742496000,step0.layer31.norm2,MoE router
0,31,step0.layer31.metadata,metadata,GPU_COMPUTE,step0.layer31.router,3711.742496000,1.000128000,3712.742624000,step0.layer31.router,routing metadata
0,31,step0.layer31.dispatch,dispatch,,step0.layer31.metadata,3712.742624000,0.000000000,3712.742624000,step0.layer31.metadata,single-GPU dispatch placeholder
0,31,step0.layer31.scheduler,scheduler,GPU_COMPUTE,step0.layer31.metadata,3712.742624000,0.000000000,3712.742624000,step0.layer31.metadata,allexp placement policy
0,31,step0.layer31.gpu_weight_load,gpu_weight_load,HBM_MEM_PATH,step0.layer31.scheduler,3712.742624000,0.000000000,3712.742624000,step0.layer31.scheduler,expert weights HBM to GPU
0,31,step0.layer31.gpu_expert_compute,gpu_expert,GPU_COMPUTE,step0.layer31.gpu_weight_load;step0.layer31.dispatch,3712.742624000,0.000000000,3712.742624000,step0.layer31.scheduler,grouped expert GEMM
0,31,step0.layer31.pim_gwrite,pim_write,GPU_PIM_IO,step0.layer31.scheduler;step0.layer31.dispatch,3712.742624000,0.082768000,3712.825392000,step0.layer31.scheduler,PIM_GWRITE token operands
0,31,step0.layer31.pim_expert_compute,pim_expert,PIM_COMPUTE,step0.layer31.pim_gwrite,3712.825392000,85.097472000,3797.922864000,step0.layer31.pim_gwrite,serialized PIM expert GEMV
0,31,step0.layer31.pim_read,pim_read,GPU_PIM_IO,step0.layer31.pim_expert_compute,3797.922864000,0.082768000,3798.005632000,step0.layer31.pim_expert_compute,PIM expert result read
0,31,step0.layer31.combine,combine,GPU_COMPUTE,step0.layer31.gpu_expert_compute;step0.layer31.pim_read,3798.005632000,1.036864000,3799.042496000,step0.layer31.pim_read,weighted expert combine
0,31,step0.layer31.residual2,residual,GPU_COMPUTE,step0.layer31.combine,3799.042496000,1.012288000,3800.054784000,step0.layer31.combine,residual add
0,32,step0.layer32.norm1,norm,GPU_COMPUTE,step0.layer31.residual2,3800.054784000,1.008192000,3801.062976000,step0.layer31.residual2,RMSNorm
0,32,step0.layer32.qkv,qkv,GPU_COMPUTE,step0.layer32.norm1,3801.062976000,3.635776000,3804.698752000,step0.layer32.norm1,QKV projection
0,32,step0.layer32.rope,rope,GPU_COMPUTE,step0.layer32.qkv,3804.698752000,1.018432000,3805.717184000,step0.layer32.qkv,QK norm and RoPE
0,32,step0.layer32.attention,attention,PIM_COMPUTE,step0.layer32.rope,3805.717184000,17.577216000,3823.294400000,step0.layer32.rope,decode attention on PIM
0,32,step0.layer32.o_proj,attention_output,GPU_COMPUTE,step0.layer32.attention,3823.294400000,3.109440000,3826.403840000,step0.layer32.attention,attention output projection
0,32,step0.layer32.residual1,residual,GPU_COMPUTE,step0.layer32.o_proj,3826.403840000,1.012288000,3827.416128000,step0.layer32.o_proj,residual add
0,32,step0.layer32.norm2,norm,GPU_COMPUTE,step0.layer32.residual1,3827.416128000,1.008192000,3828.424320000,step0.layer32.residual1,RMSNorm
0,32,step0.layer32.router,router,GPU_COMPUTE,step0.layer32.norm2,3828.424320000,2.069888000,3830.494208000,step0.layer32.norm2,MoE router
0,32,step0.layer32.metadata,metadata,GPU_COMPUTE,step0.layer32.router,3830.494208000,1.000128000,3831.494336000,step0.layer32.router,routing metadata
0,32,step0.layer32.dispatch,dispatch,,step0.layer32.metadata,3831.494336000,0.000000000,3831.494336000,step0.layer32.metadata,single-GPU dispatch placeholder
0,32,step0.layer32.scheduler,scheduler,GPU_COMPUTE,step0.layer32.metadata,3831.494336000,0.000000000,3831.494336000,step0.layer32.metadata,allexp placement policy
0,32,step0.layer32.gpu_weight_load,gpu_weight_load,HBM_MEM_PATH,step0.layer32.scheduler,3831.494336000,0.000000000,3831.494336000,step0.layer32.scheduler,expert weights HBM to GPU
0,32,step0.layer32.gpu_expert_compute,gpu_expert,GPU_COMPUTE,step0.layer32.gpu_weight_load;step0.layer32.dispatch,3831.494336000,0.000000000,3831.494336000,step0.layer32.scheduler,grouped expert GEMM
0,32,step0.layer32.pim_gwrite,pim_write,GPU_PIM_IO,step0.layer32.scheduler;step0.layer32.dispatch,3831.494336000,0.082768000,3831.577104000,step0.layer32.scheduler,PIM_GWRITE token operands
0,32,step0.layer32.pim_expert_compute,pim_expert,PIM_COMPUTE,step0.layer32.pim_gwrite,3831.577104000,85.097472000,3916.674576000,step0.layer32.pim_gwrite,serialized PIM expert GEMV
0,32,step0.layer32.pim_read,pim_read,GPU_PIM_IO,step0.layer32.pim_expert_compute,3916.674576000,0.082768000,3916.757344000,step0.layer32.pim_expert_compute,PIM expert result read
0,32,step0.layer32.combine,combine,GPU_COMPUTE,step0.layer32.gpu_expert_compute;step0.layer32.pim_read,3916.757344000,1.036864000,3917.794208000,step0.layer32.pim_read,weighted expert combine
0,32,step0.layer32.residual2,residual,GPU_COMPUTE,step0.layer32.combine,3917.794208000,1.012288000,3918.806496000,step0.layer32.combine,residual add
0,33,step0.layer33.norm1,norm,GPU_COMPUTE,step0.layer32.residual2,3918.806496000,1.008192000,3919.814688000,step0.layer32.residual2,RMSNorm
0,33,step0.layer33.qkv,qkv,GPU_COMPUTE,step0.layer33.norm1,3919.814688000,3.635776000,3923.450464000,step0.layer33.norm1,QKV projection
0,33,step0.layer33.rope,rope,GPU_COMPUTE,step0.layer33.qkv,3923.450464000,1.018432000,3924.468896000,step0.layer33.qkv,QK norm and RoPE
0,33,step0.layer33.attention,attention,PIM_COMPUTE,step0.layer33.rope,3924.468896000,17.577216000,3942.046112000,step0.layer33.rope,decode attention on PIM
0,33,step0.layer33.o_proj,attention_output,GPU_COMPUTE,step0.layer33.attention,3942.046112000,3.109440000,3945.155552000,step0.layer33.attention,attention output projection
0,33,step0.layer33.residual1,residual,GPU_COMPUTE,step0.layer33.o_proj,3945.155552000,1.012288000,3946.167840000,step0.layer33.o_proj,residual add
0,33,step0.layer33.norm2,norm,GPU_COMPUTE,step0.layer33.residual1,3946.167840000,1.008192000,3947.176032000,step0.layer33.residual1,RMSNorm
0,33,step0.layer33.router,router,GPU_COMPUTE,step0.layer33.norm2,3947.176032000,2.069888000,3949.245920000,step0.layer33.norm2,MoE router
0,33,step0.layer33.metadata,metadata,GPU_COMPUTE,step0.layer33.router,3949.245920000,1.000128000,3950.246048000,step0.layer33.router,routing metadata
0,33,step0.layer33.dispatch,dispatch,,step0.layer33.metadata,3950.246048000,0.000000000,3950.246048000,step0.layer33.metadata,single-GPU dispatch placeholder
0,33,step0.layer33.scheduler,scheduler,GPU_COMPUTE,step0.layer33.metadata,3950.246048000,0.000000000,3950.246048000,step0.layer33.metadata,allexp placement policy
0,33,step0.layer33.gpu_weight_load,gpu_weight_load,HBM_MEM_PATH,step0.layer33.scheduler,3950.246048000,0.000000000,3950.246048000,step0.layer33.scheduler,expert weights HBM to GPU
0,33,step0.layer33.gpu_expert_compute,gpu_expert,GPU_COMPUTE,step0.layer33.gpu_weight_load;step0.layer33.dispatch,3950.246048000,0.000000000,3950.246048000,step0.layer33.scheduler,grouped expert GEMM
0,33,step0.layer33.pim_gwrite,pim_write,GPU_PIM_IO,step0.layer33.scheduler;step0.layer33.dispatch,3950.246048000,0.082768000,3950.328816000,step0.layer33.scheduler,PIM_GWRITE token operands
0,33,step0.layer33.pim_expert_compute,pim_expert,PIM_COMPUTE,step0.layer33.pim_gwrite,3950.328816000,85.097472000,4035.426288000,step0.layer33.pim_gwrite,serialized PIM expert GEMV
0,33,step0.layer33.pim_read,pim_read,GPU_PIM_IO,step0.layer33.pim_expert_compute,4035.426288000,0.082768000,4035.509056000,step0.layer33.pim_expert_compute,PIM expert result read
0,33,step0.layer33.combine,combine,GPU_COMPUTE,step0.layer33.gpu_expert_compute;step0.layer33.pim_read,4035.509056000,1.036864000,4036.545920000,step0.layer33.pim_read,weighted expert combine
0,33,step0.layer33.residual2,residual,GPU_COMPUTE,step0.layer33.combine,4036.545920000,1.012288000,4037.558208000,step0.layer33.combine,residual add
0,34,step0.layer34.norm1,norm,GPU_COMPUTE,step0.layer33.residual2,4037.558208000,1.008192000,4038.566400000,step0.layer33.residual2,RMSNorm
0,34,step0.layer34.qkv,qkv,GPU_COMPUTE,step0.layer34.norm1,4038.566400000,3.635776000,4042.202176000,step0.layer34.norm1,QKV projection
0,34,step0.layer34.rope,rope,GPU_COMPUTE,step0.layer34.qkv,4042.202176000,1.018432000,4043.220608000,step0.layer34.qkv,QK norm and RoPE
0,34,step0.layer34.attention,attention,PIM_COMPUTE,step0.layer34.rope,4043.220608000,17.577216000,4060.797824000,step0.layer34.rope,decode attention on PIM
0,34,step0.layer34.o_proj,attention_output,GPU_COMPUTE,step0.layer34.attention,4060.797824000,3.109440000,4063.907264000,step0.layer34.attention,attention output projection
0,34,step0.layer34.residual1,residual,GPU_COMPUTE,step0.layer34.o_proj,4063.907264000,1.012288000,4064.919552000,step0.layer34.o_proj,residual add
0,34,step0.layer34.norm2,norm,GPU_COMPUTE,step0.layer34.residual1,4064.919552000,1.008192000,4065.927744000,step0.layer34.residual1,RMSNorm
0,34,step0.layer34.router,router,GPU_COMPUTE,step0.layer34.norm2,4065.927744000,2.069888000,4067.997632000,step0.layer34.norm2,MoE router
0,34,step0.layer34.metadata,metadata,GPU_COMPUTE,step0.layer34.router,4067.997632000,1.000128000,4068.997760000,step0.layer34.router,routing metadata
0,34,step0.layer34.dispatch,dispatch,,step0.layer34.metadata,4068.997760000,0.000000000,4068.997760000,step0.layer34.metadata,single-GPU dispatch placeholder
0,34,step0.layer34.scheduler,scheduler,GPU_COMPUTE,step0.layer34.metadata,4068.997760000,0.000000000,4068.997760000,step0.layer34.metadata,allexp placement policy
0,34,step0.layer34.gpu_weight_load,gpu_weight_load,HBM_MEM_PATH,step0.layer34.scheduler,4068.997760000,0.000000000,4068.997760000,step0.layer34.scheduler,expert weights HBM to GPU
0,34,step0.layer34.gpu_expert_compute,gpu_expert,GPU_COMPUTE,step0.layer34.gpu_weight_load;step0.layer34.dispatch,4068.997760000,0.000000000,4068.997760000,step0.layer34.scheduler,grouped expert GEMM
0,34,step0.layer34.pim_gwrite,pim_write,GPU_PIM_IO,step0.layer34.scheduler;step0.layer34.dispatch,4068.997760000,0.082768000,4069.080528000,step0.layer34.scheduler,PIM_GWRITE token operands
0,34,step0.layer34.pim_expert_compute,pim_expert,PIM_COMPUTE,step0.layer34.pim_gwrite,4069.080528000,85.097472000,4154.178000000,step0.layer34.pim_gwrite,serialized PIM expert GEMV
0,34,step0.layer34.pim_read,pim_read,GPU_PIM_IO,step0.layer34.pim_expert_compute,4154.178000000,0.082768000,4154.260768000,step0.layer34.pim_expert_compute,PIM expert result read
0,34,step0.layer34.combine,combine,GPU_COMPUTE,step0.layer34.gpu_expert_compute;step0.layer34.pim_read,4154.260768000,1.036864000,4155.297632000,step0.layer34.pim_read,weighted expert combine
0,34,step0.layer34.residual2,residual,GPU_COMPUTE,step0.layer34.combine,4155.297632000,1.012288000,4156.309920000,step0.layer34.combine,residual add
0,35,step0.layer35.norm1,norm,GPU_COMPUTE,step0.layer34.residual2,4156.309920000,1.008192000,4157.318112000,step0.layer34.residual2,RMSNorm
0,35,step0.layer35.qkv,qkv,GPU_COMPUTE,step0.layer35.norm1,4157.318112000,3.635776000,4160.953888000,step0.layer35.norm1,QKV projection
0,35,step0.layer35.rope,rope,GPU_COMPUTE,step0.layer35.qkv,4160.953888000,1.018432000,4161.972320000,step0.layer35.qkv,QK norm and RoPE
0,35,step0.layer35.attention,attention,PIM_COMPUTE,step0.layer35.rope,4161.972320000,17.577216000,4179.549536000,step0.layer35.rope,decode attention on PIM
0,35,step0.layer35.o_proj,attention_output,GPU_COMPUTE,step0.layer35.attention,4179.549536000,3.109440000,4182.658976000,step0.layer35.attention,attention output projection
0,35,step0.layer35.residual1,residual,GPU_COMPUTE,step0.layer35.o_proj,4182.658976000,1.012288000,4183.671264000,step0.layer35.o_proj,residual add
0,35,step0.layer35.norm2,norm,GPU_COMPUTE,step0.layer35.residual1,4183.671264000,1.008192000,4184.679456000,step0.layer35.residual1,RMSNorm
0,35,step0.layer35.router,router,GPU_COMPUTE,step0.layer35.norm2,4184.679456000,2.069888000,4186.749344000,step0.layer35.norm2,MoE router
0,35,step0.layer35.metadata,metadata,GPU_COMPUTE,step0.layer35.router,4186.749344000,1.000128000,4187.749472000,step0.layer35.router,routing metadata
0,35,step0.layer35.dispatch,dispatch,,step0.layer35.metadata,4187.749472000,0.000000000,4187.749472000,step0.layer35.metadata,single-GPU dispatch placeholder
0,35,step0.layer35.scheduler,scheduler,GPU_COMPUTE,step0.layer35.metadata,4187.749472000,0.000000000,4187.749472000,step0.layer35.metadata,allexp placement policy
0,35,step0.layer35.gpu_weight_load,gpu_weight_load,HBM_MEM_PATH,step0.layer35.scheduler,4187.749472000,0.000000000,4187.749472000,step0.layer35.scheduler,expert weights HBM to GPU
0,35,step0.layer35.gpu_expert_compute,gpu_expert,GPU_COMPUTE,step0.layer35.gpu_weight_load;step0.layer35.dispatch,4187.749472000,0.000000000,4187.749472000,step0.layer35.scheduler,grouped expert GEMM
0,35,step0.layer35.pim_gwrite,pim_write,GPU_PIM_IO,step0.layer35.scheduler;step0.layer35.dispatch,4187.749472000,0.082768000,4187.832240000,step0.layer35.scheduler,PIM_GWRITE token operands
0,35,step0.layer35.pim_expert_compute,pim_expert,PIM_COMPUTE,step0.layer35.pim_gwrite,4187.832240000,85.097472000,4272.929712000,step0.layer35.pim_gwrite,serialized PIM expert GEMV
0,35,step0.layer35.pim_read,pim_read,GPU_PIM_IO,step0.layer35.pim_expert_compute,4272.929712000,0.082768000,4273.012480000,step0.layer35.pim_expert_compute,PIM expert result read
0,35,step0.layer35.combine,combine,GPU_COMPUTE,step0.layer35.gpu_expert_compute;step0.layer35.pim_read,4273.012480000,1.036864000,4274.049344000,step0.layer35.pim_read,weighted expert combine
0,35,step0.layer35.residual2,residual,GPU_COMPUTE,step0.layer35.combine,4274.049344000,1.012288000,4275.061632000,step0.layer35.combine,residual add
0,36,step0.layer36.norm1,norm,GPU_COMPUTE,step0.layer35.residual2,4275.061632000,1.008192000,4276.069824000,step0.layer35.residual2,RMSNorm
0,36,step0.layer36.qkv,qkv,GPU_COMPUTE,step0.layer36.norm1,4276.069824000,3.635776000,4279.705600000,step0.layer36.norm1,QKV projection
0,36,step0.layer36.rope,rope,GPU_COMPUTE,step0.layer36.qkv,4279.705600000,1.018432000,4280.724032000,step0.layer36.qkv,QK norm and RoPE
0,36,step0.layer36.attention,attention,PIM_COMPUTE,step0.layer36.rope,4280.724032000,17.577216000,4298.301248000,step0.layer36.rope,decode attention on PIM
0,36,step0.layer36.o_proj,attention_output,GPU_COMPUTE,step0.layer36.attention,4298.301248000,3.109440000,4301.410688000,step0.layer36.attention,attention output projection
0,36,step0.layer36.residual1,residual,GPU_COMPUTE,step0.layer36.o_proj,4301.410688000,1.012288000,4302.422976000,step0.layer36.o_proj,residual add
0,36,step0.layer36.norm2,norm,GPU_COMPUTE,step0.layer36.residual1,4302.422976000,1.008192000,4303.431168000,step0.layer36.residual1,RMSNorm
0,36,step0.layer36.router,router,GPU_COMPUTE,step0.layer36.norm2,4303.431168000,2.069888000,4305.501056000,step0.layer36.norm2,MoE router
0,36,step0.layer36.metadata,metadata,GPU_COMPUTE,step0.layer36.router,4305.501056000,1.000128000,4306.501184000,step0.layer36.router,routing metadata
0,36,step0.layer36.dispatch,dispatch,,step0.layer36.metadata,4306.501184000,0.000000000,4306.501184000,step0.layer36.metadata,single-GPU dispatch placeholder
0,36,step0.layer36.scheduler,scheduler,GPU_COMPUTE,step0.layer36.metadata,4306.501184000,0.000000000,4306.501184000,step0.layer36.metadata,allexp placement policy
0,36,step0.layer36.gpu_weight_load,gpu_weight_load,HBM_MEM_PATH,step0.layer36.scheduler,4306.501184000,0.000000000,4306.501184000,step0.layer36.scheduler,expert weights HBM to GPU
0,36,step0.layer36.gpu_expert_compute,gpu_expert,GPU_COMPUTE,step0.layer36.gpu_weight_load;step0.layer36.dispatch,4306.501184000,0.000000000,4306.501184000,step0.layer36.scheduler,grouped expert GEMM
0,36,step0.layer36.pim_gwrite,pim_write,GPU_PIM_IO,step0.layer36.scheduler;step0.layer36.dispatch,4306.501184000,0.082768000,4306.583952000,step0.layer36.scheduler,PIM_GWRITE token operands
0,36,step0.layer36.pim_expert_compute,pim_expert,PIM_COMPUTE,step0.layer36.pim_gwrite,4306.583952000,85.097472000,4391.681424000,step0.layer36.pim_gwrite,serialized PIM expert GEMV
0,36,step0.layer36.pim_read,pim_read,GPU_PIM_IO,step0.layer36.pim_expert_compute,4391.681424000,0.082768000,4391.764192000,step0.layer36.pim_expert_compute,PIM expert result read
0,36,step0.layer36.combine,combine,GPU_COMPUTE,step0.layer36.gpu_expert_compute;step0.layer36.pim_read,4391.764192000,1.036864000,4392.801056000,step0.layer36.pim_read,weighted expert combine
0,36,step0.layer36.residual2,residual,GPU_COMPUTE,step0.layer36.combine,4392.801056000,1.012288000,4393.813344000,step0.layer36.combine,residual add
0,37,step0.layer37.norm1,norm,GPU_COMPUTE,step0.layer36.residual2,4393.813344000,1.008192000,4394.821536000,step0.layer36.residual2,RMSNorm
0,37,step0.layer37.qkv,qkv,GPU_COMPUTE,step0.layer37.norm1,4394.821536000,3.635776000,4398.457312000,step0.layer37.norm1,QKV projection
0,37,step0.layer37.rope,rope,GPU_COMPUTE,step0.layer37.qkv,4398.457312000,1.018432000,4399.475744000,step0.layer37.qkv,QK norm and RoPE
0,37,step0.layer37.attention,attention,PIM_COMPUTE,step0.layer37.rope,4399.475744000,17.577216000,4417.052960000,step0.layer37.rope,decode attention on PIM
0,37,step0.layer37.o_proj,attention_output,GPU_COMPUTE,step0.layer37.attention,4417.052960000,3.109440000,4420.162400000,step0.layer37.attention,attention output projection
0,37,step0.layer37.residual1,residual,GPU_COMPUTE,step0.layer37.o_proj,4420.162400000,1.012288000,4421.174688000,step0.layer37.o_proj,residual add
0,37,step0.layer37.norm2,norm,GPU_COMPUTE,step0.layer37.residual1,4421.174688000,1.008192000,4422.182880000,step0.layer37.residual1,RMSNorm
0,37,step0.layer37.router,router,GPU_COMPUTE,step0.layer37.norm2,4422.182880000,2.069888000,4424.252768000,step0.layer37.norm2,MoE router
0,37,step0.layer37.metadata,metadata,GPU_COMPUTE,step0.layer37.router,4424.252768000,1.000128000,4425.252896000,step0.layer37.router,routing metadata
0,37,step0.layer37.dispatch,dispatch,,step0.layer37.metadata,4425.252896000,0.000000000,4425.252896000,step0.layer37.metadata,single-GPU dispatch placeholder
0,37,step0.layer37.scheduler,scheduler,GPU_COMPUTE,step0.layer37.metadata,4425.252896000,0.000000000,4425.252896000,step0.layer37.metadata,allexp placement policy
0,37,step0.layer37.gpu_weight_load,gpu_weight_load,HBM_MEM_PATH,step0.layer37.scheduler,4425.252896000,0.000000000,4425.252896000,step0.layer37.scheduler,expert weights HBM to GPU
0,37,step0.layer37.gpu_expert_compute,gpu_expert,GPU_COMPUTE,step0.layer37.gpu_weight_load;step0.layer37.dispatch,4425.252896000,0.000000000,4425.252896000,step0.layer37.scheduler,grouped expert GEMM
0,37,step0.layer37.pim_gwrite,pim_write,GPU_PIM_IO,step0.layer37.scheduler;step0.layer37.dispatch,4425.252896000,0.082768000,4425.335664000,step0.layer37.scheduler,PIM_GWRITE token operands
0,37,step0.layer37.pim_expert_compute,pim_expert,PIM_COMPUTE,step0.layer37.pim_gwrite,4425.335664000,85.097472000,4510.433136000,step0.layer37.pim_gwrite,serialized PIM expert GEMV
0,37,step0.layer37.pim_read,pim_read,GPU_PIM_IO,step0.layer37.pim_expert_compute,4510.433136000,0.082768000,4510.515904000,step0.layer37.pim_expert_compute,PIM expert result read
0,37,step0.layer37.combine,combine,GPU_COMPUTE,step0.layer37.gpu_expert_compute;step0.layer37.pim_read,4510.515904000,1.036864000,4511.552768000,step0.layer37.pim_read,weighted expert combine
0,37,step0.layer37.residual2,residual,GPU_COMPUTE,step0.layer37.combine,4511.552768000,1.012288000,4512.565056000,step0.layer37.combine,residual add
0,38,step0.layer38.norm1,norm,GPU_COMPUTE,step0.layer37.residual2,4512.565056000,1.008192000,4513.573248000,step0.layer37.residual2,RMSNorm
0,38,step0.layer38.qkv,qkv,GPU_COMPUTE,step0.layer38.norm1,4513.573248000,3.635776000,4517.209024000,step0.layer38.norm1,QKV projection
0,38,step0.layer38.rope,rope,GPU_COMPUTE,step0.layer38.qkv,4517.209024000,1.018432000,4518.227456000,step0.layer38.qkv,QK norm and RoPE
0,38,step0.layer38.attention,attention,PIM_COMPUTE,step0.layer38.rope,4518.227456000,17.577216000,4535.804672000,step0.layer38.rope,decode attention on PIM
0,38,step0.layer38.o_proj,attention_output,GPU_COMPUTE,step0.layer38.attention,4535.804672000,3.109440000,4538.914112000,step0.layer38.attention,attention output projection
0,38,step0.layer38.residual1,residual,GPU_COMPUTE,step0.layer38.o_proj,4538.914112000,1.012288000,4539.926400000,step0.layer38.o_proj,residual add
0,38,step0.layer38.norm2,norm,GPU_COMPUTE,step0.layer38.residual1,4539.926400000,1.008192000,4540.934592000,step0.layer38.residual1,RMSNorm
0,38,step0.layer38.router,router,GPU_COMPUTE,step0.layer38.norm2,4540.934592000,2.069888000,4543.004480000,step0.layer38.norm2,MoE router
0,38,step0.layer38.metadata,metadata,GPU_COMPUTE,step0.layer38.router,4543.004480000,1.000128000,4544.004608000,step0.layer38.router,routing metadata
0,38,step0.layer38.dispatch,dispatch,,step0.layer38.metadata,4544.004608000,0.000000000,4544.004608000,step0.layer38.metadata,single-GPU dispatch placeholder
0,38,step0.layer38.scheduler,scheduler,GPU_COMPUTE,step0.layer38.metadata,4544.004608000,0.000000000,4544.004608000,step0.layer38.metadata,allexp placement policy
0,38,step0.layer38.gpu_weight_load,gpu_weight_load,HBM_MEM_PATH,step0.layer38.scheduler,4544.004608000,0.000000000,4544.004608000,step0.layer38.scheduler,expert weights HBM to GPU
0,38,step0.layer38.gpu_expert_compute,gpu_expert,GPU_COMPUTE,step0.layer38.gpu_weight_load;step0.layer38.dispatch,4544.004608000,0.000000000,4544.004608000,step0.layer38.scheduler,grouped expert GEMM
0,38,step0.layer38.pim_gwrite,pim_write,GPU_PIM_IO,step0.layer38.scheduler;step0.layer38.dispatch,4544.004608000,0.082768000,4544.087376000,step0.layer38.scheduler,PIM_GWRITE token operands
0,38,step0.layer38.pim_expert_compute,pim_expert,PIM_COMPUTE,step0.layer38.pim_gwrite,4544.087376000,85.097472000,4629.184848000,step0.layer38.pim_gwrite,serialized PIM expert GEMV
0,38,step0.layer38.pim_read,pim_read,GPU_PIM_IO,step0.layer38.pim_expert_compute,4629.184848000,0.082768000,4629.267616000,step0.layer38.pim_expert_compute,PIM expert result read
0,38,step0.layer38.combine,combine,GPU_COMPUTE,step0.layer38.gpu_expert_compute;step0.layer38.pim_read,4629.267616000,1.036864000,4630.304480000,step0.layer38.pim_read,weighted expert combine
0,38,step0.layer38.residual2,residual,GPU_COMPUTE,step0.layer38.combine,4630.304480000,1.012288000,4631.316768000,step0.layer38.combine,residual add
0,39,step0.layer39.norm1,norm,GPU_COMPUTE,step0.layer38.residual2,4631.316768000,1.008192000,4632.324960000,step0.layer38.residual2,RMSNorm
0,39,step0.layer39.qkv,qkv,GPU_COMPUTE,step0.layer39.norm1,4632.324960000,3.635776000,4635.960736000,step0.layer39.norm1,QKV projection
0,39,step0.layer39.rope,rope,GPU_COMPUTE,step0.layer39.qkv,4635.960736000,1.018432000,4636.979168000,step0.layer39.qkv,QK norm and RoPE
0,39,step0.layer39.attention,attention,PIM_COMPUTE,step0.layer39.rope,4636.979168000,17.577216000,4654.556384000,step0.layer39.rope,decode attention on PIM
0,39,step0.layer39.o_proj,attention_output,GPU_COMPUTE,step0.layer39.attention,4654.556384000,3.109440000,4657.665824000,step0.layer39.attention,attention output projection
0,39,step0.layer39.residual1,residual,GPU_COMPUTE,step0.layer39.o_proj,4657.665824000,1.012288000,4658.678112000,step0.layer39.o_proj,residual add
0,39,step0.layer39.norm2,norm,GPU_COMPUTE,step0.layer39.residual1,4658.678112000,1.008192000,4659.686304000,step0.layer39.residual1,RMSNorm
0,39,step0.layer39.router,router,GPU_COMPUTE,step0.layer39.norm2,4659.686304000,2.069888000,4661.756192000,step0.layer39.norm2,MoE router
0,39,step0.layer39.metadata,metadata,GPU_COMPUTE,step0.layer39.router,4661.756192000,1.000128000,4662.756320000,step0.layer39.router,routing metadata
0,39,step0.layer39.dispatch,dispatch,,step0.layer39.metadata,4662.756320000,0.000000000,4662.756320000,step0.layer39.metadata,single-GPU dispatch placeholder
0,39,step0.layer39.scheduler,scheduler,GPU_COMPUTE,step0.layer39.metadata,4662.756320000,0.000000000,4662.756320000,step0.layer39.metadata,allexp placement policy
0,39,step0.layer39.gpu_weight_load,gpu_weight_load,HBM_MEM_PATH,step0.layer39.scheduler,4662.756320000,0.000000000,4662.756320000,step0.layer39.scheduler,expert weights HBM to GPU
0,39,step0.layer39.gpu_expert_compute,gpu_expert,GPU_COMPUTE,step0.layer39.gpu_weight_load;step0.layer39.dispatch,4662.756320000,0.000000000,4662.756320000,step0.layer39.scheduler,grouped expert GEMM
0,39,step0.layer39.pim_gwrite,pim_write,GPU_PIM_IO,step0.layer39.scheduler;step0.layer39.dispatch,4662.756320000,0.082768000,4662.839088000,step0.layer39.scheduler,PIM_GWRITE token operands
0,39,step0.layer39.pim_expert_compute,pim_expert,PIM_COMPUTE,step0.layer39.pim_gwrite,4662.839088000,85.097472000,4747.936560000,step0.layer39.pim_gwrite,serialized PIM expert GEMV
0,39,step0.layer39.pim_read,pim_read,GPU_PIM_IO,step0.layer39.pim_expert_compute,4747.936560000,0.082768000,4748.019328000,step0.layer39.pim_expert_compute,PIM expert result read
0,39,step0.layer39.combine,combine,GPU_COMPUTE,step0.layer39.gpu_expert_compute;step0.layer39.pim_read,4748.019328000,1.036864000,4749.056192000,step0.layer39.pim_read,weighted expert combine
0,39,step0.layer39.residual2,residual,GPU_COMPUTE,step0.layer39.combine,4749.056192000,1.012288000,4750.068480000,step0.layer39.combine,residual add
0,40,step0.layer40.norm1,norm,GPU_COMPUTE,step0.layer39.residual2,4750.068480000,1.008192000,4751.076672000,step0.layer39.residual2,RMSNorm
0,40,step0.layer40.qkv,qkv,GPU_COMPUTE,step0.layer40.norm1,4751.076672000,3.635776000,4754.712448000,step0.layer40.norm1,QKV projection
0,40,step0.layer40.rope,rope,GPU_COMPUTE,step0.layer40.qkv,4754.712448000,1.018432000,4755.730880000,step0.layer40.qkv,QK norm and RoPE
0,40,step0.layer40.attention,attention,PIM_COMPUTE,step0.layer40.rope,4755.730880000,17.577216000,4773.308096000,step0.layer40.rope,decode attention on PIM
0,40,step0.layer40.o_proj,attention_output,GPU_COMPUTE,step0.layer40.attention,4773.308096000,3.109440000,4776.417536000,step0.layer40.attention,attention output projection
0,40,step0.layer40.residual1,residual,GPU_COMPUTE,step0.layer40.o_proj,4776.417536000,1.012288000,4777.429824000,step0.layer40.o_proj,residual add
0,40,step0.layer40.norm2,norm,GPU_COMPUTE,step0.layer40.residual1,4777.429824000,1.008192000,4778.438016000,step0.layer40.residual1,RMSNorm
0,40,step0.layer40.router,router,GPU_COMPUTE,step0.layer40.norm2,4778.438016000,2.069888000,4780.507904000,step0.layer40.norm2,MoE router
0,40,step0.layer40.metadata,metadata,GPU_COMPUTE,step0.layer40.router,4780.507904000,1.000128000,4781.508032000,step0.layer40.router,routing metadata
0,40,step0.layer40.dispatch,dispatch,,step0.layer40.metadata,4781.508032000,0.000000000,4781.508032000,step0.layer40.metadata,single-GPU dispatch placeholder
0,40,step0.layer40.scheduler,scheduler,GPU_COMPUTE,step0.layer40.metadata,4781.508032000,0.000000000,4781.508032000,step0.layer40.metadata,allexp placement policy
0,40,step0.layer40.gpu_weight_load,gpu_weight_load,HBM_MEM_PATH,step0.layer40.scheduler,4781.508032000,0.000000000,4781.508032000,step0.layer40.scheduler,expert weights HBM to GPU
0,40,step0.layer40.gpu_expert_compute,gpu_expert,GPU_COMPUTE,step0.layer40.gpu_weight_load;step0.layer40.dispatch,4781.508032000,0.000000000,4781.508032000,step0.layer40.scheduler,grouped expert GEMM
0,40,step0.layer40.pim_gwrite,pim_write,GPU_PIM_IO,step0.layer40.scheduler;step0.layer40.dispatch,4781.508032000,0.082768000,4781.590800000,step0.layer40.scheduler,PIM_GWRITE token operands
0,40,step0.layer40.pim_expert_compute,pim_expert,PIM_COMPUTE,step0.layer40.pim_gwrite,4781.590800000,85.097472000,4866.688272000,step0.layer40.pim_gwrite,serialized PIM expert GEMV
0,40,step0.layer40.pim_read,pim_read,GPU_PIM_IO,step0.layer40.pim_expert_compute,4866.688272000,0.082768000,4866.771040000,step0.layer40.pim_expert_compute,PIM expert result read
0,40,step0.layer40.combine,combine,GPU_COMPUTE,step0.layer40.gpu_expert_compute;step0.layer40.pim_read,4866.771040000,1.036864000,4867.807904000,step0.layer40.pim_read,weighted expert combine
0,40,step0.layer40.residual2,residual,GPU_COMPUTE,step0.layer40.combine,4867.807904000,1.012288000,4868.820192000,step0.layer40.combine,residual add
0,41,step0.layer41.norm1,norm,GPU_COMPUTE,step0.layer40.residual2,4868.820192000,1.008192000,4869.828384000,step0.layer40.residual2,RMSNorm
0,41,step0.layer41.qkv,qkv,GPU_COMPUTE,step0.layer41.norm1,4869.828384000,3.635776000,4873.464160000,step0.layer41.norm1,QKV projection
0,41,step0.layer41.rope,rope,GPU_COMPUTE,step0.layer41.qkv,4873.464160000,1.018432000,4874.482592000,step0.layer41.qkv,QK norm and RoPE
0,41,step0.layer41.attention,attention,PIM_COMPUTE,step0.layer41.rope,4874.482592000,17.577216000,4892.059808000,step0.layer41.rope,decode attention on PIM
0,41,step0.layer41.o_proj,attention_output,GPU_COMPUTE,step0.layer41.attention,4892.059808000,3.109440000,4895.169248000,step0.layer41.attention,attention output projection
0,41,step0.layer41.residual1,residual,GPU_COMPUTE,step0.layer41.o_proj,4895.169248000,1.012288000,4896.181536000,step0.layer41.o_proj,residual add
0,41,step0.layer41.norm2,norm,GPU_COMPUTE,step0.layer41.residual1,4896.181536000,1.008192000,4897.189728000,step0.layer41.residual1,RMSNorm
0,41,step0.layer41.router,router,GPU_COMPUTE,step0.layer41.norm2,4897.189728000,2.069888000,4899.259616000,step0.layer41.norm2,MoE router
0,41,step0.layer41.metadata,metadata,GPU_COMPUTE,step0.layer41.router,4899.259616000,1.000128000,4900.259744000,step0.layer41.router,routing metadata
0,41,step0.layer41.dispatch,dispatch,,step0.layer41.metadata,4900.259744000,0.000000000,4900.259744000,step0.layer41.metadata,single-GPU dispatch placeholder
0,41,step0.layer41.scheduler,scheduler,GPU_COMPUTE,step0.layer41.metadata,4900.259744000,0.000000000,4900.259744000,step0.layer41.metadata,allexp placement policy
0,41,step0.layer41.gpu_weight_load,gpu_weight_load,HBM_MEM_PATH,step0.layer41.scheduler,4900.259744000,0.000000000,4900.259744000,step0.layer41.scheduler,expert weights HBM to GPU
0,41,step0.layer41.gpu_expert_compute,gpu_expert,GPU_COMPUTE,step0.layer41.gpu_weight_load;step0.layer41.dispatch,4900.259744000,0.000000000,4900.259744000,step0.layer41.scheduler,grouped expert GEMM
0,41,step0.layer41.pim_gwrite,pim_write,GPU_PIM_IO,step0.layer41.scheduler;step0.layer41.dispatch,4900.259744000,0.082768000,4900.342512000,step0.layer41.scheduler,PIM_GWRITE token operands
0,41,step0.layer41.pim_expert_compute,pim_expert,PIM_COMPUTE,step0.layer41.pim_gwrite,4900.342512000,85.097472000,4985.439984000,step0.layer41.pim_gwrite,serialized PIM expert GEMV
0,41,step0.layer41.pim_read,pim_read,GPU_PIM_IO,step0.layer41.pim_expert_compute,4985.439984000,0.082768000,4985.522752000,step0.layer41.pim_expert_compute,PIM expert result read
0,41,step0.layer41.combine,combine,GPU_COMPUTE,step0.layer41.gpu_expert_compute;step0.layer41.pim_read,4985.522752000,1.036864000,4986.559616000,step0.layer41.pim_read,weighted expert combine
0,41,step0.layer41.residual2,residual,GPU_COMPUTE,step0.layer41.combine,4986.559616000,1.012288000,4987.571904000,step0.layer41.combine,residual add
0,42,step0.layer42.norm1,norm,GPU_COMPUTE,step0.layer41.residual2,4987.571904000,1.008192000,4988.580096000,step0.layer41.residual2,RMSNorm
0,42,step0.layer42.qkv,qkv,GPU_COMPUTE,step0.layer42.norm1,4988.580096000,3.635776000,4992.215872000,step0.layer42.norm1,QKV projection
0,42,step0.layer42.rope,rope,GPU_COMPUTE,step0.layer42.qkv,4992.215872000,1.018432000,4993.234304000,step0.layer42.qkv,QK norm and RoPE
0,42,step0.layer42.attention,attention,PIM_COMPUTE,step0.layer42.rope,4993.234304000,17.577216000,5010.811520000,step0.layer42.rope,decode attention on PIM
0,42,step0.layer42.o_proj,attention_output,GPU_COMPUTE,step0.layer42.attention,5010.811520000,3.109440000,5013.920960000,step0.layer42.attention,attention output projection
0,42,step0.layer42.residual1,residual,GPU_COMPUTE,step0.layer42.o_proj,5013.920960000,1.012288000,5014.933248000,step0.layer42.o_proj,residual add
0,42,step0.layer42.norm2,norm,GPU_COMPUTE,step0.layer42.residual1,5014.933248000,1.008192000,5015.941440000,step0.layer42.residual1,RMSNorm
0,42,step0.layer42.router,router,GPU_COMPUTE,step0.layer42.norm2,5015.941440000,2.069888000,5018.011328000,step0.layer42.norm2,MoE router
0,42,step0.layer42.metadata,metadata,GPU_COMPUTE,step0.layer42.router,5018.011328000,1.000128000,5019.011456000,step0.layer42.router,routing metadata
0,42,step0.layer42.dispatch,dispatch,,step0.layer42.metadata,5019.011456000,0.000000000,5019.011456000,step0.layer42.metadata,single-GPU dispatch placeholder
0,42,step0.layer42.scheduler,scheduler,GPU_COMPUTE,step0.layer42.metadata,5019.011456000,0.000000000,5019.011456000,step0.layer42.metadata,allexp placement policy
0,42,step0.layer42.gpu_weight_load,gpu_weight_load,HBM_MEM_PATH,step0.layer42.scheduler,5019.011456000,0.000000000,5019.011456000,step0.layer42.scheduler,expert weights HBM to GPU
0,42,step0.layer42.gpu_expert_compute,gpu_expert,GPU_COMPUTE,step0.layer42.gpu_weight_load;step0.layer42.dispatch,5019.011456000,0.000000000,5019.011456000,step0.layer42.scheduler,grouped expert GEMM
0,42,step0.layer42.pim_gwrite,pim_write,GPU_PIM_IO,step0.layer42.scheduler;step0.layer42.dispatch,5019.011456000,0.082768000,5019.094224000,step0.layer42.scheduler,PIM_GWRITE token operands
0,42,step0.layer42.pim_expert_compute,pim_expert,PIM_COMPUTE,step0.layer42.pim_gwrite,5019.094224000,85.097472000,5104.191696000,step0.layer42.pim_gwrite,serialized PIM expert GEMV
0,42,step0.layer42.pim_read,pim_read,GPU_PIM_IO,step0.layer42.pim_expert_compute,5104.191696000,0.082768000,5104.274464000,step0.layer42.pim_expert_compute,PIM expert result read
0,42,step0.layer42.combine,combine,GPU_COMPUTE,step0.layer42.gpu_expert_compute;step0.layer42.pim_read,5104.274464000,1.036864000,5105.311328000,step0.layer42.pim_read,weighted expert combine
0,42,step0.layer42.residual2,residual,GPU_COMPUTE,step0.layer42.combine,5105.311328000,1.012288000,5106.323616000,step0.layer42.combine,residual add
0,43,step0.layer43.norm1,norm,GPU_COMPUTE,step0.layer42.residual2,5106.323616000,1.008192000,5107.331808000,step0.layer42.residual2,RMSNorm
0,43,step0.layer43.qkv,qkv,GPU_COMPUTE,step0.layer43.norm1,5107.331808000,3.635776000,5110.967584000,step0.layer43.norm1,QKV projection
0,43,step0.layer43.rope,rope,GPU_COMPUTE,step0.layer43.qkv,5110.967584000,1.018432000,5111.986016000,step0.layer43.qkv,QK norm and RoPE
0,43,step0.layer43.attention,attention,PIM_COMPUTE,step0.layer43.rope,5111.986016000,17.577216000,5129.563232000,step0.layer43.rope,decode attention on PIM
0,43,step0.layer43.o_proj,attention_output,GPU_COMPUTE,step0.layer43.attention,5129.563232000,3.109440000,5132.672672000,step0.layer43.attention,attention output projection
0,43,step0.layer43.residual1,residual,GPU_COMPUTE,step0.layer43.o_proj,5132.672672000,1.012288000,5133.684960000,step0.layer43.o_proj,residual add
0,43,step0.layer43.norm2,norm,GPU_COMPUTE,step0.layer43.residual1,5133.684960000,1.008192000,5134.693152000,step0.layer43.residual1,RMSNorm
0,43,step0.layer43.router,router,GPU_COMPUTE,step0.layer43.norm2,5134.693152000,2.069888000,5136.763040000,step0.layer43.norm2,MoE router
0,43,step0.layer43.metadata,metadata,GPU_COMPUTE,step0.layer43.router,5136.763040000,1.000128000,5137.763168000,step0.layer43.router,routing metadata
0,43,step0.layer43.dispatch,dispatch,,step0.layer43.metadata,5137.763168000,0.000000000,5137.763168000,step0.layer43.metadata,single-GPU dispatch placeholder
0,43,step0.layer43.scheduler,scheduler,GPU_COMPUTE,step0.layer43.metadata,5137.763168000,0.000000000,5137.763168000,step0.layer43.metadata,allexp placement policy
0,43,step0.layer43.gpu_weight_load,gpu_weight_load,HBM_MEM_PATH,step0.layer43.scheduler,5137.763168000,0.000000000,5137.763168000,step0.layer43.scheduler,expert weights HBM to GPU
0,43,step0.layer43.gpu_expert_compute,gpu_expert,GPU_COMPUTE,step0.layer43.gpu_weight_load;step0.layer43.dispatch,5137.763168000,0.000000000,5137.763168000,step0.layer43.scheduler,grouped expert GEMM
0,43,step0.layer43.pim_gwrite,pim_write,GPU_PIM_IO,step0.layer43.scheduler;step0.layer43.dispatch,5137.763168000,0.082768000,5137.845936000,step0.layer43.scheduler,PIM_GWRITE token operands
0,43,step0.layer43.pim_expert_compute,pim_expert,PIM_COMPUTE,step0.layer43.pim_gwrite,5137.845936000,85.097472000,5222.943408000,step0.layer43.pim_gwrite,serialized PIM expert GEMV
0,43,step0.layer43.pim_read,pim_read,GPU_PIM_IO,step0.layer43.pim_expert_compute,5222.943408000,0.082768000,5223.026176000,step0.layer43.pim_expert_compute,PIM expert result read
0,43,step0.layer43.combine,combine,GPU_COMPUTE,step0.layer43.gpu_expert_compute;step0.layer43.pim_read,5223.026176000,1.036864000,5224.063040000,step0.layer43.pim_read,weighted expert combine
0,43,step0.layer43.residual2,residual,GPU_COMPUTE,step0.layer43.combine,5224.063040000,1.012288000,5225.075328000,step0.layer43.combine,residual add
0,44,step0.layer44.norm1,norm,GPU_COMPUTE,step0.layer43.residual2,5225.075328000,1.008192000,5226.083520000,step0.layer43.residual2,RMSNorm
0,44,step0.layer44.qkv,qkv,GPU_COMPUTE,step0.layer44.norm1,5226.083520000,3.635776000,5229.719296000,step0.layer44.norm1,QKV projection
0,44,step0.layer44.rope,rope,GPU_COMPUTE,step0.layer44.qkv,5229.719296000,1.018432000,5230.737728000,step0.layer44.qkv,QK norm and RoPE
0,44,step0.layer44.attention,attention,PIM_COMPUTE,step0.layer44.rope,5230.737728000,17.577216000,5248.314944000,step0.layer44.rope,decode attention on PIM
0,44,step0.layer44.o_proj,attention_output,GPU_COMPUTE,step0.layer44.attention,5248.314944000,3.109440000,5251.424384000,step0.layer44.attention,attention output projection
0,44,step0.layer44.residual1,residual,GPU_COMPUTE,step0.layer44.o_proj,5251.424384000,1.012288000,5252.436672000,step0.layer44.o_proj,residual add
0,44,step0.layer44.norm2,norm,GPU_COMPUTE,step0.layer44.residual1,5252.436672000,1.008192000,5253.444864000,step0.layer44.residual1,RMSNorm
0,44,step0.layer44.router,router,GPU_COMPUTE,step0.layer44.norm2,5253.444864000,2.069888000,5255.514752000,step0.layer44.norm2,MoE router
0,44,step0.layer44.metadata,metadata,GPU_COMPUTE,step0.layer44.router,5255.514752000,1.000128000,5256.514880000,step0.layer44.router,routing metadata
0,44,step0.layer44.dispatch,dispatch,,step0.layer44.metadata,5256.514880000,0.000000000,5256.514880000,step0.layer44.metadata,single-GPU dispatch placeholder
0,44,step0.layer44.scheduler,scheduler,GPU_COMPUTE,step0.layer44.metadata,5256.514880000,0.000000000,5256.514880000,step0.layer44.metadata,allexp placement policy
0,44,step0.layer44.gpu_weight_load,gpu_weight_load,HBM_MEM_PATH,step0.layer44.scheduler,5256.514880000,0.000000000,5256.514880000,step0.layer44.scheduler,expert weights HBM to GPU
0,44,step0.layer44.gpu_expert_compute,gpu_expert,GPU_COMPUTE,step0.layer44.gpu_weight_load;step0.layer44.dispatch,5256.514880000,0.000000000,5256.514880000,step0.layer44.scheduler,grouped expert GEMM
0,44,step0.layer44.pim_gwrite,pim_write,GPU_PIM_IO,step0.layer44.scheduler;step0.layer44.dispatch,5256.514880000,0.082768000,5256.597648000,step0.layer44.scheduler,PIM_GWRITE token operands
0,44,step0.layer44.pim_expert_compute,pim_expert,PIM_COMPUTE,step0.layer44.pim_gwrite,5256.597648000,85.097472000,5341.695120000,step0.layer44.pim_gwrite,serialized PIM expert GEMV
0,44,step0.layer44.pim_read,pim_read,GPU_PIM_IO,step0.layer44.pim_expert_compute,5341.695120000,0.082768000,5341.777888000,step0.layer44.pim_expert_compute,PIM expert result read
0,44,step0.layer44.combine,combine,GPU_COMPUTE,step0.layer44.gpu_expert_compute;step0.layer44.pim_read,5341.777888000,1.036864000,5342.814752000,step0.layer44.pim_read,weighted expert combine
0,44,step0.layer44.residual2,residual,GPU_COMPUTE,step0.layer44.combine,5342.814752000,1.012288000,5343.827040000,step0.layer44.combine,residual add
0,45,step0.layer45.norm1,norm,GPU_COMPUTE,step0.layer44.residual2,5343.827040000,1.008192000,5344.835232000,step0.layer44.residual2,RMSNorm
0,45,step0.layer45.qkv,qkv,GPU_COMPUTE,step0.layer45.norm1,5344.835232000,3.635776000,5348.471008000,step0.layer45.norm1,QKV projection
0,45,step0.layer45.rope,rope,GPU_COMPUTE,step0.layer45.qkv,5348.471008000,1.018432000,5349.489440000,step0.layer45.qkv,QK norm and RoPE
0,45,step0.layer45.attention,attention,PIM_COMPUTE,step0.layer45.rope,5349.489440000,17.577216000,5367.066656000,step0.layer45.rope,decode attention on PIM
0,45,step0.layer45.o_proj,attention_output,GPU_COMPUTE,step0.layer45.attention,5367.066656000,3.109440000,5370.176096000,step0.layer45.attention,attention output projection
0,45,step0.layer45.residual1,residual,GPU_COMPUTE,step0.layer45.o_proj,5370.176096000,1.012288000,5371.188384000,step0.layer45.o_proj,residual add
0,45,step0.layer45.norm2,norm,GPU_COMPUTE,step0.layer45.residual1,5371.188384000,1.008192000,5372.196576000,step0.layer45.residual1,RMSNorm
0,45,step0.layer45.router,router,GPU_COMPUTE,step0.layer45.norm2,5372.196576000,2.069888000,5374.266464000,step0.layer45.norm2,MoE router
0,45,step0.layer45.metadata,metadata,GPU_COMPUTE,step0.layer45.router,5374.266464000,1.000128000,5375.266592000,step0.layer45.router,routing metadata
0,45,step0.layer45.dispatch,dispatch,,step0.layer45.metadata,5375.266592000,0.000000000,5375.266592000,step0.layer45.metadata,single-GPU dispatch placeholder
0,45,step0.layer45.scheduler,scheduler,GPU_COMPUTE,step0.layer45.metadata,5375.266592000,0.000000000,5375.266592000,step0.layer45.metadata,allexp placement policy
0,45,step0.layer45.gpu_weight_load,gpu_weight_load,HBM_MEM_PATH,step0.layer45.scheduler,5375.266592000,0.000000000,5375.266592000,step0.layer45.scheduler,expert weights HBM to GPU
0,45,step0.layer45.gpu_expert_compute,gpu_expert,GPU_COMPUTE,step0.layer45.gpu_weight_load;step0.layer45.dispatch,5375.266592000,0.000000000,5375.266592000,step0.layer45.scheduler,grouped expert GEMM
0,45,step0.layer45.pim_gwrite,pim_write,GPU_PIM_IO,step0.layer45.scheduler;step0.layer45.dispatch,5375.266592000,0.082768000,5375.349360000,step0.layer45.scheduler,PIM_GWRITE token operands
0,45,step0.layer45.pim_expert_compute,pim_expert,PIM_COMPUTE,step0.layer45.pim_gwrite,5375.349360000,85.097472000,5460.446832000,step0.layer45.pim_gwrite,serialized PIM expert GEMV
0,45,step0.layer45.pim_read,pim_read,GPU_PIM_IO,step0.layer45.pim_expert_compute,5460.446832000,0.082768000,5460.529600000,step0.layer45.pim_expert_compute,PIM expert result read
0,45,step0.layer45.combine,combine,GPU_COMPUTE,step0.layer45.gpu_expert_compute;step0.layer45.pim_read,5460.529600000,1.036864000,5461.566464000,step0.layer45.pim_read,weighted expert combine
0,45,step0.layer45.residual2,residual,GPU_COMPUTE,step0.layer45.combine,5461.566464000,1.012288000,5462.578752000,step0.layer45.combine,residual add
0,46,step0.layer46.norm1,norm,GPU_COMPUTE,step0.layer45.residual2,5462.578752000,1.008192000,5463.586944000,step0.layer45.residual2,RMSNorm
0,46,step0.layer46.qkv,qkv,GPU_COMPUTE,step0.layer46.norm1,5463.586944000,3.635776000,5467.222720000,step0.layer46.norm1,QKV projection
0,46,step0.layer46.rope,rope,GPU_COMPUTE,step0.layer46.qkv,5467.222720000,1.018432000,5468.241152000,step0.layer46.qkv,QK norm and RoPE
0,46,step0.layer46.attention,attention,PIM_COMPUTE,step0.layer46.rope,5468.241152000,17.577216000,5485.818368000,step0.layer46.rope,decode attention on PIM
0,46,step0.layer46.o_proj,attention_output,GPU_COMPUTE,step0.layer46.attention,5485.818368000,3.109440000,5488.927808000,step0.layer46.attention,attention output projection
0,46,step0.layer46.residual1,residual,GPU_COMPUTE,step0.layer46.o_proj,5488.927808000,1.012288000,5489.940096000,step0.layer46.o_proj,residual add
0,46,step0.layer46.norm2,norm,GPU_COMPUTE,step0.layer46.residual1,5489.940096000,1.008192000,5490.948288000,step0.layer46.residual1,RMSNorm
0,46,step0.layer46.router,router,GPU_COMPUTE,step0.layer46.norm2,5490.948288000,2.069888000,5493.018176000,step0.layer46.norm2,MoE router
0,46,step0.layer46.metadata,metadata,GPU_COMPUTE,step0.layer46.router,5493.018176000,1.000128000,5494.018304000,step0.layer46.router,routing metadata
0,46,step0.layer46.dispatch,dispatch,,step0.layer46.metadata,5494.018304000,0.000000000,5494.018304000,step0.layer46.metadata,single-GPU dispatch placeholder
0,46,step0.layer46.scheduler,scheduler,GPU_COMPUTE,step0.layer46.metadata,5494.018304000,0.000000000,5494.018304000,step0.layer46.metadata,allexp placement policy
0,46,step0.layer46.gpu_weight_load,gpu_weight_load,HBM_MEM_PATH,step0.layer46.scheduler,5494.018304000,0.000000000,5494.018304000,step0.layer46.scheduler,expert weights HBM to GPU
0,46,step0.layer46.gpu_expert_compute,gpu_expert,GPU_COMPUTE,step0.layer46.gpu_weight_load;step0.layer46.dispatch,5494.018304000,0.000000000,5494.018304000,step0.layer46.scheduler,grouped expert GEMM
0,46,step0.layer46.pim_gwrite,pim_write,GPU_PIM_IO,step0.layer46.scheduler;step0.layer46.dispatch,5494.018304000,0.082768000,5494.101072000,step0.layer46.scheduler,PIM_GWRITE token operands
0,46,step0.layer46.pim_expert_compute,pim_expert,PIM_COMPUTE,step0.layer46.pim_gwrite,5494.101072000,85.097472000,5579.198544000,step0.layer46.pim_gwrite,serialized PIM expert GEMV
0,46,step0.layer46.pim_read,pim_read,GPU_PIM_IO,step0.layer46.pim_expert_compute,5579.198544000,0.082768000,5579.281312000,step0.layer46.pim_expert_compute,PIM expert result read
0,46,step0.layer46.combine,combine,GPU_COMPUTE,step0.layer46.gpu_expert_compute;step0.layer46.pim_read,5579.281312000,1.036864000,5580.318176000,step0.layer46.pim_read,weighted expert combine
0,46,step0.layer46.residual2,residual,GPU_COMPUTE,step0.layer46.combine,5580.318176000,1.012288000,5581.330464000,step0.layer46.combine,residual add
0,47,step0.layer47.norm1,norm,GPU_COMPUTE,step0.layer46.residual2,5581.330464000,1.008192000,5582.338656000,step0.layer46.residual2,RMSNorm
0,47,step0.layer47.qkv,qkv,GPU_COMPUTE,step0.layer47.norm1,5582.338656000,3.635776000,5585.974432000,step0.layer47.norm1,QKV projection
0,47,step0.layer47.rope,rope,GPU_COMPUTE,step0.layer47.qkv,5585.974432000,1.018432000,5586.992864000,step0.layer47.qkv,QK norm and RoPE
0,47,step0.layer47.attention,attention,PIM_COMPUTE,step0.layer47.rope,5586.992864000,17.577216000,5604.570080000,step0.layer47.rope,decode attention on PIM
0,47,step0.layer47.o_proj,attention_output,GPU_COMPUTE,step0.layer47.attention,5604.570080000,3.109440000,5607.679520000,step0.layer47.attention,attention output projection
0,47,step0.layer47.residual1,residual,GPU_COMPUTE,step0.layer47.o_proj,5607.679520000,1.012288000,5608.691808000,step0.layer47.o_proj,residual add
0,47,step0.layer47.norm2,norm,GPU_COMPUTE,step0.layer47.residual1,5608.691808000,1.008192000,5609.700000000,step0.layer47.residual1,RMSNorm
0,47,step0.layer47.router,router,GPU_COMPUTE,step0.layer47.norm2,5609.700000000,2.069888000,5611.769888000,step0.layer47.norm2,MoE router
0,47,step0.layer47.metadata,metadata,GPU_COMPUTE,step0.layer47.router,5611.769888000,1.000128000,5612.770016000,step0.layer47.router,routing metadata
0,47,step0.layer47.dispatch,dispatch,,step0.layer47.metadata,5612.770016000,0.000000000,5612.770016000,step0.layer47.metadata,single-GPU dispatch placeholder
0,47,step0.layer47.scheduler,scheduler,GPU_COMPUTE,step0.layer47.metadata,5612.770016000,0.000000000,5612.770016000,step0.layer47.metadata,allexp placement policy
0,47,step0.layer47.gpu_weight_load,gpu_weight_load,HBM_MEM_PATH,step0.layer47.scheduler,5612.770016000,0.000000000,5612.770016000,step0.layer47.scheduler,expert weights HBM to GPU
0,47,step0.layer47.gpu_expert_compute,gpu_expert,GPU_COMPUTE,step0.layer47.gpu_weight_load;step0.layer47.dispatch,5612.770016000,0.000000000,5612.770016000,step0.layer47.scheduler,grouped expert GEMM
0,47,step0.layer47.pim_gwrite,pim_write,GPU_PIM_IO,step0.layer47.scheduler;step0.layer47.dispatch,5612.770016000,0.082768000,5612.852784000,step0.layer47.scheduler,PIM_GWRITE token operands
0,47,step0.layer47.pim_expert_compute,pim_expert,PIM_COMPUTE,step0.layer47.pim_gwrite,5612.852784000,85.097472000,5697.950256000,step0.layer47.pim_gwrite,serialized PIM expert GEMV
0,47,step0.layer47.pim_read,pim_read,GPU_PIM_IO,step0.layer47.pim_expert_compute,5697.950256000,0.082768000,5698.033024000,step0.layer47.pim_expert_compute,PIM expert result read
0,47,step0.layer47.combine,combine,GPU_COMPUTE,step0.layer47.gpu_expert_compute;step0.layer47.pim_read,5698.033024000,1.036864000,5699.069888000,step0.layer47.pim_read,weighted expert combine
0,47,step0.layer47.residual2,residual,GPU_COMPUTE,step0.layer47.combine,5699.069888000,1.012288000,5700.082176000,step0.layer47.combine,residual add
1,0,step1.layer0.norm1,norm,GPU_COMPUTE,step0.layer47.residual2,5700.082176000,1.008192000,5701.090368000,step0.layer47.residual2,RMSNorm
1,0,step1.layer0.qkv,qkv,GPU_COMPUTE,step1.layer0.norm1,5701.090368000,3.635776000,5704.726144000,step1.layer0.norm1,QKV projection
1,0,step1.layer0.rope,rope,GPU_COMPUTE,step1.layer0.qkv,5704.726144000,1.018432000,5705.744576000,step1.layer0.qkv,QK norm and RoPE
1,0,step1.layer0.attention,attention,PIM_COMPUTE,step1.layer0.rope,5705.744576000,17.593600000,5723.338176000,step1.layer0.rope,decode attention on PIM
1,0,step1.layer0.o_proj,attention_output,GPU_COMPUTE,step1.layer0.attention,5723.338176000,3.109440000,5726.447616000,step1.layer0.attention,attention output projection
1,0,step1.layer0.residual1,residual,GPU_COMPUTE,step1.layer0.o_proj,5726.447616000,1.012288000,5727.459904000,step1.layer0.o_proj,residual add
1,0,step1.layer0.norm2,norm,GPU_COMPUTE,step1.layer0.residual1,5727.459904000,1.008192000,5728.468096000,step1.layer0.residual1,RMSNorm
1,0,step1.layer0.router,router,GPU_COMPUTE,step1.layer0.norm2,5728.468096000,2.069888000,5730.537984000,step1.layer0.norm2,MoE router
1,0,step1.layer0.metadata,metadata,GPU_COMPUTE,step1.layer0.router,5730.537984000,1.000128000,5731.538112000,step1.layer0.router,routing metadata
1,0,step1.layer0.dispatch,dispatch,,step1.layer0.metadata,5731.538112000,0.000000000,5731.538112000,step1.layer0.metadata,single-GPU dispatch placeholder
1,0,step1.layer0.scheduler,scheduler,GPU_COMPUTE,step1.layer0.metadata,5731.538112000,0.000000000,5731.538112000,step1.layer0.metadata,allexp placement policy
1,0,step1.layer0.gpu_weight_load,gpu_weight_load,HBM_MEM_PATH,step1.layer0.scheduler,5731.538112000,0.000000000,5731.538112000,step1.layer0.scheduler,expert weights HBM to GPU
1,0,step1.layer0.gpu_expert_compute,gpu_expert,GPU_COMPUTE,step1.layer0.gpu_weight_load;step1.layer0.dispatch,5731.538112000,0.000000000,5731.538112000,step1.layer0.scheduler,grouped expert GEMM
1,0,step1.layer0.pim_gwrite,pim_write,GPU_PIM_IO,step1.layer0.scheduler;step1.layer0.dispatch,5731.538112000,0.082768000,5731.620880000,step1.layer0.scheduler,PIM_GWRITE token operands
1,0,step1.layer0.pim_expert_compute,pim_expert,PIM_COMPUTE,step1.layer0.pim_gwrite,5731.620880000,85.097472000,5816.718352000,step1.layer0.pim_gwrite,serialized PIM expert GEMV
1,0,step1.layer0.pim_read,pim_read,GPU_PIM_IO,step1.layer0.pim_expert_compute,5816.718352000,0.082768000,5816.801120000,step1.layer0.pim_expert_compute,PIM expert result read
1,0,step1.layer0.combine,combine,GPU_COMPUTE,step1.layer0.gpu_expert_compute;step1.layer0.pim_read,5816.801120000,1.036864000,5817.837984000,step1.layer0.pim_read,weighted expert combine
1,0,step1.layer0.residual2,residual,GPU_COMPUTE,step1.layer0.combine,5817.837984000,1.012288000,5818.850272000,step1.layer0.combine,residual add
1,1,step1.layer1.norm1,norm,GPU_COMPUTE,step1.layer0.residual2,5818.850272000,1.008192000,5819.858464000,step1.layer0.residual2,RMSNorm
1,1,step1.layer1.qkv,qkv,GPU_COMPUTE,step1.layer1.norm1,5819.858464000,3.635776000,5823.494240000,step1.layer1.norm1,QKV projection
1,1,step1.layer1.rope,rope,GPU_COMPUTE,step1.layer1.qkv,5823.494240000,1.018432000,5824.512672000,step1.layer1.qkv,QK norm and RoPE
1,1,step1.layer1.attention,attention,PIM_COMPUTE,step1.layer1.rope,5824.512672000,17.593600000,5842.106272000,step1.layer1.rope,decode attention on PIM
1,1,step1.layer1.o_proj,attention_output,GPU_COMPUTE,step1.layer1.attention,5842.106272000,3.109440000,5845.215712000,step1.layer1.attention,attention output projection
1,1,step1.layer1.residual1,residual,GPU_COMPUTE,step1.layer1.o_proj,5845.215712000,1.012288000,5846.228000000,step1.layer1.o_proj,residual add
1,1,step1.layer1.norm2,norm,GPU_COMPUTE,step1.layer1.residual1,5846.228000000,1.008192000,5847.236192000,step1.layer1.residual1,RMSNorm
1,1,step1.layer1.router,router,GPU_COMPUTE,step1.layer1.norm2,5847.236192000,2.069888000,5849.306080000,step1.layer1.norm2,MoE router
1,1,step1.layer1.metadata,metadata,GPU_COMPUTE,step1.layer1.router,5849.306080000,1.000128000,5850.306208000,step1.layer1.router,routing metadata
1,1,step1.layer1.dispatch,dispatch,,step1.layer1.metadata,5850.306208000,0.000000000,5850.306208000,step1.layer1.metadata,single-GPU dispatch placeholder
1,1,step1.layer1.scheduler,scheduler,GPU_COMPUTE,step1.layer1.metadata,5850.306208000,0.000000000,5850.306208000,step1.layer1.metadata,allexp placement policy
1,1,step1.layer1.gpu_weight_load,gpu_weight_load,HBM_MEM_PATH,step1.layer1.scheduler,5850.306208000,0.000000000,5850.306208000,step1.layer1.scheduler,expert weights HBM to GPU
1,1,step1.layer1.gpu_expert_compute,gpu_expert,GPU_COMPUTE,step1.layer1.gpu_weight_load;step1.layer1.dispatch,5850.306208000,0.000000000,5850.306208000,step1.layer1.scheduler,grouped expert GEMM
1,1,step1.layer1.pim_gwrite,pim_write,GPU_PIM_IO,step1.layer1.scheduler;step1.layer1.dispatch,5850.306208000,0.082768000,5850.388976000,step1.layer1.scheduler,PIM_GWRITE token operands
1,1,step1.layer1.pim_expert_compute,pim_expert,PIM_COMPUTE,step1.layer1.pim_gwrite,5850.388976000,85.097472000,5935.486448000,step1.layer1.pim_gwrite,serialized PIM expert GEMV
1,1,step1.layer1.pim_read,pim_read,GPU_PIM_IO,step1.layer1.pim_expert_compute,5935.486448000,0.082768000,5935.569216000,step1.layer1.pim_expert_compute,PIM expert result read
1,1,step1.layer1.combine,combine,GPU_COMPUTE,step1.layer1.gpu_expert_compute;step1.layer1.pim_read,5935.569216000,1.036864000,5936.606080000,step1.layer1.pim_read,weighted expert combine
1,1,step1.layer1.residual2,residual,GPU_COMPUTE,step1.layer1.combine,5936.606080000,1.012288000,5937.618368000,step1.layer1.combine,residual add
1,2,step1.layer2.norm1,norm,GPU_COMPUTE,step1.layer1.residual2,5937.618368000,1.008192000,5938.626560000,step1.layer1.residual2,RMSNorm
1,2,step1.layer2.qkv,qkv,GPU_COMPUTE,step1.layer2.norm1,5938.626560000,3.635776000,5942.262336000,step1.layer2.norm1,QKV projection
1,2,step1.layer2.rope,rope,GPU_COMPUTE,step1.layer2.qkv,5942.262336000,1.018432000,5943.280768000,step1.layer2.qkv,QK norm and RoPE
1,2,step1.layer2.attention,attention,PIM_COMPUTE,step1.layer2.rope,5943.280768000,17.593600000,5960.874368000,step1.layer2.rope,decode attention on PIM
1,2,step1.layer2.o_proj,attention_output,GPU_COMPUTE,step1.layer2.attention,5960.874368000,3.109440000,5963.983808000,step1.layer2.attention,attention output projection
1,2,step1.layer2.residual1,residual,GPU_COMPUTE,step1.layer2.o_proj,5963.983808000,1.012288000,5964.996096000,step1.layer2.o_proj,residual add
1,2,step1.layer2.norm2,norm,GPU_COMPUTE,step1.layer2.residual1,5964.996096000,1.008192000,5966.004288000,step1.layer2.residual1,RMSNorm
1,2,step1.layer2.router,router,GPU_COMPUTE,step1.layer2.norm2,5966.004288000,2.069888000,5968.074176000,step1.layer2.norm2,MoE router
1,2,step1.layer2.metadata,metadata,GPU_COMPUTE,step1.layer2.router,5968.074176000,1.000128000,5969.074304000,step1.layer2.router,routing metadata
1,2,step1.layer2.dispatch,dispatch,,step1.layer2.metadata,5969.074304000,0.000000000,5969.074304000,step1.layer2.metadata,single-GPU dispatch placeholder
1,2,step1.layer2.scheduler,scheduler,GPU_COMPUTE,step1.layer2.metadata,5969.074304000,0.000000000,5969.074304000,step1.layer2.metadata,allexp placement policy
1,2,step1.layer2.gpu_weight_load,gpu_weight_load,HBM_MEM_PATH,step1.layer2.scheduler,5969.074304000,0.000000000,5969.074304000,step1.layer2.scheduler,expert weights HBM to GPU
1,2,step1.layer2.gpu_expert_compute,gpu_expert,GPU_COMPUTE,step1.layer2.gpu_weight_load;step1.layer2.dispatch,5969.074304000,0.000000000,5969.074304000,step1.layer2.scheduler,grouped expert GEMM
1,2,step1.layer2.pim_gwrite,pim_write,GPU_PIM_IO,step1.layer2.scheduler;step1.layer2.dispatch,5969.074304000,0.082768000,5969.157072000,step1.layer2.scheduler,PIM_GWRITE token operands
1,2,step1.layer2.pim_expert_compute,pim_expert,PIM_COMPUTE,step1.layer2.pim_gwrite,5969.157072000,85.097472000,6054.254544000,step1.layer2.pim_gwrite,serialized PIM expert GEMV
1,2,step1.layer2.pim_read,pim_read,GPU_PIM_IO,step1.layer2.pim_expert_compute,6054.254544000,0.082768000,6054.337312000,step1.layer2.pim_expert_compute,PIM expert result read
1,2,step1.layer2.combine,combine,GPU_COMPUTE,step1.layer2.gpu_expert_compute;step1.layer2.pim_read,6054.337312000,1.036864000,6055.374176000,step1.layer2.pim_read,weighted expert combine
1,2,step1.layer2.residual2,residual,GPU_COMPUTE,step1.layer2.combine,6055.374176000,1.012288000,6056.386464000,step1.layer2.combine,residual add
1,3,step1.layer3.norm1,norm,GPU_COMPUTE,step1.layer2.residual2,6056.386464000,1.008192000,6057.394656000,step1.layer2.residual2,RMSNorm
1,3,step1.layer3.qkv,qkv,GPU_COMPUTE,step1.layer3.norm1,6057.394656000,3.635776000,6061.030432000,step1.layer3.norm1,QKV projection
1,3,step1.layer3.rope,rope,GPU_COMPUTE,step1.layer3.qkv,6061.030432000,1.018432000,6062.048864000,step1.layer3.qkv,QK norm and RoPE
1,3,step1.layer3.attention,attention,PIM_COMPUTE,step1.layer3.rope,6062.048864000,17.593600000,6079.642464000,step1.layer3.rope,decode attention on PIM
1,3,step1.layer3.o_proj,attention_output,GPU_COMPUTE,step1.layer3.attention,6079.642464000,3.109440000,6082.751904000,step1.layer3.attention,attention output projection
1,3,step1.layer3.residual1,residual,GPU_COMPUTE,step1.layer3.o_proj,6082.751904000,1.012288000,6083.764192000,step1.layer3.o_proj,residual add
1,3,step1.layer3.norm2,norm,GPU_COMPUTE,step1.layer3.residual1,6083.764192000,1.008192000,6084.772384000,step1.layer3.residual1,RMSNorm
1,3,step1.layer3.router,router,GPU_COMPUTE,step1.layer3.norm2,6084.772384000,2.069888000,6086.842272000,step1.layer3.norm2,MoE router
1,3,step1.layer3.metadata,metadata,GPU_COMPUTE,step1.layer3.router,6086.842272000,1.000128000,6087.842400000,step1.layer3.router,routing metadata
1,3,step1.layer3.dispatch,dispatch,,step1.layer3.metadata,6087.842400000,0.000000000,6087.842400000,step1.layer3.metadata,single-GPU dispatch placeholder
1,3,step1.layer3.scheduler,scheduler,GPU_COMPUTE,step1.layer3.metadata,6087.842400000,0.000000000,6087.842400000,step1.layer3.metadata,allexp placement policy
1,3,step1.layer3.gpu_weight_load,gpu_weight_load,HBM_MEM_PATH,step1.layer3.scheduler,6087.842400000,0.000000000,6087.842400000,step1.layer3.scheduler,expert weights HBM to GPU
1,3,step1.layer3.gpu_expert_compute,gpu_expert,GPU_COMPUTE,step1.layer3.gpu_weight_load;step1.layer3.dispatch,6087.842400000,0.000000000,6087.842400000,step1.layer3.scheduler,grouped expert GEMM
1,3,step1.layer3.pim_gwrite,pim_write,GPU_PIM_IO,step1.layer3.scheduler;step1.layer3.dispatch,6087.842400000,0.082768000,6087.925168000,step1.layer3.scheduler,PIM_GWRITE token operands
1,3,step1.layer3.pim_expert_compute,pim_expert,PIM_COMPUTE,step1.layer3.pim_gwrite,6087.925168000,85.097472000,6173.022640000,step1.layer3.pim_gwrite,serialized PIM expert GEMV
1,3,step1.layer3.pim_read,pim_read,GPU_PIM_IO,step1.layer3.pim_expert_compute,6173.022640000,0.082768000,6173.105408000,step1.layer3.pim_expert_compute,PIM expert result read
1,3,step1.layer3.combine,combine,GPU_COMPUTE,step1.layer3.gpu_expert_compute;step1.layer3.pim_read,6173.105408000,1.036864000,6174.142272000,step1.layer3.pim_read,weighted expert combine
1,3,step1.layer3.residual2,residual,GPU_COMPUTE,step1.layer3.combine,6174.142272000,1.012288000,6175.154560000,step1.layer3.combine,residual add
1,4,step1.layer4.norm1,norm,GPU_COMPUTE,step1.layer3.residual2,6175.154560000,1.008192000,6176.162752000,step1.layer3.residual2,RMSNorm
1,4,step1.layer4.qkv,qkv,GPU_COMPUTE,step1.layer4.norm1,6176.162752000,3.635776000,6179.798528000,step1.layer4.norm1,QKV projection
1,4,step1.layer4.rope,rope,GPU_COMPUTE,step1.layer4.qkv,6179.798528000,1.018432000,6180.816960000,step1.layer4.qkv,QK norm and RoPE
1,4,step1.layer4.attention,attention,PIM_COMPUTE,step1.layer4.rope,6180.816960000,17.593600000,6198.410560000,step1.layer4.rope,decode attention on PIM
1,4,step1.layer4.o_proj,attention_output,GPU_COMPUTE,step1.layer4.attention,6198.410560000,3.109440000,6201.520000000,step1.layer4.attention,attention output projection
1,4,step1.layer4.residual1,residual,GPU_COMPUTE,step1.layer4.o_proj,6201.520000000,1.012288000,6202.532288000,step1.layer4.o_proj,residual add
1,4,step1.layer4.norm2,norm,GPU_COMPUTE,step1.layer4.residual1,6202.532288000,1.008192000,6203.540480000,step1.layer4.residual1,RMSNorm
1,4,step1.layer4.router,router,GPU_COMPUTE,step1.layer4.norm2,6203.540480000,2.069888000,6205.610368000,step1.layer4.norm2,MoE router
1,4,step1.layer4.metadata,metadata,GPU_COMPUTE,step1.layer4.router,6205.610368000,1.000128000,6206.610496000,step1.layer4.router,routing metadata
1,4,step1.layer4.dispatch,dispatch,,step1.layer4.metadata,6206.610496000,0.000000000,6206.610496000,step1.layer4.metadata,single-GPU dispatch placeholder
1,4,step1.layer4.scheduler,scheduler,GPU_COMPUTE,step1.layer4.metadata,6206.610496000,0.000000000,6206.610496000,step1.layer4.metadata,allexp placement policy
1,4,step1.layer4.gpu_weight_load,gpu_weight_load,HBM_MEM_PATH,step1.layer4.scheduler,6206.610496000,0.000000000,6206.610496000,step1.layer4.scheduler,expert weights HBM to GPU
1,4,step1.layer4.gpu_expert_compute,gpu_expert,GPU_COMPUTE,step1.layer4.gpu_weight_load;step1.layer4.dispatch,6206.610496000,0.000000000,6206.610496000,step1.layer4.scheduler,grouped expert GEMM
1,4,step1.layer4.pim_gwrite,pim_write,GPU_PIM_IO,step1.layer4.scheduler;step1.layer4.dispatch,6206.610496000,0.082768000,6206.693264000,step1.layer4.scheduler,PIM_GWRITE token operands
1,4,step1.layer4.pim_expert_compute,pim_expert,PIM_COMPUTE,step1.layer4.pim_gwrite,6206.693264000,85.097472000,6291.790736000,step1.layer4.pim_gwrite,serialized PIM expert GEMV
1,4,step1.layer4.pim_read,pim_read,GPU_PIM_IO,step1.layer4.pim_expert_compute,6291.790736000,0.082768000,6291.873504000,step1.layer4.pim_expert_compute,PIM expert result read
1,4,step1.layer4.combine,combine,GPU_COMPUTE,step1.layer4.gpu_expert_compute;step1.layer4.pim_read,6291.873504000,1.036864000,6292.910368000,step1.layer4.pim_read,weighted expert combine
1,4,step1.layer4.residual2,residual,GPU_COMPUTE,step1.layer4.combine,6292.910368000,1.012288000,6293.922656000,step1.layer4.combine,residual add
1,5,step1.layer5.norm1,norm,GPU_COMPUTE,step1.layer4.residual2,6293.922656000,1.008192000,6294.930848000,step1.layer4.residual2,RMSNorm
1,5,step1.layer5.qkv,qkv,GPU_COMPUTE,step1.layer5.norm1,6294.930848000,3.635776000,6298.566624000,step1.layer5.norm1,QKV projection
1,5,step1.layer5.rope,rope,GPU_COMPUTE,step1.layer5.qkv,6298.566624000,1.018432000,6299.585056000,step1.layer5.qkv,QK norm and RoPE
1,5,step1.layer5.attention,attention,PIM_COMPUTE,step1.layer5.rope,6299.585056000,17.593600000,6317.178656000,step1.layer5.rope,decode attention on PIM
1,5,step1.layer5.o_proj,attention_output,GPU_COMPUTE,step1.layer5.attention,6317.178656000,3.109440000,6320.288096000,step1.layer5.attention,attention output projection
1,5,step1.layer5.residual1,residual,GPU_COMPUTE,step1.layer5.o_proj,6320.288096000,1.012288000,6321.300384000,step1.layer5.o_proj,residual add
1,5,step1.layer5.norm2,norm,GPU_COMPUTE,step1.layer5.residual1,6321.300384000,1.008192000,6322.308576000,step1.layer5.residual1,RMSNorm
1,5,step1.layer5.router,router,GPU_COMPUTE,step1.layer5.norm2,6322.308576000,2.069888000,6324.378464000,step1.layer5.norm2,MoE router
1,5,step1.layer5.metadata,metadata,GPU_COMPUTE,step1.layer5.router,6324.378464000,1.000128000,6325.378592000,step1.layer5.router,routing metadata
1,5,step1.layer5.dispatch,dispatch,,step1.layer5.metadata,6325.378592000,0.000000000,6325.378592000,step1.layer5.metadata,single-GPU dispatch placeholder
1,5,step1.layer5.scheduler,scheduler,GPU_COMPUTE,step1.layer5.metadata,6325.378592000,0.000000000,6325.378592000,step1.layer5.metadata,allexp placement policy
1,5,step1.layer5.gpu_weight_load,gpu_weight_load,HBM_MEM_PATH,step1.layer5.scheduler,6325.378592000,0.000000000,6325.378592000,step1.layer5.scheduler,expert weights HBM to GPU
1,5,step1.layer5.gpu_expert_compute,gpu_expert,GPU_COMPUTE,step1.layer5.gpu_weight_load;step1.layer5.dispatch,6325.378592000,0.000000000,6325.378592000,step1.layer5.scheduler,grouped expert GEMM
1,5,step1.layer5.pim_gwrite,pim_write,GPU_PIM_IO,step1.layer5.scheduler;step1.layer5.dispatch,6325.378592000,0.082768000,6325.461360000,step1.layer5.scheduler,PIM_GWRITE token operands
1,5,step1.layer5.pim_expert_compute,pim_expert,PIM_COMPUTE,step1.layer5.pim_gwrite,6325.461360000,85.097472000,6410.558832000,step1.layer5.pim_gwrite,serialized PIM expert GEMV
1,5,step1.layer5.pim_read,pim_read,GPU_PIM_IO,step1.layer5.pim_expert_compute,6410.558832000,0.082768000,6410.641600000,step1.layer5.pim_expert_compute,PIM expert result read
1,5,step1.layer5.combine,combine,GPU_COMPUTE,step1.layer5.gpu_expert_compute;step1.layer5.pim_read,6410.641600000,1.036864000,6411.678464000,step1.layer5.pim_read,weighted expert combine
1,5,step1.layer5.residual2,residual,GPU_COMPUTE,step1.layer5.combine,6411.678464000,1.012288000,6412.690752000,step1.layer5.combine,residual add
1,6,step1.layer6.norm1,norm,GPU_COMPUTE,step1.layer5.residual2,6412.690752000,1.008192000,6413.698944000,step1.layer5.residual2,RMSNorm
1,6,step1.layer6.qkv,qkv,GPU_COMPUTE,step1.layer6.norm1,6413.698944000,3.635776000,6417.334720000,step1.layer6.norm1,QKV projection
1,6,step1.layer6.rope,rope,GPU_COMPUTE,step1.layer6.qkv,6417.334720000,1.018432000,6418.353152000,step1.layer6.qkv,QK norm and RoPE
1,6,step1.layer6.attention,attention,PIM_COMPUTE,step1.layer6.rope,6418.353152000,17.593600000,6435.946752000,step1.layer6.rope,decode attention on PIM
1,6,step1.layer6.o_proj,attention_output,GPU_COMPUTE,step1.layer6.attention,6435.946752000,3.109440000,6439.056192000,step1.layer6.attention,attention output projection
1,6,step1.layer6.residual1,residual,GPU_COMPUTE,step1.layer6.o_proj,6439.056192000,1.012288000,6440.068480000,step1.layer6.o_proj,residual add
1,6,step1.layer6.norm2,norm,GPU_COMPUTE,step1.layer6.residual1,6440.068480000,1.008192000,6441.076672000,step1.layer6.residual1,RMSNorm
1,6,step1.layer6.router,router,GPU_COMPUTE,step1.layer6.norm2,6441.076672000,2.069888000,6443.146560000,step1.layer6.norm2,MoE router
1,6,step1.layer6.metadata,metadata,GPU_COMPUTE,step1.layer6.router,6443.146560000,1.000128000,6444.146688000,step1.layer6.router,routing metadata
1,6,step1.layer6.dispatch,dispatch,,step1.layer6.metadata,6444.146688000,0.000000000,6444.146688000,step1.layer6.metadata,single-GPU dispatch placeholder
1,6,step1.layer6.scheduler,scheduler,GPU_COMPUTE,step1.layer6.metadata,6444.146688000,0.000000000,6444.146688000,step1.layer6.metadata,allexp placement policy
1,6,step1.layer6.gpu_weight_load,gpu_weight_load,HBM_MEM_PATH,step1.layer6.scheduler,6444.146688000,0.000000000,6444.146688000,step1.layer6.scheduler,expert weights HBM to GPU
1,6,step1.layer6.gpu_expert_compute,gpu_expert,GPU_COMPUTE,step1.layer6.gpu_weight_load;step1.layer6.dispatch,6444.146688000,0.000000000,6444.146688000,step1.layer6.scheduler,grouped expert GEMM
1,6,step1.layer6.pim_gwrite,pim_write,GPU_PIM_IO,step1.layer6.scheduler;step1.layer6.dispatch,6444.146688000,0.082768000,6444.229456000,step1.layer6.scheduler,PIM_GWRITE token operands
1,6,step1.layer6.pim_expert_compute,pim_expert,PIM_COMPUTE,step1.layer6.pim_gwrite,6444.229456000,85.097472000,6529.326928000,step1.layer6.pim_gwrite,serialized PIM expert GEMV
1,6,step1.layer6.pim_read,pim_read,GPU_PIM_IO,step1.layer6.pim_expert_compute,6529.326928000,0.082768000,6529.409696000,step1.layer6.pim_expert_compute,PIM expert result read
1,6,step1.layer6.combine,combine,GPU_COMPUTE,step1.layer6.gpu_expert_compute;step1.layer6.pim_read,6529.409696000,1.036864000,6530.446560000,step1.layer6.pim_read,weighted expert combine
1,6,step1.layer6.residual2,residual,GPU_COMPUTE,step1.layer6.combine,6530.446560000,1.012288000,6531.458848000,step1.layer6.combine,residual add
1,7,step1.layer7.norm1,norm,GPU_COMPUTE,step1.layer6.residual2,6531.458848000,1.008192000,6532.467040000,step1.layer6.residual2,RMSNorm
1,7,step1.layer7.qkv,qkv,GPU_COMPUTE,step1.layer7.norm1,6532.467040000,3.635776000,6536.102816000,step1.layer7.norm1,QKV projection
1,7,step1.layer7.rope,rope,GPU_COMPUTE,step1.layer7.qkv,6536.102816000,1.018432000,6537.121248000,step1.layer7.qkv,QK norm and RoPE
1,7,step1.layer7.attention,attention,PIM_COMPUTE,step1.layer7.rope,6537.121248000,17.593600000,6554.714848000,step1.layer7.rope,decode attention on PIM
1,7,step1.layer7.o_proj,attention_output,GPU_COMPUTE,step1.layer7.attention,6554.714848000,3.109440000,6557.824288000,step1.layer7.attention,attention output projection
1,7,step1.layer7.residual1,residual,GPU_COMPUTE,step1.layer7.o_proj,6557.824288000,1.012288000,6558.836576000,step1.layer7.o_proj,residual add
1,7,step1.layer7.norm2,norm,GPU_COMPUTE,step1.layer7.residual1,6558.836576000,1.008192000,6559.844768000,step1.layer7.residual1,RMSNorm
1,7,step1.layer7.router,router,GPU_COMPUTE,step1.layer7.norm2,6559.844768000,2.069888000,6561.914656000,step1.layer7.norm2,MoE router
1,7,step1.layer7.metadata,metadata,GPU_COMPUTE,step1.layer7.router,6561.914656000,1.000128000,6562.914784000,step1.layer7.router,routing metadata
1,7,step1.layer7.dispatch,dispatch,,step1.layer7.metadata,6562.914784000,0.000000000,6562.914784000,step1.layer7.metadata,single-GPU dispatch placeholder
1,7,step1.layer7.scheduler,scheduler,GPU_COMPUTE,step1.layer7.metadata,6562.914784000,0.000000000,6562.914784000,step1.layer7.metadata,allexp placement policy
1,7,step1.layer7.gpu_weight_load,gpu_weight_load,HBM_MEM_PATH,step1.layer7.scheduler,6562.914784000,0.000000000,6562.914784000,step1.layer7.scheduler,expert weights HBM to GPU
1,7,step1.layer7.gpu_expert_compute,gpu_expert,GPU_COMPUTE,step1.layer7.gpu_weight_load;step1.layer7.dispatch,6562.914784000,0.000000000,6562.914784000,step1.layer7.scheduler,grouped expert GEMM
1,7,step1.layer7.pim_gwrite,pim_write,GPU_PIM_IO,step1.layer7.scheduler;step1.layer7.dispatch,6562.914784000,0.082768000,6562.997552000,step1.layer7.scheduler,PIM_GWRITE token operands
1,7,step1.layer7.pim_expert_compute,pim_expert,PIM_COMPUTE,step1.layer7.pim_gwrite,6562.997552000,85.097472000,6648.095024000,step1.layer7.pim_gwrite,serialized PIM expert GEMV
1,7,step1.layer7.pim_read,pim_read,GPU_PIM_IO,step1.layer7.pim_expert_compute,6648.095024000,0.082768000,6648.177792000,step1.layer7.pim_expert_compute,PIM expert result read
1,7,step1.layer7.combine,combine,GPU_COMPUTE,step1.layer7.gpu_expert_compute;step1.layer7.pim_read,6648.177792000,1.036864000,6649.214656000,step1.layer7.pim_read,weighted expert combine
1,7,step1.layer7.residual2,residual,GPU_COMPUTE,step1.layer7.combine,6649.214656000,1.012288000,6650.226944000,step1.layer7.combine,residual add
1,8,step1.layer8.norm1,norm,GPU_COMPUTE,step1.layer7.residual2,6650.226944000,1.008192000,6651.235136000,step1.layer7.residual2,RMSNorm
1,8,step1.layer8.qkv,qkv,GPU_COMPUTE,step1.layer8.norm1,6651.235136000,3.635776000,6654.870912000,step1.layer8.norm1,QKV projection
1,8,step1.layer8.rope,rope,GPU_COMPUTE,step1.layer8.qkv,6654.870912000,1.018432000,6655.889344000,step1.layer8.qkv,QK norm and RoPE
1,8,step1.layer8.attention,attention,PIM_COMPUTE,step1.layer8.rope,6655.889344000,17.593600000,6673.482944000,step1.layer8.rope,decode attention on PIM
1,8,step1.layer8.o_proj,attention_output,GPU_COMPUTE,step1.layer8.attention,6673.482944000,3.109440000,6676.592384000,step1.layer8.attention,attention output projection
1,8,step1.layer8.residual1,residual,GPU_COMPUTE,step1.layer8.o_proj,6676.592384000,1.012288000,6677.604672000,step1.layer8.o_proj,residual add
1,8,step1.layer8.norm2,norm,GPU_COMPUTE,step1.layer8.residual1,6677.604672000,1.008192000,6678.612864000,step1.layer8.residual1,RMSNorm
1,8,step1.layer8.router,router,GPU_COMPUTE,step1.layer8.norm2,6678.612864000,2.069888000,6680.682752000,step1.layer8.norm2,MoE router
1,8,step1.layer8.metadata,metadata,GPU_COMPUTE,step1.layer8.router,6680.682752000,1.000128000,6681.682880000,step1.layer8.router,routing metadata
1,8,step1.layer8.dispatch,dispatch,,step1.layer8.metadata,6681.682880000,0.000000000,6681.682880000,step1.layer8.metadata,single-GPU dispatch placeholder
1,8,step1.layer8.scheduler,scheduler,GPU_COMPUTE,step1.layer8.metadata,6681.682880000,0.000000000,6681.682880000,step1.layer8.metadata,allexp placement policy
1,8,step1.layer8.gpu_weight_load,gpu_weight_load,HBM_MEM_PATH,step1.layer8.scheduler,6681.682880000,0.000000000,6681.682880000,step1.layer8.scheduler,expert weights HBM to GPU
1,8,step1.layer8.gpu_expert_compute,gpu_expert,GPU_COMPUTE,step1.layer8.gpu_weight_load;step1.layer8.dispatch,6681.682880000,0.000000000,6681.682880000,step1.layer8.scheduler,grouped expert GEMM
1,8,step1.layer8.pim_gwrite,pim_write,GPU_PIM_IO,step1.layer8.scheduler;step1.layer8.dispatch,6681.682880000,0.082768000,6681.765648000,step1.layer8.scheduler,PIM_GWRITE token operands
1,8,step1.layer8.pim_expert_compute,pim_expert,PIM_COMPUTE,step1.layer8.pim_gwrite,6681.765648000,85.097472000,6766.863120000,step1.layer8.pim_gwrite,serialized PIM expert GEMV
1,8,step1.layer8.pim_read,pim_read,GPU_PIM_IO,step1.layer8.pim_expert_compute,6766.863120000,0.082768000,6766.945888000,step1.layer8.pim_expert_compute,PIM expert result read
1,8,step1.layer8.combine,combine,GPU_COMPUTE,step1.layer8.gpu_expert_compute;step1.layer8.pim_read,6766.945888000,1.036864000,6767.982752000,step1.layer8.pim_read,weighted expert combine
1,8,step1.layer8.residual2,residual,GPU_COMPUTE,step1.layer8.combine,6767.982752000,1.012288000,6768.995040000,step1.layer8.combine,residual add
1,9,step1.layer9.norm1,norm,GPU_COMPUTE,step1.layer8.residual2,6768.995040000,1.008192000,6770.003232000,step1.layer8.residual2,RMSNorm
1,9,step1.layer9.qkv,qkv,GPU_COMPUTE,step1.layer9.norm1,6770.003232000,3.635776000,6773.639008000,step1.layer9.norm1,QKV projection
1,9,step1.layer9.rope,rope,GPU_COMPUTE,step1.layer9.qkv,6773.639008000,1.018432000,6774.657440000,step1.layer9.qkv,QK norm and RoPE
1,9,step1.layer9.attention,attention,PIM_COMPUTE,step1.layer9.rope,6774.657440000,17.593600000,6792.251040000,step1.layer9.rope,decode attention on PIM
1,9,step1.layer9.o_proj,attention_output,GPU_COMPUTE,step1.layer9.attention,6792.251040000,3.109440000,6795.360480000,step1.layer9.attention,attention output projection
1,9,step1.layer9.residual1,residual,GPU_COMPUTE,step1.layer9.o_proj,6795.360480000,1.012288000,6796.372768000,step1.layer9.o_proj,residual add
1,9,step1.layer9.norm2,norm,GPU_COMPUTE,step1.layer9.residual1,6796.372768000,1.008192000,6797.380960000,step1.layer9.residual1,RMSNorm
1,9,step1.layer9.router,router,GPU_COMPUTE,step1.layer9.norm2,6797.380960000,2.069888000,6799.450848000,step1.layer9.norm2,MoE router
1,9,step1.layer9.metadata,metadata,GPU_COMPUTE,step1.layer9.router,6799.450848000,1.000128000,6800.450976000,step1.layer9.router,routing metadata
1,9,step1.layer9.dispatch,dispatch,,step1.layer9.metadata,6800.450976000,0.000000000,6800.450976000,step1.layer9.metadata,single-GPU dispatch placeholder
1,9,step1.layer9.scheduler,scheduler,GPU_COMPUTE,step1.layer9.metadata,6800.450976000,0.000000000,6800.450976000,step1.layer9.metadata,allexp placement policy
1,9,step1.layer9.gpu_weight_load,gpu_weight_load,HBM_MEM_PATH,step1.layer9.scheduler,6800.450976000,0.000000000,6800.450976000,step1.layer9.scheduler,expert weights HBM to GPU
1,9,step1.layer9.gpu_expert_compute,gpu_expert,GPU_COMPUTE,step1.layer9.gpu_weight_load;step1.layer9.dispatch,6800.450976000,0.000000000,6800.450976000,step1.layer9.scheduler,grouped expert GEMM
1,9,step1.layer9.pim_gwrite,pim_write,GPU_PIM_IO,step1.layer9.scheduler;step1.layer9.dispatch,6800.450976000,0.082768000,6800.533744000,step1.layer9.scheduler,PIM_GWRITE token operands
1,9,step1.layer9.pim_expert_compute,pim_expert,PIM_COMPUTE,step1.layer9.pim_gwrite,6800.533744000,85.097472000,6885.631216000,step1.layer9.pim_gwrite,serialized PIM expert GEMV
1,9,step1.layer9.pim_read,pim_read,GPU_PIM_IO,step1.layer9.pim_expert_compute,6885.631216000,0.082768000,6885.713984000,step1.layer9.pim_expert_compute,PIM expert result read
1,9,step1.layer9.combine,combine,GPU_COMPUTE,step1.layer9.gpu_expert_compute;step1.layer9.pim_read,6885.713984000,1.036864000,6886.750848000,step1.layer9.pim_read,weighted expert combine
1,9,step1.layer9.residual2,residual,GPU_COMPUTE,step1.layer9.combine,6886.750848000,1.012288000,6887.763136000,step1.layer9.combine,residual add
1,10,step1.layer10.norm1,norm,GPU_COMPUTE,step1.layer9.residual2,6887.763136000,1.008192000,6888.771328000,step1.layer9.residual2,RMSNorm
1,10,step1.layer10.qkv,qkv,GPU_COMPUTE,step1.layer10.norm1,6888.771328000,3.635776000,6892.407104000,step1.layer10.norm1,QKV projection
1,10,step1.layer10.rope,rope,GPU_COMPUTE,step1.layer10.qkv,6892.407104000,1.018432000,6893.425536000,step1.layer10.qkv,QK norm and RoPE
1,10,step1.layer10.attention,attention,PIM_COMPUTE,step1.layer10.rope,6893.425536000,17.593600000,6911.019136000,step1.layer10.rope,decode attention on PIM
1,10,step1.layer10.o_proj,attention_output,GPU_COMPUTE,step1.layer10.attention,6911.019136000,3.109440000,6914.128576000,step1.layer10.attention,attention output projection
1,10,step1.layer10.residual1,residual,GPU_COMPUTE,step1.layer10.o_proj,6914.128576000,1.012288000,6915.140864000,step1.layer10.o_proj,residual add
1,10,step1.layer10.norm2,norm,GPU_COMPUTE,step1.layer10.residual1,6915.140864000,1.008192000,6916.149056000,step1.layer10.residual1,RMSNorm
1,10,step1.layer10.router,router,GPU_COMPUTE,step1.layer10.norm2,6916.149056000,2.069888000,6918.218944000,step1.layer10.norm2,MoE router
1,10,step1.layer10.metadata,metadata,GPU_COMPUTE,step1.layer10.router,6918.218944000,1.000128000,6919.219072000,step1.layer10.router,routing metadata
1,10,step1.layer10.dispatch,dispatch,,step1.layer10.metadata,6919.219072000,0.000000000,6919.219072000,step1.layer10.metadata,single-GPU dispatch placeholder
1,10,step1.layer10.scheduler,scheduler,GPU_COMPUTE,step1.layer10.metadata,6919.219072000,0.000000000,6919.219072000,step1.layer10.metadata,allexp placement policy
1,10,step1.layer10.gpu_weight_load,gpu_weight_load,HBM_MEM_PATH,step1.layer10.scheduler,6919.219072000,0.000000000,6919.219072000,step1.layer10.scheduler,expert weights HBM to GPU
1,10,step1.layer10.gpu_expert_compute,gpu_expert,GPU_COMPUTE,step1.layer10.gpu_weight_load;step1.layer10.dispatch,6919.219072000,0.000000000,6919.219072000,step1.layer10.scheduler,grouped expert GEMM
1,10,step1.layer10.pim_gwrite,pim_write,GPU_PIM_IO,step1.layer10.scheduler;step1.layer10.dispatch,6919.219072000,0.082768000,6919.301840000,step1.layer10.scheduler,PIM_GWRITE token operands
1,10,step1.layer10.pim_expert_compute,pim_expert,PIM_COMPUTE,step1.layer10.pim_gwrite,6919.301840000,85.097472000,7004.399312000,step1.layer10.pim_gwrite,serialized PIM expert GEMV
1,10,step1.layer10.pim_read,pim_read,GPU_PIM_IO,step1.layer10.pim_expert_compute,7004.399312000,0.082768000,7004.482080000,step1.layer10.pim_expert_compute,PIM expert result read
1,10,step1.layer10.combine,combine,GPU_COMPUTE,step1.layer10.gpu_expert_compute;step1.layer10.pim_read,7004.482080000,1.036864000,7005.518944000,step1.layer10.pim_read,weighted expert combine
1,10,step1.layer10.residual2,residual,GPU_COMPUTE,step1.layer10.combine,7005.518944000,1.012288000,7006.531232000,step1.layer10.combine,residual add
1,11,step1.layer11.norm1,norm,GPU_COMPUTE,step1.layer10.residual2,7006.531232000,1.008192000,7007.539424000,step1.layer10.residual2,RMSNorm
1,11,step1.layer11.qkv,qkv,GPU_COMPUTE,step1.layer11.norm1,7007.539424000,3.635776000,7011.175200000,step1.layer11.norm1,QKV projection
1,11,step1.layer11.rope,rope,GPU_COMPUTE,step1.layer11.qkv,7011.175200000,1.018432000,7012.193632000,step1.layer11.qkv,QK norm and RoPE
1,11,step1.layer11.attention,attention,PIM_COMPUTE,step1.layer11.rope,7012.193632000,17.593600000,7029.787232000,step1.layer11.rope,decode attention on PIM
1,11,step1.layer11.o_proj,attention_output,GPU_COMPUTE,step1.layer11.attention,7029.787232000,3.109440000,7032.896672000,step1.layer11.attention,attention output projection
1,11,step1.layer11.residual1,residual,GPU_COMPUTE,step1.layer11.o_proj,7032.896672000,1.012288000,7033.908960000,step1.layer11.o_proj,residual add
1,11,step1.layer11.norm2,norm,GPU_COMPUTE,step1.layer11.residual1,7033.908960000,1.008192000,7034.917152000,step1.layer11.residual1,RMSNorm
1,11,step1.layer11.router,router,GPU_COMPUTE,step1.layer11.norm2,7034.917152000,2.069888000,7036.987040000,step1.layer11.norm2,MoE router
1,11,step1.layer11.metadata,metadata,GPU_COMPUTE,step1.layer11.router,7036.987040000,1.000128000,7037.987168000,step1.layer11.router,routing metadata
1,11,step1.layer11.dispatch,dispatch,,step1.layer11.metadata,7037.987168000,0.000000000,7037.987168000,step1.layer11.metadata,single-GPU dispatch placeholder
1,11,step1.layer11.scheduler,scheduler,GPU_COMPUTE,step1.layer11.metadata,7037.987168000,0.000000000,7037.987168000,step1.layer11.metadata,allexp placement policy
1,11,step1.layer11.gpu_weight_load,gpu_weight_load,HBM_MEM_PATH,step1.layer11.scheduler,7037.987168000,0.000000000,7037.987168000,step1.layer11.scheduler,expert weights HBM to GPU
1,11,step1.layer11.gpu_expert_compute,gpu_expert,GPU_COMPUTE,step1.layer11.gpu_weight_load;step1.layer11.dispatch,7037.987168000,0.000000000,7037.987168000,step1.layer11.scheduler,grouped expert GEMM
1,11,step1.layer11.pim_gwrite,pim_write,GPU_PIM_IO,step1.layer11.scheduler;step1.layer11.dispatch,7037.987168000,0.082768000,7038.069936000,step1.layer11.scheduler,PIM_GWRITE token operands
1,11,step1.layer11.pim_expert_compute,pim_expert,PIM_COMPUTE,step1.layer11.pim_gwrite,7038.069936000,85.097472000,7123.167408000,step1.layer11.pim_gwrite,serialized PIM expert GEMV
1,11,step1.layer11.pim_read,pim_read,GPU_PIM_IO,step1.layer11.pim_expert_compute,7123.167408000,0.082768000,7123.250176000,step1.layer11.pim_expert_compute,PIM expert result read
1,11,step1.layer11.combine,combine,GPU_COMPUTE,step1.layer11.gpu_expert_compute;step1.layer11.pim_read,7123.250176000,1.036864000,7124.287040000,step1.layer11.pim_read,weighted expert combine
1,11,step1.layer11.residual2,residual,GPU_COMPUTE,step1.layer11.combine,7124.287040000,1.012288000,7125.299328000,step1.layer11.combine,residual add
1,12,step1.layer12.norm1,norm,GPU_COMPUTE,step1.layer11.residual2,7125.299328000,1.008192000,7126.307520000,step1.layer11.residual2,RMSNorm
1,12,step1.layer12.qkv,qkv,GPU_COMPUTE,step1.layer12.norm1,7126.307520000,3.635776000,7129.943296000,step1.layer12.norm1,QKV projection
1,12,step1.layer12.rope,rope,GPU_COMPUTE,step1.layer12.qkv,7129.943296000,1.018432000,7130.961728000,step1.layer12.qkv,QK norm and RoPE
1,12,step1.layer12.attention,attention,PIM_COMPUTE,step1.layer12.rope,7130.961728000,17.593600000,7148.555328000,step1.layer12.rope,decode attention on PIM
1,12,step1.layer12.o_proj,attention_output,GPU_COMPUTE,step1.layer12.attention,7148.555328000,3.109440000,7151.664768000,step1.layer12.attention,attention output projection
1,12,step1.layer12.residual1,residual,GPU_COMPUTE,step1.layer12.o_proj,7151.664768000,1.012288000,7152.677056000,step1.layer12.o_proj,residual add
1,12,step1.layer12.norm2,norm,GPU_COMPUTE,step1.layer12.residual1,7152.677056000,1.008192000,7153.685248000,step1.layer12.residual1,RMSNorm
1,12,step1.layer12.router,router,GPU_COMPUTE,step1.layer12.norm2,7153.685248000,2.069888000,7155.755136000,step1.layer12.norm2,MoE router
1,12,step1.layer12.metadata,metadata,GPU_COMPUTE,step1.layer12.router,7155.755136000,1.000128000,7156.755264000,step1.layer12.router,routing metadata
1,12,step1.layer12.dispatch,dispatch,,step1.layer12.metadata,7156.755264000,0.000000000,7156.755264000,step1.layer12.metadata,single-GPU dispatch placeholder
1,12,step1.layer12.scheduler,scheduler,GPU_COMPUTE,step1.layer12.metadata,7156.755264000,0.000000000,7156.755264000,step1.layer12.metadata,allexp placement policy
1,12,step1.layer12.gpu_weight_load,gpu_weight_load,HBM_MEM_PATH,step1.layer12.scheduler,7156.755264000,0.000000000,7156.755264000,step1.layer12.scheduler,expert weights HBM to GPU
1,12,step1.layer12.gpu_expert_compute,gpu_expert,GPU_COMPUTE,step1.layer12.gpu_weight_load;step1.layer12.dispatch,7156.755264000,0.000000000,7156.755264000,step1.layer12.scheduler,grouped expert GEMM
1,12,step1.layer12.pim_gwrite,pim_write,GPU_PIM_IO,step1.layer12.scheduler;step1.layer12.dispatch,7156.755264000,0.082768000,7156.838032000,step1.layer12.scheduler,PIM_GWRITE token operands
1,12,step1.layer12.pim_expert_compute,pim_expert,PIM_COMPUTE,step1.layer12.pim_gwrite,7156.838032000,85.097472000,7241.935504000,step1.layer12.pim_gwrite,serialized PIM expert GEMV
1,12,step1.layer12.pim_read,pim_read,GPU_PIM_IO,step1.layer12.pim_expert_compute,7241.935504000,0.082768000,7242.018272000,step1.layer12.pim_expert_compute,PIM expert result read
1,12,step1.layer12.combine,combine,GPU_COMPUTE,step1.layer12.gpu_expert_compute;step1.layer12.pim_read,7242.018272000,1.036864000,7243.055136000,step1.layer12.pim_read,weighted expert combine
1,12,step1.layer12.residual2,residual,GPU_COMPUTE,step1.layer12.combine,7243.055136000,1.012288000,7244.067424000,step1.layer12.combine,residual add
1,13,step1.layer13.norm1,norm,GPU_COMPUTE,step1.layer12.residual2,7244.067424000,1.008192000,7245.075616000,step1.layer12.residual2,RMSNorm
1,13,step1.layer13.qkv,qkv,GPU_COMPUTE,step1.layer13.norm1,7245.075616000,3.635776000,7248.711392000,step1.layer13.norm1,QKV projection
1,13,step1.layer13.rope,rope,GPU_COMPUTE,step1.layer13.qkv,7248.711392000,1.018432000,7249.729824000,step1.layer13.qkv,QK norm and RoPE
1,13,step1.layer13.attention,attention,PIM_COMPUTE,step1.layer13.rope,7249.729824000,17.593600000,7267.323424000,step1.layer13.rope,decode attention on PIM
1,13,step1.layer13.o_proj,attention_output,GPU_COMPUTE,step1.layer13.attention,7267.323424000,3.109440000,7270.432864000,step1.layer13.attention,attention output projection
1,13,step1.layer13.residual1,residual,GPU_COMPUTE,step1.layer13.o_proj,7270.432864000,1.012288000,7271.445152000,step1.layer13.o_proj,residual add
1,13,step1.layer13.norm2,norm,GPU_COMPUTE,step1.layer13.residual1,7271.445152000,1.008192000,7272.453344000,step1.layer13.residual1,RMSNorm
1,13,step1.layer13.router,router,GPU_COMPUTE,step1.layer13.norm2,7272.453344000,2.069888000,7274.523232000,step1.layer13.norm2,MoE router
1,13,step1.layer13.metadata,metadata,GPU_COMPUTE,step1.layer13.router,7274.523232000,1.000128000,7275.523360000,step1.layer13.router,routing metadata
1,13,step1.layer13.dispatch,dispatch,,step1.layer13.metadata,7275.523360000,0.000000000,7275.523360000,step1.layer13.metadata,single-GPU dispatch placeholder
1,13,step1.layer13.scheduler,scheduler,GPU_COMPUTE,step1.layer13.metadata,7275.523360000,0.000000000,7275.523360000,step1.layer13.metadata,allexp placement policy
1,13,step1.layer13.gpu_weight_load,gpu_weight_load,HBM_MEM_PATH,step1.layer13.scheduler,7275.523360000,0.000000000,7275.523360000,step1.layer13.scheduler,expert weights HBM to GPU
1,13,step1.layer13.gpu_expert_compute,gpu_expert,GPU_COMPUTE,step1.layer13.gpu_weight_load;step1.layer13.dispatch,7275.523360000,0.000000000,7275.523360000,step1.layer13.scheduler,grouped expert GEMM
1,13,step1.layer13.pim_gwrite,pim_write,GPU_PIM_IO,step1.layer13.scheduler;step1.layer13.dispatch,7275.523360000,0.082768000,7275.606128000,step1.layer13.scheduler,PIM_GWRITE token operands
1,13,step1.layer13.pim_expert_compute,pim_expert,PIM_COMPUTE,step1.layer13.pim_gwrite,7275.606128000,85.097472000,7360.703600000,step1.layer13.pim_gwrite,serialized PIM expert GEMV
1,13,step1.layer13.pim_read,pim_read,GPU_PIM_IO,step1.layer13.pim_expert_compute,7360.703600000,0.082768000,7360.786368000,step1.layer13.pim_expert_compute,PIM expert result read
1,13,step1.layer13.combine,combine,GPU_COMPUTE,step1.layer13.gpu_expert_compute;step1.layer13.pim_read,7360.786368000,1.036864000,7361.823232000,step1.layer13.pim_read,weighted expert combine
1,13,step1.layer13.residual2,residual,GPU_COMPUTE,step1.layer13.combine,7361.823232000,1.012288000,7362.835520000,step1.layer13.combine,residual add
1,14,step1.layer14.norm1,norm,GPU_COMPUTE,step1.layer13.residual2,7362.835520000,1.008192000,7363.843712000,step1.layer13.residual2,RMSNorm
1,14,step1.layer14.qkv,qkv,GPU_COMPUTE,step1.layer14.norm1,7363.843712000,3.635776000,7367.479488000,step1.layer14.norm1,QKV projection
1,14,step1.layer14.rope,rope,GPU_COMPUTE,step1.layer14.qkv,7367.479488000,1.018432000,7368.497920000,step1.layer14.qkv,QK norm and RoPE
1,14,step1.layer14.attention,attention,PIM_COMPUTE,step1.layer14.rope,7368.497920000,17.593600000,7386.091520000,step1.layer14.rope,decode attention on PIM
1,14,step1.layer14.o_proj,attention_output,GPU_COMPUTE,step1.layer14.attention,7386.091520000,3.109440000,7389.200960000,step1.layer14.attention,attention output projection
1,14,step1.layer14.residual1,residual,GPU_COMPUTE,step1.layer14.o_proj,7389.200960000,1.012288000,7390.213248000,step1.layer14.o_proj,residual add
1,14,step1.layer14.norm2,norm,GPU_COMPUTE,step1.layer14.residual1,7390.213248000,1.008192000,7391.221440000,step1.layer14.residual1,RMSNorm
1,14,step1.layer14.router,router,GPU_COMPUTE,step1.layer14.norm2,7391.221440000,2.069888000,7393.291328000,step1.layer14.norm2,MoE router
1,14,step1.layer14.metadata,metadata,GPU_COMPUTE,step1.layer14.router,7393.291328000,1.000128000,7394.291456000,step1.layer14.router,routing metadata
1,14,step1.layer14.dispatch,dispatch,,step1.layer14.metadata,7394.291456000,0.000000000,7394.291456000,step1.layer14.metadata,single-GPU dispatch placeholder
1,14,step1.layer14.scheduler,scheduler,GPU_COMPUTE,step1.layer14.metadata,7394.291456000,0.000000000,7394.291456000,step1.layer14.metadata,allexp placement policy
1,14,step1.layer14.gpu_weight_load,gpu_weight_load,HBM_MEM_PATH,step1.layer14.scheduler,7394.291456000,0.000000000,7394.291456000,step1.layer14.scheduler,expert weights HBM to GPU
1,14,step1.layer14.gpu_expert_compute,gpu_expert,GPU_COMPUTE,step1.layer14.gpu_weight_load;step1.layer14.dispatch,7394.291456000,0.000000000,7394.291456000,step1.layer14.scheduler,grouped expert GEMM
1,14,step1.layer14.pim_gwrite,pim_write,GPU_PIM_IO,step1.layer14.scheduler;step1.layer14.dispatch,7394.291456000,0.082768000,7394.374224000,step1.layer14.scheduler,PIM_GWRITE token operands
1,14,step1.layer14.pim_expert_compute,pim_expert,PIM_COMPUTE,step1.layer14.pim_gwrite,7394.374224000,85.097472000,7479.471696000,step1.layer14.pim_gwrite,serialized PIM expert GEMV
1,14,step1.layer14.pim_read,pim_read,GPU_PIM_IO,step1.layer14.pim_expert_compute,7479.471696000,0.082768000,7479.554464000,step1.layer14.pim_expert_compute,PIM expert result read
1,14,step1.layer14.combine,combine,GPU_COMPUTE,step1.layer14.gpu_expert_compute;step1.layer14.pim_read,7479.554464000,1.036864000,7480.591328000,step1.layer14.pim_read,weighted expert combine
1,14,step1.layer14.residual2,residual,GPU_COMPUTE,step1.layer14.combine,7480.591328000,1.012288000,7481.603616000,step1.layer14.combine,residual add
1,15,step1.layer15.norm1,norm,GPU_COMPUTE,step1.layer14.residual2,7481.603616000,1.008192000,7482.611808000,step1.layer14.residual2,RMSNorm
1,15,step1.layer15.qkv,qkv,GPU_COMPUTE,step1.layer15.norm1,7482.611808000,3.635776000,7486.247584000,step1.layer15.norm1,QKV projection
1,15,step1.layer15.rope,rope,GPU_COMPUTE,step1.layer15.qkv,7486.247584000,1.018432000,7487.266016000,step1.layer15.qkv,QK norm and RoPE
1,15,step1.layer15.attention,attention,PIM_COMPUTE,step1.layer15.rope,7487.266016000,17.593600000,7504.859616000,step1.layer15.rope,decode attention on PIM
1,15,step1.layer15.o_proj,attention_output,GPU_COMPUTE,step1.layer15.attention,7504.859616000,3.109440000,7507.969056000,step1.layer15.attention,attention output projection
1,15,step1.layer15.residual1,residual,GPU_COMPUTE,step1.layer15.o_proj,7507.969056000,1.012288000,7508.981344000,step1.layer15.o_proj,residual add
1,15,step1.layer15.norm2,norm,GPU_COMPUTE,step1.layer15.residual1,7508.981344000,1.008192000,7509.989536000,step1.layer15.residual1,RMSNorm
1,15,step1.layer15.router,router,GPU_COMPUTE,step1.layer15.norm2,7509.989536000,2.069888000,7512.059424000,step1.layer15.norm2,MoE router
1,15,step1.layer15.metadata,metadata,GPU_COMPUTE,step1.layer15.router,7512.059424000,1.000128000,7513.059552000,step1.layer15.router,routing metadata
1,15,step1.layer15.dispatch,dispatch,,step1.layer15.metadata,7513.059552000,0.000000000,7513.059552000,step1.layer15.metadata,single-GPU dispatch placeholder
1,15,step1.layer15.scheduler,scheduler,GPU_COMPUTE,step1.layer15.metadata,7513.059552000,0.000000000,7513.059552000,step1.layer15.metadata,allexp placement policy
1,15,step1.layer15.gpu_weight_load,gpu_weight_load,HBM_MEM_PATH,step1.layer15.scheduler,7513.059552000,0.000000000,7513.059552000,step1.layer15.scheduler,expert weights HBM to GPU
1,15,step1.layer15.gpu_expert_compute,gpu_expert,GPU_COMPUTE,step1.layer15.gpu_weight_load;step1.layer15.dispatch,7513.059552000,0.000000000,7513.059552000,step1.layer15.scheduler,grouped expert GEMM
1,15,step1.layer15.pim_gwrite,pim_write,GPU_PIM_IO,step1.layer15.scheduler;step1.layer15.dispatch,7513.059552000,0.082768000,7513.142320000,step1.layer15.scheduler,PIM_GWRITE token operands
1,15,step1.layer15.pim_expert_compute,pim_expert,PIM_COMPUTE,step1.layer15.pim_gwrite,7513.142320000,85.097472000,7598.239792000,step1.layer15.pim_gwrite,serialized PIM expert GEMV
1,15,step1.layer15.pim_read,pim_read,GPU_PIM_IO,step1.layer15.pim_expert_compute,7598.239792000,0.082768000,7598.322560000,step1.layer15.pim_expert_compute,PIM expert result read
1,15,step1.layer15.combine,combine,GPU_COMPUTE,step1.layer15.gpu_expert_compute;step1.layer15.pim_read,7598.322560000,1.036864000,7599.359424000,step1.layer15.pim_read,weighted expert combine
1,15,step1.layer15.residual2,residual,GPU_COMPUTE,step1.layer15.combine,7599.359424000,1.012288000,7600.371712000,step1.layer15.combine,residual add
1,16,step1.layer16.norm1,norm,GPU_COMPUTE,step1.layer15.residual2,7600.371712000,1.008192000,7601.379904000,step1.layer15.residual2,RMSNorm
1,16,step1.layer16.qkv,qkv,GPU_COMPUTE,step1.layer16.norm1,7601.379904000,3.635776000,7605.015680000,step1.layer16.norm1,QKV projection
1,16,step1.layer16.rope,rope,GPU_COMPUTE,step1.layer16.qkv,7605.015680000,1.018432000,7606.034112000,step1.layer16.qkv,QK norm and RoPE
1,16,step1.layer16.attention,attention,PIM_COMPUTE,step1.layer16.rope,7606.034112000,17.593600000,7623.627712000,step1.layer16.rope,decode attention on PIM
1,16,step1.layer16.o_proj,attention_output,GPU_COMPUTE,step1.layer16.attention,7623.627712000,3.109440000,7626.737152000,step1.layer16.attention,attention output projection
1,16,step1.layer16.residual1,residual,GPU_COMPUTE,step1.layer16.o_proj,7626.737152000,1.012288000,7627.749440000,step1.layer16.o_proj,residual add
1,16,step1.layer16.norm2,norm,GPU_COMPUTE,step1.layer16.residual1,7627.749440000,1.008192000,7628.757632000,step1.layer16.residual1,RMSNorm
1,16,step1.layer16.router,router,GPU_COMPUTE,step1.layer16.norm2,7628.757632000,2.069888000,7630.827520000,step1.layer16.norm2,MoE router
1,16,step1.layer16.metadata,metadata,GPU_COMPUTE,step1.layer16.router,7630.827520000,1.000128000,7631.827648000,step1.layer16.router,routing metadata
1,16,step1.layer16.dispatch,dispatch,,step1.layer16.metadata,7631.827648000,0.000000000,7631.827648000,step1.layer16.metadata,single-GPU dispatch placeholder
1,16,step1.layer16.scheduler,scheduler,GPU_COMPUTE,step1.layer16.metadata,7631.827648000,0.000000000,7631.827648000,step1.layer16.metadata,allexp placement policy
1,16,step1.layer16.gpu_weight_load,gpu_weight_load,HBM_MEM_PATH,step1.layer16.scheduler,7631.827648000,0.000000000,7631.827648000,step1.layer16.scheduler,expert weights HBM to GPU
1,16,step1.layer16.gpu_expert_compute,gpu_expert,GPU_COMPUTE,step1.layer16.gpu_weight_load;step1.layer16.dispatch,7631.827648000,0.000000000,7631.827648000,step1.layer16.scheduler,grouped expert GEMM
1,16,step1.layer16.pim_gwrite,pim_write,GPU_PIM_IO,step1.layer16.scheduler;step1.layer16.dispatch,7631.827648000,0.082768000,7631.910416000,step1.layer16.scheduler,PIM_GWRITE token operands
1,16,step1.layer16.pim_expert_compute,pim_expert,PIM_COMPUTE,step1.layer16.pim_gwrite,7631.910416000,85.097472000,7717.007888000,step1.layer16.pim_gwrite,serialized PIM expert GEMV
1,16,step1.layer16.pim_read,pim_read,GPU_PIM_IO,step1.layer16.pim_expert_compute,7717.007888000,0.082768000,7717.090656000,step1.layer16.pim_expert_compute,PIM expert result read
1,16,step1.layer16.combine,combine,GPU_COMPUTE,step1.layer16.gpu_expert_compute;step1.layer16.pim_read,7717.090656000,1.036864000,7718.127520000,step1.layer16.pim_read,weighted expert combine
1,16,step1.layer16.residual2,residual,GPU_COMPUTE,step1.layer16.combine,7718.127520000,1.012288000,7719.139808000,step1.layer16.combine,residual add
1,17,step1.layer17.norm1,norm,GPU_COMPUTE,step1.layer16.residual2,7719.139808000,1.008192000,7720.148000000,step1.layer16.residual2,RMSNorm
1,17,step1.layer17.qkv,qkv,GPU_COMPUTE,step1.layer17.norm1,7720.148000000,3.635776000,7723.783776000,step1.layer17.norm1,QKV projection
1,17,step1.layer17.rope,rope,GPU_COMPUTE,step1.layer17.qkv,7723.783776000,1.018432000,7724.802208000,step1.layer17.qkv,QK norm and RoPE
1,17,step1.layer17.attention,attention,PIM_COMPUTE,step1.layer17.rope,7724.802208000,17.593600000,7742.395808000,step1.layer17.rope,decode attention on PIM
1,17,step1.layer17.o_proj,attention_output,GPU_COMPUTE,step1.layer17.attention,7742.395808000,3.109440000,7745.505248000,step1.layer17.attention,attention output projection
1,17,step1.layer17.residual1,residual,GPU_COMPUTE,step1.layer17.o_proj,7745.505248000,1.012288000,7746.517536000,step1.layer17.o_proj,residual add
1,17,step1.layer17.norm2,norm,GPU_COMPUTE,step1.layer17.residual1,7746.517536000,1.008192000,7747.525728000,step1.layer17.residual1,RMSNorm
1,17,step1.layer17.router,router,GPU_COMPUTE,step1.layer17.norm2,7747.525728000,2.069888000,7749.595616000,step1.layer17.norm2,MoE router
1,17,step1.layer17.metadata,metadata,GPU_COMPUTE,step1.layer17.router,7749.595616000,1.000128000,7750.595744000,step1.layer17.router,routing metadata
1,17,step1.layer17.dispatch,dispatch,,step1.layer17.metadata,7750.595744000,0.000000000,7750.595744000,step1.layer17.metadata,single-GPU dispatch placeholder
1,17,step1.layer17.scheduler,scheduler,GPU_COMPUTE,step1.layer17.metadata,7750.595744000,0.000000000,7750.595744000,step1.layer17.metadata,allexp placement policy
1,17,step1.layer17.gpu_weight_load,gpu_weight_load,HBM_MEM_PATH,step1.layer17.scheduler,7750.595744000,0.000000000,7750.595744000,step1.layer17.scheduler,expert weights HBM to GPU
1,17,step1.layer17.gpu_expert_compute,gpu_expert,GPU_COMPUTE,step1.layer17.gpu_weight_load;step1.layer17.dispatch,7750.595744000,0.000000000,7750.595744000,step1.layer17.scheduler,grouped expert GEMM
1,17,step1.layer17.pim_gwrite,pim_write,GPU_PIM_IO,step1.layer17.scheduler;step1.layer17.dispatch,7750.595744000,0.082768000,7750.678512000,step1.layer17.scheduler,PIM_GWRITE token operands
1,17,step1.layer17.pim_expert_compute,pim_expert,PIM_COMPUTE,step1.layer17.pim_gwrite,7750.678512000,85.097472000,7835.775984000,step1.layer17.pim_gwrite,serialized PIM expert GEMV
1,17,step1.layer17.pim_read,pim_read,GPU_PIM_IO,step1.layer17.pim_expert_compute,7835.775984000,0.082768000,7835.858752000,step1.layer17.pim_expert_compute,PIM expert result read
1,17,step1.layer17.combine,combine,GPU_COMPUTE,step1.layer17.gpu_expert_compute;step1.layer17.pim_read,7835.858752000,1.036864000,7836.895616000,step1.layer17.pim_read,weighted expert combine
1,17,step1.layer17.residual2,residual,GPU_COMPUTE,step1.layer17.combine,7836.895616000,1.012288000,7837.907904000,step1.layer17.combine,residual add
1,18,step1.layer18.norm1,norm,GPU_COMPUTE,step1.layer17.residual2,7837.907904000,1.008192000,7838.916096000,step1.layer17.residual2,RMSNorm
1,18,step1.layer18.qkv,qkv,GPU_COMPUTE,step1.layer18.norm1,7838.916096000,3.635776000,7842.551872000,step1.layer18.norm1,QKV projection
1,18,step1.layer18.rope,rope,GPU_COMPUTE,step1.layer18.qkv,7842.551872000,1.018432000,7843.570304000,step1.layer18.qkv,QK norm and RoPE
1,18,step1.layer18.attention,attention,PIM_COMPUTE,step1.layer18.rope,7843.570304000,17.593600000,7861.163904000,step1.layer18.rope,decode attention on PIM
1,18,step1.layer18.o_proj,attention_output,GPU_COMPUTE,step1.layer18.attention,7861.163904000,3.109440000,7864.273344000,step1.layer18.attention,attention output projection
1,18,step1.layer18.residual1,residual,GPU_COMPUTE,step1.layer18.o_proj,7864.273344000,1.012288000,7865.285632000,step1.layer18.o_proj,residual add
1,18,step1.layer18.norm2,norm,GPU_COMPUTE,step1.layer18.residual1,7865.285632000,1.008192000,7866.293824000,step1.layer18.residual1,RMSNorm
1,18,step1.layer18.router,router,GPU_COMPUTE,step1.layer18.norm2,7866.293824000,2.069888000,7868.363712000,step1.layer18.norm2,MoE router
1,18,step1.layer18.metadata,metadata,GPU_COMPUTE,step1.layer18.router,7868.363712000,1.000128000,7869.363840000,step1.layer18.router,routing metadata
1,18,step1.layer18.dispatch,dispatch,,step1.layer18.metadata,7869.363840000,0.000000000,7869.363840000,step1.layer18.metadata,single-GPU dispatch placeholder
1,18,step1.layer18.scheduler,scheduler,GPU_COMPUTE,step1.layer18.metadata,7869.363840000,0.000000000,7869.363840000,step1.layer18.metadata,allexp placement policy
1,18,step1.layer18.gpu_weight_load,gpu_weight_load,HBM_MEM_PATH,step1.layer18.scheduler,7869.363840000,0.000000000,7869.363840000,step1.layer18.scheduler,expert weights HBM to GPU
1,18,step1.layer18.gpu_expert_compute,gpu_expert,GPU_COMPUTE,step1.layer18.gpu_weight_load;step1.layer18.dispatch,7869.363840000,0.000000000,7869.363840000,step1.layer18.scheduler,grouped expert GEMM
1,18,step1.layer18.pim_gwrite,pim_write,GPU_PIM_IO,step1.layer18.scheduler;step1.layer18.dispatch,7869.363840000,0.082768000,7869.446608000,step1.layer18.scheduler,PIM_GWRITE token operands
1,18,step1.layer18.pim_expert_compute,pim_expert,PIM_COMPUTE,step1.layer18.pim_gwrite,7869.446608000,85.097472000,7954.544080000,step1.layer18.pim_gwrite,serialized PIM expert GEMV
1,18,step1.layer18.pim_read,pim_read,GPU_PIM_IO,step1.layer18.pim_expert_compute,7954.544080000,0.082768000,7954.626848000,step1.layer18.pim_expert_compute,PIM expert result read
1,18,step1.layer18.combine,combine,GPU_COMPUTE,step1.layer18.gpu_expert_compute;step1.layer18.pim_read,7954.626848000,1.036864000,7955.663712000,step1.layer18.pim_read,weighted expert combine
1,18,step1.layer18.residual2,residual,GPU_COMPUTE,step1.layer18.combine,7955.663712000,1.012288000,7956.676000000,step1.layer18.combine,residual add
1,19,step1.layer19.norm1,norm,GPU_COMPUTE,step1.layer18.residual2,7956.676000000,1.008192000,7957.684192000,step1.layer18.residual2,RMSNorm
1,19,step1.layer19.qkv,qkv,GPU_COMPUTE,step1.layer19.norm1,7957.684192000,3.635776000,7961.319968000,step1.layer19.norm1,QKV projection
1,19,step1.layer19.rope,rope,GPU_COMPUTE,step1.layer19.qkv,7961.319968000,1.018432000,7962.338400000,step1.layer19.qkv,QK norm and RoPE
1,19,step1.layer19.attention,attention,PIM_COMPUTE,step1.layer19.rope,7962.338400000,17.593600000,7979.932000000,step1.layer19.rope,decode attention on PIM
1,19,step1.layer19.o_proj,attention_output,GPU_COMPUTE,step1.layer19.attention,7979.932000000,3.109440000,7983.041440000,step1.layer19.attention,attention output projection
1,19,step1.layer19.residual1,residual,GPU_COMPUTE,step1.layer19.o_proj,7983.041440000,1.012288000,7984.053728000,step1.layer19.o_proj,residual add
1,19,step1.layer19.norm2,norm,GPU_COMPUTE,step1.layer19.residual1,7984.053728000,1.008192000,7985.061920000,step1.layer19.residual1,RMSNorm
1,19,step1.layer19.router,router,GPU_COMPUTE,step1.layer19.norm2,7985.061920000,2.069888000,7987.131808000,step1.layer19.norm2,MoE router
1,19,step1.layer19.metadata,metadata,GPU_COMPUTE,step1.layer19.router,7987.131808000,1.000128000,7988.131936000,step1.layer19.router,routing metadata
1,19,step1.layer19.dispatch,dispatch,,step1.layer19.metadata,7988.131936000,0.000000000,7988.131936000,step1.layer19.metadata,single-GPU dispatch placeholder
1,19,step1.layer19.scheduler,scheduler,GPU_COMPUTE,step1.layer19.metadata,7988.131936000,0.000000000,7988.131936000,step1.layer19.metadata,allexp placement policy
1,19,step1.layer19.gpu_weight_load,gpu_weight_load,HBM_MEM_PATH,step1.layer19.scheduler,7988.131936000,0.000000000,7988.131936000,step1.layer19.scheduler,expert weights HBM to GPU
1,19,step1.layer19.gpu_expert_compute,gpu_expert,GPU_COMPUTE,step1.layer19.gpu_weight_load;step1.layer19.dispatch,7988.131936000,0.000000000,7988.131936000,step1.layer19.scheduler,grouped expert GEMM
1,19,step1.layer19.pim_gwrite,pim_write,GPU_PIM_IO,step1.layer19.scheduler;step1.layer19.dispatch,7988.131936000,0.082768000,7988.214704000,step1.layer19.scheduler,PIM_GWRITE token operands
1,19,step1.layer19.pim_expert_compute,pim_expert,PIM_COMPUTE,step1.layer19.pim_gwrite,7988.214704000,85.097472000,8073.312176000,step1.layer19.pim_gwrite,serialized PIM expert GEMV
1,19,step1.layer19.pim_read,pim_read,GPU_PIM_IO,step1.layer19.pim_expert_compute,8073.312176000,0.082768000,8073.394944000,step1.layer19.pim_expert_compute,PIM expert result read
1,19,step1.layer19.combine,combine,GPU_COMPUTE,step1.layer19.gpu_expert_compute;step1.layer19.pim_read,8073.394944000,1.036864000,8074.431808000,step1.layer19.pim_read,weighted expert combine
1,19,step1.layer19.residual2,residual,GPU_COMPUTE,step1.layer19.combine,8074.431808000,1.012288000,8075.444096000,step1.layer19.combine,residual add
1,20,step1.layer20.norm1,norm,GPU_COMPUTE,step1.layer19.residual2,8075.444096000,1.008192000,8076.452288000,step1.layer19.residual2,RMSNorm
1,20,step1.layer20.qkv,qkv,GPU_COMPUTE,step1.layer20.norm1,8076.452288000,3.635776000,8080.088064000,step1.layer20.norm1,QKV projection
1,20,step1.layer20.rope,rope,GPU_COMPUTE,step1.layer20.qkv,8080.088064000,1.018432000,8081.106496000,step1.layer20.qkv,QK norm and RoPE
1,20,step1.layer20.attention,attention,PIM_COMPUTE,step1.layer20.rope,8081.106496000,17.593600000,8098.700096000,step1.layer20.rope,decode attention on PIM
1,20,step1.layer20.o_proj,attention_output,GPU_COMPUTE,step1.layer20.attention,8098.700096000,3.109440000,8101.809536000,step1.layer20.attention,attention output projection
1,20,step1.layer20.residual1,residual,GPU_COMPUTE,step1.layer20.o_proj,8101.809536000,1.012288000,8102.821824000,step1.layer20.o_proj,residual add
1,20,step1.layer20.norm2,norm,GPU_COMPUTE,step1.layer20.residual1,8102.821824000,1.008192000,8103.830016000,step1.layer20.residual1,RMSNorm
1,20,step1.layer20.router,router,GPU_COMPUTE,step1.layer20.norm2,8103.830016000,2.069888000,8105.899904000,step1.layer20.norm2,MoE router
1,20,step1.layer20.metadata,metadata,GPU_COMPUTE,step1.layer20.router,8105.899904000,1.000128000,8106.900032000,step1.layer20.router,routing metadata
1,20,step1.layer20.dispatch,dispatch,,step1.layer20.metadata,8106.900032000,0.000000000,8106.900032000,step1.layer20.metadata,single-GPU dispatch placeholder
1,20,step1.layer20.scheduler,scheduler,GPU_COMPUTE,step1.layer20.metadata,8106.900032000,0.000000000,8106.900032000,step1.layer20.metadata,allexp placement policy
1,20,step1.layer20.gpu_weight_load,gpu_weight_load,HBM_MEM_PATH,step1.layer20.scheduler,8106.900032000,0.000000000,8106.900032000,step1.layer20.scheduler,expert weights HBM to GPU
1,20,step1.layer20.gpu_expert_compute,gpu_expert,GPU_COMPUTE,step1.layer20.gpu_weight_load;step1.layer20.dispatch,8106.900032000,0.000000000,8106.900032000,step1.layer20.scheduler,grouped expert GEMM
1,20,step1.layer20.pim_gwrite,pim_write,GPU_PIM_IO,step1.layer20.scheduler;step1.layer20.dispatch,8106.900032000,0.082768000,8106.982800000,step1.layer20.scheduler,PIM_GWRITE token operands
1,20,step1.layer20.pim_expert_compute,pim_expert,PIM_COMPUTE,step1.layer20.pim_gwrite,8106.982800000,85.097472000,8192.080272000,step1.layer20.pim_gwrite,serialized PIM expert GEMV
1,20,step1.layer20.pim_read,pim_read,GPU_PIM_IO,step1.layer20.pim_expert_compute,8192.080272000,0.082768000,8192.163040000,step1.layer20.pim_expert_compute,PIM expert result read
1,20,step1.layer20.combine,combine,GPU_COMPUTE,step1.layer20.gpu_expert_compute;step1.layer20.pim_read,8192.163040000,1.036864000,8193.199904000,step1.layer20.pim_read,weighted expert combine
1,20,step1.layer20.residual2,residual,GPU_COMPUTE,step1.layer20.combine,8193.199904000,1.012288000,8194.212192000,step1.layer20.combine,residual add
1,21,step1.layer21.norm1,norm,GPU_COMPUTE,step1.layer20.residual2,8194.212192000,1.008192000,8195.220384000,step1.layer20.residual2,RMSNorm
1,21,step1.layer21.qkv,qkv,GPU_COMPUTE,step1.layer21.norm1,8195.220384000,3.635776000,8198.856160000,step1.layer21.norm1,QKV projection
1,21,step1.layer21.rope,rope,GPU_COMPUTE,step1.layer21.qkv,8198.856160000,1.018432000,8199.874592000,step1.layer21.qkv,QK norm and RoPE
1,21,step1.layer21.attention,attention,PIM_COMPUTE,step1.layer21.rope,8199.874592000,17.593600000,8217.468192000,step1.layer21.rope,decode attention on PIM
1,21,step1.layer21.o_proj,attention_output,GPU_COMPUTE,step1.layer21.attention,8217.468192000,3.109440000,8220.577632000,step1.layer21.attention,attention output projection
1,21,step1.layer21.residual1,residual,GPU_COMPUTE,step1.layer21.o_proj,8220.577632000,1.012288000,8221.589920000,step1.layer21.o_proj,residual add
1,21,step1.layer21.norm2,norm,GPU_COMPUTE,step1.layer21.residual1,8221.589920000,1.008192000,8222.598112000,step1.layer21.residual1,RMSNorm
1,21,step1.layer21.router,router,GPU_COMPUTE,step1.layer21.norm2,8222.598112000,2.069888000,8224.668000000,step1.layer21.norm2,MoE router
1,21,step1.layer21.metadata,metadata,GPU_COMPUTE,step1.layer21.router,8224.668000000,1.000128000,8225.668128000,step1.layer21.router,routing metadata
1,21,step1.layer21.dispatch,dispatch,,step1.layer21.metadata,8225.668128000,0.000000000,8225.668128000,step1.layer21.metadata,single-GPU dispatch placeholder
1,21,step1.layer21.scheduler,scheduler,GPU_COMPUTE,step1.layer21.metadata,8225.668128000,0.000000000,8225.668128000,step1.layer21.metadata,allexp placement policy
1,21,step1.layer21.gpu_weight_load,gpu_weight_load,HBM_MEM_PATH,step1.layer21.scheduler,8225.668128000,0.000000000,8225.668128000,step1.layer21.scheduler,expert weights HBM to GPU
1,21,step1.layer21.gpu_expert_compute,gpu_expert,GPU_COMPUTE,step1.layer21.gpu_weight_load;step1.layer21.dispatch,8225.668128000,0.000000000,8225.668128000,step1.layer21.scheduler,grouped expert GEMM
1,21,step1.layer21.pim_gwrite,pim_write,GPU_PIM_IO,step1.layer21.scheduler;step1.layer21.dispatch,8225.668128000,0.082768000,8225.750896000,step1.layer21.scheduler,PIM_GWRITE token operands
1,21,step1.layer21.pim_expert_compute,pim_expert,PIM_COMPUTE,step1.layer21.pim_gwrite,8225.750896000,85.097472000,8310.848368000,step1.layer21.pim_gwrite,serialized PIM expert GEMV
1,21,step1.layer21.pim_read,pim_read,GPU_PIM_IO,step1.layer21.pim_expert_compute,8310.848368000,0.082768000,8310.931136000,step1.layer21.pim_expert_compute,PIM expert result read
1,21,step1.layer21.combine,combine,GPU_COMPUTE,step1.layer21.gpu_expert_compute;step1.layer21.pim_read,8310.931136000,1.036864000,8311.968000000,step1.layer21.pim_read,weighted expert combine
1,21,step1.layer21.residual2,residual,GPU_COMPUTE,step1.layer21.combine,8311.968000000,1.012288000,8312.980288000,step1.layer21.combine,residual add
1,22,step1.layer22.norm1,norm,GPU_COMPUTE,step1.layer21.residual2,8312.980288000,1.008192000,8313.988480000,step1.layer21.residual2,RMSNorm
1,22,step1.layer22.qkv,qkv,GPU_COMPUTE,step1.layer22.norm1,8313.988480000,3.635776000,8317.624256000,step1.layer22.norm1,QKV projection
1,22,step1.layer22.rope,rope,GPU_COMPUTE,step1.layer22.qkv,8317.624256000,1.018432000,8318.642688000,step1.layer22.qkv,QK norm and RoPE
1,22,step1.layer22.attention,attention,PIM_COMPUTE,step1.layer22.rope,8318.642688000,17.593600000,8336.236288000,step1.layer22.rope,decode attention on PIM
1,22,step1.layer22.o_proj,attention_output,GPU_COMPUTE,step1.layer22.attention,8336.236288000,3.109440000,8339.345728000,step1.layer22.attention,attention output projection
1,22,step1.layer22.residual1,residual,GPU_COMPUTE,step1.layer22.o_proj,8339.345728000,1.012288000,8340.358016000,step1.layer22.o_proj,residual add
1,22,step1.layer22.norm2,norm,GPU_COMPUTE,step1.layer22.residual1,8340.358016000,1.008192000,8341.366208000,step1.layer22.residual1,RMSNorm
1,22,step1.layer22.router,router,GPU_COMPUTE,step1.layer22.norm2,8341.366208000,2.069888000,8343.436096000,step1.layer22.norm2,MoE router
1,22,step1.layer22.metadata,metadata,GPU_COMPUTE,step1.layer22.router,8343.436096000,1.000128000,8344.436224000,step1.layer22.router,routing metadata
1,22,step1.layer22.dispatch,dispatch,,step1.layer22.metadata,8344.436224000,0.000000000,8344.436224000,step1.layer22.metadata,single-GPU dispatch placeholder
1,22,step1.layer22.scheduler,scheduler,GPU_COMPUTE,step1.layer22.metadata,8344.436224000,0.000000000,8344.436224000,step1.layer22.metadata,allexp placement policy
1,22,step1.layer22.gpu_weight_load,gpu_weight_load,HBM_MEM_PATH,step1.layer22.scheduler,8344.436224000,0.000000000,8344.436224000,step1.layer22.scheduler,expert weights HBM to GPU
1,22,step1.layer22.gpu_expert_compute,gpu_expert,GPU_COMPUTE,step1.layer22.gpu_weight_load;step1.layer22.dispatch,8344.436224000,0.000000000,8344.436224000,step1.layer22.scheduler,grouped expert GEMM
1,22,step1.layer22.pim_gwrite,pim_write,GPU_PIM_IO,step1.layer22.scheduler;step1.layer22.dispatch,8344.436224000,0.082768000,8344.518992000,step1.layer22.scheduler,PIM_GWRITE token operands
1,22,step1.layer22.pim_expert_compute,pim_expert,PIM_COMPUTE,step1.layer22.pim_gwrite,8344.518992000,85.097472000,8429.616464000,step1.layer22.pim_gwrite,serialized PIM expert GEMV
1,22,step1.layer22.pim_read,pim_read,GPU_PIM_IO,step1.layer22.pim_expert_compute,8429.616464000,0.082768000,8429.699232000,step1.layer22.pim_expert_compute,PIM expert result read
1,22,step1.layer22.combine,combine,GPU_COMPUTE,step1.layer22.gpu_expert_compute;step1.layer22.pim_read,8429.699232000,1.036864000,8430.736096000,step1.layer22.pim_read,weighted expert combine
1,22,step1.layer22.residual2,residual,GPU_COMPUTE,step1.layer22.combine,8430.736096000,1.012288000,8431.748384000,step1.layer22.combine,residual add
1,23,step1.layer23.norm1,norm,GPU_COMPUTE,step1.layer22.residual2,8431.748384000,1.008192000,8432.756576000,step1.layer22.residual2,RMSNorm
1,23,step1.layer23.qkv,qkv,GPU_COMPUTE,step1.layer23.norm1,8432.756576000,3.635776000,8436.392352000,step1.layer23.norm1,QKV projection
1,23,step1.layer23.rope,rope,GPU_COMPUTE,step1.layer23.qkv,8436.392352000,1.018432000,8437.410784000,step1.layer23.qkv,QK norm and RoPE
1,23,step1.layer23.attention,attention,PIM_COMPUTE,step1.layer23.rope,8437.410784000,17.593600000,8455.004384000,step1.layer23.rope,decode attention on PIM
1,23,step1.layer23.o_proj,attention_output,GPU_COMPUTE,step1.layer23.attention,8455.004384000,3.109440000,8458.113824000,step1.layer23.attention,attention output projection
1,23,step1.layer23.residual1,residual,GPU_COMPUTE,step1.layer23.o_proj,8458.113824000,1.012288000,8459.126112000,step1.layer23.o_proj,residual add
1,23,step1.layer23.norm2,norm,GPU_COMPUTE,step1.layer23.residual1,8459.126112000,1.008192000,8460.134304000,step1.layer23.residual1,RMSNorm
1,23,step1.layer23.router,router,GPU_COMPUTE,step1.layer23.norm2,8460.134304000,2.069888000,8462.204192000,step1.layer23.norm2,MoE router
1,23,step1.layer23.metadata,metadata,GPU_COMPUTE,step1.layer23.router,8462.204192000,1.000128000,8463.204320000,step1.layer23.router,routing metadata
1,23,step1.layer23.dispatch,dispatch,,step1.layer23.metadata,8463.204320000,0.000000000,8463.204320000,step1.layer23.metadata,single-GPU dispatch placeholder
1,23,step1.layer23.scheduler,scheduler,GPU_COMPUTE,step1.layer23.metadata,8463.204320000,0.000000000,8463.204320000,step1.layer23.metadata,allexp placement policy
1,23,step1.layer23.gpu_weight_load,gpu_weight_load,HBM_MEM_PATH,step1.layer23.scheduler,8463.204320000,0.000000000,8463.204320000,step1.layer23.scheduler,expert weights HBM to GPU
1,23,step1.layer23.gpu_expert_compute,gpu_expert,GPU_COMPUTE,step1.layer23.gpu_weight_load;step1.layer23.dispatch,8463.204320000,0.000000000,8463.204320000,step1.layer23.scheduler,grouped expert GEMM
1,23,step1.layer23.pim_gwrite,pim_write,GPU_PIM_IO,step1.layer23.scheduler;step1.layer23.dispatch,8463.204320000,0.082768000,8463.287088000,step1.layer23.scheduler,PIM_GWRITE token operands
1,23,step1.layer23.pim_expert_compute,pim_expert,PIM_COMPUTE,step1.layer23.pim_gwrite,8463.287088000,85.097472000,8548.384560000,step1.layer23.pim_gwrite,serialized PIM expert GEMV
1,23,step1.layer23.pim_read,pim_read,GPU_PIM_IO,step1.layer23.pim_expert_compute,8548.384560000,0.082768000,8548.467328000,step1.layer23.pim_expert_compute,PIM expert result read
1,23,step1.layer23.combine,combine,GPU_COMPUTE,step1.layer23.gpu_expert_compute;step1.layer23.pim_read,8548.467328000,1.036864000,8549.504192000,step1.layer23.pim_read,weighted expert combine
1,23,step1.layer23.residual2,residual,GPU_COMPUTE,step1.layer23.combine,8549.504192000,1.012288000,8550.516480000,step1.layer23.combine,residual add
1,24,step1.layer24.norm1,norm,GPU_COMPUTE,step1.layer23.residual2,8550.516480000,1.008192000,8551.524672000,step1.layer23.residual2,RMSNorm
1,24,step1.layer24.qkv,qkv,GPU_COMPUTE,step1.layer24.norm1,8551.524672000,3.635776000,8555.160448000,step1.layer24.norm1,QKV projection
1,24,step1.layer24.rope,rope,GPU_COMPUTE,step1.layer24.qkv,8555.160448000,1.018432000,8556.178880000,step1.layer24.qkv,QK norm and RoPE
1,24,step1.layer24.attention,attention,PIM_COMPUTE,step1.layer24.rope,8556.178880000,17.593600000,8573.772480000,step1.layer24.rope,decode attention on PIM
1,24,step1.layer24.o_proj,attention_output,GPU_COMPUTE,step1.layer24.attention,8573.772480000,3.109440000,8576.881920000,step1.layer24.attention,attention output projection
1,24,step1.layer24.residual1,residual,GPU_COMPUTE,step1.layer24.o_proj,8576.881920000,1.012288000,8577.894208000,step1.layer24.o_proj,residual add
1,24,step1.layer24.norm2,norm,GPU_COMPUTE,step1.layer24.residual1,8577.894208000,1.008192000,8578.902400000,step1.layer24.residual1,RMSNorm
1,24,step1.layer24.router,router,GPU_COMPUTE,step1.layer24.norm2,8578.902400000,2.069888000,8580.972288000,step1.layer24.norm2,MoE router
1,24,step1.layer24.metadata,metadata,GPU_COMPUTE,step1.layer24.router,8580.972288000,1.000128000,8581.972416000,step1.layer24.router,routing metadata
1,24,step1.layer24.dispatch,dispatch,,step1.layer24.metadata,8581.972416000,0.000000000,8581.972416000,step1.layer24.metadata,single-GPU dispatch placeholder
1,24,step1.layer24.scheduler,scheduler,GPU_COMPUTE,step1.layer24.metadata,8581.972416000,0.000000000,8581.972416000,step1.layer24.metadata,allexp placement policy
1,24,step1.layer24.gpu_weight_load,gpu_weight_load,HBM_MEM_PATH,step1.layer24.scheduler,8581.972416000,0.000000000,8581.972416000,step1.layer24.scheduler,expert weights HBM to GPU
1,24,step1.layer24.gpu_expert_compute,gpu_expert,GPU_COMPUTE,step1.layer24.gpu_weight_load;step1.layer24.dispatch,8581.972416000,0.000000000,8581.972416000,step1.layer24.scheduler,grouped expert GEMM
1,24,step1.layer24.pim_gwrite,pim_write,GPU_PIM_IO,step1.layer24.scheduler;step1.layer24.dispatch,8581.972416000,0.082768000,8582.055184000,step1.layer24.scheduler,PIM_GWRITE token operands
1,24,step1.layer24.pim_expert_compute,pim_expert,PIM_COMPUTE,step1.layer24.pim_gwrite,8582.055184000,85.097472000,8667.152656000,step1.layer24.pim_gwrite,serialized PIM expert GEMV
1,24,step1.layer24.pim_read,pim_read,GPU_PIM_IO,step1.layer24.pim_expert_compute,8667.152656000,0.082768000,8667.235424000,step1.layer24.pim_expert_compute,PIM expert result read
1,24,step1.layer24.combine,combine,GPU_COMPUTE,step1.layer24.gpu_expert_compute;step1.layer24.pim_read,8667.235424000,1.036864000,8668.272288000,step1.layer24.pim_read,weighted expert combine
1,24,step1.layer24.residual2,residual,GPU_COMPUTE,step1.layer24.combine,8668.272288000,1.012288000,8669.284576000,step1.layer24.combine,residual add
1,25,step1.layer25.norm1,norm,GPU_COMPUTE,step1.layer24.residual2,8669.284576000,1.008192000,8670.292768000,step1.layer24.residual2,RMSNorm
1,25,step1.layer25.qkv,qkv,GPU_COMPUTE,step1.layer25.norm1,8670.292768000,3.635776000,8673.928544000,step1.layer25.norm1,QKV projection
1,25,step1.layer25.rope,rope,GPU_COMPUTE,step1.layer25.qkv,8673.928544000,1.018432000,8674.946976000,step1.layer25.qkv,QK norm and RoPE
1,25,step1.layer25.attention,attention,PIM_COMPUTE,step1.layer25.rope,8674.946976000,17.593600000,8692.540576000,step1.layer25.rope,decode attention on PIM
1,25,step1.layer25.o_proj,attention_output,GPU_COMPUTE,step1.layer25.attention,8692.540576000,3.109440000,8695.650016000,step1.layer25.attention,attention output projection
1,25,step1.layer25.residual1,residual,GPU_COMPUTE,step1.layer25.o_proj,8695.650016000,1.012288000,8696.662304000,step1.layer25.o_proj,residual add
1,25,step1.layer25.norm2,norm,GPU_COMPUTE,step1.layer25.residual1,8696.662304000,1.008192000,8697.670496000,step1.layer25.residual1,RMSNorm
1,25,step1.layer25.router,router,GPU_COMPUTE,step1.layer25.norm2,8697.670496000,2.069888000,8699.740384000,step1.layer25.norm2,MoE router
1,25,step1.layer25.metadata,metadata,GPU_COMPUTE,step1.layer25.router,8699.740384000,1.000128000,8700.740512000,step1.layer25.router,routing metadata
1,25,step1.layer25.dispatch,dispatch,,step1.layer25.metadata,8700.740512000,0.000000000,8700.740512000,step1.layer25.metadata,single-GPU dispatch placeholder
1,25,step1.layer25.scheduler,scheduler,GPU_COMPUTE,step1.layer25.metadata,8700.740512000,0.000000000,8700.740512000,step1.layer25.metadata,allexp placement policy
1,25,step1.layer25.gpu_weight_load,gpu_weight_load,HBM_MEM_PATH,step1.layer25.scheduler,8700.740512000,0.000000000,8700.740512000,step1.layer25.scheduler,expert weights HBM to GPU
1,25,step1.layer25.gpu_expert_compute,gpu_expert,GPU_COMPUTE,step1.layer25.gpu_weight_load;step1.layer25.dispatch,8700.740512000,0.000000000,8700.740512000,step1.layer25.scheduler,grouped expert GEMM
1,25,step1.layer25.pim_gwrite,pim_write,GPU_PIM_IO,step1.layer25.scheduler;step1.layer25.dispatch,8700.740512000,0.082768000,8700.823280000,step1.layer25.scheduler,PIM_GWRITE token operands
1,25,step1.layer25.pim_expert_compute,pim_expert,PIM_COMPUTE,step1.layer25.pim_gwrite,8700.823280000,85.097472000,8785.920752000,step1.layer25.pim_gwrite,serialized PIM expert GEMV
1,25,step1.layer25.pim_read,pim_read,GPU_PIM_IO,step1.layer25.pim_expert_compute,8785.920752000,0.082768000,8786.003520000,step1.layer25.pim_expert_compute,PIM expert result read
1,25,step1.layer25.combine,combine,GPU_COMPUTE,step1.layer25.gpu_expert_compute;step1.layer25.pim_read,8786.003520000,1.036864000,8787.040384000,step1.layer25.pim_read,weighted expert combine
1,25,step1.layer25.residual2,residual,GPU_COMPUTE,step1.layer25.combine,8787.040384000,1.012288000,8788.052672000,step1.layer25.combine,residual add
1,26,step1.layer26.norm1,norm,GPU_COMPUTE,step1.layer25.residual2,8788.052672000,1.008192000,8789.060864000,step1.layer25.residual2,RMSNorm
1,26,step1.layer26.qkv,qkv,GPU_COMPUTE,step1.layer26.norm1,8789.060864000,3.635776000,8792.696640000,step1.layer26.norm1,QKV projection
1,26,step1.layer26.rope,rope,GPU_COMPUTE,step1.layer26.qkv,8792.696640000,1.018432000,8793.715072000,step1.layer26.qkv,QK norm and RoPE
1,26,step1.layer26.attention,attention,PIM_COMPUTE,step1.layer26.rope,8793.715072000,17.593600000,8811.308672000,step1.layer26.rope,decode attention on PIM
1,26,step1.layer26.o_proj,attention_output,GPU_COMPUTE,step1.layer26.attention,8811.308672000,3.109440000,8814.418112000,step1.layer26.attention,attention output projection
1,26,step1.layer26.residual1,residual,GPU_COMPUTE,step1.layer26.o_proj,8814.418112000,1.012288000,8815.430400000,step1.layer26.o_proj,residual add
1,26,step1.layer26.norm2,norm,GPU_COMPUTE,step1.layer26.residual1,8815.430400000,1.008192000,8816.438592000,step1.layer26.residual1,RMSNorm
1,26,step1.layer26.router,router,GPU_COMPUTE,step1.layer26.norm2,8816.438592000,2.069888000,8818.508480000,step1.layer26.norm2,MoE router
1,26,step1.layer26.metadata,metadata,GPU_COMPUTE,step1.layer26.router,8818.508480000,1.000128000,8819.508608000,step1.layer26.router,routing metadata
1,26,step1.layer26.dispatch,dispatch,,step1.layer26.metadata,8819.508608000,0.000000000,8819.508608000,step1.layer26.metadata,single-GPU dispatch placeholder
1,26,step1.layer26.scheduler,scheduler,GPU_COMPUTE,step1.layer26.metadata,8819.508608000,0.000000000,8819.508608000,step1.layer26.metadata,allexp placement policy
1,26,step1.layer26.gpu_weight_load,gpu_weight_load,HBM_MEM_PATH,step1.layer26.scheduler,8819.508608000,0.000000000,8819.508608000,step1.layer26.scheduler,expert weights HBM to GPU
1,26,step1.layer26.gpu_expert_compute,gpu_expert,GPU_COMPUTE,step1.layer26.gpu_weight_load;step1.layer26.dispatch,8819.508608000,0.000000000,8819.508608000,step1.layer26.scheduler,grouped expert GEMM
1,26,step1.layer26.pim_gwrite,pim_write,GPU_PIM_IO,step1.layer26.scheduler;step1.layer26.dispatch,8819.508608000,0.082768000,8819.591376000,step1.layer26.scheduler,PIM_GWRITE token operands
1,26,step1.layer26.pim_expert_compute,pim_expert,PIM_COMPUTE,step1.layer26.pim_gwrite,8819.591376000,85.097472000,8904.688848000,step1.layer26.pim_gwrite,serialized PIM expert GEMV
1,26,step1.layer26.pim_read,pim_read,GPU_PIM_IO,step1.layer26.pim_expert_compute,8904.688848000,0.082768000,8904.771616000,step1.layer26.pim_expert_compute,PIM expert result read
1,26,step1.layer26.combine,combine,GPU_COMPUTE,step1.layer26.gpu_expert_compute;step1.layer26.pim_read,8904.771616000,1.036864000,8905.808480000,step1.layer26.pim_read,weighted expert combine
1,26,step1.layer26.residual2,residual,GPU_COMPUTE,step1.layer26.combine,8905.808480000,1.012288000,8906.820768000,step1.layer26.combine,residual add
1,27,step1.layer27.norm1,norm,GPU_COMPUTE,step1.layer26.residual2,8906.820768000,1.008192000,8907.828960000,step1.layer26.residual2,RMSNorm
1,27,step1.layer27.qkv,qkv,GPU_COMPUTE,step1.layer27.norm1,8907.828960000,3.635776000,8911.464736000,step1.layer27.norm1,QKV projection
1,27,step1.layer27.rope,rope,GPU_COMPUTE,step1.layer27.qkv,8911.464736000,1.018432000,8912.483168000,step1.layer27.qkv,QK norm and RoPE
1,27,step1.layer27.attention,attention,PIM_COMPUTE,step1.layer27.rope,8912.483168000,17.593600000,8930.076768000,step1.layer27.rope,decode attention on PIM
1,27,step1.layer27.o_proj,attention_output,GPU_COMPUTE,step1.layer27.attention,8930.076768000,3.109440000,8933.186208000,step1.layer27.attention,attention output projection
1,27,step1.layer27.residual1,residual,GPU_COMPUTE,step1.layer27.o_proj,8933.186208000,1.012288000,8934.198496000,step1.layer27.o_proj,residual add
1,27,step1.layer27.norm2,norm,GPU_COMPUTE,step1.layer27.residual1,8934.198496000,1.008192000,8935.206688000,step1.layer27.residual1,RMSNorm
1,27,step1.layer27.router,router,GPU_COMPUTE,step1.layer27.norm2,8935.206688000,2.069888000,8937.276576000,step1.layer27.norm2,MoE router
1,27,step1.layer27.metadata,metadata,GPU_COMPUTE,step1.layer27.router,8937.276576000,1.000128000,8938.276704000,step1.layer27.router,routing metadata
1,27,step1.layer27.dispatch,dispatch,,step1.layer27.metadata,8938.276704000,0.000000000,8938.276704000,step1.layer27.metadata,single-GPU dispatch placeholder
1,27,step1.layer27.scheduler,scheduler,GPU_COMPUTE,step1.layer27.metadata,8938.276704000,0.000000000,8938.276704000,step1.layer27.metadata,allexp placement policy
1,27,step1.layer27.gpu_weight_load,gpu_weight_load,HBM_MEM_PATH,step1.layer27.scheduler,8938.276704000,0.000000000,8938.276704000,step1.layer27.scheduler,expert weights HBM to GPU
1,27,step1.layer27.gpu_expert_compute,gpu_expert,GPU_COMPUTE,step1.layer27.gpu_weight_load;step1.layer27.dispatch,8938.276704000,0.000000000,8938.276704000,step1.layer27.scheduler,grouped expert GEMM
1,27,step1.layer27.pim_gwrite,pim_write,GPU_PIM_IO,step1.layer27.scheduler;step1.layer27.dispatch,8938.276704000,0.082768000,8938.359472000,step1.layer27.scheduler,PIM_GWRITE token operands
1,27,step1.layer27.pim_expert_compute,pim_expert,PIM_COMPUTE,step1.layer27.pim_gwrite,8938.359472000,85.097472000,9023.456944000,step1.layer27.pim_gwrite,serialized PIM expert GEMV
1,27,step1.layer27.pim_read,pim_read,GPU_PIM_IO,step1.layer27.pim_expert_compute,9023.456944000,0.082768000,9023.539712000,step1.layer27.pim_expert_compute,PIM expert result read
1,27,step1.layer27.combine,combine,GPU_COMPUTE,step1.layer27.gpu_expert_compute;step1.layer27.pim_read,9023.539712000,1.036864000,9024.576576000,step1.layer27.pim_read,weighted expert combine
1,27,step1.layer27.residual2,residual,GPU_COMPUTE,step1.layer27.combine,9024.576576000,1.012288000,9025.588864000,step1.layer27.combine,residual add
1,28,step1.layer28.norm1,norm,GPU_COMPUTE,step1.layer27.residual2,9025.588864000,1.008192000,9026.597056000,step1.layer27.residual2,RMSNorm
1,28,step1.layer28.qkv,qkv,GPU_COMPUTE,step1.layer28.norm1,9026.597056000,3.635776000,9030.232832000,step1.layer28.norm1,QKV projection
1,28,step1.layer28.rope,rope,GPU_COMPUTE,step1.layer28.qkv,9030.232832000,1.018432000,9031.251264000,step1.layer28.qkv,QK norm and RoPE
1,28,step1.layer28.attention,attention,PIM_COMPUTE,step1.layer28.rope,9031.251264000,17.593600000,9048.844864000,step1.layer28.rope,decode attention on PIM
1,28,step1.layer28.o_proj,attention_output,GPU_COMPUTE,step1.layer28.attention,9048.844864000,3.109440000,9051.954304000,step1.layer28.attention,attention output projection
1,28,step1.layer28.residual1,residual,GPU_COMPUTE,step1.layer28.o_proj,9051.954304000,1.012288000,9052.966592000,step1.layer28.o_proj,residual add
1,28,step1.layer28.norm2,norm,GPU_COMPUTE,step1.layer28.residual1,9052.966592000,1.008192000,9053.974784000,step1.layer28.residual1,RMSNorm
1,28,step1.layer28.router,router,GPU_COMPUTE,step1.layer28.norm2,9053.974784000,2.069888000,9056.044672000,step1.layer28.norm2,MoE router
1,28,step1.layer28.metadata,metadata,GPU_COMPUTE,step1.layer28.router,9056.044672000,1.000128000,9057.044800000,step1.layer28.router,routing metadata
1,28,step1.layer28.dispatch,dispatch,,step1.layer28.metadata,9057.044800000,0.000000000,9057.044800000,step1.layer28.metadata,single-GPU dispatch placeholder
1,28,step1.layer28.scheduler,scheduler,GPU_COMPUTE,step1.layer28.metadata,9057.044800000,0.000000000,9057.044800000,step1.layer28.metadata,allexp placement policy
1,28,step1.layer28.gpu_weight_load,gpu_weight_load,HBM_MEM_PATH,step1.layer28.scheduler,9057.044800000,0.000000000,9057.044800000,step1.layer28.scheduler,expert weights HBM to GPU
1,28,step1.layer28.gpu_expert_compute,gpu_expert,GPU_COMPUTE,step1.layer28.gpu_weight_load;step1.layer28.dispatch,9057.044800000,0.000000000,9057.044800000,step1.layer28.scheduler,grouped expert GEMM
1,28,step1.layer28.pim_gwrite,pim_write,GPU_PIM_IO,step1.layer28.scheduler;step1.layer28.dispatch,9057.044800000,0.082768000,9057.127568000,step1.layer28.scheduler,PIM_GWRITE token operands
1,28,step1.layer28.pim_expert_compute,pim_expert,PIM_COMPUTE,step1.layer28.pim_gwrite,9057.127568000,85.097472000,9142.225040000,step1.layer28.pim_gwrite,serialized PIM expert GEMV
1,28,step1.layer28.pim_read,pim_read,GPU_PIM_IO,step1.layer28.pim_expert_compute,9142.225040000,0.082768000,9142.307808000,step1.layer28.pim_expert_compute,PIM expert result read
1,28,step1.layer28.combine,combine,GPU_COMPUTE,step1.layer28.gpu_expert_compute;step1.layer28.pim_read,9142.307808000,1.036864000,9143.344672000,step1.layer28.pim_read,weighted expert combine
1,28,step1.layer28.residual2,residual,GPU_COMPUTE,step1.layer28.combine,9143.344672000,1.012288000,9144.356960000,step1.layer28.combine,residual add
1,29,step1.layer29.norm1,norm,GPU_COMPUTE,step1.layer28.residual2,9144.356960000,1.008192000,9145.365152000,step1.layer28.residual2,RMSNorm
1,29,step1.layer29.qkv,qkv,GPU_COMPUTE,step1.layer29.norm1,9145.365152000,3.635776000,9149.000928000,step1.layer29.norm1,QKV projection
1,29,step1.layer29.rope,rope,GPU_COMPUTE,step1.layer29.qkv,9149.000928000,1.018432000,9150.019360000,step1.layer29.qkv,QK norm and RoPE
1,29,step1.layer29.attention,attention,PIM_COMPUTE,step1.layer29.rope,9150.019360000,17.593600000,9167.612960000,step1.layer29.rope,decode attention on PIM
1,29,step1.layer29.o_proj,attention_output,GPU_COMPUTE,step1.layer29.attention,9167.612960000,3.109440000,9170.722400000,step1.layer29.attention,attention output projection
1,29,step1.layer29.residual1,residual,GPU_COMPUTE,step1.layer29.o_proj,9170.722400000,1.012288000,9171.734688000,step1.layer29.o_proj,residual add
1,29,step1.layer29.norm2,norm,GPU_COMPUTE,step1.layer29.residual1,9171.734688000,1.008192000,9172.742880000,step1.layer29.residual1,RMSNorm
1,29,step1.layer29.router,router,GPU_COMPUTE,step1.layer29.norm2,9172.742880000,2.069888000,9174.812768000,step1.layer29.norm2,MoE router
1,29,step1.layer29.metadata,metadata,GPU_COMPUTE,step1.layer29.router,9174.812768000,1.000128000,9175.812896000,step1.layer29.router,routing metadata
1,29,step1.layer29.dispatch,dispatch,,step1.layer29.metadata,9175.812896000,0.000000000,9175.812896000,step1.layer29.metadata,single-GPU dispatch placeholder
1,29,step1.layer29.scheduler,scheduler,GPU_COMPUTE,step1.layer29.metadata,9175.812896000,0.000000000,9175.812896000,step1.layer29.metadata,allexp placement policy
1,29,step1.layer29.gpu_weight_load,gpu_weight_load,HBM_MEM_PATH,step1.layer29.scheduler,9175.812896000,0.000000000,9175.812896000,step1.layer29.scheduler,expert weights HBM to GPU
1,29,step1.layer29.gpu_expert_compute,gpu_expert,GPU_COMPUTE,step1.layer29.gpu_weight_load;step1.layer29.dispatch,9175.812896000,0.000000000,9175.812896000,step1.layer29.scheduler,grouped expert GEMM
1,29,step1.layer29.pim_gwrite,pim_write,GPU_PIM_IO,step1.layer29.scheduler;step1.layer29.dispatch,9175.812896000,0.082768000,9175.895664000,step1.layer29.scheduler,PIM_GWRITE token operands
1,29,step1.layer29.pim_expert_compute,pim_expert,PIM_COMPUTE,step1.layer29.pim_gwrite,9175.895664000,85.097472000,9260.993136000,step1.layer29.pim_gwrite,serialized PIM expert GEMV
1,29,step1.layer29.pim_read,pim_read,GPU_PIM_IO,step1.layer29.pim_expert_compute,9260.993136000,0.082768000,9261.075904000,step1.layer29.pim_expert_compute,PIM expert result read
1,29,step1.layer29.combine,combine,GPU_COMPUTE,step1.layer29.gpu_expert_compute;step1.layer29.pim_read,9261.075904000,1.036864000,9262.112768000,step1.layer29.pim_read,weighted expert combine
1,29,step1.layer29.residual2,residual,GPU_COMPUTE,step1.layer29.combine,9262.112768000,1.012288000,9263.125056000,step1.layer29.combine,residual add
1,30,step1.layer30.norm1,norm,GPU_COMPUTE,step1.layer29.residual2,9263.125056000,1.008192000,9264.133248000,step1.layer29.residual2,RMSNorm
1,30,step1.layer30.qkv,qkv,GPU_COMPUTE,step1.layer30.norm1,9264.133248000,3.635776000,9267.769024000,step1.layer30.norm1,QKV projection
1,30,step1.layer30.rope,rope,GPU_COMPUTE,step1.layer30.qkv,9267.769024000,1.018432000,9268.787456000,step1.layer30.qkv,QK norm and RoPE
1,30,step1.layer30.attention,attention,PIM_COMPUTE,step1.layer30.rope,9268.787456000,17.593600000,9286.381056000,step1.layer30.rope,decode attention on PIM
1,30,step1.layer30.o_proj,attention_output,GPU_COMPUTE,step1.layer30.attention,9286.381056000,3.109440000,9289.490496000,step1.layer30.attention,attention output projection
1,30,step1.layer30.residual1,residual,GPU_COMPUTE,step1.layer30.o_proj,9289.490496000,1.012288000,9290.502784000,step1.layer30.o_proj,residual add
1,30,step1.layer30.norm2,norm,GPU_COMPUTE,step1.layer30.residual1,9290.502784000,1.008192000,9291.510976000,step1.layer30.residual1,RMSNorm
1,30,step1.layer30.router,router,GPU_COMPUTE,step1.layer30.norm2,9291.510976000,2.069888000,9293.580864000,step1.layer30.norm2,MoE router
1,30,step1.layer30.metadata,metadata,GPU_COMPUTE,step1.layer30.router,9293.580864000,1.000128000,9294.580992000,step1.layer30.router,routing metadata
1,30,step1.layer30.dispatch,dispatch,,step1.layer30.metadata,9294.580992000,0.000000000,9294.580992000,step1.layer30.metadata,single-GPU dispatch placeholder
1,30,step1.layer30.scheduler,scheduler,GPU_COMPUTE,step1.layer30.metadata,9294.580992000,0.000000000,9294.580992000,step1.layer30.metadata,allexp placement policy
1,30,step1.layer30.gpu_weight_load,gpu_weight_load,HBM_MEM_PATH,step1.layer30.scheduler,9294.580992000,0.000000000,9294.580992000,step1.layer30.scheduler,expert weights HBM to GPU
1,30,step1.layer30.gpu_expert_compute,gpu_expert,GPU_COMPUTE,step1.layer30.gpu_weight_load;step1.layer30.dispatch,9294.580992000,0.000000000,9294.580992000,step1.layer30.scheduler,grouped expert GEMM
1,30,step1.layer30.pim_gwrite,pim_write,GPU_PIM_IO,step1.layer30.scheduler;step1.layer30.dispatch,9294.580992000,0.082768000,9294.663760000,step1.layer30.scheduler,PIM_GWRITE token operands
1,30,step1.layer30.pim_expert_compute,pim_expert,PIM_COMPUTE,step1.layer30.pim_gwrite,9294.663760000,85.097472000,9379.761232000,step1.layer30.pim_gwrite,serialized PIM expert GEMV
1,30,step1.layer30.pim_read,pim_read,GPU_PIM_IO,step1.layer30.pim_expert_compute,9379.761232000,0.082768000,9379.844000000,step1.layer30.pim_expert_compute,PIM expert result read
1,30,step1.layer30.combine,combine,GPU_COMPUTE,step1.layer30.gpu_expert_compute;step1.layer30.pim_read,9379.844000000,1.036864000,9380.880864000,step1.layer30.pim_read,weighted expert combine
1,30,step1.layer30.residual2,residual,GPU_COMPUTE,step1.layer30.combine,9380.880864000,1.012288000,9381.893152000,step1.layer30.combine,residual add
1,31,step1.layer31.norm1,norm,GPU_COMPUTE,step1.layer30.residual2,9381.893152000,1.008192000,9382.901344000,step1.layer30.residual2,RMSNorm
1,31,step1.layer31.qkv,qkv,GPU_COMPUTE,step1.layer31.norm1,9382.901344000,3.635776000,9386.537120000,step1.layer31.norm1,QKV projection
1,31,step1.layer31.rope,rope,GPU_COMPUTE,step1.layer31.qkv,9386.537120000,1.018432000,9387.555552000,step1.layer31.qkv,QK norm and RoPE
1,31,step1.layer31.attention,attention,PIM_COMPUTE,step1.layer31.rope,9387.555552000,17.593600000,9405.149152000,step1.layer31.rope,decode attention on PIM
1,31,step1.layer31.o_proj,attention_output,GPU_COMPUTE,step1.layer31.attention,9405.149152000,3.109440000,9408.258592000,step1.layer31.attention,attention output projection
1,31,step1.layer31.residual1,residual,GPU_COMPUTE,step1.layer31.o_proj,9408.258592000,1.012288000,9409.270880000,step1.layer31.o_proj,residual add
1,31,step1.layer31.norm2,norm,GPU_COMPUTE,step1.layer31.residual1,9409.270880000,1.008192000,9410.279072000,step1.layer31.residual1,RMSNorm
1,31,step1.layer31.router,router,GPU_COMPUTE,step1.layer31.norm2,9410.279072000,2.069888000,9412.348960000,step1.layer31.norm2,MoE router
1,31,step1.layer31.metadata,metadata,GPU_COMPUTE,step1.layer31.router,9412.348960000,1.000128000,9413.349088000,step1.layer31.router,routing metadata
1,31,step1.layer31.dispatch,dispatch,,step1.layer31.metadata,9413.349088000,0.000000000,9413.349088000,step1.layer31.metadata,single-GPU dispatch placeholder
1,31,step1.layer31.scheduler,scheduler,GPU_COMPUTE,step1.layer31.metadata,9413.349088000,0.000000000,9413.349088000,step1.layer31.metadata,allexp placement policy
1,31,step1.layer31.gpu_weight_load,gpu_weight_load,HBM_MEM_PATH,step1.layer31.scheduler,9413.349088000,0.000000000,9413.349088000,step1.layer31.scheduler,expert weights HBM to GPU
1,31,step1.layer31.gpu_expert_compute,gpu_expert,GPU_COMPUTE,step1.layer31.gpu_weight_load;step1.layer31.dispatch,9413.349088000,0.000000000,9413.349088000,step1.layer31.scheduler,grouped expert GEMM
1,31,step1.layer31.pim_gwrite,pim_write,GPU_PIM_IO,step1.layer31.scheduler;step1.layer31.dispatch,9413.349088000,0.082768000,9413.431856000,step1.layer31.scheduler,PIM_GWRITE token operands
1,31,step1.layer31.pim_expert_compute,pim_expert,PIM_COMPUTE,step1.layer31.pim_gwrite,9413.431856000,85.097472000,9498.529328000,step1.layer31.pim_gwrite,serialized PIM expert GEMV
1,31,step1.layer31.pim_read,pim_read,GPU_PIM_IO,step1.layer31.pim_expert_compute,9498.529328000,0.082768000,9498.612096000,step1.layer31.pim_expert_compute,PIM expert result read
1,31,step1.layer31.combine,combine,GPU_COMPUTE,step1.layer31.gpu_expert_compute;step1.layer31.pim_read,9498.612096000,1.036864000,9499.648960000,step1.layer31.pim_read,weighted expert combine
1,31,step1.layer31.residual2,residual,GPU_COMPUTE,step1.layer31.combine,9499.648960000,1.012288000,9500.661248000,step1.layer31.combine,residual add
1,32,step1.layer32.norm1,norm,GPU_COMPUTE,step1.layer31.residual2,9500.661248000,1.008192000,9501.669440000,step1.layer31.residual2,RMSNorm
1,32,step1.layer32.qkv,qkv,GPU_COMPUTE,step1.layer32.norm1,9501.669440000,3.635776000,9505.305216000,step1.layer32.norm1,QKV projection
1,32,step1.layer32.rope,rope,GPU_COMPUTE,step1.layer32.qkv,9505.305216000,1.018432000,9506.323648000,step1.layer32.qkv,QK norm and RoPE
1,32,step1.layer32.attention,attention,PIM_COMPUTE,step1.layer32.rope,9506.323648000,17.593600000,9523.917248000,step1.layer32.rope,decode attention on PIM
1,32,step1.layer32.o_proj,attention_output,GPU_COMPUTE,step1.layer32.attention,9523.917248000,3.109440000,9527.026688000,step1.layer32.attention,attention output projection
1,32,step1.layer32.residual1,residual,GPU_COMPUTE,step1.layer32.o_proj,9527.026688000,1.012288000,9528.038976000,step1.layer32.o_proj,residual add
1,32,step1.layer32.norm2,norm,GPU_COMPUTE,step1.layer32.residual1,9528.038976000,1.008192000,9529.047168000,step1.layer32.residual1,RMSNorm
1,32,step1.layer32.router,router,GPU_COMPUTE,step1.layer32.norm2,9529.047168000,2.069888000,9531.117056000,step1.layer32.norm2,MoE router
1,32,step1.layer32.metadata,metadata,GPU_COMPUTE,step1.layer32.router,9531.117056000,1.000128000,9532.117184000,step1.layer32.router,routing metadata
1,32,step1.layer32.dispatch,dispatch,,step1.layer32.metadata,9532.117184000,0.000000000,9532.117184000,step1.layer32.metadata,single-GPU dispatch placeholder
1,32,step1.layer32.scheduler,scheduler,GPU_COMPUTE,step1.layer32.metadata,9532.117184000,0.000000000,9532.117184000,step1.layer32.metadata,allexp placement policy
1,32,step1.layer32.gpu_weight_load,gpu_weight_load,HBM_MEM_PATH,step1.layer32.scheduler,9532.117184000,0.000000000,9532.117184000,step1.layer32.scheduler,expert weights HBM to GPU
1,32,step1.layer32.gpu_expert_compute,gpu_expert,GPU_COMPUTE,step1.layer32.gpu_weight_load;step1.layer32.dispatch,9532.117184000,0.000000000,9532.117184000,step1.layer32.scheduler,grouped expert GEMM
1,32,step1.layer32.pim_gwrite,pim_write,GPU_PIM_IO,step1.layer32.scheduler;step1.layer32.dispatch,9532.117184000,0.082768000,9532.199952000,step1.layer32.scheduler,PIM_GWRITE token operands
1,32,step1.layer32.pim_expert_compute,pim_expert,PIM_COMPUTE,step1.layer32.pim_gwrite,9532.199952000,85.097472000,9617.297424000,step1.layer32.pim_gwrite,serialized PIM expert GEMV
1,32,step1.layer32.pim_read,pim_read,GPU_PIM_IO,step1.layer32.pim_expert_compute,9617.297424000,0.082768000,9617.380192000,step1.layer32.pim_expert_compute,PIM expert result read
1,32,step1.layer32.combine,combine,GPU_COMPUTE,step1.layer32.gpu_expert_compute;step1.layer32.pim_read,9617.380192000,1.036864000,9618.417056000,step1.layer32.pim_read,weighted expert combine
1,32,step1.layer32.residual2,residual,GPU_COMPUTE,step1.layer32.combine,9618.417056000,1.012288000,9619.429344000,step1.layer32.combine,residual add
1,33,step1.layer33.norm1,norm,GPU_COMPUTE,step1.layer32.residual2,9619.429344000,1.008192000,9620.437536000,step1.layer32.residual2,RMSNorm
1,33,step1.layer33.qkv,qkv,GPU_COMPUTE,step1.layer33.norm1,9620.437536000,3.635776000,9624.073312000,step1.layer33.norm1,QKV projection
1,33,step1.layer33.rope,rope,GPU_COMPUTE,step1.layer33.qkv,9624.073312000,1.018432000,9625.091744000,step1.layer33.qkv,QK norm and RoPE
1,33,step1.layer33.attention,attention,PIM_COMPUTE,step1.layer33.rope,9625.091744000,17.593600000,9642.685344000,step1.layer33.rope,decode attention on PIM
1,33,step1.layer33.o_proj,attention_output,GPU_COMPUTE,step1.layer33.attention,9642.685344000,3.109440000,9645.794784000,step1.layer33.attention,attention output projection
1,33,step1.layer33.residual1,residual,GPU_COMPUTE,step1.layer33.o_proj,9645.794784000,1.012288000,9646.807072000,step1.layer33.o_proj,residual add
1,33,step1.layer33.norm2,norm,GPU_COMPUTE,step1.layer33.residual1,9646.807072000,1.008192000,9647.815264000,step1.layer33.residual1,RMSNorm
1,33,step1.layer33.router,router,GPU_COMPUTE,step1.layer33.norm2,9647.815264000,2.069888000,9649.885152000,step1.layer33.norm2,MoE router
1,33,step1.layer33.metadata,metadata,GPU_COMPUTE,step1.layer33.router,9649.885152000,1.000128000,9650.885280000,step1.layer33.router,routing metadata
1,33,step1.layer33.dispatch,dispatch,,step1.layer33.metadata,9650.885280000,0.000000000,9650.885280000,step1.layer33.metadata,single-GPU dispatch placeholder
1,33,step1.layer33.scheduler,scheduler,GPU_COMPUTE,step1.layer33.metadata,9650.885280000,0.000000000,9650.885280000,step1.layer33.metadata,allexp placement policy
1,33,step1.layer33.gpu_weight_load,gpu_weight_load,HBM_MEM_PATH,step1.layer33.scheduler,9650.885280000,0.000000000,9650.885280000,step1.layer33.scheduler,expert weights HBM to GPU
1,33,step1.layer33.gpu_expert_compute,gpu_expert,GPU_COMPUTE,step1.layer33.gpu_weight_load;step1.layer33.dispatch,9650.885280000,0.000000000,9650.885280000,step1.layer33.scheduler,grouped expert GEMM
1,33,step1.layer33.pim_gwrite,pim_write,GPU_PIM_IO,step1.layer33.scheduler;step1.layer33.dispatch,9650.885280000,0.082768000,9650.968048000,step1.layer33.scheduler,PIM_GWRITE token operands
1,33,step1.layer33.pim_expert_compute,pim_expert,PIM_COMPUTE,step1.layer33.pim_gwrite,9650.968048000,85.097472000,9736.065520000,step1.layer33.pim_gwrite,serialized PIM expert GEMV
1,33,step1.layer33.pim_read,pim_read,GPU_PIM_IO,step1.layer33.pim_expert_compute,9736.065520000,0.082768000,9736.148288000,step1.layer33.pim_expert_compute,PIM expert result read
1,33,step1.layer33.combine,combine,GPU_COMPUTE,step1.layer33.gpu_expert_compute;step1.layer33.pim_read,9736.148288000,1.036864000,9737.185152000,step1.layer33.pim_read,weighted expert combine
1,33,step1.layer33.residual2,residual,GPU_COMPUTE,step1.layer33.combine,9737.185152000,1.012288000,9738.197440000,step1.layer33.combine,residual add
1,34,step1.layer34.norm1,norm,GPU_COMPUTE,step1.layer33.residual2,9738.197440000,1.008192000,9739.205632000,step1.layer33.residual2,RMSNorm
1,34,step1.layer34.qkv,qkv,GPU_COMPUTE,step1.layer34.norm1,9739.205632000,3.635776000,9742.841408000,step1.layer34.norm1,QKV projection
1,34,step1.layer34.rope,rope,GPU_COMPUTE,step1.layer34.qkv,9742.841408000,1.018432000,9743.859840000,step1.layer34.qkv,QK norm and RoPE
1,34,step1.layer34.attention,attention,PIM_COMPUTE,step1.layer34.rope,9743.859840000,17.593600000,9761.453440000,step1.layer34.rope,decode attention on PIM
1,34,step1.layer34.o_proj,attention_output,GPU_COMPUTE,step1.layer34.attention,9761.453440000,3.109440000,9764.562880000,step1.layer34.attention,attention output projection
1,34,step1.layer34.residual1,residual,GPU_COMPUTE,step1.layer34.o_proj,9764.562880000,1.012288000,9765.575168000,step1.layer34.o_proj,residual add
1,34,step1.layer34.norm2,norm,GPU_COMPUTE,step1.layer34.residual1,9765.575168000,1.008192000,9766.583360000,step1.layer34.residual1,RMSNorm
1,34,step1.layer34.router,router,GPU_COMPUTE,step1.layer34.norm2,9766.583360000,2.069888000,9768.653248000,step1.layer34.norm2,MoE router
1,34,step1.layer34.metadata,metadata,GPU_COMPUTE,step1.layer34.router,9768.653248000,1.000128000,9769.653376000,step1.layer34.router,routing metadata
1,34,step1.layer34.dispatch,dispatch,,step1.layer34.metadata,9769.653376000,0.000000000,9769.653376000,step1.layer34.metadata,single-GPU dispatch placeholder
1,34,step1.layer34.scheduler,scheduler,GPU_COMPUTE,step1.layer34.metadata,9769.653376000,0.000000000,9769.653376000,step1.layer34.metadata,allexp placement policy
1,34,step1.layer34.gpu_weight_load,gpu_weight_load,HBM_MEM_PATH,step1.layer34.scheduler,9769.653376000,0.000000000,9769.653376000,step1.layer34.scheduler,expert weights HBM to GPU
1,34,step1.layer34.gpu_expert_compute,gpu_expert,GPU_COMPUTE,step1.layer34.gpu_weight_load;step1.layer34.dispatch,9769.653376000,0.000000000,9769.653376000,step1.layer34.scheduler,grouped expert GEMM
1,34,step1.layer34.pim_gwrite,pim_write,GPU_PIM_IO,step1.layer34.scheduler;step1.layer34.dispatch,9769.653376000,0.082768000,9769.736144000,step1.layer34.scheduler,PIM_GWRITE token operands
1,34,step1.layer34.pim_expert_compute,pim_expert,PIM_COMPUTE,step1.layer34.pim_gwrite,9769.736144000,85.097472000,9854.833616000,step1.layer34.pim_gwrite,serialized PIM expert GEMV
1,34,step1.layer34.pim_read,pim_read,GPU_PIM_IO,step1.layer34.pim_expert_compute,9854.833616000,0.082768000,9854.916384000,step1.layer34.pim_expert_compute,PIM expert result read
1,34,step1.layer34.combine,combine,GPU_COMPUTE,step1.layer34.gpu_expert_compute;step1.layer34.pim_read,9854.916384000,1.036864000,9855.953248000,step1.layer34.pim_read,weighted expert combine
1,34,step1.layer34.residual2,residual,GPU_COMPUTE,step1.layer34.combine,9855.953248000,1.012288000,9856.965536000,step1.layer34.combine,residual add
1,35,step1.layer35.norm1,norm,GPU_COMPUTE,step1.layer34.residual2,9856.965536000,1.008192000,9857.973728000,step1.layer34.residual2,RMSNorm
1,35,step1.layer35.qkv,qkv,GPU_COMPUTE,step1.layer35.norm1,9857.973728000,3.635776000,9861.609504000,step1.layer35.norm1,QKV projection
1,35,step1.layer35.rope,rope,GPU_COMPUTE,step1.layer35.qkv,9861.609504000,1.018432000,9862.627936000,step1.layer35.qkv,QK norm and RoPE
1,35,step1.layer35.attention,attention,PIM_COMPUTE,step1.layer35.rope,9862.627936000,17.593600000,9880.221536000,step1.layer35.rope,decode attention on PIM
1,35,step1.layer35.o_proj,attention_output,GPU_COMPUTE,step1.layer35.attention,9880.221536000,3.109440000,9883.330976000,step1.layer35.attention,attention output projection
1,35,step1.layer35.residual1,residual,GPU_COMPUTE,step1.layer35.o_proj,9883.330976000,1.012288000,9884.343264000,step1.layer35.o_proj,residual add
1,35,step1.layer35.norm2,norm,GPU_COMPUTE,step1.layer35.residual1,9884.343264000,1.008192000,9885.351456000,step1.layer35.residual1,RMSNorm
1,35,step1.layer35.router,router,GPU_COMPUTE,step1.layer35.norm2,9885.351456000,2.069888000,9887.421344000,step1.layer35.norm2,MoE router
1,35,step1.layer35.metadata,metadata,GPU_COMPUTE,step1.layer35.router,9887.421344000,1.000128000,9888.421472000,step1.layer35.router,routing metadata
1,35,step1.layer35.dispatch,dispatch,,step1.layer35.metadata,9888.421472000,0.000000000,9888.421472000,step1.layer35.metadata,single-GPU dispatch placeholder
1,35,step1.layer35.scheduler,scheduler,GPU_COMPUTE,step1.layer35.metadata,9888.421472000,0.000000000,9888.421472000,step1.layer35.metadata,allexp placement policy
1,35,step1.layer35.gpu_weight_load,gpu_weight_load,HBM_MEM_PATH,step1.layer35.scheduler,9888.421472000,0.000000000,9888.421472000,step1.layer35.scheduler,expert weights HBM to GPU
1,35,step1.layer35.gpu_expert_compute,gpu_expert,GPU_COMPUTE,step1.layer35.gpu_weight_load;step1.layer35.dispatch,9888.421472000,0.000000000,9888.421472000,step1.layer35.scheduler,grouped expert GEMM
1,35,step1.layer35.pim_gwrite,pim_write,GPU_PIM_IO,step1.layer35.scheduler;step1.layer35.dispatch,9888.421472000,0.082768000,9888.504240000,step1.layer35.scheduler,PIM_GWRITE token operands
1,35,step1.layer35.pim_expert_compute,pim_expert,PIM_COMPUTE,step1.layer35.pim_gwrite,9888.504240000,85.097472000,9973.601712000,step1.layer35.pim_gwrite,serialized PIM expert GEMV
1,35,step1.layer35.pim_read,pim_read,GPU_PIM_IO,step1.layer35.pim_expert_compute,9973.601712000,0.082768000,9973.684480000,step1.layer35.pim_expert_compute,PIM expert result read
1,35,step1.layer35.combine,combine,GPU_COMPUTE,step1.layer35.gpu_expert_compute;step1.layer35.pim_read,9973.684480000,1.036864000,9974.721344000,step1.layer35.pim_read,weighted expert combine
1,35,step1.layer35.residual2,residual,GPU_COMPUTE,step1.layer35.combine,9974.721344000,1.012288000,9975.733632000,step1.layer35.combine,residual add
1,36,step1.layer36.norm1,norm,GPU_COMPUTE,step1.layer35.residual2,9975.733632000,1.008192000,9976.741824000,step1.layer35.residual2,RMSNorm
1,36,step1.layer36.qkv,qkv,GPU_COMPUTE,step1.layer36.norm1,9976.741824000,3.635776000,9980.377600000,step1.layer36.norm1,QKV projection
1,36,step1.layer36.rope,rope,GPU_COMPUTE,step1.layer36.qkv,9980.377600000,1.018432000,9981.396032000,step1.layer36.qkv,QK norm and RoPE
1,36,step1.layer36.attention,attention,PIM_COMPUTE,step1.layer36.rope,9981.396032000,17.593600000,9998.989632000,step1.layer36.rope,decode attention on PIM
1,36,step1.layer36.o_proj,attention_output,GPU_COMPUTE,step1.layer36.attention,9998.989632000,3.109440000,10002.099072000,step1.layer36.attention,attention output projection
1,36,step1.layer36.residual1,residual,GPU_COMPUTE,step1.layer36.o_proj,10002.099072000,1.012288000,10003.111360000,step1.layer36.o_proj,residual add
1,36,step1.layer36.norm2,norm,GPU_COMPUTE,step1.layer36.residual1,10003.111360000,1.008192000,10004.119552000,step1.layer36.residual1,RMSNorm
1,36,step1.layer36.router,router,GPU_COMPUTE,step1.layer36.norm2,10004.119552000,2.069888000,10006.189440000,step1.layer36.norm2,MoE router
1,36,step1.layer36.metadata,metadata,GPU_COMPUTE,step1.layer36.router,10006.189440000,1.000128000,10007.189568000,step1.layer36.router,routing metadata
1,36,step1.layer36.dispatch,dispatch,,step1.layer36.metadata,10007.189568000,0.000000000,10007.189568000,step1.layer36.metadata,single-GPU dispatch placeholder
1,36,step1.layer36.scheduler,scheduler,GPU_COMPUTE,step1.layer36.metadata,10007.189568000,0.000000000,10007.189568000,step1.layer36.metadata,allexp placement policy
1,36,step1.layer36.gpu_weight_load,gpu_weight_load,HBM_MEM_PATH,step1.layer36.scheduler,10007.189568000,0.000000000,10007.189568000,step1.layer36.scheduler,expert weights HBM to GPU
1,36,step1.layer36.gpu_expert_compute,gpu_expert,GPU_COMPUTE,step1.layer36.gpu_weight_load;step1.layer36.dispatch,10007.189568000,0.000000000,10007.189568000,step1.layer36.scheduler,grouped expert GEMM
1,36,step1.layer36.pim_gwrite,pim_write,GPU_PIM_IO,step1.layer36.scheduler;step1.layer36.dispatch,10007.189568000,0.082768000,10007.272336000,step1.layer36.scheduler,PIM_GWRITE token operands
1,36,step1.layer36.pim_expert_compute,pim_expert,PIM_COMPUTE,step1.layer36.pim_gwrite,10007.272336000,85.097472000,10092.369808000,step1.layer36.pim_gwrite,serialized PIM expert GEMV
1,36,step1.layer36.pim_read,pim_read,GPU_PIM_IO,step1.layer36.pim_expert_compute,10092.369808000,0.082768000,10092.452576000,step1.layer36.pim_expert_compute,PIM expert result read
1,36,step1.layer36.combine,combine,GPU_COMPUTE,step1.layer36.gpu_expert_compute;step1.layer36.pim_read,10092.452576000,1.036864000,10093.489440000,step1.layer36.pim_read,weighted expert combine
1,36,step1.layer36.residual2,residual,GPU_COMPUTE,step1.layer36.combine,10093.489440000,1.012288000,10094.501728000,step1.layer36.combine,residual add
1,37,step1.layer37.norm1,norm,GPU_COMPUTE,step1.layer36.residual2,10094.501728000,1.008192000,10095.509920000,step1.layer36.residual2,RMSNorm
1,37,step1.layer37.qkv,qkv,GPU_COMPUTE,step1.layer37.norm1,10095.509920000,3.635776000,10099.145696000,step1.layer37.norm1,QKV projection
1,37,step1.layer37.rope,rope,GPU_COMPUTE,step1.layer37.qkv,10099.145696000,1.018432000,10100.164128000,step1.layer37.qkv,QK norm and RoPE
1,37,step1.layer37.attention,attention,PIM_COMPUTE,step1.layer37.rope,10100.164128000,17.593600000,10117.757728000,step1.layer37.rope,decode attention on PIM
1,37,step1.layer37.o_proj,attention_output,GPU_COMPUTE,step1.layer37.attention,10117.757728000,3.109440000,10120.867168000,step1.layer37.attention,attention output projection
1,37,step1.layer37.residual1,residual,GPU_COMPUTE,step1.layer37.o_proj,10120.867168000,1.012288000,10121.879456000,step1.layer37.o_proj,residual add
1,37,step1.layer37.norm2,norm,GPU_COMPUTE,step1.layer37.residual1,10121.879456000,1.008192000,10122.887648000,step1.layer37.residual1,RMSNorm
1,37,step1.layer37.router,router,GPU_COMPUTE,step1.layer37.norm2,10122.887648000,2.069888000,10124.957536000,step1.layer37.norm2,MoE router
1,37,step1.layer37.metadata,metadata,GPU_COMPUTE,step1.layer37.router,10124.957536000,1.000128000,10125.957664000,step1.layer37.router,routing metadata
1,37,step1.layer37.dispatch,dispatch,,step1.layer37.metadata,10125.957664000,0.000000000,10125.957664000,step1.layer37.metadata,single-GPU dispatch placeholder
1,37,step1.layer37.scheduler,scheduler,GPU_COMPUTE,step1.layer37.metadata,10125.957664000,0.000000000,10125.957664000,step1.layer37.metadata,allexp placement policy
1,37,step1.layer37.gpu_weight_load,gpu_weight_load,HBM_MEM_PATH,step1.layer37.scheduler,10125.957664000,0.000000000,10125.957664000,step1.layer37.scheduler,expert weights HBM to GPU
1,37,step1.layer37.gpu_expert_compute,gpu_expert,GPU_COMPUTE,step1.layer37.gpu_weight_load;step1.layer37.dispatch,10125.957664000,0.000000000,10125.957664000,step1.layer37.scheduler,grouped expert GEMM
1,37,step1.layer37.pim_gwrite,pim_write,GPU_PIM_IO,step1.layer37.scheduler;step1.layer37.dispatch,10125.957664000,0.082768000,10126.040432000,step1.layer37.scheduler,PIM_GWRITE token operands
1,37,step1.layer37.pim_expert_compute,pim_expert,PIM_COMPUTE,step1.layer37.pim_gwrite,10126.040432000,85.097472000,10211.137904000,step1.layer37.pim_gwrite,serialized PIM expert GEMV
1,37,step1.layer37.pim_read,pim_read,GPU_PIM_IO,step1.layer37.pim_expert_compute,10211.137904000,0.082768000,10211.220672000,step1.layer37.pim_expert_compute,PIM expert result read
1,37,step1.layer37.combine,combine,GPU_COMPUTE,step1.layer37.gpu_expert_compute;step1.layer37.pim_read,10211.220672000,1.036864000,10212.257536000,step1.layer37.pim_read,weighted expert combine
1,37,step1.layer37.residual2,residual,GPU_COMPUTE,step1.layer37.combine,10212.257536000,1.012288000,10213.269824000,step1.layer37.combine,residual add
1,38,step1.layer38.norm1,norm,GPU_COMPUTE,step1.layer37.residual2,10213.269824000,1.008192000,10214.278016000,step1.layer37.residual2,RMSNorm
1,38,step1.layer38.qkv,qkv,GPU_COMPUTE,step1.layer38.norm1,10214.278016000,3.635776000,10217.913792000,step1.layer38.norm1,QKV projection
1,38,step1.layer38.rope,rope,GPU_COMPUTE,step1.layer38.qkv,10217.913792000,1.018432000,10218.932224000,step1.layer38.qkv,QK norm and RoPE
1,38,step1.layer38.attention,attention,PIM_COMPUTE,step1.layer38.rope,10218.932224000,17.593600000,10236.525824000,step1.layer38.rope,decode attention on PIM
1,38,step1.layer38.o_proj,attention_output,GPU_COMPUTE,step1.layer38.attention,10236.525824000,3.109440000,10239.635264000,step1.layer38.attention,attention output projection
1,38,step1.layer38.residual1,residual,GPU_COMPUTE,step1.layer38.o_proj,10239.635264000,1.012288000,10240.647552000,step1.layer38.o_proj,residual add
1,38,step1.layer38.norm2,norm,GPU_COMPUTE,step1.layer38.residual1,10240.647552000,1.008192000,10241.655744000,step1.layer38.residual1,RMSNorm
1,38,step1.layer38.router,router,GPU_COMPUTE,step1.layer38.norm2,10241.655744000,2.069888000,10243.725632000,step1.layer38.norm2,MoE router
1,38,step1.layer38.metadata,metadata,GPU_COMPUTE,step1.layer38.router,10243.725632000,1.000128000,10244.725760000,step1.layer38.router,routing metadata
1,38,step1.layer38.dispatch,dispatch,,step1.layer38.metadata,10244.725760000,0.000000000,10244.725760000,step1.layer38.metadata,single-GPU dispatch placeholder
1,38,step1.layer38.scheduler,scheduler,GPU_COMPUTE,step1.layer38.metadata,10244.725760000,0.000000000,10244.725760000,step1.layer38.metadata,allexp placement policy
1,38,step1.layer38.gpu_weight_load,gpu_weight_load,HBM_MEM_PATH,step1.layer38.scheduler,10244.725760000,0.000000000,10244.725760000,step1.layer38.scheduler,expert weights HBM to GPU
1,38,step1.layer38.gpu_expert_compute,gpu_expert,GPU_COMPUTE,step1.layer38.gpu_weight_load;step1.layer38.dispatch,10244.725760000,0.000000000,10244.725760000,step1.layer38.scheduler,grouped expert GEMM
1,38,step1.layer38.pim_gwrite,pim_write,GPU_PIM_IO,step1.layer38.scheduler;step1.layer38.dispatch,10244.725760000,0.082768000,10244.808528000,step1.layer38.scheduler,PIM_GWRITE token operands
1,38,step1.layer38.pim_expert_compute,pim_expert,PIM_COMPUTE,step1.layer38.pim_gwrite,10244.808528000,85.097472000,10329.906000000,step1.layer38.pim_gwrite,serialized PIM expert GEMV
1,38,step1.layer38.pim_read,pim_read,GPU_PIM_IO,step1.layer38.pim_expert_compute,10329.906000000,0.082768000,10329.988768000,step1.layer38.pim_expert_compute,PIM expert result read
1,38,step1.layer38.combine,combine,GPU_COMPUTE,step1.layer38.gpu_expert_compute;step1.layer38.pim_read,10329.988768000,1.036864000,10331.025632000,step1.layer38.pim_read,weighted expert combine
1,38,step1.layer38.residual2,residual,GPU_COMPUTE,step1.layer38.combine,10331.025632000,1.012288000,10332.037920000,step1.layer38.combine,residual add
1,39,step1.layer39.norm1,norm,GPU_COMPUTE,step1.layer38.residual2,10332.037920000,1.008192000,10333.046112000,step1.layer38.residual2,RMSNorm
1,39,step1.layer39.qkv,qkv,GPU_COMPUTE,step1.layer39.norm1,10333.046112000,3.635776000,10336.681888000,step1.layer39.norm1,QKV projection
1,39,step1.layer39.rope,rope,GPU_COMPUTE,step1.layer39.qkv,10336.681888000,1.018432000,10337.700320000,step1.layer39.qkv,QK norm and RoPE
1,39,step1.layer39.attention,attention,PIM_COMPUTE,step1.layer39.rope,10337.700320000,17.593600000,10355.293920000,step1.layer39.rope,decode attention on PIM
1,39,step1.layer39.o_proj,attention_output,GPU_COMPUTE,step1.layer39.attention,10355.293920000,3.109440000,10358.403360000,step1.layer39.attention,attention output projection
1,39,step1.layer39.residual1,residual,GPU_COMPUTE,step1.layer39.o_proj,10358.403360000,1.012288000,10359.415648000,step1.layer39.o_proj,residual add
1,39,step1.layer39.norm2,norm,GPU_COMPUTE,step1.layer39.residual1,10359.415648000,1.008192000,10360.423840000,step1.layer39.residual1,RMSNorm
1,39,step1.layer39.router,router,GPU_COMPUTE,step1.layer39.norm2,10360.423840000,2.069888000,10362.493728000,step1.layer39.norm2,MoE router
1,39,step1.layer39.metadata,metadata,GPU_COMPUTE,step1.layer39.router,10362.493728000,1.000128000,10363.493856000,step1.layer39.router,routing metadata
1,39,step1.layer39.dispatch,dispatch,,step1.layer39.metadata,10363.493856000,0.000000000,10363.493856000,step1.layer39.metadata,single-GPU dispatch placeholder
1,39,step1.layer39.scheduler,scheduler,GPU_COMPUTE,step1.layer39.metadata,10363.493856000,0.000000000,10363.493856000,step1.layer39.metadata,allexp placement policy
1,39,step1.layer39.gpu_weight_load,gpu_weight_load,HBM_MEM_PATH,step1.layer39.scheduler,10363.493856000,0.000000000,10363.493856000,step1.layer39.scheduler,expert weights HBM to GPU
1,39,step1.layer39.gpu_expert_compute,gpu_expert,GPU_COMPUTE,step1.layer39.gpu_weight_load;step1.layer39.dispatch,10363.493856000,0.000000000,10363.493856000,step1.layer39.scheduler,grouped expert GEMM
1,39,step1.layer39.pim_gwrite,pim_write,GPU_PIM_IO,step1.layer39.scheduler;step1.layer39.dispatch,10363.493856000,0.082768000,10363.576624000,step1.layer39.scheduler,PIM_GWRITE token operands
1,39,step1.layer39.pim_expert_compute,pim_expert,PIM_COMPUTE,step1.layer39.pim_gwrite,10363.576624000,85.097472000,10448.674096000,step1.layer39.pim_gwrite,serialized PIM expert GEMV
1,39,step1.layer39.pim_read,pim_read,GPU_PIM_IO,step1.layer39.pim_expert_compute,10448.674096000,0.082768000,10448.756864000,step1.layer39.pim_expert_compute,PIM expert result read
1,39,step1.layer39.combine,combine,GPU_COMPUTE,step1.layer39.gpu_expert_compute;step1.layer39.pim_read,10448.756864000,1.036864000,10449.793728000,step1.layer39.pim_read,weighted expert combine
1,39,step1.layer39.residual2,residual,GPU_COMPUTE,step1.layer39.combine,10449.793728000,1.012288000,10450.806016000,step1.layer39.combine,residual add
1,40,step1.layer40.norm1,norm,GPU_COMPUTE,step1.layer39.residual2,10450.806016000,1.008192000,10451.814208000,step1.layer39.residual2,RMSNorm
1,40,step1.layer40.qkv,qkv,GPU_COMPUTE,step1.layer40.norm1,10451.814208000,3.635776000,10455.449984000,step1.layer40.norm1,QKV projection
1,40,step1.layer40.rope,rope,GPU_COMPUTE,step1.layer40.qkv,10455.449984000,1.018432000,10456.468416000,step1.layer40.qkv,QK norm and RoPE
1,40,step1.layer40.attention,attention,PIM_COMPUTE,step1.layer40.rope,10456.468416000,17.593600000,10474.062016000,step1.layer40.rope,decode attention on PIM
1,40,step1.layer40.o_proj,attention_output,GPU_COMPUTE,step1.layer40.attention,10474.062016000,3.109440000,10477.171456000,step1.layer40.attention,attention output projection
1,40,step1.layer40.residual1,residual,GPU_COMPUTE,step1.layer40.o_proj,10477.171456000,1.012288000,10478.183744000,step1.layer40.o_proj,residual add
1,40,step1.layer40.norm2,norm,GPU_COMPUTE,step1.layer40.residual1,10478.183744000,1.008192000,10479.191936000,step1.layer40.residual1,RMSNorm
1,40,step1.layer40.router,router,GPU_COMPUTE,step1.layer40.norm2,10479.191936000,2.069888000,10481.261824000,step1.layer40.norm2,MoE router
1,40,step1.layer40.metadata,metadata,GPU_COMPUTE,step1.layer40.router,10481.261824000,1.000128000,10482.261952000,step1.layer40.router,routing metadata
1,40,step1.layer40.dispatch,dispatch,,step1.layer40.metadata,10482.261952000,0.000000000,10482.261952000,step1.layer40.metadata,single-GPU dispatch placeholder
1,40,step1.layer40.scheduler,scheduler,GPU_COMPUTE,step1.layer40.metadata,10482.261952000,0.000000000,10482.261952000,step1.layer40.metadata,allexp placement policy
1,40,step1.layer40.gpu_weight_load,gpu_weight_load,HBM_MEM_PATH,step1.layer40.scheduler,10482.261952000,0.000000000,10482.261952000,step1.layer40.scheduler,expert weights HBM to GPU
1,40,step1.layer40.gpu_expert_compute,gpu_expert,GPU_COMPUTE,step1.layer40.gpu_weight_load;step1.layer40.dispatch,10482.261952000,0.000000000,10482.261952000,step1.layer40.scheduler,grouped expert GEMM
1,40,step1.layer40.pim_gwrite,pim_write,GPU_PIM_IO,step1.layer40.scheduler;step1.layer40.dispatch,10482.261952000,0.082768000,10482.344720000,step1.layer40.scheduler,PIM_GWRITE token operands
1,40,step1.layer40.pim_expert_compute,pim_expert,PIM_COMPUTE,step1.layer40.pim_gwrite,10482.344720000,85.097472000,10567.442192000,step1.layer40.pim_gwrite,serialized PIM expert GEMV
1,40,step1.layer40.pim_read,pim_read,GPU_PIM_IO,step1.layer40.pim_expert_compute,10567.442192000,0.082768000,10567.524960000,step1.layer40.pim_expert_compute,PIM expert result read
1,40,step1.layer40.combine,combine,GPU_COMPUTE,step1.layer40.gpu_expert_compute;step1.layer40.pim_read,10567.524960000,1.036864000,10568.561824000,step1.layer40.pim_read,weighted expert combine
1,40,step1.layer40.residual2,residual,GPU_COMPUTE,step1.layer40.combine,10568.561824000,1.012288000,10569.574112000,step1.layer40.combine,residual add
1,41,step1.layer41.norm1,norm,GPU_COMPUTE,step1.layer40.residual2,10569.574112000,1.008192000,10570.582304000,step1.layer40.residual2,RMSNorm
1,41,step1.layer41.qkv,qkv,GPU_COMPUTE,step1.layer41.norm1,10570.582304000,3.635776000,10574.218080000,step1.layer41.norm1,QKV projection
1,41,step1.layer41.rope,rope,GPU_COMPUTE,step1.layer41.qkv,10574.218080000,1.018432000,10575.236512000,step1.layer41.qkv,QK norm and RoPE
1,41,step1.layer41.attention,attention,PIM_COMPUTE,step1.layer41.rope,10575.236512000,17.593600000,10592.830112000,step1.layer41.rope,decode attention on PIM
1,41,step1.layer41.o_proj,attention_output,GPU_COMPUTE,step1.layer41.attention,10592.830112000,3.109440000,10595.939552000,step1.layer41.attention,attention output projection
1,41,step1.layer41.residual1,residual,GPU_COMPUTE,step1.layer41.o_proj,10595.939552000,1.012288000,10596.951840000,step1.layer41.o_proj,residual add
1,41,step1.layer41.norm2,norm,GPU_COMPUTE,step1.layer41.residual1,10596.951840000,1.008192000,10597.960032000,step1.layer41.residual1,RMSNorm
1,41,step1.layer41.router,router,GPU_COMPUTE,step1.layer41.norm2,10597.960032000,2.069888000,10600.029920000,step1.layer41.norm2,MoE router
1,41,step1.layer41.metadata,metadata,GPU_COMPUTE,step1.layer41.router,10600.029920000,1.000128000,10601.030048000,step1.layer41.router,routing metadata
1,41,step1.layer41.dispatch,dispatch,,step1.layer41.metadata,10601.030048000,0.000000000,10601.030048000,step1.layer41.metadata,single-GPU dispatch placeholder
1,41,step1.layer41.scheduler,scheduler,GPU_COMPUTE,step1.layer41.metadata,10601.030048000,0.000000000,10601.030048000,step1.layer41.metadata,allexp placement policy
1,41,step1.layer41.gpu_weight_load,gpu_weight_load,HBM_MEM_PATH,step1.layer41.scheduler,10601.030048000,0.000000000,10601.030048000,step1.layer41.scheduler,expert weights HBM to GPU
1,41,step1.layer41.gpu_expert_compute,gpu_expert,GPU_COMPUTE,step1.layer41.gpu_weight_load;step1.layer41.dispatch,10601.030048000,0.000000000,10601.030048000,step1.layer41.scheduler,grouped expert GEMM
1,41,step1.layer41.pim_gwrite,pim_write,GPU_PIM_IO,step1.layer41.scheduler;step1.layer41.dispatch,10601.030048000,0.082768000,10601.112816000,step1.layer41.scheduler,PIM_GWRITE token operands
1,41,step1.layer41.pim_expert_compute,pim_expert,PIM_COMPUTE,step1.layer41.pim_gwrite,10601.112816000,85.097472000,10686.210288000,step1.layer41.pim_gwrite,serialized PIM expert GEMV
1,41,step1.layer41.pim_read,pim_read,GPU_PIM_IO,step1.layer41.pim_expert_compute,10686.210288000,0.082768000,10686.293056000,step1.layer41.pim_expert_compute,PIM expert result read
1,41,step1.layer41.combine,combine,GPU_COMPUTE,step1.layer41.gpu_expert_compute;step1.layer41.pim_read,10686.293056000,1.036864000,10687.329920000,step1.layer41.pim_read,weighted expert combine
1,41,step1.layer41.residual2,residual,GPU_COMPUTE,step1.layer41.combine,10687.329920000,1.012288000,10688.342208000,step1.layer41.combine,residual add
1,42,step1.layer42.norm1,norm,GPU_COMPUTE,step1.layer41.residual2,10688.342208000,1.008192000,10689.350400000,step1.layer41.residual2,RMSNorm
1,42,step1.layer42.qkv,qkv,GPU_COMPUTE,step1.layer42.norm1,10689.350400000,3.635776000,10692.986176000,step1.layer42.norm1,QKV projection
1,42,step1.layer42.rope,rope,GPU_COMPUTE,step1.layer42.qkv,10692.986176000,1.018432000,10694.004608000,step1.layer42.qkv,QK norm and RoPE
1,42,step1.layer42.attention,attention,PIM_COMPUTE,step1.layer42.rope,10694.004608000,17.593600000,10711.598208000,step1.layer42.rope,decode attention on PIM
1,42,step1.layer42.o_proj,attention_output,GPU_COMPUTE,step1.layer42.attention,10711.598208000,3.109440000,10714.707648000,step1.layer42.attention,attention output projection
1,42,step1.layer42.residual1,residual,GPU_COMPUTE,step1.layer42.o_proj,10714.707648000,1.012288000,10715.719936000,step1.layer42.o_proj,residual add
1,42,step1.layer42.norm2,norm,GPU_COMPUTE,step1.layer42.residual1,10715.719936000,1.008192000,10716.728128000,step1.layer42.residual1,RMSNorm
1,42,step1.layer42.router,router,GPU_COMPUTE,step1.layer42.norm2,10716.728128000,2.069888000,10718.798016000,step1.layer42.norm2,MoE router
1,42,step1.layer42.metadata,metadata,GPU_COMPUTE,step1.layer42.router,10718.798016000,1.000128000,10719.798144000,step1.layer42.router,routing metadata
1,42,step1.layer42.dispatch,dispatch,,step1.layer42.metadata,10719.798144000,0.000000000,10719.798144000,step1.layer42.metadata,single-GPU dispatch placeholder
1,42,step1.layer42.scheduler,scheduler,GPU_COMPUTE,step1.layer42.metadata,10719.798144000,0.000000000,10719.798144000,step1.layer42.metadata,allexp placement policy
1,42,step1.layer42.gpu_weight_load,gpu_weight_load,HBM_MEM_PATH,step1.layer42.scheduler,10719.798144000,0.000000000,10719.798144000,step1.layer42.scheduler,expert weights HBM to GPU
1,42,step1.layer42.gpu_expert_compute,gpu_expert,GPU_COMPUTE,step1.layer42.gpu_weight_load;step1.layer42.dispatch,10719.798144000,0.000000000,10719.798144000,step1.layer42.scheduler,grouped expert GEMM
1,42,step1.layer42.pim_gwrite,pim_write,GPU_PIM_IO,step1.layer42.scheduler;step1.layer42.dispatch,10719.798144000,0.082768000,10719.880912000,step1.layer42.scheduler,PIM_GWRITE token operands
1,42,step1.layer42.pim_expert_compute,pim_expert,PIM_COMPUTE,step1.layer42.pim_gwrite,10719.880912000,85.097472000,10804.978384000,step1.layer42.pim_gwrite,serialized PIM expert GEMV
1,42,step1.layer42.pim_read,pim_read,GPU_PIM_IO,step1.layer42.pim_expert_compute,10804.978384000,0.082768000,10805.061152000,step1.layer42.pim_expert_compute,PIM expert result read
1,42,step1.layer42.combine,combine,GPU_COMPUTE,step1.layer42.gpu_expert_compute;step1.layer42.pim_read,10805.061152000,1.036864000,10806.098016000,step1.layer42.pim_read,weighted expert combine
1,42,step1.layer42.residual2,residual,GPU_COMPUTE,step1.layer42.combine,10806.098016000,1.012288000,10807.110304000,step1.layer42.combine,residual add
1,43,step1.layer43.norm1,norm,GPU_COMPUTE,step1.layer42.residual2,10807.110304000,1.008192000,10808.118496000,step1.layer42.residual2,RMSNorm
1,43,step1.layer43.qkv,qkv,GPU_COMPUTE,step1.layer43.norm1,10808.118496000,3.635776000,10811.754272000,step1.layer43.norm1,QKV projection
1,43,step1.layer43.rope,rope,GPU_COMPUTE,step1.layer43.qkv,10811.754272000,1.018432000,10812.772704000,step1.layer43.qkv,QK norm and RoPE
1,43,step1.layer43.attention,attention,PIM_COMPUTE,step1.layer43.rope,10812.772704000,17.593600000,10830.366304000,step1.layer43.rope,decode attention on PIM
1,43,step1.layer43.o_proj,attention_output,GPU_COMPUTE,step1.layer43.attention,10830.366304000,3.109440000,10833.475744000,step1.layer43.attention,attention output projection
1,43,step1.layer43.residual1,residual,GPU_COMPUTE,step1.layer43.o_proj,10833.475744000,1.012288000,10834.488032000,step1.layer43.o_proj,residual add
1,43,step1.layer43.norm2,norm,GPU_COMPUTE,step1.layer43.residual1,10834.488032000,1.008192000,10835.496224000,step1.layer43.residual1,RMSNorm
1,43,step1.layer43.router,router,GPU_COMPUTE,step1.layer43.norm2,10835.496224000,2.069888000,10837.566112000,step1.layer43.norm2,MoE router
1,43,step1.layer43.metadata,metadata,GPU_COMPUTE,step1.layer43.router,10837.566112000,1.000128000,10838.566240000,step1.layer43.router,routing metadata
1,43,step1.layer43.dispatch,dispatch,,step1.layer43.metadata,10838.566240000,0.000000000,10838.566240000,step1.layer43.metadata,single-GPU dispatch placeholder
1,43,step1.layer43.scheduler,scheduler,GPU_COMPUTE,step1.layer43.metadata,10838.566240000,0.000000000,10838.566240000,step1.layer43.metadata,allexp placement policy
1,43,step1.layer43.gpu_weight_load,gpu_weight_load,HBM_MEM_PATH,step1.layer43.scheduler,10838.566240000,0.000000000,10838.566240000,step1.layer43.scheduler,expert weights HBM to GPU
1,43,step1.layer43.gpu_expert_compute,gpu_expert,GPU_COMPUTE,step1.layer43.gpu_weight_load;step1.layer43.dispatch,10838.566240000,0.000000000,10838.566240000,step1.layer43.scheduler,grouped expert GEMM
1,43,step1.layer43.pim_gwrite,pim_write,GPU_PIM_IO,step1.layer43.scheduler;step1.layer43.dispatch,10838.566240000,0.082768000,10838.649008000,step1.layer43.scheduler,PIM_GWRITE token operands
1,43,step1.layer43.pim_expert_compute,pim_expert,PIM_COMPUTE,step1.layer43.pim_gwrite,10838.649008000,85.097472000,10923.746480000,step1.layer43.pim_gwrite,serialized PIM expert GEMV
1,43,step1.layer43.pim_read,pim_read,GPU_PIM_IO,step1.layer43.pim_expert_compute,10923.746480000,0.082768000,10923.829248000,step1.layer43.pim_expert_compute,PIM expert result read
1,43,step1.layer43.combine,combine,GPU_COMPUTE,step1.layer43.gpu_expert_compute;step1.layer43.pim_read,10923.829248000,1.036864000,10924.866112000,step1.layer43.pim_read,weighted expert combine
1,43,step1.layer43.residual2,residual,GPU_COMPUTE,step1.layer43.combine,10924.866112000,1.012288000,10925.878400000,step1.layer43.combine,residual add
1,44,step1.layer44.norm1,norm,GPU_COMPUTE,step1.layer43.residual2,10925.878400000,1.008192000,10926.886592000,step1.layer43.residual2,RMSNorm
1,44,step1.layer44.qkv,qkv,GPU_COMPUTE,step1.layer44.norm1,10926.886592000,3.635776000,10930.522368000,step1.layer44.norm1,QKV projection
1,44,step1.layer44.rope,rope,GPU_COMPUTE,step1.layer44.qkv,10930.522368000,1.018432000,10931.540800000,step1.layer44.qkv,QK norm and RoPE
1,44,step1.layer44.attention,attention,PIM_COMPUTE,step1.layer44.rope,10931.540800000,17.593600000,10949.134400000,step1.layer44.rope,decode attention on PIM
1,44,step1.layer44.o_proj,attention_output,GPU_COMPUTE,step1.layer44.attention,10949.134400000,3.109440000,10952.243840000,step1.layer44.attention,attention output projection
1,44,step1.layer44.residual1,residual,GPU_COMPUTE,step1.layer44.o_proj,10952.243840000,1.012288000,10953.256128000,step1.layer44.o_proj,residual add
1,44,step1.layer44.norm2,norm,GPU_COMPUTE,step1.layer44.residual1,10953.256128000,1.008192000,10954.264320000,step1.layer44.residual1,RMSNorm
1,44,step1.layer44.router,router,GPU_COMPUTE,step1.layer44.norm2,10954.264320000,2.069888000,10956.334208000,step1.layer44.norm2,MoE router
1,44,step1.layer44.metadata,metadata,GPU_COMPUTE,step1.layer44.router,10956.334208000,1.000128000,10957.334336000,step1.layer44.router,routing metadata
1,44,step1.layer44.dispatch,dispatch,,step1.layer44.metadata,10957.334336000,0.000000000,10957.334336000,step1.layer44.metadata,single-GPU dispatch placeholder
1,44,step1.layer44.scheduler,scheduler,GPU_COMPUTE,step1.layer44.metadata,10957.334336000,0.000000000,10957.334336000,step1.layer44.metadata,allexp placement policy
1,44,step1.layer44.gpu_weight_load,gpu_weight_load,HBM_MEM_PATH,step1.layer44.scheduler,10957.334336000,0.000000000,10957.334336000,step1.layer44.scheduler,expert weights HBM to GPU
1,44,step1.layer44.gpu_expert_compute,gpu_expert,GPU_COMPUTE,step1.layer44.gpu_weight_load;step1.layer44.dispatch,10957.334336000,0.000000000,10957.334336000,step1.layer44.scheduler,grouped expert GEMM
1,44,step1.layer44.pim_gwrite,pim_write,GPU_PIM_IO,step1.layer44.scheduler;step1.layer44.dispatch,10957.334336000,0.082768000,10957.417104000,step1.layer44.scheduler,PIM_GWRITE token operands
1,44,step1.layer44.pim_expert_compute,pim_expert,PIM_COMPUTE,step1.layer44.pim_gwrite,10957.417104000,85.097472000,11042.514576000,step1.layer44.pim_gwrite,serialized PIM expert GEMV
1,44,step1.layer44.pim_read,pim_read,GPU_PIM_IO,step1.layer44.pim_expert_compute,11042.514576000,0.082768000,11042.597344000,step1.layer44.pim_expert_compute,PIM expert result read
1,44,step1.layer44.combine,combine,GPU_COMPUTE,step1.layer44.gpu_expert_compute;step1.layer44.pim_read,11042.597344000,1.036864000,11043.634208000,step1.layer44.pim_read,weighted expert combine
1,44,step1.layer44.residual2,residual,GPU_COMPUTE,step1.layer44.combine,11043.634208000,1.012288000,11044.646496000,step1.layer44.combine,residual add
1,45,step1.layer45.norm1,norm,GPU_COMPUTE,step1.layer44.residual2,11044.646496000,1.008192000,11045.654688000,step1.layer44.residual2,RMSNorm
1,45,step1.layer45.qkv,qkv,GPU_COMPUTE,step1.layer45.norm1,11045.654688000,3.635776000,11049.290464000,step1.layer45.norm1,QKV projection
1,45,step1.layer45.rope,rope,GPU_COMPUTE,step1.layer45.qkv,11049.290464000,1.018432000,11050.308896000,step1.layer45.qkv,QK norm and RoPE
1,45,step1.layer45.attention,attention,PIM_COMPUTE,step1.layer45.rope,11050.308896000,17.593600000,11067.902496000,step1.layer45.rope,decode attention on PIM
1,45,step1.layer45.o_proj,attention_output,GPU_COMPUTE,step1.layer45.attention,11067.902496000,3.109440000,11071.011936000,step1.layer45.attention,attention output projection
1,45,step1.layer45.residual1,residual,GPU_COMPUTE,step1.layer45.o_proj,11071.011936000,1.012288000,11072.024224000,step1.layer45.o_proj,residual add
1,45,step1.layer45.norm2,norm,GPU_COMPUTE,step1.layer45.residual1,11072.024224000,1.008192000,11073.032416000,step1.layer45.residual1,RMSNorm
1,45,step1.layer45.router,router,GPU_COMPUTE,step1.layer45.norm2,11073.032416000,2.069888000,11075.102304000,step1.layer45.norm2,MoE router
1,45,step1.layer45.metadata,metadata,GPU_COMPUTE,step1.layer45.router,11075.102304000,1.000128000,11076.102432000,step1.layer45.router,routing metadata
1,45,step1.layer45.dispatch,dispatch,,step1.layer45.metadata,11076.102432000,0.000000000,11076.102432000,step1.layer45.metadata,single-GPU dispatch placeholder
1,45,step1.layer45.scheduler,scheduler,GPU_COMPUTE,step1.layer45.metadata,11076.102432000,0.000000000,11076.102432000,step1.layer45.metadata,allexp placement policy
1,45,step1.layer45.gpu_weight_load,gpu_weight_load,HBM_MEM_PATH,step1.layer45.scheduler,11076.102432000,0.000000000,11076.102432000,step1.layer45.scheduler,expert weights HBM to GPU
1,45,step1.layer45.gpu_expert_compute,gpu_expert,GPU_COMPUTE,step1.layer45.gpu_weight_load;step1.layer45.dispatch,11076.102432000,0.000000000,11076.102432000,step1.layer45.scheduler,grouped expert GEMM
1,45,step1.layer45.pim_gwrite,pim_write,GPU_PIM_IO,step1.layer45.scheduler;step1.layer45.dispatch,11076.102432000,0.082768000,11076.185200000,step1.layer45.scheduler,PIM_GWRITE token operands
1,45,step1.layer45.pim_expert_compute,pim_expert,PIM_COMPUTE,step1.layer45.pim_gwrite,11076.185200000,85.097472000,11161.282672000,step1.layer45.pim_gwrite,serialized PIM expert GEMV
1,45,step1.layer45.pim_read,pim_read,GPU_PIM_IO,step1.layer45.pim_expert_compute,11161.282672000,0.082768000,11161.365440000,step1.layer45.pim_expert_compute,PIM expert result read
1,45,step1.layer45.combine,combine,GPU_COMPUTE,step1.layer45.gpu_expert_compute;step1.layer45.pim_read,11161.365440000,1.036864000,11162.402304000,step1.layer45.pim_read,weighted expert combine
1,45,step1.layer45.residual2,residual,GPU_COMPUTE,step1.layer45.combine,11162.402304000,1.012288000,11163.414592000,step1.layer45.combine,residual add
1,46,step1.layer46.norm1,norm,GPU_COMPUTE,step1.layer45.residual2,11163.414592000,1.008192000,11164.422784000,step1.layer45.residual2,RMSNorm
1,46,step1.layer46.qkv,qkv,GPU_COMPUTE,step1.layer46.norm1,11164.422784000,3.635776000,11168.058560000,step1.layer46.norm1,QKV projection
1,46,step1.layer46.rope,rope,GPU_COMPUTE,step1.layer46.qkv,11168.058560000,1.018432000,11169.076992000,step1.layer46.qkv,QK norm and RoPE
1,46,step1.layer46.attention,attention,PIM_COMPUTE,step1.layer46.rope,11169.076992000,17.593600000,11186.670592000,step1.layer46.rope,decode attention on PIM
1,46,step1.layer46.o_proj,attention_output,GPU_COMPUTE,step1.layer46.attention,11186.670592000,3.109440000,11189.780032000,step1.layer46.attention,attention output projection
1,46,step1.layer46.residual1,residual,GPU_COMPUTE,step1.layer46.o_proj,11189.780032000,1.012288000,11190.792320000,step1.layer46.o_proj,residual add
1,46,step1.layer46.norm2,norm,GPU_COMPUTE,step1.layer46.residual1,11190.792320000,1.008192000,11191.800512000,step1.layer46.residual1,RMSNorm
1,46,step1.layer46.router,router,GPU_COMPUTE,step1.layer46.norm2,11191.800512000,2.069888000,11193.870400000,step1.layer46.norm2,MoE router
1,46,step1.layer46.metadata,metadata,GPU_COMPUTE,step1.layer46.router,11193.870400000,1.000128000,11194.870528000,step1.layer46.router,routing metadata
1,46,step1.layer46.dispatch,dispatch,,step1.layer46.metadata,11194.870528000,0.000000000,11194.870528000,step1.layer46.metadata,single-GPU dispatch placeholder
1,46,step1.layer46.scheduler,scheduler,GPU_COMPUTE,step1.layer46.metadata,11194.870528000,0.000000000,11194.870528000,step1.layer46.metadata,allexp placement policy
1,46,step1.layer46.gpu_weight_load,gpu_weight_load,HBM_MEM_PATH,step1.layer46.scheduler,11194.870528000,0.000000000,11194.870528000,step1.layer46.scheduler,expert weights HBM to GPU
1,46,step1.layer46.gpu_expert_compute,gpu_expert,GPU_COMPUTE,step1.layer46.gpu_weight_load;step1.layer46.dispatch,11194.870528000,0.000000000,11194.870528000,step1.layer46.scheduler,grouped expert GEMM
1,46,step1.layer46.pim_gwrite,pim_write,GPU_PIM_IO,step1.layer46.scheduler;step1.layer46.dispatch,11194.870528000,0.082768000,11194.953296000,step1.layer46.scheduler,PIM_GWRITE token operands
1,46,step1.layer46.pim_expert_compute,pim_expert,PIM_COMPUTE,step1.layer46.pim_gwrite,11194.953296000,85.097472000,11280.050768000,step1.layer46.pim_gwrite,serialized PIM expert GEMV
1,46,step1.layer46.pim_read,pim_read,GPU_PIM_IO,step1.layer46.pim_expert_compute,11280.050768000,0.082768000,11280.133536000,step1.layer46.pim_expert_compute,PIM expert result read
1,46,step1.layer46.combine,combine,GPU_COMPUTE,step1.layer46.gpu_expert_compute;step1.layer46.pim_read,11280.133536000,1.036864000,11281.170400000,step1.layer46.pim_read,weighted expert combine
1,46,step1.layer46.residual2,residual,GPU_COMPUTE,step1.layer46.combine,11281.170400000,1.012288000,11282.182688000,step1.layer46.combine,residual add
1,47,step1.layer47.norm1,norm,GPU_COMPUTE,step1.layer46.residual2,11282.182688000,1.008192000,11283.190880000,step1.layer46.residual2,RMSNorm
1,47,step1.layer47.qkv,qkv,GPU_COMPUTE,step1.layer47.norm1,11283.190880000,3.635776000,11286.826656000,step1.layer47.norm1,QKV projection
1,47,step1.layer47.rope,rope,GPU_COMPUTE,step1.layer47.qkv,11286.826656000,1.018432000,11287.845088000,step1.layer47.qkv,QK norm and RoPE
1,47,step1.layer47.attention,attention,PIM_COMPUTE,step1.layer47.rope,11287.845088000,17.593600000,11305.438688000,step1.layer47.rope,decode attention on PIM
1,47,step1.layer47.o_proj,attention_output,GPU_COMPUTE,step1.layer47.attention,11305.438688000,3.109440000,11308.548128000,step1.layer47.attention,attention output projection
1,47,step1.layer47.residual1,residual,GPU_COMPUTE,step1.layer47.o_proj,11308.548128000,1.012288000,11309.560416000,step1.layer47.o_proj,residual add
1,47,step1.layer47.norm2,norm,GPU_COMPUTE,step1.layer47.residual1,11309.560416000,1.008192000,11310.568608000,step1.layer47.residual1,RMSNorm
1,47,step1.layer47.router,router,GPU_COMPUTE,step1.layer47.norm2,11310.568608000,2.069888000,11312.638496000,step1.layer47.norm2,MoE router
1,47,step1.layer47.metadata,metadata,GPU_COMPUTE,step1.layer47.router,11312.638496000,1.000128000,11313.638624000,step1.layer47.router,routing metadata
1,47,step1.layer47.dispatch,dispatch,,step1.layer47.metadata,11313.638624000,0.000000000,11313.638624000,step1.layer47.metadata,single-GPU dispatch placeholder
1,47,step1.layer47.scheduler,scheduler,GPU_COMPUTE,step1.layer47.metadata,11313.638624000,0.000000000,11313.638624000,step1.layer47.metadata,allexp placement policy
1,47,step1.layer47.gpu_weight_load,gpu_weight_load,HBM_MEM_PATH,step1.layer47.scheduler,11313.638624000,0.000000000,11313.638624000,step1.layer47.scheduler,expert weights HBM to GPU
1,47,step1.layer47.gpu_expert_compute,gpu_expert,GPU_COMPUTE,step1.layer47.gpu_weight_load;step1.layer47.dispatch,11313.638624000,0.000000000,11313.638624000,step1.layer47.scheduler,grouped expert GEMM
1,47,step1.layer47.pim_gwrite,pim_write,GPU_PIM_IO,step1.layer47.scheduler;step1.layer47.dispatch,11313.638624000,0.082768000,11313.721392000,step1.layer47.scheduler,PIM_GWRITE token operands
1,47,step1.layer47.pim_expert_compute,pim_expert,PIM_COMPUTE,step1.layer47.pim_gwrite,11313.721392000,85.097472000,11398.818864000,step1.layer47.pim_gwrite,serialized PIM expert GEMV
1,47,step1.layer47.pim_read,pim_read,GPU_PIM_IO,step1.layer47.pim_expert_compute,11398.818864000,0.082768000,11398.901632000,step1.layer47.pim_expert_compute,PIM expert result read
1,47,step1.layer47.combine,combine,GPU_COMPUTE,step1.layer47.gpu_expert_compute;step1.layer47.pim_read,11398.901632000,1.036864000,11399.938496000,step1.layer47.pim_read,weighted expert combine
1,47,step1.layer47.residual2,residual,GPU_COMPUTE,step1.layer47.combine,11399.938496000,1.012288000,11400.950784000,step1.layer47.combine,residual add
