step,layer,expert,assignment_count,normalized_assignment_share,routing_weight_sum,hot_rank
0,0,14,8,0.125,0.704319,1
0,0,21,8,0.125,0.726676509,2
0,0,50,8,0.125,2.070108593,3
0,0,51,8,0.125,0.574848093,4
0,0,57,8,0.125,0.89034263,5
0,0,103,8,0.125,0.672065847,6
0,0,106,8,0.125,1.689573482,7
0,0,110,8,0.125,0.672065847,8
0,1,3,8,0.125,1.099676281,1
0,1,6,8,0.125,1.600019515,2
0,1,9,8,0.125,0.83007919,3
0,1,33,8,0.125,0.804540351,4
0,1,42,8,0.125,0.985743441,5
0,1,49,8,0.125,0.792067245,6
0,1,51,8,0.125,0.82203114,7
0,1,95,8,0.125,1.065842837,8
0,2,56,8,0.125,0.849587046,1
0,2,72,8,0.125,2.492182046,2
0,2,82,8,0.125,0.725266285,3
0,2,90,8,0.125,0.874838255,4
0,2,92,8,0.125,0.715426497,5
0,2,95,8,0.125,0.772041984,6
0,2,122,8,0.125,0.761564851,7
0,2,123,8,0.125,0.809093036,8
0,3,30,8,0.125,0.931077138,1
0,3,39,8,0.125,0.914858542,2
0,3,56,8,0.125,0.884982176,3
0,3,71,8,0.125,1.20490478,4
0,3,87,8,0.125,1.040716752,5
0,3,108,8,0.125,1.088534966,6
0,3,114,8,0.125,0.945735626,7
0,3,117,8,0.125,0.98919002,8
0,4,12,8,0.125,1.283500478,1
0,4,19,8,0.125,0.828699522,2
0,4,64,8,0.125,1.775022373,3
0,4,65,8,0.125,0.722803868,4
0,4,100,8,0.125,0.928089157,5
0,4,108,8,0.125,0.846688844,6
0,4,110,8,0.125,0.780002438,7
0,4,114,8,0.125,0.835193321,8
0,5,4,8,0.125,1.020669937,1
0,5,38,8,0.125,0.841211289,2
0,5,46,8,0.125,1.016683146,3
0,5,53,8,0.125,0.879866458,4
0,5,65,8,0.125,0.925697252,5
0,5,73,8,0.125,1.010745406,6
0,5,84,8,0.125,0.973933645,7
0,5,104,8,0.125,1.331192866,8
0,6,33,8,0.125,0.883522481,1
0,6,43,8,0.125,0.904482543,2
0,6,49,8,0.125,0.863063417,3
0,6,58,8,0.125,1.170477137,4
0,6,82,8,0.125,1.034964457,5
0,6,112,8,0.125,1.01296775,6
0,6,116,8,0.125,0.886984937,7
0,6,126,8,0.125,1.243537277,8
0,7,15,8,0.125,0.959417626,1
0,7,19,8,0.125,0.950100273,2
0,7,29,8,0.125,1.03737776,3
0,7,44,8,0.125,1.047567785,4
0,7,52,8,0.125,1.057845339,5
0,7,56,8,0.125,0.885589086,6
0,7,75,8,0.125,0.904823609,7
0,7,114,8,0.125,1.157278523,8
0,8,11,8,0.125,0.972142048,1
0,8,50,8,0.125,0.958944798,2
0,8,53,8,0.125,0.955199629,3
0,8,83,8,0.125,0.940390602,4
0,8,85,8,0.125,1.245815143,5
0,8,92,8,0.125,1.020791411,6
0,8,102,8,0.125,0.949645966,7
0,8,123,8,0.125,0.957070403,8
0,9,2,8,0.125,0.935758457,1
0,9,11,8,0.125,1.013762936,2
0,9,13,8,0.125,1.050026044,3
0,9,16,8,0.125,1.220447332,4
0,9,38,8,0.125,0.954221517,5
0,9,92,8,0.125,0.926644772,6
0,9,124,8,0.125,0.943079345,7
0,9,125,8,0.125,0.956059597,8
0,10,1,8,0.125,1.359900862,1
0,10,6,8,0.125,0.878018007,2
0,10,9,8,0.125,0.837810665,3
0,10,29,8,0.125,1.163184911,4
0,10,42,8,0.125,0.964314044,5
0,10,48,8,0.125,0.925579458,6
0,10,84,8,0.125,0.977596804,7
0,10,98,8,0.125,0.893595248,8
0,11,3,8,0.125,0.71504382,1
0,11,17,8,0.125,0.750835761,2
0,11,62,8,0.125,1.158361733,3
0,11,76,8,0.125,1.346346125,4
0,11,81,8,0.125,0.803939961,5
0,11,108,8,0.125,1.026255473,6
0,11,109,8,0.125,1.470057145,7
0,11,121,7,0.109375,0.639387555,8
0,11,52,1,0.015625,0.089772426,0
0,12,11,8,0.125,1.02407138,1
0,12,24,8,0.125,0.874226712,2
0,12,41,8,0.125,0.952671856,3
0,12,57,8,0.125,1.126915753,4
0,12,78,8,0.125,0.988709286,5
0,12,106,8,0.125,0.764013298,6
0,12,111,8,0.125,1.083773538,7
0,12,125,8,0.125,1.185618177,8
0,13,11,8,0.125,0.865673766,1
0,13,34,8,0.125,0.990552783,2
0,13,93,8,0.125,0.967631556,3
0,13,104,8,0.125,0.947050169,4
0,13,110,8,0.125,1.164903626,5
0,13,117,8,0.125,0.973297268,6
0,13,119,8,0.125,1.218418106,7
0,13,31,4,0.0625,0.433929227,8
0,13,33,4,0.0625,0.438543499,0
0,14,2,8,0.125,0.985867299,1
0,14,5,8,0.125,0.897491924,2
0,14,61,8,0.125,0.991474196,3
0,14,97,8,0.125,0.858158119,4
0,14,105,8,0.125,1.834600583,5
0,14,109,8,0.125,0.885354325,6
0,14,121,8,0.125,0.83983162,7
0,14,113,7,0.109375,0.620424971,8
0,14,14,1,0.015625,0.086796962,0
0,15,15,8,0.125,0.932592116,1
0,15,21,8,0.125,0.819712192,2
0,15,58,8,0.125,1.118208647,3
0,15,63,8,0.125,0.919815101,4
0,15,64,8,0.125,1.020099282,5
0,15,84,8,0.125,1.018123195,6
0,15,122,8,0.125,1.006455705,7
0,15,127,8,0.125,1.164993763,8
0,16,12,8,0.125,1.322382957,1
0,16,42,8,0.125,1.122293144,2
0,16,48,8,0.125,1.056371436,3
0,16,97,8,0.125,1.169343352,4
0,16,98,8,0.125,0.780444928,5
0,16,107,8,0.125,0.908964165,6
0,16,119,8,0.125,0.97134269,7
0,16,53,3,0.046875,0.248880148,8
0,16,91,3,0.046875,0.252928242,0
0,16,122,2,0.03125,0.167048939,0
0,17,75,8,0.125,0.862036794,1
0,17,80,8,0.125,1.043888107,2
0,17,90,8,0.125,0.990366884,3
0,17,94,8,0.125,1.178172916,4
0,17,105,8,0.125,0.969131969,5
0,17,122,8,0.125,1.043816432,6
0,17,124,8,0.125,1.135318413,7
0,17,73,4,0.0625,0.383905984,8
0,17,123,4,0.0625,0.3933625,0
0,18,12,8,0.125,0.727617599,1
0,18,58,8,0.125,0.943509743,2
0,18,82,8,0.125,0.872565262,3
0,18,87,8,0.125,0.818090416,4
0,18,91,8,0.125,1.014279403,5
0,18,104,8,0.125,0.792990535,6
0,18,112,8,0.125,1.284552068,7
0,18,126,8,0.125,1.546394974,8
0,19,10,8,0.125,0.905829519,1
0,19,28,8,0.125,0.876241535,2
0,19,29,8,0.125,1.165368199,3
0,19,52,8,0.125,1.105526298,4
0,19,56,8,0.125,1.052924186,5
0,19,75,8,0.125,1.050759196,6
0,19,119,8,0.125,0.956754595,7
0,19,114,7,0.109375,0.777704678,8
0,19,92,1,0.015625,0.108891793,0
0,20,9,8,0.125,1.001023002,1
0,20,10,8,0.125,0.807537585,2
0,20,48,8,0.125,0.900983758,3
0,20,76,8,0.125,0.94596152,4
0,20,85,8,0.125,1.505797312,5
0,20,92,8,0.125,0.991290219,6
0,20,114,8,0.125,0.89213866,7
0,20,123,8,0.125,0.955267943,8
0,21,11,8,0.125,1.365290672,1
0,21,13,8,0.125,1.049068123,2
0,21,38,8,0.125,0.890407272,3
0,21,44,8,0.125,0.883314632,4
0,21,63,8,0.125,1.285098329,5
0,21,2,7,0.109375,0.73454202,6
0,21,32,7,0.109375,0.738517083,7
0,21,53,7,0.109375,0.739726737,8
0,21,124,3,0.046875,0.314035133,0
0,22,1,8,0.125,0.866752133,1
0,22,12,8,0.125,0.817278169,2
0,22,29,8,0.125,1.390152216,3
0,22,42,8,0.125,1.161568865,4
0,22,48,8,0.125,0.964810282,5
0,22,54,8,0.125,0.858370177,6
0,22,75,8,0.125,1.041657366,7
0,22,84,8,0.125,0.899410792,8
0,23,4,8,0.125,0.810308494,1
0,23,14,8,0.125,1.040216133,2
0,23,31,8,0.125,0.808554016,3
0,23,32,8,0.125,0.90928717,4
0,23,36,8,0.125,0.943470523,5
0,23,62,8,0.125,0.893469751,6
0,23,76,8,0.125,1.098878697,7
0,23,109,8,0.125,1.495815217,8
0,24,11,8,0.125,0.92371279,1
0,24,18,8,0.125,0.820005417,2
0,24,20,8,0.125,0.973874591,3
0,24,24,8,0.125,1.336210996,4
0,24,54,8,0.125,0.940178163,5
0,24,57,8,0.125,1.038568556,6
0,24,111,8,0.125,0.916517273,7
0,24,125,8,0.125,1.050932214,8
0,25,13,8,0.125,0.823855877,1
0,25,31,8,0.125,0.822243005,2
0,25,34,8,0.125,0.745709844,3
0,25,74,8,0.125,0.798475139,4
0,25,110,8,0.125,1.992243648,5
0,25,119,8,0.125,1.283863083,6
0,25,126,8,0.125,0.809456959,7
0,25,72,6,0.09375,0.544166386,8
0,25,87,2,0.03125,0.17998606,0
0,26,61,8,0.125,0.827963337,1
0,26,72,8,0.125,0.916520156,2
0,26,81,8,0.125,0.914781466,3
0,26,91,8,0.125,0.973567508,4
0,26,97,8,0.125,1.061237201,5
0,26,105,8,0.125,1.608376697,6
0,26,121,8,0.125,0.872842908,7
0,26,87,4,0.0625,0.415286832,8
0,26,113,4,0.0625,0.409423895,0
0,27,26,8,0.125,0.94132299,1
0,27,33,8,0.125,0.905267142,2
0,27,63,8,0.125,1.173833579,3
0,27,79,8,0.125,0.998287551,4
0,27,84,8,0.125,1.167094067,5
0,27,118,8,0.125,0.912442423,6
0,27,122,8,0.125,0.998239204,7
0,27,64,4,0.0625,0.448811717,8
0,27,15,3,0.046875,0.340018168,0
0,27,72,1,0.015625,0.114683159,0
0,28,12,8,0.125,1.589179516,1
0,28,42,8,0.125,0.992574856,2
0,28,91,8,0.125,1.034406915,3
0,28,98,8,0.125,0.839061394,4
0,28,119,8,0.125,1.042245716,5
0,28,122,8,0.125,1.224147648,6
0,28,53,7,0.109375,0.572139211,7
0,28,107,4,0.0625,0.310029536,8
0,28,48,2,0.03125,0.162615061,0
0,28,34,1,0.015625,0.076525711,0
0,28,58,1,0.015625,0.076958761,0
0,28,97,1,0.015625,0.080115676,0
0,29,3,8,0.125,0.803879857,1
0,29,13,8,0.125,1.002380982,2
0,29,34,8,0.125,0.811682932,3
0,29,78,8,0.125,0.857435629,4
0,29,94,8,0.125,0.945287734,5
0,29,120,8,0.125,1.367473871,6
0,29,124,8,0.125,1.441687346,7
0,29,105,6,0.09375,0.571562305,8
0,29,99,2,0.03125,0.198609345,0
0,30,6,8,0.125,0.922347538,1
0,30,58,8,0.125,0.97421363,2
0,30,82,8,0.125,0.848036528,3
0,30,91,8,0.125,0.983813219,4
0,30,107,8,0.125,0.974124826,5
0,30,120,8,0.125,0.890614294,6
0,30,125,8,0.125,0.796632871,7
0,30,126,8,0.125,1.610217094,8
0,31,24,8,0.125,1.147410095,1
0,31,36,8,0.125,0.964329951,2
0,31,41,8,0.125,0.956886917,3
0,31,56,8,0.125,1.067523003,4
0,31,59,8,0.125,1.17233777,5
0,31,79,8,0.125,0.914808288,6
0,31,29,6,0.09375,0.666966923,7
0,31,28,5,0.078125,0.553337179,8
0,31,38,3,0.046875,0.333849318,0
0,31,10,1,0.015625,0.11183919,0
0,31,88,1,0.015625,0.110711366,0
0,32,5,8,0.125,0.930140972,1
0,32,10,8,0.125,0.992276743,2
0,32,11,8,0.125,1.047827318,3
0,32,72,8,0.125,0.948444076,4
0,32,78,8,0.125,0.917465493,5
0,32,85,8,0.125,1.332389131,6
0,32,92,8,0.125,0.930029012,7
0,32,90,4,0.0625,0.447925769,8
0,32,48,2,0.03125,0.22793334,0
0,32,118,2,0.03125,0.225568146,0
0,33,11,8,0.125,0.931392841,1
0,33,13,8,0.125,1.413932443,2
0,33,32,8,0.125,0.888305947,3
0,33,44,8,0.125,1.014566295,4
0,33,53,8,0.125,0.953552708,5
0,33,63,8,0.125,1.101483643,6
0,33,2,6,0.09375,0.665829867,7
0,33,115,6,0.09375,0.620374501,8
0,33,14,4,0.0625,0.410561755,0
0,34,1,8,0.125,0.72966513,1
0,34,22,8,0.125,0.708558902,2
0,34,29,8,0.125,2.085644126,3
0,34,42,8,0.125,0.756892003,4
0,34,54,8,0.125,0.831390485,5
0,34,75,8,0.125,1.014921799,6
0,34,84,8,0.125,1.105578721,7
0,34,92,8,0.125,0.767348833,8
0,35,28,8,0.125,0.80636584,1
0,35,31,8,0.125,1.115057677,2
0,35,32,8,0.125,1.15711768,3
0,35,36,8,0.125,0.760310948,4
0,35,62,8,0.125,1.013149969,5
0,35,76,8,0.125,0.933663629,6
0,35,109,8,0.125,1.420673773,7
0,35,120,8,0.125,0.793660484,8
0,36,11,8,0.125,0.896703184,1
0,36,18,8,0.125,0.816304013,2
0,36,20,8,0.125,1.380406141,3
0,36,24,8,0.125,1.299630567,4
0,36,54,8,0.125,0.716188297,5
0,36,57,8,0.125,0.824389338,6
0,36,62,8,0.125,1.155757561,7
0,36,125,8,0.125,0.910620898,8
0,37,11,8,0.125,0.715459995,1
0,37,13,8,0.125,0.890483625,2
0,37,27,8,0.125,0.844679683,3
0,37,53,8,0.125,0.659151971,4
0,37,82,8,0.125,1.154594377,5
0,37,91,8,0.125,1.321190163,6
0,37,110,8,0.125,1.511620089,7
0,37,119,8,0.125,0.902820095,8
0,38,2,8,0.125,0.662335396,1
0,38,16,8,0.125,1.29672277,2
0,38,91,8,0.125,0.895044751,3
0,38,97,8,0.125,0.683462396,4
0,38,105,8,0.125,2.096762836,5
0,38,109,8,0.125,0.751929432,6
0,38,110,8,0.125,0.944972552,7
0,38,5,7,0.109375,0.586608663,8
0,38,81,1,0.015625,0.082161203,0
0,39,5,8,0.125,0.800651573,1
0,39,16,8,0.125,1.032124817,2
0,39,48,8,0.125,1.016141489,3
0,39,63,8,0.125,0.854200967,4
0,39,72,8,0.125,1.44722423,5
0,39,84,8,0.125,1.194962516,6
0,39,118,8,0.125,0.912743896,7
0,39,59,6,0.09375,0.556244463,8
0,39,49,2,0.03125,0.185706049,0
0,40,12,8,0.125,1.195159465,1
0,40,48,8,0.125,0.697074115,2
0,40,91,8,0.125,1.131850824,3
0,40,98,8,0.125,0.872988895,4
0,40,115,8,0.125,0.683572516,5
0,40,119,8,0.125,1.543432206,6
0,40,122,8,0.125,1.287516683,7
0,40,34,6,0.09375,0.448336996,8
0,40,53,2,0.03125,0.1400683,0
0,41,78,8,0.125,0.921929471,1
0,41,80,8,0.125,1.343892038,2
0,41,82,8,0.125,0.762729064,3
0,41,94,8,0.125,0.810494788,4
0,41,120,8,0.125,0.844255589,5
0,41,123,8,0.125,1.086250126,6
0,41,124,8,0.125,1.461701304,7
0,41,100,6,0.09375,0.576256208,8
0,41,49,2,0.03125,0.192491412,0
0,42,14,8,0.125,0.667270236,1
0,42,27,8,0.125,1.720502585,2
0,42,30,8,0.125,1.023377597,3
0,42,43,8,0.125,0.848432422,4
0,42,60,8,0.125,0.950325459,5
0,42,63,8,0.125,0.629270718,6
0,42,76,8,0.125,1.398812413,7
0,42,109,8,0.125,0.76200857,8
0,43,6,8,0.125,0.826772131,1
0,43,11,8,0.125,1.456788734,2
0,43,29,8,0.125,2.018199995,3
0,43,32,8,0.125,0.673440583,4
0,43,45,8,0.125,0.944075391,5
0,43,94,8,0.125,0.677343845,6
0,43,98,8,0.125,0.746866979,7
0,43,106,4,0.0625,0.330098905,8
0,43,120,3,0.046875,0.245812111,0
0,43,37,1,0.015625,0.080601327,0
0,44,15,8,0.125,1.594789654,1
0,44,49,8,0.125,0.875635952,2
0,44,50,8,0.125,0.862009168,3
0,44,79,8,0.125,1.369426489,4
0,44,108,8,0.125,0.778767139,5
0,44,112,8,0.125,0.948638111,6
0,44,127,8,0.125,0.812985308,7
0,44,2,5,0.078125,0.475323983,8
0,44,82,2,0.03125,0.188938886,0
0,44,96,1,0.015625,0.093485311,0
0,45,1,8,0.125,0.829353385,1
0,45,2,8,0.125,0.645999424,2
0,45,4,8,0.125,0.859013058,3
0,45,18,8,0.125,0.675541088,4
0,45,53,8,0.125,0.921609372,5
0,45,58,8,0.125,2.844197959,6
0,45,107,7,0.109375,0.538892634,7
0,45,54,5,0.078125,0.379854776,8
0,45,126,4,0.0625,0.305538304,0
0,46,4,8,0.125,0.989818975,1
0,46,15,8,0.125,0.789422356,2
0,46,64,8,0.125,1.208041579,3
0,46,70,8,0.125,0.887248851,4
0,46,76,8,0.125,0.894126944,5
0,46,102,8,0.125,1.544952273,6
0,46,107,8,0.125,0.878597729,7
0,46,112,8,0.125,0.807791293,8
0,47,7,8,0.125,0.870935149,1
0,47,22,8,0.125,1.000489317,2
0,47,36,8,0.125,1.287315458,3
0,47,46,8,0.125,0.930832066,4
0,47,48,8,0.125,0.808641896,5
0,47,58,8,0.125,0.979229495,6
0,47,110,8,0.125,1.255004436,7
0,47,112,8,0.125,0.867552184,8
1,0,23,8,0.125,1.059889555,1
1,0,30,8,0.125,1.720370471,2
1,0,41,8,0.125,0.532945864,3
1,0,79,8,0.125,0.642855525,4
1,0,86,8,0.125,0.803192623,5
1,0,105,8,0.125,1.128246561,6
1,0,112,8,0.125,1.360925168,7
1,0,125,8,0.125,0.751574233,8
1,1,9,8,0.125,0.924635567,1
1,1,16,8,0.125,1.249097914,2
1,1,28,8,0.125,0.618348524,3
1,1,29,8,0.125,0.696591206,4
1,1,48,8,0.125,1.751239285,5
1,1,68,8,0.125,1.249097914,6
1,1,88,8,0.125,0.72010687,7
1,1,101,8,0.125,0.790882722,8
1,2,23,8,0.125,1.017542303,1
1,2,25,8,0.125,0.469517659,2
1,2,44,8,0.125,1.206006348,3
1,2,56,8,0.125,1.309101701,4
1,2,71,8,0.125,0.824029274,5
1,2,72,8,0.125,1.934742033,6
1,2,74,8,0.125,0.464956876,7
1,2,126,8,0.125,0.774103805,8
1,3,3,8,0.125,0.787940621,1
1,3,30,8,0.125,0.775724933,2
1,3,32,8,0.125,1.47206679,3
1,3,53,8,0.125,1.043851629,4
1,3,56,8,0.125,1.029685229,5
1,3,99,8,0.125,0.90515171,6
1,3,101,8,0.125,0.957910866,7
1,3,114,8,0.125,1.027668223,8
1,4,12,8,0.125,1.385264158,1
1,4,19,8,0.125,1.110927433,2
1,4,26,8,0.125,0.901400387,3
1,4,60,8,0.125,0.78621985,4
1,4,64,8,0.125,1.137252137,5
1,4,65,8,0.125,0.830418058,6
1,4,100,8,0.125,0.976556517,7
1,4,108,8,0.125,0.87196146,8
1,5,4,8,0.125,1.799366906,1
1,5,17,8,0.125,0.858295336,2
1,5,20,8,0.125,0.7005307,3
1,5,46,8,0.125,0.846645921,4
1,5,63,8,0.125,0.972576037,5
1,5,65,8,0.125,0.942653038,6
1,5,73,8,0.125,1.033288404,7
1,5,104,8,0.125,0.846643656,8
1,6,22,8,0.125,1.005375296,1
1,6,33,8,0.125,1.132601663,2
1,6,39,8,0.125,0.849936262,3
1,6,49,8,0.125,0.899457,4
1,6,58,8,0.125,0.974443145,5
1,6,74,8,0.125,1.043400452,6
1,6,82,8,0.125,1.212714076,7
1,6,112,8,0.125,0.882072106,8
1,7,15,8,0.125,0.985743895,1
1,7,19,8,0.125,0.951688573,2
1,7,29,8,0.125,1.05755046,3
1,7,44,8,0.125,1.139023334,4
1,7,56,8,0.125,0.964791857,5
1,7,63,8,0.125,1.023007929,6
1,7,114,8,0.125,1.015048981,7
1,7,115,8,0.125,0.863144971,8
1,8,11,8,0.125,0.866349988,1
1,8,17,8,0.125,0.913264781,2
1,8,22,8,0.125,1.008897901,3
1,8,45,8,0.125,0.933078028,4
1,8,50,8,0.125,0.942254357,5
1,8,85,8,0.125,1.216963127,6
1,8,100,8,0.125,0.975960724,7
1,8,124,8,0.125,1.143231094,8
1,9,6,8,0.125,1.187290147,1
1,9,13,8,0.125,0.89446491,2
1,9,23,8,0.125,1.027513608,3
1,9,38,8,0.125,1.051890969,4
1,9,63,8,0.125,0.878878966,5
1,9,67,8,0.125,0.933739178,6
1,9,92,8,0.125,1.150761023,7
1,9,66,6,0.09375,0.658428729,8
1,9,39,2,0.03125,0.21703247,0
1,10,1,8,0.125,1.394865602,1
1,10,5,8,0.125,0.864419244,2
1,10,6,8,0.125,0.83618214,3
1,10,19,8,0.125,0.940123811,4
1,10,36,8,0.125,1.040639341,5
1,10,42,8,0.125,0.989107803,6
1,10,48,8,0.125,1.142940283,7
1,10,92,6,0.09375,0.597487554,8
1,10,66,2,0.03125,0.194234222,0
1,11,14,8,0.125,0.813573174,1
1,11,17,8,0.125,0.847599462,2
1,11,22,8,0.125,0.826364808,3
1,11,36,8,0.125,0.839365862,4
1,11,52,8,0.125,1.149535224,5
1,11,62,8,0.125,1.456014067,6
1,11,117,8,0.125,1.086229965,7
1,11,121,8,0.125,0.981317438,8
1,12,11,8,0.125,1.003234081,1
1,12,19,8,0.125,1.055486009,2
1,12,20,8,0.125,0.853072628,3
1,12,28,8,0.125,0.918777153,4
1,12,41,8,0.125,1.182058737,5
1,12,57,8,0.125,1.078362793,6
1,12,59,8,0.125,0.9591977,7
1,12,111,8,0.125,0.9498109,8
1,13,13,8,0.125,1.14370741,1
1,13,34,8,0.125,1.017221674,2
1,13,52,8,0.125,0.968730837,3
1,13,84,8,0.125,0.926198915,4
1,13,93,8,0.125,0.982063048,5
1,13,104,8,0.125,1.041318119,6
1,13,110,8,0.125,1.005346939,7
1,13,117,6,0.09375,0.690177143,8
1,13,27,2,0.03125,0.225235917,0
1,14,2,8,0.125,1.302533314,1
1,14,5,8,0.125,1.073439449,2
1,14,24,8,0.125,1.107526585,3
1,14,61,8,0.125,0.884714447,4
1,14,97,8,0.125,0.867630616,5
1,14,102,8,0.125,0.883100979,6
1,14,109,8,0.125,1.127142847,7
1,14,14,7,0.109375,0.655643255,8
1,14,66,1,0.015625,0.098268509,0
1,15,58,8,0.125,1.112475008,1
1,15,63,8,0.125,1.117026865,2
1,15,64,8,0.125,0.968362451,3
1,15,79,8,0.125,0.897349134,4
1,15,84,8,0.125,1.078237429,5
1,15,111,8,0.125,0.977934785,6
1,15,127,8,0.125,1.017087623,7
1,15,122,6,0.09375,0.622142062,8
1,15,2,2,0.03125,0.209384643,0
1,16,42,8,0.125,1.170294389,1
1,16,48,8,0.125,1.163492724,2
1,16,70,8,0.125,0.936863117,3
1,16,93,8,0.125,0.955268331,4
1,16,97,8,0.125,1.389832273,5
1,16,107,8,0.125,0.833183922,6
1,16,122,8,0.125,0.798414342,7
1,16,116,7,0.109375,0.659034804,8
1,16,6,1,0.015625,0.093616098,0
1,17,73,8,0.125,0.798827238,1
1,17,75,8,0.125,0.917554937,2
1,17,80,8,0.125,0.903405473,3
1,17,94,8,0.125,1.74151206,4
1,17,122,8,0.125,0.9429873,5
1,17,124,8,0.125,1.108945966,6
1,17,105,7,0.109375,0.690745942,7
1,17,123,7,0.109375,0.697184943,8
1,17,90,2,0.03125,0.19883614,0
1,18,32,8,0.125,0.838173866,1
1,18,33,8,0.125,0.836550608,2
1,18,58,8,0.125,0.978123724,3
1,18,74,8,0.125,1.041136339,4
1,18,82,8,0.125,1.086827099,5
1,18,104,8,0.125,0.838172555,6
1,18,112,8,0.125,1.239380062,7
1,18,126,8,0.125,1.141635746,8
1,19,10,8,0.125,0.977952488,1
1,19,28,8,0.125,1.125529528,2
1,19,29,8,0.125,1.336550429,3
1,19,44,8,0.125,0.89380344,4
1,19,52,8,0.125,0.989397399,5
1,19,92,8,0.125,0.915068828,6
1,19,63,7,0.109375,0.771372728,7
1,19,56,5,0.078125,0.549230784,8
1,19,75,3,0.046875,0.332495406,0
1,19,32,1,0.015625,0.10859897,0
1,20,0,8,0.125,0.892155677,1
1,20,76,8,0.125,0.92582693,2
1,20,85,8,0.125,1.733584762,3
1,20,92,8,0.125,0.863015808,4
1,20,123,8,0.125,0.862913363,5
1,20,124,8,0.125,1.130887628,6
1,20,45,7,0.109375,0.687675968,7
1,20,114,7,0.109375,0.705023751,8
1,20,48,2,0.03125,0.198916115,0
1,21,2,8,0.125,0.940742418,1
1,21,6,8,0.125,0.885254472,2
1,21,11,8,0.125,0.874854311,3
1,21,32,8,0.125,1.152037501,4
1,21,38,8,0.125,1.240843013,5
1,21,44,8,0.125,0.878111586,6
1,21,63,8,0.125,1.149880543,7
1,21,39,7,0.109375,0.767062068,8
1,21,13,1,0.015625,0.111214086,0
1,22,1,8,0.125,1.002618209,1
1,22,36,8,0.125,0.888141297,2
1,22,42,8,0.125,1.327874079,3
1,22,48,8,0.125,1.24020727,4
1,22,71,8,0.125,0.805521049,5
1,22,75,8,0.125,0.862503797,6
1,22,89,8,0.125,1.075392798,7
1,22,122,6,0.09375,0.601339191,8
1,22,12,2,0.03125,0.196402311,0
1,23,14,8,0.125,1.018034235,1
1,23,31,8,0.125,0.952495061,2
1,23,36,8,0.125,1.187784269,3
1,23,62,8,0.125,1.266810611,4
1,23,65,8,0.125,0.943296544,5
1,23,117,8,0.125,0.982847922,6
1,23,76,7,0.109375,0.729157038,7
1,23,4,6,0.09375,0.611778602,8
1,23,108,3,0.046875,0.307795718,0
1,24,11,8,0.125,0.971837409,1
1,24,18,8,0.125,1.071936697,2
1,24,19,8,0.125,1.067426488,3
1,24,20,8,0.125,1.082272232,4
1,24,28,8,0.125,0.9347459,5
1,24,57,8,0.125,1.114265814,6
1,24,59,8,0.125,0.842752866,7
1,24,108,8,0.125,0.914762594,8
1,25,13,8,0.125,1.186290428,1
1,25,34,8,0.125,0.774925411,2
1,25,50,8,0.125,1.097154349,3
1,25,52,8,0.125,0.741004884,4
1,25,72,8,0.125,0.91135437,5
1,25,84,8,0.125,1.057191148,6
1,25,87,8,0.125,0.761515908,7
1,25,110,8,0.125,1.470563501,8
1,26,5,8,0.125,0.947992191,1
1,26,24,8,0.125,1.161441922,2
1,26,27,8,0.125,0.940498307,3
1,26,59,8,0.125,0.899177745,4
1,26,72,8,0.125,0.893913224,5
1,26,91,8,0.125,1.009021521,6
1,26,97,8,0.125,1.136872619,7
1,26,113,8,0.125,1.01108247,8
1,27,15,8,0.125,0.788564868,1
1,27,63,8,0.125,1.228392601,2
1,27,64,8,0.125,0.921898693,3
1,27,79,8,0.125,0.942004867,4
1,27,84,8,0.125,1.144977316,5
1,27,111,8,0.125,1.183693975,6
1,27,118,8,0.125,0.816757575,7
1,27,122,8,0.125,0.973710105,8
1,28,6,8,0.125,1.148368895,1
1,28,11,8,0.125,0.809609324,2
1,28,42,8,0.125,1.013272345,3
1,28,70,8,0.125,0.987854466,4
1,28,91,8,0.125,0.920875214,5
1,28,98,8,0.125,0.841723293,6
1,28,122,8,0.125,1.569547847,7
1,28,116,4,0.0625,0.353299767,8
1,28,97,2,0.03125,0.178017437,0
1,28,107,2,0.03125,0.177431412,0
1,29,13,8,0.125,0.872875221,1
1,29,37,8,0.125,0.808869302,2
1,29,46,8,0.125,0.881464705,3
1,29,70,8,0.125,0.797939293,4
1,29,94,8,0.125,1.274965554,5
1,29,105,8,0.125,0.943836764,6
1,29,120,8,0.125,1.174579263,7
1,29,124,8,0.125,1.245469898,8
1,30,6,8,0.125,1.024911448,1
1,30,25,8,0.125,0.929547496,2
1,30,58,8,0.125,1.145585611,3
1,30,74,8,0.125,0.978016332,4
1,30,82,8,0.125,1.21002458,5
1,30,39,7,0.109375,0.789324105,6
1,30,98,7,0.109375,0.804035127,7
1,30,33,6,0.09375,0.666818187,8
1,30,48,4,0.0625,0.451737113,0
1,31,24,8,0.125,0.935272932,1
1,31,28,8,0.125,1.241567791,2
1,31,29,8,0.125,1.119403794,3
1,31,44,8,0.125,1.009289451,4
1,31,63,8,0.125,1.017159589,5
1,31,115,8,0.125,0.972498663,6
1,31,2,6,0.09375,0.632088996,7
1,31,41,4,0.0625,0.426676609,8
1,31,59,4,0.0625,0.431236282,0
1,31,10,1,0.015625,0.108275592,0
1,31,36,1,0.015625,0.106530301,0
1,32,0,8,0.125,0.923078753,1
1,32,72,8,0.125,0.824297585,2
1,32,85,8,0.125,1.518904343,3
1,32,90,8,0.125,0.914176129,4
1,32,108,8,0.125,0.814654887,5
1,32,113,8,0.125,0.835593656,6
1,32,124,8,0.125,1.39658457,7
1,32,10,7,0.109375,0.674082853,8
1,32,48,1,0.015625,0.098627225,0
1,33,2,8,0.125,0.922233373,1
1,33,13,8,0.125,0.895787247,2
1,33,32,8,0.125,1.130023867,3
1,33,38,8,0.125,0.874918185,4
1,33,53,8,0.125,1.065702289,5
1,33,63,8,0.125,1.447997108,6
1,33,115,8,0.125,0.868297584,7
1,33,6,7,0.109375,0.695906773,8
1,33,39,1,0.015625,0.099133573,0
1,34,1,8,0.125,0.918404184,1
1,34,5,8,0.125,0.832985848,2
1,34,29,8,0.125,0.960633032,3
1,34,35,8,0.125,0.65771652,4
1,34,36,8,0.125,1.065536991,5
1,34,42,8,0.125,1.725921139,6
1,34,75,8,0.125,1.090604126,7
1,34,89,8,0.125,0.748198159,8
1,35,6,8,0.125,1.013614498,1
1,35,31,8,0.125,1.169305265,2
1,35,36,8,0.125,0.926512122,3
1,35,62,8,0.125,1.44904092,4
1,35,110,8,0.125,0.913914032,5
1,35,117,8,0.125,0.858466536,6
1,35,120,7,0.109375,0.734986879,7
1,35,32,5,0.078125,0.515987903,8
1,35,104,3,0.046875,0.315288514,0
1,35,17,1,0.015625,0.102883331,0
1,36,11,8,0.125,0.990204729,1
1,36,18,8,0.125,0.939408287,2
1,36,19,8,0.125,0.768233426,3
1,36,20,8,0.125,1.407413468,4
1,36,57,8,0.125,0.910454199,5
1,36,59,8,0.125,0.959722862,6
1,36,62,8,0.125,1.291491464,7
1,36,101,7,0.109375,0.642973267,8
1,36,28,1,0.015625,0.090098299,0
1,37,2,8,0.125,0.798937134,1
1,37,13,8,0.125,1.570282772,2
1,37,27,8,0.125,0.787993446,3
1,37,50,8,0.125,0.714670315,4
1,37,82,8,0.125,0.885986716,5
1,37,84,8,0.125,0.737342812,6
1,37,91,8,0.125,1.289054349,7
1,37,110,8,0.125,1.215732455,8
1,38,2,8,0.125,1.189894199,1
1,38,16,8,0.125,0.939386383,2
1,38,24,8,0.125,0.884149283,3
1,38,102,8,0.125,1.00185889,4
1,38,109,8,0.125,0.976808622,5
1,38,110,8,0.125,1.13752152,6
1,38,113,8,0.125,1.031690821,7
1,38,91,6,0.09375,0.629059054,8
1,38,27,1,0.015625,0.1041971,0
1,38,108,1,0.015625,0.105434127,0
1,39,5,8,0.125,0.945739679,1
1,39,16,8,0.125,0.987202317,2
1,39,48,8,0.125,1.046901509,3
1,39,63,8,0.125,0.890136071,4
1,39,72,8,0.125,1.134141594,5
1,39,84,8,0.125,1.318205655,6
1,39,118,8,0.125,0.878163338,7
1,39,58,7,0.109375,0.701786935,8
1,39,14,1,0.015625,0.097722903,0
1,40,11,8,0.125,1.347089782,1
1,40,48,8,0.125,0.851216108,2
1,40,69,8,0.125,0.787247732,3
1,40,70,8,0.125,0.846216053,4
1,40,91,8,0.125,1.112300336,5
1,40,97,8,0.125,0.778065398,6
1,40,98,8,0.125,1.065628722,7
1,40,122,8,0.125,1.212235868,8
1,41,37,8,0.125,0.892587729,1
1,41,46,8,0.125,0.937235609,2
1,41,80,8,0.125,0.965143219,3
1,41,81,8,0.125,1.134946212,4
1,41,94,8,0.125,1.189537078,5
1,41,123,8,0.125,0.912012801,6
1,41,124,8,0.125,1.134957388,7
1,41,105,7,0.109375,0.729886964,8
1,41,116,1,0.015625,0.103693001,0
1,42,0,8,0.125,1.045579165,1
1,42,30,8,0.125,1.491749465,2
1,42,60,8,0.125,1.203327253,3
1,42,63,8,0.125,0.804758221,4
1,42,70,8,0.125,0.781575225,5
1,42,76,8,0.125,1.152793556,6
1,42,109,8,0.125,0.814215772,7
1,42,58,7,0.109375,0.618430711,8
1,42,14,1,0.015625,0.08757063,0
1,43,11,8,0.125,1.053172886,1
1,43,18,8,0.125,2.501615673,2
1,43,45,8,0.125,0.642506674,3
1,43,51,8,0.125,0.711182304,4
1,43,56,8,0.125,0.991239645,5
1,43,96,8,0.125,0.644980282,6
1,43,99,8,0.125,0.815323845,7
1,43,80,7,0.109375,0.561018899,8
1,43,98,1,0.015625,0.078959793,0
1,44,7,8,0.125,1.058500856,1
1,44,12,8,0.125,0.845449001,2
1,44,15,8,0.125,1.218215868,3
1,44,79,8,0.125,1.173814639,4
1,44,99,8,0.125,1.466524303,5
1,44,103,8,0.125,0.765310608,6
1,44,104,8,0.125,0.783454724,7
1,44,119,7,0.109375,0.600530371,8
1,44,2,1,0.015625,0.08819963,0
1,45,1,8,0.125,0.93097014,1
1,45,4,8,0.125,0.93277958,2
1,45,16,8,0.125,0.968083315,3
1,45,53,8,0.125,1.602385864,4
1,45,58,8,0.125,1.320650548,5
1,45,77,8,0.125,0.717967495,6
1,45,92,8,0.125,0.852650374,7
1,45,76,6,0.09375,0.509281382,8
1,45,13,1,0.015625,0.082467474,0
1,45,36,1,0.015625,0.082763828,0
1,46,4,8,0.125,0.962410234,1
1,46,42,8,0.125,0.874548085,2
1,46,46,8,0.125,0.799385965,3
1,46,48,8,0.125,0.923665538,4
1,46,81,8,0.125,2.069384277,5
1,46,102,8,0.125,0.808820054,6
1,46,29,7,0.109375,0.68991717,7
1,46,40,6,0.09375,0.583040386,8
1,46,13,3,0.046875,0.288828291,0
1,47,10,8,0.125,1.294001967,1
1,47,46,8,0.125,0.604118742,2
1,47,58,8,0.125,1.070600107,3
1,47,71,8,0.125,0.639420651,4
1,47,108,8,0.125,1.564042673,5
1,47,110,8,0.125,1.623071089,6
1,47,83,6,0.09375,0.452702492,7
1,47,67,5,0.078125,0.380720548,8
1,47,41,3,0.046875,0.223846942,0
1,47,51,2,0.03125,0.147474788,0
2,0,23,8,0.125,1.116790414,1
2,0,66,8,0.125,0.561557412,2
2,0,70,8,0.125,0.743942857,3
2,0,77,8,0.125,1.13437736,4
2,0,86,8,0.125,0.561557531,5
2,0,87,8,0.125,1.285418034,6
2,0,91,8,0.125,0.636327982,7
2,0,112,8,0.125,1.96002841,8
2,1,13,8,0.125,0.758429557,1
2,1,14,8,0.125,1.147458032,2
2,1,29,8,0.125,0.67323783,3
2,1,78,8,0.125,1.57146059,4
2,1,86,8,0.125,1.277580857,5
2,1,101,8,0.125,0.642408043,6
2,1,104,8,0.125,0.886693954,7
2,1,107,8,0.125,1.042731136,8
2,2,15,8,0.125,0.966706067,1
2,2,23,8,0.125,0.781346247,2
2,2,56,8,0.125,1.145760804,3
2,2,64,8,0.125,0.462930895,4
2,2,71,8,0.125,0.551887617,5
2,2,72,8,0.125,2.24107793,6
2,2,115,8,0.125,1.047298685,7
2,2,119,8,0.125,0.802991755,8
2,3,23,8,0.125,0.822476059,1
2,3,46,8,0.125,1.319462463,2
2,3,53,8,0.125,1.196707636,3
2,3,56,8,0.125,0.917538241,4
2,3,80,8,0.125,0.811310031,5
2,3,90,8,0.125,0.838699065,6
2,3,117,8,0.125,0.98054105,7
2,3,119,8,0.125,1.113265455,8
2,4,12,8,0.125,0.84385027,1
2,4,19,8,0.125,0.865556598,2
2,4,64,8,0.125,1.033906937,3
2,4,65,8,0.125,1.044059798,4
2,4,93,8,0.125,0.982715987,5
2,4,108,8,0.125,1.629745588,6
2,4,110,8,0.125,0.744698696,7
2,4,127,8,0.125,0.855466127,8
2,5,4,8,0.125,1.161720216,1
2,5,41,8,0.125,0.838381298,2
2,5,45,8,0.125,0.843324803,3
2,5,46,8,0.125,1.273412079,4
2,5,53,8,0.125,0.980167039,5
2,5,63,8,0.125,0.906506285,6
2,5,65,8,0.125,1.182307094,7
2,5,120,8,0.125,0.814181186,8
2,6,22,8,0.125,0.946196146,1
2,6,33,8,0.125,1.150284275,2
2,6,49,8,0.125,0.911726452,3
2,6,58,8,0.125,0.915295474,4
2,6,74,8,0.125,0.955488369,5
2,6,82,8,0.125,1.35801287,6
2,6,116,8,0.125,0.908177041,7
2,6,121,5,0.078125,0.535978742,8
2,6,101,3,0.046875,0.31884063,0
2,7,15,8,0.125,1.289991051,1
2,7,19,8,0.125,0.83450368,2
2,7,24,8,0.125,1.216555983,3
2,7,29,8,0.125,1.038593858,4
2,7,44,8,0.125,0.844337851,5
2,7,52,8,0.125,0.829628035,6
2,7,63,8,0.125,0.893540248,7
2,7,114,8,0.125,1.052849293,8
2,8,22,8,0.125,1.132792458,1
2,8,45,8,0.125,0.948341124,2
2,8,68,8,0.125,0.952053316,3
2,8,85,8,0.125,0.968928814,4
2,8,92,8,0.125,0.984199211,5
2,8,97,8,0.125,0.942798696,6
2,8,123,8,0.125,0.93363855,7
2,8,124,8,0.125,1.137247831,8
2,9,6,8,0.125,1.107925996,1
2,9,13,8,0.125,0.940296896,2
2,9,23,8,0.125,1.05926384,3
2,9,38,8,0.125,0.951369062,4
2,9,44,8,0.125,0.922106132,5
2,9,67,8,0.125,1.123196736,6
2,9,69,8,0.125,0.970130034,7
2,9,92,8,0.125,0.925711304,8
2,10,0,8,0.125,0.89735043,1
2,10,1,8,0.125,1.556544662,2
2,10,5,8,0.125,0.831543326,3
2,10,19,8,0.125,0.924014322,4
2,10,36,8,0.125,0.842980102,5
2,10,42,8,0.125,0.878269225,6
2,10,48,8,0.125,1.245845169,7
2,10,92,8,0.125,0.823452763,8
2,11,14,8,0.125,0.794280618,1
2,11,15,8,0.125,1.058488756,2
2,11,17,8,0.125,1.160193697,3
2,11,52,8,0.125,0.923173495,4
2,11,62,8,0.125,0.87747065,5
2,11,81,8,0.125,1.124498278,6
2,11,110,8,0.125,1.096295625,7
2,11,121,8,0.125,0.965598881,8
2,12,11,8,0.125,1.154547229,1
2,12,18,8,0.125,1.01492174,2
2,12,37,8,0.125,1.186546326,3
2,12,41,8,0.125,1.008998588,4
2,12,57,8,0.125,0.885226376,5
2,12,106,8,0.125,0.913355067,6
2,12,125,8,0.125,0.98176723,7
2,12,27,6,0.09375,0.640483804,8
2,12,85,2,0.03125,0.21415364,0
2,13,20,8,0.125,0.947054483,1
2,13,33,8,0.125,1.046237782,2
2,13,37,8,0.125,1.094315901,3
2,13,52,8,0.125,0.941516779,4
2,13,92,8,0.125,1.026004329,5
2,13,93,8,0.125,1.096455455,6
2,13,104,8,0.125,0.92330157,7
2,13,110,8,0.125,0.9251137,8
2,14,2,8,0.125,0.939781696,1
2,14,5,8,0.125,1.032108217,2
2,14,9,8,0.125,1.08166036,3
2,14,24,8,0.125,1.111630902,4
2,14,29,8,0.125,1.071141988,5
2,14,61,8,0.125,0.91619309,6
2,14,92,8,0.125,0.949003294,7
2,14,109,8,0.125,0.898480453,8
2,15,0,8,0.125,0.83520364,1
2,15,2,8,0.125,1.203476325,2
2,15,51,8,0.125,0.931744292,3
2,15,58,8,0.125,1.390530407,4
2,15,79,8,0.125,0.920898959,5
2,15,84,8,0.125,1.09787266,6
2,15,122,8,0.125,0.778515927,7
2,15,127,8,0.125,0.841757789,8
2,16,23,8,0.125,0.896293737,1
2,16,42,8,0.125,1.239526019,2
2,16,48,8,0.125,1.106771976,3
2,16,91,8,0.125,0.744507298,4
2,16,93,8,0.125,0.79409004,5
2,16,97,8,0.125,1.137451559,6
2,16,98,8,0.125,0.74893178,7
2,16,122,8,0.125,1.332427591,8
2,17,70,8,0.125,0.875470825,1
2,17,73,8,0.125,0.747366615,2
2,17,80,8,0.125,0.965277411,3
2,17,90,8,0.125,1.068482041,4
2,17,116,8,0.125,0.804950312,5
2,17,122,8,0.125,1.342796549,6
2,17,123,8,0.125,0.906827904,7
2,17,124,8,0.125,1.288828343,8
2,18,25,8,0.125,0.826154344,1
2,18,58,8,0.125,1.183411539,2
2,18,74,8,0.125,0.92886582,3
2,18,82,8,0.125,1.144765586,4
2,18,91,8,0.125,0.824541092,5
2,18,107,8,0.125,0.852407627,6
2,18,112,8,0.125,1.083849266,7
2,18,126,8,0.125,1.156004727,8
2,19,15,8,0.125,0.848727666,1
2,19,28,8,0.125,1.211016625,2
2,19,29,8,0.125,1.251898155,3
2,19,52,8,0.125,0.97116968,4
2,19,56,8,0.125,0.868866742,5
2,19,92,8,0.125,1.115625992,6
2,19,102,8,0.125,0.858739629,7
2,19,114,8,0.125,0.873955511,8
2,20,45,8,0.125,0.961017109,1
2,20,68,8,0.125,0.875016138,2
2,20,72,8,0.125,0.885331973,3
2,20,76,8,0.125,0.944279537,4
2,20,85,8,0.125,1.572109088,5
2,20,92,8,0.125,0.938744806,6
2,20,114,8,0.125,0.925997742,7
2,20,123,8,0.125,0.897503607,8
2,21,2,8,0.125,0.817032434,1
2,21,32,8,0.125,0.938616462,2
2,21,38,8,0.125,1.001053751,3
2,21,44,8,0.125,1.398032099,4
2,21,51,8,0.125,0.949635454,5
2,21,56,8,0.125,0.851249024,6
2,21,63,8,0.125,1.18644245,7
2,21,67,8,0.125,0.857938327,8
2,22,0,8,0.125,0.769339323,1
2,22,1,8,0.125,1.1892315,2
2,22,36,8,0.125,0.911826685,3
2,22,42,8,0.125,1.043389246,4
2,22,48,8,0.125,1.125928745,5
2,22,71,8,0.125,0.863286465,6
2,22,75,8,0.125,1.248739317,7
2,22,77,8,0.125,0.848258719,8
2,23,6,8,0.125,0.918136984,1
2,23,14,8,0.125,0.986953065,2
2,23,15,8,0.125,0.96599751,3
2,23,17,8,0.125,1.147114128,4
2,23,31,8,0.125,0.891644806,5
2,23,36,8,0.125,0.849160448,6
2,23,110,8,0.125,1.391837791,7
2,23,121,8,0.125,0.84915527,8
2,24,11,8,0.125,1.005776517,1
2,24,18,8,0.125,1.483509511,2
2,24,28,8,0.125,0.827328779,3
2,24,37,8,0.125,0.972911865,4
2,24,62,8,0.125,0.878948458,5
2,24,101,8,0.125,0.941148303,6
2,24,106,8,0.125,1.058173344,7
2,24,125,8,0.125,0.832203224,8
2,25,37,8,0.125,1.23190634,1
2,25,53,8,0.125,0.76487954,2
2,25,72,8,0.125,1.035315886,3
2,25,84,8,0.125,0.827086434,4
2,25,91,8,0.125,0.985991523,5
2,25,110,8,0.125,1.638366595,6
2,25,122,8,0.125,0.764901362,7
2,25,52,6,0.09375,0.563463435,8
2,25,126,2,0.03125,0.188088886,0
2,26,5,8,0.125,1.054922163,1
2,26,9,8,0.125,1.030473828,2
2,26,24,8,0.125,1.214284837,3
2,26,29,8,0.125,1.067339882,4
2,26,72,8,0.125,1.176835224,5
2,26,87,8,0.125,0.742234439,6
2,26,97,8,0.125,0.872869179,7
2,26,109,8,0.125,0.841040447,8
2,27,2,8,0.125,0.921011671,1
2,27,24,8,0.125,0.853381798,2
2,27,51,8,0.125,1.401535898,3
2,27,84,8,0.125,1.212918729,4
2,27,99,8,0.125,0.863453902,5
2,27,102,8,0.125,0.861788884,6
2,27,118,8,0.125,1.037506223,7
2,27,14,6,0.09375,0.636100315,8
2,27,33,2,0.03125,0.21230258,0
2,28,23,8,0.125,1.017568238,1
2,28,42,8,0.125,1.06433636,2
2,28,63,8,0.125,0.753265083,3
2,28,70,8,0.125,0.713171475,4
2,28,91,8,0.125,1.374593318,5
2,28,107,8,0.125,0.704830393,6
2,28,122,8,0.125,1.681025997,7
2,28,97,7,0.109375,0.606373623,8
2,28,48,1,0.015625,0.084835514,0
2,29,13,8,0.125,0.860572346,1
2,29,14,8,0.125,0.945160896,2
2,29,34,8,0.125,0.912531324,3
2,29,37,8,0.125,0.808468357,4
2,29,51,8,0.125,1.062691987,5
2,29,70,8,0.125,0.893105961,6
2,29,120,8,0.125,1.004151486,7
2,29,124,8,0.125,1.513317645,8
2,30,6,8,0.125,0.955818117,1
2,30,25,8,0.125,1.037594542,2
2,30,48,8,0.125,0.952106096,3
2,30,58,8,0.125,1.239363179,4
2,30,79,8,0.125,1.033513203,5
2,30,82,8,0.125,1.074697316,6
2,30,107,6,0.09375,0.642551996,7
2,30,94,5,0.078125,0.534089439,8
2,30,39,3,0.046875,0.318955719,0
2,30,33,2,0.03125,0.211310394,0
2,31,24,8,0.125,1.001769669,1
2,31,28,8,0.125,1.04781799,2
2,31,29,8,0.125,1.017766103,3
2,31,39,8,0.125,0.822457708,4
2,31,59,8,0.125,0.846845761,5
2,31,87,8,0.125,1.651583165,6
2,31,115,8,0.125,0.820866615,7
2,31,63,5,0.078125,0.495942257,8
2,31,38,3,0.046875,0.294950731,0
2,32,5,8,0.125,0.942773059,1
2,32,18,8,0.125,0.812787503,2
2,32,24,8,0.125,1.159681201,3
2,32,51,8,0.125,1.451677933,4
2,32,85,8,0.125,1.115205899,5
2,32,124,8,0.125,0.917472176,6
2,32,48,7,0.109375,0.704490677,7
2,32,6,5,0.078125,0.495501243,8
2,32,72,4,0.0625,0.400410309,0
2,33,13,8,0.125,0.856705971,1
2,33,44,8,0.125,1.157427624,2
2,33,53,8,0.125,1.062107816,3
2,33,56,8,0.125,0.883885026,4
2,33,63,8,0.125,1.431870759,5
2,33,67,8,0.125,0.939045057,6
2,33,115,8,0.125,0.843441367,7
2,33,6,4,0.0625,0.413066506,8
2,33,38,4,0.0625,0.412449874,0
2,34,1,8,0.125,0.887050785,1
2,34,36,8,0.125,1.263071522,2
2,34,42,8,0.125,1.217056513,3
2,34,70,8,0.125,0.945996895,4
2,34,75,8,0.125,1.28796725,5
2,34,77,8,0.125,0.825111456,6
2,34,92,8,0.125,0.809162915,7
2,34,5,6,0.09375,0.573203377,8
2,34,35,2,0.03125,0.191379286,0
2,35,6,8,0.125,1.101656869,1
2,35,15,8,0.125,1.007055037,2
2,35,17,8,0.125,0.873236373,3
2,35,28,8,0.125,0.776612528,4
2,35,31,8,0.125,1.535854042,5
2,35,48,8,0.125,0.773629233,6
2,35,110,8,0.125,1.253250211,7
2,35,87,6,0.09375,0.50948175,8
2,35,62,1,0.015625,0.083834507,0
2,35,77,1,0.015625,0.08538945,0
2,36,11,8,0.125,1.372216597,1
2,36,18,8,0.125,1.060324222,2
2,36,37,8,0.125,0.825736217,3
2,36,57,8,0.125,0.835666195,4
2,36,62,8,0.125,1.358794287,5
2,36,101,8,0.125,0.822511524,6
2,36,106,8,0.125,1.015663996,7
2,36,85,5,0.078125,0.439049132,8
2,36,125,3,0.046875,0.27003783,0
2,37,13,8,0.125,0.807414174,1
2,37,27,8,0.125,0.911190756,2
2,37,36,8,0.125,0.735028259,3
2,37,37,8,0.125,0.799409047,4
2,37,72,8,0.125,0.75538487,5
2,37,82,8,0.125,0.782413699,6
2,37,91,8,0.125,1.65307425,7
2,37,110,8,0.125,1.556084946,8
2,38,2,8,0.125,1.128283978,1
2,38,5,8,0.125,0.880389072,2
2,38,24,8,0.125,1.003394909,3
2,38,29,8,0.125,1.179934144,4
2,38,62,8,0.125,0.908263996,5
2,38,109,8,0.125,0.88720338,6
2,38,110,8,0.125,1.152613848,7
2,38,97,4,0.0625,0.430664442,8
2,38,9,2,0.03125,0.214657791,0
2,38,72,2,0.03125,0.214594439,0
2,39,5,8,0.125,0.974767238,1
2,39,14,8,0.125,1.047807798,2
2,39,16,8,0.125,1.013439141,3
2,39,48,8,0.125,1.173252895,4
2,39,51,8,0.125,1.009520121,5
2,39,58,8,0.125,0.828987449,6
2,39,84,8,0.125,1.128340706,7
2,39,118,7,0.109375,0.722488679,8
2,39,49,1,0.015625,0.101395972,0
2,40,19,8,0.125,0.910869978,1
2,40,23,8,0.125,0.759591259,2
2,40,48,8,0.125,1.004221722,3
2,40,69,8,0.125,0.884764917,4
2,40,91,8,0.125,1.433348551,5
2,40,105,8,0.125,0.927220434,6
2,40,122,8,0.125,1.327839449,7
2,40,123,6,0.09375,0.563015796,8
2,40,50,2,0.03125,0.189127892,0
2,41,49,8,0.125,0.749516793,1
2,41,51,8,0.125,1.034172989,2
2,41,58,8,0.125,0.812151335,3
2,41,80,8,0.125,1.281762764,4
2,41,81,8,0.125,0.834187001,5
2,41,100,8,0.125,1.062595636,6
2,41,116,8,0.125,0.834210329,7
2,41,124,8,0.125,1.391403154,8
2,42,25,8,0.125,2.048334375,1
2,42,28,8,0.125,0.691334583,2
2,42,30,8,0.125,1.013572775,3
2,42,63,8,0.125,0.754800558,4
2,42,76,8,0.125,1.033844128,5
2,42,88,8,0.125,0.867283031,6
2,42,119,8,0.125,0.924784936,7
2,42,43,4,0.0625,0.333175622,8
2,42,115,4,0.0625,0.332869992,0
2,43,2,8,0.125,0.931299165,1
2,43,11,8,0.125,1.12340878,2
2,43,18,8,0.125,1.205146641,3
2,43,45,8,0.125,0.981737204,4
2,43,46,8,0.125,0.890449449,5
2,43,91,8,0.125,1.157005206,6
2,43,86,7,0.109375,0.753402151,7
2,43,96,6,0.09375,0.642998517,8
2,43,29,3,0.046875,0.314552888,0
2,44,2,8,0.125,0.958110154,1
2,44,12,8,0.125,0.8672368,2
2,44,15,8,0.125,1.309531674,3
2,44,49,8,0.125,0.860594094,4
2,44,79,8,0.125,1.441144302,5
2,44,104,8,0.125,0.896585621,6
2,44,112,8,0.125,0.82617306,7
2,44,113,8,0.125,0.840624295,8
2,45,1,8,0.125,1.282503024,1
2,45,2,8,0.125,0.934486248,2
2,45,3,8,0.125,0.934572004,3
2,45,4,8,0.125,1.030362204,4
2,45,53,8,0.125,0.973632365,5
2,45,54,8,0.125,0.867651328,6
2,45,65,8,0.125,0.923900813,7
2,45,127,8,0.125,1.052892014,8
2,46,4,8,0.125,1.112433836,1
2,46,13,8,0.125,0.897345804,2
2,46,17,8,0.125,0.890429899,3
2,46,40,8,0.125,1.07815063,4
2,46,48,8,0.125,1.036881775,5
2,46,64,8,0.125,0.906205885,6
2,46,74,8,0.125,1.045432433,7
2,46,102,8,0.125,1.033119738,8
2,47,39,8,0.125,1.011045977,1
2,47,41,8,0.125,0.766014703,2
2,47,45,8,0.125,0.981685102,3
2,47,46,8,0.125,0.96087613,4
2,47,54,8,0.125,1.334269375,5
2,47,58,8,0.125,0.964593619,6
2,47,79,8,0.125,0.745360702,7
2,47,110,8,0.125,1.236154392,8
3,0,0,8,0.125,0.744632185,1
3,0,27,8,0.125,0.899961203,2
3,0,33,8,0.125,1.227690712,3
3,0,37,8,0.125,0.817818262,4
3,0,64,8,0.125,1.391155884,5
3,0,68,8,0.125,0.862120345,6
3,0,72,8,0.125,1.100494891,7
3,0,79,8,0.125,0.956126519,8
3,1,14,8,0.125,0.72425428,1
3,1,19,8,0.125,1.126142308,2
3,1,28,8,0.125,1.045592561,3
3,1,88,8,0.125,0.693797313,4
3,1,90,8,0.125,1.710459813,5
3,1,96,8,0.125,0.812715195,6
3,1,101,8,0.125,0.999663666,7
3,1,111,8,0.125,0.887374863,8
3,2,46,8,0.125,0.583586216,1
3,2,56,8,0.125,1.165132478,2
3,2,71,8,0.125,1.351585209,3
3,2,72,8,0.125,2.185275674,4
3,2,74,8,0.125,0.657423519,5
3,2,77,8,0.125,0.717817307,6
3,2,94,8,0.125,0.643447235,7
3,2,107,8,0.125,0.695732363,8
3,3,3,8,0.125,0.891897216,1
3,3,37,8,0.125,1.238276735,2
3,3,51,8,0.125,0.881503679,3
3,3,56,8,0.125,0.753990136,4
3,3,71,8,0.125,0.765863694,5
3,3,99,8,0.125,0.765863694,6
3,3,101,8,0.125,1.240695179,7
3,3,109,8,0.125,1.461909667,8
3,4,12,8,0.125,1.550165176,1
3,4,19,8,0.125,0.960656963,2
3,4,52,8,0.125,0.767387263,3
3,4,53,8,0.125,1.226281643,4
3,4,65,8,0.125,0.916659437,5
3,4,107,8,0.125,0.836262897,6
3,4,108,8,0.125,0.876401633,7
3,4,110,8,0.125,0.866184987,8
3,5,4,8,0.125,1.637422457,1
3,5,32,8,0.125,0.906042024,2
3,5,41,8,0.125,0.821739942,3
3,5,46,8,0.125,0.823352918,4
3,5,63,8,0.125,0.960711285,5
3,5,65,8,0.125,1.156586915,6
3,5,73,8,0.125,0.836313613,7
3,5,84,8,0.125,0.857830845,8
3,6,33,8,0.125,1.084716156,1
3,6,49,8,0.125,0.995384715,2
3,6,58,8,0.125,1.001239434,3
3,6,74,8,0.125,1.091084301,4
3,6,82,8,0.125,0.964760013,5
3,6,92,8,0.125,0.908078417,6
3,6,112,8,0.125,1.127922222,7
3,6,116,8,0.125,0.826814741,8
3,7,15,8,0.125,1.210090548,1
3,7,19,8,0.125,1.305861324,2
3,7,24,8,0.125,0.9837889,3
3,7,44,8,0.125,0.84643241,4
3,7,52,8,0.125,0.833312817,5
3,7,63,8,0.125,0.883590035,6
3,7,114,8,0.125,1.121334419,7
3,7,56,6,0.09375,0.611378916,8
3,7,125,2,0.03125,0.204210632,0
3,8,22,8,0.125,1.224417716,1
3,8,23,8,0.125,1.033067226,2
3,8,50,8,0.125,1.043250203,3
3,8,53,8,0.125,0.902859658,4
3,8,68,8,0.125,1.057575658,5
3,8,76,8,0.125,0.911679223,6
3,8,100,8,0.125,0.927853212,7
3,8,123,6,0.09375,0.675994314,8
3,8,54,2,0.03125,0.223302789,0
3,9,2,8,0.125,0.827649884,1
3,9,13,8,0.125,0.99442903,2
3,9,23,8,0.125,0.788289927,3
3,9,34,8,0.125,1.55229789,4
3,9,39,8,0.125,0.857253581,5
3,9,69,8,0.125,1.135677367,6
3,9,82,8,0.125,0.886195965,7
3,9,95,8,0.125,0.958206356,8
3,10,0,8,0.125,1.083702445,1
3,10,1,8,0.125,0.947084978,2
3,10,6,8,0.125,0.898426414,3
3,10,19,8,0.125,1.073154315,4
3,10,36,8,0.125,1.068951696,5
3,10,48,8,0.125,0.963845819,6
3,10,67,8,0.125,1.115915701,7
3,10,92,8,0.125,0.848918632,8
3,11,3,8,0.125,0.765554041,1
3,11,48,8,0.125,1.447113901,2
3,11,52,8,0.125,0.839209221,3
3,11,75,8,0.125,1.169613197,4
3,11,81,8,0.125,1.113897428,5
3,11,104,8,0.125,0.941657484,6
3,11,121,8,0.125,0.967770927,7
3,11,110,7,0.109375,0.66269464,8
3,11,72,1,0.015625,0.092489161,0
3,12,11,8,0.125,0.940481871,1
3,12,37,8,0.125,0.82835409,2
3,12,41,8,0.125,1.154548183,3
3,12,78,8,0.125,1.112491325,4
3,12,92,8,0.125,1.193571866,5
3,12,111,8,0.125,1.026882082,6
3,12,122,8,0.125,0.916907646,7
3,12,18,7,0.109375,0.723296337,8
3,12,39,1,0.015625,0.1034666,0
3,13,1,8,0.125,0.887133695,1
3,13,43,8,0.125,0.868275166,2
3,13,52,8,0.125,1.420397326,3
3,13,61,8,0.125,1.059682593,4
3,13,63,8,0.125,0.944363706,5
3,13,104,8,0.125,0.99549219,6
3,13,117,8,0.125,0.999385379,7
3,13,27,7,0.109375,0.721559912,8
3,13,31,1,0.015625,0.103710033,0
3,14,2,8,0.125,0.964276873,1
3,14,19,8,0.125,0.862703085,2
3,14,49,8,0.125,1.534859166,3
3,14,66,8,0.125,0.823204264,4
3,14,92,8,0.125,1.116412729,5
3,14,97,8,0.125,0.819965735,6
3,14,109,8,0.125,0.954872526,7
3,14,113,8,0.125,0.923705623,8
3,15,0,8,0.125,1.16482006,1
3,15,26,8,0.125,0.967563942,2
3,15,58,8,0.125,1.142324448,3
3,15,79,8,0.125,1.022019207,4
3,15,84,8,0.125,0.967573658,5
3,15,122,8,0.125,0.930528089,6
3,15,125,8,0.125,0.806862876,7
3,15,127,8,0.125,0.99830772,8
3,16,35,8,0.125,0.819327675,1
3,16,42,8,0.125,0.937535338,2
3,16,48,8,0.125,0.926617466,3
3,16,82,8,0.125,1.509898022,4
3,16,91,8,0.125,1.017723918,5
3,16,97,8,0.125,1.003849864,6
3,16,107,8,0.125,0.743158199,7
3,16,122,8,0.125,1.041889518,8
3,17,73,8,0.125,0.881262019,1
3,17,80,8,0.125,1.133774266,2
3,17,90,8,0.125,1.183523059,3
3,17,118,8,0.125,0.907474458,4
3,17,122,8,0.125,1.124992624,5
3,17,123,8,0.125,0.81026902,6
3,17,124,8,0.125,1.197519302,7
3,17,54,5,0.078125,0.477112748,8
3,17,13,3,0.046875,0.284072503,0
3,18,58,8,0.125,1.06448026,1
3,18,74,8,0.125,0.824219726,2
3,18,82,8,0.125,1.019770138,3
3,18,87,8,0.125,0.858679518,4
3,18,104,8,0.125,0.766769767,5
3,18,112,8,0.125,1.548834622,6
3,18,126,8,0.125,1.162336066,7
3,18,122,6,0.09375,0.569029331,8
3,18,49,2,0.03125,0.185880572,0
3,19,10,8,0.125,0.900590397,1
3,19,15,8,0.125,0.888365753,2
3,19,24,8,0.125,0.879722424,3
3,19,29,8,0.125,0.975651734,4
3,19,52,8,0.125,1.297571227,5
3,19,56,8,0.125,1.069489613,6
3,19,114,8,0.125,1.02050814,7
3,19,119,8,0.125,0.968100712,8
3,20,10,8,0.125,0.878574826,1
3,20,48,8,0.125,1.015167788,2
3,20,76,8,0.125,0.910104297,3
3,20,85,8,0.125,1.130332768,4
3,20,92,8,0.125,1.021159917,5
3,20,114,8,0.125,1.319043428,6
3,20,123,8,0.125,0.919223435,7
3,20,45,4,0.0625,0.397017188,8
3,20,53,4,0.0625,0.409376353,0
3,21,2,8,0.125,0.799719878,1
3,21,8,8,0.125,0.785625458,2
3,21,13,8,0.125,0.791892007,3
3,21,34,8,0.125,2.046004876,4
3,21,39,8,0.125,0.983515829,5
3,21,51,8,0.125,0.705695316,6
3,21,63,8,0.125,1.23363474,7
3,21,67,8,0.125,0.653911896,8
3,22,0,8,0.125,0.967223532,1
3,22,1,8,0.125,0.891025148,2
3,22,9,8,0.125,1.106717661,3
3,22,12,8,0.125,0.914022215,4
3,22,36,8,0.125,1.329851314,5
3,22,48,8,0.125,1.039673701,6
3,22,67,8,0.125,0.889504492,7
3,22,122,5,0.078125,0.541777842,8
3,22,118,3,0.046875,0.320204094,0
3,23,5,8,0.125,1.050162137,1
3,23,15,8,0.125,0.843836777,2
3,23,31,8,0.125,1.324905798,3
3,23,48,8,0.125,0.862199888,4
3,23,75,8,0.125,1.176091924,5
3,23,104,8,0.125,0.91073335,6
3,23,117,8,0.125,0.986546777,7
3,23,6,4,0.0625,0.427196294,8
3,23,36,2,0.03125,0.208356164,0
3,23,14,1,0.015625,0.105736978,0
3,23,110,1,0.015625,0.104233913,0
3,24,11,8,0.125,0.884983376,1
3,24,18,8,0.125,1.142885268,2
3,24,28,8,0.125,0.942047499,3
3,24,37,8,0.125,0.871174969,4
3,24,57,8,0.125,1.026724234,5
3,24,59,8,0.125,1.094897032,6
3,24,101,8,0.125,0.927414209,7
3,24,122,8,0.125,1.109873414,8
3,25,1,8,0.125,1.01266031,1
3,25,13,8,0.125,0.883394033,2
3,25,43,8,0.125,1.07790269,3
3,25,52,8,0.125,1.233391166,4
3,25,72,8,0.125,1.026671603,5
3,25,91,8,0.125,0.748159334,6
3,25,108,8,0.125,0.861251965,7
3,25,110,8,0.125,1.1565689,8
3,26,2,8,0.125,0.805548966,1
3,26,27,8,0.125,1.067068145,2
3,26,29,8,0.125,0.919846006,3
3,26,49,8,0.125,1.444314152,4
3,26,59,8,0.125,0.839159608,5
3,26,78,8,0.125,0.992836975,6
3,26,113,8,0.125,1.133580863,7
3,26,19,7,0.109375,0.698571369,8
3,26,97,1,0.015625,0.099073917,0
3,27,0,8,0.125,1.07837832,1
3,27,15,8,0.125,0.993384615,2
3,27,26,8,0.125,1.207694918,3
3,27,33,8,0.125,0.985666774,4
3,27,63,8,0.125,0.9723759,5
3,27,79,8,0.125,0.953632213,6
3,27,84,8,0.125,0.983705118,7
3,27,111,7,0.109375,0.72375346,8
3,27,88,1,0.015625,0.101408683,0
3,28,10,8,0.125,0.717998788,1
3,28,42,8,0.125,0.765626974,2
3,28,70,8,0.125,1.012294151,3
3,28,82,8,0.125,1.595532566,4
3,28,91,8,0.125,0.888147339,5
3,28,109,8,0.125,0.686240457,6
3,28,116,8,0.125,0.66518148,7
3,28,122,8,0.125,1.668978244,8
3,29,3,8,0.125,1.085726634,1
3,29,13,8,0.125,0.884365715,2
3,29,51,8,0.125,0.800515644,3
3,29,54,8,0.125,0.980903774,4
3,29,105,8,0.125,0.736015938,5
3,29,120,8,0.125,1.162417307,6
3,29,124,8,0.125,1.639450401,7
3,29,59,7,0.109375,0.622960769,8
3,29,37,1,0.015625,0.087643817,0
3,30,6,8,0.125,1.041236997,1
3,30,25,8,0.125,0.890599795,2
3,30,48,8,0.125,0.942457929,3
3,30,58,8,0.125,1.074402019,4
3,30,82,8,0.125,0.94987303,5
3,30,93,8,0.125,0.94441206,6
3,30,98,8,0.125,1.255909801,7
3,30,111,7,0.109375,0.790822059,8
3,30,79,1,0.015625,0.11028631,0
3,31,24,8,0.125,1.081334293,1
3,31,29,8,0.125,0.948714115,2
3,31,38,8,0.125,0.974955879,3
3,31,41,8,0.125,1.029759377,4
3,31,47,8,0.125,0.941279694,5
3,31,56,8,0.125,0.998177193,6
3,31,87,8,0.125,1.025767148,7
3,31,114,8,0.125,1.000012301,8
3,32,10,8,0.125,1.347568497,1
3,32,48,8,0.125,0.895912886,2
3,32,50,8,0.125,0.949973539,3
3,32,51,8,0.125,0.894194603,4
3,32,85,8,0.125,1.196283162,5
3,32,92,8,0.125,0.987795494,6
3,32,108,6,0.09375,0.651687875,7
3,32,4,5,0.078125,0.538022749,8
3,32,78,5,0.078125,0.538561195,0
3,33,13,8,0.125,0.7895827,1
3,33,15,8,0.125,0.740296483,2
3,33,34,8,0.125,2.33898887,3
3,33,39,8,0.125,0.824280918,4
3,33,51,8,0.125,0.747575007,5
3,33,63,8,0.125,1.052256703,6
3,33,67,8,0.125,0.788036257,7
3,33,4,7,0.109375,0.630499989,8
3,33,2,1,0.015625,0.088483073,0
3,34,0,8,0.125,0.896638945,1
3,34,1,8,0.125,0.998444803,2
3,34,9,8,0.125,1.08364068,3
3,34,22,8,0.125,0.882748201,4
3,34,67,8,0.125,0.903682344,5
3,34,81,8,0.125,0.837470494,6
3,34,92,8,0.125,0.936113484,7
3,34,118,8,0.125,1.461261049,8
3,35,5,8,0.125,1.072896674,1
3,35,6,8,0.125,0.926511399,2
3,35,15,8,0.125,0.837130629,3
3,35,75,8,0.125,1.176015735,4
3,35,77,8,0.125,0.955961481,5
3,35,104,8,0.125,1.033736765,6
3,35,110,8,0.125,1.150861844,7
3,35,31,5,0.078125,0.530308135,8
3,35,51,3,0.046875,0.316577338,0
3,36,11,8,0.125,0.781795993,1
3,36,18,8,0.125,1.207965568,2
3,36,28,8,0.125,0.931898311,3
3,36,57,8,0.125,0.956043318,4
3,36,59,8,0.125,0.865059257,5
3,36,62,8,0.125,1.186921418,6
3,36,101,8,0.125,0.859975815,7
3,36,122,8,0.125,1.210340321,8
3,37,1,8,0.125,1.248239443,1
3,37,13,8,0.125,0.818505473,2
3,37,27,8,0.125,1.036693335,3
3,37,43,8,0.125,0.975940309,4
3,37,86,8,0.125,1.008787386,5
3,37,91,8,0.125,1.149752334,6
3,37,110,8,0.125,1.059228092,7
3,37,61,6,0.09375,0.528947033,8
3,37,52,2,0.03125,0.173906595,0
3,38,2,8,0.125,0.846454747,1
3,38,19,8,0.125,0.696446113,2
3,38,26,8,0.125,1.305619746,3
3,38,27,8,0.125,0.758781455,4
3,38,49,8,0.125,1.683051258,5
3,38,78,8,0.125,0.806648046,6
3,38,92,8,0.125,0.947771676,7
3,38,113,8,0.125,0.955226958,8
3,39,0,8,0.125,1.403553918,1
3,39,14,8,0.125,0.951574497,2
3,39,25,8,0.125,1.508789629,3
3,39,48,8,0.125,0.940560348,4
3,39,63,8,0.125,0.757108659,5
3,39,84,8,0.125,0.96907381,6
3,39,51,7,0.109375,0.647660173,7
3,39,26,6,0.09375,0.547093004,8
3,39,50,3,0.046875,0.274585962,0
3,40,35,8,0.125,1.732718214,1
3,40,49,8,0.125,0.578087807,2
3,40,82,8,0.125,2.089778423,3
3,40,98,8,0.125,0.610834435,4
3,40,109,8,0.125,0.585047431,5
3,40,116,8,0.125,0.764637113,6
3,40,122,8,0.125,1.067566991,7
3,40,19,6,0.09375,0.429265149,8
3,40,28,2,0.03125,0.142064437,0
3,41,6,8,0.125,0.566689327,1
3,41,37,8,0.125,1.050926648,2
3,41,54,8,0.125,0.869198017,3
3,41,99,8,0.125,1.296940252,4
3,41,116,8,0.125,1.010330059,5
3,41,118,8,0.125,0.831474349,6
3,41,123,8,0.125,0.569945864,7
3,41,124,8,0.125,1.804495484,8
3,42,4,8,0.125,1.165883064,1
3,42,30,8,0.125,0.58170554,2
3,42,33,8,0.125,0.620389014,3
3,42,66,8,0.125,1.311124071,4
3,42,70,8,0.125,2.502152115,5
3,42,106,8,0.125,0.435638268,6
3,42,116,8,0.125,0.976165518,7
3,42,76,4,0.0625,0.206630521,8
3,42,71,3,0.046875,0.150215615,0
3,42,47,1,0.015625,0.050096273,0
3,43,41,8,0.125,0.848038256,1
3,43,45,8,0.125,1.224142596,2
3,43,61,8,0.125,2.278039843,3
3,43,69,8,0.125,0.658001482,4
3,43,86,8,0.125,0.946055412,5
3,43,106,8,0.125,0.637563616,6
3,43,111,8,0.125,0.72545597,7
3,43,119,8,0.125,0.682702824,8
3,44,24,8,0.125,0.748227187,1
3,44,42,8,0.125,2.029913753,2
3,44,49,8,0.125,0.757106408,3
3,44,62,8,0.125,0.99709253,4
3,44,79,8,0.125,0.733782209,5
3,44,82,8,0.125,0.601383202,6
3,44,96,8,0.125,1.456427976,7
3,44,103,8,0.125,0.676066734,8
3,45,1,8,0.125,1.003016181,1
3,45,3,8,0.125,0.660365604,2
3,45,34,8,0.125,0.504336163,3
3,45,43,8,0.125,0.501378216,4
3,45,48,8,0.125,0.801213019,5
3,45,51,8,0.125,0.730993047,6
3,45,67,8,0.125,3.256569922,7
3,45,88,8,0.125,0.542127848,8
3,46,4,8,0.125,1.286499962,1
3,46,13,8,0.125,0.709154248,2
3,46,26,8,0.125,0.771222092,3
3,46,33,8,0.125,1.803642377,4
3,46,40,8,0.125,0.727365457,5
3,46,54,8,0.125,1.192150652,6
3,46,79,8,0.125,0.769712679,7
3,46,102,8,0.125,0.740252532,8
3,47,0,8,0.125,1.480127245,1
3,47,17,8,0.125,1.275940984,2
3,47,23,8,0.125,1.087139189,3
3,47,39,8,0.125,1.368901744,4
3,47,42,8,0.125,0.532934308,5
3,47,80,8,0.125,1.350293174,6
3,47,106,8,0.125,0.456753086,7
3,47,96,6,0.09375,0.335791364,8
3,47,119,2,0.03125,0.112118904,0
4,0,4,8,0.125,0.431414396,1
4,0,18,8,0.125,2.463299215,2
4,0,38,8,0.125,0.700254858,3
4,0,79,8,0.125,0.580531657,4
4,0,86,8,0.125,1.308248252,5
4,0,100,8,0.125,1.228985637,6
4,0,101,8,0.125,0.805988356,7
4,0,118,8,0.125,0.48127763,8
4,1,2,8,0.125,1.215126932,1
4,1,13,8,0.125,0.718547143,2
4,1,21,8,0.125,1.007375613,3
4,1,34,8,0.125,1.106385633,4
4,1,67,8,0.125,1.270966694,5
4,1,91,8,0.125,0.875223078,6
4,1,101,8,0.125,1.089232758,7
4,1,36,6,0.09375,0.536152057,8
4,1,109,2,0.03125,0.180990092,0
4,2,46,8,0.125,0.732343577,1
4,2,56,8,0.125,1.226442292,2
4,2,64,8,0.125,0.665494539,3
4,2,71,8,0.125,1.27776894,4
4,2,72,8,0.125,1.397975117,5
4,2,77,8,0.125,1.313206717,6
4,2,81,8,0.125,0.700149216,7
4,2,95,8,0.125,0.686619602,8
4,3,3,8,0.125,1.097844049,1
4,3,37,8,0.125,0.841711536,2
4,3,56,8,0.125,0.86506328,3
4,3,71,8,0.125,1.148294687,4
4,3,97,8,0.125,1.082902223,5
4,3,101,8,0.125,0.987898827,6
4,3,108,8,0.125,0.922622383,7
4,3,118,8,0.125,1.053663015,8
4,4,12,8,0.125,1.334016204,1
4,4,33,8,0.125,0.781199224,2
4,4,52,8,0.125,1.379086763,3
4,4,53,8,0.125,0.810711429,4
4,4,107,8,0.125,1.188833252,5
4,4,108,8,0.125,1.02084884,6
4,4,121,8,0.125,0.809230044,7
4,4,60,4,0.0625,0.334922098,8
4,4,82,4,0.0625,0.341152146,0
4,5,4,8,0.125,0.933763318,1
4,5,12,8,0.125,0.863406479,2
4,5,17,8,0.125,1.215048283,3
4,5,41,8,0.125,0.901323862,4
4,5,63,8,0.125,0.957447983,5
4,5,65,8,0.125,1.049608782,6
4,5,73,8,0.125,0.899459995,7
4,5,104,8,0.125,1.179941297,8
4,6,25,8,0.125,0.84218552,1
4,6,32,8,0.125,0.988635108,2
4,6,33,8,0.125,0.900007986,3
4,6,39,8,0.125,1.013936698,4
4,6,58,8,0.125,0.952451952,5
4,6,62,8,0.125,0.852109678,6
4,6,74,8,0.125,1.332733423,7
4,6,112,8,0.125,1.117939636,8
4,7,19,8,0.125,1.266086742,1
4,7,24,8,0.125,1.334386677,2
4,7,44,8,0.125,0.946303867,3
4,7,63,8,0.125,0.935188778,4
4,7,88,8,0.125,0.860076591,5
4,7,119,8,0.125,0.849832185,6
4,7,125,8,0.125,0.976247557,7
4,7,52,4,0.0625,0.408909515,8
4,7,75,4,0.0625,0.42296809,0
4,8,22,8,0.125,1.354347363,1
4,8,45,8,0.125,1.012025937,2
4,8,53,8,0.125,1.126799822,3
4,8,68,8,0.125,0.914287113,4
4,8,92,8,0.125,0.888149865,5
4,8,100,6,0.09375,0.682664163,6
4,8,9,5,0.078125,0.591122448,7
4,8,23,4,0.0625,0.448869392,8
4,8,118,4,0.0625,0.442530468,0
4,8,17,3,0.046875,0.322980963,0
4,8,38,2,0.03125,0.216222465,0
4,9,2,8,0.125,0.79667332,1
4,9,8,8,0.125,1.553244963,2
4,9,13,8,0.125,1.09890534,3
4,9,39,8,0.125,1.009089328,4
4,9,69,8,0.125,1.114404827,5
4,9,82,8,0.125,0.883432366,6
4,9,0,6,0.09375,0.592821054,7
4,9,6,6,0.09375,0.565893471,8
4,9,95,4,0.0625,0.38553533,0
4,10,1,8,0.125,1.094728068,1
4,10,5,8,0.125,0.930448666,2
4,10,6,8,0.125,1.027902439,3
4,10,9,8,0.125,1.061522216,4
4,10,19,8,0.125,1.054801479,5
4,10,98,8,0.125,0.960223831,6
4,10,92,6,0.09375,0.703578189,7
4,10,36,4,0.0625,0.456952944,8
4,10,78,4,0.0625,0.481109194,0
4,10,54,2,0.03125,0.228732973,0
4,11,3,8,0.125,1.214092821,1
4,11,4,8,0.125,1.02495645,2
4,11,25,8,0.125,1.05727981,3
4,11,48,8,0.125,1.115304589,4
4,11,52,8,0.125,0.991524145,5
4,11,72,8,0.125,0.754360437,6
4,11,108,8,0.125,0.72106716,7
4,11,121,8,0.125,1.121414587,8
4,12,8,8,0.125,0.938205257,1
4,12,18,8,0.125,1.028623067,2
4,12,28,8,0.125,1.050983638,3
4,12,65,8,0.125,1.242657498,4
4,12,78,8,0.125,1.057123259,5
4,12,92,8,0.125,1.062205642,6
4,12,91,6,0.09375,0.642731905,7
4,12,41,5,0.078125,0.480607003,8
4,12,85,5,0.078125,0.496862732,0
4,13,20,8,0.125,0.728240281,1
4,13,52,8,0.125,1.411847487,2
4,13,91,8,0.125,0.808856547,3
4,13,104,8,0.125,0.998663537,4
4,13,117,8,0.125,1.004029132,5
4,13,119,8,0.125,1.651598692,6
4,13,92,5,0.078125,0.43869628,7
4,13,58,4,0.0625,0.357019648,8
4,13,61,4,0.0625,0.342301019,0
4,13,0,3,0.046875,0.258747377,0
4,14,2,8,0.125,0.782557875,1
4,14,19,8,0.125,0.742034219,2
4,14,49,8,0.125,2.351217687,3
4,14,66,8,0.125,0.923366576,4
4,14,92,8,0.125,0.862082914,5
4,14,109,8,0.125,1.026365981,6
4,14,14,6,0.09375,0.480873987,7
4,14,113,6,0.09375,0.483903244,8
4,14,5,4,0.0625,0.347597517,0
4,15,0,8,0.125,1.137536615,1
4,15,14,8,0.125,0.952922113,2
4,15,25,8,0.125,0.910341874,3
4,15,58,8,0.125,1.003395058,4
4,15,84,8,0.125,1.022955,5
4,15,125,8,0.125,0.978580512,6
4,15,127,8,0.125,1.100429416,7
4,15,49,4,0.0625,0.481663726,8
4,15,50,4,0.0625,0.412175685,0
4,16,35,8,0.125,0.878613353,1
4,16,42,8,0.125,0.924462207,2
4,16,48,8,0.125,0.974775344,3
4,16,82,8,0.125,0.896531574,4
4,16,93,8,0.125,1.030855119,5
4,16,97,8,0.125,1.336031914,6
4,16,100,8,0.125,1.055574179,7
4,16,107,8,0.125,0.90315631,8
4,17,73,8,0.125,1.168546945,1
4,17,75,8,0.125,0.750533856,2
4,17,80,8,0.125,0.952246159,3
4,17,90,8,0.125,0.829545736,4
4,17,100,8,0.125,0.971766643,5
4,17,116,8,0.125,1.134691209,6
4,17,124,8,0.125,1.446435124,7
4,17,22,5,0.078125,0.444227614,8
4,17,21,3,0.046875,0.302006714,0
4,18,25,8,0.125,0.898238041,1
4,18,32,8,0.125,1.108530596,2
4,18,58,8,0.125,0.861567594,3
4,18,74,8,0.125,1.104611129,4
4,18,82,8,0.125,0.935705863,5
4,18,87,8,0.125,0.867304087,6
4,18,112,8,0.125,1.364340797,7
4,18,20,6,0.09375,0.661859535,8
4,18,12,2,0.03125,0.19784236,0
4,19,19,8,0.125,0.943259567,1
4,19,28,8,0.125,1.371694058,2
4,19,29,8,0.125,0.901648954,3
4,19,44,8,0.125,0.922741517,4
4,19,52,8,0.125,0.921196371,5
4,19,75,8,0.125,1.158198476,6
4,19,63,7,0.109375,0.867312275,7
4,19,114,6,0.09375,0.607564516,8
4,19,88,2,0.03125,0.204631627,0
4,19,59,1,0.015625,0.101752639,0
4,20,9,8,0.125,1.034661435,1
4,20,85,8,0.125,0.819912754,2
4,20,118,8,0.125,0.831671752,3
4,20,123,8,0.125,1.371012464,4
4,20,124,8,0.125,1.398971155,5
4,20,68,5,0.078125,0.468734503,6
4,20,76,5,0.078125,0.516454637,7
4,20,65,4,0.0625,0.510529779,8
4,20,92,4,0.0625,0.417388514,0
4,20,45,3,0.046875,0.315875202,0
4,20,114,3,0.046875,0.314787805,0
4,21,2,8,0.125,0.937654786,1
4,21,6,8,0.125,0.695405081,2
4,21,8,8,0.125,1.513703793,3
4,21,13,8,0.125,0.928553179,4
4,21,39,8,0.125,1.618911371,5
4,21,63,8,0.125,0.705330335,6
4,21,11,7,0.109375,0.586116321,7
4,21,69,4,0.0625,0.611904055,8
4,21,84,2,0.03125,0.171246521,0
4,21,14,1,0.015625,0.074168392,0
4,21,38,1,0.015625,0.078140132,0
4,21,51,1,0.015625,0.078866035,0
4,22,1,8,0.125,1.017642714,1
4,22,9,8,0.125,1.147903293,2
4,22,71,8,0.125,1.137124911,3
4,22,114,8,0.125,1.067953631,4
4,22,54,6,0.09375,0.699809887,5
4,22,66,5,0.078125,0.466261156,6
4,22,92,5,0.078125,0.673823565,7
4,22,0,3,0.046875,0.261063419,8
4,22,36,3,0.046875,0.340266392,0
4,22,68,3,0.046875,0.369798943,0
4,22,78,3,0.046875,0.425862849,0
4,22,58,2,0.03125,0.211327069,0
4,22,5,1,0.015625,0.096240893,0
4,22,8,1,0.015625,0.084921278,0
4,23,4,8,0.125,1.354000822,1
4,23,14,8,0.125,0.976322792,2
4,23,31,8,0.125,0.989176959,3
4,23,65,8,0.125,0.832652196,4
4,23,121,8,0.125,0.955870681,5
4,23,120,6,0.09375,0.753683746,6
4,23,15,5,0.078125,0.634539865,7
4,23,76,5,0.078125,0.520387113,8
4,23,3,3,0.046875,0.456620812,0
4,23,125,2,0.03125,0.229646824,0
4,23,5,1,0.015625,0.093726709,0
4,23,48,1,0.015625,0.103019401,0
4,23,54,1,0.015625,0.100352079,0
4,24,11,8,0.125,0.969783291,1
4,24,28,8,0.125,1.215849072,2
4,24,59,8,0.125,0.884530544,3
4,24,92,8,0.125,1.206147775,4
4,24,109,8,0.125,0.991983734,5
4,24,37,7,0.109375,0.814386636,6
4,24,101,7,0.109375,0.806643181,7
4,24,91,4,0.0625,0.455312714,8
4,24,85,2,0.03125,0.245963082,0
4,24,8,1,0.015625,0.109539159,0
4,24,57,1,0.015625,0.097556144,0
4,24,96,1,0.015625,0.104523011,0
4,24,111,1,0.015625,0.097781658,0
4,25,85,8,0.125,0.733694144,1
4,25,99,8,0.125,1.111903213,2
4,25,119,8,0.125,2.396541059,3
4,25,13,7,0.109375,0.844136007,4
4,25,20,7,0.109375,0.591492325,5
4,25,86,5,0.078125,0.422301985,6
4,25,52,4,0.0625,0.376055233,7
4,25,72,4,0.0625,0.333107986,8
4,25,31,3,0.046875,0.28340929,0
4,25,93,3,0.046875,0.257337719,0
4,25,92,2,0.03125,0.170533136,0
4,25,110,2,0.03125,0.184006959,0
4,25,0,1,0.015625,0.104429081,0
4,25,104,1,0.015625,0.09294983,0
4,25,122,1,0.015625,0.098102033,0
4,26,19,8,0.125,1.09637855,1
4,26,49,8,0.125,1.604677215,2
4,26,91,8,0.125,0.954685092,3
4,26,113,8,0.125,0.88475325,4
4,26,116,8,0.125,0.992641881,5
4,26,29,7,0.109375,0.750845365,6
4,26,59,7,0.109375,0.685498886,7
4,26,2,6,0.09375,0.631280847,8
4,26,66,1,0.015625,0.098174311,0
4,26,81,1,0.015625,0.101290762,0
4,26,94,1,0.015625,0.10288585,0
4,26,109,1,0.015625,0.096887991,0
4,27,15,8,0.125,1.236196309,1
4,27,79,8,0.125,1.018069126,2
4,27,84,8,0.125,1.091708444,3
4,27,26,7,0.109375,0.748613611,4
4,27,50,7,0.109375,0.859115578,5
4,27,111,7,0.109375,0.88880197,6
4,27,63,6,0.09375,0.716757789,7
4,27,21,4,0.0625,0.422000021,8
4,27,88,3,0.046875,0.31172923,0
4,27,11,2,0.03125,0.22362563,0
4,27,122,2,0.03125,0.239123173,0
4,27,49,1,0.015625,0.138255179,0
4,27,125,1,0.015625,0.10600394,0
4,28,42,8,0.125,0.813023828,1
4,28,70,8,0.125,1.193455905,2
4,28,82,8,0.125,0.965374261,3
4,28,98,8,0.125,1.204362519,4
4,28,122,8,0.125,1.371209353,5
4,28,107,7,0.109375,0.708290495,6
4,28,49,6,0.09375,0.607422493,7
4,28,10,4,0.0625,0.405825108,8
4,28,53,4,0.0625,0.390325584,0
4,28,97,2,0.03125,0.227505706,0
4,28,48,1,0.015625,0.113204747,0
4,29,50,8,0.125,0.840231568,1
4,29,72,8,0.125,1.441560812,2
4,29,75,8,0.125,1.019987747,3
4,29,120,8,0.125,0.886474051,4
4,29,124,8,0.125,1.542539023,5
4,29,13,6,0.09375,0.587224528,6
4,29,116,5,0.078125,0.474321879,7
4,29,61,4,0.0625,0.381425127,8
4,29,93,3,0.046875,0.361308947,0
4,29,37,2,0.03125,0.151725292,0
4,29,22,1,0.015625,0.070920259,0
4,29,30,1,0.015625,0.082056731,0
4,29,99,1,0.015625,0.069534242,0
4,29,123,1,0.015625,0.090689793,0
4,30,58,8,0.125,1.081398971,1
4,30,74,8,0.125,1.119081974,2
4,30,82,7,0.109375,0.947644606,3
4,30,104,7,0.109375,0.826663211,4
4,30,55,6,0.09375,0.668138511,5
4,30,39,5,0.078125,0.593348019,6
4,30,120,5,0.078125,0.702552833,7
4,30,6,3,0.046875,0.319707468,8
4,30,25,3,0.046875,0.339715034,0
4,30,94,3,0.046875,0.332260184,0
4,30,32,2,0.03125,0.253064252,0
4,30,12,1,0.015625,0.107249051,0
4,30,18,1,0.015625,0.110947832,0
4,30,48,1,0.015625,0.101724871,0
4,30,83,1,0.015625,0.1512454,0
4,30,87,1,0.015625,0.103326768,0
4,30,107,1,0.015625,0.097611628,0
4,30,126,1,0.015625,0.144319385,0
4,31,28,8,0.125,1.018665805,1
4,31,63,8,0.125,0.978643425,2
4,31,24,7,0.109375,0.762713261,3
4,31,44,7,0.109375,0.795351207,4
4,31,29,6,0.09375,0.695505731,5
4,31,10,5,0.078125,0.554410383,6
4,31,115,5,0.078125,0.561297745,7
4,31,19,4,0.0625,0.488259032,8
4,31,56,4,0.0625,0.927826166,0
4,31,31,2,0.03125,0.240634695,0
4,31,39,2,0.03125,0.240167812,0
4,31,106,2,0.03125,0.267932519,0
4,31,36,1,0.015625,0.102713272,0
4,31,59,1,0.015625,0.140392393,0
4,31,79,1,0.015625,0.118222259,0
4,31,114,1,0.015625,0.107264295,0
4,32,118,8,0.125,1.035225697,1
4,32,68,7,0.109375,0.755117282,2
4,32,85,7,0.109375,0.850473292,3
4,32,6,6,0.09375,0.657289937,4
4,32,9,6,0.09375,1.423691481,5
4,32,92,6,0.09375,0.618980795,6
4,32,90,5,0.078125,0.511680968,7
4,32,10,3,0.046875,0.450667582,8
4,32,45,3,0.046875,0.296090111,0
4,32,76,3,0.046875,0.335192926,0
4,32,72,2,0.03125,0.214649059,0
4,32,124,2,0.03125,0.219390318,0
4,32,3,1,0.015625,0.09718316,0
4,32,23,1,0.015625,0.102263987,0
4,32,42,1,0.015625,0.119166292,0
4,32,50,1,0.015625,0.105162919,0
4,32,54,1,0.015625,0.105510205,0
4,32,57,1,0.015625,0.102263987,0
4,33,39,8,0.125,1.454691723,1
4,33,8,7,0.109375,1.250180557,2
4,33,13,7,0.109375,0.799059011,3
4,33,14,6,0.09375,0.624078244,4
4,33,63,6,0.09375,0.587640956,5
4,33,11,5,0.078125,0.533512339,6
4,33,51,5,0.078125,0.590260528,7
4,33,69,5,0.078125,0.53009551,8
4,33,6,4,0.0625,0.408085525,0
4,33,2,3,0.046875,0.342094675,0
4,33,56,3,0.046875,0.381987721,0
4,33,15,2,0.03125,0.164736405,0
4,33,25,1,0.015625,0.11533846,0
4,33,81,1,0.015625,0.118473575,0
4,33,84,1,0.015625,0.099764772,0
4,34,114,8,0.125,1.047737233,1
4,34,1,7,0.109375,1.078864485,2
4,34,92,7,0.109375,0.825142883,3
4,34,7,6,0.09375,1.278617501,4
4,34,5,5,0.078125,0.553045571,5
4,34,0,4,0.0625,0.395455457,6
4,34,9,4,0.0625,0.491693631,7
4,34,22,4,0.0625,0.41959016,8
4,34,29,4,0.0625,0.447972022,0
4,34,75,4,0.0625,0.427406706,0
4,34,81,4,0.0625,0.353406541,0
4,34,10,2,0.03125,0.18017406,0
4,34,58,2,0.03125,0.217356436,0
4,34,20,1,0.015625,0.100154549,0
4,34,42,1,0.015625,0.086309649,0
4,34,68,1,0.015625,0.097073115,0
4,35,36,8,0.125,1.02713488,1
4,35,4,6,0.09375,1.161855549,2
4,35,121,6,0.09375,0.732268333,3
4,35,15,5,0.078125,0.585625008,4
4,35,51,5,0.078125,0.649571925,5
4,35,120,5,0.078125,0.682886899,6
4,35,62,4,0.0625,0.399275489,7
4,35,94,4,0.0625,0.434665844,8
4,35,96,3,0.046875,0.350190237,0
4,35,110,3,0.046875,0.414292596,0
4,35,5,2,0.03125,0.212963015,0
4,35,11,2,0.03125,0.187715806,0
4,35,14,2,0.03125,0.213521115,0
4,35,77,2,0.03125,0.228525408,0
4,35,101,2,0.03125,0.181940384,0
4,35,48,1,0.015625,0.103915341,0
4,35,53,1,0.015625,0.115701191,0
4,35,81,1,0.015625,0.105551764,0
4,35,82,1,0.015625,0.111681022,0
4,35,108,1,0.015625,0.100718193,0
4,36,28,8,0.125,1.028605632,1
4,36,59,8,0.125,0.912267007,2
4,36,18,6,0.09375,0.6678802,3
4,36,108,6,0.09375,1.452397421,4
4,36,57,5,0.078125,0.640037611,5
4,36,92,4,0.0625,0.468632132,6
4,36,11,3,0.046875,0.304003939,7
4,36,62,3,0.046875,0.344591126,8
4,36,85,3,0.046875,0.312347367,0
4,36,91,3,0.046875,0.297146395,0
4,36,115,3,0.046875,0.324017152,0
4,36,50,2,0.03125,0.18785508,0
4,36,101,2,0.03125,0.237928785,0
4,36,111,2,0.03125,0.206655286,0
4,36,122,2,0.03125,0.218161546,0
4,36,14,1,0.015625,0.096501783,0
4,36,17,1,0.015625,0.098021463,0
4,36,41,1,0.015625,0.099683337,0
4,36,109,1,0.015625,0.103266738,0
4,37,27,8,0.125,1.226933464,1
4,37,91,8,0.125,0.756955095,2
4,37,119,8,0.125,1.598461702,3
4,37,20,6,0.09375,1.070879869,4
4,37,110,6,0.09375,0.618793108,5
4,37,13,5,0.078125,0.51829534,6
4,37,52,4,0.0625,0.359692775,7
4,37,86,4,0.0625,0.469770782,8
4,37,92,3,0.046875,0.263996333,0
4,37,104,3,0.046875,0.282618172,0
4,37,72,2,0.03125,0.170463085,0
4,37,71,1,0.015625,0.111096524,0
4,37,82,1,0.015625,0.079403669,0
4,37,85,1,0.015625,0.13400799,0
4,37,103,1,0.015625,0.080119751,0
4,37,112,1,0.015625,0.088589698,0
4,37,122,1,0.015625,0.089268498,0
4,37,125,1,0.015625,0.080654144,0
4,38,49,8,0.125,2.36413224,1
4,38,2,6,0.09375,0.520606589,2
4,38,19,5,0.078125,0.575857051,3
4,38,27,5,0.078125,0.405631848,4
4,38,92,5,0.078125,0.397991836,5
4,38,113,5,0.078125,0.441678569,6
4,38,97,4,0.0625,0.348594598,7
4,38,125,4,0.0625,1.404386878,8
4,38,31,3,0.046875,0.201510128,0
4,38,91,3,0.046875,0.218770482,0
4,38,108,3,0.046875,0.214409947,0
4,38,109,3,0.046875,0.21740289,0
4,38,5,2,0.03125,0.122832295,0
4,38,29,2,0.03125,0.170563549,0
4,38,94,2,0.03125,0.130317669,0
4,38,69,1,0.015625,0.066032693,0
4,38,83,1,0.015625,0.07139837,0
4,38,102,1,0.015625,0.069254532,0
4,38,110,1,0.015625,0.058627836,0
4,39,0,8,0.125,1.142693751,1
4,39,25,8,0.125,1.457997799,2
4,39,14,7,0.109375,0.730529062,3
4,39,125,7,0.109375,0.742553644,4
4,39,48,6,0.09375,0.522017263,5
4,39,84,6,0.09375,0.645701244,6
4,39,50,5,0.078125,0.501886658,7
4,39,11,4,0.0625,0.646984264,8
4,39,75,4,0.0625,0.816583484,0
4,39,110,4,0.0625,0.369110733,0
4,39,15,2,0.03125,0.154345974,0
4,39,32,1,0.015625,0.067054927,0
4,39,49,1,0.015625,0.109952174,0
4,39,91,1,0.015625,0.092589021,0
4,40,35,8,0.125,1.629845187,1
4,40,82,8,0.125,1.314414434,2
4,40,42,7,0.109375,1.180861227,3
4,40,49,6,0.09375,0.566515073,4
4,40,48,5,0.078125,0.382918008,5
4,40,98,5,0.078125,0.417958461,6
4,40,28,4,0.0625,0.418072015,7
4,40,107,4,0.0625,0.678353772,8
4,40,122,4,0.0625,0.500594497,0
4,40,94,3,0.046875,0.197654691,0
4,40,113,3,0.046875,0.223189622,0
4,40,97,2,0.03125,0.122821614,0
4,40,1,1,0.015625,0.071443975,0
4,40,10,1,0.015625,0.067965604,0
4,40,19,1,0.015625,0.055055421,0
4,40,53,1,0.015625,0.0802297,0
4,40,70,1,0.015625,0.0921067,0
4,41,49,8,0.125,1.902074963,1
4,41,116,7,0.109375,0.890539713,2
4,41,37,6,0.09375,0.521422058,3
4,41,99,6,0.09375,0.94000788,4
4,41,118,6,0.09375,0.563155428,5
4,41,80,5,0.078125,0.41241765,6
4,41,124,5,0.078125,0.604418851,7
4,41,61,4,0.0625,0.316017628,8
4,41,34,3,0.046875,0.363300771,0
4,41,59,3,0.046875,0.417061321,0
4,41,88,3,0.046875,0.444680601,0
4,41,50,2,0.03125,0.136542656,0
4,41,105,2,0.03125,0.133384854,0
4,41,123,2,0.03125,0.153923854,0
4,41,6,1,0.015625,0.098170243,0
4,41,75,1,0.015625,0.102881528,0
4,42,4,8,0.125,1.081884317,1
4,42,66,8,0.125,2.732153654,2
4,42,70,8,0.125,1.054481782,3
4,42,30,6,0.09375,0.386501875,4
4,42,106,6,0.09375,0.428277176,5
4,42,33,4,0.0625,0.226613361,6
4,42,63,4,0.0625,0.236759167,7
4,42,17,3,0.046875,0.434290923,8
4,42,53,3,0.046875,0.172733977,0
4,42,76,3,0.046875,0.160807703,0
4,42,111,3,0.046875,0.41316171,0
4,42,25,2,0.03125,0.164705776,0
4,42,56,2,0.03125,0.262783051,0
4,42,114,2,0.03125,0.117661506,0
4,42,67,1,0.015625,0.055793557,0
4,42,88,1,0.015625,0.071390465,0
4,43,18,8,0.125,0.918210663,1
4,43,80,8,0.125,0.738412425,2
4,43,111,8,0.125,2.791877553,3
4,43,45,7,0.109375,0.731813632,4
4,43,11,6,0.09375,0.479618691,5
4,43,61,6,0.09375,0.610981368,6
4,43,41,4,0.0625,0.314654738,7
4,43,75,4,0.0625,0.31919419,8
4,43,83,4,0.0625,0.387438573,0
4,43,86,3,0.046875,0.223901898,0
4,43,10,1,0.015625,0.063910037,0
4,43,39,1,0.015625,0.081939586,0
4,43,74,1,0.015625,0.082178712,0
4,43,91,1,0.015625,0.091676973,0
4,43,98,1,0.015625,0.08454062,0
4,43,99,1,0.015625,0.079650342,0
4,44,15,8,0.125,0.733941302,1
4,44,42,8,0.125,1.756661996,2
4,44,62,8,0.125,1.12230733,3
4,44,79,8,0.125,0.903167315,4
4,44,96,8,0.125,0.94533693,5
4,44,5,6,0.09375,0.949435264,6
4,44,50,6,0.09375,0.574353792,7
4,44,49,4,0.0625,0.343114711,8
4,44,40,2,0.03125,0.156409241,0
4,44,103,2,0.03125,0.182073869,0
4,44,127,2,0.03125,0.153351434,0
4,44,12,1,0.015625,0.08502052,0
4,44,24,1,0.015625,0.094826296,0
4,45,48,8,0.125,1.418384939,1
4,45,51,8,0.125,1.471214101,2
4,45,89,8,0.125,1.466653928,3
4,45,88,7,0.109375,0.699437559,4
4,45,1,6,0.09375,0.719507009,5
4,45,4,6,0.09375,0.477378801,6
4,45,34,4,0.0625,0.285493575,7
4,45,43,4,0.0625,0.35339082,8
4,45,3,3,0.046875,0.255280487,0
4,45,7,2,0.03125,0.121391654,0
4,45,18,2,0.03125,0.172114231,0
4,45,67,2,0.03125,0.131324656,0
4,45,77,2,0.03125,0.260349326,0
4,45,19,1,0.015625,0.086664833,0
4,45,29,1,0.015625,0.081414081,0
4,46,33,8,0.125,1.264658108,1
4,46,40,8,0.125,0.819752522,2
4,46,43,8,0.125,1.344708875,3
4,46,54,8,0.125,1.150045194,4
4,46,107,8,0.125,0.840898082,5
4,46,102,6,0.09375,0.74877803,6
4,46,26,5,0.078125,0.459873609,7
4,46,4,4,0.0625,0.498757303,8
4,46,46,3,0.046875,0.304319769,0
4,46,76,3,0.046875,0.269178703,0
4,46,90,3,0.046875,0.299029805,0
4,47,17,8,0.125,1.482299417,1
4,47,23,8,0.125,1.2007263,2
4,47,39,8,0.125,1.239188164,3
4,47,42,8,0.125,0.601346664,4
4,47,61,8,0.125,1.53184703,5
4,47,80,8,0.125,0.842044517,6
4,47,110,8,0.125,0.581866592,7
4,47,48,7,0.109375,0.464154284,8
4,47,19,1,0.015625,0.05652703,0
5,0,12,8,0.125,0.762876496,1
5,0,24,8,0.125,0.787092745,2
5,0,29,8,0.125,0.632446781,3
5,0,47,8,0.125,0.508185185,4
5,0,66,8,0.125,2.041563243,5
5,0,67,8,0.125,1.773740947,6
5,0,77,8,0.125,0.799487643,7
5,0,86,8,0.125,0.69460696,8
5,1,13,8,0.125,1.412657619,1
5,1,14,8,0.125,0.52994626,2
5,1,36,8,0.125,1.224951267,3
5,1,38,8,0.125,0.763576128,4
5,1,67,8,0.125,0.792429097,5
5,1,91,8,0.125,1.102336943,6
5,1,101,8,0.125,1.369194686,7
5,1,109,8,0.125,0.804908,8
5,2,49,8,0.125,1.218118906,1
5,2,56,8,0.125,0.969262213,2
5,2,60,8,0.125,0.709127419,3
5,2,70,8,0.125,0.744610965,4
5,2,71,8,0.125,1.635946199,5
5,2,72,8,0.125,1.056253508,6
5,2,74,8,0.125,0.89992854,7
5,2,121,8,0.125,0.76675225,8
5,3,3,8,0.125,1.039295688,1
5,3,37,8,0.125,0.66449023,2
5,3,56,8,0.125,0.635298312,3
5,3,71,8,0.125,1.234198421,4
5,3,73,8,0.125,0.649106972,5
5,3,97,8,0.125,1.987672627,6
5,3,117,8,0.125,0.674954459,7
5,3,118,8,0.125,1.11498329,8
5,4,6,8,0.125,0.886998832,1
5,4,12,8,0.125,1.154606402,2
5,4,14,8,0.125,0.863078699,3
5,4,37,8,0.125,0.916941494,4
5,4,43,8,0.125,0.913375899,5
5,4,60,8,0.125,0.911589622,6
5,4,108,8,0.125,0.949758902,7
5,4,127,8,0.125,1.40365015,8
5,5,4,8,0.125,1.677289397,1
5,5,6,8,0.125,0.722802937,2
5,5,12,8,0.125,1.023309425,3
5,5,46,8,0.125,1.037389502,4
5,5,63,8,0.125,0.697836481,5
5,5,65,8,0.125,1.417943344,6
5,5,73,8,0.125,0.699202761,7
5,5,85,8,0.125,0.724226154,8
5,6,32,8,0.125,0.878460906,1
5,6,33,8,0.125,1.009134203,2
5,6,39,8,0.125,0.833357722,3
5,6,49,8,0.125,0.995426618,4
5,6,74,8,0.125,1.196044922,5
5,6,82,8,0.125,1.21962215,6
5,6,92,8,0.125,0.812443644,7
5,6,121,8,0.125,1.055509835,8
5,7,15,8,0.125,1.017210171,1
5,7,19,8,0.125,1.368805945,2
5,7,28,8,0.125,0.7753722,3
5,7,29,8,0.125,0.732668944,4
5,7,44,8,0.125,1.095584005,5
5,7,63,8,0.125,1.061876416,6
5,7,68,8,0.125,0.775382042,7
5,7,114,8,0.125,1.173100278,8
5,8,4,8,0.125,0.749903016,1
5,8,22,8,0.125,0.752827071,2
5,8,23,8,0.125,0.957267448,3
5,8,50,8,0.125,1.425833866,4
5,8,54,8,0.125,0.883595489,5
5,8,68,8,0.125,1.241201907,6
5,8,76,8,0.125,0.972349145,7
5,8,123,8,0.125,1.017022058,8
5,9,0,8,0.125,0.84464734,1
5,9,7,8,0.125,0.805968106,2
5,9,8,8,0.125,0.707129292,3
5,9,23,8,0.125,0.868070342,4
5,9,39,8,0.125,2.278151453,5
5,9,67,8,0.125,0.748327903,6
5,9,82,8,0.125,0.96653451,7
5,9,95,8,0.125,0.781171054,8
5,10,1,8,0.125,1.553416401,1
5,10,6,8,0.125,0.895551443,2
5,10,19,8,0.125,0.833112173,3
5,10,36,8,0.125,0.974009566,4
5,10,48,8,0.125,0.885115504,5
5,10,71,8,0.125,1.065562531,6
5,10,92,8,0.125,0.977826476,7
5,10,59,6,0.09375,0.613036156,8
5,10,5,1,0.015625,0.100904018,0
5,10,66,1,0.015625,0.101465732,0
5,11,22,8,0.125,1.104908437,1
5,11,25,8,0.125,1.173863292,2
5,11,31,8,0.125,0.952486597,3
5,11,48,8,0.125,0.8471388,4
5,11,52,8,0.125,0.838904016,5
5,11,75,8,0.125,0.963715218,6
5,11,81,8,0.125,1.153411061,7
5,11,121,8,0.125,0.965572581,8
5,12,18,8,0.125,1.03402926,1
5,12,28,8,0.125,0.835735761,2
5,12,37,8,0.125,0.914259367,3
5,12,41,8,0.125,0.867302284,4
5,12,59,8,0.125,0.980851501,5
5,12,92,8,0.125,1.65230304,6
5,12,109,8,0.125,0.919644699,7
5,12,91,5,0.078125,0.499111518,8
5,12,11,3,0.046875,0.296762571,0
5,13,1,8,0.125,1.259240165,1
5,13,20,8,0.125,1.013807461,2
5,13,27,8,0.125,1.035835534,3
5,13,52,8,0.125,0.937618591,4
5,13,91,8,0.125,0.833945423,5
5,13,92,8,0.125,1.025770769,6
5,13,104,8,0.125,0.956120767,7
5,13,119,8,0.125,0.93766129,8
5,14,2,8,0.125,1.484334692,1
5,14,5,8,0.125,0.996567316,2
5,14,24,8,0.125,0.925246112,3
5,14,61,8,0.125,0.900286987,4
5,14,87,8,0.125,0.986849084,5
5,14,113,8,0.125,1.010246709,6
5,14,15,7,0.109375,0.741670147,7
5,14,109,7,0.109375,0.744665012,8
5,14,14,2,0.03125,0.21013394,0
5,15,21,8,0.125,0.843803361,1
5,15,26,8,0.125,0.838868,2
5,15,50,8,0.125,1.196903154,3
5,15,58,8,0.125,1.261714026,4
5,15,84,8,0.125,1.227718905,5
5,15,106,8,0.125,0.845430046,6
5,15,125,8,0.125,1.021785051,7
5,15,46,5,0.078125,0.476631261,8
5,15,127,3,0.046875,0.287146196,0
5,16,23,8,0.125,0.78214673,1
5,16,42,8,0.125,0.837430321,2
5,16,48,8,0.125,1.032052636,3
5,16,93,8,0.125,1.142438084,4
5,16,97,8,0.125,0.96009618,5
5,16,109,8,0.125,0.939684615,6
5,16,116,8,0.125,0.98093383,7
5,16,122,8,0.125,1.325217605,8
5,17,13,8,0.125,0.799023569,1
5,17,26,8,0.125,0.789643288,2
5,17,73,8,0.125,0.850479655,3
5,17,75,8,0.125,0.967525169,4
5,17,116,8,0.125,1.169371113,5
5,17,118,8,0.125,0.827567898,6
5,17,122,8,0.125,1.183096439,7
5,17,124,8,0.125,1.41329287,8
5,18,20,8,0.125,0.830200195,1
5,18,32,8,0.125,1.057762891,2
5,18,74,8,0.125,1.10846296,3
5,18,82,8,0.125,1.132528156,4
5,18,87,8,0.125,0.927975103,5
5,18,90,8,0.125,0.888941929,6
5,18,112,8,0.125,1.246324062,7
5,18,121,8,0.125,0.807804704,8
5,19,15,8,0.125,0.87796469,1
5,19,19,8,0.125,0.975616604,2
5,19,28,8,0.125,1.318012848,3
5,19,44,8,0.125,0.876248851,4
5,19,52,8,0.125,0.958656676,5
5,19,63,8,0.125,1.059035301,6
5,19,92,8,0.125,0.891850956,7
5,19,114,8,0.125,1.042614073,8
5,20,4,8,0.125,0.94854591,1
5,20,10,8,0.125,0.841997214,2
5,20,50,8,0.125,0.910396904,3
5,20,68,8,0.125,1.029579893,4
5,20,76,8,0.125,1.108976275,5
5,20,85,8,0.125,1.148592323,6
5,20,123,8,0.125,1.203772604,7
5,20,124,7,0.109375,0.707498088,8
5,20,54,1,0.015625,0.100640789,0
5,21,8,8,0.125,1.29011707,1
5,21,13,8,0.125,0.705649979,2
5,21,14,8,0.125,0.712472938,3
5,21,39,8,0.125,2.069664568,4
5,21,63,8,0.125,1.052970529,5
5,21,67,8,0.125,0.867839798,6
5,21,95,8,0.125,0.644935764,7
5,21,124,8,0.125,0.656349353,8
5,22,0,8,0.125,0.779920548,1
5,22,1,8,0.125,0.942611665,2
5,22,36,8,0.125,1.316331729,3
5,22,48,8,0.125,0.983952805,4
5,22,59,8,0.125,0.861699447,5
5,22,71,8,0.125,1.288348377,6
5,22,92,8,0.125,0.823740907,7
5,22,122,8,0.125,1.003394522,8
5,23,25,8,0.125,1.05941081,1
5,23,31,8,0.125,1.355037659,2
5,23,36,8,0.125,0.938612416,3
5,23,38,8,0.125,0.84794654,4
5,23,48,8,0.125,1.156763792,5
5,23,51,8,0.125,0.858001187,6
5,23,81,8,0.125,0.895589657,7
5,23,121,8,0.125,0.888637938,8
5,24,18,8,0.125,1.402352363,1
5,24,28,8,0.125,0.975229234,2
5,24,37,8,0.125,0.965721458,3
5,24,91,8,0.125,1.118085012,4
5,24,92,8,0.125,1.030019253,5
5,24,109,8,0.125,0.832484908,6
5,24,122,8,0.125,0.870800778,7
5,24,57,7,0.109375,0.704420157,8
5,24,59,1,0.015625,0.100886837,0
5,25,1,8,0.125,1.016206741,1
5,25,52,8,0.125,0.814970687,2
5,25,72,8,0.125,1.348851427,3
5,25,91,8,0.125,0.900307477,4
5,25,108,8,0.125,0.829389706,5
5,25,110,8,0.125,1.085969672,6
5,25,119,8,0.125,1.240223676,7
5,25,31,7,0.109375,0.668460153,8
5,25,124,1,0.015625,0.095620461,0
5,26,2,8,0.125,0.997183487,1
5,26,24,8,0.125,1.076116487,2
5,26,29,8,0.125,1.038947403,3
5,26,31,8,0.125,1.084574908,4
5,26,72,8,0.125,0.955320738,5
5,26,87,8,0.125,0.979800008,6
5,26,113,8,0.125,0.991378538,7
5,26,5,6,0.09375,0.658643737,8
5,26,91,2,0.03125,0.218034692,0
5,27,26,8,0.125,1.122508064,1
5,27,27,8,0.125,1.052493036,2
5,27,50,8,0.125,1.155943289,3
5,27,84,8,0.125,1.090092868,4
5,27,106,8,0.125,1.167307794,5
5,27,118,8,0.125,0.799157254,6
5,27,125,8,0.125,0.842408277,7
5,27,111,6,0.09375,0.582856603,8
5,27,14,2,0.03125,0.187232815,0
5,28,10,8,0.125,0.715703703,1
5,28,42,8,0.125,0.897688307,2
5,28,91,8,0.125,1.132576466,3
5,28,98,8,0.125,0.938938297,4
5,28,100,8,0.125,0.754517779,5
5,28,107,8,0.125,0.691007875,6
5,28,109,8,0.125,1.013214901,7
5,28,122,8,0.125,1.856352672,8
5,29,13,8,0.125,0.931761585,1
5,29,26,8,0.125,0.761910595,2
5,29,37,8,0.125,0.858324595,3
5,29,50,8,0.125,0.878669709,4
5,29,70,8,0.125,0.929917306,5
5,29,105,8,0.125,0.95938354,6
5,29,116,8,0.125,0.801602095,7
5,29,124,8,0.125,1.878430575,8
5,30,6,8,0.125,1.001372784,1
5,30,18,8,0.125,1.02116546,2
5,30,55,8,0.125,1.184544161,3
5,30,58,8,0.125,0.876858547,4
5,30,74,8,0.125,0.961159185,5
5,30,82,8,0.125,0.940735735,6
5,30,94,8,0.125,1.145856485,7
5,30,39,7,0.109375,0.759508833,8
5,30,93,1,0.015625,0.108798809,0
5,31,19,8,0.125,0.925215803,1
5,31,24,8,0.125,0.947181858,2
5,31,28,8,0.125,1.183376819,3
5,31,38,8,0.125,0.981048107,4
5,31,41,8,0.125,0.932461023,5
5,31,63,8,0.125,1.034164011,6
5,31,76,8,0.125,0.958314434,7
5,31,114,8,0.125,1.038237944,8
5,32,4,8,0.125,1.270575598,1
5,32,10,8,0.125,0.931378581,2
5,32,54,8,0.125,0.904444493,3
5,32,68,8,0.125,0.899193257,4
5,32,76,8,0.125,0.964677945,5
5,32,85,8,0.125,1.273006722,6
5,32,48,7,0.109375,0.769504592,7
5,32,74,7,0.109375,0.76507888,8
5,32,90,2,0.03125,0.222139932,0
5,33,8,8,0.125,0.856060639,1
5,33,13,8,0.125,0.725064658,2
5,33,14,8,0.125,0.740786061,3
5,33,39,8,0.125,2.139469177,4
5,33,63,8,0.125,1.052855745,5
5,33,67,8,0.125,0.92376554,6
5,33,124,8,0.125,0.866099522,7
5,33,51,6,0.09375,0.524440184,8
5,33,15,2,0.03125,0.171458475,0
5,34,0,8,0.125,0.93373099,1
5,34,1,8,0.125,1.155669481,2
5,34,5,8,0.125,0.797089256,3
5,34,36,8,0.125,1.062190056,4
5,34,59,8,0.125,0.840314008,5
5,34,75,8,0.125,1.070497558,6
5,34,92,8,0.125,1.348053247,7
5,34,29,7,0.109375,0.693646617,8
5,34,8,1,0.015625,0.098808788,0
5,35,6,8,0.125,0.943945684,1
5,35,15,8,0.125,0.900847778,2
5,35,17,8,0.125,0.83146672,3
5,35,31,8,0.125,1.118853867,4
5,35,36,8,0.125,0.733711883,5
5,35,48,8,0.125,1.00484769,6
5,35,51,8,0.125,1.709285766,7
5,35,70,8,0.125,0.757040612,8
5,36,11,8,0.125,0.935417645,1
5,36,18,8,0.125,1.36103113,2
5,36,37,8,0.125,0.995799638,3
5,36,57,8,0.125,0.953921713,4
5,36,59,8,0.125,0.919103786,5
5,36,62,8,0.125,0.882182956,6
5,36,91,8,0.125,0.806397758,7
5,36,109,8,0.125,1.146145374,8
5,37,1,8,0.125,0.846297204,1
5,37,27,8,0.125,1.270364165,2
5,37,72,8,0.125,1.032770917,3
5,37,86,8,0.125,0.818712741,4
5,37,91,8,0.125,1.462253943,5
5,37,110,8,0.125,1.042903215,6
5,37,119,8,0.125,0.80281847,7
5,37,108,7,0.109375,0.633599803,8
5,37,53,1,0.015625,0.090279542,0
5,38,2,8,0.125,1.105894476,1
5,38,24,8,0.125,0.858014658,2
5,38,29,8,0.125,1.002989672,3
5,38,31,8,0.125,1.132147297,4
5,38,87,8,0.125,0.981649593,5
5,38,91,8,0.125,0.934872143,6
5,38,113,8,0.125,1.129862726,7
5,38,19,7,0.109375,0.749923423,8
5,38,109,1,0.015625,0.104646012,0
5,39,14,8,0.125,0.899951585,1
5,39,26,8,0.125,0.850452222,2
5,39,46,8,0.125,0.917904481,3
5,39,48,8,0.125,1.00798478,4
5,39,50,8,0.125,1.407601103,5
5,39,84,8,0.125,0.988403141,6
5,39,106,8,0.125,1.085556239,7
5,39,125,7,0.109375,0.73838295,8
5,39,27,1,0.015625,0.103763498,0
5,40,19,8,0.125,0.881928645,1
5,40,46,8,0.125,0.946189865,2
5,40,69,8,0.125,1.104084894,3
5,40,91,8,0.125,0.828806445,4
5,40,98,8,0.125,1.009220026,5
5,40,109,8,0.125,1.00921692,6
5,40,122,8,0.125,1.431512222,7
5,40,48,5,0.078125,0.494286284,8
5,40,62,2,0.03125,0.197058149,0
5,40,94,1,0.015625,0.09769655,0
5,41,75,8,0.125,1.079360306,1
5,41,80,8,0.125,0.800571539,2
5,41,81,8,0.125,0.829190791,3
5,41,100,8,0.125,1.027971581,4
5,41,116,8,0.125,1.433141634,5
5,41,124,8,0.125,1.209379688,6
5,41,6,7,0.109375,0.702176124,7
5,41,105,6,0.09375,0.62122947,8
5,41,37,3,0.046875,0.296978869,0
5,42,0,8,0.125,0.965087898,1
5,42,30,8,0.125,1.278646827,2
5,42,47,8,0.125,1.175543964,3
5,42,66,8,0.125,1.068612128,4
5,42,76,8,0.125,0.888980113,5
5,42,88,8,0.125,0.922641329,6
5,42,95,8,0.125,0.865251698,7
5,42,63,5,0.078125,0.528025523,8
5,42,106,3,0.046875,0.30721052,0
5,43,11,8,0.125,1.346109897,1
5,43,32,8,0.125,0.93964196,2
5,43,45,8,0.125,1.018088557,3
5,43,61,8,0.125,0.874184899,4
5,43,86,8,0.125,1.122484684,5
5,43,91,8,0.125,0.837416328,6
5,43,111,8,0.125,1.096661374,7
5,43,82,4,0.0625,0.383169062,8
5,43,96,3,0.046875,0.288899422,0
5,43,18,1,0.015625,0.093343817,0
5,44,15,8,0.125,1.180734724,1
5,44,50,8,0.125,0.85881763,2
5,44,70,8,0.125,0.925086655,3
5,44,79,8,0.125,1.674906388,4
5,44,96,8,0.125,1.023954526,5
5,44,112,8,0.125,0.783738695,6
5,44,114,8,0.125,0.802060053,7
5,44,65,5,0.078125,0.472089551,8
5,44,49,3,0.046875,0.278611779,0
5,45,1,8,0.125,1.300843969,1
5,45,7,8,0.125,0.758686744,2
5,45,19,8,0.125,0.833167285,3
5,45,64,8,0.125,1.434137613,4
5,45,73,8,0.125,0.833150648,5
5,45,98,8,0.125,0.73955287,6
5,45,110,8,0.125,1.03700304,7
5,45,121,8,0.125,1.063457832,8
5,46,4,8,0.125,1.460633591,1
5,46,18,8,0.125,0.961764388,2
5,46,48,8,0.125,1.299177796,3
5,46,102,8,0.125,0.963705905,4
5,46,13,7,0.109375,0.727110043,5
5,46,62,7,0.109375,0.734046914,6
5,46,110,7,0.109375,0.726812877,7
5,46,64,6,0.09375,0.613824703,8
5,46,40,5,0.078125,0.512923785,0
5,47,22,8,0.125,0.719359539,1
5,47,24,8,0.125,0.696192898,2
5,47,30,8,0.125,1.18371965,3
5,47,38,8,0.125,0.740847237,4
5,47,41,8,0.125,0.750999846,5
5,47,46,8,0.125,1.149663553,6
5,47,58,8,0.125,0.940026209,7
5,47,110,8,0.125,1.819191068,8
6,0,3,8,0.125,1.391289234,1
6,0,12,8,0.125,0.780442633,2
6,0,64,8,0.125,0.617380895,3
6,0,67,8,0.125,0.986571826,4
6,0,79,8,0.125,0.598386027,5
6,0,112,8,0.125,2.188805342,6
6,0,122,8,0.125,0.579975657,7
6,0,126,8,0.125,0.857148387,8
6,1,13,8,0.125,0.885266058,1
6,1,14,8,0.125,0.793547414,2
6,1,20,8,0.125,1.01893504,3
6,1,36,8,0.125,1.326360643,4
6,1,67,8,0.125,0.700303175,5
6,1,68,8,0.125,0.700303167,6
6,1,98,8,0.125,0.972274639,7
6,1,101,8,0.125,1.603009865,8
6,2,23,8,0.125,0.797696233,1
6,2,44,8,0.125,1.317756161,2
6,2,56,8,0.125,1.356927052,3
6,2,62,8,0.125,0.761167087,4
6,2,71,8,0.125,1.107491627,5
6,2,72,8,0.125,1.147131532,6
6,2,76,8,0.125,0.992748991,7
6,2,120,8,0.125,0.519081317,8
6,3,11,8,0.125,0.936660036,1
6,3,42,8,0.125,0.983522207,2
6,3,71,8,0.125,0.869659245,3
6,3,90,8,0.125,1.063440964,4
6,3,118,8,0.125,0.846211486,5
6,3,119,8,0.125,1.45641236,6
6,3,126,8,0.125,1.028725132,7
6,3,56,6,0.09375,0.611380957,8
6,3,99,2,0.03125,0.203987613,0
6,4,12,8,0.125,1.143977031,1
6,4,14,8,0.125,0.963303648,2
6,4,26,8,0.125,0.896121249,3
6,4,33,8,0.125,0.990047619,4
6,4,82,8,0.125,0.837055482,5
6,4,100,8,0.125,0.910296351,6
6,4,108,8,0.125,1.229761869,7
6,4,127,8,0.125,1.029436752,8
6,5,4,8,0.125,2.012558833,1
6,5,12,8,0.125,0.780476965,2
6,5,41,8,0.125,0.664977014,3
6,5,46,8,0.125,1.215921715,4
6,5,52,8,0.125,0.719056197,5
6,5,53,8,0.125,0.72040198,6
6,5,65,8,0.125,1.249613687,7
6,5,120,5,0.078125,0.398132645,8
6,5,43,3,0.046875,0.238860965,0
6,6,33,8,0.125,1.191053793,1
6,6,49,8,0.125,0.993222736,2
6,6,74,8,0.125,1.097293824,3
6,6,82,8,0.125,1.145541251,4
6,6,92,8,0.125,0.851257473,5
6,6,101,8,0.125,0.885106862,6
6,6,121,8,0.125,1.082403973,7
6,6,112,3,0.046875,0.284860127,8
6,6,39,2,0.03125,0.187535539,0
6,6,58,2,0.03125,0.187457889,0
6,6,20,1,0.015625,0.094266534,0
6,7,15,8,0.125,1.082311824,1
6,7,19,8,0.125,1.200784966,2
6,7,24,8,0.125,0.918802835,3
6,7,56,8,0.125,1.130045161,4
6,7,63,8,0.125,0.876545742,5
6,7,114,8,0.125,1.036833435,6
6,7,29,7,0.109375,0.769103691,7
6,7,44,6,0.09375,0.654175267,8
6,7,68,3,0.046875,0.331397079,0
6,8,6,8,0.125,1.107951835,1
6,8,23,8,0.125,1.057141289,2
6,8,50,8,0.125,0.991203599,3
6,8,54,8,0.125,1.014653251,4
6,8,68,8,0.125,1.262861952,5
6,8,78,8,0.125,0.891961321,6
6,8,76,7,0.109375,0.73119054,7
6,8,11,6,0.09375,0.626360513,8
6,8,45,3,0.046875,0.3166757,0
6,9,0,8,0.125,0.906752005,1
6,9,11,8,0.125,1.019000389,2
6,9,23,8,0.125,0.979878969,3
6,9,39,8,0.125,1.311000913,4
6,9,63,8,0.125,0.989347063,5
6,9,67,8,0.125,1.209821224,6
6,9,107,7,0.109375,0.706391558,7
6,9,46,3,0.046875,0.28953249,8
6,9,95,3,0.046875,0.296566293,0
6,9,115,2,0.03125,0.195132777,0
6,9,70,1,0.015625,0.096576318,0
6,10,1,8,0.125,1.415369764,1
6,10,6,8,0.125,0.89799653,2
6,10,19,8,0.125,0.861877829,3
6,10,36,8,0.125,1.232145324,4
6,10,48,8,0.125,0.835331053,5
6,10,59,8,0.125,0.868592039,6
6,10,84,8,0.125,0.855154127,7
6,10,92,8,0.125,1.033533335,8
6,11,17,8,0.125,0.93545384,1
6,11,22,8,0.125,0.897905342,2
6,11,48,8,0.125,1.071501046,3
6,11,52,8,0.125,0.94284866,4
6,11,76,8,0.125,0.914186373,5
6,11,81,8,0.125,1.421141073,6
6,11,99,8,0.125,0.851828605,7
6,11,121,8,0.125,0.96513506,8
6,12,11,8,0.125,1.405727938,1
6,12,18,8,0.125,1.112083867,2
6,12,41,8,0.125,0.837893464,3
6,12,49,8,0.125,0.818406701,4
6,12,77,8,0.125,1.219131336,5
6,12,109,8,0.125,1.042792559,6
6,12,27,7,0.109375,0.673254862,7
6,12,40,7,0.109375,0.697215155,8
6,12,91,2,0.03125,0.193494119,0
6,13,27,8,0.125,1.259788409,1
6,13,49,8,0.125,1.167492285,2
6,13,63,8,0.125,1.028194055,3
6,13,92,8,0.125,0.95467627,4
6,13,110,8,0.125,0.987147242,5
6,13,119,7,0.109375,0.765534125,6
6,13,31,5,0.078125,0.540931195,7
6,13,91,4,0.0625,0.436014473,8
6,13,20,2,0.03125,0.213512056,0
6,13,34,2,0.03125,0.214399248,0
6,13,52,2,0.03125,0.218834624,0
6,13,104,2,0.03125,0.213476017,0
6,14,2,8,0.125,1.082743734,1
6,14,5,8,0.125,0.983765192,2
6,14,9,8,0.125,0.828576848,3
6,14,59,8,0.125,0.869882442,4
6,14,87,8,0.125,1.116918609,5
6,14,97,8,0.125,1.278582275,6
6,14,109,8,0.125,1.034988299,7
6,14,14,4,0.0625,0.398701057,8
6,14,61,3,0.046875,0.305195108,0
6,14,63,1,0.015625,0.100646436,0
6,15,2,8,0.125,0.952804796,1
6,15,15,8,0.125,0.75211639,2
6,15,21,8,0.125,1.211308569,3
6,15,50,8,0.125,1.062784463,4
6,15,58,8,0.125,1.33035174,5
6,15,79,8,0.125,0.777535662,6
6,15,84,8,0.125,1.174076751,7
6,15,64,6,0.09375,0.554202847,8
6,15,122,2,0.03125,0.184818782,0
6,16,23,8,0.125,2.265969992,1
6,16,42,8,0.125,0.834414862,2
6,16,48,8,0.125,1.054860517,3
6,16,70,8,0.125,0.626341738,4
6,16,93,8,0.125,0.683717683,5
6,16,97,8,0.125,0.756869785,6
6,16,107,8,0.125,0.734919757,7
6,16,122,8,0.125,1.042905666,8
6,17,34,8,0.125,0.876833893,1
6,17,54,8,0.125,0.97432106,2
6,17,73,8,0.125,0.883681901,3
6,17,80,8,0.125,0.868229643,4
6,17,96,8,0.125,0.929665767,5
6,17,116,8,0.125,0.950107343,6
6,17,122,8,0.125,1.631676406,7
6,17,124,7,0.109375,0.778251037,8
6,17,70,1,0.015625,0.107232951,0
6,18,32,8,0.125,1.094891667,1
6,18,33,8,0.125,0.856027327,2
6,18,58,8,0.125,0.955022231,3
6,18,74,8,0.125,1.036638126,4
6,18,82,8,0.125,1.233434379,5
6,18,87,8,0.125,0.892071173,6
6,18,112,8,0.125,1.11659953,7
6,18,66,5,0.078125,0.5083386,8
6,18,20,3,0.046875,0.306976967,0
6,19,15,8,0.125,0.92703516,1
6,19,28,8,0.125,1.052540988,2
6,19,29,8,0.125,0.949027576,3
6,19,44,8,0.125,0.898565993,4
6,19,52,8,0.125,1.094486848,5
6,19,56,8,0.125,1.020333588,6
6,19,63,8,0.125,0.967797861,7
6,19,114,8,0.125,1.090211987,8
6,20,0,8,0.125,0.777515158,1
6,20,6,8,0.125,1.655746266,2
6,20,68,8,0.125,0.958356455,3
6,20,76,8,0.125,0.947071858,4
6,20,85,8,0.125,1.160362855,5
6,20,92,8,0.125,0.842347912,6
6,20,114,8,0.125,0.877842881,7
6,20,69,7,0.109375,0.687949046,8
6,20,48,1,0.015625,0.092807569,0
6,21,2,8,0.125,0.720928989,1
6,21,11,8,0.125,0.971977226,2
6,21,39,8,0.125,1.580593735,3
6,21,51,8,0.125,0.73653172,4
6,21,63,8,0.125,1.394917592,5
6,21,67,8,0.125,1.292560086,6
6,21,56,7,0.109375,0.570040517,7
6,21,13,4,0.0625,0.321905725,8
6,21,107,3,0.046875,0.245722704,0
6,21,124,2,0.03125,0.164821707,0
6,22,1,8,0.125,1.05734095,1
6,22,36,8,0.125,1.303078607,2
6,22,48,8,0.125,1.003028527,3
6,22,59,8,0.125,0.902605832,4
6,22,75,8,0.125,0.826695628,5
6,22,84,8,0.125,1.21691604,6
6,22,92,8,0.125,0.96078933,7
6,22,0,4,0.0625,0.363420188,8
6,22,122,4,0.0625,0.366124898,0
6,23,31,8,0.125,1.383637995,1
6,23,38,8,0.125,0.975486636,2
6,23,48,8,0.125,1.221059829,3
6,23,52,8,0.125,0.799260959,4
6,23,81,8,0.125,1.120599806,5
6,23,121,8,0.125,0.921684816,6
6,23,14,5,0.078125,0.493710294,7
6,23,25,5,0.078125,0.492058925,8
6,23,36,4,0.0625,0.391914204,0
6,23,17,2,0.03125,0.200586535,0
6,24,11,8,0.125,0.991860531,1
6,24,18,8,0.125,1.251356035,2
6,24,28,8,0.125,0.732867792,3
6,24,77,8,0.125,1.217623606,4
6,24,91,8,0.125,1.227262557,5
6,24,101,8,0.125,0.978561357,6
6,24,109,8,0.125,0.9012869,7
6,24,37,7,0.109375,0.612496369,8
6,24,1,1,0.015625,0.086684853,0
6,25,31,8,0.125,0.922508933,1
6,25,49,8,0.125,1.031605102,2
6,25,50,8,0.125,0.96104458,3
6,25,72,8,0.125,1.210274577,4
6,25,91,8,0.125,0.809283413,5
6,25,110,8,0.125,1.339764372,6
6,25,119,8,0.125,0.959290467,7
6,25,124,8,0.125,0.766228557,8
6,26,5,8,0.125,0.933870673,1
6,26,29,8,0.125,1.055989727,2
6,26,31,8,0.125,0.928459041,3
6,26,59,8,0.125,0.999916047,4
6,26,72,8,0.125,0.930118471,5
6,26,87,8,0.125,1.213170514,6
6,26,97,8,0.125,1.056138158,7
6,26,2,7,0.109375,0.772776879,8
6,26,109,1,0.015625,0.10956049,0
6,27,21,8,0.125,1.144276798,1
6,27,50,8,0.125,0.959873348,2
6,27,64,8,0.125,0.943096727,3
6,27,84,8,0.125,1.182838753,4
6,27,111,8,0.125,0.924825579,5
6,27,118,8,0.125,1.052125499,6
6,27,26,7,0.109375,0.785739087,7
6,27,14,6,0.09375,0.677094728,8
6,27,79,3,0.046875,0.330129482,0
6,28,23,8,0.125,1.785723403,1
6,28,42,8,0.125,0.844963908,2
6,28,70,8,0.125,0.75452745,3
6,28,91,8,0.125,0.913811259,4
6,28,98,8,0.125,0.615807585,5
6,28,107,8,0.125,0.801611036,6
6,28,122,8,0.125,1.774883404,7
6,28,74,7,0.109375,0.447653078,8
6,28,34,1,0.015625,0.061018877,0
6,29,13,8,0.125,1.099582568,1
6,29,34,8,0.125,1.112325937,2
6,29,37,8,0.125,0.849464238,3
6,29,70,8,0.125,0.987367608,4
6,29,96,8,0.125,0.918553986,5
6,29,120,8,0.125,1.088620886,6
6,29,124,8,0.125,1.214541093,7
6,29,123,4,0.0625,0.367711052,8
6,29,60,3,0.046875,0.273154616,0
6,29,100,1,0.015625,0.088678017,0
6,30,6,8,0.125,1.034064397,1
6,30,18,8,0.125,1.052417114,2
6,30,58,8,0.125,1.034060434,3
6,30,63,8,0.125,0.919762246,4
6,30,82,8,0.125,1.187871233,5
6,30,94,8,0.125,0.967677176,6
6,30,120,7,0.109375,0.802621804,7
6,30,39,4,0.0625,0.447456852,8
6,30,93,4,0.0625,0.44440712,0
6,30,33,1,0.015625,0.109661624,0
6,31,15,8,0.125,0.894271016,1
6,31,24,8,0.125,0.917331271,2
6,31,28,8,0.125,1.184895322,3
6,31,29,8,0.125,0.970715769,4
6,31,38,8,0.125,0.928095117,5
6,31,41,8,0.125,0.944542088,6
6,31,63,8,0.125,1.007405572,7
6,31,114,8,0.125,1.152743846,8
6,32,6,8,0.125,2.208474994,1
6,32,48,8,0.125,0.90447934,2
6,32,51,8,0.125,0.769137375,3
6,32,68,8,0.125,0.72956422,4
6,32,85,8,0.125,1.101687819,5
6,32,124,8,0.125,0.888762616,6
6,32,11,6,0.09375,0.523356915,7
6,32,90,5,0.078125,0.439928032,8
6,32,54,3,0.046875,0.263301715,0
6,32,76,2,0.03125,0.171306975,0
6,33,11,8,0.125,0.734598257,1
6,33,39,8,0.125,1.353925794,2
6,33,53,8,0.125,0.746092498,3
6,33,63,8,0.125,1.655205771,4
6,33,67,8,0.125,1.256732807,5
6,33,124,8,0.125,0.808360979,6
6,33,56,7,0.109375,0.628563173,7
6,33,115,7,0.109375,0.642641336,8
6,33,51,2,0.03125,0.173879385,0
6,34,1,8,0.125,0.777440883,1
6,34,8,8,0.125,0.673961654,2
6,34,10,8,0.125,0.890877917,3
6,34,29,8,0.125,0.81609305,4
6,34,36,8,0.125,1.043992855,5
6,34,75,8,0.125,1.035584904,6
6,34,84,8,0.125,1.463246197,7
6,34,92,8,0.125,1.29880254,8
6,35,6,8,0.125,0.935683839,1
6,35,17,8,0.125,0.897734895,2
6,35,31,8,0.125,1.838739529,3
6,35,48,8,0.125,0.777167089,4
6,35,51,8,0.125,1.062036917,5
6,35,70,8,0.125,0.822270319,6
6,35,77,8,0.125,0.919217996,7
6,35,28,6,0.09375,0.559395835,8
6,35,110,2,0.03125,0.187753581,0
6,36,11,8,0.125,1.621132344,1
6,36,18,8,0.125,1.075653091,2
6,36,62,8,0.125,1.046671689,3
6,36,77,8,0.125,1.077996865,4
6,36,101,8,0.125,1.06109561,5
6,36,109,8,0.125,0.883118488,6
6,36,49,6,0.09375,0.46424678,7
6,36,91,6,0.09375,0.461332381,8
6,36,57,4,0.0625,0.308752753,0
6,37,27,8,0.125,1.121005058,1
6,37,34,8,0.125,0.861149371,2
6,37,49,8,0.125,0.916767955,3
6,37,50,8,0.125,0.913088061,4
6,37,72,8,0.125,0.923985273,5
6,37,91,8,0.125,1.32340014,6
6,37,110,8,0.125,1.161101997,7
6,37,31,6,0.09375,0.585049018,8
6,37,119,2,0.03125,0.194453128,0
6,38,2,8,0.125,0.97294461,1
6,38,29,8,0.125,0.855454132,2
6,38,31,8,0.125,1.148667961,3
6,38,87,8,0.125,0.907046638,4
6,38,97,8,0.125,1.096464097,5
6,38,109,8,0.125,1.0832735,6
6,38,110,8,0.125,1.142016992,7
6,38,27,5,0.078125,0.492523082,8
6,38,113,3,0.046875,0.301608987,0
6,39,2,8,0.125,0.838771224,1
6,39,14,8,0.125,1.266233683,2
6,39,48,8,0.125,1.009497255,3
6,39,63,8,0.125,0.892658323,4
6,39,84,8,0.125,1.189544097,5
6,39,110,8,0.125,0.882232353,6
6,39,118,8,0.125,1.087378934,7
6,39,99,5,0.078125,0.525004171,8
6,39,16,3,0.046875,0.308679961,0
6,40,19,8,0.125,0.754891671,1
6,40,23,8,0.125,1.786124036,2
6,40,27,8,0.125,0.789611474,3
6,40,70,8,0.125,0.845473133,4
6,40,91,8,0.125,1.133197427,5
6,40,94,8,0.125,0.738831013,6
6,40,97,8,0.125,0.789499789,7
6,40,122,8,0.125,1.162371457,8
6,41,80,8,0.125,0.819137834,1
6,41,81,8,0.125,1.123918831,2
6,41,96,8,0.125,0.939122431,3
6,41,100,8,0.125,1.518266559,4
6,41,116,8,0.125,0.999755844,5
6,41,118,8,0.125,0.8321364,6
6,41,124,8,0.125,0.978441328,7
6,41,123,6,0.09375,0.591374189,8
6,41,37,2,0.03125,0.197846584,0
6,42,0,8,0.125,0.95914346,1
6,42,30,8,0.125,1.013057008,2
6,42,63,8,0.125,1.024981812,3
6,42,66,8,0.125,1.108280107,4
6,42,76,8,0.125,0.985716991,5
6,42,88,8,0.125,1.229122579,6
6,42,28,6,0.09375,0.633384362,7
6,42,81,5,0.078125,0.520231627,8
6,42,95,5,0.078125,0.526082054,0
6,43,11,8,0.125,1.332971796,1
6,43,72,8,0.125,1.128721371,2
6,43,74,8,0.125,0.819402926,3
6,43,94,8,0.125,0.852384627,4
6,43,96,8,0.125,1.616637543,5
6,43,98,8,0.125,0.838768385,6
6,43,106,8,0.125,0.710357763,7
6,43,32,6,0.09375,0.521375902,8
6,43,124,2,0.03125,0.179379687,0
6,44,7,8,0.125,0.907962285,1
6,44,15,8,0.125,1.053004473,2
6,44,50,8,0.125,0.970250994,3
6,44,60,8,0.125,0.90265213,4
6,44,79,8,0.125,1.313048169,5
6,44,94,8,0.125,1.035385348,6
6,44,114,8,0.125,0.918463841,7
6,44,100,7,0.109375,0.790810384,8
6,44,49,1,0.015625,0.108422376,0
6,45,4,8,0.125,1.027625963,1
6,45,41,8,0.125,0.953707539,2
6,45,65,8,0.125,1.027269825,3
6,45,67,8,0.125,1.076665595,4
6,45,110,8,0.125,0.968840443,5
6,45,113,8,0.125,0.991702609,6
6,45,121,7,0.109375,0.885626532,7
6,45,54,6,0.09375,0.720179379,8
6,45,31,3,0.046875,0.348382115,0
6,46,4,8,0.125,1.051427722,1
6,46,15,8,0.125,0.789417937,2
6,46,18,8,0.125,0.714312568,3
6,46,20,8,0.125,0.680163205,4
6,46,48,8,0.125,0.869913653,5
6,46,70,8,0.125,0.883838765,6
6,46,122,8,0.125,2.310387343,7
6,46,90,7,0.109375,0.615865938,8
6,46,21,1,0.015625,0.084672868,0
6,47,7,8,0.125,0.944542997,1
6,47,30,8,0.125,1.015309997,2
6,47,41,8,0.125,0.856644817,3
6,47,46,8,0.125,1.089378521,4
6,47,58,8,0.125,0.98230096,5
6,47,65,8,0.125,1.02929531,6
6,47,79,8,0.125,1.345392749,7
6,47,12,5,0.078125,0.467538461,8
6,47,84,3,0.046875,0.269596189,0
7,0,6,8,0.125,0.57981348,1
7,0,26,8,0.125,2.120869637,2
7,0,43,8,0.125,0.57981348,3
7,0,44,8,0.125,1.503921628,4
7,0,59,8,0.125,0.721589565,5
7,0,65,8,0.125,1.412803888,6
7,0,92,8,0.125,0.527926385,7
7,0,114,8,0.125,0.553261936,8
7,1,26,8,0.125,0.800589778,1
7,1,33,8,0.125,0.684780709,2
7,1,34,8,0.125,0.839010879,3
7,1,49,8,0.125,0.706518002,4
7,1,50,8,0.125,2.109273106,5
7,1,94,8,0.125,1.239977658,6
7,1,111,8,0.125,0.623499759,7
7,1,124,8,0.125,0.99635011,8
7,2,18,8,0.125,0.685651302,1
7,2,49,8,0.125,0.673710652,2
7,2,53,8,0.125,1.545139089,3
7,2,62,8,0.125,0.696448736,4
7,2,72,8,0.125,1.806450561,5
7,2,82,8,0.125,1.013326854,6
7,2,88,8,0.125,0.707416184,7
7,2,123,8,0.125,0.871856622,8
7,3,51,8,0.125,0.828054227,1
7,3,56,8,0.125,1.167743847,2
7,3,67,8,0.125,0.953084774,3
7,3,71,8,0.125,1.079986498,4
7,3,87,8,0.125,0.895340294,5
7,3,101,8,0.125,1.030530334,6
7,3,108,8,0.125,0.911223754,7
7,3,114,8,0.125,1.134036273,8
7,4,12,8,0.125,1.224824429,1
7,4,64,8,0.125,1.04765214,2
7,4,100,8,0.125,1.080915928,3
7,4,107,8,0.125,0.901369564,4
7,4,108,8,0.125,0.935449436,5
7,4,114,8,0.125,0.99578049,6
7,4,121,8,0.125,0.931799918,7
7,4,43,6,0.09375,0.660643891,8
7,4,127,2,0.03125,0.221564204,0
7,5,32,8,0.125,1.097951427,1
7,5,46,8,0.125,1.390684158,2
7,5,53,8,0.125,0.860120825,3
7,5,65,8,0.125,1.108744964,4
7,5,73,8,0.125,0.846783653,5
7,5,104,8,0.125,1.005640328,6
7,5,106,8,0.125,0.896133572,7
7,5,84,6,0.09375,0.592935167,8
7,5,20,2,0.03125,0.201005906,0
7,6,22,8,0.125,0.882634908,1
7,6,33,8,0.125,1.068660289,2
7,6,49,8,0.125,1.089743406,3
7,6,58,8,0.125,1.02976574,4
7,6,82,8,0.125,0.994379885,5
7,6,92,8,0.125,0.954240888,6
7,6,112,8,0.125,1.052089885,7
7,6,121,8,0.125,0.928484999,8
7,7,15,8,0.125,1.107312381,1
7,7,19,8,0.125,0.919848964,2
7,7,24,8,0.125,1.235313162,3
7,7,29,8,0.125,1.002447255,4
7,7,52,8,0.125,0.900243737,5
7,7,56,8,0.125,0.954583608,6
7,7,114,8,0.125,1.004294522,7
7,7,125,8,0.125,0.875956371,8
7,8,17,8,0.125,0.907765329,1
7,8,50,8,0.125,0.934739582,2
7,8,53,8,0.125,1.067503452,3
7,8,58,8,0.125,1.077977046,4
7,8,83,8,0.125,0.953183986,5
7,8,92,8,0.125,1.012685433,6
7,8,102,8,0.125,1.12769632,7
7,8,66,7,0.109375,0.804767042,8
7,8,22,1,0.015625,0.113681808,0
7,9,2,8,0.125,0.869034827,1
7,9,11,8,0.125,0.918132871,2
7,9,26,8,0.125,1.075856894,3
7,9,39,8,0.125,0.925167307,4
7,9,58,8,0.125,0.954432346,5
7,9,67,8,0.125,1.29438892,6
7,9,124,8,0.125,1.092192858,7
7,9,69,5,0.078125,0.546627983,8
7,9,23,3,0.046875,0.324165992,0
7,10,1,8,0.125,0.886625916,1
7,10,6,8,0.125,0.956735171,2
7,10,36,8,0.125,1.090634838,3
7,10,48,8,0.125,0.979562171,4
7,10,59,8,0.125,1.044692948,5
7,10,84,8,0.125,1.046769947,6
7,10,92,8,0.125,1.133991838,7
7,10,5,7,0.109375,0.752113082,8
7,10,19,1,0.015625,0.10887409,0
7,11,14,8,0.125,0.94480259,1
7,11,15,8,0.125,0.894013926,2
7,11,17,8,0.125,1.182117105,3
7,11,76,8,0.125,0.955597773,4
7,11,81,8,0.125,1.128111705,5
7,11,104,8,0.125,0.892478034,6
7,11,121,8,0.125,1.141383216,7
7,11,52,4,0.0625,0.429301262,8
7,11,108,4,0.0625,0.432194389,0
7,12,11,8,0.125,1.411283687,1
7,12,18,8,0.125,0.968019903,2
7,12,27,8,0.125,0.876338899,3
7,12,39,8,0.125,0.966431126,4
7,12,62,8,0.125,0.829670019,5
7,12,111,8,0.125,1.13391307,6
7,12,125,8,0.125,1.000871062,7
7,12,91,6,0.09375,0.610412635,8
7,12,49,2,0.03125,0.203059599,0
7,13,13,8,0.125,0.995551005,1
7,13,27,8,0.125,0.866576388,2
7,13,31,8,0.125,0.860070206,3
7,13,33,8,0.125,1.412094504,4
7,13,34,8,0.125,1.143755212,5
7,13,92,8,0.125,0.843240455,6
7,13,93,8,0.125,0.833404668,7
7,13,110,8,0.125,1.045307562,8
7,14,2,8,0.125,1.157356203,1
7,14,61,8,0.125,1.080873415,2
7,14,87,8,0.125,0.892586596,3
7,14,97,8,0.125,1.237188146,4
7,14,109,8,0.125,0.976586699,5
7,14,113,8,0.125,0.93011263,6
7,14,5,7,0.109375,0.753449425,7
7,14,63,4,0.0625,0.435290858,8
7,14,49,2,0.03125,0.2139607,0
7,14,72,2,0.03125,0.214288995,0
7,14,92,1,0.015625,0.108306333,0
7,15,26,8,0.125,0.965009898,1
7,15,58,8,0.125,1.28838329,2
7,15,63,8,0.125,1.152804524,3
7,15,79,8,0.125,0.951909713,4
7,15,84,8,0.125,1.121658906,5
7,15,127,8,0.125,0.883799322,6
7,15,50,7,0.109375,0.716973983,7
7,15,122,5,0.078125,0.518012285,8
7,15,15,3,0.046875,0.301267512,0
7,15,24,1,0.015625,0.100180566,0
7,16,23,8,0.125,0.785203032,1
7,16,42,8,0.125,1.020038754,2
7,16,48,8,0.125,1.304733932,3
7,16,70,8,0.125,0.887969531,4
7,16,91,8,0.125,0.860727467,5
7,16,97,8,0.125,0.847379841,6
7,16,107,8,0.125,1.144834697,7
7,16,122,8,0.125,1.149112746,8
7,17,30,8,0.125,0.765549742,1
7,17,34,8,0.125,0.958504185,2
7,17,59,8,0.125,1.127048075,3
7,17,80,8,0.125,1.096576661,4
7,17,90,8,0.125,0.902161554,5
7,17,105,8,0.125,0.756642692,6
7,17,122,8,0.125,1.402825326,7
7,17,124,8,0.125,0.990691766,8
7,18,58,8,0.125,1.120420843,1
7,18,82,8,0.125,0.986875378,2
7,18,87,8,0.125,0.881122202,3
7,18,91,8,0.125,1.002486125,4
7,18,104,8,0.125,0.849411279,5
7,18,107,8,0.125,0.837697089,6
7,18,112,8,0.125,1.307670727,7
7,18,126,8,0.125,1.014316358,8
7,19,29,8,0.125,1.088625997,1
7,19,52,8,0.125,1.131967679,2
7,19,56,8,0.125,1.118922815,3
7,19,76,8,0.125,0.92572017,4
7,19,92,8,0.125,1.012719043,5
7,19,102,8,0.125,0.906059295,6
7,19,114,8,0.125,0.927504085,7
7,19,10,4,0.0625,0.444116928,8
7,19,28,4,0.0625,0.444363989,0
7,20,11,8,0.125,0.909633607,1
7,20,48,8,0.125,0.92745959,2
7,20,76,8,0.125,0.913145587,3
7,20,85,8,0.125,1.400743693,4
7,20,102,8,0.125,1.197921604,5
7,20,114,8,0.125,0.98165828,6
7,20,53,7,0.109375,0.735327862,7
7,20,118,5,0.078125,0.518943489,8
7,20,92,4,0.0625,0.415166289,0
7,21,2,8,0.125,0.928514689,1
7,21,14,8,0.125,0.974974781,2
7,21,26,8,0.125,0.811604381,3
7,21,39,8,0.125,1.042079538,4
7,21,44,8,0.125,0.97317858,5
7,21,56,8,0.125,0.884298347,6
7,21,63,8,0.125,1.410398647,7
7,21,67,8,0.125,0.974951036,8
7,22,1,8,0.125,0.928605124,1
7,22,8,8,0.125,0.950446874,2
7,22,36,8,0.125,1.113365099,3
7,22,48,8,0.125,0.903404273,4
7,22,59,8,0.125,0.992212176,5
7,22,75,8,0.125,1.244567752,6
7,22,84,8,0.125,1.155532956,7
7,22,81,4,0.0625,0.356002659,8
7,22,92,3,0.046875,0.267846569,0
7,22,7,1,0.015625,0.088016517,0
7,23,14,8,0.125,1.14357245,1
7,23,17,8,0.125,1.051820293,2
7,23,31,8,0.125,1.180184975,3
7,23,36,8,0.125,0.964840397,4
7,23,104,8,0.125,0.96305304,5
7,23,32,7,0.109375,0.799100123,6
7,23,121,7,0.109375,0.774370097,7
7,23,65,5,0.078125,0.564876236,8
7,23,108,4,0.0625,0.447198607,0
7,23,48,1,0.015625,0.110983782,0
7,24,11,8,0.125,0.991827741,1
7,24,18,8,0.125,1.382490501,2
7,24,57,8,0.125,1.01954291,3
7,24,91,8,0.125,1.164295197,4
7,24,109,8,0.125,0.812752388,5
7,24,111,8,0.125,0.974549659,6
7,24,125,8,0.125,0.866791897,7
7,24,28,4,0.0625,0.390138425,8
7,24,77,4,0.0625,0.397611283,0
7,25,13,8,0.125,1.134554803,1
7,25,31,8,0.125,0.90269006,2
7,25,34,8,0.125,0.995328136,3
7,25,72,8,0.125,1.076458246,4
7,25,84,8,0.125,0.864741422,5
7,25,110,8,0.125,1.431286916,6
7,25,53,7,0.109375,0.694122918,7
7,25,43,6,0.09375,0.597803943,8
7,25,91,3,0.046875,0.303013556,0
7,26,2,8,0.125,0.960704274,1
7,26,61,8,0.125,1.030408412,2
7,26,72,8,0.125,1.346604899,3
7,26,87,8,0.125,0.955228843,4
7,26,97,8,0.125,0.958891898,5
7,26,109,8,0.125,0.913144454,6
7,26,121,8,0.125,0.97577855,7
7,26,59,5,0.078125,0.534960456,8
7,26,49,2,0.03125,0.216754831,0
7,26,5,1,0.015625,0.107523382,0
7,27,24,8,0.125,0.887120359,1
7,27,26,8,0.125,0.991562203,2
7,27,27,8,0.125,0.875069365,3
7,27,63,8,0.125,1.114954546,4
7,27,84,8,0.125,1.313623682,5
7,27,106,8,0.125,0.957539596,6
7,27,111,8,0.125,0.913941078,7
7,27,118,8,0.125,0.946189173,8
7,28,10,8,0.125,0.732832894,1
7,28,42,8,0.125,1.009533748,2
7,28,53,8,0.125,0.734310724,3
7,28,70,8,0.125,0.94286184,4
7,28,91,8,0.125,1.382986724,5
7,28,98,8,0.125,0.783106349,6
7,28,107,8,0.125,0.835353211,7
7,28,122,8,0.125,1.57901451,8
7,29,12,8,0.125,0.846900627,1
7,29,13,8,0.125,0.851850852,2
7,29,34,8,0.125,1.027584501,3
7,29,50,8,0.125,0.861893833,4
7,29,51,8,0.125,0.887521617,5
7,29,59,8,0.125,1.091613844,6
7,29,105,8,0.125,1.068631336,7
7,29,124,8,0.125,1.36400339,8
7,30,6,8,0.125,0.967924781,1
7,30,18,8,0.125,0.932723656,2
7,30,58,8,0.125,1.071527198,3
7,30,91,8,0.125,1.255132556,4
7,30,93,8,0.125,0.996710651,5
7,30,94,8,0.125,0.918209814,6
7,30,120,8,0.125,0.966087922,7
7,30,62,6,0.09375,0.667245984,8
7,30,82,2,0.03125,0.224437438,0
7,31,24,8,0.125,1.056434184,1
7,31,28,8,0.125,1.023937434,2
7,31,29,8,0.125,0.977000326,3
7,31,38,8,0.125,0.96940577,4
7,31,41,8,0.125,1.013966508,5
7,31,59,8,0.125,0.937822297,6
7,31,72,8,0.125,1.096443638,7
7,31,87,6,0.09375,0.694109693,8
7,31,40,1,0.015625,0.115425594,0
7,31,102,1,0.015625,0.115454555,0
7,32,11,8,0.125,1.103447735,1
7,32,48,8,0.125,0.898580104,2
7,32,83,8,0.125,1.016319543,3
7,32,85,8,0.125,1.287331671,4
7,32,102,8,0.125,0.954653919,5
7,32,118,8,0.125,1.004421115,6
7,32,99,7,0.109375,0.769872829,7
7,32,28,4,0.0625,0.431785002,8
7,32,10,3,0.046875,0.319252022,0
7,32,90,2,0.03125,0.21433606,0
7,33,14,8,0.125,1.082431495,1
7,33,26,8,0.125,1.470699146,2
7,33,39,8,0.125,1.024573728,3
7,33,44,8,0.125,0.900670052,4
7,33,63,8,0.125,1.084311336,5
7,33,67,8,0.125,0.864446282,6
7,33,124,8,0.125,0.833215035,7
7,33,115,5,0.078125,0.46841988,8
7,33,13,3,0.046875,0.271233045,0
7,34,1,8,0.125,0.783204176,1
7,34,29,8,0.125,0.774037249,2
7,34,42,8,0.125,0.901362464,3
7,34,59,8,0.125,0.83860819,4
7,34,75,8,0.125,1.072446629,5
7,34,81,8,0.125,1.019701704,6
7,34,84,8,0.125,1.489021093,7
7,34,92,8,0.125,1.121618494,8
7,35,6,8,0.125,0.937320113,1
7,35,17,8,0.125,0.921110414,2
7,35,28,8,0.125,1.064213693,3
7,35,31,8,0.125,1.283687368,4
7,35,32,8,0.125,1.259033531,5
7,35,70,8,0.125,0.99979084,6
7,35,104,8,0.125,0.804830253,7
7,35,62,4,0.0625,0.362385347,8
7,35,15,2,0.03125,0.181979142,0
7,35,110,1,0.015625,0.091102794,0
7,35,120,1,0.015625,0.094546504,0
7,36,11,8,0.125,1.424595058,1
7,36,18,8,0.125,1.3202499,2
7,36,33,8,0.125,0.791386977,3
7,36,47,8,0.125,0.805354342,4
7,36,62,8,0.125,1.220892578,5
7,36,77,8,0.125,0.818054333,6
7,36,109,8,0.125,0.834197566,7
7,36,122,8,0.125,0.785269246,8
7,37,13,8,0.125,1.388712183,1
7,37,27,8,0.125,0.884420514,2
7,37,34,8,0.125,1.016049847,3
7,37,72,8,0.125,0.864047073,4
7,37,91,8,0.125,1.235260293,5
7,37,110,8,0.125,1.247258291,6
7,37,97,7,0.109375,0.597514272,7
7,37,31,6,0.09375,0.507270917,8
7,37,84,3,0.046875,0.259466611,0
7,38,2,8,0.125,1.067362145,1
7,38,19,8,0.125,0.945651464,2
7,38,29,8,0.125,0.900619499,3
7,38,91,8,0.125,1.075757429,4
7,38,97,8,0.125,0.8832606,5
7,38,109,8,0.125,0.9757291,6
7,38,110,8,0.125,1.069442391,7
7,38,113,8,0.125,1.082177371,8
7,39,14,8,0.125,1.023020163,1
7,39,16,8,0.125,1.025033757,2
7,39,26,8,0.125,0.951668657,3
7,39,48,8,0.125,1.037134051,4
7,39,50,8,0.125,0.869940549,5
7,39,63,8,0.125,0.959165402,6
7,39,84,8,0.125,1.172986731,7
7,39,118,8,0.125,0.961050689,8
7,40,4,8,0.125,0.997098759,1
7,40,19,8,0.125,0.836382084,2
7,40,48,8,0.125,0.977845266,3
7,40,53,8,0.125,0.975895189,4
7,40,70,8,0.125,0.80749125,5
7,40,91,8,0.125,0.876755945,6
7,40,98,8,0.125,1.06353347,7
7,40,122,8,0.125,1.464998037,8
7,41,37,8,0.125,0.788459979,1
7,41,72,8,0.125,0.829722196,2
7,41,80,8,0.125,1.054822102,3
7,41,100,8,0.125,1.02235651,4
7,41,105,8,0.125,1.365070209,5
7,41,116,8,0.125,0.936361045,6
7,41,118,8,0.125,0.855988733,7
7,41,124,8,0.125,1.147219226,8
7,42,30,8,0.125,1.031933218,1
7,42,33,8,0.125,0.768373594,2
7,42,39,8,0.125,1.678318307,3
7,42,43,8,0.125,0.961839832,4
7,42,63,8,0.125,0.965671748,5
7,42,88,8,0.125,0.971314035,6
7,42,119,8,0.125,0.879222199,7
7,42,15,7,0.109375,0.650400154,8
7,42,58,1,0.015625,0.092926912,0
7,43,10,8,0.125,0.937658921,1
7,43,11,8,0.125,1.440961629,2
7,43,32,8,0.125,1.107008725,3
7,43,69,8,0.125,0.84047544,4
7,43,98,8,0.125,1.079162404,5
7,43,99,8,0.125,0.965488099,6
7,43,18,5,0.078125,0.50727877,7
7,43,30,5,0.078125,0.508490652,8
7,43,92,5,0.078125,0.514496669,0
7,43,37,1,0.015625,0.098978691,0
7,44,15,8,0.125,1.157490551,1
7,44,49,8,0.125,0.787735604,2
7,44,50,8,0.125,0.959538586,3
7,44,63,8,0.125,1.023432761,4
7,44,79,8,0.125,1.342598617,5
7,44,112,8,0.125,1.135067567,6
7,44,40,7,0.109375,0.696001709,7
7,44,96,6,0.09375,0.602342382,8
7,44,12,3,0.046875,0.295792222,0
7,45,4,8,0.125,1.014866903,1
7,45,18,8,0.125,0.985585235,2
7,45,53,8,0.125,1.057413489,3
7,45,92,8,0.125,1.001143195,4
7,45,121,8,0.125,1.170372725,5
7,45,19,7,0.109375,0.800018005,6
7,45,65,7,0.109375,0.82385134,7
7,45,72,5,0.078125,0.571324535,8
7,45,1,2,0.03125,0.230494559,0
7,45,110,2,0.03125,0.229877159,0
7,45,98,1,0.015625,0.115052857,0
7,46,4,8,0.125,0.925063185,1
7,46,13,8,0.125,0.967606224,2
7,46,17,8,0.125,0.893167034,3
7,46,21,8,0.125,0.898369171,4
7,46,48,8,0.125,1.372501716,5
7,46,64,8,0.125,1.060634419,6
7,46,102,8,0.125,1.042064846,7
7,46,110,8,0.125,0.840593405,8
7,47,38,8,0.125,0.927419886,1
7,47,46,8,0.125,0.975915655,2
7,47,58,8,0.125,1.214389667,3
7,47,65,8,0.125,1.020678475,4
7,47,72,8,0.125,0.759962589,5
7,47,79,8,0.125,1.046891332,6
7,47,108,8,0.125,0.787149206,7
7,47,110,8,0.125,1.26759319,8
