step,layer,name,category,resources,dependencies,start_us,duration_us,end_us,blocking_event,description
0,0,step0.layer0.norm1,norm,GPU_COMPUTE,,0.000000000,1.008192000,1.008192000,,RMSNorm
0,0,step0.layer0.qkv,qkv,GPU_COMPUTE,step0.layer0.norm1,1.008192000,3.635776000,4.643968000,step0.layer0.norm1,QKV projection
0,0,step0.layer0.rope,rope,GPU_COMPUTE,step0.layer0.qkv,4.643968000,1.018432000,5.662400000,step0.layer0.qkv,QK norm and RoPE
0,0,step0.layer0.attention,attention,PIM_COMPUTE,step0.layer0.rope,5.662400000,18.905016000,24.567416000,step0.layer0.rope,decode attention from Ramulator cycle-v0 table
0,0,step0.layer0.o_proj,attention_output,GPU_COMPUTE,step0.layer0.attention,24.567416000,3.109440000,27.676856000,step0.layer0.attention,attention output projection
0,0,step0.layer0.residual1,residual,GPU_COMPUTE,step0.layer0.o_proj,27.676856000,1.012288000,28.689144000,step0.layer0.o_proj,residual add
0,0,step0.layer0.norm2,norm,GPU_COMPUTE,step0.layer0.residual1,28.689144000,1.008192000,29.697336000,step0.layer0.residual1,RMSNorm
0,0,step0.layer0.router,router,GPU_COMPUTE,step0.layer0.norm2,29.697336000,2.069888000,31.767224000,step0.layer0.norm2,MoE router
0,0,step0.layer0.metadata,metadata,GPU_COMPUTE,step0.layer0.router,31.767224000,1.000128000,32.767352000,step0.layer0.router,routing metadata
0,0,step0.layer0.dispatch,dispatch,,step0.layer0.metadata,32.767352000,0.000000000,32.767352000,step0.layer0.metadata,single-GPU dispatch placeholder
0,0,step0.layer0.scheduler,scheduler,GPU_COMPUTE,step0.layer0.metadata,32.767352000,0.000000000,32.767352000,step0.layer0.metadata,pimoe placement policy
0,0,step0.layer0.gpu_weight_load,gpu_weight_load,,step0.layer0.scheduler,32.767352000,5.406336000,38.173688000,step0.layer0.scheduler,ordinary GPU HBM reads from mixed Ramulator cycle-v1 run
0,0,step0.layer0.gpu_expert_compute,gpu_expert,GPU_COMPUTE,step0.layer0.gpu_weight_load;step0.layer0.dispatch,38.173688000,3.054525952,41.228213952,step0.layer0.gpu_weight_load,grouped expert GEMM
0,0,step0.layer0.pim_gwrite,pim_write,,step0.layer0.scheduler;step0.layer0.dispatch,32.767352000,15.388152000,48.155504000,step0.layer0.scheduler,PIM_GWRITE milestone from mixed Ramulator cycle-v1 run
0,0,step0.layer0.pim_expert_compute,pim_expert,,step0.layer0.pim_gwrite,48.155504000,63.077040000,111.232544000,step0.layer0.pim_gwrite,PIM_MAC milestone delta from mixed Ramulator cycle-v1 run
0,0,step0.layer0.pim_read,pim_read,,step0.layer0.pim_expert_compute,111.232544000,0.080496000,111.313040000,step0.layer0.pim_expert_compute,PIM_READ milestone delta from mixed Ramulator cycle-v1 run
0,0,step0.layer0.combine,combine,GPU_COMPUTE,step0.layer0.gpu_expert_compute;step0.layer0.pim_read,111.313040000,1.036864000,112.349904000,step0.layer0.pim_read,weighted expert combine
0,0,step0.layer0.residual2,residual,GPU_COMPUTE,step0.layer0.combine,112.349904000,1.012288000,113.362192000,step0.layer0.combine,residual add
0,1,step0.layer1.norm1,norm,GPU_COMPUTE,step0.layer0.residual2,113.362192000,1.008192000,114.370384000,step0.layer0.residual2,RMSNorm
0,1,step0.layer1.qkv,qkv,GPU_COMPUTE,step0.layer1.norm1,114.370384000,3.635776000,118.006160000,step0.layer1.norm1,QKV projection
0,1,step0.layer1.rope,rope,GPU_COMPUTE,step0.layer1.qkv,118.006160000,1.018432000,119.024592000,step0.layer1.qkv,QK norm and RoPE
0,1,step0.layer1.attention,attention,PIM_COMPUTE,step0.layer1.rope,119.024592000,18.905016000,137.929608000,step0.layer1.rope,decode attention from Ramulator cycle-v0 table
0,1,step0.layer1.o_proj,attention_output,GPU_COMPUTE,step0.layer1.attention,137.929608000,3.109440000,141.039048000,step0.layer1.attention,attention output projection
0,1,step0.layer1.residual1,residual,GPU_COMPUTE,step0.layer1.o_proj,141.039048000,1.012288000,142.051336000,step0.layer1.o_proj,residual add
0,1,step0.layer1.norm2,norm,GPU_COMPUTE,step0.layer1.residual1,142.051336000,1.008192000,143.059528000,step0.layer1.residual1,RMSNorm
0,1,step0.layer1.router,router,GPU_COMPUTE,step0.layer1.norm2,143.059528000,2.069888000,145.129416000,step0.layer1.norm2,MoE router
0,1,step0.layer1.metadata,metadata,GPU_COMPUTE,step0.layer1.router,145.129416000,1.000128000,146.129544000,step0.layer1.router,routing metadata
0,1,step0.layer1.dispatch,dispatch,,step0.layer1.metadata,146.129544000,0.000000000,146.129544000,step0.layer1.metadata,single-GPU dispatch placeholder
0,1,step0.layer1.scheduler,scheduler,GPU_COMPUTE,step0.layer1.metadata,146.129544000,0.000000000,146.129544000,step0.layer1.metadata,pimoe placement policy
0,1,step0.layer1.gpu_weight_load,gpu_weight_load,,step0.layer1.scheduler,146.129544000,5.406336000,151.535880000,step0.layer1.scheduler,ordinary GPU HBM reads from mixed Ramulator cycle-v1 run
0,1,step0.layer1.gpu_expert_compute,gpu_expert,GPU_COMPUTE,step0.layer1.gpu_weight_load;step0.layer1.dispatch,151.535880000,3.054525952,154.590405952,step0.layer1.gpu_weight_load,grouped expert GEMM
0,1,step0.layer1.pim_gwrite,pim_write,,step0.layer1.scheduler;step0.layer1.dispatch,146.129544000,15.388152000,161.517696000,step0.layer1.scheduler,PIM_GWRITE milestone from mixed Ramulator cycle-v1 run
0,1,step0.layer1.pim_expert_compute,pim_expert,,step0.layer1.pim_gwrite,161.517696000,63.077040000,224.594736000,step0.layer1.pim_gwrite,PIM_MAC milestone delta from mixed Ramulator cycle-v1 run
0,1,step0.layer1.pim_read,pim_read,,step0.layer1.pim_expert_compute,224.594736000,0.080496000,224.675232000,step0.layer1.pim_expert_compute,PIM_READ milestone delta from mixed Ramulator cycle-v1 run
0,1,step0.layer1.combine,combine,GPU_COMPUTE,step0.layer1.gpu_expert_compute;step0.layer1.pim_read,224.675232000,1.036864000,225.712096000,step0.layer1.pim_read,weighted expert combine
0,1,step0.layer1.residual2,residual,GPU_COMPUTE,step0.layer1.combine,225.712096000,1.012288000,226.724384000,step0.layer1.combine,residual add
0,2,step0.layer2.norm1,norm,GPU_COMPUTE,step0.layer1.residual2,226.724384000,1.008192000,227.732576000,step0.layer1.residual2,RMSNorm
0,2,step0.layer2.qkv,qkv,GPU_COMPUTE,step0.layer2.norm1,227.732576000,3.635776000,231.368352000,step0.layer2.norm1,QKV projection
0,2,step0.layer2.rope,rope,GPU_COMPUTE,step0.layer2.qkv,231.368352000,1.018432000,232.386784000,step0.layer2.qkv,QK norm and RoPE
0,2,step0.layer2.attention,attention,PIM_COMPUTE,step0.layer2.rope,232.386784000,18.905016000,251.291800000,step0.layer2.rope,decode attention from Ramulator cycle-v0 table
0,2,step0.layer2.o_proj,attention_output,GPU_COMPUTE,step0.layer2.attention,251.291800000,3.109440000,254.401240000,step0.layer2.attention,attention output projection
0,2,step0.layer2.residual1,residual,GPU_COMPUTE,step0.layer2.o_proj,254.401240000,1.012288000,255.413528000,step0.layer2.o_proj,residual add
0,2,step0.layer2.norm2,norm,GPU_COMPUTE,step0.layer2.residual1,255.413528000,1.008192000,256.421720000,step0.layer2.residual1,RMSNorm
0,2,step0.layer2.router,router,GPU_COMPUTE,step0.layer2.norm2,256.421720000,2.069888000,258.491608000,step0.layer2.norm2,MoE router
0,2,step0.layer2.metadata,metadata,GPU_COMPUTE,step0.layer2.router,258.491608000,1.000128000,259.491736000,step0.layer2.router,routing metadata
0,2,step0.layer2.dispatch,dispatch,,step0.layer2.metadata,259.491736000,0.000000000,259.491736000,step0.layer2.metadata,single-GPU dispatch placeholder
0,2,step0.layer2.scheduler,scheduler,GPU_COMPUTE,step0.layer2.metadata,259.491736000,0.000000000,259.491736000,step0.layer2.metadata,pimoe placement policy
0,2,step0.layer2.gpu_weight_load,gpu_weight_load,,step0.layer2.scheduler,259.491736000,5.406336000,264.898072000,step0.layer2.scheduler,ordinary GPU HBM reads from mixed Ramulator cycle-v1 run
0,2,step0.layer2.gpu_expert_compute,gpu_expert,GPU_COMPUTE,step0.layer2.gpu_weight_load;step0.layer2.dispatch,264.898072000,3.054525952,267.952597952,step0.layer2.gpu_weight_load,grouped expert GEMM
0,2,step0.layer2.pim_gwrite,pim_write,,step0.layer2.scheduler;step0.layer2.dispatch,259.491736000,15.388152000,274.879888000,step0.layer2.scheduler,PIM_GWRITE milestone from mixed Ramulator cycle-v1 run
0,2,step0.layer2.pim_expert_compute,pim_expert,,step0.layer2.pim_gwrite,274.879888000,63.077040000,337.956928000,step0.layer2.pim_gwrite,PIM_MAC milestone delta from mixed Ramulator cycle-v1 run
0,2,step0.layer2.pim_read,pim_read,,step0.layer2.pim_expert_compute,337.956928000,0.080496000,338.037424000,step0.layer2.pim_expert_compute,PIM_READ milestone delta from mixed Ramulator cycle-v1 run
0,2,step0.layer2.combine,combine,GPU_COMPUTE,step0.layer2.gpu_expert_compute;step0.layer2.pim_read,338.037424000,1.036864000,339.074288000,step0.layer2.pim_read,weighted expert combine
0,2,step0.layer2.residual2,residual,GPU_COMPUTE,step0.layer2.combine,339.074288000,1.012288000,340.086576000,step0.layer2.combine,residual add
0,3,step0.layer3.norm1,norm,GPU_COMPUTE,step0.layer2.residual2,340.086576000,1.008192000,341.094768000,step0.layer2.residual2,RMSNorm
0,3,step0.layer3.qkv,qkv,GPU_COMPUTE,step0.layer3.norm1,341.094768000,3.635776000,344.730544000,step0.layer3.norm1,QKV projection
0,3,step0.layer3.rope,rope,GPU_COMPUTE,step0.layer3.qkv,344.730544000,1.018432000,345.748976000,step0.layer3.qkv,QK norm and RoPE
0,3,step0.layer3.attention,attention,PIM_COMPUTE,step0.layer3.rope,345.748976000,18.905016000,364.653992000,step0.layer3.rope,decode attention from Ramulator cycle-v0 table
0,3,step0.layer3.o_proj,attention_output,GPU_COMPUTE,step0.layer3.attention,364.653992000,3.109440000,367.763432000,step0.layer3.attention,attention output projection
0,3,step0.layer3.residual1,residual,GPU_COMPUTE,step0.layer3.o_proj,367.763432000,1.012288000,368.775720000,step0.layer3.o_proj,residual add
0,3,step0.layer3.norm2,norm,GPU_COMPUTE,step0.layer3.residual1,368.775720000,1.008192000,369.783912000,step0.layer3.residual1,RMSNorm
0,3,step0.layer3.router,router,GPU_COMPUTE,step0.layer3.norm2,369.783912000,2.069888000,371.853800000,step0.layer3.norm2,MoE router
0,3,step0.layer3.metadata,metadata,GPU_COMPUTE,step0.layer3.router,371.853800000,1.000128000,372.853928000,step0.layer3.router,routing metadata
0,3,step0.layer3.dispatch,dispatch,,step0.layer3.metadata,372.853928000,0.000000000,372.853928000,step0.layer3.metadata,single-GPU dispatch placeholder
0,3,step0.layer3.scheduler,scheduler,GPU_COMPUTE,step0.layer3.metadata,372.853928000,0.000000000,372.853928000,step0.layer3.metadata,pimoe placement policy
0,3,step0.layer3.gpu_weight_load,gpu_weight_load,,step0.layer3.scheduler,372.853928000,5.406336000,378.260264000,step0.layer3.scheduler,ordinary GPU HBM reads from mixed Ramulator cycle-v1 run
0,3,step0.layer3.gpu_expert_compute,gpu_expert,GPU_COMPUTE,step0.layer3.gpu_weight_load;step0.layer3.dispatch,378.260264000,3.054525952,381.314789952,step0.layer3.gpu_weight_load,grouped expert GEMM
0,3,step0.layer3.pim_gwrite,pim_write,,step0.layer3.scheduler;step0.layer3.dispatch,372.853928000,15.388152000,388.242080000,step0.layer3.scheduler,PIM_GWRITE milestone from mixed Ramulator cycle-v1 run
0,3,step0.layer3.pim_expert_compute,pim_expert,,step0.layer3.pim_gwrite,388.242080000,63.077040000,451.319120000,step0.layer3.pim_gwrite,PIM_MAC milestone delta from mixed Ramulator cycle-v1 run
0,3,step0.layer3.pim_read,pim_read,,step0.layer3.pim_expert_compute,451.319120000,0.080496000,451.399616000,step0.layer3.pim_expert_compute,PIM_READ milestone delta from mixed Ramulator cycle-v1 run
0,3,step0.layer3.combine,combine,GPU_COMPUTE,step0.layer3.gpu_expert_compute;step0.layer3.pim_read,451.399616000,1.036864000,452.436480000,step0.layer3.pim_read,weighted expert combine
0,3,step0.layer3.residual2,residual,GPU_COMPUTE,step0.layer3.combine,452.436480000,1.012288000,453.448768000,step0.layer3.combine,residual add
0,4,step0.layer4.norm1,norm,GPU_COMPUTE,step0.layer3.residual2,453.448768000,1.008192000,454.456960000,step0.layer3.residual2,RMSNorm
0,4,step0.layer4.qkv,qkv,GPU_COMPUTE,step0.layer4.norm1,454.456960000,3.635776000,458.092736000,step0.layer4.norm1,QKV projection
0,4,step0.layer4.rope,rope,GPU_COMPUTE,step0.layer4.qkv,458.092736000,1.018432000,459.111168000,step0.layer4.qkv,QK norm and RoPE
0,4,step0.layer4.attention,attention,PIM_COMPUTE,step0.layer4.rope,459.111168000,18.905016000,478.016184000,step0.layer4.rope,decode attention from Ramulator cycle-v0 table
0,4,step0.layer4.o_proj,attention_output,GPU_COMPUTE,step0.layer4.attention,478.016184000,3.109440000,481.125624000,step0.layer4.attention,attention output projection
0,4,step0.layer4.residual1,residual,GPU_COMPUTE,step0.layer4.o_proj,481.125624000,1.012288000,482.137912000,step0.layer4.o_proj,residual add
0,4,step0.layer4.norm2,norm,GPU_COMPUTE,step0.layer4.residual1,482.137912000,1.008192000,483.146104000,step0.layer4.residual1,RMSNorm
0,4,step0.layer4.router,router,GPU_COMPUTE,step0.layer4.norm2,483.146104000,2.069888000,485.215992000,step0.layer4.norm2,MoE router
0,4,step0.layer4.metadata,metadata,GPU_COMPUTE,step0.layer4.router,485.215992000,1.000128000,486.216120000,step0.layer4.router,routing metadata
0,4,step0.layer4.dispatch,dispatch,,step0.layer4.metadata,486.216120000,0.000000000,486.216120000,step0.layer4.metadata,single-GPU dispatch placeholder
0,4,step0.layer4.scheduler,scheduler,GPU_COMPUTE,step0.layer4.metadata,486.216120000,0.000000000,486.216120000,step0.layer4.metadata,pimoe placement policy
0,4,step0.layer4.gpu_weight_load,gpu_weight_load,,step0.layer4.scheduler,486.216120000,5.406336000,491.622456000,step0.layer4.scheduler,ordinary GPU HBM reads from mixed Ramulator cycle-v1 run
0,4,step0.layer4.gpu_expert_compute,gpu_expert,GPU_COMPUTE,step0.layer4.gpu_weight_load;step0.layer4.dispatch,491.622456000,3.054525952,494.676981952,step0.layer4.gpu_weight_load,grouped expert GEMM
0,4,step0.layer4.pim_gwrite,pim_write,,step0.layer4.scheduler;step0.layer4.dispatch,486.216120000,15.388152000,501.604272000,step0.layer4.scheduler,PIM_GWRITE milestone from mixed Ramulator cycle-v1 run
0,4,step0.layer4.pim_expert_compute,pim_expert,,step0.layer4.pim_gwrite,501.604272000,63.077040000,564.681312000,step0.layer4.pim_gwrite,PIM_MAC milestone delta from mixed Ramulator cycle-v1 run
0,4,step0.layer4.pim_read,pim_read,,step0.layer4.pim_expert_compute,564.681312000,0.080496000,564.761808000,step0.layer4.pim_expert_compute,PIM_READ milestone delta from mixed Ramulator cycle-v1 run
0,4,step0.layer4.combine,combine,GPU_COMPUTE,step0.layer4.gpu_expert_compute;step0.layer4.pim_read,564.761808000,1.036864000,565.798672000,step0.layer4.pim_read,weighted expert combine
0,4,step0.layer4.residual2,residual,GPU_COMPUTE,step0.layer4.combine,565.798672000,1.012288000,566.810960000,step0.layer4.combine,residual add
0,5,step0.layer5.norm1,norm,GPU_COMPUTE,step0.layer4.residual2,566.810960000,1.008192000,567.819152000,step0.layer4.residual2,RMSNorm
0,5,step0.layer5.qkv,qkv,GPU_COMPUTE,step0.layer5.norm1,567.819152000,3.635776000,571.454928000,step0.layer5.norm1,QKV projection
0,5,step0.layer5.rope,rope,GPU_COMPUTE,step0.layer5.qkv,571.454928000,1.018432000,572.473360000,step0.layer5.qkv,QK norm and RoPE
0,5,step0.layer5.attention,attention,PIM_COMPUTE,step0.layer5.rope,572.473360000,18.905016000,591.378376000,step0.layer5.rope,decode attention from Ramulator cycle-v0 table
0,5,step0.layer5.o_proj,attention_output,GPU_COMPUTE,step0.layer5.attention,591.378376000,3.109440000,594.487816000,step0.layer5.attention,attention output projection
0,5,step0.layer5.residual1,residual,GPU_COMPUTE,step0.layer5.o_proj,594.487816000,1.012288000,595.500104000,step0.layer5.o_proj,residual add
0,5,step0.layer5.norm2,norm,GPU_COMPUTE,step0.layer5.residual1,595.500104000,1.008192000,596.508296000,step0.layer5.residual1,RMSNorm
0,5,step0.layer5.router,router,GPU_COMPUTE,step0.layer5.norm2,596.508296000,2.069888000,598.578184000,step0.layer5.norm2,MoE router
0,5,step0.layer5.metadata,metadata,GPU_COMPUTE,step0.layer5.router,598.578184000,1.000128000,599.578312000,step0.layer5.router,routing metadata
0,5,step0.layer5.dispatch,dispatch,,step0.layer5.metadata,599.578312000,0.000000000,599.578312000,step0.layer5.metadata,single-GPU dispatch placeholder
0,5,step0.layer5.scheduler,scheduler,GPU_COMPUTE,step0.layer5.metadata,599.578312000,0.000000000,599.578312000,step0.layer5.metadata,pimoe placement policy
0,5,step0.layer5.gpu_weight_load,gpu_weight_load,,step0.layer5.scheduler,599.578312000,5.406336000,604.984648000,step0.layer5.scheduler,ordinary GPU HBM reads from mixed Ramulator cycle-v1 run
0,5,step0.layer5.gpu_expert_compute,gpu_expert,GPU_COMPUTE,step0.layer5.gpu_weight_load;step0.layer5.dispatch,604.984648000,3.054525952,608.039173952,step0.layer5.gpu_weight_load,grouped expert GEMM
0,5,step0.layer5.pim_gwrite,pim_write,,step0.layer5.scheduler;step0.layer5.dispatch,599.578312000,15.388152000,614.966464000,step0.layer5.scheduler,PIM_GWRITE milestone from mixed Ramulator cycle-v1 run
0,5,step0.layer5.pim_expert_compute,pim_expert,,step0.layer5.pim_gwrite,614.966464000,63.077040000,678.043504000,step0.layer5.pim_gwrite,PIM_MAC milestone delta from mixed Ramulator cycle-v1 run
0,5,step0.layer5.pim_read,pim_read,,step0.layer5.pim_expert_compute,678.043504000,0.080496000,678.124000000,step0.layer5.pim_expert_compute,PIM_READ milestone delta from mixed Ramulator cycle-v1 run
0,5,step0.layer5.combine,combine,GPU_COMPUTE,step0.layer5.gpu_expert_compute;step0.layer5.pim_read,678.124000000,1.036864000,679.160864000,step0.layer5.pim_read,weighted expert combine
0,5,step0.layer5.residual2,residual,GPU_COMPUTE,step0.layer5.combine,679.160864000,1.012288000,680.173152000,step0.layer5.combine,residual add
0,6,step0.layer6.norm1,norm,GPU_COMPUTE,step0.layer5.residual2,680.173152000,1.008192000,681.181344000,step0.layer5.residual2,RMSNorm
0,6,step0.layer6.qkv,qkv,GPU_COMPUTE,step0.layer6.norm1,681.181344000,3.635776000,684.817120000,step0.layer6.norm1,QKV projection
0,6,step0.layer6.rope,rope,GPU_COMPUTE,step0.layer6.qkv,684.817120000,1.018432000,685.835552000,step0.layer6.qkv,QK norm and RoPE
0,6,step0.layer6.attention,attention,PIM_COMPUTE,step0.layer6.rope,685.835552000,18.905016000,704.740568000,step0.layer6.rope,decode attention from Ramulator cycle-v0 table
0,6,step0.layer6.o_proj,attention_output,GPU_COMPUTE,step0.layer6.attention,704.740568000,3.109440000,707.850008000,step0.layer6.attention,attention output projection
0,6,step0.layer6.residual1,residual,GPU_COMPUTE,step0.layer6.o_proj,707.850008000,1.012288000,708.862296000,step0.layer6.o_proj,residual add
0,6,step0.layer6.norm2,norm,GPU_COMPUTE,step0.layer6.residual1,708.862296000,1.008192000,709.870488000,step0.layer6.residual1,RMSNorm
0,6,step0.layer6.router,router,GPU_COMPUTE,step0.layer6.norm2,709.870488000,2.069888000,711.940376000,step0.layer6.norm2,MoE router
0,6,step0.layer6.metadata,metadata,GPU_COMPUTE,step0.layer6.router,711.940376000,1.000128000,712.940504000,step0.layer6.router,routing metadata
0,6,step0.layer6.dispatch,dispatch,,step0.layer6.metadata,712.940504000,0.000000000,712.940504000,step0.layer6.metadata,single-GPU dispatch placeholder
0,6,step0.layer6.scheduler,scheduler,GPU_COMPUTE,step0.layer6.metadata,712.940504000,0.000000000,712.940504000,step0.layer6.metadata,pimoe placement policy
0,6,step0.layer6.gpu_weight_load,gpu_weight_load,,step0.layer6.scheduler,712.940504000,5.406336000,718.346840000,step0.layer6.scheduler,ordinary GPU HBM reads from mixed Ramulator cycle-v1 run
0,6,step0.layer6.gpu_expert_compute,gpu_expert,GPU_COMPUTE,step0.layer6.gpu_weight_load;step0.layer6.dispatch,718.346840000,3.054525952,721.401365952,step0.layer6.gpu_weight_load,grouped expert GEMM
0,6,step0.layer6.pim_gwrite,pim_write,,step0.layer6.scheduler;step0.layer6.dispatch,712.940504000,15.388152000,728.328656000,step0.layer6.scheduler,PIM_GWRITE milestone from mixed Ramulator cycle-v1 run
0,6,step0.layer6.pim_expert_compute,pim_expert,,step0.layer6.pim_gwrite,728.328656000,63.077040000,791.405696000,step0.layer6.pim_gwrite,PIM_MAC milestone delta from mixed Ramulator cycle-v1 run
0,6,step0.layer6.pim_read,pim_read,,step0.layer6.pim_expert_compute,791.405696000,0.080496000,791.486192000,step0.layer6.pim_expert_compute,PIM_READ milestone delta from mixed Ramulator cycle-v1 run
0,6,step0.layer6.combine,combine,GPU_COMPUTE,step0.layer6.gpu_expert_compute;step0.layer6.pim_read,791.486192000,1.036864000,792.523056000,step0.layer6.pim_read,weighted expert combine
0,6,step0.layer6.residual2,residual,GPU_COMPUTE,step0.layer6.combine,792.523056000,1.012288000,793.535344000,step0.layer6.combine,residual add
0,7,step0.layer7.norm1,norm,GPU_COMPUTE,step0.layer6.residual2,793.535344000,1.008192000,794.543536000,step0.layer6.residual2,RMSNorm
0,7,step0.layer7.qkv,qkv,GPU_COMPUTE,step0.layer7.norm1,794.543536000,3.635776000,798.179312000,step0.layer7.norm1,QKV projection
0,7,step0.layer7.rope,rope,GPU_COMPUTE,step0.layer7.qkv,798.179312000,1.018432000,799.197744000,step0.layer7.qkv,QK norm and RoPE
0,7,step0.layer7.attention,attention,PIM_COMPUTE,step0.layer7.rope,799.197744000,18.905016000,818.102760000,step0.layer7.rope,decode attention from Ramulator cycle-v0 table
0,7,step0.layer7.o_proj,attention_output,GPU_COMPUTE,step0.layer7.attention,818.102760000,3.109440000,821.212200000,step0.layer7.attention,attention output projection
0,7,step0.layer7.residual1,residual,GPU_COMPUTE,step0.layer7.o_proj,821.212200000,1.012288000,822.224488000,step0.layer7.o_proj,residual add
0,7,step0.layer7.norm2,norm,GPU_COMPUTE,step0.layer7.residual1,822.224488000,1.008192000,823.232680000,step0.layer7.residual1,RMSNorm
0,7,step0.layer7.router,router,GPU_COMPUTE,step0.layer7.norm2,823.232680000,2.069888000,825.302568000,step0.layer7.norm2,MoE router
0,7,step0.layer7.metadata,metadata,GPU_COMPUTE,step0.layer7.router,825.302568000,1.000128000,826.302696000,step0.layer7.router,routing metadata
0,7,step0.layer7.dispatch,dispatch,,step0.layer7.metadata,826.302696000,0.000000000,826.302696000,step0.layer7.metadata,single-GPU dispatch placeholder
0,7,step0.layer7.scheduler,scheduler,GPU_COMPUTE,step0.layer7.metadata,826.302696000,0.000000000,826.302696000,step0.layer7.metadata,pimoe placement policy
0,7,step0.layer7.gpu_weight_load,gpu_weight_load,,step0.layer7.scheduler,826.302696000,5.406336000,831.709032000,step0.layer7.scheduler,ordinary GPU HBM reads from mixed Ramulator cycle-v1 run
0,7,step0.layer7.gpu_expert_compute,gpu_expert,GPU_COMPUTE,step0.layer7.gpu_weight_load;step0.layer7.dispatch,831.709032000,3.054525952,834.763557952,step0.layer7.gpu_weight_load,grouped expert GEMM
0,7,step0.layer7.pim_gwrite,pim_write,,step0.layer7.scheduler;step0.layer7.dispatch,826.302696000,15.388152000,841.690848000,step0.layer7.scheduler,PIM_GWRITE milestone from mixed Ramulator cycle-v1 run
0,7,step0.layer7.pim_expert_compute,pim_expert,,step0.layer7.pim_gwrite,841.690848000,63.077040000,904.767888000,step0.layer7.pim_gwrite,PIM_MAC milestone delta from mixed Ramulator cycle-v1 run
0,7,step0.layer7.pim_read,pim_read,,step0.layer7.pim_expert_compute,904.767888000,0.080496000,904.848384000,step0.layer7.pim_expert_compute,PIM_READ milestone delta from mixed Ramulator cycle-v1 run
0,7,step0.layer7.combine,combine,GPU_COMPUTE,step0.layer7.gpu_expert_compute;step0.layer7.pim_read,904.848384000,1.036864000,905.885248000,step0.layer7.pim_read,weighted expert combine
0,7,step0.layer7.residual2,residual,GPU_COMPUTE,step0.layer7.combine,905.885248000,1.012288000,906.897536000,step0.layer7.combine,residual add
0,8,step0.layer8.norm1,norm,GPU_COMPUTE,step0.layer7.residual2,906.897536000,1.008192000,907.905728000,step0.layer7.residual2,RMSNorm
0,8,step0.layer8.qkv,qkv,GPU_COMPUTE,step0.layer8.norm1,907.905728000,3.635776000,911.541504000,step0.layer8.norm1,QKV projection
0,8,step0.layer8.rope,rope,GPU_COMPUTE,step0.layer8.qkv,911.541504000,1.018432000,912.559936000,step0.layer8.qkv,QK norm and RoPE
0,8,step0.layer8.attention,attention,PIM_COMPUTE,step0.layer8.rope,912.559936000,18.905016000,931.464952000,step0.layer8.rope,decode attention from Ramulator cycle-v0 table
0,8,step0.layer8.o_proj,attention_output,GPU_COMPUTE,step0.layer8.attention,931.464952000,3.109440000,934.574392000,step0.layer8.attention,attention output projection
0,8,step0.layer8.residual1,residual,GPU_COMPUTE,step0.layer8.o_proj,934.574392000,1.012288000,935.586680000,step0.layer8.o_proj,residual add
0,8,step0.layer8.norm2,norm,GPU_COMPUTE,step0.layer8.residual1,935.586680000,1.008192000,936.594872000,step0.layer8.residual1,RMSNorm
0,8,step0.layer8.router,router,GPU_COMPUTE,step0.layer8.norm2,936.594872000,2.069888000,938.664760000,step0.layer8.norm2,MoE router
0,8,step0.layer8.metadata,metadata,GPU_COMPUTE,step0.layer8.router,938.664760000,1.000128000,939.664888000,step0.layer8.router,routing metadata
0,8,step0.layer8.dispatch,dispatch,,step0.layer8.metadata,939.664888000,0.000000000,939.664888000,step0.layer8.metadata,single-GPU dispatch placeholder
0,8,step0.layer8.scheduler,scheduler,GPU_COMPUTE,step0.layer8.metadata,939.664888000,0.000000000,939.664888000,step0.layer8.metadata,pimoe placement policy
0,8,step0.layer8.gpu_weight_load,gpu_weight_load,,step0.layer8.scheduler,939.664888000,5.406336000,945.071224000,step0.layer8.scheduler,ordinary GPU HBM reads from mixed Ramulator cycle-v1 run
0,8,step0.layer8.gpu_expert_compute,gpu_expert,GPU_COMPUTE,step0.layer8.gpu_weight_load;step0.layer8.dispatch,945.071224000,3.054525952,948.125749952,step0.layer8.gpu_weight_load,grouped expert GEMM
0,8,step0.layer8.pim_gwrite,pim_write,,step0.layer8.scheduler;step0.layer8.dispatch,939.664888000,15.388152000,955.053040000,step0.layer8.scheduler,PIM_GWRITE milestone from mixed Ramulator cycle-v1 run
0,8,step0.layer8.pim_expert_compute,pim_expert,,step0.layer8.pim_gwrite,955.053040000,63.077040000,1018.130080000,step0.layer8.pim_gwrite,PIM_MAC milestone delta from mixed Ramulator cycle-v1 run
0,8,step0.layer8.pim_read,pim_read,,step0.layer8.pim_expert_compute,1018.130080000,0.080496000,1018.210576000,step0.layer8.pim_expert_compute,PIM_READ milestone delta from mixed Ramulator cycle-v1 run
0,8,step0.layer8.combine,combine,GPU_COMPUTE,step0.layer8.gpu_expert_compute;step0.layer8.pim_read,1018.210576000,1.036864000,1019.247440000,step0.layer8.pim_read,weighted expert combine
0,8,step0.layer8.residual2,residual,GPU_COMPUTE,step0.layer8.combine,1019.247440000,1.012288000,1020.259728000,step0.layer8.combine,residual add
0,9,step0.layer9.norm1,norm,GPU_COMPUTE,step0.layer8.residual2,1020.259728000,1.008192000,1021.267920000,step0.layer8.residual2,RMSNorm
0,9,step0.layer9.qkv,qkv,GPU_COMPUTE,step0.layer9.norm1,1021.267920000,3.635776000,1024.903696000,step0.layer9.norm1,QKV projection
0,9,step0.layer9.rope,rope,GPU_COMPUTE,step0.layer9.qkv,1024.903696000,1.018432000,1025.922128000,step0.layer9.qkv,QK norm and RoPE
0,9,step0.layer9.attention,attention,PIM_COMPUTE,step0.layer9.rope,1025.922128000,18.905016000,1044.827144000,step0.layer9.rope,decode attention from Ramulator cycle-v0 table
0,9,step0.layer9.o_proj,attention_output,GPU_COMPUTE,step0.layer9.attention,1044.827144000,3.109440000,1047.936584000,step0.layer9.attention,attention output projection
0,9,step0.layer9.residual1,residual,GPU_COMPUTE,step0.layer9.o_proj,1047.936584000,1.012288000,1048.948872000,step0.layer9.o_proj,residual add
0,9,step0.layer9.norm2,norm,GPU_COMPUTE,step0.layer9.residual1,1048.948872000,1.008192000,1049.957064000,step0.layer9.residual1,RMSNorm
0,9,step0.layer9.router,router,GPU_COMPUTE,step0.layer9.norm2,1049.957064000,2.069888000,1052.026952000,step0.layer9.norm2,MoE router
0,9,step0.layer9.metadata,metadata,GPU_COMPUTE,step0.layer9.router,1052.026952000,1.000128000,1053.027080000,step0.layer9.router,routing metadata
0,9,step0.layer9.dispatch,dispatch,,step0.layer9.metadata,1053.027080000,0.000000000,1053.027080000,step0.layer9.metadata,single-GPU dispatch placeholder
0,9,step0.layer9.scheduler,scheduler,GPU_COMPUTE,step0.layer9.metadata,1053.027080000,0.000000000,1053.027080000,step0.layer9.metadata,pimoe placement policy
0,9,step0.layer9.gpu_weight_load,gpu_weight_load,,step0.layer9.scheduler,1053.027080000,5.406336000,1058.433416000,step0.layer9.scheduler,ordinary GPU HBM reads from mixed Ramulator cycle-v1 run
0,9,step0.layer9.gpu_expert_compute,gpu_expert,GPU_COMPUTE,step0.layer9.gpu_weight_load;step0.layer9.dispatch,1058.433416000,3.054525952,1061.487941952,step0.layer9.gpu_weight_load,grouped expert GEMM
0,9,step0.layer9.pim_gwrite,pim_write,,step0.layer9.scheduler;step0.layer9.dispatch,1053.027080000,15.388152000,1068.415232000,step0.layer9.scheduler,PIM_GWRITE milestone from mixed Ramulator cycle-v1 run
0,9,step0.layer9.pim_expert_compute,pim_expert,,step0.layer9.pim_gwrite,1068.415232000,63.077040000,1131.492272000,step0.layer9.pim_gwrite,PIM_MAC milestone delta from mixed Ramulator cycle-v1 run
0,9,step0.layer9.pim_read,pim_read,,step0.layer9.pim_expert_compute,1131.492272000,0.080496000,1131.572768000,step0.layer9.pim_expert_compute,PIM_READ milestone delta from mixed Ramulator cycle-v1 run
0,9,step0.layer9.combine,combine,GPU_COMPUTE,step0.layer9.gpu_expert_compute;step0.layer9.pim_read,1131.572768000,1.036864000,1132.609632000,step0.layer9.pim_read,weighted expert combine
0,9,step0.layer9.residual2,residual,GPU_COMPUTE,step0.layer9.combine,1132.609632000,1.012288000,1133.621920000,step0.layer9.combine,residual add
0,10,step0.layer10.norm1,norm,GPU_COMPUTE,step0.layer9.residual2,1133.621920000,1.008192000,1134.630112000,step0.layer9.residual2,RMSNorm
0,10,step0.layer10.qkv,qkv,GPU_COMPUTE,step0.layer10.norm1,1134.630112000,3.635776000,1138.265888000,step0.layer10.norm1,QKV projection
0,10,step0.layer10.rope,rope,GPU_COMPUTE,step0.layer10.qkv,1138.265888000,1.018432000,1139.284320000,step0.layer10.qkv,QK norm and RoPE
0,10,step0.layer10.attention,attention,PIM_COMPUTE,step0.layer10.rope,1139.284320000,18.905016000,1158.189336000,step0.layer10.rope,decode attention from Ramulator cycle-v0 table
0,10,step0.layer10.o_proj,attention_output,GPU_COMPUTE,step0.layer10.attention,1158.189336000,3.109440000,1161.298776000,step0.layer10.attention,attention output projection
0,10,step0.layer10.residual1,residual,GPU_COMPUTE,step0.layer10.o_proj,1161.298776000,1.012288000,1162.311064000,step0.layer10.o_proj,residual add
0,10,step0.layer10.norm2,norm,GPU_COMPUTE,step0.layer10.residual1,1162.311064000,1.008192000,1163.319256000,step0.layer10.residual1,RMSNorm
0,10,step0.layer10.router,router,GPU_COMPUTE,step0.layer10.norm2,1163.319256000,2.069888000,1165.389144000,step0.layer10.norm2,MoE router
0,10,step0.layer10.metadata,metadata,GPU_COMPUTE,step0.layer10.router,1165.389144000,1.000128000,1166.389272000,step0.layer10.router,routing metadata
0,10,step0.layer10.dispatch,dispatch,,step0.layer10.metadata,1166.389272000,0.000000000,1166.389272000,step0.layer10.metadata,single-GPU dispatch placeholder
0,10,step0.layer10.scheduler,scheduler,GPU_COMPUTE,step0.layer10.metadata,1166.389272000,0.000000000,1166.389272000,step0.layer10.metadata,pimoe placement policy
0,10,step0.layer10.gpu_weight_load,gpu_weight_load,,step0.layer10.scheduler,1166.389272000,5.406336000,1171.795608000,step0.layer10.scheduler,ordinary GPU HBM reads from mixed Ramulator cycle-v1 run
0,10,step0.layer10.gpu_expert_compute,gpu_expert,GPU_COMPUTE,step0.layer10.gpu_weight_load;step0.layer10.dispatch,1171.795608000,3.054525952,1174.850133952,step0.layer10.gpu_weight_load,grouped expert GEMM
0,10,step0.layer10.pim_gwrite,pim_write,,step0.layer10.scheduler;step0.layer10.dispatch,1166.389272000,15.388152000,1181.777424000,step0.layer10.scheduler,PIM_GWRITE milestone from mixed Ramulator cycle-v1 run
0,10,step0.layer10.pim_expert_compute,pim_expert,,step0.layer10.pim_gwrite,1181.777424000,63.077040000,1244.854464000,step0.layer10.pim_gwrite,PIM_MAC milestone delta from mixed Ramulator cycle-v1 run
0,10,step0.layer10.pim_read,pim_read,,step0.layer10.pim_expert_compute,1244.854464000,0.080496000,1244.934960000,step0.layer10.pim_expert_compute,PIM_READ milestone delta from mixed Ramulator cycle-v1 run
0,10,step0.layer10.combine,combine,GPU_COMPUTE,step0.layer10.gpu_expert_compute;step0.layer10.pim_read,1244.934960000,1.036864000,1245.971824000,step0.layer10.pim_read,weighted expert combine
0,10,step0.layer10.residual2,residual,GPU_COMPUTE,step0.layer10.combine,1245.971824000,1.012288000,1246.984112000,step0.layer10.combine,residual add
0,11,step0.layer11.norm1,norm,GPU_COMPUTE,step0.layer10.residual2,1246.984112000,1.008192000,1247.992304000,step0.layer10.residual2,RMSNorm
0,11,step0.layer11.qkv,qkv,GPU_COMPUTE,step0.layer11.norm1,1247.992304000,3.635776000,1251.628080000,step0.layer11.norm1,QKV projection
0,11,step0.layer11.rope,rope,GPU_COMPUTE,step0.layer11.qkv,1251.628080000,1.018432000,1252.646512000,step0.layer11.qkv,QK norm and RoPE
0,11,step0.layer11.attention,attention,PIM_COMPUTE,step0.layer11.rope,1252.646512000,18.905016000,1271.551528000,step0.layer11.rope,decode attention from Ramulator cycle-v0 table
0,11,step0.layer11.o_proj,attention_output,GPU_COMPUTE,step0.layer11.attention,1271.551528000,3.109440000,1274.660968000,step0.layer11.attention,attention output projection
0,11,step0.layer11.residual1,residual,GPU_COMPUTE,step0.layer11.o_proj,1274.660968000,1.012288000,1275.673256000,step0.layer11.o_proj,residual add
0,11,step0.layer11.norm2,norm,GPU_COMPUTE,step0.layer11.residual1,1275.673256000,1.008192000,1276.681448000,step0.layer11.residual1,RMSNorm
0,11,step0.layer11.router,router,GPU_COMPUTE,step0.layer11.norm2,1276.681448000,2.069888000,1278.751336000,step0.layer11.norm2,MoE router
0,11,step0.layer11.metadata,metadata,GPU_COMPUTE,step0.layer11.router,1278.751336000,1.000128000,1279.751464000,step0.layer11.router,routing metadata
0,11,step0.layer11.dispatch,dispatch,,step0.layer11.metadata,1279.751464000,0.000000000,1279.751464000,step0.layer11.metadata,single-GPU dispatch placeholder
0,11,step0.layer11.scheduler,scheduler,GPU_COMPUTE,step0.layer11.metadata,1279.751464000,0.000000000,1279.751464000,step0.layer11.metadata,pimoe placement policy
0,11,step0.layer11.gpu_weight_load,gpu_weight_load,,step0.layer11.scheduler,1279.751464000,5.406336000,1285.157800000,step0.layer11.scheduler,ordinary GPU HBM reads from mixed Ramulator cycle-v1 run
0,11,step0.layer11.gpu_expert_compute,gpu_expert,GPU_COMPUTE,step0.layer11.gpu_weight_load;step0.layer11.dispatch,1285.157800000,3.054525952,1288.212325952,step0.layer11.gpu_weight_load,grouped expert GEMM
0,11,step0.layer11.pim_gwrite,pim_write,,step0.layer11.scheduler;step0.layer11.dispatch,1279.751464000,15.388152000,1295.139616000,step0.layer11.scheduler,PIM_GWRITE milestone from mixed Ramulator cycle-v1 run
0,11,step0.layer11.pim_expert_compute,pim_expert,,step0.layer11.pim_gwrite,1295.139616000,63.077040000,1358.216656000,step0.layer11.pim_gwrite,PIM_MAC milestone delta from mixed Ramulator cycle-v1 run
0,11,step0.layer11.pim_read,pim_read,,step0.layer11.pim_expert_compute,1358.216656000,0.080496000,1358.297152000,step0.layer11.pim_expert_compute,PIM_READ milestone delta from mixed Ramulator cycle-v1 run
0,11,step0.layer11.combine,combine,GPU_COMPUTE,step0.layer11.gpu_expert_compute;step0.layer11.pim_read,1358.297152000,1.036864000,1359.334016000,step0.layer11.pim_read,weighted expert combine
0,11,step0.layer11.residual2,residual,GPU_COMPUTE,step0.layer11.combine,1359.334016000,1.012288000,1360.346304000,step0.layer11.combine,residual add
0,12,step0.layer12.norm1,norm,GPU_COMPUTE,step0.layer11.residual2,1360.346304000,1.008192000,1361.354496000,step0.layer11.residual2,RMSNorm
0,12,step0.layer12.qkv,qkv,GPU_COMPUTE,step0.layer12.norm1,1361.354496000,3.635776000,1364.990272000,step0.layer12.norm1,QKV projection
0,12,step0.layer12.rope,rope,GPU_COMPUTE,step0.layer12.qkv,1364.990272000,1.018432000,1366.008704000,step0.layer12.qkv,QK norm and RoPE
0,12,step0.layer12.attention,attention,PIM_COMPUTE,step0.layer12.rope,1366.008704000,18.905016000,1384.913720000,step0.layer12.rope,decode attention from Ramulator cycle-v0 table
0,12,step0.layer12.o_proj,attention_output,GPU_COMPUTE,step0.layer12.attention,1384.913720000,3.109440000,1388.023160000,step0.layer12.attention,attention output projection
0,12,step0.layer12.residual1,residual,GPU_COMPUTE,step0.layer12.o_proj,1388.023160000,1.012288000,1389.035448000,step0.layer12.o_proj,residual add
0,12,step0.layer12.norm2,norm,GPU_COMPUTE,step0.layer12.residual1,1389.035448000,1.008192000,1390.043640000,step0.layer12.residual1,RMSNorm
0,12,step0.layer12.router,router,GPU_COMPUTE,step0.layer12.norm2,1390.043640000,2.069888000,1392.113528000,step0.layer12.norm2,MoE router
0,12,step0.layer12.metadata,metadata,GPU_COMPUTE,step0.layer12.router,1392.113528000,1.000128000,1393.113656000,step0.layer12.router,routing metadata
0,12,step0.layer12.dispatch,dispatch,,step0.layer12.metadata,1393.113656000,0.000000000,1393.113656000,step0.layer12.metadata,single-GPU dispatch placeholder
0,12,step0.layer12.scheduler,scheduler,GPU_COMPUTE,step0.layer12.metadata,1393.113656000,0.000000000,1393.113656000,step0.layer12.metadata,pimoe placement policy
0,12,step0.layer12.gpu_weight_load,gpu_weight_load,,step0.layer12.scheduler,1393.113656000,5.406336000,1398.519992000,step0.layer12.scheduler,ordinary GPU HBM reads from mixed Ramulator cycle-v1 run
0,12,step0.layer12.gpu_expert_compute,gpu_expert,GPU_COMPUTE,step0.layer12.gpu_weight_load;step0.layer12.dispatch,1398.519992000,3.054525952,1401.574517952,step0.layer12.gpu_weight_load,grouped expert GEMM
0,12,step0.layer12.pim_gwrite,pim_write,,step0.layer12.scheduler;step0.layer12.dispatch,1393.113656000,15.388152000,1408.501808000,step0.layer12.scheduler,PIM_GWRITE milestone from mixed Ramulator cycle-v1 run
0,12,step0.layer12.pim_expert_compute,pim_expert,,step0.layer12.pim_gwrite,1408.501808000,63.077040000,1471.578848000,step0.layer12.pim_gwrite,PIM_MAC milestone delta from mixed Ramulator cycle-v1 run
0,12,step0.layer12.pim_read,pim_read,,step0.layer12.pim_expert_compute,1471.578848000,0.080496000,1471.659344000,step0.layer12.pim_expert_compute,PIM_READ milestone delta from mixed Ramulator cycle-v1 run
0,12,step0.layer12.combine,combine,GPU_COMPUTE,step0.layer12.gpu_expert_compute;step0.layer12.pim_read,1471.659344000,1.036864000,1472.696208000,step0.layer12.pim_read,weighted expert combine
0,12,step0.layer12.residual2,residual,GPU_COMPUTE,step0.layer12.combine,1472.696208000,1.012288000,1473.708496000,step0.layer12.combine,residual add
0,13,step0.layer13.norm1,norm,GPU_COMPUTE,step0.layer12.residual2,1473.708496000,1.008192000,1474.716688000,step0.layer12.residual2,RMSNorm
0,13,step0.layer13.qkv,qkv,GPU_COMPUTE,step0.layer13.norm1,1474.716688000,3.635776000,1478.352464000,step0.layer13.norm1,QKV projection
0,13,step0.layer13.rope,rope,GPU_COMPUTE,step0.layer13.qkv,1478.352464000,1.018432000,1479.370896000,step0.layer13.qkv,QK norm and RoPE
0,13,step0.layer13.attention,attention,PIM_COMPUTE,step0.layer13.rope,1479.370896000,18.905016000,1498.275912000,step0.layer13.rope,decode attention from Ramulator cycle-v0 table
0,13,step0.layer13.o_proj,attention_output,GPU_COMPUTE,step0.layer13.attention,1498.275912000,3.109440000,1501.385352000,step0.layer13.attention,attention output projection
0,13,step0.layer13.residual1,residual,GPU_COMPUTE,step0.layer13.o_proj,1501.385352000,1.012288000,1502.397640000,step0.layer13.o_proj,residual add
0,13,step0.layer13.norm2,norm,GPU_COMPUTE,step0.layer13.residual1,1502.397640000,1.008192000,1503.405832000,step0.layer13.residual1,RMSNorm
0,13,step0.layer13.router,router,GPU_COMPUTE,step0.layer13.norm2,1503.405832000,2.069888000,1505.475720000,step0.layer13.norm2,MoE router
0,13,step0.layer13.metadata,metadata,GPU_COMPUTE,step0.layer13.router,1505.475720000,1.000128000,1506.475848000,step0.layer13.router,routing metadata
0,13,step0.layer13.dispatch,dispatch,,step0.layer13.metadata,1506.475848000,0.000000000,1506.475848000,step0.layer13.metadata,single-GPU dispatch placeholder
0,13,step0.layer13.scheduler,scheduler,GPU_COMPUTE,step0.layer13.metadata,1506.475848000,0.000000000,1506.475848000,step0.layer13.metadata,pimoe placement policy
0,13,step0.layer13.gpu_weight_load,gpu_weight_load,,step0.layer13.scheduler,1506.475848000,5.406336000,1511.882184000,step0.layer13.scheduler,ordinary GPU HBM reads from mixed Ramulator cycle-v1 run
0,13,step0.layer13.gpu_expert_compute,gpu_expert,GPU_COMPUTE,step0.layer13.gpu_weight_load;step0.layer13.dispatch,1511.882184000,3.054525952,1514.936709952,step0.layer13.gpu_weight_load,grouped expert GEMM
0,13,step0.layer13.pim_gwrite,pim_write,,step0.layer13.scheduler;step0.layer13.dispatch,1506.475848000,15.388152000,1521.864000000,step0.layer13.scheduler,PIM_GWRITE milestone from mixed Ramulator cycle-v1 run
0,13,step0.layer13.pim_expert_compute,pim_expert,,step0.layer13.pim_gwrite,1521.864000000,63.077040000,1584.941040000,step0.layer13.pim_gwrite,PIM_MAC milestone delta from mixed Ramulator cycle-v1 run
0,13,step0.layer13.pim_read,pim_read,,step0.layer13.pim_expert_compute,1584.941040000,0.080496000,1585.021536000,step0.layer13.pim_expert_compute,PIM_READ milestone delta from mixed Ramulator cycle-v1 run
0,13,step0.layer13.combine,combine,GPU_COMPUTE,step0.layer13.gpu_expert_compute;step0.layer13.pim_read,1585.021536000,1.036864000,1586.058400000,step0.layer13.pim_read,weighted expert combine
0,13,step0.layer13.residual2,residual,GPU_COMPUTE,step0.layer13.combine,1586.058400000,1.012288000,1587.070688000,step0.layer13.combine,residual add
0,14,step0.layer14.norm1,norm,GPU_COMPUTE,step0.layer13.residual2,1587.070688000,1.008192000,1588.078880000,step0.layer13.residual2,RMSNorm
0,14,step0.layer14.qkv,qkv,GPU_COMPUTE,step0.layer14.norm1,1588.078880000,3.635776000,1591.714656000,step0.layer14.norm1,QKV projection
0,14,step0.layer14.rope,rope,GPU_COMPUTE,step0.layer14.qkv,1591.714656000,1.018432000,1592.733088000,step0.layer14.qkv,QK norm and RoPE
0,14,step0.layer14.attention,attention,PIM_COMPUTE,step0.layer14.rope,1592.733088000,18.905016000,1611.638104000,step0.layer14.rope,decode attention from Ramulator cycle-v0 table
0,14,step0.layer14.o_proj,attention_output,GPU_COMPUTE,step0.layer14.attention,1611.638104000,3.109440000,1614.747544000,step0.layer14.attention,attention output projection
0,14,step0.layer14.residual1,residual,GPU_COMPUTE,step0.layer14.o_proj,1614.747544000,1.012288000,1615.759832000,step0.layer14.o_proj,residual add
0,14,step0.layer14.norm2,norm,GPU_COMPUTE,step0.layer14.residual1,1615.759832000,1.008192000,1616.768024000,step0.layer14.residual1,RMSNorm
0,14,step0.layer14.router,router,GPU_COMPUTE,step0.layer14.norm2,1616.768024000,2.069888000,1618.837912000,step0.layer14.norm2,MoE router
0,14,step0.layer14.metadata,metadata,GPU_COMPUTE,step0.layer14.router,1618.837912000,1.000128000,1619.838040000,step0.layer14.router,routing metadata
0,14,step0.layer14.dispatch,dispatch,,step0.layer14.metadata,1619.838040000,0.000000000,1619.838040000,step0.layer14.metadata,single-GPU dispatch placeholder
0,14,step0.layer14.scheduler,scheduler,GPU_COMPUTE,step0.layer14.metadata,1619.838040000,0.000000000,1619.838040000,step0.layer14.metadata,pimoe placement policy
0,14,step0.layer14.gpu_weight_load,gpu_weight_load,,step0.layer14.scheduler,1619.838040000,5.406336000,1625.244376000,step0.layer14.scheduler,ordinary GPU HBM reads from mixed Ramulator cycle-v1 run
0,14,step0.layer14.gpu_expert_compute,gpu_expert,GPU_COMPUTE,step0.layer14.gpu_weight_load;step0.layer14.dispatch,1625.244376000,3.054525952,1628.298901952,step0.layer14.gpu_weight_load,grouped expert GEMM
0,14,step0.layer14.pim_gwrite,pim_write,,step0.layer14.scheduler;step0.layer14.dispatch,1619.838040000,15.388152000,1635.226192000,step0.layer14.scheduler,PIM_GWRITE milestone from mixed Ramulator cycle-v1 run
0,14,step0.layer14.pim_expert_compute,pim_expert,,step0.layer14.pim_gwrite,1635.226192000,63.077040000,1698.303232000,step0.layer14.pim_gwrite,PIM_MAC milestone delta from mixed Ramulator cycle-v1 run
0,14,step0.layer14.pim_read,pim_read,,step0.layer14.pim_expert_compute,1698.303232000,0.080496000,1698.383728000,step0.layer14.pim_expert_compute,PIM_READ milestone delta from mixed Ramulator cycle-v1 run
0,14,step0.layer14.combine,combine,GPU_COMPUTE,step0.layer14.gpu_expert_compute;step0.layer14.pim_read,1698.383728000,1.036864000,1699.420592000,step0.layer14.pim_read,weighted expert combine
0,14,step0.layer14.residual2,residual,GPU_COMPUTE,step0.layer14.combine,1699.420592000,1.012288000,1700.432880000,step0.layer14.combine,residual add
0,15,step0.layer15.norm1,norm,GPU_COMPUTE,step0.layer14.residual2,1700.432880000,1.008192000,1701.441072000,step0.layer14.residual2,RMSNorm
0,15,step0.layer15.qkv,qkv,GPU_COMPUTE,step0.layer15.norm1,1701.441072000,3.635776000,1705.076848000,step0.layer15.norm1,QKV projection
0,15,step0.layer15.rope,rope,GPU_COMPUTE,step0.layer15.qkv,1705.076848000,1.018432000,1706.095280000,step0.layer15.qkv,QK norm and RoPE
0,15,step0.layer15.attention,attention,PIM_COMPUTE,step0.layer15.rope,1706.095280000,18.905016000,1725.000296000,step0.layer15.rope,decode attention from Ramulator cycle-v0 table
0,15,step0.layer15.o_proj,attention_output,GPU_COMPUTE,step0.layer15.attention,1725.000296000,3.109440000,1728.109736000,step0.layer15.attention,attention output projection
0,15,step0.layer15.residual1,residual,GPU_COMPUTE,step0.layer15.o_proj,1728.109736000,1.012288000,1729.122024000,step0.layer15.o_proj,residual add
0,15,step0.layer15.norm2,norm,GPU_COMPUTE,step0.layer15.residual1,1729.122024000,1.008192000,1730.130216000,step0.layer15.residual1,RMSNorm
0,15,step0.layer15.router,router,GPU_COMPUTE,step0.layer15.norm2,1730.130216000,2.069888000,1732.200104000,step0.layer15.norm2,MoE router
0,15,step0.layer15.metadata,metadata,GPU_COMPUTE,step0.layer15.router,1732.200104000,1.000128000,1733.200232000,step0.layer15.router,routing metadata
0,15,step0.layer15.dispatch,dispatch,,step0.layer15.metadata,1733.200232000,0.000000000,1733.200232000,step0.layer15.metadata,single-GPU dispatch placeholder
0,15,step0.layer15.scheduler,scheduler,GPU_COMPUTE,step0.layer15.metadata,1733.200232000,0.000000000,1733.200232000,step0.layer15.metadata,pimoe placement policy
0,15,step0.layer15.gpu_weight_load,gpu_weight_load,,step0.layer15.scheduler,1733.200232000,5.406336000,1738.606568000,step0.layer15.scheduler,ordinary GPU HBM reads from mixed Ramulator cycle-v1 run
0,15,step0.layer15.gpu_expert_compute,gpu_expert,GPU_COMPUTE,step0.layer15.gpu_weight_load;step0.layer15.dispatch,1738.606568000,3.054525952,1741.661093952,step0.layer15.gpu_weight_load,grouped expert GEMM
0,15,step0.layer15.pim_gwrite,pim_write,,step0.layer15.scheduler;step0.layer15.dispatch,1733.200232000,15.388152000,1748.588384000,step0.layer15.scheduler,PIM_GWRITE milestone from mixed Ramulator cycle-v1 run
0,15,step0.layer15.pim_expert_compute,pim_expert,,step0.layer15.pim_gwrite,1748.588384000,63.077040000,1811.665424000,step0.layer15.pim_gwrite,PIM_MAC milestone delta from mixed Ramulator cycle-v1 run
0,15,step0.layer15.pim_read,pim_read,,step0.layer15.pim_expert_compute,1811.665424000,0.080496000,1811.745920000,step0.layer15.pim_expert_compute,PIM_READ milestone delta from mixed Ramulator cycle-v1 run
0,15,step0.layer15.combine,combine,GPU_COMPUTE,step0.layer15.gpu_expert_compute;step0.layer15.pim_read,1811.745920000,1.036864000,1812.782784000,step0.layer15.pim_read,weighted expert combine
0,15,step0.layer15.residual2,residual,GPU_COMPUTE,step0.layer15.combine,1812.782784000,1.012288000,1813.795072000,step0.layer15.combine,residual add
0,16,step0.layer16.norm1,norm,GPU_COMPUTE,step0.layer15.residual2,1813.795072000,1.008192000,1814.803264000,step0.layer15.residual2,RMSNorm
0,16,step0.layer16.qkv,qkv,GPU_COMPUTE,step0.layer16.norm1,1814.803264000,3.635776000,1818.439040000,step0.layer16.norm1,QKV projection
0,16,step0.layer16.rope,rope,GPU_COMPUTE,step0.layer16.qkv,1818.439040000,1.018432000,1819.457472000,step0.layer16.qkv,QK norm and RoPE
0,16,step0.layer16.attention,attention,PIM_COMPUTE,step0.layer16.rope,1819.457472000,18.905016000,1838.362488000,step0.layer16.rope,decode attention from Ramulator cycle-v0 table
0,16,step0.layer16.o_proj,attention_output,GPU_COMPUTE,step0.layer16.attention,1838.362488000,3.109440000,1841.471928000,step0.layer16.attention,attention output projection
0,16,step0.layer16.residual1,residual,GPU_COMPUTE,step0.layer16.o_proj,1841.471928000,1.012288000,1842.484216000,step0.layer16.o_proj,residual add
0,16,step0.layer16.norm2,norm,GPU_COMPUTE,step0.layer16.residual1,1842.484216000,1.008192000,1843.492408000,step0.layer16.residual1,RMSNorm
0,16,step0.layer16.router,router,GPU_COMPUTE,step0.layer16.norm2,1843.492408000,2.069888000,1845.562296000,step0.layer16.norm2,MoE router
0,16,step0.layer16.metadata,metadata,GPU_COMPUTE,step0.layer16.router,1845.562296000,1.000128000,1846.562424000,step0.layer16.router,routing metadata
0,16,step0.layer16.dispatch,dispatch,,step0.layer16.metadata,1846.562424000,0.000000000,1846.562424000,step0.layer16.metadata,single-GPU dispatch placeholder
0,16,step0.layer16.scheduler,scheduler,GPU_COMPUTE,step0.layer16.metadata,1846.562424000,0.000000000,1846.562424000,step0.layer16.metadata,pimoe placement policy
0,16,step0.layer16.gpu_weight_load,gpu_weight_load,,step0.layer16.scheduler,1846.562424000,5.406336000,1851.968760000,step0.layer16.scheduler,ordinary GPU HBM reads from mixed Ramulator cycle-v1 run
0,16,step0.layer16.gpu_expert_compute,gpu_expert,GPU_COMPUTE,step0.layer16.gpu_weight_load;step0.layer16.dispatch,1851.968760000,3.054525952,1855.023285952,step0.layer16.gpu_weight_load,grouped expert GEMM
0,16,step0.layer16.pim_gwrite,pim_write,,step0.layer16.scheduler;step0.layer16.dispatch,1846.562424000,15.388152000,1861.950576000,step0.layer16.scheduler,PIM_GWRITE milestone from mixed Ramulator cycle-v1 run
0,16,step0.layer16.pim_expert_compute,pim_expert,,step0.layer16.pim_gwrite,1861.950576000,63.077040000,1925.027616000,step0.layer16.pim_gwrite,PIM_MAC milestone delta from mixed Ramulator cycle-v1 run
0,16,step0.layer16.pim_read,pim_read,,step0.layer16.pim_expert_compute,1925.027616000,0.080496000,1925.108112000,step0.layer16.pim_expert_compute,PIM_READ milestone delta from mixed Ramulator cycle-v1 run
0,16,step0.layer16.combine,combine,GPU_COMPUTE,step0.layer16.gpu_expert_compute;step0.layer16.pim_read,1925.108112000,1.036864000,1926.144976000,step0.layer16.pim_read,weighted expert combine
0,16,step0.layer16.residual2,residual,GPU_COMPUTE,step0.layer16.combine,1926.144976000,1.012288000,1927.157264000,step0.layer16.combine,residual add
0,17,step0.layer17.norm1,norm,GPU_COMPUTE,step0.layer16.residual2,1927.157264000,1.008192000,1928.165456000,step0.layer16.residual2,RMSNorm
0,17,step0.layer17.qkv,qkv,GPU_COMPUTE,step0.layer17.norm1,1928.165456000,3.635776000,1931.801232000,step0.layer17.norm1,QKV projection
0,17,step0.layer17.rope,rope,GPU_COMPUTE,step0.layer17.qkv,1931.801232000,1.018432000,1932.819664000,step0.layer17.qkv,QK norm and RoPE
0,17,step0.layer17.attention,attention,PIM_COMPUTE,step0.layer17.rope,1932.819664000,18.905016000,1951.724680000,step0.layer17.rope,decode attention from Ramulator cycle-v0 table
0,17,step0.layer17.o_proj,attention_output,GPU_COMPUTE,step0.layer17.attention,1951.724680000,3.109440000,1954.834120000,step0.layer17.attention,attention output projection
0,17,step0.layer17.residual1,residual,GPU_COMPUTE,step0.layer17.o_proj,1954.834120000,1.012288000,1955.846408000,step0.layer17.o_proj,residual add
0,17,step0.layer17.norm2,norm,GPU_COMPUTE,step0.layer17.residual1,1955.846408000,1.008192000,1956.854600000,step0.layer17.residual1,RMSNorm
0,17,step0.layer17.router,router,GPU_COMPUTE,step0.layer17.norm2,1956.854600000,2.069888000,1958.924488000,step0.layer17.norm2,MoE router
0,17,step0.layer17.metadata,metadata,GPU_COMPUTE,step0.layer17.router,1958.924488000,1.000128000,1959.924616000,step0.layer17.router,routing metadata
0,17,step0.layer17.dispatch,dispatch,,step0.layer17.metadata,1959.924616000,0.000000000,1959.924616000,step0.layer17.metadata,single-GPU dispatch placeholder
0,17,step0.layer17.scheduler,scheduler,GPU_COMPUTE,step0.layer17.metadata,1959.924616000,0.000000000,1959.924616000,step0.layer17.metadata,pimoe placement policy
0,17,step0.layer17.gpu_weight_load,gpu_weight_load,,step0.layer17.scheduler,1959.924616000,5.406336000,1965.330952000,step0.layer17.scheduler,ordinary GPU HBM reads from mixed Ramulator cycle-v1 run
0,17,step0.layer17.gpu_expert_compute,gpu_expert,GPU_COMPUTE,step0.layer17.gpu_weight_load;step0.layer17.dispatch,1965.330952000,3.054525952,1968.385477952,step0.layer17.gpu_weight_load,grouped expert GEMM
0,17,step0.layer17.pim_gwrite,pim_write,,step0.layer17.scheduler;step0.layer17.dispatch,1959.924616000,15.388152000,1975.312768000,step0.layer17.scheduler,PIM_GWRITE milestone from mixed Ramulator cycle-v1 run
0,17,step0.layer17.pim_expert_compute,pim_expert,,step0.layer17.pim_gwrite,1975.312768000,63.077040000,2038.389808000,step0.layer17.pim_gwrite,PIM_MAC milestone delta from mixed Ramulator cycle-v1 run
0,17,step0.layer17.pim_read,pim_read,,step0.layer17.pim_expert_compute,2038.389808000,0.080496000,2038.470304000,step0.layer17.pim_expert_compute,PIM_READ milestone delta from mixed Ramulator cycle-v1 run
0,17,step0.layer17.combine,combine,GPU_COMPUTE,step0.layer17.gpu_expert_compute;step0.layer17.pim_read,2038.470304000,1.036864000,2039.507168000,step0.layer17.pim_read,weighted expert combine
0,17,step0.layer17.residual2,residual,GPU_COMPUTE,step0.layer17.combine,2039.507168000,1.012288000,2040.519456000,step0.layer17.combine,residual add
0,18,step0.layer18.norm1,norm,GPU_COMPUTE,step0.layer17.residual2,2040.519456000,1.008192000,2041.527648000,step0.layer17.residual2,RMSNorm
0,18,step0.layer18.qkv,qkv,GPU_COMPUTE,step0.layer18.norm1,2041.527648000,3.635776000,2045.163424000,step0.layer18.norm1,QKV projection
0,18,step0.layer18.rope,rope,GPU_COMPUTE,step0.layer18.qkv,2045.163424000,1.018432000,2046.181856000,step0.layer18.qkv,QK norm and RoPE
0,18,step0.layer18.attention,attention,PIM_COMPUTE,step0.layer18.rope,2046.181856000,18.905016000,2065.086872000,step0.layer18.rope,decode attention from Ramulator cycle-v0 table
0,18,step0.layer18.o_proj,attention_output,GPU_COMPUTE,step0.layer18.attention,2065.086872000,3.109440000,2068.196312000,step0.layer18.attention,attention output projection
0,18,step0.layer18.residual1,residual,GPU_COMPUTE,step0.layer18.o_proj,2068.196312000,1.012288000,2069.208600000,step0.layer18.o_proj,residual add
0,18,step0.layer18.norm2,norm,GPU_COMPUTE,step0.layer18.residual1,2069.208600000,1.008192000,2070.216792000,step0.layer18.residual1,RMSNorm
0,18,step0.layer18.router,router,GPU_COMPUTE,step0.layer18.norm2,2070.216792000,2.069888000,2072.286680000,step0.layer18.norm2,MoE router
0,18,step0.layer18.metadata,metadata,GPU_COMPUTE,step0.layer18.router,2072.286680000,1.000128000,2073.286808000,step0.layer18.router,routing metadata
0,18,step0.layer18.dispatch,dispatch,,step0.layer18.metadata,2073.286808000,0.000000000,2073.286808000,step0.layer18.metadata,single-GPU dispatch placeholder
0,18,step0.layer18.scheduler,scheduler,GPU_COMPUTE,step0.layer18.metadata,2073.286808000,0.000000000,2073.286808000,step0.layer18.metadata,pimoe placement policy
0,18,step0.layer18.gpu_weight_load,gpu_weight_load,,step0.layer18.scheduler,2073.286808000,5.406336000,2078.693144000,step0.layer18.scheduler,ordinary GPU HBM reads from mixed Ramulator cycle-v1 run
0,18,step0.layer18.gpu_expert_compute,gpu_expert,GPU_COMPUTE,step0.layer18.gpu_weight_load;step0.layer18.dispatch,2078.693144000,3.054525952,2081.747669952,step0.layer18.gpu_weight_load,grouped expert GEMM
0,18,step0.layer18.pim_gwrite,pim_write,,step0.layer18.scheduler;step0.layer18.dispatch,2073.286808000,15.388152000,2088.674960000,step0.layer18.scheduler,PIM_GWRITE milestone from mixed Ramulator cycle-v1 run
0,18,step0.layer18.pim_expert_compute,pim_expert,,step0.layer18.pim_gwrite,2088.674960000,63.077040000,2151.752000000,step0.layer18.pim_gwrite,PIM_MAC milestone delta from mixed Ramulator cycle-v1 run
0,18,step0.layer18.pim_read,pim_read,,step0.layer18.pim_expert_compute,2151.752000000,0.080496000,2151.832496000,step0.layer18.pim_expert_compute,PIM_READ milestone delta from mixed Ramulator cycle-v1 run
0,18,step0.layer18.combine,combine,GPU_COMPUTE,step0.layer18.gpu_expert_compute;step0.layer18.pim_read,2151.832496000,1.036864000,2152.869360000,step0.layer18.pim_read,weighted expert combine
0,18,step0.layer18.residual2,residual,GPU_COMPUTE,step0.layer18.combine,2152.869360000,1.012288000,2153.881648000,step0.layer18.combine,residual add
0,19,step0.layer19.norm1,norm,GPU_COMPUTE,step0.layer18.residual2,2153.881648000,1.008192000,2154.889840000,step0.layer18.residual2,RMSNorm
0,19,step0.layer19.qkv,qkv,GPU_COMPUTE,step0.layer19.norm1,2154.889840000,3.635776000,2158.525616000,step0.layer19.norm1,QKV projection
0,19,step0.layer19.rope,rope,GPU_COMPUTE,step0.layer19.qkv,2158.525616000,1.018432000,2159.544048000,step0.layer19.qkv,QK norm and RoPE
0,19,step0.layer19.attention,attention,PIM_COMPUTE,step0.layer19.rope,2159.544048000,18.905016000,2178.449064000,step0.layer19.rope,decode attention from Ramulator cycle-v0 table
0,19,step0.layer19.o_proj,attention_output,GPU_COMPUTE,step0.layer19.attention,2178.449064000,3.109440000,2181.558504000,step0.layer19.attention,attention output projection
0,19,step0.layer19.residual1,residual,GPU_COMPUTE,step0.layer19.o_proj,2181.558504000,1.012288000,2182.570792000,step0.layer19.o_proj,residual add
0,19,step0.layer19.norm2,norm,GPU_COMPUTE,step0.layer19.residual1,2182.570792000,1.008192000,2183.578984000,step0.layer19.residual1,RMSNorm
0,19,step0.layer19.router,router,GPU_COMPUTE,step0.layer19.norm2,2183.578984000,2.069888000,2185.648872000,step0.layer19.norm2,MoE router
0,19,step0.layer19.metadata,metadata,GPU_COMPUTE,step0.layer19.router,2185.648872000,1.000128000,2186.649000000,step0.layer19.router,routing metadata
0,19,step0.layer19.dispatch,dispatch,,step0.layer19.metadata,2186.649000000,0.000000000,2186.649000000,step0.layer19.metadata,single-GPU dispatch placeholder
0,19,step0.layer19.scheduler,scheduler,GPU_COMPUTE,step0.layer19.metadata,2186.649000000,0.000000000,2186.649000000,step0.layer19.metadata,pimoe placement policy
0,19,step0.layer19.gpu_weight_load,gpu_weight_load,,step0.layer19.scheduler,2186.649000000,5.406336000,2192.055336000,step0.layer19.scheduler,ordinary GPU HBM reads from mixed Ramulator cycle-v1 run
0,19,step0.layer19.gpu_expert_compute,gpu_expert,GPU_COMPUTE,step0.layer19.gpu_weight_load;step0.layer19.dispatch,2192.055336000,3.054525952,2195.109861952,step0.layer19.gpu_weight_load,grouped expert GEMM
0,19,step0.layer19.pim_gwrite,pim_write,,step0.layer19.scheduler;step0.layer19.dispatch,2186.649000000,15.388152000,2202.037152000,step0.layer19.scheduler,PIM_GWRITE milestone from mixed Ramulator cycle-v1 run
0,19,step0.layer19.pim_expert_compute,pim_expert,,step0.layer19.pim_gwrite,2202.037152000,63.077040000,2265.114192000,step0.layer19.pim_gwrite,PIM_MAC milestone delta from mixed Ramulator cycle-v1 run
0,19,step0.layer19.pim_read,pim_read,,step0.layer19.pim_expert_compute,2265.114192000,0.080496000,2265.194688000,step0.layer19.pim_expert_compute,PIM_READ milestone delta from mixed Ramulator cycle-v1 run
0,19,step0.layer19.combine,combine,GPU_COMPUTE,step0.layer19.gpu_expert_compute;step0.layer19.pim_read,2265.194688000,1.036864000,2266.231552000,step0.layer19.pim_read,weighted expert combine
0,19,step0.layer19.residual2,residual,GPU_COMPUTE,step0.layer19.combine,2266.231552000,1.012288000,2267.243840000,step0.layer19.combine,residual add
0,20,step0.layer20.norm1,norm,GPU_COMPUTE,step0.layer19.residual2,2267.243840000,1.008192000,2268.252032000,step0.layer19.residual2,RMSNorm
0,20,step0.layer20.qkv,qkv,GPU_COMPUTE,step0.layer20.norm1,2268.252032000,3.635776000,2271.887808000,step0.layer20.norm1,QKV projection
0,20,step0.layer20.rope,rope,GPU_COMPUTE,step0.layer20.qkv,2271.887808000,1.018432000,2272.906240000,step0.layer20.qkv,QK norm and RoPE
0,20,step0.layer20.attention,attention,PIM_COMPUTE,step0.layer20.rope,2272.906240000,18.905016000,2291.811256000,step0.layer20.rope,decode attention from Ramulator cycle-v0 table
0,20,step0.layer20.o_proj,attention_output,GPU_COMPUTE,step0.layer20.attention,2291.811256000,3.109440000,2294.920696000,step0.layer20.attention,attention output projection
0,20,step0.layer20.residual1,residual,GPU_COMPUTE,step0.layer20.o_proj,2294.920696000,1.012288000,2295.932984000,step0.layer20.o_proj,residual add
0,20,step0.layer20.norm2,norm,GPU_COMPUTE,step0.layer20.residual1,2295.932984000,1.008192000,2296.941176000,step0.layer20.residual1,RMSNorm
0,20,step0.layer20.router,router,GPU_COMPUTE,step0.layer20.norm2,2296.941176000,2.069888000,2299.011064000,step0.layer20.norm2,MoE router
0,20,step0.layer20.metadata,metadata,GPU_COMPUTE,step0.layer20.router,2299.011064000,1.000128000,2300.011192000,step0.layer20.router,routing metadata
0,20,step0.layer20.dispatch,dispatch,,step0.layer20.metadata,2300.011192000,0.000000000,2300.011192000,step0.layer20.metadata,single-GPU dispatch placeholder
0,20,step0.layer20.scheduler,scheduler,GPU_COMPUTE,step0.layer20.metadata,2300.011192000,0.000000000,2300.011192000,step0.layer20.metadata,pimoe placement policy
0,20,step0.layer20.gpu_weight_load,gpu_weight_load,,step0.layer20.scheduler,2300.011192000,5.406336000,2305.417528000,step0.layer20.scheduler,ordinary GPU HBM reads from mixed Ramulator cycle-v1 run
0,20,step0.layer20.gpu_expert_compute,gpu_expert,GPU_COMPUTE,step0.layer20.gpu_weight_load;step0.layer20.dispatch,2305.417528000,3.054525952,2308.472053952,step0.layer20.gpu_weight_load,grouped expert GEMM
0,20,step0.layer20.pim_gwrite,pim_write,,step0.layer20.scheduler;step0.layer20.dispatch,2300.011192000,15.388152000,2315.399344000,step0.layer20.scheduler,PIM_GWRITE milestone from mixed Ramulator cycle-v1 run
0,20,step0.layer20.pim_expert_compute,pim_expert,,step0.layer20.pim_gwrite,2315.399344000,63.077040000,2378.476384000,step0.layer20.pim_gwrite,PIM_MAC milestone delta from mixed Ramulator cycle-v1 run
0,20,step0.layer20.pim_read,pim_read,,step0.layer20.pim_expert_compute,2378.476384000,0.080496000,2378.556880000,step0.layer20.pim_expert_compute,PIM_READ milestone delta from mixed Ramulator cycle-v1 run
0,20,step0.layer20.combine,combine,GPU_COMPUTE,step0.layer20.gpu_expert_compute;step0.layer20.pim_read,2378.556880000,1.036864000,2379.593744000,step0.layer20.pim_read,weighted expert combine
0,20,step0.layer20.residual2,residual,GPU_COMPUTE,step0.layer20.combine,2379.593744000,1.012288000,2380.606032000,step0.layer20.combine,residual add
0,21,step0.layer21.norm1,norm,GPU_COMPUTE,step0.layer20.residual2,2380.606032000,1.008192000,2381.614224000,step0.layer20.residual2,RMSNorm
0,21,step0.layer21.qkv,qkv,GPU_COMPUTE,step0.layer21.norm1,2381.614224000,3.635776000,2385.250000000,step0.layer21.norm1,QKV projection
0,21,step0.layer21.rope,rope,GPU_COMPUTE,step0.layer21.qkv,2385.250000000,1.018432000,2386.268432000,step0.layer21.qkv,QK norm and RoPE
0,21,step0.layer21.attention,attention,PIM_COMPUTE,step0.layer21.rope,2386.268432000,18.905016000,2405.173448000,step0.layer21.rope,decode attention from Ramulator cycle-v0 table
0,21,step0.layer21.o_proj,attention_output,GPU_COMPUTE,step0.layer21.attention,2405.173448000,3.109440000,2408.282888000,step0.layer21.attention,attention output projection
0,21,step0.layer21.residual1,residual,GPU_COMPUTE,step0.layer21.o_proj,2408.282888000,1.012288000,2409.295176000,step0.layer21.o_proj,residual add
0,21,step0.layer21.norm2,norm,GPU_COMPUTE,step0.layer21.residual1,2409.295176000,1.008192000,2410.303368000,step0.layer21.residual1,RMSNorm
0,21,step0.layer21.router,router,GPU_COMPUTE,step0.layer21.norm2,2410.303368000,2.069888000,2412.373256000,step0.layer21.norm2,MoE router
0,21,step0.layer21.metadata,metadata,GPU_COMPUTE,step0.layer21.router,2412.373256000,1.000128000,2413.373384000,step0.layer21.router,routing metadata
0,21,step0.layer21.dispatch,dispatch,,step0.layer21.metadata,2413.373384000,0.000000000,2413.373384000,step0.layer21.metadata,single-GPU dispatch placeholder
0,21,step0.layer21.scheduler,scheduler,GPU_COMPUTE,step0.layer21.metadata,2413.373384000,0.000000000,2413.373384000,step0.layer21.metadata,pimoe placement policy
0,21,step0.layer21.gpu_weight_load,gpu_weight_load,,step0.layer21.scheduler,2413.373384000,5.406336000,2418.779720000,step0.layer21.scheduler,ordinary GPU HBM reads from mixed Ramulator cycle-v1 run
0,21,step0.layer21.gpu_expert_compute,gpu_expert,GPU_COMPUTE,step0.layer21.gpu_weight_load;step0.layer21.dispatch,2418.779720000,3.054525952,2421.834245952,step0.layer21.gpu_weight_load,grouped expert GEMM
0,21,step0.layer21.pim_gwrite,pim_write,,step0.layer21.scheduler;step0.layer21.dispatch,2413.373384000,15.388152000,2428.761536000,step0.layer21.scheduler,PIM_GWRITE milestone from mixed Ramulator cycle-v1 run
0,21,step0.layer21.pim_expert_compute,pim_expert,,step0.layer21.pim_gwrite,2428.761536000,63.077040000,2491.838576000,step0.layer21.pim_gwrite,PIM_MAC milestone delta from mixed Ramulator cycle-v1 run
0,21,step0.layer21.pim_read,pim_read,,step0.layer21.pim_expert_compute,2491.838576000,0.080496000,2491.919072000,step0.layer21.pim_expert_compute,PIM_READ milestone delta from mixed Ramulator cycle-v1 run
0,21,step0.layer21.combine,combine,GPU_COMPUTE,step0.layer21.gpu_expert_compute;step0.layer21.pim_read,2491.919072000,1.036864000,2492.955936000,step0.layer21.pim_read,weighted expert combine
0,21,step0.layer21.residual2,residual,GPU_COMPUTE,step0.layer21.combine,2492.955936000,1.012288000,2493.968224000,step0.layer21.combine,residual add
0,22,step0.layer22.norm1,norm,GPU_COMPUTE,step0.layer21.residual2,2493.968224000,1.008192000,2494.976416000,step0.layer21.residual2,RMSNorm
0,22,step0.layer22.qkv,qkv,GPU_COMPUTE,step0.layer22.norm1,2494.976416000,3.635776000,2498.612192000,step0.layer22.norm1,QKV projection
0,22,step0.layer22.rope,rope,GPU_COMPUTE,step0.layer22.qkv,2498.612192000,1.018432000,2499.630624000,step0.layer22.qkv,QK norm and RoPE
0,22,step0.layer22.attention,attention,PIM_COMPUTE,step0.layer22.rope,2499.630624000,18.905016000,2518.535640000,step0.layer22.rope,decode attention from Ramulator cycle-v0 table
0,22,step0.layer22.o_proj,attention_output,GPU_COMPUTE,step0.layer22.attention,2518.535640000,3.109440000,2521.645080000,step0.layer22.attention,attention output projection
0,22,step0.layer22.residual1,residual,GPU_COMPUTE,step0.layer22.o_proj,2521.645080000,1.012288000,2522.657368000,step0.layer22.o_proj,residual add
0,22,step0.layer22.norm2,norm,GPU_COMPUTE,step0.layer22.residual1,2522.657368000,1.008192000,2523.665560000,step0.layer22.residual1,RMSNorm
0,22,step0.layer22.router,router,GPU_COMPUTE,step0.layer22.norm2,2523.665560000,2.069888000,2525.735448000,step0.layer22.norm2,MoE router
0,22,step0.layer22.metadata,metadata,GPU_COMPUTE,step0.layer22.router,2525.735448000,1.000128000,2526.735576000,step0.layer22.router,routing metadata
0,22,step0.layer22.dispatch,dispatch,,step0.layer22.metadata,2526.735576000,0.000000000,2526.735576000,step0.layer22.metadata,single-GPU dispatch placeholder
0,22,step0.layer22.scheduler,scheduler,GPU_COMPUTE,step0.layer22.metadata,2526.735576000,0.000000000,2526.735576000,step0.layer22.metadata,pimoe placement policy
0,22,step0.layer22.gpu_weight_load,gpu_weight_load,,step0.layer22.scheduler,2526.735576000,5.406336000,2532.141912000,step0.layer22.scheduler,ordinary GPU HBM reads from mixed Ramulator cycle-v1 run
0,22,step0.layer22.gpu_expert_compute,gpu_expert,GPU_COMPUTE,step0.layer22.gpu_weight_load;step0.layer22.dispatch,2532.141912000,3.054525952,2535.196437952,step0.layer22.gpu_weight_load,grouped expert GEMM
0,22,step0.layer22.pim_gwrite,pim_write,,step0.layer22.scheduler;step0.layer22.dispatch,2526.735576000,15.388152000,2542.123728000,step0.layer22.scheduler,PIM_GWRITE milestone from mixed Ramulator cycle-v1 run
0,22,step0.layer22.pim_expert_compute,pim_expert,,step0.layer22.pim_gwrite,2542.123728000,63.077040000,2605.200768000,step0.layer22.pim_gwrite,PIM_MAC milestone delta from mixed Ramulator cycle-v1 run
0,22,step0.layer22.pim_read,pim_read,,step0.layer22.pim_expert_compute,2605.200768000,0.080496000,2605.281264000,step0.layer22.pim_expert_compute,PIM_READ milestone delta from mixed Ramulator cycle-v1 run
0,22,step0.layer22.combine,combine,GPU_COMPUTE,step0.layer22.gpu_expert_compute;step0.layer22.pim_read,2605.281264000,1.036864000,2606.318128000,step0.layer22.pim_read,weighted expert combine
0,22,step0.layer22.residual2,residual,GPU_COMPUTE,step0.layer22.combine,2606.318128000,1.012288000,2607.330416000,step0.layer22.combine,residual add
0,23,step0.layer23.norm1,norm,GPU_COMPUTE,step0.layer22.residual2,2607.330416000,1.008192000,2608.338608000,step0.layer22.residual2,RMSNorm
0,23,step0.layer23.qkv,qkv,GPU_COMPUTE,step0.layer23.norm1,2608.338608000,3.635776000,2611.974384000,step0.layer23.norm1,QKV projection
0,23,step0.layer23.rope,rope,GPU_COMPUTE,step0.layer23.qkv,2611.974384000,1.018432000,2612.992816000,step0.layer23.qkv,QK norm and RoPE
0,23,step0.layer23.attention,attention,PIM_COMPUTE,step0.layer23.rope,2612.992816000,18.905016000,2631.897832000,step0.layer23.rope,decode attention from Ramulator cycle-v0 table
0,23,step0.layer23.o_proj,attention_output,GPU_COMPUTE,step0.layer23.attention,2631.897832000,3.109440000,2635.007272000,step0.layer23.attention,attention output projection
0,23,step0.layer23.residual1,residual,GPU_COMPUTE,step0.layer23.o_proj,2635.007272000,1.012288000,2636.019560000,step0.layer23.o_proj,residual add
0,23,step0.layer23.norm2,norm,GPU_COMPUTE,step0.layer23.residual1,2636.019560000,1.008192000,2637.027752000,step0.layer23.residual1,RMSNorm
0,23,step0.layer23.router,router,GPU_COMPUTE,step0.layer23.norm2,2637.027752000,2.069888000,2639.097640000,step0.layer23.norm2,MoE router
0,23,step0.layer23.metadata,metadata,GPU_COMPUTE,step0.layer23.router,2639.097640000,1.000128000,2640.097768000,step0.layer23.router,routing metadata
0,23,step0.layer23.dispatch,dispatch,,step0.layer23.metadata,2640.097768000,0.000000000,2640.097768000,step0.layer23.metadata,single-GPU dispatch placeholder
0,23,step0.layer23.scheduler,scheduler,GPU_COMPUTE,step0.layer23.metadata,2640.097768000,0.000000000,2640.097768000,step0.layer23.metadata,pimoe placement policy
0,23,step0.layer23.gpu_weight_load,gpu_weight_load,,step0.layer23.scheduler,2640.097768000,5.406336000,2645.504104000,step0.layer23.scheduler,ordinary GPU HBM reads from mixed Ramulator cycle-v1 run
0,23,step0.layer23.gpu_expert_compute,gpu_expert,GPU_COMPUTE,step0.layer23.gpu_weight_load;step0.layer23.dispatch,2645.504104000,3.054525952,2648.558629952,step0.layer23.gpu_weight_load,grouped expert GEMM
0,23,step0.layer23.pim_gwrite,pim_write,,step0.layer23.scheduler;step0.layer23.dispatch,2640.097768000,15.388152000,2655.485920000,step0.layer23.scheduler,PIM_GWRITE milestone from mixed Ramulator cycle-v1 run
0,23,step0.layer23.pim_expert_compute,pim_expert,,step0.layer23.pim_gwrite,2655.485920000,63.077040000,2718.562960000,step0.layer23.pim_gwrite,PIM_MAC milestone delta from mixed Ramulator cycle-v1 run
0,23,step0.layer23.pim_read,pim_read,,step0.layer23.pim_expert_compute,2718.562960000,0.080496000,2718.643456000,step0.layer23.pim_expert_compute,PIM_READ milestone delta from mixed Ramulator cycle-v1 run
0,23,step0.layer23.combine,combine,GPU_COMPUTE,step0.layer23.gpu_expert_compute;step0.layer23.pim_read,2718.643456000,1.036864000,2719.680320000,step0.layer23.pim_read,weighted expert combine
0,23,step0.layer23.residual2,residual,GPU_COMPUTE,step0.layer23.combine,2719.680320000,1.012288000,2720.692608000,step0.layer23.combine,residual add
0,24,step0.layer24.norm1,norm,GPU_COMPUTE,step0.layer23.residual2,2720.692608000,1.008192000,2721.700800000,step0.layer23.residual2,RMSNorm
0,24,step0.layer24.qkv,qkv,GPU_COMPUTE,step0.layer24.norm1,2721.700800000,3.635776000,2725.336576000,step0.layer24.norm1,QKV projection
0,24,step0.layer24.rope,rope,GPU_COMPUTE,step0.layer24.qkv,2725.336576000,1.018432000,2726.355008000,step0.layer24.qkv,QK norm and RoPE
0,24,step0.layer24.attention,attention,PIM_COMPUTE,step0.layer24.rope,2726.355008000,18.905016000,2745.260024000,step0.layer24.rope,decode attention from Ramulator cycle-v0 table
0,24,step0.layer24.o_proj,attention_output,GPU_COMPUTE,step0.layer24.attention,2745.260024000,3.109440000,2748.369464000,step0.layer24.attention,attention output projection
0,24,step0.layer24.residual1,residual,GPU_COMPUTE,step0.layer24.o_proj,2748.369464000,1.012288000,2749.381752000,step0.layer24.o_proj,residual add
0,24,step0.layer24.norm2,norm,GPU_COMPUTE,step0.layer24.residual1,2749.381752000,1.008192000,2750.389944000,step0.layer24.residual1,RMSNorm
0,24,step0.layer24.router,router,GPU_COMPUTE,step0.layer24.norm2,2750.389944000,2.069888000,2752.459832000,step0.layer24.norm2,MoE router
0,24,step0.layer24.metadata,metadata,GPU_COMPUTE,step0.layer24.router,2752.459832000,1.000128000,2753.459960000,step0.layer24.router,routing metadata
0,24,step0.layer24.dispatch,dispatch,,step0.layer24.metadata,2753.459960000,0.000000000,2753.459960000,step0.layer24.metadata,single-GPU dispatch placeholder
0,24,step0.layer24.scheduler,scheduler,GPU_COMPUTE,step0.layer24.metadata,2753.459960000,0.000000000,2753.459960000,step0.layer24.metadata,pimoe placement policy
0,24,step0.layer24.gpu_weight_load,gpu_weight_load,,step0.layer24.scheduler,2753.459960000,5.406336000,2758.866296000,step0.layer24.scheduler,ordinary GPU HBM reads from mixed Ramulator cycle-v1 run
0,24,step0.layer24.gpu_expert_compute,gpu_expert,GPU_COMPUTE,step0.layer24.gpu_weight_load;step0.layer24.dispatch,2758.866296000,3.054525952,2761.920821952,step0.layer24.gpu_weight_load,grouped expert GEMM
0,24,step0.layer24.pim_gwrite,pim_write,,step0.layer24.scheduler;step0.layer24.dispatch,2753.459960000,15.388152000,2768.848112000,step0.layer24.scheduler,PIM_GWRITE milestone from mixed Ramulator cycle-v1 run
0,24,step0.layer24.pim_expert_compute,pim_expert,,step0.layer24.pim_gwrite,2768.848112000,63.077040000,2831.925152000,step0.layer24.pim_gwrite,PIM_MAC milestone delta from mixed Ramulator cycle-v1 run
0,24,step0.layer24.pim_read,pim_read,,step0.layer24.pim_expert_compute,2831.925152000,0.080496000,2832.005648000,step0.layer24.pim_expert_compute,PIM_READ milestone delta from mixed Ramulator cycle-v1 run
0,24,step0.layer24.combine,combine,GPU_COMPUTE,step0.layer24.gpu_expert_compute;step0.layer24.pim_read,2832.005648000,1.036864000,2833.042512000,step0.layer24.pim_read,weighted expert combine
0,24,step0.layer24.residual2,residual,GPU_COMPUTE,step0.layer24.combine,2833.042512000,1.012288000,2834.054800000,step0.layer24.combine,residual add
0,25,step0.layer25.norm1,norm,GPU_COMPUTE,step0.layer24.residual2,2834.054800000,1.008192000,2835.062992000,step0.layer24.residual2,RMSNorm
0,25,step0.layer25.qkv,qkv,GPU_COMPUTE,step0.layer25.norm1,2835.062992000,3.635776000,2838.698768000,step0.layer25.norm1,QKV projection
0,25,step0.layer25.rope,rope,GPU_COMPUTE,step0.layer25.qkv,2838.698768000,1.018432000,2839.717200000,step0.layer25.qkv,QK norm and RoPE
0,25,step0.layer25.attention,attention,PIM_COMPUTE,step0.layer25.rope,2839.717200000,18.905016000,2858.622216000,step0.layer25.rope,decode attention from Ramulator cycle-v0 table
0,25,step0.layer25.o_proj,attention_output,GPU_COMPUTE,step0.layer25.attention,2858.622216000,3.109440000,2861.731656000,step0.layer25.attention,attention output projection
0,25,step0.layer25.residual1,residual,GPU_COMPUTE,step0.layer25.o_proj,2861.731656000,1.012288000,2862.743944000,step0.layer25.o_proj,residual add
0,25,step0.layer25.norm2,norm,GPU_COMPUTE,step0.layer25.residual1,2862.743944000,1.008192000,2863.752136000,step0.layer25.residual1,RMSNorm
0,25,step0.layer25.router,router,GPU_COMPUTE,step0.layer25.norm2,2863.752136000,2.069888000,2865.822024000,step0.layer25.norm2,MoE router
0,25,step0.layer25.metadata,metadata,GPU_COMPUTE,step0.layer25.router,2865.822024000,1.000128000,2866.822152000,step0.layer25.router,routing metadata
0,25,step0.layer25.dispatch,dispatch,,step0.layer25.metadata,2866.822152000,0.000000000,2866.822152000,step0.layer25.metadata,single-GPU dispatch placeholder
0,25,step0.layer25.scheduler,scheduler,GPU_COMPUTE,step0.layer25.metadata,2866.822152000,0.000000000,2866.822152000,step0.layer25.metadata,pimoe placement policy
0,25,step0.layer25.gpu_weight_load,gpu_weight_load,,step0.layer25.scheduler,2866.822152000,5.406336000,2872.228488000,step0.layer25.scheduler,ordinary GPU HBM reads from mixed Ramulator cycle-v1 run
0,25,step0.layer25.gpu_expert_compute,gpu_expert,GPU_COMPUTE,step0.layer25.gpu_weight_load;step0.layer25.dispatch,2872.228488000,3.054525952,2875.283013952,step0.layer25.gpu_weight_load,grouped expert GEMM
0,25,step0.layer25.pim_gwrite,pim_write,,step0.layer25.scheduler;step0.layer25.dispatch,2866.822152000,15.388152000,2882.210304000,step0.layer25.scheduler,PIM_GWRITE milestone from mixed Ramulator cycle-v1 run
0,25,step0.layer25.pim_expert_compute,pim_expert,,step0.layer25.pim_gwrite,2882.210304000,63.077040000,2945.287344000,step0.layer25.pim_gwrite,PIM_MAC milestone delta from mixed Ramulator cycle-v1 run
0,25,step0.layer25.pim_read,pim_read,,step0.layer25.pim_expert_compute,2945.287344000,0.080496000,2945.367840000,step0.layer25.pim_expert_compute,PIM_READ milestone delta from mixed Ramulator cycle-v1 run
0,25,step0.layer25.combine,combine,GPU_COMPUTE,step0.layer25.gpu_expert_compute;step0.layer25.pim_read,2945.367840000,1.036864000,2946.404704000,step0.layer25.pim_read,weighted expert combine
0,25,step0.layer25.residual2,residual,GPU_COMPUTE,step0.layer25.combine,2946.404704000,1.012288000,2947.416992000,step0.layer25.combine,residual add
0,26,step0.layer26.norm1,norm,GPU_COMPUTE,step0.layer25.residual2,2947.416992000,1.008192000,2948.425184000,step0.layer25.residual2,RMSNorm
0,26,step0.layer26.qkv,qkv,GPU_COMPUTE,step0.layer26.norm1,2948.425184000,3.635776000,2952.060960000,step0.layer26.norm1,QKV projection
0,26,step0.layer26.rope,rope,GPU_COMPUTE,step0.layer26.qkv,2952.060960000,1.018432000,2953.079392000,step0.layer26.qkv,QK norm and RoPE
0,26,step0.layer26.attention,attention,PIM_COMPUTE,step0.layer26.rope,2953.079392000,18.905016000,2971.984408000,step0.layer26.rope,decode attention from Ramulator cycle-v0 table
0,26,step0.layer26.o_proj,attention_output,GPU_COMPUTE,step0.layer26.attention,2971.984408000,3.109440000,2975.093848000,step0.layer26.attention,attention output projection
0,26,step0.layer26.residual1,residual,GPU_COMPUTE,step0.layer26.o_proj,2975.093848000,1.012288000,2976.106136000,step0.layer26.o_proj,residual add
0,26,step0.layer26.norm2,norm,GPU_COMPUTE,step0.layer26.residual1,2976.106136000,1.008192000,2977.114328000,step0.layer26.residual1,RMSNorm
0,26,step0.layer26.router,router,GPU_COMPUTE,step0.layer26.norm2,2977.114328000,2.069888000,2979.184216000,step0.layer26.norm2,MoE router
0,26,step0.layer26.metadata,metadata,GPU_COMPUTE,step0.layer26.router,2979.184216000,1.000128000,2980.184344000,step0.layer26.router,routing metadata
0,26,step0.layer26.dispatch,dispatch,,step0.layer26.metadata,2980.184344000,0.000000000,2980.184344000,step0.layer26.metadata,single-GPU dispatch placeholder
0,26,step0.layer26.scheduler,scheduler,GPU_COMPUTE,step0.layer26.metadata,2980.184344000,0.000000000,2980.184344000,step0.layer26.metadata,pimoe placement policy
0,26,step0.layer26.gpu_weight_load,gpu_weight_load,,step0.layer26.scheduler,2980.184344000,5.406336000,2985.590680000,step0.layer26.scheduler,ordinary GPU HBM reads from mixed Ramulator cycle-v1 run
0,26,step0.layer26.gpu_expert_compute,gpu_expert,GPU_COMPUTE,step0.layer26.gpu_weight_load;step0.layer26.dispatch,2985.590680000,3.054525952,2988.645205952,step0.layer26.gpu_weight_load,grouped expert GEMM
0,26,step0.layer26.pim_gwrite,pim_write,,step0.layer26.scheduler;step0.layer26.dispatch,2980.184344000,15.388152000,2995.572496000,step0.layer26.scheduler,PIM_GWRITE milestone from mixed Ramulator cycle-v1 run
0,26,step0.layer26.pim_expert_compute,pim_expert,,step0.layer26.pim_gwrite,2995.572496000,63.077040000,3058.649536000,step0.layer26.pim_gwrite,PIM_MAC milestone delta from mixed Ramulator cycle-v1 run
0,26,step0.layer26.pim_read,pim_read,,step0.layer26.pim_expert_compute,3058.649536000,0.080496000,3058.730032000,step0.layer26.pim_expert_compute,PIM_READ milestone delta from mixed Ramulator cycle-v1 run
0,26,step0.layer26.combine,combine,GPU_COMPUTE,step0.layer26.gpu_expert_compute;step0.layer26.pim_read,3058.730032000,1.036864000,3059.766896000,step0.layer26.pim_read,weighted expert combine
0,26,step0.layer26.residual2,residual,GPU_COMPUTE,step0.layer26.combine,3059.766896000,1.012288000,3060.779184000,step0.layer26.combine,residual add
0,27,step0.layer27.norm1,norm,GPU_COMPUTE,step0.layer26.residual2,3060.779184000,1.008192000,3061.787376000,step0.layer26.residual2,RMSNorm
0,27,step0.layer27.qkv,qkv,GPU_COMPUTE,step0.layer27.norm1,3061.787376000,3.635776000,3065.423152000,step0.layer27.norm1,QKV projection
0,27,step0.layer27.rope,rope,GPU_COMPUTE,step0.layer27.qkv,3065.423152000,1.018432000,3066.441584000,step0.layer27.qkv,QK norm and RoPE
0,27,step0.layer27.attention,attention,PIM_COMPUTE,step0.layer27.rope,3066.441584000,18.905016000,3085.346600000,step0.layer27.rope,decode attention from Ramulator cycle-v0 table
0,27,step0.layer27.o_proj,attention_output,GPU_COMPUTE,step0.layer27.attention,3085.346600000,3.109440000,3088.456040000,step0.layer27.attention,attention output projection
0,27,step0.layer27.residual1,residual,GPU_COMPUTE,step0.layer27.o_proj,3088.456040000,1.012288000,3089.468328000,step0.layer27.o_proj,residual add
0,27,step0.layer27.norm2,norm,GPU_COMPUTE,step0.layer27.residual1,3089.468328000,1.008192000,3090.476520000,step0.layer27.residual1,RMSNorm
0,27,step0.layer27.router,router,GPU_COMPUTE,step0.layer27.norm2,3090.476520000,2.069888000,3092.546408000,step0.layer27.norm2,MoE router
0,27,step0.layer27.metadata,metadata,GPU_COMPUTE,step0.layer27.router,3092.546408000,1.000128000,3093.546536000,step0.layer27.router,routing metadata
0,27,step0.layer27.dispatch,dispatch,,step0.layer27.metadata,3093.546536000,0.000000000,3093.546536000,step0.layer27.metadata,single-GPU dispatch placeholder
0,27,step0.layer27.scheduler,scheduler,GPU_COMPUTE,step0.layer27.metadata,3093.546536000,0.000000000,3093.546536000,step0.layer27.metadata,pimoe placement policy
0,27,step0.layer27.gpu_weight_load,gpu_weight_load,,step0.layer27.scheduler,3093.546536000,5.406336000,3098.952872000,step0.layer27.scheduler,ordinary GPU HBM reads from mixed Ramulator cycle-v1 run
0,27,step0.layer27.gpu_expert_compute,gpu_expert,GPU_COMPUTE,step0.layer27.gpu_weight_load;step0.layer27.dispatch,3098.952872000,3.054525952,3102.007397952,step0.layer27.gpu_weight_load,grouped expert GEMM
0,27,step0.layer27.pim_gwrite,pim_write,,step0.layer27.scheduler;step0.layer27.dispatch,3093.546536000,15.388152000,3108.934688000,step0.layer27.scheduler,PIM_GWRITE milestone from mixed Ramulator cycle-v1 run
0,27,step0.layer27.pim_expert_compute,pim_expert,,step0.layer27.pim_gwrite,3108.934688000,63.077040000,3172.011728000,step0.layer27.pim_gwrite,PIM_MAC milestone delta from mixed Ramulator cycle-v1 run
0,27,step0.layer27.pim_read,pim_read,,step0.layer27.pim_expert_compute,3172.011728000,0.080496000,3172.092224000,step0.layer27.pim_expert_compute,PIM_READ milestone delta from mixed Ramulator cycle-v1 run
0,27,step0.layer27.combine,combine,GPU_COMPUTE,step0.layer27.gpu_expert_compute;step0.layer27.pim_read,3172.092224000,1.036864000,3173.129088000,step0.layer27.pim_read,weighted expert combine
0,27,step0.layer27.residual2,residual,GPU_COMPUTE,step0.layer27.combine,3173.129088000,1.012288000,3174.141376000,step0.layer27.combine,residual add
0,28,step0.layer28.norm1,norm,GPU_COMPUTE,step0.layer27.residual2,3174.141376000,1.008192000,3175.149568000,step0.layer27.residual2,RMSNorm
0,28,step0.layer28.qkv,qkv,GPU_COMPUTE,step0.layer28.norm1,3175.149568000,3.635776000,3178.785344000,step0.layer28.norm1,QKV projection
0,28,step0.layer28.rope,rope,GPU_COMPUTE,step0.layer28.qkv,3178.785344000,1.018432000,3179.803776000,step0.layer28.qkv,QK norm and RoPE
0,28,step0.layer28.attention,attention,PIM_COMPUTE,step0.layer28.rope,3179.803776000,18.905016000,3198.708792000,step0.layer28.rope,decode attention from Ramulator cycle-v0 table
0,28,step0.layer28.o_proj,attention_output,GPU_COMPUTE,step0.layer28.attention,3198.708792000,3.109440000,3201.818232000,step0.layer28.attention,attention output projection
0,28,step0.layer28.residual1,residual,GPU_COMPUTE,step0.layer28.o_proj,3201.818232000,1.012288000,3202.830520000,step0.layer28.o_proj,residual add
0,28,step0.layer28.norm2,norm,GPU_COMPUTE,step0.layer28.residual1,3202.830520000,1.008192000,3203.838712000,step0.layer28.residual1,RMSNorm
0,28,step0.layer28.router,router,GPU_COMPUTE,step0.layer28.norm2,3203.838712000,2.069888000,3205.908600000,step0.layer28.norm2,MoE router
0,28,step0.layer28.metadata,metadata,GPU_COMPUTE,step0.layer28.router,3205.908600000,1.000128000,3206.908728000,step0.layer28.router,routing metadata
0,28,step0.layer28.dispatch,dispatch,,step0.layer28.metadata,3206.908728000,0.000000000,3206.908728000,step0.layer28.metadata,single-GPU dispatch placeholder
0,28,step0.layer28.scheduler,scheduler,GPU_COMPUTE,step0.layer28.metadata,3206.908728000,0.000000000,3206.908728000,step0.layer28.metadata,pimoe placement policy
0,28,step0.layer28.gpu_weight_load,gpu_weight_load,,step0.layer28.scheduler,3206.908728000,5.406336000,3212.315064000,step0.layer28.scheduler,ordinary GPU HBM reads from mixed Ramulator cycle-v1 run
0,28,step0.layer28.gpu_expert_compute,gpu_expert,GPU_COMPUTE,step0.layer28.gpu_weight_load;step0.layer28.dispatch,3212.315064000,3.054525952,3215.369589952,step0.layer28.gpu_weight_load,grouped expert GEMM
0,28,step0.layer28.pim_gwrite,pim_write,,step0.layer28.scheduler;step0.layer28.dispatch,3206.908728000,15.388152000,3222.296880000,step0.layer28.scheduler,PIM_GWRITE milestone from mixed Ramulator cycle-v1 run
0,28,step0.layer28.pim_expert_compute,pim_expert,,step0.layer28.pim_gwrite,3222.296880000,63.077040000,3285.373920000,step0.layer28.pim_gwrite,PIM_MAC milestone delta from mixed Ramulator cycle-v1 run
0,28,step0.layer28.pim_read,pim_read,,step0.layer28.pim_expert_compute,3285.373920000,0.080496000,3285.454416000,step0.layer28.pim_expert_compute,PIM_READ milestone delta from mixed Ramulator cycle-v1 run
0,28,step0.layer28.combine,combine,GPU_COMPUTE,step0.layer28.gpu_expert_compute;step0.layer28.pim_read,3285.454416000,1.036864000,3286.491280000,step0.layer28.pim_read,weighted expert combine
0,28,step0.layer28.residual2,residual,GPU_COMPUTE,step0.layer28.combine,3286.491280000,1.012288000,3287.503568000,step0.layer28.combine,residual add
0,29,step0.layer29.norm1,norm,GPU_COMPUTE,step0.layer28.residual2,3287.503568000,1.008192000,3288.511760000,step0.layer28.residual2,RMSNorm
0,29,step0.layer29.qkv,qkv,GPU_COMPUTE,step0.layer29.norm1,3288.511760000,3.635776000,3292.147536000,step0.layer29.norm1,QKV projection
0,29,step0.layer29.rope,rope,GPU_COMPUTE,step0.layer29.qkv,3292.147536000,1.018432000,3293.165968000,step0.layer29.qkv,QK norm and RoPE
0,29,step0.layer29.attention,attention,PIM_COMPUTE,step0.layer29.rope,3293.165968000,18.905016000,3312.070984000,step0.layer29.rope,decode attention from Ramulator cycle-v0 table
0,29,step0.layer29.o_proj,attention_output,GPU_COMPUTE,step0.layer29.attention,3312.070984000,3.109440000,3315.180424000,step0.layer29.attention,attention output projection
0,29,step0.layer29.residual1,residual,GPU_COMPUTE,step0.layer29.o_proj,3315.180424000,1.012288000,3316.192712000,step0.layer29.o_proj,residual add
0,29,step0.layer29.norm2,norm,GPU_COMPUTE,step0.layer29.residual1,3316.192712000,1.008192000,3317.200904000,step0.layer29.residual1,RMSNorm
0,29,step0.layer29.router,router,GPU_COMPUTE,step0.layer29.norm2,3317.200904000,2.069888000,3319.270792000,step0.layer29.norm2,MoE router
0,29,step0.layer29.metadata,metadata,GPU_COMPUTE,step0.layer29.router,3319.270792000,1.000128000,3320.270920000,step0.layer29.router,routing metadata
0,29,step0.layer29.dispatch,dispatch,,step0.layer29.metadata,3320.270920000,0.000000000,3320.270920000,step0.layer29.metadata,single-GPU dispatch placeholder
0,29,step0.layer29.scheduler,scheduler,GPU_COMPUTE,step0.layer29.metadata,3320.270920000,0.000000000,3320.270920000,step0.layer29.metadata,pimoe placement policy
0,29,step0.layer29.gpu_weight_load,gpu_weight_load,,step0.layer29.scheduler,3320.270920000,5.406336000,3325.677256000,step0.layer29.scheduler,ordinary GPU HBM reads from mixed Ramulator cycle-v1 run
0,29,step0.layer29.gpu_expert_compute,gpu_expert,GPU_COMPUTE,step0.layer29.gpu_weight_load;step0.layer29.dispatch,3325.677256000,3.054525952,3328.731781952,step0.layer29.gpu_weight_load,grouped expert GEMM
0,29,step0.layer29.pim_gwrite,pim_write,,step0.layer29.scheduler;step0.layer29.dispatch,3320.270920000,15.388152000,3335.659072000,step0.layer29.scheduler,PIM_GWRITE milestone from mixed Ramulator cycle-v1 run
0,29,step0.layer29.pim_expert_compute,pim_expert,,step0.layer29.pim_gwrite,3335.659072000,63.077040000,3398.736112000,step0.layer29.pim_gwrite,PIM_MAC milestone delta from mixed Ramulator cycle-v1 run
0,29,step0.layer29.pim_read,pim_read,,step0.layer29.pim_expert_compute,3398.736112000,0.080496000,3398.816608000,step0.layer29.pim_expert_compute,PIM_READ milestone delta from mixed Ramulator cycle-v1 run
0,29,step0.layer29.combine,combine,GPU_COMPUTE,step0.layer29.gpu_expert_compute;step0.layer29.pim_read,3398.816608000,1.036864000,3399.853472000,step0.layer29.pim_read,weighted expert combine
0,29,step0.layer29.residual2,residual,GPU_COMPUTE,step0.layer29.combine,3399.853472000,1.012288000,3400.865760000,step0.layer29.combine,residual add
0,30,step0.layer30.norm1,norm,GPU_COMPUTE,step0.layer29.residual2,3400.865760000,1.008192000,3401.873952000,step0.layer29.residual2,RMSNorm
0,30,step0.layer30.qkv,qkv,GPU_COMPUTE,step0.layer30.norm1,3401.873952000,3.635776000,3405.509728000,step0.layer30.norm1,QKV projection
0,30,step0.layer30.rope,rope,GPU_COMPUTE,step0.layer30.qkv,3405.509728000,1.018432000,3406.528160000,step0.layer30.qkv,QK norm and RoPE
0,30,step0.layer30.attention,attention,PIM_COMPUTE,step0.layer30.rope,3406.528160000,18.905016000,3425.433176000,step0.layer30.rope,decode attention from Ramulator cycle-v0 table
0,30,step0.layer30.o_proj,attention_output,GPU_COMPUTE,step0.layer30.attention,3425.433176000,3.109440000,3428.542616000,step0.layer30.attention,attention output projection
0,30,step0.layer30.residual1,residual,GPU_COMPUTE,step0.layer30.o_proj,3428.542616000,1.012288000,3429.554904000,step0.layer30.o_proj,residual add
0,30,step0.layer30.norm2,norm,GPU_COMPUTE,step0.layer30.residual1,3429.554904000,1.008192000,3430.563096000,step0.layer30.residual1,RMSNorm
0,30,step0.layer30.router,router,GPU_COMPUTE,step0.layer30.norm2,3430.563096000,2.069888000,3432.632984000,step0.layer30.norm2,MoE router
0,30,step0.layer30.metadata,metadata,GPU_COMPUTE,step0.layer30.router,3432.632984000,1.000128000,3433.633112000,step0.layer30.router,routing metadata
0,30,step0.layer30.dispatch,dispatch,,step0.layer30.metadata,3433.633112000,0.000000000,3433.633112000,step0.layer30.metadata,single-GPU dispatch placeholder
0,30,step0.layer30.scheduler,scheduler,GPU_COMPUTE,step0.layer30.metadata,3433.633112000,0.000000000,3433.633112000,step0.layer30.metadata,pimoe placement policy
0,30,step0.layer30.gpu_weight_load,gpu_weight_load,,step0.layer30.scheduler,3433.633112000,5.406336000,3439.039448000,step0.layer30.scheduler,ordinary GPU HBM reads from mixed Ramulator cycle-v1 run
0,30,step0.layer30.gpu_expert_compute,gpu_expert,GPU_COMPUTE,step0.layer30.gpu_weight_load;step0.layer30.dispatch,3439.039448000,3.054525952,3442.093973952,step0.layer30.gpu_weight_load,grouped expert GEMM
0,30,step0.layer30.pim_gwrite,pim_write,,step0.layer30.scheduler;step0.layer30.dispatch,3433.633112000,15.388152000,3449.021264000,step0.layer30.scheduler,PIM_GWRITE milestone from mixed Ramulator cycle-v1 run
0,30,step0.layer30.pim_expert_compute,pim_expert,,step0.layer30.pim_gwrite,3449.021264000,63.077040000,3512.098304000,step0.layer30.pim_gwrite,PIM_MAC milestone delta from mixed Ramulator cycle-v1 run
0,30,step0.layer30.pim_read,pim_read,,step0.layer30.pim_expert_compute,3512.098304000,0.080496000,3512.178800000,step0.layer30.pim_expert_compute,PIM_READ milestone delta from mixed Ramulator cycle-v1 run
0,30,step0.layer30.combine,combine,GPU_COMPUTE,step0.layer30.gpu_expert_compute;step0.layer30.pim_read,3512.178800000,1.036864000,3513.215664000,step0.layer30.pim_read,weighted expert combine
0,30,step0.layer30.residual2,residual,GPU_COMPUTE,step0.layer30.combine,3513.215664000,1.012288000,3514.227952000,step0.layer30.combine,residual add
0,31,step0.layer31.norm1,norm,GPU_COMPUTE,step0.layer30.residual2,3514.227952000,1.008192000,3515.236144000,step0.layer30.residual2,RMSNorm
0,31,step0.layer31.qkv,qkv,GPU_COMPUTE,step0.layer31.norm1,3515.236144000,3.635776000,3518.871920000,step0.layer31.norm1,QKV projection
0,31,step0.layer31.rope,rope,GPU_COMPUTE,step0.layer31.qkv,3518.871920000,1.018432000,3519.890352000,step0.layer31.qkv,QK norm and RoPE
0,31,step0.layer31.attention,attention,PIM_COMPUTE,step0.layer31.rope,3519.890352000,18.905016000,3538.795368000,step0.layer31.rope,decode attention from Ramulator cycle-v0 table
0,31,step0.layer31.o_proj,attention_output,GPU_COMPUTE,step0.layer31.attention,3538.795368000,3.109440000,3541.904808000,step0.layer31.attention,attention output projection
0,31,step0.layer31.residual1,residual,GPU_COMPUTE,step0.layer31.o_proj,3541.904808000,1.012288000,3542.917096000,step0.layer31.o_proj,residual add
0,31,step0.layer31.norm2,norm,GPU_COMPUTE,step0.layer31.residual1,3542.917096000,1.008192000,3543.925288000,step0.layer31.residual1,RMSNorm
0,31,step0.layer31.router,router,GPU_COMPUTE,step0.layer31.norm2,3543.925288000,2.069888000,3545.995176000,step0.layer31.norm2,MoE router
0,31,step0.layer31.metadata,metadata,GPU_COMPUTE,step0.layer31.router,3545.995176000,1.000128000,3546.995304000,step0.layer31.router,routing metadata
0,31,step0.layer31.dispatch,dispatch,,step0.layer31.metadata,3546.995304000,0.000000000,3546.995304000,step0.layer31.metadata,single-GPU dispatch placeholder
0,31,step0.layer31.scheduler,scheduler,GPU_COMPUTE,step0.layer31.metadata,3546.995304000,0.000000000,3546.995304000,step0.layer31.metadata,pimoe placement policy
0,31,step0.layer31.gpu_weight_load,gpu_weight_load,,step0.layer31.scheduler,3546.995304000,5.406336000,3552.401640000,step0.layer31.scheduler,ordinary GPU HBM reads from mixed Ramulator cycle-v1 run
0,31,step0.layer31.gpu_expert_compute,gpu_expert,GPU_COMPUTE,step0.layer31.gpu_weight_load;step0.layer31.dispatch,3552.401640000,3.054525952,3555.456165952,step0.layer31.gpu_weight_load,grouped expert GEMM
0,31,step0.layer31.pim_gwrite,pim_write,,step0.layer31.scheduler;step0.layer31.dispatch,3546.995304000,15.388152000,3562.383456000,step0.layer31.scheduler,PIM_GWRITE milestone from mixed Ramulator cycle-v1 run
0,31,step0.layer31.pim_expert_compute,pim_expert,,step0.layer31.pim_gwrite,3562.383456000,63.077040000,3625.460496000,step0.layer31.pim_gwrite,PIM_MAC milestone delta from mixed Ramulator cycle-v1 run
0,31,step0.layer31.pim_read,pim_read,,step0.layer31.pim_expert_compute,3625.460496000,0.080496000,3625.540992000,step0.layer31.pim_expert_compute,PIM_READ milestone delta from mixed Ramulator cycle-v1 run
0,31,step0.layer31.combine,combine,GPU_COMPUTE,step0.layer31.gpu_expert_compute;step0.layer31.pim_read,3625.540992000,1.036864000,3626.577856000,step0.layer31.pim_read,weighted expert combine
0,31,step0.layer31.residual2,residual,GPU_COMPUTE,step0.layer31.combine,3626.577856000,1.012288000,3627.590144000,step0.layer31.combine,residual add
0,32,step0.layer32.norm1,norm,GPU_COMPUTE,step0.layer31.residual2,3627.590144000,1.008192000,3628.598336000,step0.layer31.residual2,RMSNorm
0,32,step0.layer32.qkv,qkv,GPU_COMPUTE,step0.layer32.norm1,3628.598336000,3.635776000,3632.234112000,step0.layer32.norm1,QKV projection
0,32,step0.layer32.rope,rope,GPU_COMPUTE,step0.layer32.qkv,3632.234112000,1.018432000,3633.252544000,step0.layer32.qkv,QK norm and RoPE
0,32,step0.layer32.attention,attention,PIM_COMPUTE,step0.layer32.rope,3633.252544000,18.905016000,3652.157560000,step0.layer32.rope,decode attention from Ramulator cycle-v0 table
0,32,step0.layer32.o_proj,attention_output,GPU_COMPUTE,step0.layer32.attention,3652.157560000,3.109440000,3655.267000000,step0.layer32.attention,attention output projection
0,32,step0.layer32.residual1,residual,GPU_COMPUTE,step0.layer32.o_proj,3655.267000000,1.012288000,3656.279288000,step0.layer32.o_proj,residual add
0,32,step0.layer32.norm2,norm,GPU_COMPUTE,step0.layer32.residual1,3656.279288000,1.008192000,3657.287480000,step0.layer32.residual1,RMSNorm
0,32,step0.layer32.router,router,GPU_COMPUTE,step0.layer32.norm2,3657.287480000,2.069888000,3659.357368000,step0.layer32.norm2,MoE router
0,32,step0.layer32.metadata,metadata,GPU_COMPUTE,step0.layer32.router,3659.357368000,1.000128000,3660.357496000,step0.layer32.router,routing metadata
0,32,step0.layer32.dispatch,dispatch,,step0.layer32.metadata,3660.357496000,0.000000000,3660.357496000,step0.layer32.metadata,single-GPU dispatch placeholder
0,32,step0.layer32.scheduler,scheduler,GPU_COMPUTE,step0.layer32.metadata,3660.357496000,0.000000000,3660.357496000,step0.layer32.metadata,pimoe placement policy
0,32,step0.layer32.gpu_weight_load,gpu_weight_load,,step0.layer32.scheduler,3660.357496000,5.406336000,3665.763832000,step0.layer32.scheduler,ordinary GPU HBM reads from mixed Ramulator cycle-v1 run
0,32,step0.layer32.gpu_expert_compute,gpu_expert,GPU_COMPUTE,step0.layer32.gpu_weight_load;step0.layer32.dispatch,3665.763832000,3.054525952,3668.818357952,step0.layer32.gpu_weight_load,grouped expert GEMM
0,32,step0.layer32.pim_gwrite,pim_write,,step0.layer32.scheduler;step0.layer32.dispatch,3660.357496000,15.388152000,3675.745648000,step0.layer32.scheduler,PIM_GWRITE milestone from mixed Ramulator cycle-v1 run
0,32,step0.layer32.pim_expert_compute,pim_expert,,step0.layer32.pim_gwrite,3675.745648000,63.077040000,3738.822688000,step0.layer32.pim_gwrite,PIM_MAC milestone delta from mixed Ramulator cycle-v1 run
0,32,step0.layer32.pim_read,pim_read,,step0.layer32.pim_expert_compute,3738.822688000,0.080496000,3738.903184000,step0.layer32.pim_expert_compute,PIM_READ milestone delta from mixed Ramulator cycle-v1 run
0,32,step0.layer32.combine,combine,GPU_COMPUTE,step0.layer32.gpu_expert_compute;step0.layer32.pim_read,3738.903184000,1.036864000,3739.940048000,step0.layer32.pim_read,weighted expert combine
0,32,step0.layer32.residual2,residual,GPU_COMPUTE,step0.layer32.combine,3739.940048000,1.012288000,3740.952336000,step0.layer32.combine,residual add
0,33,step0.layer33.norm1,norm,GPU_COMPUTE,step0.layer32.residual2,3740.952336000,1.008192000,3741.960528000,step0.layer32.residual2,RMSNorm
0,33,step0.layer33.qkv,qkv,GPU_COMPUTE,step0.layer33.norm1,3741.960528000,3.635776000,3745.596304000,step0.layer33.norm1,QKV projection
0,33,step0.layer33.rope,rope,GPU_COMPUTE,step0.layer33.qkv,3745.596304000,1.018432000,3746.614736000,step0.layer33.qkv,QK norm and RoPE
0,33,step0.layer33.attention,attention,PIM_COMPUTE,step0.layer33.rope,3746.614736000,18.905016000,3765.519752000,step0.layer33.rope,decode attention from Ramulator cycle-v0 table
0,33,step0.layer33.o_proj,attention_output,GPU_COMPUTE,step0.layer33.attention,3765.519752000,3.109440000,3768.629192000,step0.layer33.attention,attention output projection
0,33,step0.layer33.residual1,residual,GPU_COMPUTE,step0.layer33.o_proj,3768.629192000,1.012288000,3769.641480000,step0.layer33.o_proj,residual add
0,33,step0.layer33.norm2,norm,GPU_COMPUTE,step0.layer33.residual1,3769.641480000,1.008192000,3770.649672000,step0.layer33.residual1,RMSNorm
0,33,step0.layer33.router,router,GPU_COMPUTE,step0.layer33.norm2,3770.649672000,2.069888000,3772.719560000,step0.layer33.norm2,MoE router
0,33,step0.layer33.metadata,metadata,GPU_COMPUTE,step0.layer33.router,3772.719560000,1.000128000,3773.719688000,step0.layer33.router,routing metadata
0,33,step0.layer33.dispatch,dispatch,,step0.layer33.metadata,3773.719688000,0.000000000,3773.719688000,step0.layer33.metadata,single-GPU dispatch placeholder
0,33,step0.layer33.scheduler,scheduler,GPU_COMPUTE,step0.layer33.metadata,3773.719688000,0.000000000,3773.719688000,step0.layer33.metadata,pimoe placement policy
0,33,step0.layer33.gpu_weight_load,gpu_weight_load,,step0.layer33.scheduler,3773.719688000,5.406336000,3779.126024000,step0.layer33.scheduler,ordinary GPU HBM reads from mixed Ramulator cycle-v1 run
0,33,step0.layer33.gpu_expert_compute,gpu_expert,GPU_COMPUTE,step0.layer33.gpu_weight_load;step0.layer33.dispatch,3779.126024000,3.054525952,3782.180549952,step0.layer33.gpu_weight_load,grouped expert GEMM
0,33,step0.layer33.pim_gwrite,pim_write,,step0.layer33.scheduler;step0.layer33.dispatch,3773.719688000,15.388152000,3789.107840000,step0.layer33.scheduler,PIM_GWRITE milestone from mixed Ramulator cycle-v1 run
0,33,step0.layer33.pim_expert_compute,pim_expert,,step0.layer33.pim_gwrite,3789.107840000,63.077040000,3852.184880000,step0.layer33.pim_gwrite,PIM_MAC milestone delta from mixed Ramulator cycle-v1 run
0,33,step0.layer33.pim_read,pim_read,,step0.layer33.pim_expert_compute,3852.184880000,0.080496000,3852.265376000,step0.layer33.pim_expert_compute,PIM_READ milestone delta from mixed Ramulator cycle-v1 run
0,33,step0.layer33.combine,combine,GPU_COMPUTE,step0.layer33.gpu_expert_compute;step0.layer33.pim_read,3852.265376000,1.036864000,3853.302240000,step0.layer33.pim_read,weighted expert combine
0,33,step0.layer33.residual2,residual,GPU_COMPUTE,step0.layer33.combine,3853.302240000,1.012288000,3854.314528000,step0.layer33.combine,residual add
0,34,step0.layer34.norm1,norm,GPU_COMPUTE,step0.layer33.residual2,3854.314528000,1.008192000,3855.322720000,step0.layer33.residual2,RMSNorm
0,34,step0.layer34.qkv,qkv,GPU_COMPUTE,step0.layer34.norm1,3855.322720000,3.635776000,3858.958496000,step0.layer34.norm1,QKV projection
0,34,step0.layer34.rope,rope,GPU_COMPUTE,step0.layer34.qkv,3858.958496000,1.018432000,3859.976928000,step0.layer34.qkv,QK norm and RoPE
0,34,step0.layer34.attention,attention,PIM_COMPUTE,step0.layer34.rope,3859.976928000,18.905016000,3878.881944000,step0.layer34.rope,decode attention from Ramulator cycle-v0 table
0,34,step0.layer34.o_proj,attention_output,GPU_COMPUTE,step0.layer34.attention,3878.881944000,3.109440000,3881.991384000,step0.layer34.attention,attention output projection
0,34,step0.layer34.residual1,residual,GPU_COMPUTE,step0.layer34.o_proj,3881.991384000,1.012288000,3883.003672000,step0.layer34.o_proj,residual add
0,34,step0.layer34.norm2,norm,GPU_COMPUTE,step0.layer34.residual1,3883.003672000,1.008192000,3884.011864000,step0.layer34.residual1,RMSNorm
0,34,step0.layer34.router,router,GPU_COMPUTE,step0.layer34.norm2,3884.011864000,2.069888000,3886.081752000,step0.layer34.norm2,MoE router
0,34,step0.layer34.metadata,metadata,GPU_COMPUTE,step0.layer34.router,3886.081752000,1.000128000,3887.081880000,step0.layer34.router,routing metadata
0,34,step0.layer34.dispatch,dispatch,,step0.layer34.metadata,3887.081880000,0.000000000,3887.081880000,step0.layer34.metadata,single-GPU dispatch placeholder
0,34,step0.layer34.scheduler,scheduler,GPU_COMPUTE,step0.layer34.metadata,3887.081880000,0.000000000,3887.081880000,step0.layer34.metadata,pimoe placement policy
0,34,step0.layer34.gpu_weight_load,gpu_weight_load,,step0.layer34.scheduler,3887.081880000,5.406336000,3892.488216000,step0.layer34.scheduler,ordinary GPU HBM reads from mixed Ramulator cycle-v1 run
0,34,step0.layer34.gpu_expert_compute,gpu_expert,GPU_COMPUTE,step0.layer34.gpu_weight_load;step0.layer34.dispatch,3892.488216000,3.054525952,3895.542741952,step0.layer34.gpu_weight_load,grouped expert GEMM
0,34,step0.layer34.pim_gwrite,pim_write,,step0.layer34.scheduler;step0.layer34.dispatch,3887.081880000,15.388152000,3902.470032000,step0.layer34.scheduler,PIM_GWRITE milestone from mixed Ramulator cycle-v1 run
0,34,step0.layer34.pim_expert_compute,pim_expert,,step0.layer34.pim_gwrite,3902.470032000,63.077040000,3965.547072000,step0.layer34.pim_gwrite,PIM_MAC milestone delta from mixed Ramulator cycle-v1 run
0,34,step0.layer34.pim_read,pim_read,,step0.layer34.pim_expert_compute,3965.547072000,0.080496000,3965.627568000,step0.layer34.pim_expert_compute,PIM_READ milestone delta from mixed Ramulator cycle-v1 run
0,34,step0.layer34.combine,combine,GPU_COMPUTE,step0.layer34.gpu_expert_compute;step0.layer34.pim_read,3965.627568000,1.036864000,3966.664432000,step0.layer34.pim_read,weighted expert combine
0,34,step0.layer34.residual2,residual,GPU_COMPUTE,step0.layer34.combine,3966.664432000,1.012288000,3967.676720000,step0.layer34.combine,residual add
0,35,step0.layer35.norm1,norm,GPU_COMPUTE,step0.layer34.residual2,3967.676720000,1.008192000,3968.684912000,step0.layer34.residual2,RMSNorm
0,35,step0.layer35.qkv,qkv,GPU_COMPUTE,step0.layer35.norm1,3968.684912000,3.635776000,3972.320688000,step0.layer35.norm1,QKV projection
0,35,step0.layer35.rope,rope,GPU_COMPUTE,step0.layer35.qkv,3972.320688000,1.018432000,3973.339120000,step0.layer35.qkv,QK norm and RoPE
0,35,step0.layer35.attention,attention,PIM_COMPUTE,step0.layer35.rope,3973.339120000,18.905016000,3992.244136000,step0.layer35.rope,decode attention from Ramulator cycle-v0 table
0,35,step0.layer35.o_proj,attention_output,GPU_COMPUTE,step0.layer35.attention,3992.244136000,3.109440000,3995.353576000,step0.layer35.attention,attention output projection
0,35,step0.layer35.residual1,residual,GPU_COMPUTE,step0.layer35.o_proj,3995.353576000,1.012288000,3996.365864000,step0.layer35.o_proj,residual add
0,35,step0.layer35.norm2,norm,GPU_COMPUTE,step0.layer35.residual1,3996.365864000,1.008192000,3997.374056000,step0.layer35.residual1,RMSNorm
0,35,step0.layer35.router,router,GPU_COMPUTE,step0.layer35.norm2,3997.374056000,2.069888000,3999.443944000,step0.layer35.norm2,MoE router
0,35,step0.layer35.metadata,metadata,GPU_COMPUTE,step0.layer35.router,3999.443944000,1.000128000,4000.444072000,step0.layer35.router,routing metadata
0,35,step0.layer35.dispatch,dispatch,,step0.layer35.metadata,4000.444072000,0.000000000,4000.444072000,step0.layer35.metadata,single-GPU dispatch placeholder
0,35,step0.layer35.scheduler,scheduler,GPU_COMPUTE,step0.layer35.metadata,4000.444072000,0.000000000,4000.444072000,step0.layer35.metadata,pimoe placement policy
0,35,step0.layer35.gpu_weight_load,gpu_weight_load,,step0.layer35.scheduler,4000.444072000,5.406336000,4005.850408000,step0.layer35.scheduler,ordinary GPU HBM reads from mixed Ramulator cycle-v1 run
0,35,step0.layer35.gpu_expert_compute,gpu_expert,GPU_COMPUTE,step0.layer35.gpu_weight_load;step0.layer35.dispatch,4005.850408000,3.054525952,4008.904933952,step0.layer35.gpu_weight_load,grouped expert GEMM
0,35,step0.layer35.pim_gwrite,pim_write,,step0.layer35.scheduler;step0.layer35.dispatch,4000.444072000,15.388152000,4015.832224000,step0.layer35.scheduler,PIM_GWRITE milestone from mixed Ramulator cycle-v1 run
0,35,step0.layer35.pim_expert_compute,pim_expert,,step0.layer35.pim_gwrite,4015.832224000,63.077040000,4078.909264000,step0.layer35.pim_gwrite,PIM_MAC milestone delta from mixed Ramulator cycle-v1 run
0,35,step0.layer35.pim_read,pim_read,,step0.layer35.pim_expert_compute,4078.909264000,0.080496000,4078.989760000,step0.layer35.pim_expert_compute,PIM_READ milestone delta from mixed Ramulator cycle-v1 run
0,35,step0.layer35.combine,combine,GPU_COMPUTE,step0.layer35.gpu_expert_compute;step0.layer35.pim_read,4078.989760000,1.036864000,4080.026624000,step0.layer35.pim_read,weighted expert combine
0,35,step0.layer35.residual2,residual,GPU_COMPUTE,step0.layer35.combine,4080.026624000,1.012288000,4081.038912000,step0.layer35.combine,residual add
0,36,step0.layer36.norm1,norm,GPU_COMPUTE,step0.layer35.residual2,4081.038912000,1.008192000,4082.047104000,step0.layer35.residual2,RMSNorm
0,36,step0.layer36.qkv,qkv,GPU_COMPUTE,step0.layer36.norm1,4082.047104000,3.635776000,4085.682880000,step0.layer36.norm1,QKV projection
0,36,step0.layer36.rope,rope,GPU_COMPUTE,step0.layer36.qkv,4085.682880000,1.018432000,4086.701312000,step0.layer36.qkv,QK norm and RoPE
0,36,step0.layer36.attention,attention,PIM_COMPUTE,step0.layer36.rope,4086.701312000,18.905016000,4105.606328000,step0.layer36.rope,decode attention from Ramulator cycle-v0 table
0,36,step0.layer36.o_proj,attention_output,GPU_COMPUTE,step0.layer36.attention,4105.606328000,3.109440000,4108.715768000,step0.layer36.attention,attention output projection
0,36,step0.layer36.residual1,residual,GPU_COMPUTE,step0.layer36.o_proj,4108.715768000,1.012288000,4109.728056000,step0.layer36.o_proj,residual add
0,36,step0.layer36.norm2,norm,GPU_COMPUTE,step0.layer36.residual1,4109.728056000,1.008192000,4110.736248000,step0.layer36.residual1,RMSNorm
0,36,step0.layer36.router,router,GPU_COMPUTE,step0.layer36.norm2,4110.736248000,2.069888000,4112.806136000,step0.layer36.norm2,MoE router
0,36,step0.layer36.metadata,metadata,GPU_COMPUTE,step0.layer36.router,4112.806136000,1.000128000,4113.806264000,step0.layer36.router,routing metadata
0,36,step0.layer36.dispatch,dispatch,,step0.layer36.metadata,4113.806264000,0.000000000,4113.806264000,step0.layer36.metadata,single-GPU dispatch placeholder
0,36,step0.layer36.scheduler,scheduler,GPU_COMPUTE,step0.layer36.metadata,4113.806264000,0.000000000,4113.806264000,step0.layer36.metadata,pimoe placement policy
0,36,step0.layer36.gpu_weight_load,gpu_weight_load,,step0.layer36.scheduler,4113.806264000,5.406336000,4119.212600000,step0.layer36.scheduler,ordinary GPU HBM reads from mixed Ramulator cycle-v1 run
0,36,step0.layer36.gpu_expert_compute,gpu_expert,GPU_COMPUTE,step0.layer36.gpu_weight_load;step0.layer36.dispatch,4119.212600000,3.054525952,4122.267125952,step0.layer36.gpu_weight_load,grouped expert GEMM
0,36,step0.layer36.pim_gwrite,pim_write,,step0.layer36.scheduler;step0.layer36.dispatch,4113.806264000,15.388152000,4129.194416000,step0.layer36.scheduler,PIM_GWRITE milestone from mixed Ramulator cycle-v1 run
0,36,step0.layer36.pim_expert_compute,pim_expert,,step0.layer36.pim_gwrite,4129.194416000,63.077040000,4192.271456000,step0.layer36.pim_gwrite,PIM_MAC milestone delta from mixed Ramulator cycle-v1 run
0,36,step0.layer36.pim_read,pim_read,,step0.layer36.pim_expert_compute,4192.271456000,0.080496000,4192.351952000,step0.layer36.pim_expert_compute,PIM_READ milestone delta from mixed Ramulator cycle-v1 run
0,36,step0.layer36.combine,combine,GPU_COMPUTE,step0.layer36.gpu_expert_compute;step0.layer36.pim_read,4192.351952000,1.036864000,4193.388816000,step0.layer36.pim_read,weighted expert combine
0,36,step0.layer36.residual2,residual,GPU_COMPUTE,step0.layer36.combine,4193.388816000,1.012288000,4194.401104000,step0.layer36.combine,residual add
0,37,step0.layer37.norm1,norm,GPU_COMPUTE,step0.layer36.residual2,4194.401104000,1.008192000,4195.409296000,step0.layer36.residual2,RMSNorm
0,37,step0.layer37.qkv,qkv,GPU_COMPUTE,step0.layer37.norm1,4195.409296000,3.635776000,4199.045072000,step0.layer37.norm1,QKV projection
0,37,step0.layer37.rope,rope,GPU_COMPUTE,step0.layer37.qkv,4199.045072000,1.018432000,4200.063504000,step0.layer37.qkv,QK norm and RoPE
0,37,step0.layer37.attention,attention,PIM_COMPUTE,step0.layer37.rope,4200.063504000,18.905016000,4218.968520000,step0.layer37.rope,decode attention from Ramulator cycle-v0 table
0,37,step0.layer37.o_proj,attention_output,GPU_COMPUTE,step0.layer37.attention,4218.968520000,3.109440000,4222.077960000,step0.layer37.attention,attention output projection
0,37,step0.layer37.residual1,residual,GPU_COMPUTE,step0.layer37.o_proj,4222.077960000,1.012288000,4223.090248000,step0.layer37.o_proj,residual add
0,37,step0.layer37.norm2,norm,GPU_COMPUTE,step0.layer37.residual1,4223.090248000,1.008192000,4224.098440000,step0.layer37.residual1,RMSNorm
0,37,step0.layer37.router,router,GPU_COMPUTE,step0.layer37.norm2,4224.098440000,2.069888000,4226.168328000,step0.layer37.norm2,MoE router
0,37,step0.layer37.metadata,metadata,GPU_COMPUTE,step0.layer37.router,4226.168328000,1.000128000,4227.168456000,step0.layer37.router,routing metadata
0,37,step0.layer37.dispatch,dispatch,,step0.layer37.metadata,4227.168456000,0.000000000,4227.168456000,step0.layer37.metadata,single-GPU dispatch placeholder
0,37,step0.layer37.scheduler,scheduler,GPU_COMPUTE,step0.layer37.metadata,4227.168456000,0.000000000,4227.168456000,step0.layer37.metadata,pimoe placement policy
0,37,step0.layer37.gpu_weight_load,gpu_weight_load,,step0.layer37.scheduler,4227.168456000,5.406336000,4232.574792000,step0.layer37.scheduler,ordinary GPU HBM reads from mixed Ramulator cycle-v1 run
0,37,step0.layer37.gpu_expert_compute,gpu_expert,GPU_COMPUTE,step0.layer37.gpu_weight_load;step0.layer37.dispatch,4232.574792000,3.054525952,4235.629317952,step0.layer37.gpu_weight_load,grouped expert GEMM
0,37,step0.layer37.pim_gwrite,pim_write,,step0.layer37.scheduler;step0.layer37.dispatch,4227.168456000,15.388152000,4242.556608000,step0.layer37.scheduler,PIM_GWRITE milestone from mixed Ramulator cycle-v1 run
0,37,step0.layer37.pim_expert_compute,pim_expert,,step0.layer37.pim_gwrite,4242.556608000,63.077040000,4305.633648000,step0.layer37.pim_gwrite,PIM_MAC milestone delta from mixed Ramulator cycle-v1 run
0,37,step0.layer37.pim_read,pim_read,,step0.layer37.pim_expert_compute,4305.633648000,0.080496000,4305.714144000,step0.layer37.pim_expert_compute,PIM_READ milestone delta from mixed Ramulator cycle-v1 run
0,37,step0.layer37.combine,combine,GPU_COMPUTE,step0.layer37.gpu_expert_compute;step0.layer37.pim_read,4305.714144000,1.036864000,4306.751008000,step0.layer37.pim_read,weighted expert combine
0,37,step0.layer37.residual2,residual,GPU_COMPUTE,step0.layer37.combine,4306.751008000,1.012288000,4307.763296000,step0.layer37.combine,residual add
0,38,step0.layer38.norm1,norm,GPU_COMPUTE,step0.layer37.residual2,4307.763296000,1.008192000,4308.771488000,step0.layer37.residual2,RMSNorm
0,38,step0.layer38.qkv,qkv,GPU_COMPUTE,step0.layer38.norm1,4308.771488000,3.635776000,4312.407264000,step0.layer38.norm1,QKV projection
0,38,step0.layer38.rope,rope,GPU_COMPUTE,step0.layer38.qkv,4312.407264000,1.018432000,4313.425696000,step0.layer38.qkv,QK norm and RoPE
0,38,step0.layer38.attention,attention,PIM_COMPUTE,step0.layer38.rope,4313.425696000,18.905016000,4332.330712000,step0.layer38.rope,decode attention from Ramulator cycle-v0 table
0,38,step0.layer38.o_proj,attention_output,GPU_COMPUTE,step0.layer38.attention,4332.330712000,3.109440000,4335.440152000,step0.layer38.attention,attention output projection
0,38,step0.layer38.residual1,residual,GPU_COMPUTE,step0.layer38.o_proj,4335.440152000,1.012288000,4336.452440000,step0.layer38.o_proj,residual add
0,38,step0.layer38.norm2,norm,GPU_COMPUTE,step0.layer38.residual1,4336.452440000,1.008192000,4337.460632000,step0.layer38.residual1,RMSNorm
0,38,step0.layer38.router,router,GPU_COMPUTE,step0.layer38.norm2,4337.460632000,2.069888000,4339.530520000,step0.layer38.norm2,MoE router
0,38,step0.layer38.metadata,metadata,GPU_COMPUTE,step0.layer38.router,4339.530520000,1.000128000,4340.530648000,step0.layer38.router,routing metadata
0,38,step0.layer38.dispatch,dispatch,,step0.layer38.metadata,4340.530648000,0.000000000,4340.530648000,step0.layer38.metadata,single-GPU dispatch placeholder
0,38,step0.layer38.scheduler,scheduler,GPU_COMPUTE,step0.layer38.metadata,4340.530648000,0.000000000,4340.530648000,step0.layer38.metadata,pimoe placement policy
0,38,step0.layer38.gpu_weight_load,gpu_weight_load,,step0.layer38.scheduler,4340.530648000,5.406336000,4345.936984000,step0.layer38.scheduler,ordinary GPU HBM reads from mixed Ramulator cycle-v1 run
0,38,step0.layer38.gpu_expert_compute,gpu_expert,GPU_COMPUTE,step0.layer38.gpu_weight_load;step0.layer38.dispatch,4345.936984000,3.054525952,4348.991509952,step0.layer38.gpu_weight_load,grouped expert GEMM
0,38,step0.layer38.pim_gwrite,pim_write,,step0.layer38.scheduler;step0.layer38.dispatch,4340.530648000,15.388152000,4355.918800000,step0.layer38.scheduler,PIM_GWRITE milestone from mixed Ramulator cycle-v1 run
0,38,step0.layer38.pim_expert_compute,pim_expert,,step0.layer38.pim_gwrite,4355.918800000,63.077040000,4418.995840000,step0.layer38.pim_gwrite,PIM_MAC milestone delta from mixed Ramulator cycle-v1 run
0,38,step0.layer38.pim_read,pim_read,,step0.layer38.pim_expert_compute,4418.995840000,0.080496000,4419.076336000,step0.layer38.pim_expert_compute,PIM_READ milestone delta from mixed Ramulator cycle-v1 run
0,38,step0.layer38.combine,combine,GPU_COMPUTE,step0.layer38.gpu_expert_compute;step0.layer38.pim_read,4419.076336000,1.036864000,4420.113200000,step0.layer38.pim_read,weighted expert combine
0,38,step0.layer38.residual2,residual,GPU_COMPUTE,step0.layer38.combine,4420.113200000,1.012288000,4421.125488000,step0.layer38.combine,residual add
0,39,step0.layer39.norm1,norm,GPU_COMPUTE,step0.layer38.residual2,4421.125488000,1.008192000,4422.133680000,step0.layer38.residual2,RMSNorm
0,39,step0.layer39.qkv,qkv,GPU_COMPUTE,step0.layer39.norm1,4422.133680000,3.635776000,4425.769456000,step0.layer39.norm1,QKV projection
0,39,step0.layer39.rope,rope,GPU_COMPUTE,step0.layer39.qkv,4425.769456000,1.018432000,4426.787888000,step0.layer39.qkv,QK norm and RoPE
0,39,step0.layer39.attention,attention,PIM_COMPUTE,step0.layer39.rope,4426.787888000,18.905016000,4445.692904000,step0.layer39.rope,decode attention from Ramulator cycle-v0 table
0,39,step0.layer39.o_proj,attention_output,GPU_COMPUTE,step0.layer39.attention,4445.692904000,3.109440000,4448.802344000,step0.layer39.attention,attention output projection
0,39,step0.layer39.residual1,residual,GPU_COMPUTE,step0.layer39.o_proj,4448.802344000,1.012288000,4449.814632000,step0.layer39.o_proj,residual add
0,39,step0.layer39.norm2,norm,GPU_COMPUTE,step0.layer39.residual1,4449.814632000,1.008192000,4450.822824000,step0.layer39.residual1,RMSNorm
0,39,step0.layer39.router,router,GPU_COMPUTE,step0.layer39.norm2,4450.822824000,2.069888000,4452.892712000,step0.layer39.norm2,MoE router
0,39,step0.layer39.metadata,metadata,GPU_COMPUTE,step0.layer39.router,4452.892712000,1.000128000,4453.892840000,step0.layer39.router,routing metadata
0,39,step0.layer39.dispatch,dispatch,,step0.layer39.metadata,4453.892840000,0.000000000,4453.892840000,step0.layer39.metadata,single-GPU dispatch placeholder
0,39,step0.layer39.scheduler,scheduler,GPU_COMPUTE,step0.layer39.metadata,4453.892840000,0.000000000,4453.892840000,step0.layer39.metadata,pimoe placement policy
0,39,step0.layer39.gpu_weight_load,gpu_weight_load,,step0.layer39.scheduler,4453.892840000,5.406336000,4459.299176000,step0.layer39.scheduler,ordinary GPU HBM reads from mixed Ramulator cycle-v1 run
0,39,step0.layer39.gpu_expert_compute,gpu_expert,GPU_COMPUTE,step0.layer39.gpu_weight_load;step0.layer39.dispatch,4459.299176000,3.054525952,4462.353701952,step0.layer39.gpu_weight_load,grouped expert GEMM
0,39,step0.layer39.pim_gwrite,pim_write,,step0.layer39.scheduler;step0.layer39.dispatch,4453.892840000,15.388152000,4469.280992000,step0.layer39.scheduler,PIM_GWRITE milestone from mixed Ramulator cycle-v1 run
0,39,step0.layer39.pim_expert_compute,pim_expert,,step0.layer39.pim_gwrite,4469.280992000,63.077040000,4532.358032000,step0.layer39.pim_gwrite,PIM_MAC milestone delta from mixed Ramulator cycle-v1 run
0,39,step0.layer39.pim_read,pim_read,,step0.layer39.pim_expert_compute,4532.358032000,0.080496000,4532.438528000,step0.layer39.pim_expert_compute,PIM_READ milestone delta from mixed Ramulator cycle-v1 run
0,39,step0.layer39.combine,combine,GPU_COMPUTE,step0.layer39.gpu_expert_compute;step0.layer39.pim_read,4532.438528000,1.036864000,4533.475392000,step0.layer39.pim_read,weighted expert combine
0,39,step0.layer39.residual2,residual,GPU_COMPUTE,step0.layer39.combine,4533.475392000,1.012288000,4534.487680000,step0.layer39.combine,residual add
0,40,step0.layer40.norm1,norm,GPU_COMPUTE,step0.layer39.residual2,4534.487680000,1.008192000,4535.495872000,step0.layer39.residual2,RMSNorm
0,40,step0.layer40.qkv,qkv,GPU_COMPUTE,step0.layer40.norm1,4535.495872000,3.635776000,4539.131648000,step0.layer40.norm1,QKV projection
0,40,step0.layer40.rope,rope,GPU_COMPUTE,step0.layer40.qkv,4539.131648000,1.018432000,4540.150080000,step0.layer40.qkv,QK norm and RoPE
0,40,step0.layer40.attention,attention,PIM_COMPUTE,step0.layer40.rope,4540.150080000,18.905016000,4559.055096000,step0.layer40.rope,decode attention from Ramulator cycle-v0 table
0,40,step0.layer40.o_proj,attention_output,GPU_COMPUTE,step0.layer40.attention,4559.055096000,3.109440000,4562.164536000,step0.layer40.attention,attention output projection
0,40,step0.layer40.residual1,residual,GPU_COMPUTE,step0.layer40.o_proj,4562.164536000,1.012288000,4563.176824000,step0.layer40.o_proj,residual add
0,40,step0.layer40.norm2,norm,GPU_COMPUTE,step0.layer40.residual1,4563.176824000,1.008192000,4564.185016000,step0.layer40.residual1,RMSNorm
0,40,step0.layer40.router,router,GPU_COMPUTE,step0.layer40.norm2,4564.185016000,2.069888000,4566.254904000,step0.layer40.norm2,MoE router
0,40,step0.layer40.metadata,metadata,GPU_COMPUTE,step0.layer40.router,4566.254904000,1.000128000,4567.255032000,step0.layer40.router,routing metadata
0,40,step0.layer40.dispatch,dispatch,,step0.layer40.metadata,4567.255032000,0.000000000,4567.255032000,step0.layer40.metadata,single-GPU dispatch placeholder
0,40,step0.layer40.scheduler,scheduler,GPU_COMPUTE,step0.layer40.metadata,4567.255032000,0.000000000,4567.255032000,step0.layer40.metadata,pimoe placement policy
0,40,step0.layer40.gpu_weight_load,gpu_weight_load,,step0.layer40.scheduler,4567.255032000,5.406336000,4572.661368000,step0.layer40.scheduler,ordinary GPU HBM reads from mixed Ramulator cycle-v1 run
0,40,step0.layer40.gpu_expert_compute,gpu_expert,GPU_COMPUTE,step0.layer40.gpu_weight_load;step0.layer40.dispatch,4572.661368000,3.054525952,4575.715893952,step0.layer40.gpu_weight_load,grouped expert GEMM
0,40,step0.layer40.pim_gwrite,pim_write,,step0.layer40.scheduler;step0.layer40.dispatch,4567.255032000,15.388152000,4582.643184000,step0.layer40.scheduler,PIM_GWRITE milestone from mixed Ramulator cycle-v1 run
0,40,step0.layer40.pim_expert_compute,pim_expert,,step0.layer40.pim_gwrite,4582.643184000,63.077040000,4645.720224000,step0.layer40.pim_gwrite,PIM_MAC milestone delta from mixed Ramulator cycle-v1 run
0,40,step0.layer40.pim_read,pim_read,,step0.layer40.pim_expert_compute,4645.720224000,0.080496000,4645.800720000,step0.layer40.pim_expert_compute,PIM_READ milestone delta from mixed Ramulator cycle-v1 run
0,40,step0.layer40.combine,combine,GPU_COMPUTE,step0.layer40.gpu_expert_compute;step0.layer40.pim_read,4645.800720000,1.036864000,4646.837584000,step0.layer40.pim_read,weighted expert combine
0,40,step0.layer40.residual2,residual,GPU_COMPUTE,step0.layer40.combine,4646.837584000,1.012288000,4647.849872000,step0.layer40.combine,residual add
0,41,step0.layer41.norm1,norm,GPU_COMPUTE,step0.layer40.residual2,4647.849872000,1.008192000,4648.858064000,step0.layer40.residual2,RMSNorm
0,41,step0.layer41.qkv,qkv,GPU_COMPUTE,step0.layer41.norm1,4648.858064000,3.635776000,4652.493840000,step0.layer41.norm1,QKV projection
0,41,step0.layer41.rope,rope,GPU_COMPUTE,step0.layer41.qkv,4652.493840000,1.018432000,4653.512272000,step0.layer41.qkv,QK norm and RoPE
0,41,step0.layer41.attention,attention,PIM_COMPUTE,step0.layer41.rope,4653.512272000,18.905016000,4672.417288000,step0.layer41.rope,decode attention from Ramulator cycle-v0 table
0,41,step0.layer41.o_proj,attention_output,GPU_COMPUTE,step0.layer41.attention,4672.417288000,3.109440000,4675.526728000,step0.layer41.attention,attention output projection
0,41,step0.layer41.residual1,residual,GPU_COMPUTE,step0.layer41.o_proj,4675.526728000,1.012288000,4676.539016000,step0.layer41.o_proj,residual add
0,41,step0.layer41.norm2,norm,GPU_COMPUTE,step0.layer41.residual1,4676.539016000,1.008192000,4677.547208000,step0.layer41.residual1,RMSNorm
0,41,step0.layer41.router,router,GPU_COMPUTE,step0.layer41.norm2,4677.547208000,2.069888000,4679.617096000,step0.layer41.norm2,MoE router
0,41,step0.layer41.metadata,metadata,GPU_COMPUTE,step0.layer41.router,4679.617096000,1.000128000,4680.617224000,step0.layer41.router,routing metadata
0,41,step0.layer41.dispatch,dispatch,,step0.layer41.metadata,4680.617224000,0.000000000,4680.617224000,step0.layer41.metadata,single-GPU dispatch placeholder
0,41,step0.layer41.scheduler,scheduler,GPU_COMPUTE,step0.layer41.metadata,4680.617224000,0.000000000,4680.617224000,step0.layer41.metadata,pimoe placement policy
0,41,step0.layer41.gpu_weight_load,gpu_weight_load,,step0.layer41.scheduler,4680.617224000,5.406336000,4686.023560000,step0.layer41.scheduler,ordinary GPU HBM reads from mixed Ramulator cycle-v1 run
0,41,step0.layer41.gpu_expert_compute,gpu_expert,GPU_COMPUTE,step0.layer41.gpu_weight_load;step0.layer41.dispatch,4686.023560000,3.054525952,4689.078085952,step0.layer41.gpu_weight_load,grouped expert GEMM
0,41,step0.layer41.pim_gwrite,pim_write,,step0.layer41.scheduler;step0.layer41.dispatch,4680.617224000,15.388152000,4696.005376000,step0.layer41.scheduler,PIM_GWRITE milestone from mixed Ramulator cycle-v1 run
0,41,step0.layer41.pim_expert_compute,pim_expert,,step0.layer41.pim_gwrite,4696.005376000,63.077040000,4759.082416000,step0.layer41.pim_gwrite,PIM_MAC milestone delta from mixed Ramulator cycle-v1 run
0,41,step0.layer41.pim_read,pim_read,,step0.layer41.pim_expert_compute,4759.082416000,0.080496000,4759.162912000,step0.layer41.pim_expert_compute,PIM_READ milestone delta from mixed Ramulator cycle-v1 run
0,41,step0.layer41.combine,combine,GPU_COMPUTE,step0.layer41.gpu_expert_compute;step0.layer41.pim_read,4759.162912000,1.036864000,4760.199776000,step0.layer41.pim_read,weighted expert combine
0,41,step0.layer41.residual2,residual,GPU_COMPUTE,step0.layer41.combine,4760.199776000,1.012288000,4761.212064000,step0.layer41.combine,residual add
0,42,step0.layer42.norm1,norm,GPU_COMPUTE,step0.layer41.residual2,4761.212064000,1.008192000,4762.220256000,step0.layer41.residual2,RMSNorm
0,42,step0.layer42.qkv,qkv,GPU_COMPUTE,step0.layer42.norm1,4762.220256000,3.635776000,4765.856032000,step0.layer42.norm1,QKV projection
0,42,step0.layer42.rope,rope,GPU_COMPUTE,step0.layer42.qkv,4765.856032000,1.018432000,4766.874464000,step0.layer42.qkv,QK norm and RoPE
0,42,step0.layer42.attention,attention,PIM_COMPUTE,step0.layer42.rope,4766.874464000,18.905016000,4785.779480000,step0.layer42.rope,decode attention from Ramulator cycle-v0 table
0,42,step0.layer42.o_proj,attention_output,GPU_COMPUTE,step0.layer42.attention,4785.779480000,3.109440000,4788.888920000,step0.layer42.attention,attention output projection
0,42,step0.layer42.residual1,residual,GPU_COMPUTE,step0.layer42.o_proj,4788.888920000,1.012288000,4789.901208000,step0.layer42.o_proj,residual add
0,42,step0.layer42.norm2,norm,GPU_COMPUTE,step0.layer42.residual1,4789.901208000,1.008192000,4790.909400000,step0.layer42.residual1,RMSNorm
0,42,step0.layer42.router,router,GPU_COMPUTE,step0.layer42.norm2,4790.909400000,2.069888000,4792.979288000,step0.layer42.norm2,MoE router
0,42,step0.layer42.metadata,metadata,GPU_COMPUTE,step0.layer42.router,4792.979288000,1.000128000,4793.979416000,step0.layer42.router,routing metadata
0,42,step0.layer42.dispatch,dispatch,,step0.layer42.metadata,4793.979416000,0.000000000,4793.979416000,step0.layer42.metadata,single-GPU dispatch placeholder
0,42,step0.layer42.scheduler,scheduler,GPU_COMPUTE,step0.layer42.metadata,4793.979416000,0.000000000,4793.979416000,step0.layer42.metadata,pimoe placement policy
0,42,step0.layer42.gpu_weight_load,gpu_weight_load,,step0.layer42.scheduler,4793.979416000,5.406336000,4799.385752000,step0.layer42.scheduler,ordinary GPU HBM reads from mixed Ramulator cycle-v1 run
0,42,step0.layer42.gpu_expert_compute,gpu_expert,GPU_COMPUTE,step0.layer42.gpu_weight_load;step0.layer42.dispatch,4799.385752000,3.054525952,4802.440277952,step0.layer42.gpu_weight_load,grouped expert GEMM
0,42,step0.layer42.pim_gwrite,pim_write,,step0.layer42.scheduler;step0.layer42.dispatch,4793.979416000,15.388152000,4809.367568000,step0.layer42.scheduler,PIM_GWRITE milestone from mixed Ramulator cycle-v1 run
0,42,step0.layer42.pim_expert_compute,pim_expert,,step0.layer42.pim_gwrite,4809.367568000,63.077040000,4872.444608000,step0.layer42.pim_gwrite,PIM_MAC milestone delta from mixed Ramulator cycle-v1 run
0,42,step0.layer42.pim_read,pim_read,,step0.layer42.pim_expert_compute,4872.444608000,0.080496000,4872.525104000,step0.layer42.pim_expert_compute,PIM_READ milestone delta from mixed Ramulator cycle-v1 run
0,42,step0.layer42.combine,combine,GPU_COMPUTE,step0.layer42.gpu_expert_compute;step0.layer42.pim_read,4872.525104000,1.036864000,4873.561968000,step0.layer42.pim_read,weighted expert combine
0,42,step0.layer42.residual2,residual,GPU_COMPUTE,step0.layer42.combine,4873.561968000,1.012288000,4874.574256000,step0.layer42.combine,residual add
0,43,step0.layer43.norm1,norm,GPU_COMPUTE,step0.layer42.residual2,4874.574256000,1.008192000,4875.582448000,step0.layer42.residual2,RMSNorm
0,43,step0.layer43.qkv,qkv,GPU_COMPUTE,step0.layer43.norm1,4875.582448000,3.635776000,4879.218224000,step0.layer43.norm1,QKV projection
0,43,step0.layer43.rope,rope,GPU_COMPUTE,step0.layer43.qkv,4879.218224000,1.018432000,4880.236656000,step0.layer43.qkv,QK norm and RoPE
0,43,step0.layer43.attention,attention,PIM_COMPUTE,step0.layer43.rope,4880.236656000,18.905016000,4899.141672000,step0.layer43.rope,decode attention from Ramulator cycle-v0 table
0,43,step0.layer43.o_proj,attention_output,GPU_COMPUTE,step0.layer43.attention,4899.141672000,3.109440000,4902.251112000,step0.layer43.attention,attention output projection
0,43,step0.layer43.residual1,residual,GPU_COMPUTE,step0.layer43.o_proj,4902.251112000,1.012288000,4903.263400000,step0.layer43.o_proj,residual add
0,43,step0.layer43.norm2,norm,GPU_COMPUTE,step0.layer43.residual1,4903.263400000,1.008192000,4904.271592000,step0.layer43.residual1,RMSNorm
0,43,step0.layer43.router,router,GPU_COMPUTE,step0.layer43.norm2,4904.271592000,2.069888000,4906.341480000,step0.layer43.norm2,MoE router
0,43,step0.layer43.metadata,metadata,GPU_COMPUTE,step0.layer43.router,4906.341480000,1.000128000,4907.341608000,step0.layer43.router,routing metadata
0,43,step0.layer43.dispatch,dispatch,,step0.layer43.metadata,4907.341608000,0.000000000,4907.341608000,step0.layer43.metadata,single-GPU dispatch placeholder
0,43,step0.layer43.scheduler,scheduler,GPU_COMPUTE,step0.layer43.metadata,4907.341608000,0.000000000,4907.341608000,step0.layer43.metadata,pimoe placement policy
0,43,step0.layer43.gpu_weight_load,gpu_weight_load,,step0.layer43.scheduler,4907.341608000,5.406336000,4912.747944000,step0.layer43.scheduler,ordinary GPU HBM reads from mixed Ramulator cycle-v1 run
0,43,step0.layer43.gpu_expert_compute,gpu_expert,GPU_COMPUTE,step0.layer43.gpu_weight_load;step0.layer43.dispatch,4912.747944000,3.054525952,4915.802469952,step0.layer43.gpu_weight_load,grouped expert GEMM
0,43,step0.layer43.pim_gwrite,pim_write,,step0.layer43.scheduler;step0.layer43.dispatch,4907.341608000,15.388152000,4922.729760000,step0.layer43.scheduler,PIM_GWRITE milestone from mixed Ramulator cycle-v1 run
0,43,step0.layer43.pim_expert_compute,pim_expert,,step0.layer43.pim_gwrite,4922.729760000,63.077040000,4985.806800000,step0.layer43.pim_gwrite,PIM_MAC milestone delta from mixed Ramulator cycle-v1 run
0,43,step0.layer43.pim_read,pim_read,,step0.layer43.pim_expert_compute,4985.806800000,0.080496000,4985.887296000,step0.layer43.pim_expert_compute,PIM_READ milestone delta from mixed Ramulator cycle-v1 run
0,43,step0.layer43.combine,combine,GPU_COMPUTE,step0.layer43.gpu_expert_compute;step0.layer43.pim_read,4985.887296000,1.036864000,4986.924160000,step0.layer43.pim_read,weighted expert combine
0,43,step0.layer43.residual2,residual,GPU_COMPUTE,step0.layer43.combine,4986.924160000,1.012288000,4987.936448000,step0.layer43.combine,residual add
0,44,step0.layer44.norm1,norm,GPU_COMPUTE,step0.layer43.residual2,4987.936448000,1.008192000,4988.944640000,step0.layer43.residual2,RMSNorm
0,44,step0.layer44.qkv,qkv,GPU_COMPUTE,step0.layer44.norm1,4988.944640000,3.635776000,4992.580416000,step0.layer44.norm1,QKV projection
0,44,step0.layer44.rope,rope,GPU_COMPUTE,step0.layer44.qkv,4992.580416000,1.018432000,4993.598848000,step0.layer44.qkv,QK norm and RoPE
0,44,step0.layer44.attention,attention,PIM_COMPUTE,step0.layer44.rope,4993.598848000,18.905016000,5012.503864000,step0.layer44.rope,decode attention from Ramulator cycle-v0 table
0,44,step0.layer44.o_proj,attention_output,GPU_COMPUTE,step0.layer44.attention,5012.503864000,3.109440000,5015.613304000,step0.layer44.attention,attention output projection
0,44,step0.layer44.residual1,residual,GPU_COMPUTE,step0.layer44.o_proj,5015.613304000,1.012288000,5016.625592000,step0.layer44.o_proj,residual add
0,44,step0.layer44.norm2,norm,GPU_COMPUTE,step0.layer44.residual1,5016.625592000,1.008192000,5017.633784000,step0.layer44.residual1,RMSNorm
0,44,step0.layer44.router,router,GPU_COMPUTE,step0.layer44.norm2,5017.633784000,2.069888000,5019.703672000,step0.layer44.norm2,MoE router
0,44,step0.layer44.metadata,metadata,GPU_COMPUTE,step0.layer44.router,5019.703672000,1.000128000,5020.703800000,step0.layer44.router,routing metadata
0,44,step0.layer44.dispatch,dispatch,,step0.layer44.metadata,5020.703800000,0.000000000,5020.703800000,step0.layer44.metadata,single-GPU dispatch placeholder
0,44,step0.layer44.scheduler,scheduler,GPU_COMPUTE,step0.layer44.metadata,5020.703800000,0.000000000,5020.703800000,step0.layer44.metadata,pimoe placement policy
0,44,step0.layer44.gpu_weight_load,gpu_weight_load,,step0.layer44.scheduler,5020.703800000,5.406336000,5026.110136000,step0.layer44.scheduler,ordinary GPU HBM reads from mixed Ramulator cycle-v1 run
0,44,step0.layer44.gpu_expert_compute,gpu_expert,GPU_COMPUTE,step0.layer44.gpu_weight_load;step0.layer44.dispatch,5026.110136000,3.054525952,5029.164661952,step0.layer44.gpu_weight_load,grouped expert GEMM
0,44,step0.layer44.pim_gwrite,pim_write,,step0.layer44.scheduler;step0.layer44.dispatch,5020.703800000,15.388152000,5036.091952000,step0.layer44.scheduler,PIM_GWRITE milestone from mixed Ramulator cycle-v1 run
0,44,step0.layer44.pim_expert_compute,pim_expert,,step0.layer44.pim_gwrite,5036.091952000,63.077040000,5099.168992000,step0.layer44.pim_gwrite,PIM_MAC milestone delta from mixed Ramulator cycle-v1 run
0,44,step0.layer44.pim_read,pim_read,,step0.layer44.pim_expert_compute,5099.168992000,0.080496000,5099.249488000,step0.layer44.pim_expert_compute,PIM_READ milestone delta from mixed Ramulator cycle-v1 run
0,44,step0.layer44.combine,combine,GPU_COMPUTE,step0.layer44.gpu_expert_compute;step0.layer44.pim_read,5099.249488000,1.036864000,5100.286352000,step0.layer44.pim_read,weighted expert combine
0,44,step0.layer44.residual2,residual,GPU_COMPUTE,step0.layer44.combine,5100.286352000,1.012288000,5101.298640000,step0.layer44.combine,residual add
0,45,step0.layer45.norm1,norm,GPU_COMPUTE,step0.layer44.residual2,5101.298640000,1.008192000,5102.306832000,step0.layer44.residual2,RMSNorm
0,45,step0.layer45.qkv,qkv,GPU_COMPUTE,step0.layer45.norm1,5102.306832000,3.635776000,5105.942608000,step0.layer45.norm1,QKV projection
0,45,step0.layer45.rope,rope,GPU_COMPUTE,step0.layer45.qkv,5105.942608000,1.018432000,5106.961040000,step0.layer45.qkv,QK norm and RoPE
0,45,step0.layer45.attention,attention,PIM_COMPUTE,step0.layer45.rope,5106.961040000,18.905016000,5125.866056000,step0.layer45.rope,decode attention from Ramulator cycle-v0 table
0,45,step0.layer45.o_proj,attention_output,GPU_COMPUTE,step0.layer45.attention,5125.866056000,3.109440000,5128.975496000,step0.layer45.attention,attention output projection
0,45,step0.layer45.residual1,residual,GPU_COMPUTE,step0.layer45.o_proj,5128.975496000,1.012288000,5129.987784000,step0.layer45.o_proj,residual add
0,45,step0.layer45.norm2,norm,GPU_COMPUTE,step0.layer45.residual1,5129.987784000,1.008192000,5130.995976000,step0.layer45.residual1,RMSNorm
0,45,step0.layer45.router,router,GPU_COMPUTE,step0.layer45.norm2,5130.995976000,2.069888000,5133.065864000,step0.layer45.norm2,MoE router
0,45,step0.layer45.metadata,metadata,GPU_COMPUTE,step0.layer45.router,5133.065864000,1.000128000,5134.065992000,step0.layer45.router,routing metadata
0,45,step0.layer45.dispatch,dispatch,,step0.layer45.metadata,5134.065992000,0.000000000,5134.065992000,step0.layer45.metadata,single-GPU dispatch placeholder
0,45,step0.layer45.scheduler,scheduler,GPU_COMPUTE,step0.layer45.metadata,5134.065992000,0.000000000,5134.065992000,step0.layer45.metadata,pimoe placement policy
0,45,step0.layer45.gpu_weight_load,gpu_weight_load,,step0.layer45.scheduler,5134.065992000,5.406336000,5139.472328000,step0.layer45.scheduler,ordinary GPU HBM reads from mixed Ramulator cycle-v1 run
0,45,step0.layer45.gpu_expert_compute,gpu_expert,GPU_COMPUTE,step0.layer45.gpu_weight_load;step0.layer45.dispatch,5139.472328000,3.054525952,5142.526853952,step0.layer45.gpu_weight_load,grouped expert GEMM
0,45,step0.layer45.pim_gwrite,pim_write,,step0.layer45.scheduler;step0.layer45.dispatch,5134.065992000,15.388152000,5149.454144000,step0.layer45.scheduler,PIM_GWRITE milestone from mixed Ramulator cycle-v1 run
0,45,step0.layer45.pim_expert_compute,pim_expert,,step0.layer45.pim_gwrite,5149.454144000,63.077040000,5212.531184000,step0.layer45.pim_gwrite,PIM_MAC milestone delta from mixed Ramulator cycle-v1 run
0,45,step0.layer45.pim_read,pim_read,,step0.layer45.pim_expert_compute,5212.531184000,0.080496000,5212.611680000,step0.layer45.pim_expert_compute,PIM_READ milestone delta from mixed Ramulator cycle-v1 run
0,45,step0.layer45.combine,combine,GPU_COMPUTE,step0.layer45.gpu_expert_compute;step0.layer45.pim_read,5212.611680000,1.036864000,5213.648544000,step0.layer45.pim_read,weighted expert combine
0,45,step0.layer45.residual2,residual,GPU_COMPUTE,step0.layer45.combine,5213.648544000,1.012288000,5214.660832000,step0.layer45.combine,residual add
0,46,step0.layer46.norm1,norm,GPU_COMPUTE,step0.layer45.residual2,5214.660832000,1.008192000,5215.669024000,step0.layer45.residual2,RMSNorm
0,46,step0.layer46.qkv,qkv,GPU_COMPUTE,step0.layer46.norm1,5215.669024000,3.635776000,5219.304800000,step0.layer46.norm1,QKV projection
0,46,step0.layer46.rope,rope,GPU_COMPUTE,step0.layer46.qkv,5219.304800000,1.018432000,5220.323232000,step0.layer46.qkv,QK norm and RoPE
0,46,step0.layer46.attention,attention,PIM_COMPUTE,step0.layer46.rope,5220.323232000,18.905016000,5239.228248000,step0.layer46.rope,decode attention from Ramulator cycle-v0 table
0,46,step0.layer46.o_proj,attention_output,GPU_COMPUTE,step0.layer46.attention,5239.228248000,3.109440000,5242.337688000,step0.layer46.attention,attention output projection
0,46,step0.layer46.residual1,residual,GPU_COMPUTE,step0.layer46.o_proj,5242.337688000,1.012288000,5243.349976000,step0.layer46.o_proj,residual add
0,46,step0.layer46.norm2,norm,GPU_COMPUTE,step0.layer46.residual1,5243.349976000,1.008192000,5244.358168000,step0.layer46.residual1,RMSNorm
0,46,step0.layer46.router,router,GPU_COMPUTE,step0.layer46.norm2,5244.358168000,2.069888000,5246.428056000,step0.layer46.norm2,MoE router
0,46,step0.layer46.metadata,metadata,GPU_COMPUTE,step0.layer46.router,5246.428056000,1.000128000,5247.428184000,step0.layer46.router,routing metadata
0,46,step0.layer46.dispatch,dispatch,,step0.layer46.metadata,5247.428184000,0.000000000,5247.428184000,step0.layer46.metadata,single-GPU dispatch placeholder
0,46,step0.layer46.scheduler,scheduler,GPU_COMPUTE,step0.layer46.metadata,5247.428184000,0.000000000,5247.428184000,step0.layer46.metadata,pimoe placement policy
0,46,step0.layer46.gpu_weight_load,gpu_weight_load,,step0.layer46.scheduler,5247.428184000,5.406336000,5252.834520000,step0.layer46.scheduler,ordinary GPU HBM reads from mixed Ramulator cycle-v1 run
0,46,step0.layer46.gpu_expert_compute,gpu_expert,GPU_COMPUTE,step0.layer46.gpu_weight_load;step0.layer46.dispatch,5252.834520000,3.054525952,5255.889045952,step0.layer46.gpu_weight_load,grouped expert GEMM
0,46,step0.layer46.pim_gwrite,pim_write,,step0.layer46.scheduler;step0.layer46.dispatch,5247.428184000,15.388152000,5262.816336000,step0.layer46.scheduler,PIM_GWRITE milestone from mixed Ramulator cycle-v1 run
0,46,step0.layer46.pim_expert_compute,pim_expert,,step0.layer46.pim_gwrite,5262.816336000,63.077040000,5325.893376000,step0.layer46.pim_gwrite,PIM_MAC milestone delta from mixed Ramulator cycle-v1 run
0,46,step0.layer46.pim_read,pim_read,,step0.layer46.pim_expert_compute,5325.893376000,0.080496000,5325.973872000,step0.layer46.pim_expert_compute,PIM_READ milestone delta from mixed Ramulator cycle-v1 run
0,46,step0.layer46.combine,combine,GPU_COMPUTE,step0.layer46.gpu_expert_compute;step0.layer46.pim_read,5325.973872000,1.036864000,5327.010736000,step0.layer46.pim_read,weighted expert combine
0,46,step0.layer46.residual2,residual,GPU_COMPUTE,step0.layer46.combine,5327.010736000,1.012288000,5328.023024000,step0.layer46.combine,residual add
0,47,step0.layer47.norm1,norm,GPU_COMPUTE,step0.layer46.residual2,5328.023024000,1.008192000,5329.031216000,step0.layer46.residual2,RMSNorm
0,47,step0.layer47.qkv,qkv,GPU_COMPUTE,step0.layer47.norm1,5329.031216000,3.635776000,5332.666992000,step0.layer47.norm1,QKV projection
0,47,step0.layer47.rope,rope,GPU_COMPUTE,step0.layer47.qkv,5332.666992000,1.018432000,5333.685424000,step0.layer47.qkv,QK norm and RoPE
0,47,step0.layer47.attention,attention,PIM_COMPUTE,step0.layer47.rope,5333.685424000,18.905016000,5352.590440000,step0.layer47.rope,decode attention from Ramulator cycle-v0 table
0,47,step0.layer47.o_proj,attention_output,GPU_COMPUTE,step0.layer47.attention,5352.590440000,3.109440000,5355.699880000,step0.layer47.attention,attention output projection
0,47,step0.layer47.residual1,residual,GPU_COMPUTE,step0.layer47.o_proj,5355.699880000,1.012288000,5356.712168000,step0.layer47.o_proj,residual add
0,47,step0.layer47.norm2,norm,GPU_COMPUTE,step0.layer47.residual1,5356.712168000,1.008192000,5357.720360000,step0.layer47.residual1,RMSNorm
0,47,step0.layer47.router,router,GPU_COMPUTE,step0.layer47.norm2,5357.720360000,2.069888000,5359.790248000,step0.layer47.norm2,MoE router
0,47,step0.layer47.metadata,metadata,GPU_COMPUTE,step0.layer47.router,5359.790248000,1.000128000,5360.790376000,step0.layer47.router,routing metadata
0,47,step0.layer47.dispatch,dispatch,,step0.layer47.metadata,5360.790376000,0.000000000,5360.790376000,step0.layer47.metadata,single-GPU dispatch placeholder
0,47,step0.layer47.scheduler,scheduler,GPU_COMPUTE,step0.layer47.metadata,5360.790376000,0.000000000,5360.790376000,step0.layer47.metadata,pimoe placement policy
0,47,step0.layer47.gpu_weight_load,gpu_weight_load,,step0.layer47.scheduler,5360.790376000,5.406336000,5366.196712000,step0.layer47.scheduler,ordinary GPU HBM reads from mixed Ramulator cycle-v1 run
0,47,step0.layer47.gpu_expert_compute,gpu_expert,GPU_COMPUTE,step0.layer47.gpu_weight_load;step0.layer47.dispatch,5366.196712000,3.054525952,5369.251237952,step0.layer47.gpu_weight_load,grouped expert GEMM
0,47,step0.layer47.pim_gwrite,pim_write,,step0.layer47.scheduler;step0.layer47.dispatch,5360.790376000,15.388152000,5376.178528000,step0.layer47.scheduler,PIM_GWRITE milestone from mixed Ramulator cycle-v1 run
0,47,step0.layer47.pim_expert_compute,pim_expert,,step0.layer47.pim_gwrite,5376.178528000,63.077040000,5439.255568000,step0.layer47.pim_gwrite,PIM_MAC milestone delta from mixed Ramulator cycle-v1 run
0,47,step0.layer47.pim_read,pim_read,,step0.layer47.pim_expert_compute,5439.255568000,0.080496000,5439.336064000,step0.layer47.pim_expert_compute,PIM_READ milestone delta from mixed Ramulator cycle-v1 run
0,47,step0.layer47.combine,combine,GPU_COMPUTE,step0.layer47.gpu_expert_compute;step0.layer47.pim_read,5439.336064000,1.036864000,5440.372928000,step0.layer47.pim_read,weighted expert combine
0,47,step0.layer47.residual2,residual,GPU_COMPUTE,step0.layer47.combine,5440.372928000,1.012288000,5441.385216000,step0.layer47.combine,residual add
1,0,step1.layer0.norm1,norm,GPU_COMPUTE,step0.layer47.residual2,5441.385216000,1.008192000,5442.393408000,step0.layer47.residual2,RMSNorm
1,0,step1.layer0.qkv,qkv,GPU_COMPUTE,step1.layer0.norm1,5442.393408000,3.635776000,5446.029184000,step1.layer0.norm1,QKV projection
1,0,step1.layer0.rope,rope,GPU_COMPUTE,step1.layer0.qkv,5446.029184000,1.018432000,5447.047616000,step1.layer0.qkv,QK norm and RoPE
1,0,step1.layer0.attention,attention,PIM_COMPUTE,step1.layer0.rope,5447.047616000,18.929664000,5465.977280000,step1.layer0.rope,decode attention from Ramulator cycle-v0 table
1,0,step1.layer0.o_proj,attention_output,GPU_COMPUTE,step1.layer0.attention,5465.977280000,3.109440000,5469.086720000,step1.layer0.attention,attention output projection
1,0,step1.layer0.residual1,residual,GPU_COMPUTE,step1.layer0.o_proj,5469.086720000,1.012288000,5470.099008000,step1.layer0.o_proj,residual add
1,0,step1.layer0.norm2,norm,GPU_COMPUTE,step1.layer0.residual1,5470.099008000,1.008192000,5471.107200000,step1.layer0.residual1,RMSNorm
1,0,step1.layer0.router,router,GPU_COMPUTE,step1.layer0.norm2,5471.107200000,2.069888000,5473.177088000,step1.layer0.norm2,MoE router
1,0,step1.layer0.metadata,metadata,GPU_COMPUTE,step1.layer0.router,5473.177088000,1.000128000,5474.177216000,step1.layer0.router,routing metadata
1,0,step1.layer0.dispatch,dispatch,,step1.layer0.metadata,5474.177216000,0.000000000,5474.177216000,step1.layer0.metadata,single-GPU dispatch placeholder
1,0,step1.layer0.scheduler,scheduler,GPU_COMPUTE,step1.layer0.metadata,5474.177216000,0.000000000,5474.177216000,step1.layer0.metadata,pimoe placement policy
1,0,step1.layer0.gpu_weight_load,gpu_weight_load,,step1.layer0.scheduler,5474.177216000,5.406336000,5479.583552000,step1.layer0.scheduler,ordinary GPU HBM reads from mixed Ramulator cycle-v1 run
1,0,step1.layer0.gpu_expert_compute,gpu_expert,GPU_COMPUTE,step1.layer0.gpu_weight_load;step1.layer0.dispatch,5479.583552000,3.054525952,5482.638077952,step1.layer0.gpu_weight_load,grouped expert GEMM
1,0,step1.layer0.pim_gwrite,pim_write,,step1.layer0.scheduler;step1.layer0.dispatch,5474.177216000,15.388152000,5489.565368000,step1.layer0.scheduler,PIM_GWRITE milestone from mixed Ramulator cycle-v1 run
1,0,step1.layer0.pim_expert_compute,pim_expert,,step1.layer0.pim_gwrite,5489.565368000,63.077040000,5552.642408000,step1.layer0.pim_gwrite,PIM_MAC milestone delta from mixed Ramulator cycle-v1 run
1,0,step1.layer0.pim_read,pim_read,,step1.layer0.pim_expert_compute,5552.642408000,0.080496000,5552.722904000,step1.layer0.pim_expert_compute,PIM_READ milestone delta from mixed Ramulator cycle-v1 run
1,0,step1.layer0.combine,combine,GPU_COMPUTE,step1.layer0.gpu_expert_compute;step1.layer0.pim_read,5552.722904000,1.036864000,5553.759768000,step1.layer0.pim_read,weighted expert combine
1,0,step1.layer0.residual2,residual,GPU_COMPUTE,step1.layer0.combine,5553.759768000,1.012288000,5554.772056000,step1.layer0.combine,residual add
1,1,step1.layer1.norm1,norm,GPU_COMPUTE,step1.layer0.residual2,5554.772056000,1.008192000,5555.780248000,step1.layer0.residual2,RMSNorm
1,1,step1.layer1.qkv,qkv,GPU_COMPUTE,step1.layer1.norm1,5555.780248000,3.635776000,5559.416024000,step1.layer1.norm1,QKV projection
1,1,step1.layer1.rope,rope,GPU_COMPUTE,step1.layer1.qkv,5559.416024000,1.018432000,5560.434456000,step1.layer1.qkv,QK norm and RoPE
1,1,step1.layer1.attention,attention,PIM_COMPUTE,step1.layer1.rope,5560.434456000,18.929664000,5579.364120000,step1.layer1.rope,decode attention from Ramulator cycle-v0 table
1,1,step1.layer1.o_proj,attention_output,GPU_COMPUTE,step1.layer1.attention,5579.364120000,3.109440000,5582.473560000,step1.layer1.attention,attention output projection
1,1,step1.layer1.residual1,residual,GPU_COMPUTE,step1.layer1.o_proj,5582.473560000,1.012288000,5583.485848000,step1.layer1.o_proj,residual add
1,1,step1.layer1.norm2,norm,GPU_COMPUTE,step1.layer1.residual1,5583.485848000,1.008192000,5584.494040000,step1.layer1.residual1,RMSNorm
1,1,step1.layer1.router,router,GPU_COMPUTE,step1.layer1.norm2,5584.494040000,2.069888000,5586.563928000,step1.layer1.norm2,MoE router
1,1,step1.layer1.metadata,metadata,GPU_COMPUTE,step1.layer1.router,5586.563928000,1.000128000,5587.564056000,step1.layer1.router,routing metadata
1,1,step1.layer1.dispatch,dispatch,,step1.layer1.metadata,5587.564056000,0.000000000,5587.564056000,step1.layer1.metadata,single-GPU dispatch placeholder
1,1,step1.layer1.scheduler,scheduler,GPU_COMPUTE,step1.layer1.metadata,5587.564056000,0.000000000,5587.564056000,step1.layer1.metadata,pimoe placement policy
1,1,step1.layer1.gpu_weight_load,gpu_weight_load,,step1.layer1.scheduler,5587.564056000,5.406336000,5592.970392000,step1.layer1.scheduler,ordinary GPU HBM reads from mixed Ramulator cycle-v1 run
1,1,step1.layer1.gpu_expert_compute,gpu_expert,GPU_COMPUTE,step1.layer1.gpu_weight_load;step1.layer1.dispatch,5592.970392000,3.054525952,5596.024917952,step1.layer1.gpu_weight_load,grouped expert GEMM
1,1,step1.layer1.pim_gwrite,pim_write,,step1.layer1.scheduler;step1.layer1.dispatch,5587.564056000,15.388152000,5602.952208000,step1.layer1.scheduler,PIM_GWRITE milestone from mixed Ramulator cycle-v1 run
1,1,step1.layer1.pim_expert_compute,pim_expert,,step1.layer1.pim_gwrite,5602.952208000,63.077040000,5666.029248000,step1.layer1.pim_gwrite,PIM_MAC milestone delta from mixed Ramulator cycle-v1 run
1,1,step1.layer1.pim_read,pim_read,,step1.layer1.pim_expert_compute,5666.029248000,0.080496000,5666.109744000,step1.layer1.pim_expert_compute,PIM_READ milestone delta from mixed Ramulator cycle-v1 run
1,1,step1.layer1.combine,combine,GPU_COMPUTE,step1.layer1.gpu_expert_compute;step1.layer1.pim_read,5666.109744000,1.036864000,5667.146608000,step1.layer1.pim_read,weighted expert combine
1,1,step1.layer1.residual2,residual,GPU_COMPUTE,step1.layer1.combine,5667.146608000,1.012288000,5668.158896000,step1.layer1.combine,residual add
1,2,step1.layer2.norm1,norm,GPU_COMPUTE,step1.layer1.residual2,5668.158896000,1.008192000,5669.167088000,step1.layer1.residual2,RMSNorm
1,2,step1.layer2.qkv,qkv,GPU_COMPUTE,step1.layer2.norm1,5669.167088000,3.635776000,5672.802864000,step1.layer2.norm1,QKV projection
1,2,step1.layer2.rope,rope,GPU_COMPUTE,step1.layer2.qkv,5672.802864000,1.018432000,5673.821296000,step1.layer2.qkv,QK norm and RoPE
1,2,step1.layer2.attention,attention,PIM_COMPUTE,step1.layer2.rope,5673.821296000,18.929664000,5692.750960000,step1.layer2.rope,decode attention from Ramulator cycle-v0 table
1,2,step1.layer2.o_proj,attention_output,GPU_COMPUTE,step1.layer2.attention,5692.750960000,3.109440000,5695.860400000,step1.layer2.attention,attention output projection
1,2,step1.layer2.residual1,residual,GPU_COMPUTE,step1.layer2.o_proj,5695.860400000,1.012288000,5696.872688000,step1.layer2.o_proj,residual add
1,2,step1.layer2.norm2,norm,GPU_COMPUTE,step1.layer2.residual1,5696.872688000,1.008192000,5697.880880000,step1.layer2.residual1,RMSNorm
1,2,step1.layer2.router,router,GPU_COMPUTE,step1.layer2.norm2,5697.880880000,2.069888000,5699.950768000,step1.layer2.norm2,MoE router
1,2,step1.layer2.metadata,metadata,GPU_COMPUTE,step1.layer2.router,5699.950768000,1.000128000,5700.950896000,step1.layer2.router,routing metadata
1,2,step1.layer2.dispatch,dispatch,,step1.layer2.metadata,5700.950896000,0.000000000,5700.950896000,step1.layer2.metadata,single-GPU dispatch placeholder
1,2,step1.layer2.scheduler,scheduler,GPU_COMPUTE,step1.layer2.metadata,5700.950896000,0.000000000,5700.950896000,step1.layer2.metadata,pimoe placement policy
1,2,step1.layer2.gpu_weight_load,gpu_weight_load,,step1.layer2.scheduler,5700.950896000,5.406336000,5706.357232000,step1.layer2.scheduler,ordinary GPU HBM reads from mixed Ramulator cycle-v1 run
1,2,step1.layer2.gpu_expert_compute,gpu_expert,GPU_COMPUTE,step1.layer2.gpu_weight_load;step1.layer2.dispatch,5706.357232000,3.054525952,5709.411757952,step1.layer2.gpu_weight_load,grouped expert GEMM
1,2,step1.layer2.pim_gwrite,pim_write,,step1.layer2.scheduler;step1.layer2.dispatch,5700.950896000,15.388152000,5716.339048000,step1.layer2.scheduler,PIM_GWRITE milestone from mixed Ramulator cycle-v1 run
1,2,step1.layer2.pim_expert_compute,pim_expert,,step1.layer2.pim_gwrite,5716.339048000,63.077040000,5779.416088000,step1.layer2.pim_gwrite,PIM_MAC milestone delta from mixed Ramulator cycle-v1 run
1,2,step1.layer2.pim_read,pim_read,,step1.layer2.pim_expert_compute,5779.416088000,0.080496000,5779.496584000,step1.layer2.pim_expert_compute,PIM_READ milestone delta from mixed Ramulator cycle-v1 run
1,2,step1.layer2.combine,combine,GPU_COMPUTE,step1.layer2.gpu_expert_compute;step1.layer2.pim_read,5779.496584000,1.036864000,5780.533448000,step1.layer2.pim_read,weighted expert combine
1,2,step1.layer2.residual2,residual,GPU_COMPUTE,step1.layer2.combine,5780.533448000,1.012288000,5781.545736000,step1.layer2.combine,residual add
1,3,step1.layer3.norm1,norm,GPU_COMPUTE,step1.layer2.residual2,5781.545736000,1.008192000,5782.553928000,step1.layer2.residual2,RMSNorm
1,3,step1.layer3.qkv,qkv,GPU_COMPUTE,step1.layer3.norm1,5782.553928000,3.635776000,5786.189704000,step1.layer3.norm1,QKV projection
1,3,step1.layer3.rope,rope,GPU_COMPUTE,step1.layer3.qkv,5786.189704000,1.018432000,5787.208136000,step1.layer3.qkv,QK norm and RoPE
1,3,step1.layer3.attention,attention,PIM_COMPUTE,step1.layer3.rope,5787.208136000,18.929664000,5806.137800000,step1.layer3.rope,decode attention from Ramulator cycle-v0 table
1,3,step1.layer3.o_proj,attention_output,GPU_COMPUTE,step1.layer3.attention,5806.137800000,3.109440000,5809.247240000,step1.layer3.attention,attention output projection
1,3,step1.layer3.residual1,residual,GPU_COMPUTE,step1.layer3.o_proj,5809.247240000,1.012288000,5810.259528000,step1.layer3.o_proj,residual add
1,3,step1.layer3.norm2,norm,GPU_COMPUTE,step1.layer3.residual1,5810.259528000,1.008192000,5811.267720000,step1.layer3.residual1,RMSNorm
1,3,step1.layer3.router,router,GPU_COMPUTE,step1.layer3.norm2,5811.267720000,2.069888000,5813.337608000,step1.layer3.norm2,MoE router
1,3,step1.layer3.metadata,metadata,GPU_COMPUTE,step1.layer3.router,5813.337608000,1.000128000,5814.337736000,step1.layer3.router,routing metadata
1,3,step1.layer3.dispatch,dispatch,,step1.layer3.metadata,5814.337736000,0.000000000,5814.337736000,step1.layer3.metadata,single-GPU dispatch placeholder
1,3,step1.layer3.scheduler,scheduler,GPU_COMPUTE,step1.layer3.metadata,5814.337736000,0.000000000,5814.337736000,step1.layer3.metadata,pimoe placement policy
1,3,step1.layer3.gpu_weight_load,gpu_weight_load,,step1.layer3.scheduler,5814.337736000,5.406336000,5819.744072000,step1.layer3.scheduler,ordinary GPU HBM reads from mixed Ramulator cycle-v1 run
1,3,step1.layer3.gpu_expert_compute,gpu_expert,GPU_COMPUTE,step1.layer3.gpu_weight_load;step1.layer3.dispatch,5819.744072000,3.054525952,5822.798597952,step1.layer3.gpu_weight_load,grouped expert GEMM
1,3,step1.layer3.pim_gwrite,pim_write,,step1.layer3.scheduler;step1.layer3.dispatch,5814.337736000,15.388152000,5829.725888000,step1.layer3.scheduler,PIM_GWRITE milestone from mixed Ramulator cycle-v1 run
1,3,step1.layer3.pim_expert_compute,pim_expert,,step1.layer3.pim_gwrite,5829.725888000,63.077040000,5892.802928000,step1.layer3.pim_gwrite,PIM_MAC milestone delta from mixed Ramulator cycle-v1 run
1,3,step1.layer3.pim_read,pim_read,,step1.layer3.pim_expert_compute,5892.802928000,0.080496000,5892.883424000,step1.layer3.pim_expert_compute,PIM_READ milestone delta from mixed Ramulator cycle-v1 run
1,3,step1.layer3.combine,combine,GPU_COMPUTE,step1.layer3.gpu_expert_compute;step1.layer3.pim_read,5892.883424000,1.036864000,5893.920288000,step1.layer3.pim_read,weighted expert combine
1,3,step1.layer3.residual2,residual,GPU_COMPUTE,step1.layer3.combine,5893.920288000,1.012288000,5894.932576000,step1.layer3.combine,residual add
1,4,step1.layer4.norm1,norm,GPU_COMPUTE,step1.layer3.residual2,5894.932576000,1.008192000,5895.940768000,step1.layer3.residual2,RMSNorm
1,4,step1.layer4.qkv,qkv,GPU_COMPUTE,step1.layer4.norm1,5895.940768000,3.635776000,5899.576544000,step1.layer4.norm1,QKV projection
1,4,step1.layer4.rope,rope,GPU_COMPUTE,step1.layer4.qkv,5899.576544000,1.018432000,5900.594976000,step1.layer4.qkv,QK norm and RoPE
1,4,step1.layer4.attention,attention,PIM_COMPUTE,step1.layer4.rope,5900.594976000,18.929664000,5919.524640000,step1.layer4.rope,decode attention from Ramulator cycle-v0 table
1,4,step1.layer4.o_proj,attention_output,GPU_COMPUTE,step1.layer4.attention,5919.524640000,3.109440000,5922.634080000,step1.layer4.attention,attention output projection
1,4,step1.layer4.residual1,residual,GPU_COMPUTE,step1.layer4.o_proj,5922.634080000,1.012288000,5923.646368000,step1.layer4.o_proj,residual add
1,4,step1.layer4.norm2,norm,GPU_COMPUTE,step1.layer4.residual1,5923.646368000,1.008192000,5924.654560000,step1.layer4.residual1,RMSNorm
1,4,step1.layer4.router,router,GPU_COMPUTE,step1.layer4.norm2,5924.654560000,2.069888000,5926.724448000,step1.layer4.norm2,MoE router
1,4,step1.layer4.metadata,metadata,GPU_COMPUTE,step1.layer4.router,5926.724448000,1.000128000,5927.724576000,step1.layer4.router,routing metadata
1,4,step1.layer4.dispatch,dispatch,,step1.layer4.metadata,5927.724576000,0.000000000,5927.724576000,step1.layer4.metadata,single-GPU dispatch placeholder
1,4,step1.layer4.scheduler,scheduler,GPU_COMPUTE,step1.layer4.metadata,5927.724576000,0.000000000,5927.724576000,step1.layer4.metadata,pimoe placement policy
1,4,step1.layer4.gpu_weight_load,gpu_weight_load,,step1.layer4.scheduler,5927.724576000,5.406336000,5933.130912000,step1.layer4.scheduler,ordinary GPU HBM reads from mixed Ramulator cycle-v1 run
1,4,step1.layer4.gpu_expert_compute,gpu_expert,GPU_COMPUTE,step1.layer4.gpu_weight_load;step1.layer4.dispatch,5933.130912000,3.054525952,5936.185437952,step1.layer4.gpu_weight_load,grouped expert GEMM
1,4,step1.layer4.pim_gwrite,pim_write,,step1.layer4.scheduler;step1.layer4.dispatch,5927.724576000,15.388152000,5943.112728000,step1.layer4.scheduler,PIM_GWRITE milestone from mixed Ramulator cycle-v1 run
1,4,step1.layer4.pim_expert_compute,pim_expert,,step1.layer4.pim_gwrite,5943.112728000,63.077040000,6006.189768000,step1.layer4.pim_gwrite,PIM_MAC milestone delta from mixed Ramulator cycle-v1 run
1,4,step1.layer4.pim_read,pim_read,,step1.layer4.pim_expert_compute,6006.189768000,0.080496000,6006.270264000,step1.layer4.pim_expert_compute,PIM_READ milestone delta from mixed Ramulator cycle-v1 run
1,4,step1.layer4.combine,combine,GPU_COMPUTE,step1.layer4.gpu_expert_compute;step1.layer4.pim_read,6006.270264000,1.036864000,6007.307128000,step1.layer4.pim_read,weighted expert combine
1,4,step1.layer4.residual2,residual,GPU_COMPUTE,step1.layer4.combine,6007.307128000,1.012288000,6008.319416000,step1.layer4.combine,residual add
1,5,step1.layer5.norm1,norm,GPU_COMPUTE,step1.layer4.residual2,6008.319416000,1.008192000,6009.327608000,step1.layer4.residual2,RMSNorm
1,5,step1.layer5.qkv,qkv,GPU_COMPUTE,step1.layer5.norm1,6009.327608000,3.635776000,6012.963384000,step1.layer5.norm1,QKV projection
1,5,step1.layer5.rope,rope,GPU_COMPUTE,step1.layer5.qkv,6012.963384000,1.018432000,6013.981816000,step1.layer5.qkv,QK norm and RoPE
1,5,step1.layer5.attention,attention,PIM_COMPUTE,step1.layer5.rope,6013.981816000,18.929664000,6032.911480000,step1.layer5.rope,decode attention from Ramulator cycle-v0 table
1,5,step1.layer5.o_proj,attention_output,GPU_COMPUTE,step1.layer5.attention,6032.911480000,3.109440000,6036.020920000,step1.layer5.attention,attention output projection
1,5,step1.layer5.residual1,residual,GPU_COMPUTE,step1.layer5.o_proj,6036.020920000,1.012288000,6037.033208000,step1.layer5.o_proj,residual add
1,5,step1.layer5.norm2,norm,GPU_COMPUTE,step1.layer5.residual1,6037.033208000,1.008192000,6038.041400000,step1.layer5.residual1,RMSNorm
1,5,step1.layer5.router,router,GPU_COMPUTE,step1.layer5.norm2,6038.041400000,2.069888000,6040.111288000,step1.layer5.norm2,MoE router
1,5,step1.layer5.metadata,metadata,GPU_COMPUTE,step1.layer5.router,6040.111288000,1.000128000,6041.111416000,step1.layer5.router,routing metadata
1,5,step1.layer5.dispatch,dispatch,,step1.layer5.metadata,6041.111416000,0.000000000,6041.111416000,step1.layer5.metadata,single-GPU dispatch placeholder
1,5,step1.layer5.scheduler,scheduler,GPU_COMPUTE,step1.layer5.metadata,6041.111416000,0.000000000,6041.111416000,step1.layer5.metadata,pimoe placement policy
1,5,step1.layer5.gpu_weight_load,gpu_weight_load,,step1.layer5.scheduler,6041.111416000,5.406336000,6046.517752000,step1.layer5.scheduler,ordinary GPU HBM reads from mixed Ramulator cycle-v1 run
1,5,step1.layer5.gpu_expert_compute,gpu_expert,GPU_COMPUTE,step1.layer5.gpu_weight_load;step1.layer5.dispatch,6046.517752000,3.054525952,6049.572277952,step1.layer5.gpu_weight_load,grouped expert GEMM
1,5,step1.layer5.pim_gwrite,pim_write,,step1.layer5.scheduler;step1.layer5.dispatch,6041.111416000,15.388152000,6056.499568000,step1.layer5.scheduler,PIM_GWRITE milestone from mixed Ramulator cycle-v1 run
1,5,step1.layer5.pim_expert_compute,pim_expert,,step1.layer5.pim_gwrite,6056.499568000,63.077040000,6119.576608000,step1.layer5.pim_gwrite,PIM_MAC milestone delta from mixed Ramulator cycle-v1 run
1,5,step1.layer5.pim_read,pim_read,,step1.layer5.pim_expert_compute,6119.576608000,0.080496000,6119.657104000,step1.layer5.pim_expert_compute,PIM_READ milestone delta from mixed Ramulator cycle-v1 run
1,5,step1.layer5.combine,combine,GPU_COMPUTE,step1.layer5.gpu_expert_compute;step1.layer5.pim_read,6119.657104000,1.036864000,6120.693968000,step1.layer5.pim_read,weighted expert combine
1,5,step1.layer5.residual2,residual,GPU_COMPUTE,step1.layer5.combine,6120.693968000,1.012288000,6121.706256000,step1.layer5.combine,residual add
1,6,step1.layer6.norm1,norm,GPU_COMPUTE,step1.layer5.residual2,6121.706256000,1.008192000,6122.714448000,step1.layer5.residual2,RMSNorm
1,6,step1.layer6.qkv,qkv,GPU_COMPUTE,step1.layer6.norm1,6122.714448000,3.635776000,6126.350224000,step1.layer6.norm1,QKV projection
1,6,step1.layer6.rope,rope,GPU_COMPUTE,step1.layer6.qkv,6126.350224000,1.018432000,6127.368656000,step1.layer6.qkv,QK norm and RoPE
1,6,step1.layer6.attention,attention,PIM_COMPUTE,step1.layer6.rope,6127.368656000,18.929664000,6146.298320000,step1.layer6.rope,decode attention from Ramulator cycle-v0 table
1,6,step1.layer6.o_proj,attention_output,GPU_COMPUTE,step1.layer6.attention,6146.298320000,3.109440000,6149.407760000,step1.layer6.attention,attention output projection
1,6,step1.layer6.residual1,residual,GPU_COMPUTE,step1.layer6.o_proj,6149.407760000,1.012288000,6150.420048000,step1.layer6.o_proj,residual add
1,6,step1.layer6.norm2,norm,GPU_COMPUTE,step1.layer6.residual1,6150.420048000,1.008192000,6151.428240000,step1.layer6.residual1,RMSNorm
1,6,step1.layer6.router,router,GPU_COMPUTE,step1.layer6.norm2,6151.428240000,2.069888000,6153.498128000,step1.layer6.norm2,MoE router
1,6,step1.layer6.metadata,metadata,GPU_COMPUTE,step1.layer6.router,6153.498128000,1.000128000,6154.498256000,step1.layer6.router,routing metadata
1,6,step1.layer6.dispatch,dispatch,,step1.layer6.metadata,6154.498256000,0.000000000,6154.498256000,step1.layer6.metadata,single-GPU dispatch placeholder
1,6,step1.layer6.scheduler,scheduler,GPU_COMPUTE,step1.layer6.metadata,6154.498256000,0.000000000,6154.498256000,step1.layer6.metadata,pimoe placement policy
1,6,step1.layer6.gpu_weight_load,gpu_weight_load,,step1.layer6.scheduler,6154.498256000,5.406336000,6159.904592000,step1.layer6.scheduler,ordinary GPU HBM reads from mixed Ramulator cycle-v1 run
1,6,step1.layer6.gpu_expert_compute,gpu_expert,GPU_COMPUTE,step1.layer6.gpu_weight_load;step1.layer6.dispatch,6159.904592000,3.054525952,6162.959117952,step1.layer6.gpu_weight_load,grouped expert GEMM
1,6,step1.layer6.pim_gwrite,pim_write,,step1.layer6.scheduler;step1.layer6.dispatch,6154.498256000,15.388152000,6169.886408000,step1.layer6.scheduler,PIM_GWRITE milestone from mixed Ramulator cycle-v1 run
1,6,step1.layer6.pim_expert_compute,pim_expert,,step1.layer6.pim_gwrite,6169.886408000,63.077040000,6232.963448000,step1.layer6.pim_gwrite,PIM_MAC milestone delta from mixed Ramulator cycle-v1 run
1,6,step1.layer6.pim_read,pim_read,,step1.layer6.pim_expert_compute,6232.963448000,0.080496000,6233.043944000,step1.layer6.pim_expert_compute,PIM_READ milestone delta from mixed Ramulator cycle-v1 run
1,6,step1.layer6.combine,combine,GPU_COMPUTE,step1.layer6.gpu_expert_compute;step1.layer6.pim_read,6233.043944000,1.036864000,6234.080808000,step1.layer6.pim_read,weighted expert combine
1,6,step1.layer6.residual2,residual,GPU_COMPUTE,step1.layer6.combine,6234.080808000,1.012288000,6235.093096000,step1.layer6.combine,residual add
1,7,step1.layer7.norm1,norm,GPU_COMPUTE,step1.layer6.residual2,6235.093096000,1.008192000,6236.101288000,step1.layer6.residual2,RMSNorm
1,7,step1.layer7.qkv,qkv,GPU_COMPUTE,step1.layer7.norm1,6236.101288000,3.635776000,6239.737064000,step1.layer7.norm1,QKV projection
1,7,step1.layer7.rope,rope,GPU_COMPUTE,step1.layer7.qkv,6239.737064000,1.018432000,6240.755496000,step1.layer7.qkv,QK norm and RoPE
1,7,step1.layer7.attention,attention,PIM_COMPUTE,step1.layer7.rope,6240.755496000,18.929664000,6259.685160000,step1.layer7.rope,decode attention from Ramulator cycle-v0 table
1,7,step1.layer7.o_proj,attention_output,GPU_COMPUTE,step1.layer7.attention,6259.685160000,3.109440000,6262.794600000,step1.layer7.attention,attention output projection
1,7,step1.layer7.residual1,residual,GPU_COMPUTE,step1.layer7.o_proj,6262.794600000,1.012288000,6263.806888000,step1.layer7.o_proj,residual add
1,7,step1.layer7.norm2,norm,GPU_COMPUTE,step1.layer7.residual1,6263.806888000,1.008192000,6264.815080000,step1.layer7.residual1,RMSNorm
1,7,step1.layer7.router,router,GPU_COMPUTE,step1.layer7.norm2,6264.815080000,2.069888000,6266.884968000,step1.layer7.norm2,MoE router
1,7,step1.layer7.metadata,metadata,GPU_COMPUTE,step1.layer7.router,6266.884968000,1.000128000,6267.885096000,step1.layer7.router,routing metadata
1,7,step1.layer7.dispatch,dispatch,,step1.layer7.metadata,6267.885096000,0.000000000,6267.885096000,step1.layer7.metadata,single-GPU dispatch placeholder
1,7,step1.layer7.scheduler,scheduler,GPU_COMPUTE,step1.layer7.metadata,6267.885096000,0.000000000,6267.885096000,step1.layer7.metadata,pimoe placement policy
1,7,step1.layer7.gpu_weight_load,gpu_weight_load,,step1.layer7.scheduler,6267.885096000,5.406336000,6273.291432000,step1.layer7.scheduler,ordinary GPU HBM reads from mixed Ramulator cycle-v1 run
1,7,step1.layer7.gpu_expert_compute,gpu_expert,GPU_COMPUTE,step1.layer7.gpu_weight_load;step1.layer7.dispatch,6273.291432000,3.054525952,6276.345957952,step1.layer7.gpu_weight_load,grouped expert GEMM
1,7,step1.layer7.pim_gwrite,pim_write,,step1.layer7.scheduler;step1.layer7.dispatch,6267.885096000,15.388152000,6283.273248000,step1.layer7.scheduler,PIM_GWRITE milestone from mixed Ramulator cycle-v1 run
1,7,step1.layer7.pim_expert_compute,pim_expert,,step1.layer7.pim_gwrite,6283.273248000,63.077040000,6346.350288000,step1.layer7.pim_gwrite,PIM_MAC milestone delta from mixed Ramulator cycle-v1 run
1,7,step1.layer7.pim_read,pim_read,,step1.layer7.pim_expert_compute,6346.350288000,0.080496000,6346.430784000,step1.layer7.pim_expert_compute,PIM_READ milestone delta from mixed Ramulator cycle-v1 run
1,7,step1.layer7.combine,combine,GPU_COMPUTE,step1.layer7.gpu_expert_compute;step1.layer7.pim_read,6346.430784000,1.036864000,6347.467648000,step1.layer7.pim_read,weighted expert combine
1,7,step1.layer7.residual2,residual,GPU_COMPUTE,step1.layer7.combine,6347.467648000,1.012288000,6348.479936000,step1.layer7.combine,residual add
1,8,step1.layer8.norm1,norm,GPU_COMPUTE,step1.layer7.residual2,6348.479936000,1.008192000,6349.488128000,step1.layer7.residual2,RMSNorm
1,8,step1.layer8.qkv,qkv,GPU_COMPUTE,step1.layer8.norm1,6349.488128000,3.635776000,6353.123904000,step1.layer8.norm1,QKV projection
1,8,step1.layer8.rope,rope,GPU_COMPUTE,step1.layer8.qkv,6353.123904000,1.018432000,6354.142336000,step1.layer8.qkv,QK norm and RoPE
1,8,step1.layer8.attention,attention,PIM_COMPUTE,step1.layer8.rope,6354.142336000,18.929664000,6373.072000000,step1.layer8.rope,decode attention from Ramulator cycle-v0 table
1,8,step1.layer8.o_proj,attention_output,GPU_COMPUTE,step1.layer8.attention,6373.072000000,3.109440000,6376.181440000,step1.layer8.attention,attention output projection
1,8,step1.layer8.residual1,residual,GPU_COMPUTE,step1.layer8.o_proj,6376.181440000,1.012288000,6377.193728000,step1.layer8.o_proj,residual add
1,8,step1.layer8.norm2,norm,GPU_COMPUTE,step1.layer8.residual1,6377.193728000,1.008192000,6378.201920000,step1.layer8.residual1,RMSNorm
1,8,step1.layer8.router,router,GPU_COMPUTE,step1.layer8.norm2,6378.201920000,2.069888000,6380.271808000,step1.layer8.norm2,MoE router
1,8,step1.layer8.metadata,metadata,GPU_COMPUTE,step1.layer8.router,6380.271808000,1.000128000,6381.271936000,step1.layer8.router,routing metadata
1,8,step1.layer8.dispatch,dispatch,,step1.layer8.metadata,6381.271936000,0.000000000,6381.271936000,step1.layer8.metadata,single-GPU dispatch placeholder
1,8,step1.layer8.scheduler,scheduler,GPU_COMPUTE,step1.layer8.metadata,6381.271936000,0.000000000,6381.271936000,step1.layer8.metadata,pimoe placement policy
1,8,step1.layer8.gpu_weight_load,gpu_weight_load,,step1.layer8.scheduler,6381.271936000,5.406336000,6386.678272000,step1.layer8.scheduler,ordinary GPU HBM reads from mixed Ramulator cycle-v1 run
1,8,step1.layer8.gpu_expert_compute,gpu_expert,GPU_COMPUTE,step1.layer8.gpu_weight_load;step1.layer8.dispatch,6386.678272000,3.054525952,6389.732797952,step1.layer8.gpu_weight_load,grouped expert GEMM
1,8,step1.layer8.pim_gwrite,pim_write,,step1.layer8.scheduler;step1.layer8.dispatch,6381.271936000,15.388152000,6396.660088000,step1.layer8.scheduler,PIM_GWRITE milestone from mixed Ramulator cycle-v1 run
1,8,step1.layer8.pim_expert_compute,pim_expert,,step1.layer8.pim_gwrite,6396.660088000,63.077040000,6459.737128000,step1.layer8.pim_gwrite,PIM_MAC milestone delta from mixed Ramulator cycle-v1 run
1,8,step1.layer8.pim_read,pim_read,,step1.layer8.pim_expert_compute,6459.737128000,0.080496000,6459.817624000,step1.layer8.pim_expert_compute,PIM_READ milestone delta from mixed Ramulator cycle-v1 run
1,8,step1.layer8.combine,combine,GPU_COMPUTE,step1.layer8.gpu_expert_compute;step1.layer8.pim_read,6459.817624000,1.036864000,6460.854488000,step1.layer8.pim_read,weighted expert combine
1,8,step1.layer8.residual2,residual,GPU_COMPUTE,step1.layer8.combine,6460.854488000,1.012288000,6461.866776000,step1.layer8.combine,residual add
1,9,step1.layer9.norm1,norm,GPU_COMPUTE,step1.layer8.residual2,6461.866776000,1.008192000,6462.874968000,step1.layer8.residual2,RMSNorm
1,9,step1.layer9.qkv,qkv,GPU_COMPUTE,step1.layer9.norm1,6462.874968000,3.635776000,6466.510744000,step1.layer9.norm1,QKV projection
1,9,step1.layer9.rope,rope,GPU_COMPUTE,step1.layer9.qkv,6466.510744000,1.018432000,6467.529176000,step1.layer9.qkv,QK norm and RoPE
1,9,step1.layer9.attention,attention,PIM_COMPUTE,step1.layer9.rope,6467.529176000,18.929664000,6486.458840000,step1.layer9.rope,decode attention from Ramulator cycle-v0 table
1,9,step1.layer9.o_proj,attention_output,GPU_COMPUTE,step1.layer9.attention,6486.458840000,3.109440000,6489.568280000,step1.layer9.attention,attention output projection
1,9,step1.layer9.residual1,residual,GPU_COMPUTE,step1.layer9.o_proj,6489.568280000,1.012288000,6490.580568000,step1.layer9.o_proj,residual add
1,9,step1.layer9.norm2,norm,GPU_COMPUTE,step1.layer9.residual1,6490.580568000,1.008192000,6491.588760000,step1.layer9.residual1,RMSNorm
1,9,step1.layer9.router,router,GPU_COMPUTE,step1.layer9.norm2,6491.588760000,2.069888000,6493.658648000,step1.layer9.norm2,MoE router
1,9,step1.layer9.metadata,metadata,GPU_COMPUTE,step1.layer9.router,6493.658648000,1.000128000,6494.658776000,step1.layer9.router,routing metadata
1,9,step1.layer9.dispatch,dispatch,,step1.layer9.metadata,6494.658776000,0.000000000,6494.658776000,step1.layer9.metadata,single-GPU dispatch placeholder
1,9,step1.layer9.scheduler,scheduler,GPU_COMPUTE,step1.layer9.metadata,6494.658776000,0.000000000,6494.658776000,step1.layer9.metadata,pimoe placement policy
1,9,step1.layer9.gpu_weight_load,gpu_weight_load,,step1.layer9.scheduler,6494.658776000,5.406336000,6500.065112000,step1.layer9.scheduler,ordinary GPU HBM reads from mixed Ramulator cycle-v1 run
1,9,step1.layer9.gpu_expert_compute,gpu_expert,GPU_COMPUTE,step1.layer9.gpu_weight_load;step1.layer9.dispatch,6500.065112000,3.054525952,6503.119637952,step1.layer9.gpu_weight_load,grouped expert GEMM
1,9,step1.layer9.pim_gwrite,pim_write,,step1.layer9.scheduler;step1.layer9.dispatch,6494.658776000,15.388152000,6510.046928000,step1.layer9.scheduler,PIM_GWRITE milestone from mixed Ramulator cycle-v1 run
1,9,step1.layer9.pim_expert_compute,pim_expert,,step1.layer9.pim_gwrite,6510.046928000,63.077040000,6573.123968000,step1.layer9.pim_gwrite,PIM_MAC milestone delta from mixed Ramulator cycle-v1 run
1,9,step1.layer9.pim_read,pim_read,,step1.layer9.pim_expert_compute,6573.123968000,0.080496000,6573.204464000,step1.layer9.pim_expert_compute,PIM_READ milestone delta from mixed Ramulator cycle-v1 run
1,9,step1.layer9.combine,combine,GPU_COMPUTE,step1.layer9.gpu_expert_compute;step1.layer9.pim_read,6573.204464000,1.036864000,6574.241328000,step1.layer9.pim_read,weighted expert combine
1,9,step1.layer9.residual2,residual,GPU_COMPUTE,step1.layer9.combine,6574.241328000,1.012288000,6575.253616000,step1.layer9.combine,residual add
1,10,step1.layer10.norm1,norm,GPU_COMPUTE,step1.layer9.residual2,6575.253616000,1.008192000,6576.261808000,step1.layer9.residual2,RMSNorm
1,10,step1.layer10.qkv,qkv,GPU_COMPUTE,step1.layer10.norm1,6576.261808000,3.635776000,6579.897584000,step1.layer10.norm1,QKV projection
1,10,step1.layer10.rope,rope,GPU_COMPUTE,step1.layer10.qkv,6579.897584000,1.018432000,6580.916016000,step1.layer10.qkv,QK norm and RoPE
1,10,step1.layer10.attention,attention,PIM_COMPUTE,step1.layer10.rope,6580.916016000,18.929664000,6599.845680000,step1.layer10.rope,decode attention from Ramulator cycle-v0 table
1,10,step1.layer10.o_proj,attention_output,GPU_COMPUTE,step1.layer10.attention,6599.845680000,3.109440000,6602.955120000,step1.layer10.attention,attention output projection
1,10,step1.layer10.residual1,residual,GPU_COMPUTE,step1.layer10.o_proj,6602.955120000,1.012288000,6603.967408000,step1.layer10.o_proj,residual add
1,10,step1.layer10.norm2,norm,GPU_COMPUTE,step1.layer10.residual1,6603.967408000,1.008192000,6604.975600000,step1.layer10.residual1,RMSNorm
1,10,step1.layer10.router,router,GPU_COMPUTE,step1.layer10.norm2,6604.975600000,2.069888000,6607.045488000,step1.layer10.norm2,MoE router
1,10,step1.layer10.metadata,metadata,GPU_COMPUTE,step1.layer10.router,6607.045488000,1.000128000,6608.045616000,step1.layer10.router,routing metadata
1,10,step1.layer10.dispatch,dispatch,,step1.layer10.metadata,6608.045616000,0.000000000,6608.045616000,step1.layer10.metadata,single-GPU dispatch placeholder
1,10,step1.layer10.scheduler,scheduler,GPU_COMPUTE,step1.layer10.metadata,6608.045616000,0.000000000,6608.045616000,step1.layer10.metadata,pimoe placement policy
1,10,step1.layer10.gpu_weight_load,gpu_weight_load,,step1.layer10.scheduler,6608.045616000,5.406336000,6613.451952000,step1.layer10.scheduler,ordinary GPU HBM reads from mixed Ramulator cycle-v1 run
1,10,step1.layer10.gpu_expert_compute,gpu_expert,GPU_COMPUTE,step1.layer10.gpu_weight_load;step1.layer10.dispatch,6613.451952000,3.054525952,6616.506477952,step1.layer10.gpu_weight_load,grouped expert GEMM
1,10,step1.layer10.pim_gwrite,pim_write,,step1.layer10.scheduler;step1.layer10.dispatch,6608.045616000,15.388152000,6623.433768000,step1.layer10.scheduler,PIM_GWRITE milestone from mixed Ramulator cycle-v1 run
1,10,step1.layer10.pim_expert_compute,pim_expert,,step1.layer10.pim_gwrite,6623.433768000,63.077040000,6686.510808000,step1.layer10.pim_gwrite,PIM_MAC milestone delta from mixed Ramulator cycle-v1 run
1,10,step1.layer10.pim_read,pim_read,,step1.layer10.pim_expert_compute,6686.510808000,0.080496000,6686.591304000,step1.layer10.pim_expert_compute,PIM_READ milestone delta from mixed Ramulator cycle-v1 run
1,10,step1.layer10.combine,combine,GPU_COMPUTE,step1.layer10.gpu_expert_compute;step1.layer10.pim_read,6686.591304000,1.036864000,6687.628168000,step1.layer10.pim_read,weighted expert combine
1,10,step1.layer10.residual2,residual,GPU_COMPUTE,step1.layer10.combine,6687.628168000,1.012288000,6688.640456000,step1.layer10.combine,residual add
1,11,step1.layer11.norm1,norm,GPU_COMPUTE,step1.layer10.residual2,6688.640456000,1.008192000,6689.648648000,step1.layer10.residual2,RMSNorm
1,11,step1.layer11.qkv,qkv,GPU_COMPUTE,step1.layer11.norm1,6689.648648000,3.635776000,6693.284424000,step1.layer11.norm1,QKV projection
1,11,step1.layer11.rope,rope,GPU_COMPUTE,step1.layer11.qkv,6693.284424000,1.018432000,6694.302856000,step1.layer11.qkv,QK norm and RoPE
1,11,step1.layer11.attention,attention,PIM_COMPUTE,step1.layer11.rope,6694.302856000,18.929664000,6713.232520000,step1.layer11.rope,decode attention from Ramulator cycle-v0 table
1,11,step1.layer11.o_proj,attention_output,GPU_COMPUTE,step1.layer11.attention,6713.232520000,3.109440000,6716.341960000,step1.layer11.attention,attention output projection
1,11,step1.layer11.residual1,residual,GPU_COMPUTE,step1.layer11.o_proj,6716.341960000,1.012288000,6717.354248000,step1.layer11.o_proj,residual add
1,11,step1.layer11.norm2,norm,GPU_COMPUTE,step1.layer11.residual1,6717.354248000,1.008192000,6718.362440000,step1.layer11.residual1,RMSNorm
1,11,step1.layer11.router,router,GPU_COMPUTE,step1.layer11.norm2,6718.362440000,2.069888000,6720.432328000,step1.layer11.norm2,MoE router
1,11,step1.layer11.metadata,metadata,GPU_COMPUTE,step1.layer11.router,6720.432328000,1.000128000,6721.432456000,step1.layer11.router,routing metadata
1,11,step1.layer11.dispatch,dispatch,,step1.layer11.metadata,6721.432456000,0.000000000,6721.432456000,step1.layer11.metadata,single-GPU dispatch placeholder
1,11,step1.layer11.scheduler,scheduler,GPU_COMPUTE,step1.layer11.metadata,6721.432456000,0.000000000,6721.432456000,step1.layer11.metadata,pimoe placement policy
1,11,step1.layer11.gpu_weight_load,gpu_weight_load,,step1.layer11.scheduler,6721.432456000,5.406336000,6726.838792000,step1.layer11.scheduler,ordinary GPU HBM reads from mixed Ramulator cycle-v1 run
1,11,step1.layer11.gpu_expert_compute,gpu_expert,GPU_COMPUTE,step1.layer11.gpu_weight_load;step1.layer11.dispatch,6726.838792000,3.054525952,6729.893317952,step1.layer11.gpu_weight_load,grouped expert GEMM
1,11,step1.layer11.pim_gwrite,pim_write,,step1.layer11.scheduler;step1.layer11.dispatch,6721.432456000,15.388152000,6736.820608000,step1.layer11.scheduler,PIM_GWRITE milestone from mixed Ramulator cycle-v1 run
1,11,step1.layer11.pim_expert_compute,pim_expert,,step1.layer11.pim_gwrite,6736.820608000,63.077040000,6799.897648000,step1.layer11.pim_gwrite,PIM_MAC milestone delta from mixed Ramulator cycle-v1 run
1,11,step1.layer11.pim_read,pim_read,,step1.layer11.pim_expert_compute,6799.897648000,0.080496000,6799.978144000,step1.layer11.pim_expert_compute,PIM_READ milestone delta from mixed Ramulator cycle-v1 run
1,11,step1.layer11.combine,combine,GPU_COMPUTE,step1.layer11.gpu_expert_compute;step1.layer11.pim_read,6799.978144000,1.036864000,6801.015008000,step1.layer11.pim_read,weighted expert combine
1,11,step1.layer11.residual2,residual,GPU_COMPUTE,step1.layer11.combine,6801.015008000,1.012288000,6802.027296000,step1.layer11.combine,residual add
1,12,step1.layer12.norm1,norm,GPU_COMPUTE,step1.layer11.residual2,6802.027296000,1.008192000,6803.035488000,step1.layer11.residual2,RMSNorm
1,12,step1.layer12.qkv,qkv,GPU_COMPUTE,step1.layer12.norm1,6803.035488000,3.635776000,6806.671264000,step1.layer12.norm1,QKV projection
1,12,step1.layer12.rope,rope,GPU_COMPUTE,step1.layer12.qkv,6806.671264000,1.018432000,6807.689696000,step1.layer12.qkv,QK norm and RoPE
1,12,step1.layer12.attention,attention,PIM_COMPUTE,step1.layer12.rope,6807.689696000,18.929664000,6826.619360000,step1.layer12.rope,decode attention from Ramulator cycle-v0 table
1,12,step1.layer12.o_proj,attention_output,GPU_COMPUTE,step1.layer12.attention,6826.619360000,3.109440000,6829.728800000,step1.layer12.attention,attention output projection
1,12,step1.layer12.residual1,residual,GPU_COMPUTE,step1.layer12.o_proj,6829.728800000,1.012288000,6830.741088000,step1.layer12.o_proj,residual add
1,12,step1.layer12.norm2,norm,GPU_COMPUTE,step1.layer12.residual1,6830.741088000,1.008192000,6831.749280000,step1.layer12.residual1,RMSNorm
1,12,step1.layer12.router,router,GPU_COMPUTE,step1.layer12.norm2,6831.749280000,2.069888000,6833.819168000,step1.layer12.norm2,MoE router
1,12,step1.layer12.metadata,metadata,GPU_COMPUTE,step1.layer12.router,6833.819168000,1.000128000,6834.819296000,step1.layer12.router,routing metadata
1,12,step1.layer12.dispatch,dispatch,,step1.layer12.metadata,6834.819296000,0.000000000,6834.819296000,step1.layer12.metadata,single-GPU dispatch placeholder
1,12,step1.layer12.scheduler,scheduler,GPU_COMPUTE,step1.layer12.metadata,6834.819296000,0.000000000,6834.819296000,step1.layer12.metadata,pimoe placement policy
1,12,step1.layer12.gpu_weight_load,gpu_weight_load,,step1.layer12.scheduler,6834.819296000,5.406336000,6840.225632000,step1.layer12.scheduler,ordinary GPU HBM reads from mixed Ramulator cycle-v1 run
1,12,step1.layer12.gpu_expert_compute,gpu_expert,GPU_COMPUTE,step1.layer12.gpu_weight_load;step1.layer12.dispatch,6840.225632000,3.054525952,6843.280157952,step1.layer12.gpu_weight_load,grouped expert GEMM
1,12,step1.layer12.pim_gwrite,pim_write,,step1.layer12.scheduler;step1.layer12.dispatch,6834.819296000,15.388152000,6850.207448000,step1.layer12.scheduler,PIM_GWRITE milestone from mixed Ramulator cycle-v1 run
1,12,step1.layer12.pim_expert_compute,pim_expert,,step1.layer12.pim_gwrite,6850.207448000,63.077040000,6913.284488000,step1.layer12.pim_gwrite,PIM_MAC milestone delta from mixed Ramulator cycle-v1 run
1,12,step1.layer12.pim_read,pim_read,,step1.layer12.pim_expert_compute,6913.284488000,0.080496000,6913.364984000,step1.layer12.pim_expert_compute,PIM_READ milestone delta from mixed Ramulator cycle-v1 run
1,12,step1.layer12.combine,combine,GPU_COMPUTE,step1.layer12.gpu_expert_compute;step1.layer12.pim_read,6913.364984000,1.036864000,6914.401848000,step1.layer12.pim_read,weighted expert combine
1,12,step1.layer12.residual2,residual,GPU_COMPUTE,step1.layer12.combine,6914.401848000,1.012288000,6915.414136000,step1.layer12.combine,residual add
1,13,step1.layer13.norm1,norm,GPU_COMPUTE,step1.layer12.residual2,6915.414136000,1.008192000,6916.422328000,step1.layer12.residual2,RMSNorm
1,13,step1.layer13.qkv,qkv,GPU_COMPUTE,step1.layer13.norm1,6916.422328000,3.635776000,6920.058104000,step1.layer13.norm1,QKV projection
1,13,step1.layer13.rope,rope,GPU_COMPUTE,step1.layer13.qkv,6920.058104000,1.018432000,6921.076536000,step1.layer13.qkv,QK norm and RoPE
1,13,step1.layer13.attention,attention,PIM_COMPUTE,step1.layer13.rope,6921.076536000,18.929664000,6940.006200000,step1.layer13.rope,decode attention from Ramulator cycle-v0 table
1,13,step1.layer13.o_proj,attention_output,GPU_COMPUTE,step1.layer13.attention,6940.006200000,3.109440000,6943.115640000,step1.layer13.attention,attention output projection
1,13,step1.layer13.residual1,residual,GPU_COMPUTE,step1.layer13.o_proj,6943.115640000,1.012288000,6944.127928000,step1.layer13.o_proj,residual add
1,13,step1.layer13.norm2,norm,GPU_COMPUTE,step1.layer13.residual1,6944.127928000,1.008192000,6945.136120000,step1.layer13.residual1,RMSNorm
1,13,step1.layer13.router,router,GPU_COMPUTE,step1.layer13.norm2,6945.136120000,2.069888000,6947.206008000,step1.layer13.norm2,MoE router
1,13,step1.layer13.metadata,metadata,GPU_COMPUTE,step1.layer13.router,6947.206008000,1.000128000,6948.206136000,step1.layer13.router,routing metadata
1,13,step1.layer13.dispatch,dispatch,,step1.layer13.metadata,6948.206136000,0.000000000,6948.206136000,step1.layer13.metadata,single-GPU dispatch placeholder
1,13,step1.layer13.scheduler,scheduler,GPU_COMPUTE,step1.layer13.metadata,6948.206136000,0.000000000,6948.206136000,step1.layer13.metadata,pimoe placement policy
1,13,step1.layer13.gpu_weight_load,gpu_weight_load,,step1.layer13.scheduler,6948.206136000,5.406336000,6953.612472000,step1.layer13.scheduler,ordinary GPU HBM reads from mixed Ramulator cycle-v1 run
1,13,step1.layer13.gpu_expert_compute,gpu_expert,GPU_COMPUTE,step1.layer13.gpu_weight_load;step1.layer13.dispatch,6953.612472000,3.054525952,6956.666997952,step1.layer13.gpu_weight_load,grouped expert GEMM
1,13,step1.layer13.pim_gwrite,pim_write,,step1.layer13.scheduler;step1.layer13.dispatch,6948.206136000,15.388152000,6963.594288000,step1.layer13.scheduler,PIM_GWRITE milestone from mixed Ramulator cycle-v1 run
1,13,step1.layer13.pim_expert_compute,pim_expert,,step1.layer13.pim_gwrite,6963.594288000,63.077040000,7026.671328000,step1.layer13.pim_gwrite,PIM_MAC milestone delta from mixed Ramulator cycle-v1 run
1,13,step1.layer13.pim_read,pim_read,,step1.layer13.pim_expert_compute,7026.671328000,0.080496000,7026.751824000,step1.layer13.pim_expert_compute,PIM_READ milestone delta from mixed Ramulator cycle-v1 run
1,13,step1.layer13.combine,combine,GPU_COMPUTE,step1.layer13.gpu_expert_compute;step1.layer13.pim_read,7026.751824000,1.036864000,7027.788688000,step1.layer13.pim_read,weighted expert combine
1,13,step1.layer13.residual2,residual,GPU_COMPUTE,step1.layer13.combine,7027.788688000,1.012288000,7028.800976000,step1.layer13.combine,residual add
1,14,step1.layer14.norm1,norm,GPU_COMPUTE,step1.layer13.residual2,7028.800976000,1.008192000,7029.809168000,step1.layer13.residual2,RMSNorm
1,14,step1.layer14.qkv,qkv,GPU_COMPUTE,step1.layer14.norm1,7029.809168000,3.635776000,7033.444944000,step1.layer14.norm1,QKV projection
1,14,step1.layer14.rope,rope,GPU_COMPUTE,step1.layer14.qkv,7033.444944000,1.018432000,7034.463376000,step1.layer14.qkv,QK norm and RoPE
1,14,step1.layer14.attention,attention,PIM_COMPUTE,step1.layer14.rope,7034.463376000,18.929664000,7053.393040000,step1.layer14.rope,decode attention from Ramulator cycle-v0 table
1,14,step1.layer14.o_proj,attention_output,GPU_COMPUTE,step1.layer14.attention,7053.393040000,3.109440000,7056.502480000,step1.layer14.attention,attention output projection
1,14,step1.layer14.residual1,residual,GPU_COMPUTE,step1.layer14.o_proj,7056.502480000,1.012288000,7057.514768000,step1.layer14.o_proj,residual add
1,14,step1.layer14.norm2,norm,GPU_COMPUTE,step1.layer14.residual1,7057.514768000,1.008192000,7058.522960000,step1.layer14.residual1,RMSNorm
1,14,step1.layer14.router,router,GPU_COMPUTE,step1.layer14.norm2,7058.522960000,2.069888000,7060.592848000,step1.layer14.norm2,MoE router
1,14,step1.layer14.metadata,metadata,GPU_COMPUTE,step1.layer14.router,7060.592848000,1.000128000,7061.592976000,step1.layer14.router,routing metadata
1,14,step1.layer14.dispatch,dispatch,,step1.layer14.metadata,7061.592976000,0.000000000,7061.592976000,step1.layer14.metadata,single-GPU dispatch placeholder
1,14,step1.layer14.scheduler,scheduler,GPU_COMPUTE,step1.layer14.metadata,7061.592976000,0.000000000,7061.592976000,step1.layer14.metadata,pimoe placement policy
1,14,step1.layer14.gpu_weight_load,gpu_weight_load,,step1.layer14.scheduler,7061.592976000,5.406336000,7066.999312000,step1.layer14.scheduler,ordinary GPU HBM reads from mixed Ramulator cycle-v1 run
1,14,step1.layer14.gpu_expert_compute,gpu_expert,GPU_COMPUTE,step1.layer14.gpu_weight_load;step1.layer14.dispatch,7066.999312000,3.054525952,7070.053837952,step1.layer14.gpu_weight_load,grouped expert GEMM
1,14,step1.layer14.pim_gwrite,pim_write,,step1.layer14.scheduler;step1.layer14.dispatch,7061.592976000,15.388152000,7076.981128000,step1.layer14.scheduler,PIM_GWRITE milestone from mixed Ramulator cycle-v1 run
1,14,step1.layer14.pim_expert_compute,pim_expert,,step1.layer14.pim_gwrite,7076.981128000,63.077040000,7140.058168000,step1.layer14.pim_gwrite,PIM_MAC milestone delta from mixed Ramulator cycle-v1 run
1,14,step1.layer14.pim_read,pim_read,,step1.layer14.pim_expert_compute,7140.058168000,0.080496000,7140.138664000,step1.layer14.pim_expert_compute,PIM_READ milestone delta from mixed Ramulator cycle-v1 run
1,14,step1.layer14.combine,combine,GPU_COMPUTE,step1.layer14.gpu_expert_compute;step1.layer14.pim_read,7140.138664000,1.036864000,7141.175528000,step1.layer14.pim_read,weighted expert combine
1,14,step1.layer14.residual2,residual,GPU_COMPUTE,step1.layer14.combine,7141.175528000,1.012288000,7142.187816000,step1.layer14.combine,residual add
1,15,step1.layer15.norm1,norm,GPU_COMPUTE,step1.layer14.residual2,7142.187816000,1.008192000,7143.196008000,step1.layer14.residual2,RMSNorm
1,15,step1.layer15.qkv,qkv,GPU_COMPUTE,step1.layer15.norm1,7143.196008000,3.635776000,7146.831784000,step1.layer15.norm1,QKV projection
1,15,step1.layer15.rope,rope,GPU_COMPUTE,step1.layer15.qkv,7146.831784000,1.018432000,7147.850216000,step1.layer15.qkv,QK norm and RoPE
1,15,step1.layer15.attention,attention,PIM_COMPUTE,step1.layer15.rope,7147.850216000,18.929664000,7166.779880000,step1.layer15.rope,decode attention from Ramulator cycle-v0 table
1,15,step1.layer15.o_proj,attention_output,GPU_COMPUTE,step1.layer15.attention,7166.779880000,3.109440000,7169.889320000,step1.layer15.attention,attention output projection
1,15,step1.layer15.residual1,residual,GPU_COMPUTE,step1.layer15.o_proj,7169.889320000,1.012288000,7170.901608000,step1.layer15.o_proj,residual add
1,15,step1.layer15.norm2,norm,GPU_COMPUTE,step1.layer15.residual1,7170.901608000,1.008192000,7171.909800000,step1.layer15.residual1,RMSNorm
1,15,step1.layer15.router,router,GPU_COMPUTE,step1.layer15.norm2,7171.909800000,2.069888000,7173.979688000,step1.layer15.norm2,MoE router
1,15,step1.layer15.metadata,metadata,GPU_COMPUTE,step1.layer15.router,7173.979688000,1.000128000,7174.979816000,step1.layer15.router,routing metadata
1,15,step1.layer15.dispatch,dispatch,,step1.layer15.metadata,7174.979816000,0.000000000,7174.979816000,step1.layer15.metadata,single-GPU dispatch placeholder
1,15,step1.layer15.scheduler,scheduler,GPU_COMPUTE,step1.layer15.metadata,7174.979816000,0.000000000,7174.979816000,step1.layer15.metadata,pimoe placement policy
1,15,step1.layer15.gpu_weight_load,gpu_weight_load,,step1.layer15.scheduler,7174.979816000,5.406336000,7180.386152000,step1.layer15.scheduler,ordinary GPU HBM reads from mixed Ramulator cycle-v1 run
1,15,step1.layer15.gpu_expert_compute,gpu_expert,GPU_COMPUTE,step1.layer15.gpu_weight_load;step1.layer15.dispatch,7180.386152000,3.054525952,7183.440677952,step1.layer15.gpu_weight_load,grouped expert GEMM
1,15,step1.layer15.pim_gwrite,pim_write,,step1.layer15.scheduler;step1.layer15.dispatch,7174.979816000,15.388152000,7190.367968000,step1.layer15.scheduler,PIM_GWRITE milestone from mixed Ramulator cycle-v1 run
1,15,step1.layer15.pim_expert_compute,pim_expert,,step1.layer15.pim_gwrite,7190.367968000,63.077040000,7253.445008000,step1.layer15.pim_gwrite,PIM_MAC milestone delta from mixed Ramulator cycle-v1 run
1,15,step1.layer15.pim_read,pim_read,,step1.layer15.pim_expert_compute,7253.445008000,0.080496000,7253.525504000,step1.layer15.pim_expert_compute,PIM_READ milestone delta from mixed Ramulator cycle-v1 run
1,15,step1.layer15.combine,combine,GPU_COMPUTE,step1.layer15.gpu_expert_compute;step1.layer15.pim_read,7253.525504000,1.036864000,7254.562368000,step1.layer15.pim_read,weighted expert combine
1,15,step1.layer15.residual2,residual,GPU_COMPUTE,step1.layer15.combine,7254.562368000,1.012288000,7255.574656000,step1.layer15.combine,residual add
1,16,step1.layer16.norm1,norm,GPU_COMPUTE,step1.layer15.residual2,7255.574656000,1.008192000,7256.582848000,step1.layer15.residual2,RMSNorm
1,16,step1.layer16.qkv,qkv,GPU_COMPUTE,step1.layer16.norm1,7256.582848000,3.635776000,7260.218624000,step1.layer16.norm1,QKV projection
1,16,step1.layer16.rope,rope,GPU_COMPUTE,step1.layer16.qkv,7260.218624000,1.018432000,7261.237056000,step1.layer16.qkv,QK norm and RoPE
1,16,step1.layer16.attention,attention,PIM_COMPUTE,step1.layer16.rope,7261.237056000,18.929664000,7280.166720000,step1.layer16.rope,decode attention from Ramulator cycle-v0 table
1,16,step1.layer16.o_proj,attention_output,GPU_COMPUTE,step1.layer16.attention,7280.166720000,3.109440000,7283.276160000,step1.layer16.attention,attention output projection
1,16,step1.layer16.residual1,residual,GPU_COMPUTE,step1.layer16.o_proj,7283.276160000,1.012288000,7284.288448000,step1.layer16.o_proj,residual add
1,16,step1.layer16.norm2,norm,GPU_COMPUTE,step1.layer16.residual1,7284.288448000,1.008192000,7285.296640000,step1.layer16.residual1,RMSNorm
1,16,step1.layer16.router,router,GPU_COMPUTE,step1.layer16.norm2,7285.296640000,2.069888000,7287.366528000,step1.layer16.norm2,MoE router
1,16,step1.layer16.metadata,metadata,GPU_COMPUTE,step1.layer16.router,7287.366528000,1.000128000,7288.366656000,step1.layer16.router,routing metadata
1,16,step1.layer16.dispatch,dispatch,,step1.layer16.metadata,7288.366656000,0.000000000,7288.366656000,step1.layer16.metadata,single-GPU dispatch placeholder
1,16,step1.layer16.scheduler,scheduler,GPU_COMPUTE,step1.layer16.metadata,7288.366656000,0.000000000,7288.366656000,step1.layer16.metadata,pimoe placement policy
1,16,step1.layer16.gpu_weight_load,gpu_weight_load,,step1.layer16.scheduler,7288.366656000,5.406336000,7293.772992000,step1.layer16.scheduler,ordinary GPU HBM reads from mixed Ramulator cycle-v1 run
1,16,step1.layer16.gpu_expert_compute,gpu_expert,GPU_COMPUTE,step1.layer16.gpu_weight_load;step1.layer16.dispatch,7293.772992000,3.054525952,7296.827517952,step1.layer16.gpu_weight_load,grouped expert GEMM
1,16,step1.layer16.pim_gwrite,pim_write,,step1.layer16.scheduler;step1.layer16.dispatch,7288.366656000,15.388152000,7303.754808000,step1.layer16.scheduler,PIM_GWRITE milestone from mixed Ramulator cycle-v1 run
1,16,step1.layer16.pim_expert_compute,pim_expert,,step1.layer16.pim_gwrite,7303.754808000,63.077040000,7366.831848000,step1.layer16.pim_gwrite,PIM_MAC milestone delta from mixed Ramulator cycle-v1 run
1,16,step1.layer16.pim_read,pim_read,,step1.layer16.pim_expert_compute,7366.831848000,0.080496000,7366.912344000,step1.layer16.pim_expert_compute,PIM_READ milestone delta from mixed Ramulator cycle-v1 run
1,16,step1.layer16.combine,combine,GPU_COMPUTE,step1.layer16.gpu_expert_compute;step1.layer16.pim_read,7366.912344000,1.036864000,7367.949208000,step1.layer16.pim_read,weighted expert combine
1,16,step1.layer16.residual2,residual,GPU_COMPUTE,step1.layer16.combine,7367.949208000,1.012288000,7368.961496000,step1.layer16.combine,residual add
1,17,step1.layer17.norm1,norm,GPU_COMPUTE,step1.layer16.residual2,7368.961496000,1.008192000,7369.969688000,step1.layer16.residual2,RMSNorm
1,17,step1.layer17.qkv,qkv,GPU_COMPUTE,step1.layer17.norm1,7369.969688000,3.635776000,7373.605464000,step1.layer17.norm1,QKV projection
1,17,step1.layer17.rope,rope,GPU_COMPUTE,step1.layer17.qkv,7373.605464000,1.018432000,7374.623896000,step1.layer17.qkv,QK norm and RoPE
1,17,step1.layer17.attention,attention,PIM_COMPUTE,step1.layer17.rope,7374.623896000,18.929664000,7393.553560000,step1.layer17.rope,decode attention from Ramulator cycle-v0 table
1,17,step1.layer17.o_proj,attention_output,GPU_COMPUTE,step1.layer17.attention,7393.553560000,3.109440000,7396.663000000,step1.layer17.attention,attention output projection
1,17,step1.layer17.residual1,residual,GPU_COMPUTE,step1.layer17.o_proj,7396.663000000,1.012288000,7397.675288000,step1.layer17.o_proj,residual add
1,17,step1.layer17.norm2,norm,GPU_COMPUTE,step1.layer17.residual1,7397.675288000,1.008192000,7398.683480000,step1.layer17.residual1,RMSNorm
1,17,step1.layer17.router,router,GPU_COMPUTE,step1.layer17.norm2,7398.683480000,2.069888000,7400.753368000,step1.layer17.norm2,MoE router
1,17,step1.layer17.metadata,metadata,GPU_COMPUTE,step1.layer17.router,7400.753368000,1.000128000,7401.753496000,step1.layer17.router,routing metadata
1,17,step1.layer17.dispatch,dispatch,,step1.layer17.metadata,7401.753496000,0.000000000,7401.753496000,step1.layer17.metadata,single-GPU dispatch placeholder
1,17,step1.layer17.scheduler,scheduler,GPU_COMPUTE,step1.layer17.metadata,7401.753496000,0.000000000,7401.753496000,step1.layer17.metadata,pimoe placement policy
1,17,step1.layer17.gpu_weight_load,gpu_weight_load,,step1.layer17.scheduler,7401.753496000,5.406336000,7407.159832000,step1.layer17.scheduler,ordinary GPU HBM reads from mixed Ramulator cycle-v1 run
1,17,step1.layer17.gpu_expert_compute,gpu_expert,GPU_COMPUTE,step1.layer17.gpu_weight_load;step1.layer17.dispatch,7407.159832000,3.054525952,7410.214357952,step1.layer17.gpu_weight_load,grouped expert GEMM
1,17,step1.layer17.pim_gwrite,pim_write,,step1.layer17.scheduler;step1.layer17.dispatch,7401.753496000,15.388152000,7417.141648000,step1.layer17.scheduler,PIM_GWRITE milestone from mixed Ramulator cycle-v1 run
1,17,step1.layer17.pim_expert_compute,pim_expert,,step1.layer17.pim_gwrite,7417.141648000,63.077040000,7480.218688000,step1.layer17.pim_gwrite,PIM_MAC milestone delta from mixed Ramulator cycle-v1 run
1,17,step1.layer17.pim_read,pim_read,,step1.layer17.pim_expert_compute,7480.218688000,0.080496000,7480.299184000,step1.layer17.pim_expert_compute,PIM_READ milestone delta from mixed Ramulator cycle-v1 run
1,17,step1.layer17.combine,combine,GPU_COMPUTE,step1.layer17.gpu_expert_compute;step1.layer17.pim_read,7480.299184000,1.036864000,7481.336048000,step1.layer17.pim_read,weighted expert combine
1,17,step1.layer17.residual2,residual,GPU_COMPUTE,step1.layer17.combine,7481.336048000,1.012288000,7482.348336000,step1.layer17.combine,residual add
1,18,step1.layer18.norm1,norm,GPU_COMPUTE,step1.layer17.residual2,7482.348336000,1.008192000,7483.356528000,step1.layer17.residual2,RMSNorm
1,18,step1.layer18.qkv,qkv,GPU_COMPUTE,step1.layer18.norm1,7483.356528000,3.635776000,7486.992304000,step1.layer18.norm1,QKV projection
1,18,step1.layer18.rope,rope,GPU_COMPUTE,step1.layer18.qkv,7486.992304000,1.018432000,7488.010736000,step1.layer18.qkv,QK norm and RoPE
1,18,step1.layer18.attention,attention,PIM_COMPUTE,step1.layer18.rope,7488.010736000,18.929664000,7506.940400000,step1.layer18.rope,decode attention from Ramulator cycle-v0 table
1,18,step1.layer18.o_proj,attention_output,GPU_COMPUTE,step1.layer18.attention,7506.940400000,3.109440000,7510.049840000,step1.layer18.attention,attention output projection
1,18,step1.layer18.residual1,residual,GPU_COMPUTE,step1.layer18.o_proj,7510.049840000,1.012288000,7511.062128000,step1.layer18.o_proj,residual add
1,18,step1.layer18.norm2,norm,GPU_COMPUTE,step1.layer18.residual1,7511.062128000,1.008192000,7512.070320000,step1.layer18.residual1,RMSNorm
1,18,step1.layer18.router,router,GPU_COMPUTE,step1.layer18.norm2,7512.070320000,2.069888000,7514.140208000,step1.layer18.norm2,MoE router
1,18,step1.layer18.metadata,metadata,GPU_COMPUTE,step1.layer18.router,7514.140208000,1.000128000,7515.140336000,step1.layer18.router,routing metadata
1,18,step1.layer18.dispatch,dispatch,,step1.layer18.metadata,7515.140336000,0.000000000,7515.140336000,step1.layer18.metadata,single-GPU dispatch placeholder
1,18,step1.layer18.scheduler,scheduler,GPU_COMPUTE,step1.layer18.metadata,7515.140336000,0.000000000,7515.140336000,step1.layer18.metadata,pimoe placement policy
1,18,step1.layer18.gpu_weight_load,gpu_weight_load,,step1.layer18.scheduler,7515.140336000,5.406336000,7520.546672000,step1.layer18.scheduler,ordinary GPU HBM reads from mixed Ramulator cycle-v1 run
1,18,step1.layer18.gpu_expert_compute,gpu_expert,GPU_COMPUTE,step1.layer18.gpu_weight_load;step1.layer18.dispatch,7520.546672000,3.054525952,7523.601197952,step1.layer18.gpu_weight_load,grouped expert GEMM
1,18,step1.layer18.pim_gwrite,pim_write,,step1.layer18.scheduler;step1.layer18.dispatch,7515.140336000,15.388152000,7530.528488000,step1.layer18.scheduler,PIM_GWRITE milestone from mixed Ramulator cycle-v1 run
1,18,step1.layer18.pim_expert_compute,pim_expert,,step1.layer18.pim_gwrite,7530.528488000,63.077040000,7593.605528000,step1.layer18.pim_gwrite,PIM_MAC milestone delta from mixed Ramulator cycle-v1 run
1,18,step1.layer18.pim_read,pim_read,,step1.layer18.pim_expert_compute,7593.605528000,0.080496000,7593.686024000,step1.layer18.pim_expert_compute,PIM_READ milestone delta from mixed Ramulator cycle-v1 run
1,18,step1.layer18.combine,combine,GPU_COMPUTE,step1.layer18.gpu_expert_compute;step1.layer18.pim_read,7593.686024000,1.036864000,7594.722888000,step1.layer18.pim_read,weighted expert combine
1,18,step1.layer18.residual2,residual,GPU_COMPUTE,step1.layer18.combine,7594.722888000,1.012288000,7595.735176000,step1.layer18.combine,residual add
1,19,step1.layer19.norm1,norm,GPU_COMPUTE,step1.layer18.residual2,7595.735176000,1.008192000,7596.743368000,step1.layer18.residual2,RMSNorm
1,19,step1.layer19.qkv,qkv,GPU_COMPUTE,step1.layer19.norm1,7596.743368000,3.635776000,7600.379144000,step1.layer19.norm1,QKV projection
1,19,step1.layer19.rope,rope,GPU_COMPUTE,step1.layer19.qkv,7600.379144000,1.018432000,7601.397576000,step1.layer19.qkv,QK norm and RoPE
1,19,step1.layer19.attention,attention,PIM_COMPUTE,step1.layer19.rope,7601.397576000,18.929664000,7620.327240000,step1.layer19.rope,decode attention from Ramulator cycle-v0 table
1,19,step1.layer19.o_proj,attention_output,GPU_COMPUTE,step1.layer19.attention,7620.327240000,3.109440000,7623.436680000,step1.layer19.attention,attention output projection
1,19,step1.layer19.residual1,residual,GPU_COMPUTE,step1.layer19.o_proj,7623.436680000,1.012288000,7624.448968000,step1.layer19.o_proj,residual add
1,19,step1.layer19.norm2,norm,GPU_COMPUTE,step1.layer19.residual1,7624.448968000,1.008192000,7625.457160000,step1.layer19.residual1,RMSNorm
1,19,step1.layer19.router,router,GPU_COMPUTE,step1.layer19.norm2,7625.457160000,2.069888000,7627.527048000,step1.layer19.norm2,MoE router
1,19,step1.layer19.metadata,metadata,GPU_COMPUTE,step1.layer19.router,7627.527048000,1.000128000,7628.527176000,step1.layer19.router,routing metadata
1,19,step1.layer19.dispatch,dispatch,,step1.layer19.metadata,7628.527176000,0.000000000,7628.527176000,step1.layer19.metadata,single-GPU dispatch placeholder
1,19,step1.layer19.scheduler,scheduler,GPU_COMPUTE,step1.layer19.metadata,7628.527176000,0.000000000,7628.527176000,step1.layer19.metadata,pimoe placement policy
1,19,step1.layer19.gpu_weight_load,gpu_weight_load,,step1.layer19.scheduler,7628.527176000,5.406336000,7633.933512000,step1.layer19.scheduler,ordinary GPU HBM reads from mixed Ramulator cycle-v1 run
1,19,step1.layer19.gpu_expert_compute,gpu_expert,GPU_COMPUTE,step1.layer19.gpu_weight_load;step1.layer19.dispatch,7633.933512000,3.054525952,7636.988037952,step1.layer19.gpu_weight_load,grouped expert GEMM
1,19,step1.layer19.pim_gwrite,pim_write,,step1.layer19.scheduler;step1.layer19.dispatch,7628.527176000,15.388152000,7643.915328000,step1.layer19.scheduler,PIM_GWRITE milestone from mixed Ramulator cycle-v1 run
1,19,step1.layer19.pim_expert_compute,pim_expert,,step1.layer19.pim_gwrite,7643.915328000,63.077040000,7706.992368000,step1.layer19.pim_gwrite,PIM_MAC milestone delta from mixed Ramulator cycle-v1 run
1,19,step1.layer19.pim_read,pim_read,,step1.layer19.pim_expert_compute,7706.992368000,0.080496000,7707.072864000,step1.layer19.pim_expert_compute,PIM_READ milestone delta from mixed Ramulator cycle-v1 run
1,19,step1.layer19.combine,combine,GPU_COMPUTE,step1.layer19.gpu_expert_compute;step1.layer19.pim_read,7707.072864000,1.036864000,7708.109728000,step1.layer19.pim_read,weighted expert combine
1,19,step1.layer19.residual2,residual,GPU_COMPUTE,step1.layer19.combine,7708.109728000,1.012288000,7709.122016000,step1.layer19.combine,residual add
1,20,step1.layer20.norm1,norm,GPU_COMPUTE,step1.layer19.residual2,7709.122016000,1.008192000,7710.130208000,step1.layer19.residual2,RMSNorm
1,20,step1.layer20.qkv,qkv,GPU_COMPUTE,step1.layer20.norm1,7710.130208000,3.635776000,7713.765984000,step1.layer20.norm1,QKV projection
1,20,step1.layer20.rope,rope,GPU_COMPUTE,step1.layer20.qkv,7713.765984000,1.018432000,7714.784416000,step1.layer20.qkv,QK norm and RoPE
1,20,step1.layer20.attention,attention,PIM_COMPUTE,step1.layer20.rope,7714.784416000,18.929664000,7733.714080000,step1.layer20.rope,decode attention from Ramulator cycle-v0 table
1,20,step1.layer20.o_proj,attention_output,GPU_COMPUTE,step1.layer20.attention,7733.714080000,3.109440000,7736.823520000,step1.layer20.attention,attention output projection
1,20,step1.layer20.residual1,residual,GPU_COMPUTE,step1.layer20.o_proj,7736.823520000,1.012288000,7737.835808000,step1.layer20.o_proj,residual add
1,20,step1.layer20.norm2,norm,GPU_COMPUTE,step1.layer20.residual1,7737.835808000,1.008192000,7738.844000000,step1.layer20.residual1,RMSNorm
1,20,step1.layer20.router,router,GPU_COMPUTE,step1.layer20.norm2,7738.844000000,2.069888000,7740.913888000,step1.layer20.norm2,MoE router
1,20,step1.layer20.metadata,metadata,GPU_COMPUTE,step1.layer20.router,7740.913888000,1.000128000,7741.914016000,step1.layer20.router,routing metadata
1,20,step1.layer20.dispatch,dispatch,,step1.layer20.metadata,7741.914016000,0.000000000,7741.914016000,step1.layer20.metadata,single-GPU dispatch placeholder
1,20,step1.layer20.scheduler,scheduler,GPU_COMPUTE,step1.layer20.metadata,7741.914016000,0.000000000,7741.914016000,step1.layer20.metadata,pimoe placement policy
1,20,step1.layer20.gpu_weight_load,gpu_weight_load,,step1.layer20.scheduler,7741.914016000,5.406336000,7747.320352000,step1.layer20.scheduler,ordinary GPU HBM reads from mixed Ramulator cycle-v1 run
1,20,step1.layer20.gpu_expert_compute,gpu_expert,GPU_COMPUTE,step1.layer20.gpu_weight_load;step1.layer20.dispatch,7747.320352000,3.054525952,7750.374877952,step1.layer20.gpu_weight_load,grouped expert GEMM
1,20,step1.layer20.pim_gwrite,pim_write,,step1.layer20.scheduler;step1.layer20.dispatch,7741.914016000,15.388152000,7757.302168000,step1.layer20.scheduler,PIM_GWRITE milestone from mixed Ramulator cycle-v1 run
1,20,step1.layer20.pim_expert_compute,pim_expert,,step1.layer20.pim_gwrite,7757.302168000,63.077040000,7820.379208000,step1.layer20.pim_gwrite,PIM_MAC milestone delta from mixed Ramulator cycle-v1 run
1,20,step1.layer20.pim_read,pim_read,,step1.layer20.pim_expert_compute,7820.379208000,0.080496000,7820.459704000,step1.layer20.pim_expert_compute,PIM_READ milestone delta from mixed Ramulator cycle-v1 run
1,20,step1.layer20.combine,combine,GPU_COMPUTE,step1.layer20.gpu_expert_compute;step1.layer20.pim_read,7820.459704000,1.036864000,7821.496568000,step1.layer20.pim_read,weighted expert combine
1,20,step1.layer20.residual2,residual,GPU_COMPUTE,step1.layer20.combine,7821.496568000,1.012288000,7822.508856000,step1.layer20.combine,residual add
1,21,step1.layer21.norm1,norm,GPU_COMPUTE,step1.layer20.residual2,7822.508856000,1.008192000,7823.517048000,step1.layer20.residual2,RMSNorm
1,21,step1.layer21.qkv,qkv,GPU_COMPUTE,step1.layer21.norm1,7823.517048000,3.635776000,7827.152824000,step1.layer21.norm1,QKV projection
1,21,step1.layer21.rope,rope,GPU_COMPUTE,step1.layer21.qkv,7827.152824000,1.018432000,7828.171256000,step1.layer21.qkv,QK norm and RoPE
1,21,step1.layer21.attention,attention,PIM_COMPUTE,step1.layer21.rope,7828.171256000,18.929664000,7847.100920000,step1.layer21.rope,decode attention from Ramulator cycle-v0 table
1,21,step1.layer21.o_proj,attention_output,GPU_COMPUTE,step1.layer21.attention,7847.100920000,3.109440000,7850.210360000,step1.layer21.attention,attention output projection
1,21,step1.layer21.residual1,residual,GPU_COMPUTE,step1.layer21.o_proj,7850.210360000,1.012288000,7851.222648000,step1.layer21.o_proj,residual add
1,21,step1.layer21.norm2,norm,GPU_COMPUTE,step1.layer21.residual1,7851.222648000,1.008192000,7852.230840000,step1.layer21.residual1,RMSNorm
1,21,step1.layer21.router,router,GPU_COMPUTE,step1.layer21.norm2,7852.230840000,2.069888000,7854.300728000,step1.layer21.norm2,MoE router
1,21,step1.layer21.metadata,metadata,GPU_COMPUTE,step1.layer21.router,7854.300728000,1.000128000,7855.300856000,step1.layer21.router,routing metadata
1,21,step1.layer21.dispatch,dispatch,,step1.layer21.metadata,7855.300856000,0.000000000,7855.300856000,step1.layer21.metadata,single-GPU dispatch placeholder
1,21,step1.layer21.scheduler,scheduler,GPU_COMPUTE,step1.layer21.metadata,7855.300856000,0.000000000,7855.300856000,step1.layer21.metadata,pimoe placement policy
1,21,step1.layer21.gpu_weight_load,gpu_weight_load,,step1.layer21.scheduler,7855.300856000,5.406336000,7860.707192000,step1.layer21.scheduler,ordinary GPU HBM reads from mixed Ramulator cycle-v1 run
1,21,step1.layer21.gpu_expert_compute,gpu_expert,GPU_COMPUTE,step1.layer21.gpu_weight_load;step1.layer21.dispatch,7860.707192000,3.054525952,7863.761717952,step1.layer21.gpu_weight_load,grouped expert GEMM
1,21,step1.layer21.pim_gwrite,pim_write,,step1.layer21.scheduler;step1.layer21.dispatch,7855.300856000,15.388152000,7870.689008000,step1.layer21.scheduler,PIM_GWRITE milestone from mixed Ramulator cycle-v1 run
1,21,step1.layer21.pim_expert_compute,pim_expert,,step1.layer21.pim_gwrite,7870.689008000,63.077040000,7933.766048000,step1.layer21.pim_gwrite,PIM_MAC milestone delta from mixed Ramulator cycle-v1 run
1,21,step1.layer21.pim_read,pim_read,,step1.layer21.pim_expert_compute,7933.766048000,0.080496000,7933.846544000,step1.layer21.pim_expert_compute,PIM_READ milestone delta from mixed Ramulator cycle-v1 run
1,21,step1.layer21.combine,combine,GPU_COMPUTE,step1.layer21.gpu_expert_compute;step1.layer21.pim_read,7933.846544000,1.036864000,7934.883408000,step1.layer21.pim_read,weighted expert combine
1,21,step1.layer21.residual2,residual,GPU_COMPUTE,step1.layer21.combine,7934.883408000,1.012288000,7935.895696000,step1.layer21.combine,residual add
1,22,step1.layer22.norm1,norm,GPU_COMPUTE,step1.layer21.residual2,7935.895696000,1.008192000,7936.903888000,step1.layer21.residual2,RMSNorm
1,22,step1.layer22.qkv,qkv,GPU_COMPUTE,step1.layer22.norm1,7936.903888000,3.635776000,7940.539664000,step1.layer22.norm1,QKV projection
1,22,step1.layer22.rope,rope,GPU_COMPUTE,step1.layer22.qkv,7940.539664000,1.018432000,7941.558096000,step1.layer22.qkv,QK norm and RoPE
1,22,step1.layer22.attention,attention,PIM_COMPUTE,step1.layer22.rope,7941.558096000,18.929664000,7960.487760000,step1.layer22.rope,decode attention from Ramulator cycle-v0 table
1,22,step1.layer22.o_proj,attention_output,GPU_COMPUTE,step1.layer22.attention,7960.487760000,3.109440000,7963.597200000,step1.layer22.attention,attention output projection
1,22,step1.layer22.residual1,residual,GPU_COMPUTE,step1.layer22.o_proj,7963.597200000,1.012288000,7964.609488000,step1.layer22.o_proj,residual add
1,22,step1.layer22.norm2,norm,GPU_COMPUTE,step1.layer22.residual1,7964.609488000,1.008192000,7965.617680000,step1.layer22.residual1,RMSNorm
1,22,step1.layer22.router,router,GPU_COMPUTE,step1.layer22.norm2,7965.617680000,2.069888000,7967.687568000,step1.layer22.norm2,MoE router
1,22,step1.layer22.metadata,metadata,GPU_COMPUTE,step1.layer22.router,7967.687568000,1.000128000,7968.687696000,step1.layer22.router,routing metadata
1,22,step1.layer22.dispatch,dispatch,,step1.layer22.metadata,7968.687696000,0.000000000,7968.687696000,step1.layer22.metadata,single-GPU dispatch placeholder
1,22,step1.layer22.scheduler,scheduler,GPU_COMPUTE,step1.layer22.metadata,7968.687696000,0.000000000,7968.687696000,step1.layer22.metadata,pimoe placement policy
1,22,step1.layer22.gpu_weight_load,gpu_weight_load,,step1.layer22.scheduler,7968.687696000,5.406336000,7974.094032000,step1.layer22.scheduler,ordinary GPU HBM reads from mixed Ramulator cycle-v1 run
1,22,step1.layer22.gpu_expert_compute,gpu_expert,GPU_COMPUTE,step1.layer22.gpu_weight_load;step1.layer22.dispatch,7974.094032000,3.054525952,7977.148557952,step1.layer22.gpu_weight_load,grouped expert GEMM
1,22,step1.layer22.pim_gwrite,pim_write,,step1.layer22.scheduler;step1.layer22.dispatch,7968.687696000,15.388152000,7984.075848000,step1.layer22.scheduler,PIM_GWRITE milestone from mixed Ramulator cycle-v1 run
1,22,step1.layer22.pim_expert_compute,pim_expert,,step1.layer22.pim_gwrite,7984.075848000,63.077040000,8047.152888000,step1.layer22.pim_gwrite,PIM_MAC milestone delta from mixed Ramulator cycle-v1 run
1,22,step1.layer22.pim_read,pim_read,,step1.layer22.pim_expert_compute,8047.152888000,0.080496000,8047.233384000,step1.layer22.pim_expert_compute,PIM_READ milestone delta from mixed Ramulator cycle-v1 run
1,22,step1.layer22.combine,combine,GPU_COMPUTE,step1.layer22.gpu_expert_compute;step1.layer22.pim_read,8047.233384000,1.036864000,8048.270248000,step1.layer22.pim_read,weighted expert combine
1,22,step1.layer22.residual2,residual,GPU_COMPUTE,step1.layer22.combine,8048.270248000,1.012288000,8049.282536000,step1.layer22.combine,residual add
1,23,step1.layer23.norm1,norm,GPU_COMPUTE,step1.layer22.residual2,8049.282536000,1.008192000,8050.290728000,step1.layer22.residual2,RMSNorm
1,23,step1.layer23.qkv,qkv,GPU_COMPUTE,step1.layer23.norm1,8050.290728000,3.635776000,8053.926504000,step1.layer23.norm1,QKV projection
1,23,step1.layer23.rope,rope,GPU_COMPUTE,step1.layer23.qkv,8053.926504000,1.018432000,8054.944936000,step1.layer23.qkv,QK norm and RoPE
1,23,step1.layer23.attention,attention,PIM_COMPUTE,step1.layer23.rope,8054.944936000,18.929664000,8073.874600000,step1.layer23.rope,decode attention from Ramulator cycle-v0 table
1,23,step1.layer23.o_proj,attention_output,GPU_COMPUTE,step1.layer23.attention,8073.874600000,3.109440000,8076.984040000,step1.layer23.attention,attention output projection
1,23,step1.layer23.residual1,residual,GPU_COMPUTE,step1.layer23.o_proj,8076.984040000,1.012288000,8077.996328000,step1.layer23.o_proj,residual add
1,23,step1.layer23.norm2,norm,GPU_COMPUTE,step1.layer23.residual1,8077.996328000,1.008192000,8079.004520000,step1.layer23.residual1,RMSNorm
1,23,step1.layer23.router,router,GPU_COMPUTE,step1.layer23.norm2,8079.004520000,2.069888000,8081.074408000,step1.layer23.norm2,MoE router
1,23,step1.layer23.metadata,metadata,GPU_COMPUTE,step1.layer23.router,8081.074408000,1.000128000,8082.074536000,step1.layer23.router,routing metadata
1,23,step1.layer23.dispatch,dispatch,,step1.layer23.metadata,8082.074536000,0.000000000,8082.074536000,step1.layer23.metadata,single-GPU dispatch placeholder
1,23,step1.layer23.scheduler,scheduler,GPU_COMPUTE,step1.layer23.metadata,8082.074536000,0.000000000,8082.074536000,step1.layer23.metadata,pimoe placement policy
1,23,step1.layer23.gpu_weight_load,gpu_weight_load,,step1.layer23.scheduler,8082.074536000,5.406336000,8087.480872000,step1.layer23.scheduler,ordinary GPU HBM reads from mixed Ramulator cycle-v1 run
1,23,step1.layer23.gpu_expert_compute,gpu_expert,GPU_COMPUTE,step1.layer23.gpu_weight_load;step1.layer23.dispatch,8087.480872000,3.054525952,8090.535397952,step1.layer23.gpu_weight_load,grouped expert GEMM
1,23,step1.layer23.pim_gwrite,pim_write,,step1.layer23.scheduler;step1.layer23.dispatch,8082.074536000,15.388152000,8097.462688000,step1.layer23.scheduler,PIM_GWRITE milestone from mixed Ramulator cycle-v1 run
1,23,step1.layer23.pim_expert_compute,pim_expert,,step1.layer23.pim_gwrite,8097.462688000,63.077040000,8160.539728000,step1.layer23.pim_gwrite,PIM_MAC milestone delta from mixed Ramulator cycle-v1 run
1,23,step1.layer23.pim_read,pim_read,,step1.layer23.pim_expert_compute,8160.539728000,0.080496000,8160.620224000,step1.layer23.pim_expert_compute,PIM_READ milestone delta from mixed Ramulator cycle-v1 run
1,23,step1.layer23.combine,combine,GPU_COMPUTE,step1.layer23.gpu_expert_compute;step1.layer23.pim_read,8160.620224000,1.036864000,8161.657088000,step1.layer23.pim_read,weighted expert combine
1,23,step1.layer23.residual2,residual,GPU_COMPUTE,step1.layer23.combine,8161.657088000,1.012288000,8162.669376000,step1.layer23.combine,residual add
1,24,step1.layer24.norm1,norm,GPU_COMPUTE,step1.layer23.residual2,8162.669376000,1.008192000,8163.677568000,step1.layer23.residual2,RMSNorm
1,24,step1.layer24.qkv,qkv,GPU_COMPUTE,step1.layer24.norm1,8163.677568000,3.635776000,8167.313344000,step1.layer24.norm1,QKV projection
1,24,step1.layer24.rope,rope,GPU_COMPUTE,step1.layer24.qkv,8167.313344000,1.018432000,8168.331776000,step1.layer24.qkv,QK norm and RoPE
1,24,step1.layer24.attention,attention,PIM_COMPUTE,step1.layer24.rope,8168.331776000,18.929664000,8187.261440000,step1.layer24.rope,decode attention from Ramulator cycle-v0 table
1,24,step1.layer24.o_proj,attention_output,GPU_COMPUTE,step1.layer24.attention,8187.261440000,3.109440000,8190.370880000,step1.layer24.attention,attention output projection
1,24,step1.layer24.residual1,residual,GPU_COMPUTE,step1.layer24.o_proj,8190.370880000,1.012288000,8191.383168000,step1.layer24.o_proj,residual add
1,24,step1.layer24.norm2,norm,GPU_COMPUTE,step1.layer24.residual1,8191.383168000,1.008192000,8192.391360000,step1.layer24.residual1,RMSNorm
1,24,step1.layer24.router,router,GPU_COMPUTE,step1.layer24.norm2,8192.391360000,2.069888000,8194.461248000,step1.layer24.norm2,MoE router
1,24,step1.layer24.metadata,metadata,GPU_COMPUTE,step1.layer24.router,8194.461248000,1.000128000,8195.461376000,step1.layer24.router,routing metadata
1,24,step1.layer24.dispatch,dispatch,,step1.layer24.metadata,8195.461376000,0.000000000,8195.461376000,step1.layer24.metadata,single-GPU dispatch placeholder
1,24,step1.layer24.scheduler,scheduler,GPU_COMPUTE,step1.layer24.metadata,8195.461376000,0.000000000,8195.461376000,step1.layer24.metadata,pimoe placement policy
1,24,step1.layer24.gpu_weight_load,gpu_weight_load,,step1.layer24.scheduler,8195.461376000,5.406336000,8200.867712000,step1.layer24.scheduler,ordinary GPU HBM reads from mixed Ramulator cycle-v1 run
1,24,step1.layer24.gpu_expert_compute,gpu_expert,GPU_COMPUTE,step1.layer24.gpu_weight_load;step1.layer24.dispatch,8200.867712000,3.054525952,8203.922237952,step1.layer24.gpu_weight_load,grouped expert GEMM
1,24,step1.layer24.pim_gwrite,pim_write,,step1.layer24.scheduler;step1.layer24.dispatch,8195.461376000,15.388152000,8210.849528000,step1.layer24.scheduler,PIM_GWRITE milestone from mixed Ramulator cycle-v1 run
1,24,step1.layer24.pim_expert_compute,pim_expert,,step1.layer24.pim_gwrite,8210.849528000,63.077040000,8273.926568000,step1.layer24.pim_gwrite,PIM_MAC milestone delta from mixed Ramulator cycle-v1 run
1,24,step1.layer24.pim_read,pim_read,,step1.layer24.pim_expert_compute,8273.926568000,0.080496000,8274.007064000,step1.layer24.pim_expert_compute,PIM_READ milestone delta from mixed Ramulator cycle-v1 run
1,24,step1.layer24.combine,combine,GPU_COMPUTE,step1.layer24.gpu_expert_compute;step1.layer24.pim_read,8274.007064000,1.036864000,8275.043928000,step1.layer24.pim_read,weighted expert combine
1,24,step1.layer24.residual2,residual,GPU_COMPUTE,step1.layer24.combine,8275.043928000,1.012288000,8276.056216000,step1.layer24.combine,residual add
1,25,step1.layer25.norm1,norm,GPU_COMPUTE,step1.layer24.residual2,8276.056216000,1.008192000,8277.064408000,step1.layer24.residual2,RMSNorm
1,25,step1.layer25.qkv,qkv,GPU_COMPUTE,step1.layer25.norm1,8277.064408000,3.635776000,8280.700184000,step1.layer25.norm1,QKV projection
1,25,step1.layer25.rope,rope,GPU_COMPUTE,step1.layer25.qkv,8280.700184000,1.018432000,8281.718616000,step1.layer25.qkv,QK norm and RoPE
1,25,step1.layer25.attention,attention,PIM_COMPUTE,step1.layer25.rope,8281.718616000,18.929664000,8300.648280000,step1.layer25.rope,decode attention from Ramulator cycle-v0 table
1,25,step1.layer25.o_proj,attention_output,GPU_COMPUTE,step1.layer25.attention,8300.648280000,3.109440000,8303.757720000,step1.layer25.attention,attention output projection
1,25,step1.layer25.residual1,residual,GPU_COMPUTE,step1.layer25.o_proj,8303.757720000,1.012288000,8304.770008000,step1.layer25.o_proj,residual add
1,25,step1.layer25.norm2,norm,GPU_COMPUTE,step1.layer25.residual1,8304.770008000,1.008192000,8305.778200000,step1.layer25.residual1,RMSNorm
1,25,step1.layer25.router,router,GPU_COMPUTE,step1.layer25.norm2,8305.778200000,2.069888000,8307.848088000,step1.layer25.norm2,MoE router
1,25,step1.layer25.metadata,metadata,GPU_COMPUTE,step1.layer25.router,8307.848088000,1.000128000,8308.848216000,step1.layer25.router,routing metadata
1,25,step1.layer25.dispatch,dispatch,,step1.layer25.metadata,8308.848216000,0.000000000,8308.848216000,step1.layer25.metadata,single-GPU dispatch placeholder
1,25,step1.layer25.scheduler,scheduler,GPU_COMPUTE,step1.layer25.metadata,8308.848216000,0.000000000,8308.848216000,step1.layer25.metadata,pimoe placement policy
1,25,step1.layer25.gpu_weight_load,gpu_weight_load,,step1.layer25.scheduler,8308.848216000,5.406336000,8314.254552000,step1.layer25.scheduler,ordinary GPU HBM reads from mixed Ramulator cycle-v1 run
1,25,step1.layer25.gpu_expert_compute,gpu_expert,GPU_COMPUTE,step1.layer25.gpu_weight_load;step1.layer25.dispatch,8314.254552000,3.054525952,8317.309077952,step1.layer25.gpu_weight_load,grouped expert GEMM
1,25,step1.layer25.pim_gwrite,pim_write,,step1.layer25.scheduler;step1.layer25.dispatch,8308.848216000,15.388152000,8324.236368000,step1.layer25.scheduler,PIM_GWRITE milestone from mixed Ramulator cycle-v1 run
1,25,step1.layer25.pim_expert_compute,pim_expert,,step1.layer25.pim_gwrite,8324.236368000,63.077040000,8387.313408000,step1.layer25.pim_gwrite,PIM_MAC milestone delta from mixed Ramulator cycle-v1 run
1,25,step1.layer25.pim_read,pim_read,,step1.layer25.pim_expert_compute,8387.313408000,0.080496000,8387.393904000,step1.layer25.pim_expert_compute,PIM_READ milestone delta from mixed Ramulator cycle-v1 run
1,25,step1.layer25.combine,combine,GPU_COMPUTE,step1.layer25.gpu_expert_compute;step1.layer25.pim_read,8387.393904000,1.036864000,8388.430768000,step1.layer25.pim_read,weighted expert combine
1,25,step1.layer25.residual2,residual,GPU_COMPUTE,step1.layer25.combine,8388.430768000,1.012288000,8389.443056000,step1.layer25.combine,residual add
1,26,step1.layer26.norm1,norm,GPU_COMPUTE,step1.layer25.residual2,8389.443056000,1.008192000,8390.451248000,step1.layer25.residual2,RMSNorm
1,26,step1.layer26.qkv,qkv,GPU_COMPUTE,step1.layer26.norm1,8390.451248000,3.635776000,8394.087024000,step1.layer26.norm1,QKV projection
1,26,step1.layer26.rope,rope,GPU_COMPUTE,step1.layer26.qkv,8394.087024000,1.018432000,8395.105456000,step1.layer26.qkv,QK norm and RoPE
1,26,step1.layer26.attention,attention,PIM_COMPUTE,step1.layer26.rope,8395.105456000,18.929664000,8414.035120000,step1.layer26.rope,decode attention from Ramulator cycle-v0 table
1,26,step1.layer26.o_proj,attention_output,GPU_COMPUTE,step1.layer26.attention,8414.035120000,3.109440000,8417.144560000,step1.layer26.attention,attention output projection
1,26,step1.layer26.residual1,residual,GPU_COMPUTE,step1.layer26.o_proj,8417.144560000,1.012288000,8418.156848000,step1.layer26.o_proj,residual add
1,26,step1.layer26.norm2,norm,GPU_COMPUTE,step1.layer26.residual1,8418.156848000,1.008192000,8419.165040000,step1.layer26.residual1,RMSNorm
1,26,step1.layer26.router,router,GPU_COMPUTE,step1.layer26.norm2,8419.165040000,2.069888000,8421.234928000,step1.layer26.norm2,MoE router
1,26,step1.layer26.metadata,metadata,GPU_COMPUTE,step1.layer26.router,8421.234928000,1.000128000,8422.235056000,step1.layer26.router,routing metadata
1,26,step1.layer26.dispatch,dispatch,,step1.layer26.metadata,8422.235056000,0.000000000,8422.235056000,step1.layer26.metadata,single-GPU dispatch placeholder
1,26,step1.layer26.scheduler,scheduler,GPU_COMPUTE,step1.layer26.metadata,8422.235056000,0.000000000,8422.235056000,step1.layer26.metadata,pimoe placement policy
1,26,step1.layer26.gpu_weight_load,gpu_weight_load,,step1.layer26.scheduler,8422.235056000,5.406336000,8427.641392000,step1.layer26.scheduler,ordinary GPU HBM reads from mixed Ramulator cycle-v1 run
1,26,step1.layer26.gpu_expert_compute,gpu_expert,GPU_COMPUTE,step1.layer26.gpu_weight_load;step1.layer26.dispatch,8427.641392000,3.054525952,8430.695917952,step1.layer26.gpu_weight_load,grouped expert GEMM
1,26,step1.layer26.pim_gwrite,pim_write,,step1.layer26.scheduler;step1.layer26.dispatch,8422.235056000,15.388152000,8437.623208000,step1.layer26.scheduler,PIM_GWRITE milestone from mixed Ramulator cycle-v1 run
1,26,step1.layer26.pim_expert_compute,pim_expert,,step1.layer26.pim_gwrite,8437.623208000,63.077040000,8500.700248000,step1.layer26.pim_gwrite,PIM_MAC milestone delta from mixed Ramulator cycle-v1 run
1,26,step1.layer26.pim_read,pim_read,,step1.layer26.pim_expert_compute,8500.700248000,0.080496000,8500.780744000,step1.layer26.pim_expert_compute,PIM_READ milestone delta from mixed Ramulator cycle-v1 run
1,26,step1.layer26.combine,combine,GPU_COMPUTE,step1.layer26.gpu_expert_compute;step1.layer26.pim_read,8500.780744000,1.036864000,8501.817608000,step1.layer26.pim_read,weighted expert combine
1,26,step1.layer26.residual2,residual,GPU_COMPUTE,step1.layer26.combine,8501.817608000,1.012288000,8502.829896000,step1.layer26.combine,residual add
1,27,step1.layer27.norm1,norm,GPU_COMPUTE,step1.layer26.residual2,8502.829896000,1.008192000,8503.838088000,step1.layer26.residual2,RMSNorm
1,27,step1.layer27.qkv,qkv,GPU_COMPUTE,step1.layer27.norm1,8503.838088000,3.635776000,8507.473864000,step1.layer27.norm1,QKV projection
1,27,step1.layer27.rope,rope,GPU_COMPUTE,step1.layer27.qkv,8507.473864000,1.018432000,8508.492296000,step1.layer27.qkv,QK norm and RoPE
1,27,step1.layer27.attention,attention,PIM_COMPUTE,step1.layer27.rope,8508.492296000,18.929664000,8527.421960000,step1.layer27.rope,decode attention from Ramulator cycle-v0 table
1,27,step1.layer27.o_proj,attention_output,GPU_COMPUTE,step1.layer27.attention,8527.421960000,3.109440000,8530.531400000,step1.layer27.attention,attention output projection
1,27,step1.layer27.residual1,residual,GPU_COMPUTE,step1.layer27.o_proj,8530.531400000,1.012288000,8531.543688000,step1.layer27.o_proj,residual add
1,27,step1.layer27.norm2,norm,GPU_COMPUTE,step1.layer27.residual1,8531.543688000,1.008192000,8532.551880000,step1.layer27.residual1,RMSNorm
1,27,step1.layer27.router,router,GPU_COMPUTE,step1.layer27.norm2,8532.551880000,2.069888000,8534.621768000,step1.layer27.norm2,MoE router
1,27,step1.layer27.metadata,metadata,GPU_COMPUTE,step1.layer27.router,8534.621768000,1.000128000,8535.621896000,step1.layer27.router,routing metadata
1,27,step1.layer27.dispatch,dispatch,,step1.layer27.metadata,8535.621896000,0.000000000,8535.621896000,step1.layer27.metadata,single-GPU dispatch placeholder
1,27,step1.layer27.scheduler,scheduler,GPU_COMPUTE,step1.layer27.metadata,8535.621896000,0.000000000,8535.621896000,step1.layer27.metadata,pimoe placement policy
1,27,step1.layer27.gpu_weight_load,gpu_weight_load,,step1.layer27.scheduler,8535.621896000,5.406336000,8541.028232000,step1.layer27.scheduler,ordinary GPU HBM reads from mixed Ramulator cycle-v1 run
1,27,step1.layer27.gpu_expert_compute,gpu_expert,GPU_COMPUTE,step1.layer27.gpu_weight_load;step1.layer27.dispatch,8541.028232000,3.054525952,8544.082757952,step1.layer27.gpu_weight_load,grouped expert GEMM
1,27,step1.layer27.pim_gwrite,pim_write,,step1.layer27.scheduler;step1.layer27.dispatch,8535.621896000,15.388152000,8551.010048000,step1.layer27.scheduler,PIM_GWRITE milestone from mixed Ramulator cycle-v1 run
1,27,step1.layer27.pim_expert_compute,pim_expert,,step1.layer27.pim_gwrite,8551.010048000,63.077040000,8614.087088000,step1.layer27.pim_gwrite,PIM_MAC milestone delta from mixed Ramulator cycle-v1 run
1,27,step1.layer27.pim_read,pim_read,,step1.layer27.pim_expert_compute,8614.087088000,0.080496000,8614.167584000,step1.layer27.pim_expert_compute,PIM_READ milestone delta from mixed Ramulator cycle-v1 run
1,27,step1.layer27.combine,combine,GPU_COMPUTE,step1.layer27.gpu_expert_compute;step1.layer27.pim_read,8614.167584000,1.036864000,8615.204448000,step1.layer27.pim_read,weighted expert combine
1,27,step1.layer27.residual2,residual,GPU_COMPUTE,step1.layer27.combine,8615.204448000,1.012288000,8616.216736000,step1.layer27.combine,residual add
1,28,step1.layer28.norm1,norm,GPU_COMPUTE,step1.layer27.residual2,8616.216736000,1.008192000,8617.224928000,step1.layer27.residual2,RMSNorm
1,28,step1.layer28.qkv,qkv,GPU_COMPUTE,step1.layer28.norm1,8617.224928000,3.635776000,8620.860704000,step1.layer28.norm1,QKV projection
1,28,step1.layer28.rope,rope,GPU_COMPUTE,step1.layer28.qkv,8620.860704000,1.018432000,8621.879136000,step1.layer28.qkv,QK norm and RoPE
1,28,step1.layer28.attention,attention,PIM_COMPUTE,step1.layer28.rope,8621.879136000,18.929664000,8640.808800000,step1.layer28.rope,decode attention from Ramulator cycle-v0 table
1,28,step1.layer28.o_proj,attention_output,GPU_COMPUTE,step1.layer28.attention,8640.808800000,3.109440000,8643.918240000,step1.layer28.attention,attention output projection
1,28,step1.layer28.residual1,residual,GPU_COMPUTE,step1.layer28.o_proj,8643.918240000,1.012288000,8644.930528000,step1.layer28.o_proj,residual add
1,28,step1.layer28.norm2,norm,GPU_COMPUTE,step1.layer28.residual1,8644.930528000,1.008192000,8645.938720000,step1.layer28.residual1,RMSNorm
1,28,step1.layer28.router,router,GPU_COMPUTE,step1.layer28.norm2,8645.938720000,2.069888000,8648.008608000,step1.layer28.norm2,MoE router
1,28,step1.layer28.metadata,metadata,GPU_COMPUTE,step1.layer28.router,8648.008608000,1.000128000,8649.008736000,step1.layer28.router,routing metadata
1,28,step1.layer28.dispatch,dispatch,,step1.layer28.metadata,8649.008736000,0.000000000,8649.008736000,step1.layer28.metadata,single-GPU dispatch placeholder
1,28,step1.layer28.scheduler,scheduler,GPU_COMPUTE,step1.layer28.metadata,8649.008736000,0.000000000,8649.008736000,step1.layer28.metadata,pimoe placement policy
1,28,step1.layer28.gpu_weight_load,gpu_weight_load,,step1.layer28.scheduler,8649.008736000,5.406336000,8654.415072000,step1.layer28.scheduler,ordinary GPU HBM reads from mixed Ramulator cycle-v1 run
1,28,step1.layer28.gpu_expert_compute,gpu_expert,GPU_COMPUTE,step1.layer28.gpu_weight_load;step1.layer28.dispatch,8654.415072000,3.054525952,8657.469597952,step1.layer28.gpu_weight_load,grouped expert GEMM
1,28,step1.layer28.pim_gwrite,pim_write,,step1.layer28.scheduler;step1.layer28.dispatch,8649.008736000,15.388152000,8664.396888000,step1.layer28.scheduler,PIM_GWRITE milestone from mixed Ramulator cycle-v1 run
1,28,step1.layer28.pim_expert_compute,pim_expert,,step1.layer28.pim_gwrite,8664.396888000,63.077040000,8727.473928000,step1.layer28.pim_gwrite,PIM_MAC milestone delta from mixed Ramulator cycle-v1 run
1,28,step1.layer28.pim_read,pim_read,,step1.layer28.pim_expert_compute,8727.473928000,0.080496000,8727.554424000,step1.layer28.pim_expert_compute,PIM_READ milestone delta from mixed Ramulator cycle-v1 run
1,28,step1.layer28.combine,combine,GPU_COMPUTE,step1.layer28.gpu_expert_compute;step1.layer28.pim_read,8727.554424000,1.036864000,8728.591288000,step1.layer28.pim_read,weighted expert combine
1,28,step1.layer28.residual2,residual,GPU_COMPUTE,step1.layer28.combine,8728.591288000,1.012288000,8729.603576000,step1.layer28.combine,residual add
1,29,step1.layer29.norm1,norm,GPU_COMPUTE,step1.layer28.residual2,8729.603576000,1.008192000,8730.611768000,step1.layer28.residual2,RMSNorm
1,29,step1.layer29.qkv,qkv,GPU_COMPUTE,step1.layer29.norm1,8730.611768000,3.635776000,8734.247544000,step1.layer29.norm1,QKV projection
1,29,step1.layer29.rope,rope,GPU_COMPUTE,step1.layer29.qkv,8734.247544000,1.018432000,8735.265976000,step1.layer29.qkv,QK norm and RoPE
1,29,step1.layer29.attention,attention,PIM_COMPUTE,step1.layer29.rope,8735.265976000,18.929664000,8754.195640000,step1.layer29.rope,decode attention from Ramulator cycle-v0 table
1,29,step1.layer29.o_proj,attention_output,GPU_COMPUTE,step1.layer29.attention,8754.195640000,3.109440000,8757.305080000,step1.layer29.attention,attention output projection
1,29,step1.layer29.residual1,residual,GPU_COMPUTE,step1.layer29.o_proj,8757.305080000,1.012288000,8758.317368000,step1.layer29.o_proj,residual add
1,29,step1.layer29.norm2,norm,GPU_COMPUTE,step1.layer29.residual1,8758.317368000,1.008192000,8759.325560000,step1.layer29.residual1,RMSNorm
1,29,step1.layer29.router,router,GPU_COMPUTE,step1.layer29.norm2,8759.325560000,2.069888000,8761.395448000,step1.layer29.norm2,MoE router
1,29,step1.layer29.metadata,metadata,GPU_COMPUTE,step1.layer29.router,8761.395448000,1.000128000,8762.395576000,step1.layer29.router,routing metadata
1,29,step1.layer29.dispatch,dispatch,,step1.layer29.metadata,8762.395576000,0.000000000,8762.395576000,step1.layer29.metadata,single-GPU dispatch placeholder
1,29,step1.layer29.scheduler,scheduler,GPU_COMPUTE,step1.layer29.metadata,8762.395576000,0.000000000,8762.395576000,step1.layer29.metadata,pimoe placement policy
1,29,step1.layer29.gpu_weight_load,gpu_weight_load,,step1.layer29.scheduler,8762.395576000,5.406336000,8767.801912000,step1.layer29.scheduler,ordinary GPU HBM reads from mixed Ramulator cycle-v1 run
1,29,step1.layer29.gpu_expert_compute,gpu_expert,GPU_COMPUTE,step1.layer29.gpu_weight_load;step1.layer29.dispatch,8767.801912000,3.054525952,8770.856437952,step1.layer29.gpu_weight_load,grouped expert GEMM
1,29,step1.layer29.pim_gwrite,pim_write,,step1.layer29.scheduler;step1.layer29.dispatch,8762.395576000,15.388152000,8777.783728000,step1.layer29.scheduler,PIM_GWRITE milestone from mixed Ramulator cycle-v1 run
1,29,step1.layer29.pim_expert_compute,pim_expert,,step1.layer29.pim_gwrite,8777.783728000,63.077040000,8840.860768000,step1.layer29.pim_gwrite,PIM_MAC milestone delta from mixed Ramulator cycle-v1 run
1,29,step1.layer29.pim_read,pim_read,,step1.layer29.pim_expert_compute,8840.860768000,0.080496000,8840.941264000,step1.layer29.pim_expert_compute,PIM_READ milestone delta from mixed Ramulator cycle-v1 run
1,29,step1.layer29.combine,combine,GPU_COMPUTE,step1.layer29.gpu_expert_compute;step1.layer29.pim_read,8840.941264000,1.036864000,8841.978128000,step1.layer29.pim_read,weighted expert combine
1,29,step1.layer29.residual2,residual,GPU_COMPUTE,step1.layer29.combine,8841.978128000,1.012288000,8842.990416000,step1.layer29.combine,residual add
1,30,step1.layer30.norm1,norm,GPU_COMPUTE,step1.layer29.residual2,8842.990416000,1.008192000,8843.998608000,step1.layer29.residual2,RMSNorm
1,30,step1.layer30.qkv,qkv,GPU_COMPUTE,step1.layer30.norm1,8843.998608000,3.635776000,8847.634384000,step1.layer30.norm1,QKV projection
1,30,step1.layer30.rope,rope,GPU_COMPUTE,step1.layer30.qkv,8847.634384000,1.018432000,8848.652816000,step1.layer30.qkv,QK norm and RoPE
1,30,step1.layer30.attention,attention,PIM_COMPUTE,step1.layer30.rope,8848.652816000,18.929664000,8867.582480000,step1.layer30.rope,decode attention from Ramulator cycle-v0 table
1,30,step1.layer30.o_proj,attention_output,GPU_COMPUTE,step1.layer30.attention,8867.582480000,3.109440000,8870.691920000,step1.layer30.attention,attention output projection
1,30,step1.layer30.residual1,residual,GPU_COMPUTE,step1.layer30.o_proj,8870.691920000,1.012288000,8871.704208000,step1.layer30.o_proj,residual add
1,30,step1.layer30.norm2,norm,GPU_COMPUTE,step1.layer30.residual1,8871.704208000,1.008192000,8872.712400000,step1.layer30.residual1,RMSNorm
1,30,step1.layer30.router,router,GPU_COMPUTE,step1.layer30.norm2,8872.712400000,2.069888000,8874.782288000,step1.layer30.norm2,MoE router
1,30,step1.layer30.metadata,metadata,GPU_COMPUTE,step1.layer30.router,8874.782288000,1.000128000,8875.782416000,step1.layer30.router,routing metadata
1,30,step1.layer30.dispatch,dispatch,,step1.layer30.metadata,8875.782416000,0.000000000,8875.782416000,step1.layer30.metadata,single-GPU dispatch placeholder
1,30,step1.layer30.scheduler,scheduler,GPU_COMPUTE,step1.layer30.metadata,8875.782416000,0.000000000,8875.782416000,step1.layer30.metadata,pimoe placement policy
1,30,step1.layer30.gpu_weight_load,gpu_weight_load,,step1.layer30.scheduler,8875.782416000,5.406336000,8881.188752000,step1.layer30.scheduler,ordinary GPU HBM reads from mixed Ramulator cycle-v1 run
1,30,step1.layer30.gpu_expert_compute,gpu_expert,GPU_COMPUTE,step1.layer30.gpu_weight_load;step1.layer30.dispatch,8881.188752000,3.054525952,8884.243277952,step1.layer30.gpu_weight_load,grouped expert GEMM
1,30,step1.layer30.pim_gwrite,pim_write,,step1.layer30.scheduler;step1.layer30.dispatch,8875.782416000,15.388152000,8891.170568000,step1.layer30.scheduler,PIM_GWRITE milestone from mixed Ramulator cycle-v1 run
1,30,step1.layer30.pim_expert_compute,pim_expert,,step1.layer30.pim_gwrite,8891.170568000,63.077040000,8954.247608000,step1.layer30.pim_gwrite,PIM_MAC milestone delta from mixed Ramulator cycle-v1 run
1,30,step1.layer30.pim_read,pim_read,,step1.layer30.pim_expert_compute,8954.247608000,0.080496000,8954.328104000,step1.layer30.pim_expert_compute,PIM_READ milestone delta from mixed Ramulator cycle-v1 run
1,30,step1.layer30.combine,combine,GPU_COMPUTE,step1.layer30.gpu_expert_compute;step1.layer30.pim_read,8954.328104000,1.036864000,8955.364968000,step1.layer30.pim_read,weighted expert combine
1,30,step1.layer30.residual2,residual,GPU_COMPUTE,step1.layer30.combine,8955.364968000,1.012288000,8956.377256000,step1.layer30.combine,residual add
1,31,step1.layer31.norm1,norm,GPU_COMPUTE,step1.layer30.residual2,8956.377256000,1.008192000,8957.385448000,step1.layer30.residual2,RMSNorm
1,31,step1.layer31.qkv,qkv,GPU_COMPUTE,step1.layer31.norm1,8957.385448000,3.635776000,8961.021224000,step1.layer31.norm1,QKV projection
1,31,step1.layer31.rope,rope,GPU_COMPUTE,step1.layer31.qkv,8961.021224000,1.018432000,8962.039656000,step1.layer31.qkv,QK norm and RoPE
1,31,step1.layer31.attention,attention,PIM_COMPUTE,step1.layer31.rope,8962.039656000,18.929664000,8980.969320000,step1.layer31.rope,decode attention from Ramulator cycle-v0 table
1,31,step1.layer31.o_proj,attention_output,GPU_COMPUTE,step1.layer31.attention,8980.969320000,3.109440000,8984.078760000,step1.layer31.attention,attention output projection
1,31,step1.layer31.residual1,residual,GPU_COMPUTE,step1.layer31.o_proj,8984.078760000,1.012288000,8985.091048000,step1.layer31.o_proj,residual add
1,31,step1.layer31.norm2,norm,GPU_COMPUTE,step1.layer31.residual1,8985.091048000,1.008192000,8986.099240000,step1.layer31.residual1,RMSNorm
1,31,step1.layer31.router,router,GPU_COMPUTE,step1.layer31.norm2,8986.099240000,2.069888000,8988.169128000,step1.layer31.norm2,MoE router
1,31,step1.layer31.metadata,metadata,GPU_COMPUTE,step1.layer31.router,8988.169128000,1.000128000,8989.169256000,step1.layer31.router,routing metadata
1,31,step1.layer31.dispatch,dispatch,,step1.layer31.metadata,8989.169256000,0.000000000,8989.169256000,step1.layer31.metadata,single-GPU dispatch placeholder
1,31,step1.layer31.scheduler,scheduler,GPU_COMPUTE,step1.layer31.metadata,8989.169256000,0.000000000,8989.169256000,step1.layer31.metadata,pimoe placement policy
1,31,step1.layer31.gpu_weight_load,gpu_weight_load,,step1.layer31.scheduler,8989.169256000,5.406336000,8994.575592000,step1.layer31.scheduler,ordinary GPU HBM reads from mixed Ramulator cycle-v1 run
1,31,step1.layer31.gpu_expert_compute,gpu_expert,GPU_COMPUTE,step1.layer31.gpu_weight_load;step1.layer31.dispatch,8994.575592000,3.054525952,8997.630117952,step1.layer31.gpu_weight_load,grouped expert GEMM
1,31,step1.layer31.pim_gwrite,pim_write,,step1.layer31.scheduler;step1.layer31.dispatch,8989.169256000,15.388152000,9004.557408000,step1.layer31.scheduler,PIM_GWRITE milestone from mixed Ramulator cycle-v1 run
1,31,step1.layer31.pim_expert_compute,pim_expert,,step1.layer31.pim_gwrite,9004.557408000,63.077040000,9067.634448000,step1.layer31.pim_gwrite,PIM_MAC milestone delta from mixed Ramulator cycle-v1 run
1,31,step1.layer31.pim_read,pim_read,,step1.layer31.pim_expert_compute,9067.634448000,0.080496000,9067.714944000,step1.layer31.pim_expert_compute,PIM_READ milestone delta from mixed Ramulator cycle-v1 run
1,31,step1.layer31.combine,combine,GPU_COMPUTE,step1.layer31.gpu_expert_compute;step1.layer31.pim_read,9067.714944000,1.036864000,9068.751808000,step1.layer31.pim_read,weighted expert combine
1,31,step1.layer31.residual2,residual,GPU_COMPUTE,step1.layer31.combine,9068.751808000,1.012288000,9069.764096000,step1.layer31.combine,residual add
1,32,step1.layer32.norm1,norm,GPU_COMPUTE,step1.layer31.residual2,9069.764096000,1.008192000,9070.772288000,step1.layer31.residual2,RMSNorm
1,32,step1.layer32.qkv,qkv,GPU_COMPUTE,step1.layer32.norm1,9070.772288000,3.635776000,9074.408064000,step1.layer32.norm1,QKV projection
1,32,step1.layer32.rope,rope,GPU_COMPUTE,step1.layer32.qkv,9074.408064000,1.018432000,9075.426496000,step1.layer32.qkv,QK norm and RoPE
1,32,step1.layer32.attention,attention,PIM_COMPUTE,step1.layer32.rope,9075.426496000,18.929664000,9094.356160000,step1.layer32.rope,decode attention from Ramulator cycle-v0 table
1,32,step1.layer32.o_proj,attention_output,GPU_COMPUTE,step1.layer32.attention,9094.356160000,3.109440000,9097.465600000,step1.layer32.attention,attention output projection
1,32,step1.layer32.residual1,residual,GPU_COMPUTE,step1.layer32.o_proj,9097.465600000,1.012288000,9098.477888000,step1.layer32.o_proj,residual add
1,32,step1.layer32.norm2,norm,GPU_COMPUTE,step1.layer32.residual1,9098.477888000,1.008192000,9099.486080000,step1.layer32.residual1,RMSNorm
1,32,step1.layer32.router,router,GPU_COMPUTE,step1.layer32.norm2,9099.486080000,2.069888000,9101.555968000,step1.layer32.norm2,MoE router
1,32,step1.layer32.metadata,metadata,GPU_COMPUTE,step1.layer32.router,9101.555968000,1.000128000,9102.556096000,step1.layer32.router,routing metadata
1,32,step1.layer32.dispatch,dispatch,,step1.layer32.metadata,9102.556096000,0.000000000,9102.556096000,step1.layer32.metadata,single-GPU dispatch placeholder
1,32,step1.layer32.scheduler,scheduler,GPU_COMPUTE,step1.layer32.metadata,9102.556096000,0.000000000,9102.556096000,step1.layer32.metadata,pimoe placement policy
1,32,step1.layer32.gpu_weight_load,gpu_weight_load,,step1.layer32.scheduler,9102.556096000,5.406336000,9107.962432000,step1.layer32.scheduler,ordinary GPU HBM reads from mixed Ramulator cycle-v1 run
1,32,step1.layer32.gpu_expert_compute,gpu_expert,GPU_COMPUTE,step1.layer32.gpu_weight_load;step1.layer32.dispatch,9107.962432000,3.054525952,9111.016957952,step1.layer32.gpu_weight_load,grouped expert GEMM
1,32,step1.layer32.pim_gwrite,pim_write,,step1.layer32.scheduler;step1.layer32.dispatch,9102.556096000,15.388152000,9117.944248000,step1.layer32.scheduler,PIM_GWRITE milestone from mixed Ramulator cycle-v1 run
1,32,step1.layer32.pim_expert_compute,pim_expert,,step1.layer32.pim_gwrite,9117.944248000,63.077040000,9181.021288000,step1.layer32.pim_gwrite,PIM_MAC milestone delta from mixed Ramulator cycle-v1 run
1,32,step1.layer32.pim_read,pim_read,,step1.layer32.pim_expert_compute,9181.021288000,0.080496000,9181.101784000,step1.layer32.pim_expert_compute,PIM_READ milestone delta from mixed Ramulator cycle-v1 run
1,32,step1.layer32.combine,combine,GPU_COMPUTE,step1.layer32.gpu_expert_compute;step1.layer32.pim_read,9181.101784000,1.036864000,9182.138648000,step1.layer32.pim_read,weighted expert combine
1,32,step1.layer32.residual2,residual,GPU_COMPUTE,step1.layer32.combine,9182.138648000,1.012288000,9183.150936000,step1.layer32.combine,residual add
1,33,step1.layer33.norm1,norm,GPU_COMPUTE,step1.layer32.residual2,9183.150936000,1.008192000,9184.159128000,step1.layer32.residual2,RMSNorm
1,33,step1.layer33.qkv,qkv,GPU_COMPUTE,step1.layer33.norm1,9184.159128000,3.635776000,9187.794904000,step1.layer33.norm1,QKV projection
1,33,step1.layer33.rope,rope,GPU_COMPUTE,step1.layer33.qkv,9187.794904000,1.018432000,9188.813336000,step1.layer33.qkv,QK norm and RoPE
1,33,step1.layer33.attention,attention,PIM_COMPUTE,step1.layer33.rope,9188.813336000,18.929664000,9207.743000000,step1.layer33.rope,decode attention from Ramulator cycle-v0 table
1,33,step1.layer33.o_proj,attention_output,GPU_COMPUTE,step1.layer33.attention,9207.743000000,3.109440000,9210.852440000,step1.layer33.attention,attention output projection
1,33,step1.layer33.residual1,residual,GPU_COMPUTE,step1.layer33.o_proj,9210.852440000,1.012288000,9211.864728000,step1.layer33.o_proj,residual add
1,33,step1.layer33.norm2,norm,GPU_COMPUTE,step1.layer33.residual1,9211.864728000,1.008192000,9212.872920000,step1.layer33.residual1,RMSNorm
1,33,step1.layer33.router,router,GPU_COMPUTE,step1.layer33.norm2,9212.872920000,2.069888000,9214.942808000,step1.layer33.norm2,MoE router
1,33,step1.layer33.metadata,metadata,GPU_COMPUTE,step1.layer33.router,9214.942808000,1.000128000,9215.942936000,step1.layer33.router,routing metadata
1,33,step1.layer33.dispatch,dispatch,,step1.layer33.metadata,9215.942936000,0.000000000,9215.942936000,step1.layer33.metadata,single-GPU dispatch placeholder
1,33,step1.layer33.scheduler,scheduler,GPU_COMPUTE,step1.layer33.metadata,9215.942936000,0.000000000,9215.942936000,step1.layer33.metadata,pimoe placement policy
1,33,step1.layer33.gpu_weight_load,gpu_weight_load,,step1.layer33.scheduler,9215.942936000,5.406336000,9221.349272000,step1.layer33.scheduler,ordinary GPU HBM reads from mixed Ramulator cycle-v1 run
1,33,step1.layer33.gpu_expert_compute,gpu_expert,GPU_COMPUTE,step1.layer33.gpu_weight_load;step1.layer33.dispatch,9221.349272000,3.054525952,9224.403797952,step1.layer33.gpu_weight_load,grouped expert GEMM
1,33,step1.layer33.pim_gwrite,pim_write,,step1.layer33.scheduler;step1.layer33.dispatch,9215.942936000,15.388152000,9231.331088000,step1.layer33.scheduler,PIM_GWRITE milestone from mixed Ramulator cycle-v1 run
1,33,step1.layer33.pim_expert_compute,pim_expert,,step1.layer33.pim_gwrite,9231.331088000,63.077040000,9294.408128000,step1.layer33.pim_gwrite,PIM_MAC milestone delta from mixed Ramulator cycle-v1 run
1,33,step1.layer33.pim_read,pim_read,,step1.layer33.pim_expert_compute,9294.408128000,0.080496000,9294.488624000,step1.layer33.pim_expert_compute,PIM_READ milestone delta from mixed Ramulator cycle-v1 run
1,33,step1.layer33.combine,combine,GPU_COMPUTE,step1.layer33.gpu_expert_compute;step1.layer33.pim_read,9294.488624000,1.036864000,9295.525488000,step1.layer33.pim_read,weighted expert combine
1,33,step1.layer33.residual2,residual,GPU_COMPUTE,step1.layer33.combine,9295.525488000,1.012288000,9296.537776000,step1.layer33.combine,residual add
1,34,step1.layer34.norm1,norm,GPU_COMPUTE,step1.layer33.residual2,9296.537776000,1.008192000,9297.545968000,step1.layer33.residual2,RMSNorm
1,34,step1.layer34.qkv,qkv,GPU_COMPUTE,step1.layer34.norm1,9297.545968000,3.635776000,9301.181744000,step1.layer34.norm1,QKV projection
1,34,step1.layer34.rope,rope,GPU_COMPUTE,step1.layer34.qkv,9301.181744000,1.018432000,9302.200176000,step1.layer34.qkv,QK norm and RoPE
1,34,step1.layer34.attention,attention,PIM_COMPUTE,step1.layer34.rope,9302.200176000,18.929664000,9321.129840000,step1.layer34.rope,decode attention from Ramulator cycle-v0 table
1,34,step1.layer34.o_proj,attention_output,GPU_COMPUTE,step1.layer34.attention,9321.129840000,3.109440000,9324.239280000,step1.layer34.attention,attention output projection
1,34,step1.layer34.residual1,residual,GPU_COMPUTE,step1.layer34.o_proj,9324.239280000,1.012288000,9325.251568000,step1.layer34.o_proj,residual add
1,34,step1.layer34.norm2,norm,GPU_COMPUTE,step1.layer34.residual1,9325.251568000,1.008192000,9326.259760000,step1.layer34.residual1,RMSNorm
1,34,step1.layer34.router,router,GPU_COMPUTE,step1.layer34.norm2,9326.259760000,2.069888000,9328.329648000,step1.layer34.norm2,MoE router
1,34,step1.layer34.metadata,metadata,GPU_COMPUTE,step1.layer34.router,9328.329648000,1.000128000,9329.329776000,step1.layer34.router,routing metadata
1,34,step1.layer34.dispatch,dispatch,,step1.layer34.metadata,9329.329776000,0.000000000,9329.329776000,step1.layer34.metadata,single-GPU dispatch placeholder
1,34,step1.layer34.scheduler,scheduler,GPU_COMPUTE,step1.layer34.metadata,9329.329776000,0.000000000,9329.329776000,step1.layer34.metadata,pimoe placement policy
1,34,step1.layer34.gpu_weight_load,gpu_weight_load,,step1.layer34.scheduler,9329.329776000,5.406336000,9334.736112000,step1.layer34.scheduler,ordinary GPU HBM reads from mixed Ramulator cycle-v1 run
1,34,step1.layer34.gpu_expert_compute,gpu_expert,GPU_COMPUTE,step1.layer34.gpu_weight_load;step1.layer34.dispatch,9334.736112000,3.054525952,9337.790637952,step1.layer34.gpu_weight_load,grouped expert GEMM
1,34,step1.layer34.pim_gwrite,pim_write,,step1.layer34.scheduler;step1.layer34.dispatch,9329.329776000,15.388152000,9344.717928000,step1.layer34.scheduler,PIM_GWRITE milestone from mixed Ramulator cycle-v1 run
1,34,step1.layer34.pim_expert_compute,pim_expert,,step1.layer34.pim_gwrite,9344.717928000,63.077040000,9407.794968000,step1.layer34.pim_gwrite,PIM_MAC milestone delta from mixed Ramulator cycle-v1 run
1,34,step1.layer34.pim_read,pim_read,,step1.layer34.pim_expert_compute,9407.794968000,0.080496000,9407.875464000,step1.layer34.pim_expert_compute,PIM_READ milestone delta from mixed Ramulator cycle-v1 run
1,34,step1.layer34.combine,combine,GPU_COMPUTE,step1.layer34.gpu_expert_compute;step1.layer34.pim_read,9407.875464000,1.036864000,9408.912328000,step1.layer34.pim_read,weighted expert combine
1,34,step1.layer34.residual2,residual,GPU_COMPUTE,step1.layer34.combine,9408.912328000,1.012288000,9409.924616000,step1.layer34.combine,residual add
1,35,step1.layer35.norm1,norm,GPU_COMPUTE,step1.layer34.residual2,9409.924616000,1.008192000,9410.932808000,step1.layer34.residual2,RMSNorm
1,35,step1.layer35.qkv,qkv,GPU_COMPUTE,step1.layer35.norm1,9410.932808000,3.635776000,9414.568584000,step1.layer35.norm1,QKV projection
1,35,step1.layer35.rope,rope,GPU_COMPUTE,step1.layer35.qkv,9414.568584000,1.018432000,9415.587016000,step1.layer35.qkv,QK norm and RoPE
1,35,step1.layer35.attention,attention,PIM_COMPUTE,step1.layer35.rope,9415.587016000,18.929664000,9434.516680000,step1.layer35.rope,decode attention from Ramulator cycle-v0 table
1,35,step1.layer35.o_proj,attention_output,GPU_COMPUTE,step1.layer35.attention,9434.516680000,3.109440000,9437.626120000,step1.layer35.attention,attention output projection
1,35,step1.layer35.residual1,residual,GPU_COMPUTE,step1.layer35.o_proj,9437.626120000,1.012288000,9438.638408000,step1.layer35.o_proj,residual add
1,35,step1.layer35.norm2,norm,GPU_COMPUTE,step1.layer35.residual1,9438.638408000,1.008192000,9439.646600000,step1.layer35.residual1,RMSNorm
1,35,step1.layer35.router,router,GPU_COMPUTE,step1.layer35.norm2,9439.646600000,2.069888000,9441.716488000,step1.layer35.norm2,MoE router
1,35,step1.layer35.metadata,metadata,GPU_COMPUTE,step1.layer35.router,9441.716488000,1.000128000,9442.716616000,step1.layer35.router,routing metadata
1,35,step1.layer35.dispatch,dispatch,,step1.layer35.metadata,9442.716616000,0.000000000,9442.716616000,step1.layer35.metadata,single-GPU dispatch placeholder
1,35,step1.layer35.scheduler,scheduler,GPU_COMPUTE,step1.layer35.metadata,9442.716616000,0.000000000,9442.716616000,step1.layer35.metadata,pimoe placement policy
1,35,step1.layer35.gpu_weight_load,gpu_weight_load,,step1.layer35.scheduler,9442.716616000,5.406336000,9448.122952000,step1.layer35.scheduler,ordinary GPU HBM reads from mixed Ramulator cycle-v1 run
1,35,step1.layer35.gpu_expert_compute,gpu_expert,GPU_COMPUTE,step1.layer35.gpu_weight_load;step1.layer35.dispatch,9448.122952000,3.054525952,9451.177477952,step1.layer35.gpu_weight_load,grouped expert GEMM
1,35,step1.layer35.pim_gwrite,pim_write,,step1.layer35.scheduler;step1.layer35.dispatch,9442.716616000,15.388152000,9458.104768000,step1.layer35.scheduler,PIM_GWRITE milestone from mixed Ramulator cycle-v1 run
1,35,step1.layer35.pim_expert_compute,pim_expert,,step1.layer35.pim_gwrite,9458.104768000,63.077040000,9521.181808000,step1.layer35.pim_gwrite,PIM_MAC milestone delta from mixed Ramulator cycle-v1 run
1,35,step1.layer35.pim_read,pim_read,,step1.layer35.pim_expert_compute,9521.181808000,0.080496000,9521.262304000,step1.layer35.pim_expert_compute,PIM_READ milestone delta from mixed Ramulator cycle-v1 run
1,35,step1.layer35.combine,combine,GPU_COMPUTE,step1.layer35.gpu_expert_compute;step1.layer35.pim_read,9521.262304000,1.036864000,9522.299168000,step1.layer35.pim_read,weighted expert combine
1,35,step1.layer35.residual2,residual,GPU_COMPUTE,step1.layer35.combine,9522.299168000,1.012288000,9523.311456000,step1.layer35.combine,residual add
1,36,step1.layer36.norm1,norm,GPU_COMPUTE,step1.layer35.residual2,9523.311456000,1.008192000,9524.319648000,step1.layer35.residual2,RMSNorm
1,36,step1.layer36.qkv,qkv,GPU_COMPUTE,step1.layer36.norm1,9524.319648000,3.635776000,9527.955424000,step1.layer36.norm1,QKV projection
1,36,step1.layer36.rope,rope,GPU_COMPUTE,step1.layer36.qkv,9527.955424000,1.018432000,9528.973856000,step1.layer36.qkv,QK norm and RoPE
1,36,step1.layer36.attention,attention,PIM_COMPUTE,step1.layer36.rope,9528.973856000,18.929664000,9547.903520000,step1.layer36.rope,decode attention from Ramulator cycle-v0 table
1,36,step1.layer36.o_proj,attention_output,GPU_COMPUTE,step1.layer36.attention,9547.903520000,3.109440000,9551.012960000,step1.layer36.attention,attention output projection
1,36,step1.layer36.residual1,residual,GPU_COMPUTE,step1.layer36.o_proj,9551.012960000,1.012288000,9552.025248000,step1.layer36.o_proj,residual add
1,36,step1.layer36.norm2,norm,GPU_COMPUTE,step1.layer36.residual1,9552.025248000,1.008192000,9553.033440000,step1.layer36.residual1,RMSNorm
1,36,step1.layer36.router,router,GPU_COMPUTE,step1.layer36.norm2,9553.033440000,2.069888000,9555.103328000,step1.layer36.norm2,MoE router
1,36,step1.layer36.metadata,metadata,GPU_COMPUTE,step1.layer36.router,9555.103328000,1.000128000,9556.103456000,step1.layer36.router,routing metadata
1,36,step1.layer36.dispatch,dispatch,,step1.layer36.metadata,9556.103456000,0.000000000,9556.103456000,step1.layer36.metadata,single-GPU dispatch placeholder
1,36,step1.layer36.scheduler,scheduler,GPU_COMPUTE,step1.layer36.metadata,9556.103456000,0.000000000,9556.103456000,step1.layer36.metadata,pimoe placement policy
1,36,step1.layer36.gpu_weight_load,gpu_weight_load,,step1.layer36.scheduler,9556.103456000,5.406336000,9561.509792000,step1.layer36.scheduler,ordinary GPU HBM reads from mixed Ramulator cycle-v1 run
1,36,step1.layer36.gpu_expert_compute,gpu_expert,GPU_COMPUTE,step1.layer36.gpu_weight_load;step1.layer36.dispatch,9561.509792000,3.054525952,9564.564317952,step1.layer36.gpu_weight_load,grouped expert GEMM
1,36,step1.layer36.pim_gwrite,pim_write,,step1.layer36.scheduler;step1.layer36.dispatch,9556.103456000,15.388152000,9571.491608000,step1.layer36.scheduler,PIM_GWRITE milestone from mixed Ramulator cycle-v1 run
1,36,step1.layer36.pim_expert_compute,pim_expert,,step1.layer36.pim_gwrite,9571.491608000,63.077040000,9634.568648000,step1.layer36.pim_gwrite,PIM_MAC milestone delta from mixed Ramulator cycle-v1 run
1,36,step1.layer36.pim_read,pim_read,,step1.layer36.pim_expert_compute,9634.568648000,0.080496000,9634.649144000,step1.layer36.pim_expert_compute,PIM_READ milestone delta from mixed Ramulator cycle-v1 run
1,36,step1.layer36.combine,combine,GPU_COMPUTE,step1.layer36.gpu_expert_compute;step1.layer36.pim_read,9634.649144000,1.036864000,9635.686008000,step1.layer36.pim_read,weighted expert combine
1,36,step1.layer36.residual2,residual,GPU_COMPUTE,step1.layer36.combine,9635.686008000,1.012288000,9636.698296000,step1.layer36.combine,residual add
1,37,step1.layer37.norm1,norm,GPU_COMPUTE,step1.layer36.residual2,9636.698296000,1.008192000,9637.706488000,step1.layer36.residual2,RMSNorm
1,37,step1.layer37.qkv,qkv,GPU_COMPUTE,step1.layer37.norm1,9637.706488000,3.635776000,9641.342264000,step1.layer37.norm1,QKV projection
1,37,step1.layer37.rope,rope,GPU_COMPUTE,step1.layer37.qkv,9641.342264000,1.018432000,9642.360696000,step1.layer37.qkv,QK norm and RoPE
1,37,step1.layer37.attention,attention,PIM_COMPUTE,step1.layer37.rope,9642.360696000,18.929664000,9661.290360000,step1.layer37.rope,decode attention from Ramulator cycle-v0 table
1,37,step1.layer37.o_proj,attention_output,GPU_COMPUTE,step1.layer37.attention,9661.290360000,3.109440000,9664.399800000,step1.layer37.attention,attention output projection
1,37,step1.layer37.residual1,residual,GPU_COMPUTE,step1.layer37.o_proj,9664.399800000,1.012288000,9665.412088000,step1.layer37.o_proj,residual add
1,37,step1.layer37.norm2,norm,GPU_COMPUTE,step1.layer37.residual1,9665.412088000,1.008192000,9666.420280000,step1.layer37.residual1,RMSNorm
1,37,step1.layer37.router,router,GPU_COMPUTE,step1.layer37.norm2,9666.420280000,2.069888000,9668.490168000,step1.layer37.norm2,MoE router
1,37,step1.layer37.metadata,metadata,GPU_COMPUTE,step1.layer37.router,9668.490168000,1.000128000,9669.490296000,step1.layer37.router,routing metadata
1,37,step1.layer37.dispatch,dispatch,,step1.layer37.metadata,9669.490296000,0.000000000,9669.490296000,step1.layer37.metadata,single-GPU dispatch placeholder
1,37,step1.layer37.scheduler,scheduler,GPU_COMPUTE,step1.layer37.metadata,9669.490296000,0.000000000,9669.490296000,step1.layer37.metadata,pimoe placement policy
1,37,step1.layer37.gpu_weight_load,gpu_weight_load,,step1.layer37.scheduler,9669.490296000,5.406336000,9674.896632000,step1.layer37.scheduler,ordinary GPU HBM reads from mixed Ramulator cycle-v1 run
1,37,step1.layer37.gpu_expert_compute,gpu_expert,GPU_COMPUTE,step1.layer37.gpu_weight_load;step1.layer37.dispatch,9674.896632000,3.054525952,9677.951157952,step1.layer37.gpu_weight_load,grouped expert GEMM
1,37,step1.layer37.pim_gwrite,pim_write,,step1.layer37.scheduler;step1.layer37.dispatch,9669.490296000,15.388152000,9684.878448000,step1.layer37.scheduler,PIM_GWRITE milestone from mixed Ramulator cycle-v1 run
1,37,step1.layer37.pim_expert_compute,pim_expert,,step1.layer37.pim_gwrite,9684.878448000,63.077040000,9747.955488000,step1.layer37.pim_gwrite,PIM_MAC milestone delta from mixed Ramulator cycle-v1 run
1,37,step1.layer37.pim_read,pim_read,,step1.layer37.pim_expert_compute,9747.955488000,0.080496000,9748.035984000,step1.layer37.pim_expert_compute,PIM_READ milestone delta from mixed Ramulator cycle-v1 run
1,37,step1.layer37.combine,combine,GPU_COMPUTE,step1.layer37.gpu_expert_compute;step1.layer37.pim_read,9748.035984000,1.036864000,9749.072848000,step1.layer37.pim_read,weighted expert combine
1,37,step1.layer37.residual2,residual,GPU_COMPUTE,step1.layer37.combine,9749.072848000,1.012288000,9750.085136000,step1.layer37.combine,residual add
1,38,step1.layer38.norm1,norm,GPU_COMPUTE,step1.layer37.residual2,9750.085136000,1.008192000,9751.093328000,step1.layer37.residual2,RMSNorm
1,38,step1.layer38.qkv,qkv,GPU_COMPUTE,step1.layer38.norm1,9751.093328000,3.635776000,9754.729104000,step1.layer38.norm1,QKV projection
1,38,step1.layer38.rope,rope,GPU_COMPUTE,step1.layer38.qkv,9754.729104000,1.018432000,9755.747536000,step1.layer38.qkv,QK norm and RoPE
1,38,step1.layer38.attention,attention,PIM_COMPUTE,step1.layer38.rope,9755.747536000,18.929664000,9774.677200000,step1.layer38.rope,decode attention from Ramulator cycle-v0 table
1,38,step1.layer38.o_proj,attention_output,GPU_COMPUTE,step1.layer38.attention,9774.677200000,3.109440000,9777.786640000,step1.layer38.attention,attention output projection
1,38,step1.layer38.residual1,residual,GPU_COMPUTE,step1.layer38.o_proj,9777.786640000,1.012288000,9778.798928000,step1.layer38.o_proj,residual add
1,38,step1.layer38.norm2,norm,GPU_COMPUTE,step1.layer38.residual1,9778.798928000,1.008192000,9779.807120000,step1.layer38.residual1,RMSNorm
1,38,step1.layer38.router,router,GPU_COMPUTE,step1.layer38.norm2,9779.807120000,2.069888000,9781.877008000,step1.layer38.norm2,MoE router
1,38,step1.layer38.metadata,metadata,GPU_COMPUTE,step1.layer38.router,9781.877008000,1.000128000,9782.877136000,step1.layer38.router,routing metadata
1,38,step1.layer38.dispatch,dispatch,,step1.layer38.metadata,9782.877136000,0.000000000,9782.877136000,step1.layer38.metadata,single-GPU dispatch placeholder
1,38,step1.layer38.scheduler,scheduler,GPU_COMPUTE,step1.layer38.metadata,9782.877136000,0.000000000,9782.877136000,step1.layer38.metadata,pimoe placement policy
1,38,step1.layer38.gpu_weight_load,gpu_weight_load,,step1.layer38.scheduler,9782.877136000,5.406336000,9788.283472000,step1.layer38.scheduler,ordinary GPU HBM reads from mixed Ramulator cycle-v1 run
1,38,step1.layer38.gpu_expert_compute,gpu_expert,GPU_COMPUTE,step1.layer38.gpu_weight_load;step1.layer38.dispatch,9788.283472000,3.054525952,9791.337997952,step1.layer38.gpu_weight_load,grouped expert GEMM
1,38,step1.layer38.pim_gwrite,pim_write,,step1.layer38.scheduler;step1.layer38.dispatch,9782.877136000,15.388152000,9798.265288000,step1.layer38.scheduler,PIM_GWRITE milestone from mixed Ramulator cycle-v1 run
1,38,step1.layer38.pim_expert_compute,pim_expert,,step1.layer38.pim_gwrite,9798.265288000,63.077040000,9861.342328000,step1.layer38.pim_gwrite,PIM_MAC milestone delta from mixed Ramulator cycle-v1 run
1,38,step1.layer38.pim_read,pim_read,,step1.layer38.pim_expert_compute,9861.342328000,0.080496000,9861.422824000,step1.layer38.pim_expert_compute,PIM_READ milestone delta from mixed Ramulator cycle-v1 run
1,38,step1.layer38.combine,combine,GPU_COMPUTE,step1.layer38.gpu_expert_compute;step1.layer38.pim_read,9861.422824000,1.036864000,9862.459688000,step1.layer38.pim_read,weighted expert combine
1,38,step1.layer38.residual2,residual,GPU_COMPUTE,step1.layer38.combine,9862.459688000,1.012288000,9863.471976000,step1.layer38.combine,residual add
1,39,step1.layer39.norm1,norm,GPU_COMPUTE,step1.layer38.residual2,9863.471976000,1.008192000,9864.480168000,step1.layer38.residual2,RMSNorm
1,39,step1.layer39.qkv,qkv,GPU_COMPUTE,step1.layer39.norm1,9864.480168000,3.635776000,9868.115944000,step1.layer39.norm1,QKV projection
1,39,step1.layer39.rope,rope,GPU_COMPUTE,step1.layer39.qkv,9868.115944000,1.018432000,9869.134376000,step1.layer39.qkv,QK norm and RoPE
1,39,step1.layer39.attention,attention,PIM_COMPUTE,step1.layer39.rope,9869.134376000,18.929664000,9888.064040000,step1.layer39.rope,decode attention from Ramulator cycle-v0 table
1,39,step1.layer39.o_proj,attention_output,GPU_COMPUTE,step1.layer39.attention,9888.064040000,3.109440000,9891.173480000,step1.layer39.attention,attention output projection
1,39,step1.layer39.residual1,residual,GPU_COMPUTE,step1.layer39.o_proj,9891.173480000,1.012288000,9892.185768000,step1.layer39.o_proj,residual add
1,39,step1.layer39.norm2,norm,GPU_COMPUTE,step1.layer39.residual1,9892.185768000,1.008192000,9893.193960000,step1.layer39.residual1,RMSNorm
1,39,step1.layer39.router,router,GPU_COMPUTE,step1.layer39.norm2,9893.193960000,2.069888000,9895.263848000,step1.layer39.norm2,MoE router
1,39,step1.layer39.metadata,metadata,GPU_COMPUTE,step1.layer39.router,9895.263848000,1.000128000,9896.263976000,step1.layer39.router,routing metadata
1,39,step1.layer39.dispatch,dispatch,,step1.layer39.metadata,9896.263976000,0.000000000,9896.263976000,step1.layer39.metadata,single-GPU dispatch placeholder
1,39,step1.layer39.scheduler,scheduler,GPU_COMPUTE,step1.layer39.metadata,9896.263976000,0.000000000,9896.263976000,step1.layer39.metadata,pimoe placement policy
1,39,step1.layer39.gpu_weight_load,gpu_weight_load,,step1.layer39.scheduler,9896.263976000,5.406336000,9901.670312000,step1.layer39.scheduler,ordinary GPU HBM reads from mixed Ramulator cycle-v1 run
1,39,step1.layer39.gpu_expert_compute,gpu_expert,GPU_COMPUTE,step1.layer39.gpu_weight_load;step1.layer39.dispatch,9901.670312000,3.054525952,9904.724837952,step1.layer39.gpu_weight_load,grouped expert GEMM
1,39,step1.layer39.pim_gwrite,pim_write,,step1.layer39.scheduler;step1.layer39.dispatch,9896.263976000,15.388152000,9911.652128000,step1.layer39.scheduler,PIM_GWRITE milestone from mixed Ramulator cycle-v1 run
1,39,step1.layer39.pim_expert_compute,pim_expert,,step1.layer39.pim_gwrite,9911.652128000,63.077040000,9974.729168000,step1.layer39.pim_gwrite,PIM_MAC milestone delta from mixed Ramulator cycle-v1 run
1,39,step1.layer39.pim_read,pim_read,,step1.layer39.pim_expert_compute,9974.729168000,0.080496000,9974.809664000,step1.layer39.pim_expert_compute,PIM_READ milestone delta from mixed Ramulator cycle-v1 run
1,39,step1.layer39.combine,combine,GPU_COMPUTE,step1.layer39.gpu_expert_compute;step1.layer39.pim_read,9974.809664000,1.036864000,9975.846528000,step1.layer39.pim_read,weighted expert combine
1,39,step1.layer39.residual2,residual,GPU_COMPUTE,step1.layer39.combine,9975.846528000,1.012288000,9976.858816000,step1.layer39.combine,residual add
1,40,step1.layer40.norm1,norm,GPU_COMPUTE,step1.layer39.residual2,9976.858816000,1.008192000,9977.867008000,step1.layer39.residual2,RMSNorm
1,40,step1.layer40.qkv,qkv,GPU_COMPUTE,step1.layer40.norm1,9977.867008000,3.635776000,9981.502784000,step1.layer40.norm1,QKV projection
1,40,step1.layer40.rope,rope,GPU_COMPUTE,step1.layer40.qkv,9981.502784000,1.018432000,9982.521216000,step1.layer40.qkv,QK norm and RoPE
1,40,step1.layer40.attention,attention,PIM_COMPUTE,step1.layer40.rope,9982.521216000,18.929664000,10001.450880000,step1.layer40.rope,decode attention from Ramulator cycle-v0 table
1,40,step1.layer40.o_proj,attention_output,GPU_COMPUTE,step1.layer40.attention,10001.450880000,3.109440000,10004.560320000,step1.layer40.attention,attention output projection
1,40,step1.layer40.residual1,residual,GPU_COMPUTE,step1.layer40.o_proj,10004.560320000,1.012288000,10005.572608000,step1.layer40.o_proj,residual add
1,40,step1.layer40.norm2,norm,GPU_COMPUTE,step1.layer40.residual1,10005.572608000,1.008192000,10006.580800000,step1.layer40.residual1,RMSNorm
1,40,step1.layer40.router,router,GPU_COMPUTE,step1.layer40.norm2,10006.580800000,2.069888000,10008.650688000,step1.layer40.norm2,MoE router
1,40,step1.layer40.metadata,metadata,GPU_COMPUTE,step1.layer40.router,10008.650688000,1.000128000,10009.650816000,step1.layer40.router,routing metadata
1,40,step1.layer40.dispatch,dispatch,,step1.layer40.metadata,10009.650816000,0.000000000,10009.650816000,step1.layer40.metadata,single-GPU dispatch placeholder
1,40,step1.layer40.scheduler,scheduler,GPU_COMPUTE,step1.layer40.metadata,10009.650816000,0.000000000,10009.650816000,step1.layer40.metadata,pimoe placement policy
1,40,step1.layer40.gpu_weight_load,gpu_weight_load,,step1.layer40.scheduler,10009.650816000,5.406336000,10015.057152000,step1.layer40.scheduler,ordinary GPU HBM reads from mixed Ramulator cycle-v1 run
1,40,step1.layer40.gpu_expert_compute,gpu_expert,GPU_COMPUTE,step1.layer40.gpu_weight_load;step1.layer40.dispatch,10015.057152000,3.054525952,10018.111677952,step1.layer40.gpu_weight_load,grouped expert GEMM
1,40,step1.layer40.pim_gwrite,pim_write,,step1.layer40.scheduler;step1.layer40.dispatch,10009.650816000,15.388152000,10025.038968000,step1.layer40.scheduler,PIM_GWRITE milestone from mixed Ramulator cycle-v1 run
1,40,step1.layer40.pim_expert_compute,pim_expert,,step1.layer40.pim_gwrite,10025.038968000,63.077040000,10088.116008000,step1.layer40.pim_gwrite,PIM_MAC milestone delta from mixed Ramulator cycle-v1 run
1,40,step1.layer40.pim_read,pim_read,,step1.layer40.pim_expert_compute,10088.116008000,0.080496000,10088.196504000,step1.layer40.pim_expert_compute,PIM_READ milestone delta from mixed Ramulator cycle-v1 run
1,40,step1.layer40.combine,combine,GPU_COMPUTE,step1.layer40.gpu_expert_compute;step1.layer40.pim_read,10088.196504000,1.036864000,10089.233368000,step1.layer40.pim_read,weighted expert combine
1,40,step1.layer40.residual2,residual,GPU_COMPUTE,step1.layer40.combine,10089.233368000,1.012288000,10090.245656000,step1.layer40.combine,residual add
1,41,step1.layer41.norm1,norm,GPU_COMPUTE,step1.layer40.residual2,10090.245656000,1.008192000,10091.253848000,step1.layer40.residual2,RMSNorm
1,41,step1.layer41.qkv,qkv,GPU_COMPUTE,step1.layer41.norm1,10091.253848000,3.635776000,10094.889624000,step1.layer41.norm1,QKV projection
1,41,step1.layer41.rope,rope,GPU_COMPUTE,step1.layer41.qkv,10094.889624000,1.018432000,10095.908056000,step1.layer41.qkv,QK norm and RoPE
1,41,step1.layer41.attention,attention,PIM_COMPUTE,step1.layer41.rope,10095.908056000,18.929664000,10114.837720000,step1.layer41.rope,decode attention from Ramulator cycle-v0 table
1,41,step1.layer41.o_proj,attention_output,GPU_COMPUTE,step1.layer41.attention,10114.837720000,3.109440000,10117.947160000,step1.layer41.attention,attention output projection
1,41,step1.layer41.residual1,residual,GPU_COMPUTE,step1.layer41.o_proj,10117.947160000,1.012288000,10118.959448000,step1.layer41.o_proj,residual add
1,41,step1.layer41.norm2,norm,GPU_COMPUTE,step1.layer41.residual1,10118.959448000,1.008192000,10119.967640000,step1.layer41.residual1,RMSNorm
1,41,step1.layer41.router,router,GPU_COMPUTE,step1.layer41.norm2,10119.967640000,2.069888000,10122.037528000,step1.layer41.norm2,MoE router
1,41,step1.layer41.metadata,metadata,GPU_COMPUTE,step1.layer41.router,10122.037528000,1.000128000,10123.037656000,step1.layer41.router,routing metadata
1,41,step1.layer41.dispatch,dispatch,,step1.layer41.metadata,10123.037656000,0.000000000,10123.037656000,step1.layer41.metadata,single-GPU dispatch placeholder
1,41,step1.layer41.scheduler,scheduler,GPU_COMPUTE,step1.layer41.metadata,10123.037656000,0.000000000,10123.037656000,step1.layer41.metadata,pimoe placement policy
1,41,step1.layer41.gpu_weight_load,gpu_weight_load,,step1.layer41.scheduler,10123.037656000,5.406336000,10128.443992000,step1.layer41.scheduler,ordinary GPU HBM reads from mixed Ramulator cycle-v1 run
1,41,step1.layer41.gpu_expert_compute,gpu_expert,GPU_COMPUTE,step1.layer41.gpu_weight_load;step1.layer41.dispatch,10128.443992000,3.054525952,10131.498517952,step1.layer41.gpu_weight_load,grouped expert GEMM
1,41,step1.layer41.pim_gwrite,pim_write,,step1.layer41.scheduler;step1.layer41.dispatch,10123.037656000,15.388152000,10138.425808000,step1.layer41.scheduler,PIM_GWRITE milestone from mixed Ramulator cycle-v1 run
1,41,step1.layer41.pim_expert_compute,pim_expert,,step1.layer41.pim_gwrite,10138.425808000,63.077040000,10201.502848000,step1.layer41.pim_gwrite,PIM_MAC milestone delta from mixed Ramulator cycle-v1 run
1,41,step1.layer41.pim_read,pim_read,,step1.layer41.pim_expert_compute,10201.502848000,0.080496000,10201.583344000,step1.layer41.pim_expert_compute,PIM_READ milestone delta from mixed Ramulator cycle-v1 run
1,41,step1.layer41.combine,combine,GPU_COMPUTE,step1.layer41.gpu_expert_compute;step1.layer41.pim_read,10201.583344000,1.036864000,10202.620208000,step1.layer41.pim_read,weighted expert combine
1,41,step1.layer41.residual2,residual,GPU_COMPUTE,step1.layer41.combine,10202.620208000,1.012288000,10203.632496000,step1.layer41.combine,residual add
1,42,step1.layer42.norm1,norm,GPU_COMPUTE,step1.layer41.residual2,10203.632496000,1.008192000,10204.640688000,step1.layer41.residual2,RMSNorm
1,42,step1.layer42.qkv,qkv,GPU_COMPUTE,step1.layer42.norm1,10204.640688000,3.635776000,10208.276464000,step1.layer42.norm1,QKV projection
1,42,step1.layer42.rope,rope,GPU_COMPUTE,step1.layer42.qkv,10208.276464000,1.018432000,10209.294896000,step1.layer42.qkv,QK norm and RoPE
1,42,step1.layer42.attention,attention,PIM_COMPUTE,step1.layer42.rope,10209.294896000,18.929664000,10228.224560000,step1.layer42.rope,decode attention from Ramulator cycle-v0 table
1,42,step1.layer42.o_proj,attention_output,GPU_COMPUTE,step1.layer42.attention,10228.224560000,3.109440000,10231.334000000,step1.layer42.attention,attention output projection
1,42,step1.layer42.residual1,residual,GPU_COMPUTE,step1.layer42.o_proj,10231.334000000,1.012288000,10232.346288000,step1.layer42.o_proj,residual add
1,42,step1.layer42.norm2,norm,GPU_COMPUTE,step1.layer42.residual1,10232.346288000,1.008192000,10233.354480000,step1.layer42.residual1,RMSNorm
1,42,step1.layer42.router,router,GPU_COMPUTE,step1.layer42.norm2,10233.354480000,2.069888000,10235.424368000,step1.layer42.norm2,MoE router
1,42,step1.layer42.metadata,metadata,GPU_COMPUTE,step1.layer42.router,10235.424368000,1.000128000,10236.424496000,step1.layer42.router,routing metadata
1,42,step1.layer42.dispatch,dispatch,,step1.layer42.metadata,10236.424496000,0.000000000,10236.424496000,step1.layer42.metadata,single-GPU dispatch placeholder
1,42,step1.layer42.scheduler,scheduler,GPU_COMPUTE,step1.layer42.metadata,10236.424496000,0.000000000,10236.424496000,step1.layer42.metadata,pimoe placement policy
1,42,step1.layer42.gpu_weight_load,gpu_weight_load,,step1.layer42.scheduler,10236.424496000,5.406336000,10241.830832000,step1.layer42.scheduler,ordinary GPU HBM reads from mixed Ramulator cycle-v1 run
1,42,step1.layer42.gpu_expert_compute,gpu_expert,GPU_COMPUTE,step1.layer42.gpu_weight_load;step1.layer42.dispatch,10241.830832000,3.054525952,10244.885357952,step1.layer42.gpu_weight_load,grouped expert GEMM
1,42,step1.layer42.pim_gwrite,pim_write,,step1.layer42.scheduler;step1.layer42.dispatch,10236.424496000,15.388152000,10251.812648000,step1.layer42.scheduler,PIM_GWRITE milestone from mixed Ramulator cycle-v1 run
1,42,step1.layer42.pim_expert_compute,pim_expert,,step1.layer42.pim_gwrite,10251.812648000,63.077040000,10314.889688000,step1.layer42.pim_gwrite,PIM_MAC milestone delta from mixed Ramulator cycle-v1 run
1,42,step1.layer42.pim_read,pim_read,,step1.layer42.pim_expert_compute,10314.889688000,0.080496000,10314.970184000,step1.layer42.pim_expert_compute,PIM_READ milestone delta from mixed Ramulator cycle-v1 run
1,42,step1.layer42.combine,combine,GPU_COMPUTE,step1.layer42.gpu_expert_compute;step1.layer42.pim_read,10314.970184000,1.036864000,10316.007048000,step1.layer42.pim_read,weighted expert combine
1,42,step1.layer42.residual2,residual,GPU_COMPUTE,step1.layer42.combine,10316.007048000,1.012288000,10317.019336000,step1.layer42.combine,residual add
1,43,step1.layer43.norm1,norm,GPU_COMPUTE,step1.layer42.residual2,10317.019336000,1.008192000,10318.027528000,step1.layer42.residual2,RMSNorm
1,43,step1.layer43.qkv,qkv,GPU_COMPUTE,step1.layer43.norm1,10318.027528000,3.635776000,10321.663304000,step1.layer43.norm1,QKV projection
1,43,step1.layer43.rope,rope,GPU_COMPUTE,step1.layer43.qkv,10321.663304000,1.018432000,10322.681736000,step1.layer43.qkv,QK norm and RoPE
1,43,step1.layer43.attention,attention,PIM_COMPUTE,step1.layer43.rope,10322.681736000,18.929664000,10341.611400000,step1.layer43.rope,decode attention from Ramulator cycle-v0 table
1,43,step1.layer43.o_proj,attention_output,GPU_COMPUTE,step1.layer43.attention,10341.611400000,3.109440000,10344.720840000,step1.layer43.attention,attention output projection
1,43,step1.layer43.residual1,residual,GPU_COMPUTE,step1.layer43.o_proj,10344.720840000,1.012288000,10345.733128000,step1.layer43.o_proj,residual add
1,43,step1.layer43.norm2,norm,GPU_COMPUTE,step1.layer43.residual1,10345.733128000,1.008192000,10346.741320000,step1.layer43.residual1,RMSNorm
1,43,step1.layer43.router,router,GPU_COMPUTE,step1.layer43.norm2,10346.741320000,2.069888000,10348.811208000,step1.layer43.norm2,MoE router
1,43,step1.layer43.metadata,metadata,GPU_COMPUTE,step1.layer43.router,10348.811208000,1.000128000,10349.811336000,step1.layer43.router,routing metadata
1,43,step1.layer43.dispatch,dispatch,,step1.layer43.metadata,10349.811336000,0.000000000,10349.811336000,step1.layer43.metadata,single-GPU dispatch placeholder
1,43,step1.layer43.scheduler,scheduler,GPU_COMPUTE,step1.layer43.metadata,10349.811336000,0.000000000,10349.811336000,step1.layer43.metadata,pimoe placement policy
1,43,step1.layer43.gpu_weight_load,gpu_weight_load,,step1.layer43.scheduler,10349.811336000,5.406336000,10355.217672000,step1.layer43.scheduler,ordinary GPU HBM reads from mixed Ramulator cycle-v1 run
1,43,step1.layer43.gpu_expert_compute,gpu_expert,GPU_COMPUTE,step1.layer43.gpu_weight_load;step1.layer43.dispatch,10355.217672000,3.054525952,10358.272197952,step1.layer43.gpu_weight_load,grouped expert GEMM
1,43,step1.layer43.pim_gwrite,pim_write,,step1.layer43.scheduler;step1.layer43.dispatch,10349.811336000,15.388152000,10365.199488000,step1.layer43.scheduler,PIM_GWRITE milestone from mixed Ramulator cycle-v1 run
1,43,step1.layer43.pim_expert_compute,pim_expert,,step1.layer43.pim_gwrite,10365.199488000,63.077040000,10428.276528000,step1.layer43.pim_gwrite,PIM_MAC milestone delta from mixed Ramulator cycle-v1 run
1,43,step1.layer43.pim_read,pim_read,,step1.layer43.pim_expert_compute,10428.276528000,0.080496000,10428.357024000,step1.layer43.pim_expert_compute,PIM_READ milestone delta from mixed Ramulator cycle-v1 run
1,43,step1.layer43.combine,combine,GPU_COMPUTE,step1.layer43.gpu_expert_compute;step1.layer43.pim_read,10428.357024000,1.036864000,10429.393888000,step1.layer43.pim_read,weighted expert combine
1,43,step1.layer43.residual2,residual,GPU_COMPUTE,step1.layer43.combine,10429.393888000,1.012288000,10430.406176000,step1.layer43.combine,residual add
1,44,step1.layer44.norm1,norm,GPU_COMPUTE,step1.layer43.residual2,10430.406176000,1.008192000,10431.414368000,step1.layer43.residual2,RMSNorm
1,44,step1.layer44.qkv,qkv,GPU_COMPUTE,step1.layer44.norm1,10431.414368000,3.635776000,10435.050144000,step1.layer44.norm1,QKV projection
1,44,step1.layer44.rope,rope,GPU_COMPUTE,step1.layer44.qkv,10435.050144000,1.018432000,10436.068576000,step1.layer44.qkv,QK norm and RoPE
1,44,step1.layer44.attention,attention,PIM_COMPUTE,step1.layer44.rope,10436.068576000,18.929664000,10454.998240000,step1.layer44.rope,decode attention from Ramulator cycle-v0 table
1,44,step1.layer44.o_proj,attention_output,GPU_COMPUTE,step1.layer44.attention,10454.998240000,3.109440000,10458.107680000,step1.layer44.attention,attention output projection
1,44,step1.layer44.residual1,residual,GPU_COMPUTE,step1.layer44.o_proj,10458.107680000,1.012288000,10459.119968000,step1.layer44.o_proj,residual add
1,44,step1.layer44.norm2,norm,GPU_COMPUTE,step1.layer44.residual1,10459.119968000,1.008192000,10460.128160000,step1.layer44.residual1,RMSNorm
1,44,step1.layer44.router,router,GPU_COMPUTE,step1.layer44.norm2,10460.128160000,2.069888000,10462.198048000,step1.layer44.norm2,MoE router
1,44,step1.layer44.metadata,metadata,GPU_COMPUTE,step1.layer44.router,10462.198048000,1.000128000,10463.198176000,step1.layer44.router,routing metadata
1,44,step1.layer44.dispatch,dispatch,,step1.layer44.metadata,10463.198176000,0.000000000,10463.198176000,step1.layer44.metadata,single-GPU dispatch placeholder
1,44,step1.layer44.scheduler,scheduler,GPU_COMPUTE,step1.layer44.metadata,10463.198176000,0.000000000,10463.198176000,step1.layer44.metadata,pimoe placement policy
1,44,step1.layer44.gpu_weight_load,gpu_weight_load,,step1.layer44.scheduler,10463.198176000,5.406336000,10468.604512000,step1.layer44.scheduler,ordinary GPU HBM reads from mixed Ramulator cycle-v1 run
1,44,step1.layer44.gpu_expert_compute,gpu_expert,GPU_COMPUTE,step1.layer44.gpu_weight_load;step1.layer44.dispatch,10468.604512000,3.054525952,10471.659037952,step1.layer44.gpu_weight_load,grouped expert GEMM
1,44,step1.layer44.pim_gwrite,pim_write,,step1.layer44.scheduler;step1.layer44.dispatch,10463.198176000,15.388152000,10478.586328000,step1.layer44.scheduler,PIM_GWRITE milestone from mixed Ramulator cycle-v1 run
1,44,step1.layer44.pim_expert_compute,pim_expert,,step1.layer44.pim_gwrite,10478.586328000,63.077040000,10541.663368000,step1.layer44.pim_gwrite,PIM_MAC milestone delta from mixed Ramulator cycle-v1 run
1,44,step1.layer44.pim_read,pim_read,,step1.layer44.pim_expert_compute,10541.663368000,0.080496000,10541.743864000,step1.layer44.pim_expert_compute,PIM_READ milestone delta from mixed Ramulator cycle-v1 run
1,44,step1.layer44.combine,combine,GPU_COMPUTE,step1.layer44.gpu_expert_compute;step1.layer44.pim_read,10541.743864000,1.036864000,10542.780728000,step1.layer44.pim_read,weighted expert combine
1,44,step1.layer44.residual2,residual,GPU_COMPUTE,step1.layer44.combine,10542.780728000,1.012288000,10543.793016000,step1.layer44.combine,residual add
1,45,step1.layer45.norm1,norm,GPU_COMPUTE,step1.layer44.residual2,10543.793016000,1.008192000,10544.801208000,step1.layer44.residual2,RMSNorm
1,45,step1.layer45.qkv,qkv,GPU_COMPUTE,step1.layer45.norm1,10544.801208000,3.635776000,10548.436984000,step1.layer45.norm1,QKV projection
1,45,step1.layer45.rope,rope,GPU_COMPUTE,step1.layer45.qkv,10548.436984000,1.018432000,10549.455416000,step1.layer45.qkv,QK norm and RoPE
1,45,step1.layer45.attention,attention,PIM_COMPUTE,step1.layer45.rope,10549.455416000,18.929664000,10568.385080000,step1.layer45.rope,decode attention from Ramulator cycle-v0 table
1,45,step1.layer45.o_proj,attention_output,GPU_COMPUTE,step1.layer45.attention,10568.385080000,3.109440000,10571.494520000,step1.layer45.attention,attention output projection
1,45,step1.layer45.residual1,residual,GPU_COMPUTE,step1.layer45.o_proj,10571.494520000,1.012288000,10572.506808000,step1.layer45.o_proj,residual add
1,45,step1.layer45.norm2,norm,GPU_COMPUTE,step1.layer45.residual1,10572.506808000,1.008192000,10573.515000000,step1.layer45.residual1,RMSNorm
1,45,step1.layer45.router,router,GPU_COMPUTE,step1.layer45.norm2,10573.515000000,2.069888000,10575.584888000,step1.layer45.norm2,MoE router
1,45,step1.layer45.metadata,metadata,GPU_COMPUTE,step1.layer45.router,10575.584888000,1.000128000,10576.585016000,step1.layer45.router,routing metadata
1,45,step1.layer45.dispatch,dispatch,,step1.layer45.metadata,10576.585016000,0.000000000,10576.585016000,step1.layer45.metadata,single-GPU dispatch placeholder
1,45,step1.layer45.scheduler,scheduler,GPU_COMPUTE,step1.layer45.metadata,10576.585016000,0.000000000,10576.585016000,step1.layer45.metadata,pimoe placement policy
1,45,step1.layer45.gpu_weight_load,gpu_weight_load,,step1.layer45.scheduler,10576.585016000,5.406336000,10581.991352000,step1.layer45.scheduler,ordinary GPU HBM reads from mixed Ramulator cycle-v1 run
1,45,step1.layer45.gpu_expert_compute,gpu_expert,GPU_COMPUTE,step1.layer45.gpu_weight_load;step1.layer45.dispatch,10581.991352000,3.054525952,10585.045877952,step1.layer45.gpu_weight_load,grouped expert GEMM
1,45,step1.layer45.pim_gwrite,pim_write,,step1.layer45.scheduler;step1.layer45.dispatch,10576.585016000,15.388152000,10591.973168000,step1.layer45.scheduler,PIM_GWRITE milestone from mixed Ramulator cycle-v1 run
1,45,step1.layer45.pim_expert_compute,pim_expert,,step1.layer45.pim_gwrite,10591.973168000,63.077040000,10655.050208000,step1.layer45.pim_gwrite,PIM_MAC milestone delta from mixed Ramulator cycle-v1 run
1,45,step1.layer45.pim_read,pim_read,,step1.layer45.pim_expert_compute,10655.050208000,0.080496000,10655.130704000,step1.layer45.pim_expert_compute,PIM_READ milestone delta from mixed Ramulator cycle-v1 run
1,45,step1.layer45.combine,combine,GPU_COMPUTE,step1.layer45.gpu_expert_compute;step1.layer45.pim_read,10655.130704000,1.036864000,10656.167568000,step1.layer45.pim_read,weighted expert combine
1,45,step1.layer45.residual2,residual,GPU_COMPUTE,step1.layer45.combine,10656.167568000,1.012288000,10657.179856000,step1.layer45.combine,residual add
1,46,step1.layer46.norm1,norm,GPU_COMPUTE,step1.layer45.residual2,10657.179856000,1.008192000,10658.188048000,step1.layer45.residual2,RMSNorm
1,46,step1.layer46.qkv,qkv,GPU_COMPUTE,step1.layer46.norm1,10658.188048000,3.635776000,10661.823824000,step1.layer46.norm1,QKV projection
1,46,step1.layer46.rope,rope,GPU_COMPUTE,step1.layer46.qkv,10661.823824000,1.018432000,10662.842256000,step1.layer46.qkv,QK norm and RoPE
1,46,step1.layer46.attention,attention,PIM_COMPUTE,step1.layer46.rope,10662.842256000,18.929664000,10681.771920000,step1.layer46.rope,decode attention from Ramulator cycle-v0 table
1,46,step1.layer46.o_proj,attention_output,GPU_COMPUTE,step1.layer46.attention,10681.771920000,3.109440000,10684.881360000,step1.layer46.attention,attention output projection
1,46,step1.layer46.residual1,residual,GPU_COMPUTE,step1.layer46.o_proj,10684.881360000,1.012288000,10685.893648000,step1.layer46.o_proj,residual add
1,46,step1.layer46.norm2,norm,GPU_COMPUTE,step1.layer46.residual1,10685.893648000,1.008192000,10686.901840000,step1.layer46.residual1,RMSNorm
1,46,step1.layer46.router,router,GPU_COMPUTE,step1.layer46.norm2,10686.901840000,2.069888000,10688.971728000,step1.layer46.norm2,MoE router
1,46,step1.layer46.metadata,metadata,GPU_COMPUTE,step1.layer46.router,10688.971728000,1.000128000,10689.971856000,step1.layer46.router,routing metadata
1,46,step1.layer46.dispatch,dispatch,,step1.layer46.metadata,10689.971856000,0.000000000,10689.971856000,step1.layer46.metadata,single-GPU dispatch placeholder
1,46,step1.layer46.scheduler,scheduler,GPU_COMPUTE,step1.layer46.metadata,10689.971856000,0.000000000,10689.971856000,step1.layer46.metadata,pimoe placement policy
1,46,step1.layer46.gpu_weight_load,gpu_weight_load,,step1.layer46.scheduler,10689.971856000,5.406336000,10695.378192000,step1.layer46.scheduler,ordinary GPU HBM reads from mixed Ramulator cycle-v1 run
1,46,step1.layer46.gpu_expert_compute,gpu_expert,GPU_COMPUTE,step1.layer46.gpu_weight_load;step1.layer46.dispatch,10695.378192000,3.054525952,10698.432717952,step1.layer46.gpu_weight_load,grouped expert GEMM
1,46,step1.layer46.pim_gwrite,pim_write,,step1.layer46.scheduler;step1.layer46.dispatch,10689.971856000,15.388152000,10705.360008000,step1.layer46.scheduler,PIM_GWRITE milestone from mixed Ramulator cycle-v1 run
1,46,step1.layer46.pim_expert_compute,pim_expert,,step1.layer46.pim_gwrite,10705.360008000,63.077040000,10768.437048000,step1.layer46.pim_gwrite,PIM_MAC milestone delta from mixed Ramulator cycle-v1 run
1,46,step1.layer46.pim_read,pim_read,,step1.layer46.pim_expert_compute,10768.437048000,0.080496000,10768.517544000,step1.layer46.pim_expert_compute,PIM_READ milestone delta from mixed Ramulator cycle-v1 run
1,46,step1.layer46.combine,combine,GPU_COMPUTE,step1.layer46.gpu_expert_compute;step1.layer46.pim_read,10768.517544000,1.036864000,10769.554408000,step1.layer46.pim_read,weighted expert combine
1,46,step1.layer46.residual2,residual,GPU_COMPUTE,step1.layer46.combine,10769.554408000,1.012288000,10770.566696000,step1.layer46.combine,residual add
1,47,step1.layer47.norm1,norm,GPU_COMPUTE,step1.layer46.residual2,10770.566696000,1.008192000,10771.574888000,step1.layer46.residual2,RMSNorm
1,47,step1.layer47.qkv,qkv,GPU_COMPUTE,step1.layer47.norm1,10771.574888000,3.635776000,10775.210664000,step1.layer47.norm1,QKV projection
1,47,step1.layer47.rope,rope,GPU_COMPUTE,step1.layer47.qkv,10775.210664000,1.018432000,10776.229096000,step1.layer47.qkv,QK norm and RoPE
1,47,step1.layer47.attention,attention,PIM_COMPUTE,step1.layer47.rope,10776.229096000,18.929664000,10795.158760000,step1.layer47.rope,decode attention from Ramulator cycle-v0 table
1,47,step1.layer47.o_proj,attention_output,GPU_COMPUTE,step1.layer47.attention,10795.158760000,3.109440000,10798.268200000,step1.layer47.attention,attention output projection
1,47,step1.layer47.residual1,residual,GPU_COMPUTE,step1.layer47.o_proj,10798.268200000,1.012288000,10799.280488000,step1.layer47.o_proj,residual add
1,47,step1.layer47.norm2,norm,GPU_COMPUTE,step1.layer47.residual1,10799.280488000,1.008192000,10800.288680000,step1.layer47.residual1,RMSNorm
1,47,step1.layer47.router,router,GPU_COMPUTE,step1.layer47.norm2,10800.288680000,2.069888000,10802.358568000,step1.layer47.norm2,MoE router
1,47,step1.layer47.metadata,metadata,GPU_COMPUTE,step1.layer47.router,10802.358568000,1.000128000,10803.358696000,step1.layer47.router,routing metadata
1,47,step1.layer47.dispatch,dispatch,,step1.layer47.metadata,10803.358696000,0.000000000,10803.358696000,step1.layer47.metadata,single-GPU dispatch placeholder
1,47,step1.layer47.scheduler,scheduler,GPU_COMPUTE,step1.layer47.metadata,10803.358696000,0.000000000,10803.358696000,step1.layer47.metadata,pimoe placement policy
1,47,step1.layer47.gpu_weight_load,gpu_weight_load,,step1.layer47.scheduler,10803.358696000,5.406336000,10808.765032000,step1.layer47.scheduler,ordinary GPU HBM reads from mixed Ramulator cycle-v1 run
1,47,step1.layer47.gpu_expert_compute,gpu_expert,GPU_COMPUTE,step1.layer47.gpu_weight_load;step1.layer47.dispatch,10808.765032000,3.054525952,10811.819557952,step1.layer47.gpu_weight_load,grouped expert GEMM
1,47,step1.layer47.pim_gwrite,pim_write,,step1.layer47.scheduler;step1.layer47.dispatch,10803.358696000,15.388152000,10818.746848000,step1.layer47.scheduler,PIM_GWRITE milestone from mixed Ramulator cycle-v1 run
1,47,step1.layer47.pim_expert_compute,pim_expert,,step1.layer47.pim_gwrite,10818.746848000,63.077040000,10881.823888000,step1.layer47.pim_gwrite,PIM_MAC milestone delta from mixed Ramulator cycle-v1 run
1,47,step1.layer47.pim_read,pim_read,,step1.layer47.pim_expert_compute,10881.823888000,0.080496000,10881.904384000,step1.layer47.pim_expert_compute,PIM_READ milestone delta from mixed Ramulator cycle-v1 run
1,47,step1.layer47.combine,combine,GPU_COMPUTE,step1.layer47.gpu_expert_compute;step1.layer47.pim_read,10881.904384000,1.036864000,10882.941248000,step1.layer47.pim_read,weighted expert combine
1,47,step1.layer47.residual2,residual,GPU_COMPUTE,step1.layer47.combine,10882.941248000,1.012288000,10883.953536000,step1.layer47.combine,residual add
