step,layer,name,category,resources,dependencies,start_us,duration_us,end_us,blocking_event,description
0,0,step0.layer0.norm1,norm,GPU_COMPUTE,,0.000000000,1.008192000,1.008192000,,RMSNorm
0,0,step0.layer0.qkv,qkv,GPU_COMPUTE,step0.layer0.norm1,1.008192000,3.635776000,4.643968000,step0.layer0.norm1,QKV projection
0,0,step0.layer0.rope,rope,GPU_COMPUTE,step0.layer0.qkv,4.643968000,1.018432000,5.662400000,step0.layer0.qkv,QK norm and RoPE
0,0,step0.layer0.attention,attention,PIM_COMPUTE,step0.layer0.rope,5.662400000,18.905016000,24.567416000,step0.layer0.rope,decode attention from Ramulator cycle-v0 table
0,0,step0.layer0.o_proj,attention_output,GPU_COMPUTE,step0.layer0.attention,24.567416000,3.109440000,27.676856000,step0.layer0.attention,attention output projection
0,0,step0.layer0.residual1,residual,GPU_COMPUTE,step0.layer0.o_proj,27.676856000,1.012288000,28.689144000,step0.layer0.o_proj,residual add
0,0,step0.layer0.norm2,norm,GPU_COMPUTE,step0.layer0.residual1,28.689144000,1.008192000,29.697336000,step0.layer0.residual1,RMSNorm
0,0,step0.layer0.router,router,GPU_COMPUTE,step0.layer0.norm2,29.697336000,2.069888000,31.767224000,step0.layer0.norm2,MoE router
0,0,step0.layer0.metadata,metadata,GPU_COMPUTE,step0.layer0.router,31.767224000,1.000128000,32.767352000,step0.layer0.router,routing metadata
0,0,step0.layer0.dispatch,dispatch,,step0.layer0.metadata,32.767352000,0.000000000,32.767352000,step0.layer0.metadata,single-GPU dispatch placeholder
0,0,step0.layer0.scheduler,scheduler,GPU_COMPUTE,step0.layer0.metadata,32.767352000,0.000000000,32.767352000,step0.layer0.metadata,noexp placement policy
0,0,step0.layer0.gpu_weight_load,gpu_weight_load,HBM_MEM_PATH,step0.layer0.scheduler,32.767352000,57.802752000,90.570104000,step0.layer0.scheduler,expert weights HBM to GPU
0,0,step0.layer0.gpu_expert_compute,gpu_expert,GPU_COMPUTE,step0.layer0.gpu_weight_load;step0.layer0.dispatch,90.570104000,3.268435456,93.838539456,step0.layer0.gpu_weight_load,grouped expert GEMM
0,0,step0.layer0.pim_gwrite,pim_write,GPU_PIM_IO,step0.layer0.scheduler;step0.layer0.dispatch,32.767352000,0.000000000,32.767352000,step0.layer0.scheduler,PIM_GWRITE token operands
0,0,step0.layer0.pim_expert_compute,pim_expert,PIM_COMPUTE,step0.layer0.pim_gwrite,32.767352000,0.000000000,32.767352000,step0.layer0.pim_gwrite,serialized PIM expert GEMV
0,0,step0.layer0.pim_read,pim_read,GPU_PIM_IO,step0.layer0.pim_expert_compute,32.767352000,0.000000000,32.767352000,step0.layer0.pim_gwrite,PIM expert result read
0,0,step0.layer0.combine,combine,GPU_COMPUTE,step0.layer0.gpu_expert_compute;step0.layer0.pim_read,93.838539456,1.036864000,94.875403456,step0.layer0.gpu_expert_compute,weighted expert combine
0,0,step0.layer0.residual2,residual,GPU_COMPUTE,step0.layer0.combine,94.875403456,1.012288000,95.887691456,step0.layer0.combine,residual add
0,1,step0.layer1.norm1,norm,GPU_COMPUTE,step0.layer0.residual2,95.887691456,1.008192000,96.895883456,step0.layer0.residual2,RMSNorm
0,1,step0.layer1.qkv,qkv,GPU_COMPUTE,step0.layer1.norm1,96.895883456,3.635776000,100.531659456,step0.layer1.norm1,QKV projection
0,1,step0.layer1.rope,rope,GPU_COMPUTE,step0.layer1.qkv,100.531659456,1.018432000,101.550091456,step0.layer1.qkv,QK norm and RoPE
0,1,step0.layer1.attention,attention,PIM_COMPUTE,step0.layer1.rope,101.550091456,18.905016000,120.455107456,step0.layer1.rope,decode attention from Ramulator cycle-v0 table
0,1,step0.layer1.o_proj,attention_output,GPU_COMPUTE,step0.layer1.attention,120.455107456,3.109440000,123.564547456,step0.layer1.attention,attention output projection
0,1,step0.layer1.residual1,residual,GPU_COMPUTE,step0.layer1.o_proj,123.564547456,1.012288000,124.576835456,step0.layer1.o_proj,residual add
0,1,step0.layer1.norm2,norm,GPU_COMPUTE,step0.layer1.residual1,124.576835456,1.008192000,125.585027456,step0.layer1.residual1,RMSNorm
0,1,step0.layer1.router,router,GPU_COMPUTE,step0.layer1.norm2,125.585027456,2.069888000,127.654915456,step0.layer1.norm2,MoE router
0,1,step0.layer1.metadata,metadata,GPU_COMPUTE,step0.layer1.router,127.654915456,1.000128000,128.655043456,step0.layer1.router,routing metadata
0,1,step0.layer1.dispatch,dispatch,,step0.layer1.metadata,128.655043456,0.000000000,128.655043456,step0.layer1.metadata,single-GPU dispatch placeholder
0,1,step0.layer1.scheduler,scheduler,GPU_COMPUTE,step0.layer1.metadata,128.655043456,0.000000000,128.655043456,step0.layer1.metadata,noexp placement policy
0,1,step0.layer1.gpu_weight_load,gpu_weight_load,HBM_MEM_PATH,step0.layer1.scheduler,128.655043456,57.802752000,186.457795456,step0.layer1.scheduler,expert weights HBM to GPU
0,1,step0.layer1.gpu_expert_compute,gpu_expert,GPU_COMPUTE,step0.layer1.gpu_weight_load;step0.layer1.dispatch,186.457795456,3.268435456,189.726230912,step0.layer1.gpu_weight_load,grouped expert GEMM
0,1,step0.layer1.pim_gwrite,pim_write,GPU_PIM_IO,step0.layer1.scheduler;step0.layer1.dispatch,128.655043456,0.000000000,128.655043456,step0.layer1.scheduler,PIM_GWRITE token operands
0,1,step0.layer1.pim_expert_compute,pim_expert,PIM_COMPUTE,step0.layer1.pim_gwrite,128.655043456,0.000000000,128.655043456,step0.layer1.pim_gwrite,serialized PIM expert GEMV
0,1,step0.layer1.pim_read,pim_read,GPU_PIM_IO,step0.layer1.pim_expert_compute,128.655043456,0.000000000,128.655043456,step0.layer1.pim_gwrite,PIM expert result read
0,1,step0.layer1.combine,combine,GPU_COMPUTE,step0.layer1.gpu_expert_compute;step0.layer1.pim_read,189.726230912,1.036864000,190.763094912,step0.layer1.gpu_expert_compute,weighted expert combine
0,1,step0.layer1.residual2,residual,GPU_COMPUTE,step0.layer1.combine,190.763094912,1.012288000,191.775382912,step0.layer1.combine,residual add
0,2,step0.layer2.norm1,norm,GPU_COMPUTE,step0.layer1.residual2,191.775382912,1.008192000,192.783574912,step0.layer1.residual2,RMSNorm
0,2,step0.layer2.qkv,qkv,GPU_COMPUTE,step0.layer2.norm1,192.783574912,3.635776000,196.419350912,step0.layer2.norm1,QKV projection
0,2,step0.layer2.rope,rope,GPU_COMPUTE,step0.layer2.qkv,196.419350912,1.018432000,197.437782912,step0.layer2.qkv,QK norm and RoPE
0,2,step0.layer2.attention,attention,PIM_COMPUTE,step0.layer2.rope,197.437782912,18.905016000,216.342798912,step0.layer2.rope,decode attention from Ramulator cycle-v0 table
0,2,step0.layer2.o_proj,attention_output,GPU_COMPUTE,step0.layer2.attention,216.342798912,3.109440000,219.452238912,step0.layer2.attention,attention output projection
0,2,step0.layer2.residual1,residual,GPU_COMPUTE,step0.layer2.o_proj,219.452238912,1.012288000,220.464526912,step0.layer2.o_proj,residual add
0,2,step0.layer2.norm2,norm,GPU_COMPUTE,step0.layer2.residual1,220.464526912,1.008192000,221.472718912,step0.layer2.residual1,RMSNorm
0,2,step0.layer2.router,router,GPU_COMPUTE,step0.layer2.norm2,221.472718912,2.069888000,223.542606912,step0.layer2.norm2,MoE router
0,2,step0.layer2.metadata,metadata,GPU_COMPUTE,step0.layer2.router,223.542606912,1.000128000,224.542734912,step0.layer2.router,routing metadata
0,2,step0.layer2.dispatch,dispatch,,step0.layer2.metadata,224.542734912,0.000000000,224.542734912,step0.layer2.metadata,single-GPU dispatch placeholder
0,2,step0.layer2.scheduler,scheduler,GPU_COMPUTE,step0.layer2.metadata,224.542734912,0.000000000,224.542734912,step0.layer2.metadata,noexp placement policy
0,2,step0.layer2.gpu_weight_load,gpu_weight_load,HBM_MEM_PATH,step0.layer2.scheduler,224.542734912,57.802752000,282.345486912,step0.layer2.scheduler,expert weights HBM to GPU
0,2,step0.layer2.gpu_expert_compute,gpu_expert,GPU_COMPUTE,step0.layer2.gpu_weight_load;step0.layer2.dispatch,282.345486912,3.268435456,285.613922368,step0.layer2.gpu_weight_load,grouped expert GEMM
0,2,step0.layer2.pim_gwrite,pim_write,GPU_PIM_IO,step0.layer2.scheduler;step0.layer2.dispatch,224.542734912,0.000000000,224.542734912,step0.layer2.scheduler,PIM_GWRITE token operands
0,2,step0.layer2.pim_expert_compute,pim_expert,PIM_COMPUTE,step0.layer2.pim_gwrite,224.542734912,0.000000000,224.542734912,step0.layer2.pim_gwrite,serialized PIM expert GEMV
0,2,step0.layer2.pim_read,pim_read,GPU_PIM_IO,step0.layer2.pim_expert_compute,224.542734912,0.000000000,224.542734912,step0.layer2.pim_gwrite,PIM expert result read
0,2,step0.layer2.combine,combine,GPU_COMPUTE,step0.layer2.gpu_expert_compute;step0.layer2.pim_read,285.613922368,1.036864000,286.650786368,step0.layer2.gpu_expert_compute,weighted expert combine
0,2,step0.layer2.residual2,residual,GPU_COMPUTE,step0.layer2.combine,286.650786368,1.012288000,287.663074368,step0.layer2.combine,residual add
0,3,step0.layer3.norm1,norm,GPU_COMPUTE,step0.layer2.residual2,287.663074368,1.008192000,288.671266368,step0.layer2.residual2,RMSNorm
0,3,step0.layer3.qkv,qkv,GPU_COMPUTE,step0.layer3.norm1,288.671266368,3.635776000,292.307042368,step0.layer3.norm1,QKV projection
0,3,step0.layer3.rope,rope,GPU_COMPUTE,step0.layer3.qkv,292.307042368,1.018432000,293.325474368,step0.layer3.qkv,QK norm and RoPE
0,3,step0.layer3.attention,attention,PIM_COMPUTE,step0.layer3.rope,293.325474368,18.905016000,312.230490368,step0.layer3.rope,decode attention from Ramulator cycle-v0 table
0,3,step0.layer3.o_proj,attention_output,GPU_COMPUTE,step0.layer3.attention,312.230490368,3.109440000,315.339930368,step0.layer3.attention,attention output projection
0,3,step0.layer3.residual1,residual,GPU_COMPUTE,step0.layer3.o_proj,315.339930368,1.012288000,316.352218368,step0.layer3.o_proj,residual add
0,3,step0.layer3.norm2,norm,GPU_COMPUTE,step0.layer3.residual1,316.352218368,1.008192000,317.360410368,step0.layer3.residual1,RMSNorm
0,3,step0.layer3.router,router,GPU_COMPUTE,step0.layer3.norm2,317.360410368,2.069888000,319.430298368,step0.layer3.norm2,MoE router
0,3,step0.layer3.metadata,metadata,GPU_COMPUTE,step0.layer3.router,319.430298368,1.000128000,320.430426368,step0.layer3.router,routing metadata
0,3,step0.layer3.dispatch,dispatch,,step0.layer3.metadata,320.430426368,0.000000000,320.430426368,step0.layer3.metadata,single-GPU dispatch placeholder
0,3,step0.layer3.scheduler,scheduler,GPU_COMPUTE,step0.layer3.metadata,320.430426368,0.000000000,320.430426368,step0.layer3.metadata,noexp placement policy
0,3,step0.layer3.gpu_weight_load,gpu_weight_load,HBM_MEM_PATH,step0.layer3.scheduler,320.430426368,57.802752000,378.233178368,step0.layer3.scheduler,expert weights HBM to GPU
0,3,step0.layer3.gpu_expert_compute,gpu_expert,GPU_COMPUTE,step0.layer3.gpu_weight_load;step0.layer3.dispatch,378.233178368,3.268435456,381.501613824,step0.layer3.gpu_weight_load,grouped expert GEMM
0,3,step0.layer3.pim_gwrite,pim_write,GPU_PIM_IO,step0.layer3.scheduler;step0.layer3.dispatch,320.430426368,0.000000000,320.430426368,step0.layer3.scheduler,PIM_GWRITE token operands
0,3,step0.layer3.pim_expert_compute,pim_expert,PIM_COMPUTE,step0.layer3.pim_gwrite,320.430426368,0.000000000,320.430426368,step0.layer3.pim_gwrite,serialized PIM expert GEMV
0,3,step0.layer3.pim_read,pim_read,GPU_PIM_IO,step0.layer3.pim_expert_compute,320.430426368,0.000000000,320.430426368,step0.layer3.pim_gwrite,PIM expert result read
0,3,step0.layer3.combine,combine,GPU_COMPUTE,step0.layer3.gpu_expert_compute;step0.layer3.pim_read,381.501613824,1.036864000,382.538477824,step0.layer3.gpu_expert_compute,weighted expert combine
0,3,step0.layer3.residual2,residual,GPU_COMPUTE,step0.layer3.combine,382.538477824,1.012288000,383.550765824,step0.layer3.combine,residual add
0,4,step0.layer4.norm1,norm,GPU_COMPUTE,step0.layer3.residual2,383.550765824,1.008192000,384.558957824,step0.layer3.residual2,RMSNorm
0,4,step0.layer4.qkv,qkv,GPU_COMPUTE,step0.layer4.norm1,384.558957824,3.635776000,388.194733824,step0.layer4.norm1,QKV projection
0,4,step0.layer4.rope,rope,GPU_COMPUTE,step0.layer4.qkv,388.194733824,1.018432000,389.213165824,step0.layer4.qkv,QK norm and RoPE
0,4,step0.layer4.attention,attention,PIM_COMPUTE,step0.layer4.rope,389.213165824,18.905016000,408.118181824,step0.layer4.rope,decode attention from Ramulator cycle-v0 table
0,4,step0.layer4.o_proj,attention_output,GPU_COMPUTE,step0.layer4.attention,408.118181824,3.109440000,411.227621824,step0.layer4.attention,attention output projection
0,4,step0.layer4.residual1,residual,GPU_COMPUTE,step0.layer4.o_proj,411.227621824,1.012288000,412.239909824,step0.layer4.o_proj,residual add
0,4,step0.layer4.norm2,norm,GPU_COMPUTE,step0.layer4.residual1,412.239909824,1.008192000,413.248101824,step0.layer4.residual1,RMSNorm
0,4,step0.layer4.router,router,GPU_COMPUTE,step0.layer4.norm2,413.248101824,2.069888000,415.317989824,step0.layer4.norm2,MoE router
0,4,step0.layer4.metadata,metadata,GPU_COMPUTE,step0.layer4.router,415.317989824,1.000128000,416.318117824,step0.layer4.router,routing metadata
0,4,step0.layer4.dispatch,dispatch,,step0.layer4.metadata,416.318117824,0.000000000,416.318117824,step0.layer4.metadata,single-GPU dispatch placeholder
0,4,step0.layer4.scheduler,scheduler,GPU_COMPUTE,step0.layer4.metadata,416.318117824,0.000000000,416.318117824,step0.layer4.metadata,noexp placement policy
0,4,step0.layer4.gpu_weight_load,gpu_weight_load,HBM_MEM_PATH,step0.layer4.scheduler,416.318117824,57.802752000,474.120869824,step0.layer4.scheduler,expert weights HBM to GPU
0,4,step0.layer4.gpu_expert_compute,gpu_expert,GPU_COMPUTE,step0.layer4.gpu_weight_load;step0.layer4.dispatch,474.120869824,3.268435456,477.389305280,step0.layer4.gpu_weight_load,grouped expert GEMM
0,4,step0.layer4.pim_gwrite,pim_write,GPU_PIM_IO,step0.layer4.scheduler;step0.layer4.dispatch,416.318117824,0.000000000,416.318117824,step0.layer4.scheduler,PIM_GWRITE token operands
0,4,step0.layer4.pim_expert_compute,pim_expert,PIM_COMPUTE,step0.layer4.pim_gwrite,416.318117824,0.000000000,416.318117824,step0.layer4.pim_gwrite,serialized PIM expert GEMV
0,4,step0.layer4.pim_read,pim_read,GPU_PIM_IO,step0.layer4.pim_expert_compute,416.318117824,0.000000000,416.318117824,step0.layer4.pim_gwrite,PIM expert result read
0,4,step0.layer4.combine,combine,GPU_COMPUTE,step0.layer4.gpu_expert_compute;step0.layer4.pim_read,477.389305280,1.036864000,478.426169280,step0.layer4.gpu_expert_compute,weighted expert combine
0,4,step0.layer4.residual2,residual,GPU_COMPUTE,step0.layer4.combine,478.426169280,1.012288000,479.438457280,step0.layer4.combine,residual add
0,5,step0.layer5.norm1,norm,GPU_COMPUTE,step0.layer4.residual2,479.438457280,1.008192000,480.446649280,step0.layer4.residual2,RMSNorm
0,5,step0.layer5.qkv,qkv,GPU_COMPUTE,step0.layer5.norm1,480.446649280,3.635776000,484.082425280,step0.layer5.norm1,QKV projection
0,5,step0.layer5.rope,rope,GPU_COMPUTE,step0.layer5.qkv,484.082425280,1.018432000,485.100857280,step0.layer5.qkv,QK norm and RoPE
0,5,step0.layer5.attention,attention,PIM_COMPUTE,step0.layer5.rope,485.100857280,18.905016000,504.005873280,step0.layer5.rope,decode attention from Ramulator cycle-v0 table
0,5,step0.layer5.o_proj,attention_output,GPU_COMPUTE,step0.layer5.attention,504.005873280,3.109440000,507.115313280,step0.layer5.attention,attention output projection
0,5,step0.layer5.residual1,residual,GPU_COMPUTE,step0.layer5.o_proj,507.115313280,1.012288000,508.127601280,step0.layer5.o_proj,residual add
0,5,step0.layer5.norm2,norm,GPU_COMPUTE,step0.layer5.residual1,508.127601280,1.008192000,509.135793280,step0.layer5.residual1,RMSNorm
0,5,step0.layer5.router,router,GPU_COMPUTE,step0.layer5.norm2,509.135793280,2.069888000,511.205681280,step0.layer5.norm2,MoE router
0,5,step0.layer5.metadata,metadata,GPU_COMPUTE,step0.layer5.router,511.205681280,1.000128000,512.205809280,step0.layer5.router,routing metadata
0,5,step0.layer5.dispatch,dispatch,,step0.layer5.metadata,512.205809280,0.000000000,512.205809280,step0.layer5.metadata,single-GPU dispatch placeholder
0,5,step0.layer5.scheduler,scheduler,GPU_COMPUTE,step0.layer5.metadata,512.205809280,0.000000000,512.205809280,step0.layer5.metadata,noexp placement policy
0,5,step0.layer5.gpu_weight_load,gpu_weight_load,HBM_MEM_PATH,step0.layer5.scheduler,512.205809280,57.802752000,570.008561280,step0.layer5.scheduler,expert weights HBM to GPU
0,5,step0.layer5.gpu_expert_compute,gpu_expert,GPU_COMPUTE,step0.layer5.gpu_weight_load;step0.layer5.dispatch,570.008561280,3.268435456,573.276996736,step0.layer5.gpu_weight_load,grouped expert GEMM
0,5,step0.layer5.pim_gwrite,pim_write,GPU_PIM_IO,step0.layer5.scheduler;step0.layer5.dispatch,512.205809280,0.000000000,512.205809280,step0.layer5.scheduler,PIM_GWRITE token operands
0,5,step0.layer5.pim_expert_compute,pim_expert,PIM_COMPUTE,step0.layer5.pim_gwrite,512.205809280,0.000000000,512.205809280,step0.layer5.pim_gwrite,serialized PIM expert GEMV
0,5,step0.layer5.pim_read,pim_read,GPU_PIM_IO,step0.layer5.pim_expert_compute,512.205809280,0.000000000,512.205809280,step0.layer5.pim_gwrite,PIM expert result read
0,5,step0.layer5.combine,combine,GPU_COMPUTE,step0.layer5.gpu_expert_compute;step0.layer5.pim_read,573.276996736,1.036864000,574.313860736,step0.layer5.gpu_expert_compute,weighted expert combine
0,5,step0.layer5.residual2,residual,GPU_COMPUTE,step0.layer5.combine,574.313860736,1.012288000,575.326148736,step0.layer5.combine,residual add
0,6,step0.layer6.norm1,norm,GPU_COMPUTE,step0.layer5.residual2,575.326148736,1.008192000,576.334340736,step0.layer5.residual2,RMSNorm
0,6,step0.layer6.qkv,qkv,GPU_COMPUTE,step0.layer6.norm1,576.334340736,3.635776000,579.970116736,step0.layer6.norm1,QKV projection
0,6,step0.layer6.rope,rope,GPU_COMPUTE,step0.layer6.qkv,579.970116736,1.018432000,580.988548736,step0.layer6.qkv,QK norm and RoPE
0,6,step0.layer6.attention,attention,PIM_COMPUTE,step0.layer6.rope,580.988548736,18.905016000,599.893564736,step0.layer6.rope,decode attention from Ramulator cycle-v0 table
0,6,step0.layer6.o_proj,attention_output,GPU_COMPUTE,step0.layer6.attention,599.893564736,3.109440000,603.003004736,step0.layer6.attention,attention output projection
0,6,step0.layer6.residual1,residual,GPU_COMPUTE,step0.layer6.o_proj,603.003004736,1.012288000,604.015292736,step0.layer6.o_proj,residual add
0,6,step0.layer6.norm2,norm,GPU_COMPUTE,step0.layer6.residual1,604.015292736,1.008192000,605.023484736,step0.layer6.residual1,RMSNorm
0,6,step0.layer6.router,router,GPU_COMPUTE,step0.layer6.norm2,605.023484736,2.069888000,607.093372736,step0.layer6.norm2,MoE router
0,6,step0.layer6.metadata,metadata,GPU_COMPUTE,step0.layer6.router,607.093372736,1.000128000,608.093500736,step0.layer6.router,routing metadata
0,6,step0.layer6.dispatch,dispatch,,step0.layer6.metadata,608.093500736,0.000000000,608.093500736,step0.layer6.metadata,single-GPU dispatch placeholder
0,6,step0.layer6.scheduler,scheduler,GPU_COMPUTE,step0.layer6.metadata,608.093500736,0.000000000,608.093500736,step0.layer6.metadata,noexp placement policy
0,6,step0.layer6.gpu_weight_load,gpu_weight_load,HBM_MEM_PATH,step0.layer6.scheduler,608.093500736,57.802752000,665.896252736,step0.layer6.scheduler,expert weights HBM to GPU
0,6,step0.layer6.gpu_expert_compute,gpu_expert,GPU_COMPUTE,step0.layer6.gpu_weight_load;step0.layer6.dispatch,665.896252736,3.268435456,669.164688192,step0.layer6.gpu_weight_load,grouped expert GEMM
0,6,step0.layer6.pim_gwrite,pim_write,GPU_PIM_IO,step0.layer6.scheduler;step0.layer6.dispatch,608.093500736,0.000000000,608.093500736,step0.layer6.scheduler,PIM_GWRITE token operands
0,6,step0.layer6.pim_expert_compute,pim_expert,PIM_COMPUTE,step0.layer6.pim_gwrite,608.093500736,0.000000000,608.093500736,step0.layer6.pim_gwrite,serialized PIM expert GEMV
0,6,step0.layer6.pim_read,pim_read,GPU_PIM_IO,step0.layer6.pim_expert_compute,608.093500736,0.000000000,608.093500736,step0.layer6.pim_gwrite,PIM expert result read
0,6,step0.layer6.combine,combine,GPU_COMPUTE,step0.layer6.gpu_expert_compute;step0.layer6.pim_read,669.164688192,1.036864000,670.201552192,step0.layer6.gpu_expert_compute,weighted expert combine
0,6,step0.layer6.residual2,residual,GPU_COMPUTE,step0.layer6.combine,670.201552192,1.012288000,671.213840192,step0.layer6.combine,residual add
0,7,step0.layer7.norm1,norm,GPU_COMPUTE,step0.layer6.residual2,671.213840192,1.008192000,672.222032192,step0.layer6.residual2,RMSNorm
0,7,step0.layer7.qkv,qkv,GPU_COMPUTE,step0.layer7.norm1,672.222032192,3.635776000,675.857808192,step0.layer7.norm1,QKV projection
0,7,step0.layer7.rope,rope,GPU_COMPUTE,step0.layer7.qkv,675.857808192,1.018432000,676.876240192,step0.layer7.qkv,QK norm and RoPE
0,7,step0.layer7.attention,attention,PIM_COMPUTE,step0.layer7.rope,676.876240192,18.905016000,695.781256192,step0.layer7.rope,decode attention from Ramulator cycle-v0 table
0,7,step0.layer7.o_proj,attention_output,GPU_COMPUTE,step0.layer7.attention,695.781256192,3.109440000,698.890696192,step0.layer7.attention,attention output projection
0,7,step0.layer7.residual1,residual,GPU_COMPUTE,step0.layer7.o_proj,698.890696192,1.012288000,699.902984192,step0.layer7.o_proj,residual add
0,7,step0.layer7.norm2,norm,GPU_COMPUTE,step0.layer7.residual1,699.902984192,1.008192000,700.911176192,step0.layer7.residual1,RMSNorm
0,7,step0.layer7.router,router,GPU_COMPUTE,step0.layer7.norm2,700.911176192,2.069888000,702.981064192,step0.layer7.norm2,MoE router
0,7,step0.layer7.metadata,metadata,GPU_COMPUTE,step0.layer7.router,702.981064192,1.000128000,703.981192192,step0.layer7.router,routing metadata
0,7,step0.layer7.dispatch,dispatch,,step0.layer7.metadata,703.981192192,0.000000000,703.981192192,step0.layer7.metadata,single-GPU dispatch placeholder
0,7,step0.layer7.scheduler,scheduler,GPU_COMPUTE,step0.layer7.metadata,703.981192192,0.000000000,703.981192192,step0.layer7.metadata,noexp placement policy
0,7,step0.layer7.gpu_weight_load,gpu_weight_load,HBM_MEM_PATH,step0.layer7.scheduler,703.981192192,57.802752000,761.783944192,step0.layer7.scheduler,expert weights HBM to GPU
0,7,step0.layer7.gpu_expert_compute,gpu_expert,GPU_COMPUTE,step0.layer7.gpu_weight_load;step0.layer7.dispatch,761.783944192,3.268435456,765.052379648,step0.layer7.gpu_weight_load,grouped expert GEMM
0,7,step0.layer7.pim_gwrite,pim_write,GPU_PIM_IO,step0.layer7.scheduler;step0.layer7.dispatch,703.981192192,0.000000000,703.981192192,step0.layer7.scheduler,PIM_GWRITE token operands
0,7,step0.layer7.pim_expert_compute,pim_expert,PIM_COMPUTE,step0.layer7.pim_gwrite,703.981192192,0.000000000,703.981192192,step0.layer7.pim_gwrite,serialized PIM expert GEMV
0,7,step0.layer7.pim_read,pim_read,GPU_PIM_IO,step0.layer7.pim_expert_compute,703.981192192,0.000000000,703.981192192,step0.layer7.pim_gwrite,PIM expert result read
0,7,step0.layer7.combine,combine,GPU_COMPUTE,step0.layer7.gpu_expert_compute;step0.layer7.pim_read,765.052379648,1.036864000,766.089243648,step0.layer7.gpu_expert_compute,weighted expert combine
0,7,step0.layer7.residual2,residual,GPU_COMPUTE,step0.layer7.combine,766.089243648,1.012288000,767.101531648,step0.layer7.combine,residual add
0,8,step0.layer8.norm1,norm,GPU_COMPUTE,step0.layer7.residual2,767.101531648,1.008192000,768.109723648,step0.layer7.residual2,RMSNorm
0,8,step0.layer8.qkv,qkv,GPU_COMPUTE,step0.layer8.norm1,768.109723648,3.635776000,771.745499648,step0.layer8.norm1,QKV projection
0,8,step0.layer8.rope,rope,GPU_COMPUTE,step0.layer8.qkv,771.745499648,1.018432000,772.763931648,step0.layer8.qkv,QK norm and RoPE
0,8,step0.layer8.attention,attention,PIM_COMPUTE,step0.layer8.rope,772.763931648,18.905016000,791.668947648,step0.layer8.rope,decode attention from Ramulator cycle-v0 table
0,8,step0.layer8.o_proj,attention_output,GPU_COMPUTE,step0.layer8.attention,791.668947648,3.109440000,794.778387648,step0.layer8.attention,attention output projection
0,8,step0.layer8.residual1,residual,GPU_COMPUTE,step0.layer8.o_proj,794.778387648,1.012288000,795.790675648,step0.layer8.o_proj,residual add
0,8,step0.layer8.norm2,norm,GPU_COMPUTE,step0.layer8.residual1,795.790675648,1.008192000,796.798867648,step0.layer8.residual1,RMSNorm
0,8,step0.layer8.router,router,GPU_COMPUTE,step0.layer8.norm2,796.798867648,2.069888000,798.868755648,step0.layer8.norm2,MoE router
0,8,step0.layer8.metadata,metadata,GPU_COMPUTE,step0.layer8.router,798.868755648,1.000128000,799.868883648,step0.layer8.router,routing metadata
0,8,step0.layer8.dispatch,dispatch,,step0.layer8.metadata,799.868883648,0.000000000,799.868883648,step0.layer8.metadata,single-GPU dispatch placeholder
0,8,step0.layer8.scheduler,scheduler,GPU_COMPUTE,step0.layer8.metadata,799.868883648,0.000000000,799.868883648,step0.layer8.metadata,noexp placement policy
0,8,step0.layer8.gpu_weight_load,gpu_weight_load,HBM_MEM_PATH,step0.layer8.scheduler,799.868883648,57.802752000,857.671635648,step0.layer8.scheduler,expert weights HBM to GPU
0,8,step0.layer8.gpu_expert_compute,gpu_expert,GPU_COMPUTE,step0.layer8.gpu_weight_load;step0.layer8.dispatch,857.671635648,3.268435456,860.940071104,step0.layer8.gpu_weight_load,grouped expert GEMM
0,8,step0.layer8.pim_gwrite,pim_write,GPU_PIM_IO,step0.layer8.scheduler;step0.layer8.dispatch,799.868883648,0.000000000,799.868883648,step0.layer8.scheduler,PIM_GWRITE token operands
0,8,step0.layer8.pim_expert_compute,pim_expert,PIM_COMPUTE,step0.layer8.pim_gwrite,799.868883648,0.000000000,799.868883648,step0.layer8.pim_gwrite,serialized PIM expert GEMV
0,8,step0.layer8.pim_read,pim_read,GPU_PIM_IO,step0.layer8.pim_expert_compute,799.868883648,0.000000000,799.868883648,step0.layer8.pim_gwrite,PIM expert result read
0,8,step0.layer8.combine,combine,GPU_COMPUTE,step0.layer8.gpu_expert_compute;step0.layer8.pim_read,860.940071104,1.036864000,861.976935104,step0.layer8.gpu_expert_compute,weighted expert combine
0,8,step0.layer8.residual2,residual,GPU_COMPUTE,step0.layer8.combine,861.976935104,1.012288000,862.989223104,step0.layer8.combine,residual add
0,9,step0.layer9.norm1,norm,GPU_COMPUTE,step0.layer8.residual2,862.989223104,1.008192000,863.997415104,step0.layer8.residual2,RMSNorm
0,9,step0.layer9.qkv,qkv,GPU_COMPUTE,step0.layer9.norm1,863.997415104,3.635776000,867.633191104,step0.layer9.norm1,QKV projection
0,9,step0.layer9.rope,rope,GPU_COMPUTE,step0.layer9.qkv,867.633191104,1.018432000,868.651623104,step0.layer9.qkv,QK norm and RoPE
0,9,step0.layer9.attention,attention,PIM_COMPUTE,step0.layer9.rope,868.651623104,18.905016000,887.556639104,step0.layer9.rope,decode attention from Ramulator cycle-v0 table
0,9,step0.layer9.o_proj,attention_output,GPU_COMPUTE,step0.layer9.attention,887.556639104,3.109440000,890.666079104,step0.layer9.attention,attention output projection
0,9,step0.layer9.residual1,residual,GPU_COMPUTE,step0.layer9.o_proj,890.666079104,1.012288000,891.678367104,step0.layer9.o_proj,residual add
0,9,step0.layer9.norm2,norm,GPU_COMPUTE,step0.layer9.residual1,891.678367104,1.008192000,892.686559104,step0.layer9.residual1,RMSNorm
0,9,step0.layer9.router,router,GPU_COMPUTE,step0.layer9.norm2,892.686559104,2.069888000,894.756447104,step0.layer9.norm2,MoE router
0,9,step0.layer9.metadata,metadata,GPU_COMPUTE,step0.layer9.router,894.756447104,1.000128000,895.756575104,step0.layer9.router,routing metadata
0,9,step0.layer9.dispatch,dispatch,,step0.layer9.metadata,895.756575104,0.000000000,895.756575104,step0.layer9.metadata,single-GPU dispatch placeholder
0,9,step0.layer9.scheduler,scheduler,GPU_COMPUTE,step0.layer9.metadata,895.756575104,0.000000000,895.756575104,step0.layer9.metadata,noexp placement policy
0,9,step0.layer9.gpu_weight_load,gpu_weight_load,HBM_MEM_PATH,step0.layer9.scheduler,895.756575104,57.802752000,953.559327104,step0.layer9.scheduler,expert weights HBM to GPU
0,9,step0.layer9.gpu_expert_compute,gpu_expert,GPU_COMPUTE,step0.layer9.gpu_weight_load;step0.layer9.dispatch,953.559327104,3.268435456,956.827762560,step0.layer9.gpu_weight_load,grouped expert GEMM
0,9,step0.layer9.pim_gwrite,pim_write,GPU_PIM_IO,step0.layer9.scheduler;step0.layer9.dispatch,895.756575104,0.000000000,895.756575104,step0.layer9.scheduler,PIM_GWRITE token operands
0,9,step0.layer9.pim_expert_compute,pim_expert,PIM_COMPUTE,step0.layer9.pim_gwrite,895.756575104,0.000000000,895.756575104,step0.layer9.pim_gwrite,serialized PIM expert GEMV
0,9,step0.layer9.pim_read,pim_read,GPU_PIM_IO,step0.layer9.pim_expert_compute,895.756575104,0.000000000,895.756575104,step0.layer9.pim_gwrite,PIM expert result read
0,9,step0.layer9.combine,combine,GPU_COMPUTE,step0.layer9.gpu_expert_compute;step0.layer9.pim_read,956.827762560,1.036864000,957.864626560,step0.layer9.gpu_expert_compute,weighted expert combine
0,9,step0.layer9.residual2,residual,GPU_COMPUTE,step0.layer9.combine,957.864626560,1.012288000,958.876914560,step0.layer9.combine,residual add
0,10,step0.layer10.norm1,norm,GPU_COMPUTE,step0.layer9.residual2,958.876914560,1.008192000,959.885106560,step0.layer9.residual2,RMSNorm
0,10,step0.layer10.qkv,qkv,GPU_COMPUTE,step0.layer10.norm1,959.885106560,3.635776000,963.520882560,step0.layer10.norm1,QKV projection
0,10,step0.layer10.rope,rope,GPU_COMPUTE,step0.layer10.qkv,963.520882560,1.018432000,964.539314560,step0.layer10.qkv,QK norm and RoPE
0,10,step0.layer10.attention,attention,PIM_COMPUTE,step0.layer10.rope,964.539314560,18.905016000,983.444330560,step0.layer10.rope,decode attention from Ramulator cycle-v0 table
0,10,step0.layer10.o_proj,attention_output,GPU_COMPUTE,step0.layer10.attention,983.444330560,3.109440000,986.553770560,step0.layer10.attention,attention output projection
0,10,step0.layer10.residual1,residual,GPU_COMPUTE,step0.layer10.o_proj,986.553770560,1.012288000,987.566058560,step0.layer10.o_proj,residual add
0,10,step0.layer10.norm2,norm,GPU_COMPUTE,step0.layer10.residual1,987.566058560,1.008192000,988.574250560,step0.layer10.residual1,RMSNorm
0,10,step0.layer10.router,router,GPU_COMPUTE,step0.layer10.norm2,988.574250560,2.069888000,990.644138560,step0.layer10.norm2,MoE router
0,10,step0.layer10.metadata,metadata,GPU_COMPUTE,step0.layer10.router,990.644138560,1.000128000,991.644266560,step0.layer10.router,routing metadata
0,10,step0.layer10.dispatch,dispatch,,step0.layer10.metadata,991.644266560,0.000000000,991.644266560,step0.layer10.metadata,single-GPU dispatch placeholder
0,10,step0.layer10.scheduler,scheduler,GPU_COMPUTE,step0.layer10.metadata,991.644266560,0.000000000,991.644266560,step0.layer10.metadata,noexp placement policy
0,10,step0.layer10.gpu_weight_load,gpu_weight_load,HBM_MEM_PATH,step0.layer10.scheduler,991.644266560,57.802752000,1049.447018560,step0.layer10.scheduler,expert weights HBM to GPU
0,10,step0.layer10.gpu_expert_compute,gpu_expert,GPU_COMPUTE,step0.layer10.gpu_weight_load;step0.layer10.dispatch,1049.447018560,3.268435456,1052.715454016,step0.layer10.gpu_weight_load,grouped expert GEMM
0,10,step0.layer10.pim_gwrite,pim_write,GPU_PIM_IO,step0.layer10.scheduler;step0.layer10.dispatch,991.644266560,0.000000000,991.644266560,step0.layer10.scheduler,PIM_GWRITE token operands
0,10,step0.layer10.pim_expert_compute,pim_expert,PIM_COMPUTE,step0.layer10.pim_gwrite,991.644266560,0.000000000,991.644266560,step0.layer10.pim_gwrite,serialized PIM expert GEMV
0,10,step0.layer10.pim_read,pim_read,GPU_PIM_IO,step0.layer10.pim_expert_compute,991.644266560,0.000000000,991.644266560,step0.layer10.pim_gwrite,PIM expert result read
0,10,step0.layer10.combine,combine,GPU_COMPUTE,step0.layer10.gpu_expert_compute;step0.layer10.pim_read,1052.715454016,1.036864000,1053.752318016,step0.layer10.gpu_expert_compute,weighted expert combine
0,10,step0.layer10.residual2,residual,GPU_COMPUTE,step0.layer10.combine,1053.752318016,1.012288000,1054.764606016,step0.layer10.combine,residual add
0,11,step0.layer11.norm1,norm,GPU_COMPUTE,step0.layer10.residual2,1054.764606016,1.008192000,1055.772798016,step0.layer10.residual2,RMSNorm
0,11,step0.layer11.qkv,qkv,GPU_COMPUTE,step0.layer11.norm1,1055.772798016,3.635776000,1059.408574016,step0.layer11.norm1,QKV projection
0,11,step0.layer11.rope,rope,GPU_COMPUTE,step0.layer11.qkv,1059.408574016,1.018432000,1060.427006016,step0.layer11.qkv,QK norm and RoPE
0,11,step0.layer11.attention,attention,PIM_COMPUTE,step0.layer11.rope,1060.427006016,18.905016000,1079.332022016,step0.layer11.rope,decode attention from Ramulator cycle-v0 table
0,11,step0.layer11.o_proj,attention_output,GPU_COMPUTE,step0.layer11.attention,1079.332022016,3.109440000,1082.441462016,step0.layer11.attention,attention output projection
0,11,step0.layer11.residual1,residual,GPU_COMPUTE,step0.layer11.o_proj,1082.441462016,1.012288000,1083.453750016,step0.layer11.o_proj,residual add
0,11,step0.layer11.norm2,norm,GPU_COMPUTE,step0.layer11.residual1,1083.453750016,1.008192000,1084.461942016,step0.layer11.residual1,RMSNorm
0,11,step0.layer11.router,router,GPU_COMPUTE,step0.layer11.norm2,1084.461942016,2.069888000,1086.531830016,step0.layer11.norm2,MoE router
0,11,step0.layer11.metadata,metadata,GPU_COMPUTE,step0.layer11.router,1086.531830016,1.000128000,1087.531958016,step0.layer11.router,routing metadata
0,11,step0.layer11.dispatch,dispatch,,step0.layer11.metadata,1087.531958016,0.000000000,1087.531958016,step0.layer11.metadata,single-GPU dispatch placeholder
0,11,step0.layer11.scheduler,scheduler,GPU_COMPUTE,step0.layer11.metadata,1087.531958016,0.000000000,1087.531958016,step0.layer11.metadata,noexp placement policy
0,11,step0.layer11.gpu_weight_load,gpu_weight_load,HBM_MEM_PATH,step0.layer11.scheduler,1087.531958016,57.802752000,1145.334710016,step0.layer11.scheduler,expert weights HBM to GPU
0,11,step0.layer11.gpu_expert_compute,gpu_expert,GPU_COMPUTE,step0.layer11.gpu_weight_load;step0.layer11.dispatch,1145.334710016,3.268435456,1148.603145472,step0.layer11.gpu_weight_load,grouped expert GEMM
0,11,step0.layer11.pim_gwrite,pim_write,GPU_PIM_IO,step0.layer11.scheduler;step0.layer11.dispatch,1087.531958016,0.000000000,1087.531958016,step0.layer11.scheduler,PIM_GWRITE token operands
0,11,step0.layer11.pim_expert_compute,pim_expert,PIM_COMPUTE,step0.layer11.pim_gwrite,1087.531958016,0.000000000,1087.531958016,step0.layer11.pim_gwrite,serialized PIM expert GEMV
0,11,step0.layer11.pim_read,pim_read,GPU_PIM_IO,step0.layer11.pim_expert_compute,1087.531958016,0.000000000,1087.531958016,step0.layer11.pim_gwrite,PIM expert result read
0,11,step0.layer11.combine,combine,GPU_COMPUTE,step0.layer11.gpu_expert_compute;step0.layer11.pim_read,1148.603145472,1.036864000,1149.640009472,step0.layer11.gpu_expert_compute,weighted expert combine
0,11,step0.layer11.residual2,residual,GPU_COMPUTE,step0.layer11.combine,1149.640009472,1.012288000,1150.652297472,step0.layer11.combine,residual add
0,12,step0.layer12.norm1,norm,GPU_COMPUTE,step0.layer11.residual2,1150.652297472,1.008192000,1151.660489472,step0.layer11.residual2,RMSNorm
0,12,step0.layer12.qkv,qkv,GPU_COMPUTE,step0.layer12.norm1,1151.660489472,3.635776000,1155.296265472,step0.layer12.norm1,QKV projection
0,12,step0.layer12.rope,rope,GPU_COMPUTE,step0.layer12.qkv,1155.296265472,1.018432000,1156.314697472,step0.layer12.qkv,QK norm and RoPE
0,12,step0.layer12.attention,attention,PIM_COMPUTE,step0.layer12.rope,1156.314697472,18.905016000,1175.219713472,step0.layer12.rope,decode attention from Ramulator cycle-v0 table
0,12,step0.layer12.o_proj,attention_output,GPU_COMPUTE,step0.layer12.attention,1175.219713472,3.109440000,1178.329153472,step0.layer12.attention,attention output projection
0,12,step0.layer12.residual1,residual,GPU_COMPUTE,step0.layer12.o_proj,1178.329153472,1.012288000,1179.341441472,step0.layer12.o_proj,residual add
0,12,step0.layer12.norm2,norm,GPU_COMPUTE,step0.layer12.residual1,1179.341441472,1.008192000,1180.349633472,step0.layer12.residual1,RMSNorm
0,12,step0.layer12.router,router,GPU_COMPUTE,step0.layer12.norm2,1180.349633472,2.069888000,1182.419521472,step0.layer12.norm2,MoE router
0,12,step0.layer12.metadata,metadata,GPU_COMPUTE,step0.layer12.router,1182.419521472,1.000128000,1183.419649472,step0.layer12.router,routing metadata
0,12,step0.layer12.dispatch,dispatch,,step0.layer12.metadata,1183.419649472,0.000000000,1183.419649472,step0.layer12.metadata,single-GPU dispatch placeholder
0,12,step0.layer12.scheduler,scheduler,GPU_COMPUTE,step0.layer12.metadata,1183.419649472,0.000000000,1183.419649472,step0.layer12.metadata,noexp placement policy
0,12,step0.layer12.gpu_weight_load,gpu_weight_load,HBM_MEM_PATH,step0.layer12.scheduler,1183.419649472,57.802752000,1241.222401472,step0.layer12.scheduler,expert weights HBM to GPU
0,12,step0.layer12.gpu_expert_compute,gpu_expert,GPU_COMPUTE,step0.layer12.gpu_weight_load;step0.layer12.dispatch,1241.222401472,3.268435456,1244.490836928,step0.layer12.gpu_weight_load,grouped expert GEMM
0,12,step0.layer12.pim_gwrite,pim_write,GPU_PIM_IO,step0.layer12.scheduler;step0.layer12.dispatch,1183.419649472,0.000000000,1183.419649472,step0.layer12.scheduler,PIM_GWRITE token operands
0,12,step0.layer12.pim_expert_compute,pim_expert,PIM_COMPUTE,step0.layer12.pim_gwrite,1183.419649472,0.000000000,1183.419649472,step0.layer12.pim_gwrite,serialized PIM expert GEMV
0,12,step0.layer12.pim_read,pim_read,GPU_PIM_IO,step0.layer12.pim_expert_compute,1183.419649472,0.000000000,1183.419649472,step0.layer12.pim_gwrite,PIM expert result read
0,12,step0.layer12.combine,combine,GPU_COMPUTE,step0.layer12.gpu_expert_compute;step0.layer12.pim_read,1244.490836928,1.036864000,1245.527700928,step0.layer12.gpu_expert_compute,weighted expert combine
0,12,step0.layer12.residual2,residual,GPU_COMPUTE,step0.layer12.combine,1245.527700928,1.012288000,1246.539988928,step0.layer12.combine,residual add
0,13,step0.layer13.norm1,norm,GPU_COMPUTE,step0.layer12.residual2,1246.539988928,1.008192000,1247.548180928,step0.layer12.residual2,RMSNorm
0,13,step0.layer13.qkv,qkv,GPU_COMPUTE,step0.layer13.norm1,1247.548180928,3.635776000,1251.183956928,step0.layer13.norm1,QKV projection
0,13,step0.layer13.rope,rope,GPU_COMPUTE,step0.layer13.qkv,1251.183956928,1.018432000,1252.202388928,step0.layer13.qkv,QK norm and RoPE
0,13,step0.layer13.attention,attention,PIM_COMPUTE,step0.layer13.rope,1252.202388928,18.905016000,1271.107404928,step0.layer13.rope,decode attention from Ramulator cycle-v0 table
0,13,step0.layer13.o_proj,attention_output,GPU_COMPUTE,step0.layer13.attention,1271.107404928,3.109440000,1274.216844928,step0.layer13.attention,attention output projection
0,13,step0.layer13.residual1,residual,GPU_COMPUTE,step0.layer13.o_proj,1274.216844928,1.012288000,1275.229132928,step0.layer13.o_proj,residual add
0,13,step0.layer13.norm2,norm,GPU_COMPUTE,step0.layer13.residual1,1275.229132928,1.008192000,1276.237324928,step0.layer13.residual1,RMSNorm
0,13,step0.layer13.router,router,GPU_COMPUTE,step0.layer13.norm2,1276.237324928,2.069888000,1278.307212928,step0.layer13.norm2,MoE router
0,13,step0.layer13.metadata,metadata,GPU_COMPUTE,step0.layer13.router,1278.307212928,1.000128000,1279.307340928,step0.layer13.router,routing metadata
0,13,step0.layer13.dispatch,dispatch,,step0.layer13.metadata,1279.307340928,0.000000000,1279.307340928,step0.layer13.metadata,single-GPU dispatch placeholder
0,13,step0.layer13.scheduler,scheduler,GPU_COMPUTE,step0.layer13.metadata,1279.307340928,0.000000000,1279.307340928,step0.layer13.metadata,noexp placement policy
0,13,step0.layer13.gpu_weight_load,gpu_weight_load,HBM_MEM_PATH,step0.layer13.scheduler,1279.307340928,57.802752000,1337.110092928,step0.layer13.scheduler,expert weights HBM to GPU
0,13,step0.layer13.gpu_expert_compute,gpu_expert,GPU_COMPUTE,step0.layer13.gpu_weight_load;step0.layer13.dispatch,1337.110092928,3.268435456,1340.378528384,step0.layer13.gpu_weight_load,grouped expert GEMM
0,13,step0.layer13.pim_gwrite,pim_write,GPU_PIM_IO,step0.layer13.scheduler;step0.layer13.dispatch,1279.307340928,0.000000000,1279.307340928,step0.layer13.scheduler,PIM_GWRITE token operands
0,13,step0.layer13.pim_expert_compute,pim_expert,PIM_COMPUTE,step0.layer13.pim_gwrite,1279.307340928,0.000000000,1279.307340928,step0.layer13.pim_gwrite,serialized PIM expert GEMV
0,13,step0.layer13.pim_read,pim_read,GPU_PIM_IO,step0.layer13.pim_expert_compute,1279.307340928,0.000000000,1279.307340928,step0.layer13.pim_gwrite,PIM expert result read
0,13,step0.layer13.combine,combine,GPU_COMPUTE,step0.layer13.gpu_expert_compute;step0.layer13.pim_read,1340.378528384,1.036864000,1341.415392384,step0.layer13.gpu_expert_compute,weighted expert combine
0,13,step0.layer13.residual2,residual,GPU_COMPUTE,step0.layer13.combine,1341.415392384,1.012288000,1342.427680384,step0.layer13.combine,residual add
0,14,step0.layer14.norm1,norm,GPU_COMPUTE,step0.layer13.residual2,1342.427680384,1.008192000,1343.435872384,step0.layer13.residual2,RMSNorm
0,14,step0.layer14.qkv,qkv,GPU_COMPUTE,step0.layer14.norm1,1343.435872384,3.635776000,1347.071648384,step0.layer14.norm1,QKV projection
0,14,step0.layer14.rope,rope,GPU_COMPUTE,step0.layer14.qkv,1347.071648384,1.018432000,1348.090080384,step0.layer14.qkv,QK norm and RoPE
0,14,step0.layer14.attention,attention,PIM_COMPUTE,step0.layer14.rope,1348.090080384,18.905016000,1366.995096384,step0.layer14.rope,decode attention from Ramulator cycle-v0 table
0,14,step0.layer14.o_proj,attention_output,GPU_COMPUTE,step0.layer14.attention,1366.995096384,3.109440000,1370.104536384,step0.layer14.attention,attention output projection
0,14,step0.layer14.residual1,residual,GPU_COMPUTE,step0.layer14.o_proj,1370.104536384,1.012288000,1371.116824384,step0.layer14.o_proj,residual add
0,14,step0.layer14.norm2,norm,GPU_COMPUTE,step0.layer14.residual1,1371.116824384,1.008192000,1372.125016384,step0.layer14.residual1,RMSNorm
0,14,step0.layer14.router,router,GPU_COMPUTE,step0.layer14.norm2,1372.125016384,2.069888000,1374.194904384,step0.layer14.norm2,MoE router
0,14,step0.layer14.metadata,metadata,GPU_COMPUTE,step0.layer14.router,1374.194904384,1.000128000,1375.195032384,step0.layer14.router,routing metadata
0,14,step0.layer14.dispatch,dispatch,,step0.layer14.metadata,1375.195032384,0.000000000,1375.195032384,step0.layer14.metadata,single-GPU dispatch placeholder
0,14,step0.layer14.scheduler,scheduler,GPU_COMPUTE,step0.layer14.metadata,1375.195032384,0.000000000,1375.195032384,step0.layer14.metadata,noexp placement policy
0,14,step0.layer14.gpu_weight_load,gpu_weight_load,HBM_MEM_PATH,step0.layer14.scheduler,1375.195032384,57.802752000,1432.997784384,step0.layer14.scheduler,expert weights HBM to GPU
0,14,step0.layer14.gpu_expert_compute,gpu_expert,GPU_COMPUTE,step0.layer14.gpu_weight_load;step0.layer14.dispatch,1432.997784384,3.268435456,1436.266219840,step0.layer14.gpu_weight_load,grouped expert GEMM
0,14,step0.layer14.pim_gwrite,pim_write,GPU_PIM_IO,step0.layer14.scheduler;step0.layer14.dispatch,1375.195032384,0.000000000,1375.195032384,step0.layer14.scheduler,PIM_GWRITE token operands
0,14,step0.layer14.pim_expert_compute,pim_expert,PIM_COMPUTE,step0.layer14.pim_gwrite,1375.195032384,0.000000000,1375.195032384,step0.layer14.pim_gwrite,serialized PIM expert GEMV
0,14,step0.layer14.pim_read,pim_read,GPU_PIM_IO,step0.layer14.pim_expert_compute,1375.195032384,0.000000000,1375.195032384,step0.layer14.pim_gwrite,PIM expert result read
0,14,step0.layer14.combine,combine,GPU_COMPUTE,step0.layer14.gpu_expert_compute;step0.layer14.pim_read,1436.266219840,1.036864000,1437.303083840,step0.layer14.gpu_expert_compute,weighted expert combine
0,14,step0.layer14.residual2,residual,GPU_COMPUTE,step0.layer14.combine,1437.303083840,1.012288000,1438.315371840,step0.layer14.combine,residual add
0,15,step0.layer15.norm1,norm,GPU_COMPUTE,step0.layer14.residual2,1438.315371840,1.008192000,1439.323563840,step0.layer14.residual2,RMSNorm
0,15,step0.layer15.qkv,qkv,GPU_COMPUTE,step0.layer15.norm1,1439.323563840,3.635776000,1442.959339840,step0.layer15.norm1,QKV projection
0,15,step0.layer15.rope,rope,GPU_COMPUTE,step0.layer15.qkv,1442.959339840,1.018432000,1443.977771840,step0.layer15.qkv,QK norm and RoPE
0,15,step0.layer15.attention,attention,PIM_COMPUTE,step0.layer15.rope,1443.977771840,18.905016000,1462.882787840,step0.layer15.rope,decode attention from Ramulator cycle-v0 table
0,15,step0.layer15.o_proj,attention_output,GPU_COMPUTE,step0.layer15.attention,1462.882787840,3.109440000,1465.992227840,step0.layer15.attention,attention output projection
0,15,step0.layer15.residual1,residual,GPU_COMPUTE,step0.layer15.o_proj,1465.992227840,1.012288000,1467.004515840,step0.layer15.o_proj,residual add
0,15,step0.layer15.norm2,norm,GPU_COMPUTE,step0.layer15.residual1,1467.004515840,1.008192000,1468.012707840,step0.layer15.residual1,RMSNorm
0,15,step0.layer15.router,router,GPU_COMPUTE,step0.layer15.norm2,1468.012707840,2.069888000,1470.082595840,step0.layer15.norm2,MoE router
0,15,step0.layer15.metadata,metadata,GPU_COMPUTE,step0.layer15.router,1470.082595840,1.000128000,1471.082723840,step0.layer15.router,routing metadata
0,15,step0.layer15.dispatch,dispatch,,step0.layer15.metadata,1471.082723840,0.000000000,1471.082723840,step0.layer15.metadata,single-GPU dispatch placeholder
0,15,step0.layer15.scheduler,scheduler,GPU_COMPUTE,step0.layer15.metadata,1471.082723840,0.000000000,1471.082723840,step0.layer15.metadata,noexp placement policy
0,15,step0.layer15.gpu_weight_load,gpu_weight_load,HBM_MEM_PATH,step0.layer15.scheduler,1471.082723840,57.802752000,1528.885475840,step0.layer15.scheduler,expert weights HBM to GPU
0,15,step0.layer15.gpu_expert_compute,gpu_expert,GPU_COMPUTE,step0.layer15.gpu_weight_load;step0.layer15.dispatch,1528.885475840,3.268435456,1532.153911296,step0.layer15.gpu_weight_load,grouped expert GEMM
0,15,step0.layer15.pim_gwrite,pim_write,GPU_PIM_IO,step0.layer15.scheduler;step0.layer15.dispatch,1471.082723840,0.000000000,1471.082723840,step0.layer15.scheduler,PIM_GWRITE token operands
0,15,step0.layer15.pim_expert_compute,pim_expert,PIM_COMPUTE,step0.layer15.pim_gwrite,1471.082723840,0.000000000,1471.082723840,step0.layer15.pim_gwrite,serialized PIM expert GEMV
0,15,step0.layer15.pim_read,pim_read,GPU_PIM_IO,step0.layer15.pim_expert_compute,1471.082723840,0.000000000,1471.082723840,step0.layer15.pim_gwrite,PIM expert result read
0,15,step0.layer15.combine,combine,GPU_COMPUTE,step0.layer15.gpu_expert_compute;step0.layer15.pim_read,1532.153911296,1.036864000,1533.190775296,step0.layer15.gpu_expert_compute,weighted expert combine
0,15,step0.layer15.residual2,residual,GPU_COMPUTE,step0.layer15.combine,1533.190775296,1.012288000,1534.203063296,step0.layer15.combine,residual add
0,16,step0.layer16.norm1,norm,GPU_COMPUTE,step0.layer15.residual2,1534.203063296,1.008192000,1535.211255296,step0.layer15.residual2,RMSNorm
0,16,step0.layer16.qkv,qkv,GPU_COMPUTE,step0.layer16.norm1,1535.211255296,3.635776000,1538.847031296,step0.layer16.norm1,QKV projection
0,16,step0.layer16.rope,rope,GPU_COMPUTE,step0.layer16.qkv,1538.847031296,1.018432000,1539.865463296,step0.layer16.qkv,QK norm and RoPE
0,16,step0.layer16.attention,attention,PIM_COMPUTE,step0.layer16.rope,1539.865463296,18.905016000,1558.770479296,step0.layer16.rope,decode attention from Ramulator cycle-v0 table
0,16,step0.layer16.o_proj,attention_output,GPU_COMPUTE,step0.layer16.attention,1558.770479296,3.109440000,1561.879919296,step0.layer16.attention,attention output projection
0,16,step0.layer16.residual1,residual,GPU_COMPUTE,step0.layer16.o_proj,1561.879919296,1.012288000,1562.892207296,step0.layer16.o_proj,residual add
0,16,step0.layer16.norm2,norm,GPU_COMPUTE,step0.layer16.residual1,1562.892207296,1.008192000,1563.900399296,step0.layer16.residual1,RMSNorm
0,16,step0.layer16.router,router,GPU_COMPUTE,step0.layer16.norm2,1563.900399296,2.069888000,1565.970287296,step0.layer16.norm2,MoE router
0,16,step0.layer16.metadata,metadata,GPU_COMPUTE,step0.layer16.router,1565.970287296,1.000128000,1566.970415296,step0.layer16.router,routing metadata
0,16,step0.layer16.dispatch,dispatch,,step0.layer16.metadata,1566.970415296,0.000000000,1566.970415296,step0.layer16.metadata,single-GPU dispatch placeholder
0,16,step0.layer16.scheduler,scheduler,GPU_COMPUTE,step0.layer16.metadata,1566.970415296,0.000000000,1566.970415296,step0.layer16.metadata,noexp placement policy
0,16,step0.layer16.gpu_weight_load,gpu_weight_load,HBM_MEM_PATH,step0.layer16.scheduler,1566.970415296,57.802752000,1624.773167296,step0.layer16.scheduler,expert weights HBM to GPU
0,16,step0.layer16.gpu_expert_compute,gpu_expert,GPU_COMPUTE,step0.layer16.gpu_weight_load;step0.layer16.dispatch,1624.773167296,3.268435456,1628.041602752,step0.layer16.gpu_weight_load,grouped expert GEMM
0,16,step0.layer16.pim_gwrite,pim_write,GPU_PIM_IO,step0.layer16.scheduler;step0.layer16.dispatch,1566.970415296,0.000000000,1566.970415296,step0.layer16.scheduler,PIM_GWRITE token operands
0,16,step0.layer16.pim_expert_compute,pim_expert,PIM_COMPUTE,step0.layer16.pim_gwrite,1566.970415296,0.000000000,1566.970415296,step0.layer16.pim_gwrite,serialized PIM expert GEMV
0,16,step0.layer16.pim_read,pim_read,GPU_PIM_IO,step0.layer16.pim_expert_compute,1566.970415296,0.000000000,1566.970415296,step0.layer16.pim_gwrite,PIM expert result read
0,16,step0.layer16.combine,combine,GPU_COMPUTE,step0.layer16.gpu_expert_compute;step0.layer16.pim_read,1628.041602752,1.036864000,1629.078466752,step0.layer16.gpu_expert_compute,weighted expert combine
0,16,step0.layer16.residual2,residual,GPU_COMPUTE,step0.layer16.combine,1629.078466752,1.012288000,1630.090754752,step0.layer16.combine,residual add
0,17,step0.layer17.norm1,norm,GPU_COMPUTE,step0.layer16.residual2,1630.090754752,1.008192000,1631.098946752,step0.layer16.residual2,RMSNorm
0,17,step0.layer17.qkv,qkv,GPU_COMPUTE,step0.layer17.norm1,1631.098946752,3.635776000,1634.734722752,step0.layer17.norm1,QKV projection
0,17,step0.layer17.rope,rope,GPU_COMPUTE,step0.layer17.qkv,1634.734722752,1.018432000,1635.753154752,step0.layer17.qkv,QK norm and RoPE
0,17,step0.layer17.attention,attention,PIM_COMPUTE,step0.layer17.rope,1635.753154752,18.905016000,1654.658170752,step0.layer17.rope,decode attention from Ramulator cycle-v0 table
0,17,step0.layer17.o_proj,attention_output,GPU_COMPUTE,step0.layer17.attention,1654.658170752,3.109440000,1657.767610752,step0.layer17.attention,attention output projection
0,17,step0.layer17.residual1,residual,GPU_COMPUTE,step0.layer17.o_proj,1657.767610752,1.012288000,1658.779898752,step0.layer17.o_proj,residual add
0,17,step0.layer17.norm2,norm,GPU_COMPUTE,step0.layer17.residual1,1658.779898752,1.008192000,1659.788090752,step0.layer17.residual1,RMSNorm
0,17,step0.layer17.router,router,GPU_COMPUTE,step0.layer17.norm2,1659.788090752,2.069888000,1661.857978752,step0.layer17.norm2,MoE router
0,17,step0.layer17.metadata,metadata,GPU_COMPUTE,step0.layer17.router,1661.857978752,1.000128000,1662.858106752,step0.layer17.router,routing metadata
0,17,step0.layer17.dispatch,dispatch,,step0.layer17.metadata,1662.858106752,0.000000000,1662.858106752,step0.layer17.metadata,single-GPU dispatch placeholder
0,17,step0.layer17.scheduler,scheduler,GPU_COMPUTE,step0.layer17.metadata,1662.858106752,0.000000000,1662.858106752,step0.layer17.metadata,noexp placement policy
0,17,step0.layer17.gpu_weight_load,gpu_weight_load,HBM_MEM_PATH,step0.layer17.scheduler,1662.858106752,57.802752000,1720.660858752,step0.layer17.scheduler,expert weights HBM to GPU
0,17,step0.layer17.gpu_expert_compute,gpu_expert,GPU_COMPUTE,step0.layer17.gpu_weight_load;step0.layer17.dispatch,1720.660858752,3.268435456,1723.929294208,step0.layer17.gpu_weight_load,grouped expert GEMM
0,17,step0.layer17.pim_gwrite,pim_write,GPU_PIM_IO,step0.layer17.scheduler;step0.layer17.dispatch,1662.858106752,0.000000000,1662.858106752,step0.layer17.scheduler,PIM_GWRITE token operands
0,17,step0.layer17.pim_expert_compute,pim_expert,PIM_COMPUTE,step0.layer17.pim_gwrite,1662.858106752,0.000000000,1662.858106752,step0.layer17.pim_gwrite,serialized PIM expert GEMV
0,17,step0.layer17.pim_read,pim_read,GPU_PIM_IO,step0.layer17.pim_expert_compute,1662.858106752,0.000000000,1662.858106752,step0.layer17.pim_gwrite,PIM expert result read
0,17,step0.layer17.combine,combine,GPU_COMPUTE,step0.layer17.gpu_expert_compute;step0.layer17.pim_read,1723.929294208,1.036864000,1724.966158208,step0.layer17.gpu_expert_compute,weighted expert combine
0,17,step0.layer17.residual2,residual,GPU_COMPUTE,step0.layer17.combine,1724.966158208,1.012288000,1725.978446208,step0.layer17.combine,residual add
0,18,step0.layer18.norm1,norm,GPU_COMPUTE,step0.layer17.residual2,1725.978446208,1.008192000,1726.986638208,step0.layer17.residual2,RMSNorm
0,18,step0.layer18.qkv,qkv,GPU_COMPUTE,step0.layer18.norm1,1726.986638208,3.635776000,1730.622414208,step0.layer18.norm1,QKV projection
0,18,step0.layer18.rope,rope,GPU_COMPUTE,step0.layer18.qkv,1730.622414208,1.018432000,1731.640846208,step0.layer18.qkv,QK norm and RoPE
0,18,step0.layer18.attention,attention,PIM_COMPUTE,step0.layer18.rope,1731.640846208,18.905016000,1750.545862208,step0.layer18.rope,decode attention from Ramulator cycle-v0 table
0,18,step0.layer18.o_proj,attention_output,GPU_COMPUTE,step0.layer18.attention,1750.545862208,3.109440000,1753.655302208,step0.layer18.attention,attention output projection
0,18,step0.layer18.residual1,residual,GPU_COMPUTE,step0.layer18.o_proj,1753.655302208,1.012288000,1754.667590208,step0.layer18.o_proj,residual add
0,18,step0.layer18.norm2,norm,GPU_COMPUTE,step0.layer18.residual1,1754.667590208,1.008192000,1755.675782208,step0.layer18.residual1,RMSNorm
0,18,step0.layer18.router,router,GPU_COMPUTE,step0.layer18.norm2,1755.675782208,2.069888000,1757.745670208,step0.layer18.norm2,MoE router
0,18,step0.layer18.metadata,metadata,GPU_COMPUTE,step0.layer18.router,1757.745670208,1.000128000,1758.745798208,step0.layer18.router,routing metadata
0,18,step0.layer18.dispatch,dispatch,,step0.layer18.metadata,1758.745798208,0.000000000,1758.745798208,step0.layer18.metadata,single-GPU dispatch placeholder
0,18,step0.layer18.scheduler,scheduler,GPU_COMPUTE,step0.layer18.metadata,1758.745798208,0.000000000,1758.745798208,step0.layer18.metadata,noexp placement policy
0,18,step0.layer18.gpu_weight_load,gpu_weight_load,HBM_MEM_PATH,step0.layer18.scheduler,1758.745798208,57.802752000,1816.548550208,step0.layer18.scheduler,expert weights HBM to GPU
0,18,step0.layer18.gpu_expert_compute,gpu_expert,GPU_COMPUTE,step0.layer18.gpu_weight_load;step0.layer18.dispatch,1816.548550208,3.268435456,1819.816985664,step0.layer18.gpu_weight_load,grouped expert GEMM
0,18,step0.layer18.pim_gwrite,pim_write,GPU_PIM_IO,step0.layer18.scheduler;step0.layer18.dispatch,1758.745798208,0.000000000,1758.745798208,step0.layer18.scheduler,PIM_GWRITE token operands
0,18,step0.layer18.pim_expert_compute,pim_expert,PIM_COMPUTE,step0.layer18.pim_gwrite,1758.745798208,0.000000000,1758.745798208,step0.layer18.pim_gwrite,serialized PIM expert GEMV
0,18,step0.layer18.pim_read,pim_read,GPU_PIM_IO,step0.layer18.pim_expert_compute,1758.745798208,0.000000000,1758.745798208,step0.layer18.pim_gwrite,PIM expert result read
0,18,step0.layer18.combine,combine,GPU_COMPUTE,step0.layer18.gpu_expert_compute;step0.layer18.pim_read,1819.816985664,1.036864000,1820.853849664,step0.layer18.gpu_expert_compute,weighted expert combine
0,18,step0.layer18.residual2,residual,GPU_COMPUTE,step0.layer18.combine,1820.853849664,1.012288000,1821.866137664,step0.layer18.combine,residual add
0,19,step0.layer19.norm1,norm,GPU_COMPUTE,step0.layer18.residual2,1821.866137664,1.008192000,1822.874329664,step0.layer18.residual2,RMSNorm
0,19,step0.layer19.qkv,qkv,GPU_COMPUTE,step0.layer19.norm1,1822.874329664,3.635776000,1826.510105664,step0.layer19.norm1,QKV projection
0,19,step0.layer19.rope,rope,GPU_COMPUTE,step0.layer19.qkv,1826.510105664,1.018432000,1827.528537664,step0.layer19.qkv,QK norm and RoPE
0,19,step0.layer19.attention,attention,PIM_COMPUTE,step0.layer19.rope,1827.528537664,18.905016000,1846.433553664,step0.layer19.rope,decode attention from Ramulator cycle-v0 table
0,19,step0.layer19.o_proj,attention_output,GPU_COMPUTE,step0.layer19.attention,1846.433553664,3.109440000,1849.542993664,step0.layer19.attention,attention output projection
0,19,step0.layer19.residual1,residual,GPU_COMPUTE,step0.layer19.o_proj,1849.542993664,1.012288000,1850.555281664,step0.layer19.o_proj,residual add
0,19,step0.layer19.norm2,norm,GPU_COMPUTE,step0.layer19.residual1,1850.555281664,1.008192000,1851.563473664,step0.layer19.residual1,RMSNorm
0,19,step0.layer19.router,router,GPU_COMPUTE,step0.layer19.norm2,1851.563473664,2.069888000,1853.633361664,step0.layer19.norm2,MoE router
0,19,step0.layer19.metadata,metadata,GPU_COMPUTE,step0.layer19.router,1853.633361664,1.000128000,1854.633489664,step0.layer19.router,routing metadata
0,19,step0.layer19.dispatch,dispatch,,step0.layer19.metadata,1854.633489664,0.000000000,1854.633489664,step0.layer19.metadata,single-GPU dispatch placeholder
0,19,step0.layer19.scheduler,scheduler,GPU_COMPUTE,step0.layer19.metadata,1854.633489664,0.000000000,1854.633489664,step0.layer19.metadata,noexp placement policy
0,19,step0.layer19.gpu_weight_load,gpu_weight_load,HBM_MEM_PATH,step0.layer19.scheduler,1854.633489664,57.802752000,1912.436241664,step0.layer19.scheduler,expert weights HBM to GPU
0,19,step0.layer19.gpu_expert_compute,gpu_expert,GPU_COMPUTE,step0.layer19.gpu_weight_load;step0.layer19.dispatch,1912.436241664,3.268435456,1915.704677120,step0.layer19.gpu_weight_load,grouped expert GEMM
0,19,step0.layer19.pim_gwrite,pim_write,GPU_PIM_IO,step0.layer19.scheduler;step0.layer19.dispatch,1854.633489664,0.000000000,1854.633489664,step0.layer19.scheduler,PIM_GWRITE token operands
0,19,step0.layer19.pim_expert_compute,pim_expert,PIM_COMPUTE,step0.layer19.pim_gwrite,1854.633489664,0.000000000,1854.633489664,step0.layer19.pim_gwrite,serialized PIM expert GEMV
0,19,step0.layer19.pim_read,pim_read,GPU_PIM_IO,step0.layer19.pim_expert_compute,1854.633489664,0.000000000,1854.633489664,step0.layer19.pim_gwrite,PIM expert result read
0,19,step0.layer19.combine,combine,GPU_COMPUTE,step0.layer19.gpu_expert_compute;step0.layer19.pim_read,1915.704677120,1.036864000,1916.741541120,step0.layer19.gpu_expert_compute,weighted expert combine
0,19,step0.layer19.residual2,residual,GPU_COMPUTE,step0.layer19.combine,1916.741541120,1.012288000,1917.753829120,step0.layer19.combine,residual add
0,20,step0.layer20.norm1,norm,GPU_COMPUTE,step0.layer19.residual2,1917.753829120,1.008192000,1918.762021120,step0.layer19.residual2,RMSNorm
0,20,step0.layer20.qkv,qkv,GPU_COMPUTE,step0.layer20.norm1,1918.762021120,3.635776000,1922.397797120,step0.layer20.norm1,QKV projection
0,20,step0.layer20.rope,rope,GPU_COMPUTE,step0.layer20.qkv,1922.397797120,1.018432000,1923.416229120,step0.layer20.qkv,QK norm and RoPE
0,20,step0.layer20.attention,attention,PIM_COMPUTE,step0.layer20.rope,1923.416229120,18.905016000,1942.321245120,step0.layer20.rope,decode attention from Ramulator cycle-v0 table
0,20,step0.layer20.o_proj,attention_output,GPU_COMPUTE,step0.layer20.attention,1942.321245120,3.109440000,1945.430685120,step0.layer20.attention,attention output projection
0,20,step0.layer20.residual1,residual,GPU_COMPUTE,step0.layer20.o_proj,1945.430685120,1.012288000,1946.442973120,step0.layer20.o_proj,residual add
0,20,step0.layer20.norm2,norm,GPU_COMPUTE,step0.layer20.residual1,1946.442973120,1.008192000,1947.451165120,step0.layer20.residual1,RMSNorm
0,20,step0.layer20.router,router,GPU_COMPUTE,step0.layer20.norm2,1947.451165120,2.069888000,1949.521053120,step0.layer20.norm2,MoE router
0,20,step0.layer20.metadata,metadata,GPU_COMPUTE,step0.layer20.router,1949.521053120,1.000128000,1950.521181120,step0.layer20.router,routing metadata
0,20,step0.layer20.dispatch,dispatch,,step0.layer20.metadata,1950.521181120,0.000000000,1950.521181120,step0.layer20.metadata,single-GPU dispatch placeholder
0,20,step0.layer20.scheduler,scheduler,GPU_COMPUTE,step0.layer20.metadata,1950.521181120,0.000000000,1950.521181120,step0.layer20.metadata,noexp placement policy
0,20,step0.layer20.gpu_weight_load,gpu_weight_load,HBM_MEM_PATH,step0.layer20.scheduler,1950.521181120,57.802752000,2008.323933120,step0.layer20.scheduler,expert weights HBM to GPU
0,20,step0.layer20.gpu_expert_compute,gpu_expert,GPU_COMPUTE,step0.layer20.gpu_weight_load;step0.layer20.dispatch,2008.323933120,3.268435456,2011.592368576,step0.layer20.gpu_weight_load,grouped expert GEMM
0,20,step0.layer20.pim_gwrite,pim_write,GPU_PIM_IO,step0.layer20.scheduler;step0.layer20.dispatch,1950.521181120,0.000000000,1950.521181120,step0.layer20.scheduler,PIM_GWRITE token operands
0,20,step0.layer20.pim_expert_compute,pim_expert,PIM_COMPUTE,step0.layer20.pim_gwrite,1950.521181120,0.000000000,1950.521181120,step0.layer20.pim_gwrite,serialized PIM expert GEMV
0,20,step0.layer20.pim_read,pim_read,GPU_PIM_IO,step0.layer20.pim_expert_compute,1950.521181120,0.000000000,1950.521181120,step0.layer20.pim_gwrite,PIM expert result read
0,20,step0.layer20.combine,combine,GPU_COMPUTE,step0.layer20.gpu_expert_compute;step0.layer20.pim_read,2011.592368576,1.036864000,2012.629232576,step0.layer20.gpu_expert_compute,weighted expert combine
0,20,step0.layer20.residual2,residual,GPU_COMPUTE,step0.layer20.combine,2012.629232576,1.012288000,2013.641520576,step0.layer20.combine,residual add
0,21,step0.layer21.norm1,norm,GPU_COMPUTE,step0.layer20.residual2,2013.641520576,1.008192000,2014.649712576,step0.layer20.residual2,RMSNorm
0,21,step0.layer21.qkv,qkv,GPU_COMPUTE,step0.layer21.norm1,2014.649712576,3.635776000,2018.285488576,step0.layer21.norm1,QKV projection
0,21,step0.layer21.rope,rope,GPU_COMPUTE,step0.layer21.qkv,2018.285488576,1.018432000,2019.303920576,step0.layer21.qkv,QK norm and RoPE
0,21,step0.layer21.attention,attention,PIM_COMPUTE,step0.layer21.rope,2019.303920576,18.905016000,2038.208936576,step0.layer21.rope,decode attention from Ramulator cycle-v0 table
0,21,step0.layer21.o_proj,attention_output,GPU_COMPUTE,step0.layer21.attention,2038.208936576,3.109440000,2041.318376576,step0.layer21.attention,attention output projection
0,21,step0.layer21.residual1,residual,GPU_COMPUTE,step0.layer21.o_proj,2041.318376576,1.012288000,2042.330664576,step0.layer21.o_proj,residual add
0,21,step0.layer21.norm2,norm,GPU_COMPUTE,step0.layer21.residual1,2042.330664576,1.008192000,2043.338856576,step0.layer21.residual1,RMSNorm
0,21,step0.layer21.router,router,GPU_COMPUTE,step0.layer21.norm2,2043.338856576,2.069888000,2045.408744576,step0.layer21.norm2,MoE router
0,21,step0.layer21.metadata,metadata,GPU_COMPUTE,step0.layer21.router,2045.408744576,1.000128000,2046.408872576,step0.layer21.router,routing metadata
0,21,step0.layer21.dispatch,dispatch,,step0.layer21.metadata,2046.408872576,0.000000000,2046.408872576,step0.layer21.metadata,single-GPU dispatch placeholder
0,21,step0.layer21.scheduler,scheduler,GPU_COMPUTE,step0.layer21.metadata,2046.408872576,0.000000000,2046.408872576,step0.layer21.metadata,noexp placement policy
0,21,step0.layer21.gpu_weight_load,gpu_weight_load,HBM_MEM_PATH,step0.layer21.scheduler,2046.408872576,57.802752000,2104.211624576,step0.layer21.scheduler,expert weights HBM to GPU
0,21,step0.layer21.gpu_expert_compute,gpu_expert,GPU_COMPUTE,step0.layer21.gpu_weight_load;step0.layer21.dispatch,2104.211624576,3.268435456,2107.480060032,step0.layer21.gpu_weight_load,grouped expert GEMM
0,21,step0.layer21.pim_gwrite,pim_write,GPU_PIM_IO,step0.layer21.scheduler;step0.layer21.dispatch,2046.408872576,0.000000000,2046.408872576,step0.layer21.scheduler,PIM_GWRITE token operands
0,21,step0.layer21.pim_expert_compute,pim_expert,PIM_COMPUTE,step0.layer21.pim_gwrite,2046.408872576,0.000000000,2046.408872576,step0.layer21.pim_gwrite,serialized PIM expert GEMV
0,21,step0.layer21.pim_read,pim_read,GPU_PIM_IO,step0.layer21.pim_expert_compute,2046.408872576,0.000000000,2046.408872576,step0.layer21.pim_gwrite,PIM expert result read
0,21,step0.layer21.combine,combine,GPU_COMPUTE,step0.layer21.gpu_expert_compute;step0.layer21.pim_read,2107.480060032,1.036864000,2108.516924032,step0.layer21.gpu_expert_compute,weighted expert combine
0,21,step0.layer21.residual2,residual,GPU_COMPUTE,step0.layer21.combine,2108.516924032,1.012288000,2109.529212032,step0.layer21.combine,residual add
0,22,step0.layer22.norm1,norm,GPU_COMPUTE,step0.layer21.residual2,2109.529212032,1.008192000,2110.537404032,step0.layer21.residual2,RMSNorm
0,22,step0.layer22.qkv,qkv,GPU_COMPUTE,step0.layer22.norm1,2110.537404032,3.635776000,2114.173180032,step0.layer22.norm1,QKV projection
0,22,step0.layer22.rope,rope,GPU_COMPUTE,step0.layer22.qkv,2114.173180032,1.018432000,2115.191612032,step0.layer22.qkv,QK norm and RoPE
0,22,step0.layer22.attention,attention,PIM_COMPUTE,step0.layer22.rope,2115.191612032,18.905016000,2134.096628032,step0.layer22.rope,decode attention from Ramulator cycle-v0 table
0,22,step0.layer22.o_proj,attention_output,GPU_COMPUTE,step0.layer22.attention,2134.096628032,3.109440000,2137.206068032,step0.layer22.attention,attention output projection
0,22,step0.layer22.residual1,residual,GPU_COMPUTE,step0.layer22.o_proj,2137.206068032,1.012288000,2138.218356032,step0.layer22.o_proj,residual add
0,22,step0.layer22.norm2,norm,GPU_COMPUTE,step0.layer22.residual1,2138.218356032,1.008192000,2139.226548032,step0.layer22.residual1,RMSNorm
0,22,step0.layer22.router,router,GPU_COMPUTE,step0.layer22.norm2,2139.226548032,2.069888000,2141.296436032,step0.layer22.norm2,MoE router
0,22,step0.layer22.metadata,metadata,GPU_COMPUTE,step0.layer22.router,2141.296436032,1.000128000,2142.296564032,step0.layer22.router,routing metadata
0,22,step0.layer22.dispatch,dispatch,,step0.layer22.metadata,2142.296564032,0.000000000,2142.296564032,step0.layer22.metadata,single-GPU dispatch placeholder
0,22,step0.layer22.scheduler,scheduler,GPU_COMPUTE,step0.layer22.metadata,2142.296564032,0.000000000,2142.296564032,step0.layer22.metadata,noexp placement policy
0,22,step0.layer22.gpu_weight_load,gpu_weight_load,HBM_MEM_PATH,step0.layer22.scheduler,2142.296564032,57.802752000,2200.099316032,step0.layer22.scheduler,expert weights HBM to GPU
0,22,step0.layer22.gpu_expert_compute,gpu_expert,GPU_COMPUTE,step0.layer22.gpu_weight_load;step0.layer22.dispatch,2200.099316032,3.268435456,2203.367751488,step0.layer22.gpu_weight_load,grouped expert GEMM
0,22,step0.layer22.pim_gwrite,pim_write,GPU_PIM_IO,step0.layer22.scheduler;step0.layer22.dispatch,2142.296564032,0.000000000,2142.296564032,step0.layer22.scheduler,PIM_GWRITE token operands
0,22,step0.layer22.pim_expert_compute,pim_expert,PIM_COMPUTE,step0.layer22.pim_gwrite,2142.296564032,0.000000000,2142.296564032,step0.layer22.pim_gwrite,serialized PIM expert GEMV
0,22,step0.layer22.pim_read,pim_read,GPU_PIM_IO,step0.layer22.pim_expert_compute,2142.296564032,0.000000000,2142.296564032,step0.layer22.pim_gwrite,PIM expert result read
0,22,step0.layer22.combine,combine,GPU_COMPUTE,step0.layer22.gpu_expert_compute;step0.layer22.pim_read,2203.367751488,1.036864000,2204.404615488,step0.layer22.gpu_expert_compute,weighted expert combine
0,22,step0.layer22.residual2,residual,GPU_COMPUTE,step0.layer22.combine,2204.404615488,1.012288000,2205.416903488,step0.layer22.combine,residual add
0,23,step0.layer23.norm1,norm,GPU_COMPUTE,step0.layer22.residual2,2205.416903488,1.008192000,2206.425095488,step0.layer22.residual2,RMSNorm
0,23,step0.layer23.qkv,qkv,GPU_COMPUTE,step0.layer23.norm1,2206.425095488,3.635776000,2210.060871488,step0.layer23.norm1,QKV projection
0,23,step0.layer23.rope,rope,GPU_COMPUTE,step0.layer23.qkv,2210.060871488,1.018432000,2211.079303488,step0.layer23.qkv,QK norm and RoPE
0,23,step0.layer23.attention,attention,PIM_COMPUTE,step0.layer23.rope,2211.079303488,18.905016000,2229.984319488,step0.layer23.rope,decode attention from Ramulator cycle-v0 table
0,23,step0.layer23.o_proj,attention_output,GPU_COMPUTE,step0.layer23.attention,2229.984319488,3.109440000,2233.093759488,step0.layer23.attention,attention output projection
0,23,step0.layer23.residual1,residual,GPU_COMPUTE,step0.layer23.o_proj,2233.093759488,1.012288000,2234.106047488,step0.layer23.o_proj,residual add
0,23,step0.layer23.norm2,norm,GPU_COMPUTE,step0.layer23.residual1,2234.106047488,1.008192000,2235.114239488,step0.layer23.residual1,RMSNorm
0,23,step0.layer23.router,router,GPU_COMPUTE,step0.layer23.norm2,2235.114239488,2.069888000,2237.184127488,step0.layer23.norm2,MoE router
0,23,step0.layer23.metadata,metadata,GPU_COMPUTE,step0.layer23.router,2237.184127488,1.000128000,2238.184255488,step0.layer23.router,routing metadata
0,23,step0.layer23.dispatch,dispatch,,step0.layer23.metadata,2238.184255488,0.000000000,2238.184255488,step0.layer23.metadata,single-GPU dispatch placeholder
0,23,step0.layer23.scheduler,scheduler,GPU_COMPUTE,step0.layer23.metadata,2238.184255488,0.000000000,2238.184255488,step0.layer23.metadata,noexp placement policy
0,23,step0.layer23.gpu_weight_load,gpu_weight_load,HBM_MEM_PATH,step0.layer23.scheduler,2238.184255488,57.802752000,2295.987007488,step0.layer23.scheduler,expert weights HBM to GPU
0,23,step0.layer23.gpu_expert_compute,gpu_expert,GPU_COMPUTE,step0.layer23.gpu_weight_load;step0.layer23.dispatch,2295.987007488,3.268435456,2299.255442944,step0.layer23.gpu_weight_load,grouped expert GEMM
0,23,step0.layer23.pim_gwrite,pim_write,GPU_PIM_IO,step0.layer23.scheduler;step0.layer23.dispatch,2238.184255488,0.000000000,2238.184255488,step0.layer23.scheduler,PIM_GWRITE token operands
0,23,step0.layer23.pim_expert_compute,pim_expert,PIM_COMPUTE,step0.layer23.pim_gwrite,2238.184255488,0.000000000,2238.184255488,step0.layer23.pim_gwrite,serialized PIM expert GEMV
0,23,step0.layer23.pim_read,pim_read,GPU_PIM_IO,step0.layer23.pim_expert_compute,2238.184255488,0.000000000,2238.184255488,step0.layer23.pim_gwrite,PIM expert result read
0,23,step0.layer23.combine,combine,GPU_COMPUTE,step0.layer23.gpu_expert_compute;step0.layer23.pim_read,2299.255442944,1.036864000,2300.292306944,step0.layer23.gpu_expert_compute,weighted expert combine
0,23,step0.layer23.residual2,residual,GPU_COMPUTE,step0.layer23.combine,2300.292306944,1.012288000,2301.304594944,step0.layer23.combine,residual add
0,24,step0.layer24.norm1,norm,GPU_COMPUTE,step0.layer23.residual2,2301.304594944,1.008192000,2302.312786944,step0.layer23.residual2,RMSNorm
0,24,step0.layer24.qkv,qkv,GPU_COMPUTE,step0.layer24.norm1,2302.312786944,3.635776000,2305.948562944,step0.layer24.norm1,QKV projection
0,24,step0.layer24.rope,rope,GPU_COMPUTE,step0.layer24.qkv,2305.948562944,1.018432000,2306.966994944,step0.layer24.qkv,QK norm and RoPE
0,24,step0.layer24.attention,attention,PIM_COMPUTE,step0.layer24.rope,2306.966994944,18.905016000,2325.872010944,step0.layer24.rope,decode attention from Ramulator cycle-v0 table
0,24,step0.layer24.o_proj,attention_output,GPU_COMPUTE,step0.layer24.attention,2325.872010944,3.109440000,2328.981450944,step0.layer24.attention,attention output projection
0,24,step0.layer24.residual1,residual,GPU_COMPUTE,step0.layer24.o_proj,2328.981450944,1.012288000,2329.993738944,step0.layer24.o_proj,residual add
0,24,step0.layer24.norm2,norm,GPU_COMPUTE,step0.layer24.residual1,2329.993738944,1.008192000,2331.001930944,step0.layer24.residual1,RMSNorm
0,24,step0.layer24.router,router,GPU_COMPUTE,step0.layer24.norm2,2331.001930944,2.069888000,2333.071818944,step0.layer24.norm2,MoE router
0,24,step0.layer24.metadata,metadata,GPU_COMPUTE,step0.layer24.router,2333.071818944,1.000128000,2334.071946944,step0.layer24.router,routing metadata
0,24,step0.layer24.dispatch,dispatch,,step0.layer24.metadata,2334.071946944,0.000000000,2334.071946944,step0.layer24.metadata,single-GPU dispatch placeholder
0,24,step0.layer24.scheduler,scheduler,GPU_COMPUTE,step0.layer24.metadata,2334.071946944,0.000000000,2334.071946944,step0.layer24.metadata,noexp placement policy
0,24,step0.layer24.gpu_weight_load,gpu_weight_load,HBM_MEM_PATH,step0.layer24.scheduler,2334.071946944,57.802752000,2391.874698944,step0.layer24.scheduler,expert weights HBM to GPU
0,24,step0.layer24.gpu_expert_compute,gpu_expert,GPU_COMPUTE,step0.layer24.gpu_weight_load;step0.layer24.dispatch,2391.874698944,3.268435456,2395.143134400,step0.layer24.gpu_weight_load,grouped expert GEMM
0,24,step0.layer24.pim_gwrite,pim_write,GPU_PIM_IO,step0.layer24.scheduler;step0.layer24.dispatch,2334.071946944,0.000000000,2334.071946944,step0.layer24.scheduler,PIM_GWRITE token operands
0,24,step0.layer24.pim_expert_compute,pim_expert,PIM_COMPUTE,step0.layer24.pim_gwrite,2334.071946944,0.000000000,2334.071946944,step0.layer24.pim_gwrite,serialized PIM expert GEMV
0,24,step0.layer24.pim_read,pim_read,GPU_PIM_IO,step0.layer24.pim_expert_compute,2334.071946944,0.000000000,2334.071946944,step0.layer24.pim_gwrite,PIM expert result read
0,24,step0.layer24.combine,combine,GPU_COMPUTE,step0.layer24.gpu_expert_compute;step0.layer24.pim_read,2395.143134400,1.036864000,2396.179998400,step0.layer24.gpu_expert_compute,weighted expert combine
0,24,step0.layer24.residual2,residual,GPU_COMPUTE,step0.layer24.combine,2396.179998400,1.012288000,2397.192286400,step0.layer24.combine,residual add
0,25,step0.layer25.norm1,norm,GPU_COMPUTE,step0.layer24.residual2,2397.192286400,1.008192000,2398.200478400,step0.layer24.residual2,RMSNorm
0,25,step0.layer25.qkv,qkv,GPU_COMPUTE,step0.layer25.norm1,2398.200478400,3.635776000,2401.836254400,step0.layer25.norm1,QKV projection
0,25,step0.layer25.rope,rope,GPU_COMPUTE,step0.layer25.qkv,2401.836254400,1.018432000,2402.854686400,step0.layer25.qkv,QK norm and RoPE
0,25,step0.layer25.attention,attention,PIM_COMPUTE,step0.layer25.rope,2402.854686400,18.905016000,2421.759702400,step0.layer25.rope,decode attention from Ramulator cycle-v0 table
0,25,step0.layer25.o_proj,attention_output,GPU_COMPUTE,step0.layer25.attention,2421.759702400,3.109440000,2424.869142400,step0.layer25.attention,attention output projection
0,25,step0.layer25.residual1,residual,GPU_COMPUTE,step0.layer25.o_proj,2424.869142400,1.012288000,2425.881430400,step0.layer25.o_proj,residual add
0,25,step0.layer25.norm2,norm,GPU_COMPUTE,step0.layer25.residual1,2425.881430400,1.008192000,2426.889622400,step0.layer25.residual1,RMSNorm
0,25,step0.layer25.router,router,GPU_COMPUTE,step0.layer25.norm2,2426.889622400,2.069888000,2428.959510400,step0.layer25.norm2,MoE router
0,25,step0.layer25.metadata,metadata,GPU_COMPUTE,step0.layer25.router,2428.959510400,1.000128000,2429.959638400,step0.layer25.router,routing metadata
0,25,step0.layer25.dispatch,dispatch,,step0.layer25.metadata,2429.959638400,0.000000000,2429.959638400,step0.layer25.metadata,single-GPU dispatch placeholder
0,25,step0.layer25.scheduler,scheduler,GPU_COMPUTE,step0.layer25.metadata,2429.959638400,0.000000000,2429.959638400,step0.layer25.metadata,noexp placement policy
0,25,step0.layer25.gpu_weight_load,gpu_weight_load,HBM_MEM_PATH,step0.layer25.scheduler,2429.959638400,57.802752000,2487.762390400,step0.layer25.scheduler,expert weights HBM to GPU
0,25,step0.layer25.gpu_expert_compute,gpu_expert,GPU_COMPUTE,step0.layer25.gpu_weight_load;step0.layer25.dispatch,2487.762390400,3.268435456,2491.030825856,step0.layer25.gpu_weight_load,grouped expert GEMM
0,25,step0.layer25.pim_gwrite,pim_write,GPU_PIM_IO,step0.layer25.scheduler;step0.layer25.dispatch,2429.959638400,0.000000000,2429.959638400,step0.layer25.scheduler,PIM_GWRITE token operands
0,25,step0.layer25.pim_expert_compute,pim_expert,PIM_COMPUTE,step0.layer25.pim_gwrite,2429.959638400,0.000000000,2429.959638400,step0.layer25.pim_gwrite,serialized PIM expert GEMV
0,25,step0.layer25.pim_read,pim_read,GPU_PIM_IO,step0.layer25.pim_expert_compute,2429.959638400,0.000000000,2429.959638400,step0.layer25.pim_gwrite,PIM expert result read
0,25,step0.layer25.combine,combine,GPU_COMPUTE,step0.layer25.gpu_expert_compute;step0.layer25.pim_read,2491.030825856,1.036864000,2492.067689856,step0.layer25.gpu_expert_compute,weighted expert combine
0,25,step0.layer25.residual2,residual,GPU_COMPUTE,step0.layer25.combine,2492.067689856,1.012288000,2493.079977856,step0.layer25.combine,residual add
0,26,step0.layer26.norm1,norm,GPU_COMPUTE,step0.layer25.residual2,2493.079977856,1.008192000,2494.088169856,step0.layer25.residual2,RMSNorm
0,26,step0.layer26.qkv,qkv,GPU_COMPUTE,step0.layer26.norm1,2494.088169856,3.635776000,2497.723945856,step0.layer26.norm1,QKV projection
0,26,step0.layer26.rope,rope,GPU_COMPUTE,step0.layer26.qkv,2497.723945856,1.018432000,2498.742377856,step0.layer26.qkv,QK norm and RoPE
0,26,step0.layer26.attention,attention,PIM_COMPUTE,step0.layer26.rope,2498.742377856,18.905016000,2517.647393856,step0.layer26.rope,decode attention from Ramulator cycle-v0 table
0,26,step0.layer26.o_proj,attention_output,GPU_COMPUTE,step0.layer26.attention,2517.647393856,3.109440000,2520.756833856,step0.layer26.attention,attention output projection
0,26,step0.layer26.residual1,residual,GPU_COMPUTE,step0.layer26.o_proj,2520.756833856,1.012288000,2521.769121856,step0.layer26.o_proj,residual add
0,26,step0.layer26.norm2,norm,GPU_COMPUTE,step0.layer26.residual1,2521.769121856,1.008192000,2522.777313856,step0.layer26.residual1,RMSNorm
0,26,step0.layer26.router,router,GPU_COMPUTE,step0.layer26.norm2,2522.777313856,2.069888000,2524.847201856,step0.layer26.norm2,MoE router
0,26,step0.layer26.metadata,metadata,GPU_COMPUTE,step0.layer26.router,2524.847201856,1.000128000,2525.847329856,step0.layer26.router,routing metadata
0,26,step0.layer26.dispatch,dispatch,,step0.layer26.metadata,2525.847329856,0.000000000,2525.847329856,step0.layer26.metadata,single-GPU dispatch placeholder
0,26,step0.layer26.scheduler,scheduler,GPU_COMPUTE,step0.layer26.metadata,2525.847329856,0.000000000,2525.847329856,step0.layer26.metadata,noexp placement policy
0,26,step0.layer26.gpu_weight_load,gpu_weight_load,HBM_MEM_PATH,step0.layer26.scheduler,2525.847329856,57.802752000,2583.650081856,step0.layer26.scheduler,expert weights HBM to GPU
0,26,step0.layer26.gpu_expert_compute,gpu_expert,GPU_COMPUTE,step0.layer26.gpu_weight_load;step0.layer26.dispatch,2583.650081856,3.268435456,2586.918517312,step0.layer26.gpu_weight_load,grouped expert GEMM
0,26,step0.layer26.pim_gwrite,pim_write,GPU_PIM_IO,step0.layer26.scheduler;step0.layer26.dispatch,2525.847329856,0.000000000,2525.847329856,step0.layer26.scheduler,PIM_GWRITE token operands
0,26,step0.layer26.pim_expert_compute,pim_expert,PIM_COMPUTE,step0.layer26.pim_gwrite,2525.847329856,0.000000000,2525.847329856,step0.layer26.pim_gwrite,serialized PIM expert GEMV
0,26,step0.layer26.pim_read,pim_read,GPU_PIM_IO,step0.layer26.pim_expert_compute,2525.847329856,0.000000000,2525.847329856,step0.layer26.pim_gwrite,PIM expert result read
0,26,step0.layer26.combine,combine,GPU_COMPUTE,step0.layer26.gpu_expert_compute;step0.layer26.pim_read,2586.918517312,1.036864000,2587.955381312,step0.layer26.gpu_expert_compute,weighted expert combine
0,26,step0.layer26.residual2,residual,GPU_COMPUTE,step0.layer26.combine,2587.955381312,1.012288000,2588.967669312,step0.layer26.combine,residual add
0,27,step0.layer27.norm1,norm,GPU_COMPUTE,step0.layer26.residual2,2588.967669312,1.008192000,2589.975861312,step0.layer26.residual2,RMSNorm
0,27,step0.layer27.qkv,qkv,GPU_COMPUTE,step0.layer27.norm1,2589.975861312,3.635776000,2593.611637312,step0.layer27.norm1,QKV projection
0,27,step0.layer27.rope,rope,GPU_COMPUTE,step0.layer27.qkv,2593.611637312,1.018432000,2594.630069312,step0.layer27.qkv,QK norm and RoPE
0,27,step0.layer27.attention,attention,PIM_COMPUTE,step0.layer27.rope,2594.630069312,18.905016000,2613.535085312,step0.layer27.rope,decode attention from Ramulator cycle-v0 table
0,27,step0.layer27.o_proj,attention_output,GPU_COMPUTE,step0.layer27.attention,2613.535085312,3.109440000,2616.644525312,step0.layer27.attention,attention output projection
0,27,step0.layer27.residual1,residual,GPU_COMPUTE,step0.layer27.o_proj,2616.644525312,1.012288000,2617.656813312,step0.layer27.o_proj,residual add
0,27,step0.layer27.norm2,norm,GPU_COMPUTE,step0.layer27.residual1,2617.656813312,1.008192000,2618.665005312,step0.layer27.residual1,RMSNorm
0,27,step0.layer27.router,router,GPU_COMPUTE,step0.layer27.norm2,2618.665005312,2.069888000,2620.734893312,step0.layer27.norm2,MoE router
0,27,step0.layer27.metadata,metadata,GPU_COMPUTE,step0.layer27.router,2620.734893312,1.000128000,2621.735021312,step0.layer27.router,routing metadata
0,27,step0.layer27.dispatch,dispatch,,step0.layer27.metadata,2621.735021312,0.000000000,2621.735021312,step0.layer27.metadata,single-GPU dispatch placeholder
0,27,step0.layer27.scheduler,scheduler,GPU_COMPUTE,step0.layer27.metadata,2621.735021312,0.000000000,2621.735021312,step0.layer27.metadata,noexp placement policy
0,27,step0.layer27.gpu_weight_load,gpu_weight_load,HBM_MEM_PATH,step0.layer27.scheduler,2621.735021312,57.802752000,2679.537773312,step0.layer27.scheduler,expert weights HBM to GPU
0,27,step0.layer27.gpu_expert_compute,gpu_expert,GPU_COMPUTE,step0.layer27.gpu_weight_load;step0.layer27.dispatch,2679.537773312,3.268435456,2682.806208768,step0.layer27.gpu_weight_load,grouped expert GEMM
0,27,step0.layer27.pim_gwrite,pim_write,GPU_PIM_IO,step0.layer27.scheduler;step0.layer27.dispatch,2621.735021312,0.000000000,2621.735021312,step0.layer27.scheduler,PIM_GWRITE token operands
0,27,step0.layer27.pim_expert_compute,pim_expert,PIM_COMPUTE,step0.layer27.pim_gwrite,2621.735021312,0.000000000,2621.735021312,step0.layer27.pim_gwrite,serialized PIM expert GEMV
0,27,step0.layer27.pim_read,pim_read,GPU_PIM_IO,step0.layer27.pim_expert_compute,2621.735021312,0.000000000,2621.735021312,step0.layer27.pim_gwrite,PIM expert result read
0,27,step0.layer27.combine,combine,GPU_COMPUTE,step0.layer27.gpu_expert_compute;step0.layer27.pim_read,2682.806208768,1.036864000,2683.843072768,step0.layer27.gpu_expert_compute,weighted expert combine
0,27,step0.layer27.residual2,residual,GPU_COMPUTE,step0.layer27.combine,2683.843072768,1.012288000,2684.855360768,step0.layer27.combine,residual add
0,28,step0.layer28.norm1,norm,GPU_COMPUTE,step0.layer27.residual2,2684.855360768,1.008192000,2685.863552768,step0.layer27.residual2,RMSNorm
0,28,step0.layer28.qkv,qkv,GPU_COMPUTE,step0.layer28.norm1,2685.863552768,3.635776000,2689.499328768,step0.layer28.norm1,QKV projection
0,28,step0.layer28.rope,rope,GPU_COMPUTE,step0.layer28.qkv,2689.499328768,1.018432000,2690.517760768,step0.layer28.qkv,QK norm and RoPE
0,28,step0.layer28.attention,attention,PIM_COMPUTE,step0.layer28.rope,2690.517760768,18.905016000,2709.422776768,step0.layer28.rope,decode attention from Ramulator cycle-v0 table
0,28,step0.layer28.o_proj,attention_output,GPU_COMPUTE,step0.layer28.attention,2709.422776768,3.109440000,2712.532216768,step0.layer28.attention,attention output projection
0,28,step0.layer28.residual1,residual,GPU_COMPUTE,step0.layer28.o_proj,2712.532216768,1.012288000,2713.544504768,step0.layer28.o_proj,residual add
0,28,step0.layer28.norm2,norm,GPU_COMPUTE,step0.layer28.residual1,2713.544504768,1.008192000,2714.552696768,step0.layer28.residual1,RMSNorm
0,28,step0.layer28.router,router,GPU_COMPUTE,step0.layer28.norm2,2714.552696768,2.069888000,2716.622584768,step0.layer28.norm2,MoE router
0,28,step0.layer28.metadata,metadata,GPU_COMPUTE,step0.layer28.router,2716.622584768,1.000128000,2717.622712768,step0.layer28.router,routing metadata
0,28,step0.layer28.dispatch,dispatch,,step0.layer28.metadata,2717.622712768,0.000000000,2717.622712768,step0.layer28.metadata,single-GPU dispatch placeholder
0,28,step0.layer28.scheduler,scheduler,GPU_COMPUTE,step0.layer28.metadata,2717.622712768,0.000000000,2717.622712768,step0.layer28.metadata,noexp placement policy
0,28,step0.layer28.gpu_weight_load,gpu_weight_load,HBM_MEM_PATH,step0.layer28.scheduler,2717.622712768,57.802752000,2775.425464768,step0.layer28.scheduler,expert weights HBM to GPU
0,28,step0.layer28.gpu_expert_compute,gpu_expert,GPU_COMPUTE,step0.layer28.gpu_weight_load;step0.layer28.dispatch,2775.425464768,3.268435456,2778.693900224,step0.layer28.gpu_weight_load,grouped expert GEMM
0,28,step0.layer28.pim_gwrite,pim_write,GPU_PIM_IO,step0.layer28.scheduler;step0.layer28.dispatch,2717.622712768,0.000000000,2717.622712768,step0.layer28.scheduler,PIM_GWRITE token operands
0,28,step0.layer28.pim_expert_compute,pim_expert,PIM_COMPUTE,step0.layer28.pim_gwrite,2717.622712768,0.000000000,2717.622712768,step0.layer28.pim_gwrite,serialized PIM expert GEMV
0,28,step0.layer28.pim_read,pim_read,GPU_PIM_IO,step0.layer28.pim_expert_compute,2717.622712768,0.000000000,2717.622712768,step0.layer28.pim_gwrite,PIM expert result read
0,28,step0.layer28.combine,combine,GPU_COMPUTE,step0.layer28.gpu_expert_compute;step0.layer28.pim_read,2778.693900224,1.036864000,2779.730764224,step0.layer28.gpu_expert_compute,weighted expert combine
0,28,step0.layer28.residual2,residual,GPU_COMPUTE,step0.layer28.combine,2779.730764224,1.012288000,2780.743052224,step0.layer28.combine,residual add
0,29,step0.layer29.norm1,norm,GPU_COMPUTE,step0.layer28.residual2,2780.743052224,1.008192000,2781.751244224,step0.layer28.residual2,RMSNorm
0,29,step0.layer29.qkv,qkv,GPU_COMPUTE,step0.layer29.norm1,2781.751244224,3.635776000,2785.387020224,step0.layer29.norm1,QKV projection
0,29,step0.layer29.rope,rope,GPU_COMPUTE,step0.layer29.qkv,2785.387020224,1.018432000,2786.405452224,step0.layer29.qkv,QK norm and RoPE
0,29,step0.layer29.attention,attention,PIM_COMPUTE,step0.layer29.rope,2786.405452224,18.905016000,2805.310468224,step0.layer29.rope,decode attention from Ramulator cycle-v0 table
0,29,step0.layer29.o_proj,attention_output,GPU_COMPUTE,step0.layer29.attention,2805.310468224,3.109440000,2808.419908224,step0.layer29.attention,attention output projection
0,29,step0.layer29.residual1,residual,GPU_COMPUTE,step0.layer29.o_proj,2808.419908224,1.012288000,2809.432196224,step0.layer29.o_proj,residual add
0,29,step0.layer29.norm2,norm,GPU_COMPUTE,step0.layer29.residual1,2809.432196224,1.008192000,2810.440388224,step0.layer29.residual1,RMSNorm
0,29,step0.layer29.router,router,GPU_COMPUTE,step0.layer29.norm2,2810.440388224,2.069888000,2812.510276224,step0.layer29.norm2,MoE router
0,29,step0.layer29.metadata,metadata,GPU_COMPUTE,step0.layer29.router,2812.510276224,1.000128000,2813.510404224,step0.layer29.router,routing metadata
0,29,step0.layer29.dispatch,dispatch,,step0.layer29.metadata,2813.510404224,0.000000000,2813.510404224,step0.layer29.metadata,single-GPU dispatch placeholder
0,29,step0.layer29.scheduler,scheduler,GPU_COMPUTE,step0.layer29.metadata,2813.510404224,0.000000000,2813.510404224,step0.layer29.metadata,noexp placement policy
0,29,step0.layer29.gpu_weight_load,gpu_weight_load,HBM_MEM_PATH,step0.layer29.scheduler,2813.510404224,57.802752000,2871.313156224,step0.layer29.scheduler,expert weights HBM to GPU
0,29,step0.layer29.gpu_expert_compute,gpu_expert,GPU_COMPUTE,step0.layer29.gpu_weight_load;step0.layer29.dispatch,2871.313156224,3.268435456,2874.581591680,step0.layer29.gpu_weight_load,grouped expert GEMM
0,29,step0.layer29.pim_gwrite,pim_write,GPU_PIM_IO,step0.layer29.scheduler;step0.layer29.dispatch,2813.510404224,0.000000000,2813.510404224,step0.layer29.scheduler,PIM_GWRITE token operands
0,29,step0.layer29.pim_expert_compute,pim_expert,PIM_COMPUTE,step0.layer29.pim_gwrite,2813.510404224,0.000000000,2813.510404224,step0.layer29.pim_gwrite,serialized PIM expert GEMV
0,29,step0.layer29.pim_read,pim_read,GPU_PIM_IO,step0.layer29.pim_expert_compute,2813.510404224,0.000000000,2813.510404224,step0.layer29.pim_gwrite,PIM expert result read
0,29,step0.layer29.combine,combine,GPU_COMPUTE,step0.layer29.gpu_expert_compute;step0.layer29.pim_read,2874.581591680,1.036864000,2875.618455680,step0.layer29.gpu_expert_compute,weighted expert combine
0,29,step0.layer29.residual2,residual,GPU_COMPUTE,step0.layer29.combine,2875.618455680,1.012288000,2876.630743680,step0.layer29.combine,residual add
0,30,step0.layer30.norm1,norm,GPU_COMPUTE,step0.layer29.residual2,2876.630743680,1.008192000,2877.638935680,step0.layer29.residual2,RMSNorm
0,30,step0.layer30.qkv,qkv,GPU_COMPUTE,step0.layer30.norm1,2877.638935680,3.635776000,2881.274711680,step0.layer30.norm1,QKV projection
0,30,step0.layer30.rope,rope,GPU_COMPUTE,step0.layer30.qkv,2881.274711680,1.018432000,2882.293143680,step0.layer30.qkv,QK norm and RoPE
0,30,step0.layer30.attention,attention,PIM_COMPUTE,step0.layer30.rope,2882.293143680,18.905016000,2901.198159680,step0.layer30.rope,decode attention from Ramulator cycle-v0 table
0,30,step0.layer30.o_proj,attention_output,GPU_COMPUTE,step0.layer30.attention,2901.198159680,3.109440000,2904.307599680,step0.layer30.attention,attention output projection
0,30,step0.layer30.residual1,residual,GPU_COMPUTE,step0.layer30.o_proj,2904.307599680,1.012288000,2905.319887680,step0.layer30.o_proj,residual add
0,30,step0.layer30.norm2,norm,GPU_COMPUTE,step0.layer30.residual1,2905.319887680,1.008192000,2906.328079680,step0.layer30.residual1,RMSNorm
0,30,step0.layer30.router,router,GPU_COMPUTE,step0.layer30.norm2,2906.328079680,2.069888000,2908.397967680,step0.layer30.norm2,MoE router
0,30,step0.layer30.metadata,metadata,GPU_COMPUTE,step0.layer30.router,2908.397967680,1.000128000,2909.398095680,step0.layer30.router,routing metadata
0,30,step0.layer30.dispatch,dispatch,,step0.layer30.metadata,2909.398095680,0.000000000,2909.398095680,step0.layer30.metadata,single-GPU dispatch placeholder
0,30,step0.layer30.scheduler,scheduler,GPU_COMPUTE,step0.layer30.metadata,2909.398095680,0.000000000,2909.398095680,step0.layer30.metadata,noexp placement policy
0,30,step0.layer30.gpu_weight_load,gpu_weight_load,HBM_MEM_PATH,step0.layer30.scheduler,2909.398095680,57.802752000,2967.200847680,step0.layer30.scheduler,expert weights HBM to GPU
0,30,step0.layer30.gpu_expert_compute,gpu_expert,GPU_COMPUTE,step0.layer30.gpu_weight_load;step0.layer30.dispatch,2967.200847680,3.268435456,2970.469283136,step0.layer30.gpu_weight_load,grouped expert GEMM
0,30,step0.layer30.pim_gwrite,pim_write,GPU_PIM_IO,step0.layer30.scheduler;step0.layer30.dispatch,2909.398095680,0.000000000,2909.398095680,step0.layer30.scheduler,PIM_GWRITE token operands
0,30,step0.layer30.pim_expert_compute,pim_expert,PIM_COMPUTE,step0.layer30.pim_gwrite,2909.398095680,0.000000000,2909.398095680,step0.layer30.pim_gwrite,serialized PIM expert GEMV
0,30,step0.layer30.pim_read,pim_read,GPU_PIM_IO,step0.layer30.pim_expert_compute,2909.398095680,0.000000000,2909.398095680,step0.layer30.pim_gwrite,PIM expert result read
0,30,step0.layer30.combine,combine,GPU_COMPUTE,step0.layer30.gpu_expert_compute;step0.layer30.pim_read,2970.469283136,1.036864000,2971.506147136,step0.layer30.gpu_expert_compute,weighted expert combine
0,30,step0.layer30.residual2,residual,GPU_COMPUTE,step0.layer30.combine,2971.506147136,1.012288000,2972.518435136,step0.layer30.combine,residual add
0,31,step0.layer31.norm1,norm,GPU_COMPUTE,step0.layer30.residual2,2972.518435136,1.008192000,2973.526627136,step0.layer30.residual2,RMSNorm
0,31,step0.layer31.qkv,qkv,GPU_COMPUTE,step0.layer31.norm1,2973.526627136,3.635776000,2977.162403136,step0.layer31.norm1,QKV projection
0,31,step0.layer31.rope,rope,GPU_COMPUTE,step0.layer31.qkv,2977.162403136,1.018432000,2978.180835136,step0.layer31.qkv,QK norm and RoPE
0,31,step0.layer31.attention,attention,PIM_COMPUTE,step0.layer31.rope,2978.180835136,18.905016000,2997.085851136,step0.layer31.rope,decode attention from Ramulator cycle-v0 table
0,31,step0.layer31.o_proj,attention_output,GPU_COMPUTE,step0.layer31.attention,2997.085851136,3.109440000,3000.195291136,step0.layer31.attention,attention output projection
0,31,step0.layer31.residual1,residual,GPU_COMPUTE,step0.layer31.o_proj,3000.195291136,1.012288000,3001.207579136,step0.layer31.o_proj,residual add
0,31,step0.layer31.norm2,norm,GPU_COMPUTE,step0.layer31.residual1,3001.207579136,1.008192000,3002.215771136,step0.layer31.residual1,RMSNorm
0,31,step0.layer31.router,router,GPU_COMPUTE,step0.layer31.norm2,3002.215771136,2.069888000,3004.285659136,step0.layer31.norm2,MoE router
0,31,step0.layer31.metadata,metadata,GPU_COMPUTE,step0.layer31.router,3004.285659136,1.000128000,3005.285787136,step0.layer31.router,routing metadata
0,31,step0.layer31.dispatch,dispatch,,step0.layer31.metadata,3005.285787136,0.000000000,3005.285787136,step0.layer31.metadata,single-GPU dispatch placeholder
0,31,step0.layer31.scheduler,scheduler,GPU_COMPUTE,step0.layer31.metadata,3005.285787136,0.000000000,3005.285787136,step0.layer31.metadata,noexp placement policy
0,31,step0.layer31.gpu_weight_load,gpu_weight_load,HBM_MEM_PATH,step0.layer31.scheduler,3005.285787136,57.802752000,3063.088539136,step0.layer31.scheduler,expert weights HBM to GPU
0,31,step0.layer31.gpu_expert_compute,gpu_expert,GPU_COMPUTE,step0.layer31.gpu_weight_load;step0.layer31.dispatch,3063.088539136,3.268435456,3066.356974592,step0.layer31.gpu_weight_load,grouped expert GEMM
0,31,step0.layer31.pim_gwrite,pim_write,GPU_PIM_IO,step0.layer31.scheduler;step0.layer31.dispatch,3005.285787136,0.000000000,3005.285787136,step0.layer31.scheduler,PIM_GWRITE token operands
0,31,step0.layer31.pim_expert_compute,pim_expert,PIM_COMPUTE,step0.layer31.pim_gwrite,3005.285787136,0.000000000,3005.285787136,step0.layer31.pim_gwrite,serialized PIM expert GEMV
0,31,step0.layer31.pim_read,pim_read,GPU_PIM_IO,step0.layer31.pim_expert_compute,3005.285787136,0.000000000,3005.285787136,step0.layer31.pim_gwrite,PIM expert result read
0,31,step0.layer31.combine,combine,GPU_COMPUTE,step0.layer31.gpu_expert_compute;step0.layer31.pim_read,3066.356974592,1.036864000,3067.393838592,step0.layer31.gpu_expert_compute,weighted expert combine
0,31,step0.layer31.residual2,residual,GPU_COMPUTE,step0.layer31.combine,3067.393838592,1.012288000,3068.406126592,step0.layer31.combine,residual add
0,32,step0.layer32.norm1,norm,GPU_COMPUTE,step0.layer31.residual2,3068.406126592,1.008192000,3069.414318592,step0.layer31.residual2,RMSNorm
0,32,step0.layer32.qkv,qkv,GPU_COMPUTE,step0.layer32.norm1,3069.414318592,3.635776000,3073.050094592,step0.layer32.norm1,QKV projection
0,32,step0.layer32.rope,rope,GPU_COMPUTE,step0.layer32.qkv,3073.050094592,1.018432000,3074.068526592,step0.layer32.qkv,QK norm and RoPE
0,32,step0.layer32.attention,attention,PIM_COMPUTE,step0.layer32.rope,3074.068526592,18.905016000,3092.973542592,step0.layer32.rope,decode attention from Ramulator cycle-v0 table
0,32,step0.layer32.o_proj,attention_output,GPU_COMPUTE,step0.layer32.attention,3092.973542592,3.109440000,3096.082982592,step0.layer32.attention,attention output projection
0,32,step0.layer32.residual1,residual,GPU_COMPUTE,step0.layer32.o_proj,3096.082982592,1.012288000,3097.095270592,step0.layer32.o_proj,residual add
0,32,step0.layer32.norm2,norm,GPU_COMPUTE,step0.layer32.residual1,3097.095270592,1.008192000,3098.103462592,step0.layer32.residual1,RMSNorm
0,32,step0.layer32.router,router,GPU_COMPUTE,step0.layer32.norm2,3098.103462592,2.069888000,3100.173350592,step0.layer32.norm2,MoE router
0,32,step0.layer32.metadata,metadata,GPU_COMPUTE,step0.layer32.router,3100.173350592,1.000128000,3101.173478592,step0.layer32.router,routing metadata
0,32,step0.layer32.dispatch,dispatch,,step0.layer32.metadata,3101.173478592,0.000000000,3101.173478592,step0.layer32.metadata,single-GPU dispatch placeholder
0,32,step0.layer32.scheduler,scheduler,GPU_COMPUTE,step0.layer32.metadata,3101.173478592,0.000000000,3101.173478592,step0.layer32.metadata,noexp placement policy
0,32,step0.layer32.gpu_weight_load,gpu_weight_load,HBM_MEM_PATH,step0.layer32.scheduler,3101.173478592,57.802752000,3158.976230592,step0.layer32.scheduler,expert weights HBM to GPU
0,32,step0.layer32.gpu_expert_compute,gpu_expert,GPU_COMPUTE,step0.layer32.gpu_weight_load;step0.layer32.dispatch,3158.976230592,3.268435456,3162.244666048,step0.layer32.gpu_weight_load,grouped expert GEMM
0,32,step0.layer32.pim_gwrite,pim_write,GPU_PIM_IO,step0.layer32.scheduler;step0.layer32.dispatch,3101.173478592,0.000000000,3101.173478592,step0.layer32.scheduler,PIM_GWRITE token operands
0,32,step0.layer32.pim_expert_compute,pim_expert,PIM_COMPUTE,step0.layer32.pim_gwrite,3101.173478592,0.000000000,3101.173478592,step0.layer32.pim_gwrite,serialized PIM expert GEMV
0,32,step0.layer32.pim_read,pim_read,GPU_PIM_IO,step0.layer32.pim_expert_compute,3101.173478592,0.000000000,3101.173478592,step0.layer32.pim_gwrite,PIM expert result read
0,32,step0.layer32.combine,combine,GPU_COMPUTE,step0.layer32.gpu_expert_compute;step0.layer32.pim_read,3162.244666048,1.036864000,3163.281530048,step0.layer32.gpu_expert_compute,weighted expert combine
0,32,step0.layer32.residual2,residual,GPU_COMPUTE,step0.layer32.combine,3163.281530048,1.012288000,3164.293818048,step0.layer32.combine,residual add
0,33,step0.layer33.norm1,norm,GPU_COMPUTE,step0.layer32.residual2,3164.293818048,1.008192000,3165.302010048,step0.layer32.residual2,RMSNorm
0,33,step0.layer33.qkv,qkv,GPU_COMPUTE,step0.layer33.norm1,3165.302010048,3.635776000,3168.937786048,step0.layer33.norm1,QKV projection
0,33,step0.layer33.rope,rope,GPU_COMPUTE,step0.layer33.qkv,3168.937786048,1.018432000,3169.956218048,step0.layer33.qkv,QK norm and RoPE
0,33,step0.layer33.attention,attention,PIM_COMPUTE,step0.layer33.rope,3169.956218048,18.905016000,3188.861234048,step0.layer33.rope,decode attention from Ramulator cycle-v0 table
0,33,step0.layer33.o_proj,attention_output,GPU_COMPUTE,step0.layer33.attention,3188.861234048,3.109440000,3191.970674048,step0.layer33.attention,attention output projection
0,33,step0.layer33.residual1,residual,GPU_COMPUTE,step0.layer33.o_proj,3191.970674048,1.012288000,3192.982962048,step0.layer33.o_proj,residual add
0,33,step0.layer33.norm2,norm,GPU_COMPUTE,step0.layer33.residual1,3192.982962048,1.008192000,3193.991154048,step0.layer33.residual1,RMSNorm
0,33,step0.layer33.router,router,GPU_COMPUTE,step0.layer33.norm2,3193.991154048,2.069888000,3196.061042048,step0.layer33.norm2,MoE router
0,33,step0.layer33.metadata,metadata,GPU_COMPUTE,step0.layer33.router,3196.061042048,1.000128000,3197.061170048,step0.layer33.router,routing metadata
0,33,step0.layer33.dispatch,dispatch,,step0.layer33.metadata,3197.061170048,0.000000000,3197.061170048,step0.layer33.metadata,single-GPU dispatch placeholder
0,33,step0.layer33.scheduler,scheduler,GPU_COMPUTE,step0.layer33.metadata,3197.061170048,0.000000000,3197.061170048,step0.layer33.metadata,noexp placement policy
0,33,step0.layer33.gpu_weight_load,gpu_weight_load,HBM_MEM_PATH,step0.layer33.scheduler,3197.061170048,57.802752000,3254.863922048,step0.layer33.scheduler,expert weights HBM to GPU
0,33,step0.layer33.gpu_expert_compute,gpu_expert,GPU_COMPUTE,step0.layer33.gpu_weight_load;step0.layer33.dispatch,3254.863922048,3.268435456,3258.132357504,step0.layer33.gpu_weight_load,grouped expert GEMM
0,33,step0.layer33.pim_gwrite,pim_write,GPU_PIM_IO,step0.layer33.scheduler;step0.layer33.dispatch,3197.061170048,0.000000000,3197.061170048,step0.layer33.scheduler,PIM_GWRITE token operands
0,33,step0.layer33.pim_expert_compute,pim_expert,PIM_COMPUTE,step0.layer33.pim_gwrite,3197.061170048,0.000000000,3197.061170048,step0.layer33.pim_gwrite,serialized PIM expert GEMV
0,33,step0.layer33.pim_read,pim_read,GPU_PIM_IO,step0.layer33.pim_expert_compute,3197.061170048,0.000000000,3197.061170048,step0.layer33.pim_gwrite,PIM expert result read
0,33,step0.layer33.combine,combine,GPU_COMPUTE,step0.layer33.gpu_expert_compute;step0.layer33.pim_read,3258.132357504,1.036864000,3259.169221504,step0.layer33.gpu_expert_compute,weighted expert combine
0,33,step0.layer33.residual2,residual,GPU_COMPUTE,step0.layer33.combine,3259.169221504,1.012288000,3260.181509504,step0.layer33.combine,residual add
0,34,step0.layer34.norm1,norm,GPU_COMPUTE,step0.layer33.residual2,3260.181509504,1.008192000,3261.189701504,step0.layer33.residual2,RMSNorm
0,34,step0.layer34.qkv,qkv,GPU_COMPUTE,step0.layer34.norm1,3261.189701504,3.635776000,3264.825477504,step0.layer34.norm1,QKV projection
0,34,step0.layer34.rope,rope,GPU_COMPUTE,step0.layer34.qkv,3264.825477504,1.018432000,3265.843909504,step0.layer34.qkv,QK norm and RoPE
0,34,step0.layer34.attention,attention,PIM_COMPUTE,step0.layer34.rope,3265.843909504,18.905016000,3284.748925504,step0.layer34.rope,decode attention from Ramulator cycle-v0 table
0,34,step0.layer34.o_proj,attention_output,GPU_COMPUTE,step0.layer34.attention,3284.748925504,3.109440000,3287.858365504,step0.layer34.attention,attention output projection
0,34,step0.layer34.residual1,residual,GPU_COMPUTE,step0.layer34.o_proj,3287.858365504,1.012288000,3288.870653504,step0.layer34.o_proj,residual add
0,34,step0.layer34.norm2,norm,GPU_COMPUTE,step0.layer34.residual1,3288.870653504,1.008192000,3289.878845504,step0.layer34.residual1,RMSNorm
0,34,step0.layer34.router,router,GPU_COMPUTE,step0.layer34.norm2,3289.878845504,2.069888000,3291.948733504,step0.layer34.norm2,MoE router
0,34,step0.layer34.metadata,metadata,GPU_COMPUTE,step0.layer34.router,3291.948733504,1.000128000,3292.948861504,step0.layer34.router,routing metadata
0,34,step0.layer34.dispatch,dispatch,,step0.layer34.metadata,3292.948861504,0.000000000,3292.948861504,step0.layer34.metadata,single-GPU dispatch placeholder
0,34,step0.layer34.scheduler,scheduler,GPU_COMPUTE,step0.layer34.metadata,3292.948861504,0.000000000,3292.948861504,step0.layer34.metadata,noexp placement policy
0,34,step0.layer34.gpu_weight_load,gpu_weight_load,HBM_MEM_PATH,step0.layer34.scheduler,3292.948861504,57.802752000,3350.751613504,step0.layer34.scheduler,expert weights HBM to GPU
0,34,step0.layer34.gpu_expert_compute,gpu_expert,GPU_COMPUTE,step0.layer34.gpu_weight_load;step0.layer34.dispatch,3350.751613504,3.268435456,3354.020048960,step0.layer34.gpu_weight_load,grouped expert GEMM
0,34,step0.layer34.pim_gwrite,pim_write,GPU_PIM_IO,step0.layer34.scheduler;step0.layer34.dispatch,3292.948861504,0.000000000,3292.948861504,step0.layer34.scheduler,PIM_GWRITE token operands
0,34,step0.layer34.pim_expert_compute,pim_expert,PIM_COMPUTE,step0.layer34.pim_gwrite,3292.948861504,0.000000000,3292.948861504,step0.layer34.pim_gwrite,serialized PIM expert GEMV
0,34,step0.layer34.pim_read,pim_read,GPU_PIM_IO,step0.layer34.pim_expert_compute,3292.948861504,0.000000000,3292.948861504,step0.layer34.pim_gwrite,PIM expert result read
0,34,step0.layer34.combine,combine,GPU_COMPUTE,step0.layer34.gpu_expert_compute;step0.layer34.pim_read,3354.020048960,1.036864000,3355.056912960,step0.layer34.gpu_expert_compute,weighted expert combine
0,34,step0.layer34.residual2,residual,GPU_COMPUTE,step0.layer34.combine,3355.056912960,1.012288000,3356.069200960,step0.layer34.combine,residual add
0,35,step0.layer35.norm1,norm,GPU_COMPUTE,step0.layer34.residual2,3356.069200960,1.008192000,3357.077392960,step0.layer34.residual2,RMSNorm
0,35,step0.layer35.qkv,qkv,GPU_COMPUTE,step0.layer35.norm1,3357.077392960,3.635776000,3360.713168960,step0.layer35.norm1,QKV projection
0,35,step0.layer35.rope,rope,GPU_COMPUTE,step0.layer35.qkv,3360.713168960,1.018432000,3361.731600960,step0.layer35.qkv,QK norm and RoPE
0,35,step0.layer35.attention,attention,PIM_COMPUTE,step0.layer35.rope,3361.731600960,18.905016000,3380.636616960,step0.layer35.rope,decode attention from Ramulator cycle-v0 table
0,35,step0.layer35.o_proj,attention_output,GPU_COMPUTE,step0.layer35.attention,3380.636616960,3.109440000,3383.746056960,step0.layer35.attention,attention output projection
0,35,step0.layer35.residual1,residual,GPU_COMPUTE,step0.layer35.o_proj,3383.746056960,1.012288000,3384.758344960,step0.layer35.o_proj,residual add
0,35,step0.layer35.norm2,norm,GPU_COMPUTE,step0.layer35.residual1,3384.758344960,1.008192000,3385.766536960,step0.layer35.residual1,RMSNorm
0,35,step0.layer35.router,router,GPU_COMPUTE,step0.layer35.norm2,3385.766536960,2.069888000,3387.836424960,step0.layer35.norm2,MoE router
0,35,step0.layer35.metadata,metadata,GPU_COMPUTE,step0.layer35.router,3387.836424960,1.000128000,3388.836552960,step0.layer35.router,routing metadata
0,35,step0.layer35.dispatch,dispatch,,step0.layer35.metadata,3388.836552960,0.000000000,3388.836552960,step0.layer35.metadata,single-GPU dispatch placeholder
0,35,step0.layer35.scheduler,scheduler,GPU_COMPUTE,step0.layer35.metadata,3388.836552960,0.000000000,3388.836552960,step0.layer35.metadata,noexp placement policy
0,35,step0.layer35.gpu_weight_load,gpu_weight_load,HBM_MEM_PATH,step0.layer35.scheduler,3388.836552960,57.802752000,3446.639304960,step0.layer35.scheduler,expert weights HBM to GPU
0,35,step0.layer35.gpu_expert_compute,gpu_expert,GPU_COMPUTE,step0.layer35.gpu_weight_load;step0.layer35.dispatch,3446.639304960,3.268435456,3449.907740416,step0.layer35.gpu_weight_load,grouped expert GEMM
0,35,step0.layer35.pim_gwrite,pim_write,GPU_PIM_IO,step0.layer35.scheduler;step0.layer35.dispatch,3388.836552960,0.000000000,3388.836552960,step0.layer35.scheduler,PIM_GWRITE token operands
0,35,step0.layer35.pim_expert_compute,pim_expert,PIM_COMPUTE,step0.layer35.pim_gwrite,3388.836552960,0.000000000,3388.836552960,step0.layer35.pim_gwrite,serialized PIM expert GEMV
0,35,step0.layer35.pim_read,pim_read,GPU_PIM_IO,step0.layer35.pim_expert_compute,3388.836552960,0.000000000,3388.836552960,step0.layer35.pim_gwrite,PIM expert result read
0,35,step0.layer35.combine,combine,GPU_COMPUTE,step0.layer35.gpu_expert_compute;step0.layer35.pim_read,3449.907740416,1.036864000,3450.944604416,step0.layer35.gpu_expert_compute,weighted expert combine
0,35,step0.layer35.residual2,residual,GPU_COMPUTE,step0.layer35.combine,3450.944604416,1.012288000,3451.956892416,step0.layer35.combine,residual add
0,36,step0.layer36.norm1,norm,GPU_COMPUTE,step0.layer35.residual2,3451.956892416,1.008192000,3452.965084416,step0.layer35.residual2,RMSNorm
0,36,step0.layer36.qkv,qkv,GPU_COMPUTE,step0.layer36.norm1,3452.965084416,3.635776000,3456.600860416,step0.layer36.norm1,QKV projection
0,36,step0.layer36.rope,rope,GPU_COMPUTE,step0.layer36.qkv,3456.600860416,1.018432000,3457.619292416,step0.layer36.qkv,QK norm and RoPE
0,36,step0.layer36.attention,attention,PIM_COMPUTE,step0.layer36.rope,3457.619292416,18.905016000,3476.524308416,step0.layer36.rope,decode attention from Ramulator cycle-v0 table
0,36,step0.layer36.o_proj,attention_output,GPU_COMPUTE,step0.layer36.attention,3476.524308416,3.109440000,3479.633748416,step0.layer36.attention,attention output projection
0,36,step0.layer36.residual1,residual,GPU_COMPUTE,step0.layer36.o_proj,3479.633748416,1.012288000,3480.646036416,step0.layer36.o_proj,residual add
0,36,step0.layer36.norm2,norm,GPU_COMPUTE,step0.layer36.residual1,3480.646036416,1.008192000,3481.654228416,step0.layer36.residual1,RMSNorm
0,36,step0.layer36.router,router,GPU_COMPUTE,step0.layer36.norm2,3481.654228416,2.069888000,3483.724116416,step0.layer36.norm2,MoE router
0,36,step0.layer36.metadata,metadata,GPU_COMPUTE,step0.layer36.router,3483.724116416,1.000128000,3484.724244416,step0.layer36.router,routing metadata
0,36,step0.layer36.dispatch,dispatch,,step0.layer36.metadata,3484.724244416,0.000000000,3484.724244416,step0.layer36.metadata,single-GPU dispatch placeholder
0,36,step0.layer36.scheduler,scheduler,GPU_COMPUTE,step0.layer36.metadata,3484.724244416,0.000000000,3484.724244416,step0.layer36.metadata,noexp placement policy
0,36,step0.layer36.gpu_weight_load,gpu_weight_load,HBM_MEM_PATH,step0.layer36.scheduler,3484.724244416,57.802752000,3542.526996416,step0.layer36.scheduler,expert weights HBM to GPU
0,36,step0.layer36.gpu_expert_compute,gpu_expert,GPU_COMPUTE,step0.layer36.gpu_weight_load;step0.layer36.dispatch,3542.526996416,3.268435456,3545.795431872,step0.layer36.gpu_weight_load,grouped expert GEMM
0,36,step0.layer36.pim_gwrite,pim_write,GPU_PIM_IO,step0.layer36.scheduler;step0.layer36.dispatch,3484.724244416,0.000000000,3484.724244416,step0.layer36.scheduler,PIM_GWRITE token operands
0,36,step0.layer36.pim_expert_compute,pim_expert,PIM_COMPUTE,step0.layer36.pim_gwrite,3484.724244416,0.000000000,3484.724244416,step0.layer36.pim_gwrite,serialized PIM expert GEMV
0,36,step0.layer36.pim_read,pim_read,GPU_PIM_IO,step0.layer36.pim_expert_compute,3484.724244416,0.000000000,3484.724244416,step0.layer36.pim_gwrite,PIM expert result read
0,36,step0.layer36.combine,combine,GPU_COMPUTE,step0.layer36.gpu_expert_compute;step0.layer36.pim_read,3545.795431872,1.036864000,3546.832295872,step0.layer36.gpu_expert_compute,weighted expert combine
0,36,step0.layer36.residual2,residual,GPU_COMPUTE,step0.layer36.combine,3546.832295872,1.012288000,3547.844583872,step0.layer36.combine,residual add
0,37,step0.layer37.norm1,norm,GPU_COMPUTE,step0.layer36.residual2,3547.844583872,1.008192000,3548.852775872,step0.layer36.residual2,RMSNorm
0,37,step0.layer37.qkv,qkv,GPU_COMPUTE,step0.layer37.norm1,3548.852775872,3.635776000,3552.488551872,step0.layer37.norm1,QKV projection
0,37,step0.layer37.rope,rope,GPU_COMPUTE,step0.layer37.qkv,3552.488551872,1.018432000,3553.506983872,step0.layer37.qkv,QK norm and RoPE
0,37,step0.layer37.attention,attention,PIM_COMPUTE,step0.layer37.rope,3553.506983872,18.905016000,3572.411999872,step0.layer37.rope,decode attention from Ramulator cycle-v0 table
0,37,step0.layer37.o_proj,attention_output,GPU_COMPUTE,step0.layer37.attention,3572.411999872,3.109440000,3575.521439872,step0.layer37.attention,attention output projection
0,37,step0.layer37.residual1,residual,GPU_COMPUTE,step0.layer37.o_proj,3575.521439872,1.012288000,3576.533727872,step0.layer37.o_proj,residual add
0,37,step0.layer37.norm2,norm,GPU_COMPUTE,step0.layer37.residual1,3576.533727872,1.008192000,3577.541919872,step0.layer37.residual1,RMSNorm
0,37,step0.layer37.router,router,GPU_COMPUTE,step0.layer37.norm2,3577.541919872,2.069888000,3579.611807872,step0.layer37.norm2,MoE router
0,37,step0.layer37.metadata,metadata,GPU_COMPUTE,step0.layer37.router,3579.611807872,1.000128000,3580.611935872,step0.layer37.router,routing metadata
0,37,step0.layer37.dispatch,dispatch,,step0.layer37.metadata,3580.611935872,0.000000000,3580.611935872,step0.layer37.metadata,single-GPU dispatch placeholder
0,37,step0.layer37.scheduler,scheduler,GPU_COMPUTE,step0.layer37.metadata,3580.611935872,0.000000000,3580.611935872,step0.layer37.metadata,noexp placement policy
0,37,step0.layer37.gpu_weight_load,gpu_weight_load,HBM_MEM_PATH,step0.layer37.scheduler,3580.611935872,57.802752000,3638.414687872,step0.layer37.scheduler,expert weights HBM to GPU
0,37,step0.layer37.gpu_expert_compute,gpu_expert,GPU_COMPUTE,step0.layer37.gpu_weight_load;step0.layer37.dispatch,3638.414687872,3.268435456,3641.683123328,step0.layer37.gpu_weight_load,grouped expert GEMM
0,37,step0.layer37.pim_gwrite,pim_write,GPU_PIM_IO,step0.layer37.scheduler;step0.layer37.dispatch,3580.611935872,0.000000000,3580.611935872,step0.layer37.scheduler,PIM_GWRITE token operands
0,37,step0.layer37.pim_expert_compute,pim_expert,PIM_COMPUTE,step0.layer37.pim_gwrite,3580.611935872,0.000000000,3580.611935872,step0.layer37.pim_gwrite,serialized PIM expert GEMV
0,37,step0.layer37.pim_read,pim_read,GPU_PIM_IO,step0.layer37.pim_expert_compute,3580.611935872,0.000000000,3580.611935872,step0.layer37.pim_gwrite,PIM expert result read
0,37,step0.layer37.combine,combine,GPU_COMPUTE,step0.layer37.gpu_expert_compute;step0.layer37.pim_read,3641.683123328,1.036864000,3642.719987328,step0.layer37.gpu_expert_compute,weighted expert combine
0,37,step0.layer37.residual2,residual,GPU_COMPUTE,step0.layer37.combine,3642.719987328,1.012288000,3643.732275328,step0.layer37.combine,residual add
0,38,step0.layer38.norm1,norm,GPU_COMPUTE,step0.layer37.residual2,3643.732275328,1.008192000,3644.740467328,step0.layer37.residual2,RMSNorm
0,38,step0.layer38.qkv,qkv,GPU_COMPUTE,step0.layer38.norm1,3644.740467328,3.635776000,3648.376243328,step0.layer38.norm1,QKV projection
0,38,step0.layer38.rope,rope,GPU_COMPUTE,step0.layer38.qkv,3648.376243328,1.018432000,3649.394675328,step0.layer38.qkv,QK norm and RoPE
0,38,step0.layer38.attention,attention,PIM_COMPUTE,step0.layer38.rope,3649.394675328,18.905016000,3668.299691328,step0.layer38.rope,decode attention from Ramulator cycle-v0 table
0,38,step0.layer38.o_proj,attention_output,GPU_COMPUTE,step0.layer38.attention,3668.299691328,3.109440000,3671.409131328,step0.layer38.attention,attention output projection
0,38,step0.layer38.residual1,residual,GPU_COMPUTE,step0.layer38.o_proj,3671.409131328,1.012288000,3672.421419328,step0.layer38.o_proj,residual add
0,38,step0.layer38.norm2,norm,GPU_COMPUTE,step0.layer38.residual1,3672.421419328,1.008192000,3673.429611328,step0.layer38.residual1,RMSNorm
0,38,step0.layer38.router,router,GPU_COMPUTE,step0.layer38.norm2,3673.429611328,2.069888000,3675.499499328,step0.layer38.norm2,MoE router
0,38,step0.layer38.metadata,metadata,GPU_COMPUTE,step0.layer38.router,3675.499499328,1.000128000,3676.499627328,step0.layer38.router,routing metadata
0,38,step0.layer38.dispatch,dispatch,,step0.layer38.metadata,3676.499627328,0.000000000,3676.499627328,step0.layer38.metadata,single-GPU dispatch placeholder
0,38,step0.layer38.scheduler,scheduler,GPU_COMPUTE,step0.layer38.metadata,3676.499627328,0.000000000,3676.499627328,step0.layer38.metadata,noexp placement policy
0,38,step0.layer38.gpu_weight_load,gpu_weight_load,HBM_MEM_PATH,step0.layer38.scheduler,3676.499627328,57.802752000,3734.302379328,step0.layer38.scheduler,expert weights HBM to GPU
0,38,step0.layer38.gpu_expert_compute,gpu_expert,GPU_COMPUTE,step0.layer38.gpu_weight_load;step0.layer38.dispatch,3734.302379328,3.268435456,3737.570814784,step0.layer38.gpu_weight_load,grouped expert GEMM
0,38,step0.layer38.pim_gwrite,pim_write,GPU_PIM_IO,step0.layer38.scheduler;step0.layer38.dispatch,3676.499627328,0.000000000,3676.499627328,step0.layer38.scheduler,PIM_GWRITE token operands
0,38,step0.layer38.pim_expert_compute,pim_expert,PIM_COMPUTE,step0.layer38.pim_gwrite,3676.499627328,0.000000000,3676.499627328,step0.layer38.pim_gwrite,serialized PIM expert GEMV
0,38,step0.layer38.pim_read,pim_read,GPU_PIM_IO,step0.layer38.pim_expert_compute,3676.499627328,0.000000000,3676.499627328,step0.layer38.pim_gwrite,PIM expert result read
0,38,step0.layer38.combine,combine,GPU_COMPUTE,step0.layer38.gpu_expert_compute;step0.layer38.pim_read,3737.570814784,1.036864000,3738.607678784,step0.layer38.gpu_expert_compute,weighted expert combine
0,38,step0.layer38.residual2,residual,GPU_COMPUTE,step0.layer38.combine,3738.607678784,1.012288000,3739.619966784,step0.layer38.combine,residual add
0,39,step0.layer39.norm1,norm,GPU_COMPUTE,step0.layer38.residual2,3739.619966784,1.008192000,3740.628158784,step0.layer38.residual2,RMSNorm
0,39,step0.layer39.qkv,qkv,GPU_COMPUTE,step0.layer39.norm1,3740.628158784,3.635776000,3744.263934784,step0.layer39.norm1,QKV projection
0,39,step0.layer39.rope,rope,GPU_COMPUTE,step0.layer39.qkv,3744.263934784,1.018432000,3745.282366784,step0.layer39.qkv,QK norm and RoPE
0,39,step0.layer39.attention,attention,PIM_COMPUTE,step0.layer39.rope,3745.282366784,18.905016000,3764.187382784,step0.layer39.rope,decode attention from Ramulator cycle-v0 table
0,39,step0.layer39.o_proj,attention_output,GPU_COMPUTE,step0.layer39.attention,3764.187382784,3.109440000,3767.296822784,step0.layer39.attention,attention output projection
0,39,step0.layer39.residual1,residual,GPU_COMPUTE,step0.layer39.o_proj,3767.296822784,1.012288000,3768.309110784,step0.layer39.o_proj,residual add
0,39,step0.layer39.norm2,norm,GPU_COMPUTE,step0.layer39.residual1,3768.309110784,1.008192000,3769.317302784,step0.layer39.residual1,RMSNorm
0,39,step0.layer39.router,router,GPU_COMPUTE,step0.layer39.norm2,3769.317302784,2.069888000,3771.387190784,step0.layer39.norm2,MoE router
0,39,step0.layer39.metadata,metadata,GPU_COMPUTE,step0.layer39.router,3771.387190784,1.000128000,3772.387318784,step0.layer39.router,routing metadata
0,39,step0.layer39.dispatch,dispatch,,step0.layer39.metadata,3772.387318784,0.000000000,3772.387318784,step0.layer39.metadata,single-GPU dispatch placeholder
0,39,step0.layer39.scheduler,scheduler,GPU_COMPUTE,step0.layer39.metadata,3772.387318784,0.000000000,3772.387318784,step0.layer39.metadata,noexp placement policy
0,39,step0.layer39.gpu_weight_load,gpu_weight_load,HBM_MEM_PATH,step0.layer39.scheduler,3772.387318784,57.802752000,3830.190070784,step0.layer39.scheduler,expert weights HBM to GPU
0,39,step0.layer39.gpu_expert_compute,gpu_expert,GPU_COMPUTE,step0.layer39.gpu_weight_load;step0.layer39.dispatch,3830.190070784,3.268435456,3833.458506240,step0.layer39.gpu_weight_load,grouped expert GEMM
0,39,step0.layer39.pim_gwrite,pim_write,GPU_PIM_IO,step0.layer39.scheduler;step0.layer39.dispatch,3772.387318784,0.000000000,3772.387318784,step0.layer39.scheduler,PIM_GWRITE token operands
0,39,step0.layer39.pim_expert_compute,pim_expert,PIM_COMPUTE,step0.layer39.pim_gwrite,3772.387318784,0.000000000,3772.387318784,step0.layer39.pim_gwrite,serialized PIM expert GEMV
0,39,step0.layer39.pim_read,pim_read,GPU_PIM_IO,step0.layer39.pim_expert_compute,3772.387318784,0.000000000,3772.387318784,step0.layer39.pim_gwrite,PIM expert result read
0,39,step0.layer39.combine,combine,GPU_COMPUTE,step0.layer39.gpu_expert_compute;step0.layer39.pim_read,3833.458506240,1.036864000,3834.495370240,step0.layer39.gpu_expert_compute,weighted expert combine
0,39,step0.layer39.residual2,residual,GPU_COMPUTE,step0.layer39.combine,3834.495370240,1.012288000,3835.507658240,step0.layer39.combine,residual add
0,40,step0.layer40.norm1,norm,GPU_COMPUTE,step0.layer39.residual2,3835.507658240,1.008192000,3836.515850240,step0.layer39.residual2,RMSNorm
0,40,step0.layer40.qkv,qkv,GPU_COMPUTE,step0.layer40.norm1,3836.515850240,3.635776000,3840.151626240,step0.layer40.norm1,QKV projection
0,40,step0.layer40.rope,rope,GPU_COMPUTE,step0.layer40.qkv,3840.151626240,1.018432000,3841.170058240,step0.layer40.qkv,QK norm and RoPE
0,40,step0.layer40.attention,attention,PIM_COMPUTE,step0.layer40.rope,3841.170058240,18.905016000,3860.075074240,step0.layer40.rope,decode attention from Ramulator cycle-v0 table
0,40,step0.layer40.o_proj,attention_output,GPU_COMPUTE,step0.layer40.attention,3860.075074240,3.109440000,3863.184514240,step0.layer40.attention,attention output projection
0,40,step0.layer40.residual1,residual,GPU_COMPUTE,step0.layer40.o_proj,3863.184514240,1.012288000,3864.196802240,step0.layer40.o_proj,residual add
0,40,step0.layer40.norm2,norm,GPU_COMPUTE,step0.layer40.residual1,3864.196802240,1.008192000,3865.204994240,step0.layer40.residual1,RMSNorm
0,40,step0.layer40.router,router,GPU_COMPUTE,step0.layer40.norm2,3865.204994240,2.069888000,3867.274882240,step0.layer40.norm2,MoE router
0,40,step0.layer40.metadata,metadata,GPU_COMPUTE,step0.layer40.router,3867.274882240,1.000128000,3868.275010240,step0.layer40.router,routing metadata
0,40,step0.layer40.dispatch,dispatch,,step0.layer40.metadata,3868.275010240,0.000000000,3868.275010240,step0.layer40.metadata,single-GPU dispatch placeholder
0,40,step0.layer40.scheduler,scheduler,GPU_COMPUTE,step0.layer40.metadata,3868.275010240,0.000000000,3868.275010240,step0.layer40.metadata,noexp placement policy
0,40,step0.layer40.gpu_weight_load,gpu_weight_load,HBM_MEM_PATH,step0.layer40.scheduler,3868.275010240,57.802752000,3926.077762240,step0.layer40.scheduler,expert weights HBM to GPU
0,40,step0.layer40.gpu_expert_compute,gpu_expert,GPU_COMPUTE,step0.layer40.gpu_weight_load;step0.layer40.dispatch,3926.077762240,3.268435456,3929.346197696,step0.layer40.gpu_weight_load,grouped expert GEMM
0,40,step0.layer40.pim_gwrite,pim_write,GPU_PIM_IO,step0.layer40.scheduler;step0.layer40.dispatch,3868.275010240,0.000000000,3868.275010240,step0.layer40.scheduler,PIM_GWRITE token operands
0,40,step0.layer40.pim_expert_compute,pim_expert,PIM_COMPUTE,step0.layer40.pim_gwrite,3868.275010240,0.000000000,3868.275010240,step0.layer40.pim_gwrite,serialized PIM expert GEMV
0,40,step0.layer40.pim_read,pim_read,GPU_PIM_IO,step0.layer40.pim_expert_compute,3868.275010240,0.000000000,3868.275010240,step0.layer40.pim_gwrite,PIM expert result read
0,40,step0.layer40.combine,combine,GPU_COMPUTE,step0.layer40.gpu_expert_compute;step0.layer40.pim_read,3929.346197696,1.036864000,3930.383061696,step0.layer40.gpu_expert_compute,weighted expert combine
0,40,step0.layer40.residual2,residual,GPU_COMPUTE,step0.layer40.combine,3930.383061696,1.012288000,3931.395349696,step0.layer40.combine,residual add
0,41,step0.layer41.norm1,norm,GPU_COMPUTE,step0.layer40.residual2,3931.395349696,1.008192000,3932.403541696,step0.layer40.residual2,RMSNorm
0,41,step0.layer41.qkv,qkv,GPU_COMPUTE,step0.layer41.norm1,3932.403541696,3.635776000,3936.039317696,step0.layer41.norm1,QKV projection
0,41,step0.layer41.rope,rope,GPU_COMPUTE,step0.layer41.qkv,3936.039317696,1.018432000,3937.057749696,step0.layer41.qkv,QK norm and RoPE
0,41,step0.layer41.attention,attention,PIM_COMPUTE,step0.layer41.rope,3937.057749696,18.905016000,3955.962765696,step0.layer41.rope,decode attention from Ramulator cycle-v0 table
0,41,step0.layer41.o_proj,attention_output,GPU_COMPUTE,step0.layer41.attention,3955.962765696,3.109440000,3959.072205696,step0.layer41.attention,attention output projection
0,41,step0.layer41.residual1,residual,GPU_COMPUTE,step0.layer41.o_proj,3959.072205696,1.012288000,3960.084493696,step0.layer41.o_proj,residual add
0,41,step0.layer41.norm2,norm,GPU_COMPUTE,step0.layer41.residual1,3960.084493696,1.008192000,3961.092685696,step0.layer41.residual1,RMSNorm
0,41,step0.layer41.router,router,GPU_COMPUTE,step0.layer41.norm2,3961.092685696,2.069888000,3963.162573696,step0.layer41.norm2,MoE router
0,41,step0.layer41.metadata,metadata,GPU_COMPUTE,step0.layer41.router,3963.162573696,1.000128000,3964.162701696,step0.layer41.router,routing metadata
0,41,step0.layer41.dispatch,dispatch,,step0.layer41.metadata,3964.162701696,0.000000000,3964.162701696,step0.layer41.metadata,single-GPU dispatch placeholder
0,41,step0.layer41.scheduler,scheduler,GPU_COMPUTE,step0.layer41.metadata,3964.162701696,0.000000000,3964.162701696,step0.layer41.metadata,noexp placement policy
0,41,step0.layer41.gpu_weight_load,gpu_weight_load,HBM_MEM_PATH,step0.layer41.scheduler,3964.162701696,57.802752000,4021.965453696,step0.layer41.scheduler,expert weights HBM to GPU
0,41,step0.layer41.gpu_expert_compute,gpu_expert,GPU_COMPUTE,step0.layer41.gpu_weight_load;step0.layer41.dispatch,4021.965453696,3.268435456,4025.233889152,step0.layer41.gpu_weight_load,grouped expert GEMM
0,41,step0.layer41.pim_gwrite,pim_write,GPU_PIM_IO,step0.layer41.scheduler;step0.layer41.dispatch,3964.162701696,0.000000000,3964.162701696,step0.layer41.scheduler,PIM_GWRITE token operands
0,41,step0.layer41.pim_expert_compute,pim_expert,PIM_COMPUTE,step0.layer41.pim_gwrite,3964.162701696,0.000000000,3964.162701696,step0.layer41.pim_gwrite,serialized PIM expert GEMV
0,41,step0.layer41.pim_read,pim_read,GPU_PIM_IO,step0.layer41.pim_expert_compute,3964.162701696,0.000000000,3964.162701696,step0.layer41.pim_gwrite,PIM expert result read
0,41,step0.layer41.combine,combine,GPU_COMPUTE,step0.layer41.gpu_expert_compute;step0.layer41.pim_read,4025.233889152,1.036864000,4026.270753152,step0.layer41.gpu_expert_compute,weighted expert combine
0,41,step0.layer41.residual2,residual,GPU_COMPUTE,step0.layer41.combine,4026.270753152,1.012288000,4027.283041152,step0.layer41.combine,residual add
0,42,step0.layer42.norm1,norm,GPU_COMPUTE,step0.layer41.residual2,4027.283041152,1.008192000,4028.291233152,step0.layer41.residual2,RMSNorm
0,42,step0.layer42.qkv,qkv,GPU_COMPUTE,step0.layer42.norm1,4028.291233152,3.635776000,4031.927009152,step0.layer42.norm1,QKV projection
0,42,step0.layer42.rope,rope,GPU_COMPUTE,step0.layer42.qkv,4031.927009152,1.018432000,4032.945441152,step0.layer42.qkv,QK norm and RoPE
0,42,step0.layer42.attention,attention,PIM_COMPUTE,step0.layer42.rope,4032.945441152,18.905016000,4051.850457152,step0.layer42.rope,decode attention from Ramulator cycle-v0 table
0,42,step0.layer42.o_proj,attention_output,GPU_COMPUTE,step0.layer42.attention,4051.850457152,3.109440000,4054.959897152,step0.layer42.attention,attention output projection
0,42,step0.layer42.residual1,residual,GPU_COMPUTE,step0.layer42.o_proj,4054.959897152,1.012288000,4055.972185152,step0.layer42.o_proj,residual add
0,42,step0.layer42.norm2,norm,GPU_COMPUTE,step0.layer42.residual1,4055.972185152,1.008192000,4056.980377152,step0.layer42.residual1,RMSNorm
0,42,step0.layer42.router,router,GPU_COMPUTE,step0.layer42.norm2,4056.980377152,2.069888000,4059.050265152,step0.layer42.norm2,MoE router
0,42,step0.layer42.metadata,metadata,GPU_COMPUTE,step0.layer42.router,4059.050265152,1.000128000,4060.050393152,step0.layer42.router,routing metadata
0,42,step0.layer42.dispatch,dispatch,,step0.layer42.metadata,4060.050393152,0.000000000,4060.050393152,step0.layer42.metadata,single-GPU dispatch placeholder
0,42,step0.layer42.scheduler,scheduler,GPU_COMPUTE,step0.layer42.metadata,4060.050393152,0.000000000,4060.050393152,step0.layer42.metadata,noexp placement policy
0,42,step0.layer42.gpu_weight_load,gpu_weight_load,HBM_MEM_PATH,step0.layer42.scheduler,4060.050393152,57.802752000,4117.853145152,step0.layer42.scheduler,expert weights HBM to GPU
0,42,step0.layer42.gpu_expert_compute,gpu_expert,GPU_COMPUTE,step0.layer42.gpu_weight_load;step0.layer42.dispatch,4117.853145152,3.268435456,4121.121580608,step0.layer42.gpu_weight_load,grouped expert GEMM
0,42,step0.layer42.pim_gwrite,pim_write,GPU_PIM_IO,step0.layer42.scheduler;step0.layer42.dispatch,4060.050393152,0.000000000,4060.050393152,step0.layer42.scheduler,PIM_GWRITE token operands
0,42,step0.layer42.pim_expert_compute,pim_expert,PIM_COMPUTE,step0.layer42.pim_gwrite,4060.050393152,0.000000000,4060.050393152,step0.layer42.pim_gwrite,serialized PIM expert GEMV
0,42,step0.layer42.pim_read,pim_read,GPU_PIM_IO,step0.layer42.pim_expert_compute,4060.050393152,0.000000000,4060.050393152,step0.layer42.pim_gwrite,PIM expert result read
0,42,step0.layer42.combine,combine,GPU_COMPUTE,step0.layer42.gpu_expert_compute;step0.layer42.pim_read,4121.121580608,1.036864000,4122.158444608,step0.layer42.gpu_expert_compute,weighted expert combine
0,42,step0.layer42.residual2,residual,GPU_COMPUTE,step0.layer42.combine,4122.158444608,1.012288000,4123.170732608,step0.layer42.combine,residual add
0,43,step0.layer43.norm1,norm,GPU_COMPUTE,step0.layer42.residual2,4123.170732608,1.008192000,4124.178924608,step0.layer42.residual2,RMSNorm
0,43,step0.layer43.qkv,qkv,GPU_COMPUTE,step0.layer43.norm1,4124.178924608,3.635776000,4127.814700608,step0.layer43.norm1,QKV projection
0,43,step0.layer43.rope,rope,GPU_COMPUTE,step0.layer43.qkv,4127.814700608,1.018432000,4128.833132608,step0.layer43.qkv,QK norm and RoPE
0,43,step0.layer43.attention,attention,PIM_COMPUTE,step0.layer43.rope,4128.833132608,18.905016000,4147.738148608,step0.layer43.rope,decode attention from Ramulator cycle-v0 table
0,43,step0.layer43.o_proj,attention_output,GPU_COMPUTE,step0.layer43.attention,4147.738148608,3.109440000,4150.847588608,step0.layer43.attention,attention output projection
0,43,step0.layer43.residual1,residual,GPU_COMPUTE,step0.layer43.o_proj,4150.847588608,1.012288000,4151.859876608,step0.layer43.o_proj,residual add
0,43,step0.layer43.norm2,norm,GPU_COMPUTE,step0.layer43.residual1,4151.859876608,1.008192000,4152.868068608,step0.layer43.residual1,RMSNorm
0,43,step0.layer43.router,router,GPU_COMPUTE,step0.layer43.norm2,4152.868068608,2.069888000,4154.937956608,step0.layer43.norm2,MoE router
0,43,step0.layer43.metadata,metadata,GPU_COMPUTE,step0.layer43.router,4154.937956608,1.000128000,4155.938084608,step0.layer43.router,routing metadata
0,43,step0.layer43.dispatch,dispatch,,step0.layer43.metadata,4155.938084608,0.000000000,4155.938084608,step0.layer43.metadata,single-GPU dispatch placeholder
0,43,step0.layer43.scheduler,scheduler,GPU_COMPUTE,step0.layer43.metadata,4155.938084608,0.000000000,4155.938084608,step0.layer43.metadata,noexp placement policy
0,43,step0.layer43.gpu_weight_load,gpu_weight_load,HBM_MEM_PATH,step0.layer43.scheduler,4155.938084608,57.802752000,4213.740836608,step0.layer43.scheduler,expert weights HBM to GPU
0,43,step0.layer43.gpu_expert_compute,gpu_expert,GPU_COMPUTE,step0.layer43.gpu_weight_load;step0.layer43.dispatch,4213.740836608,3.268435456,4217.009272064,step0.layer43.gpu_weight_load,grouped expert GEMM
0,43,step0.layer43.pim_gwrite,pim_write,GPU_PIM_IO,step0.layer43.scheduler;step0.layer43.dispatch,4155.938084608,0.000000000,4155.938084608,step0.layer43.scheduler,PIM_GWRITE token operands
0,43,step0.layer43.pim_expert_compute,pim_expert,PIM_COMPUTE,step0.layer43.pim_gwrite,4155.938084608,0.000000000,4155.938084608,step0.layer43.pim_gwrite,serialized PIM expert GEMV
0,43,step0.layer43.pim_read,pim_read,GPU_PIM_IO,step0.layer43.pim_expert_compute,4155.938084608,0.000000000,4155.938084608,step0.layer43.pim_gwrite,PIM expert result read
0,43,step0.layer43.combine,combine,GPU_COMPUTE,step0.layer43.gpu_expert_compute;step0.layer43.pim_read,4217.009272064,1.036864000,4218.046136064,step0.layer43.gpu_expert_compute,weighted expert combine
0,43,step0.layer43.residual2,residual,GPU_COMPUTE,step0.layer43.combine,4218.046136064,1.012288000,4219.058424064,step0.layer43.combine,residual add
0,44,step0.layer44.norm1,norm,GPU_COMPUTE,step0.layer43.residual2,4219.058424064,1.008192000,4220.066616064,step0.layer43.residual2,RMSNorm
0,44,step0.layer44.qkv,qkv,GPU_COMPUTE,step0.layer44.norm1,4220.066616064,3.635776000,4223.702392064,step0.layer44.norm1,QKV projection
0,44,step0.layer44.rope,rope,GPU_COMPUTE,step0.layer44.qkv,4223.702392064,1.018432000,4224.720824064,step0.layer44.qkv,QK norm and RoPE
0,44,step0.layer44.attention,attention,PIM_COMPUTE,step0.layer44.rope,4224.720824064,18.905016000,4243.625840064,step0.layer44.rope,decode attention from Ramulator cycle-v0 table
0,44,step0.layer44.o_proj,attention_output,GPU_COMPUTE,step0.layer44.attention,4243.625840064,3.109440000,4246.735280064,step0.layer44.attention,attention output projection
0,44,step0.layer44.residual1,residual,GPU_COMPUTE,step0.layer44.o_proj,4246.735280064,1.012288000,4247.747568064,step0.layer44.o_proj,residual add
0,44,step0.layer44.norm2,norm,GPU_COMPUTE,step0.layer44.residual1,4247.747568064,1.008192000,4248.755760064,step0.layer44.residual1,RMSNorm
0,44,step0.layer44.router,router,GPU_COMPUTE,step0.layer44.norm2,4248.755760064,2.069888000,4250.825648064,step0.layer44.norm2,MoE router
0,44,step0.layer44.metadata,metadata,GPU_COMPUTE,step0.layer44.router,4250.825648064,1.000128000,4251.825776064,step0.layer44.router,routing metadata
0,44,step0.layer44.dispatch,dispatch,,step0.layer44.metadata,4251.825776064,0.000000000,4251.825776064,step0.layer44.metadata,single-GPU dispatch placeholder
0,44,step0.layer44.scheduler,scheduler,GPU_COMPUTE,step0.layer44.metadata,4251.825776064,0.000000000,4251.825776064,step0.layer44.metadata,noexp placement policy
0,44,step0.layer44.gpu_weight_load,gpu_weight_load,HBM_MEM_PATH,step0.layer44.scheduler,4251.825776064,57.802752000,4309.628528064,step0.layer44.scheduler,expert weights HBM to GPU
0,44,step0.layer44.gpu_expert_compute,gpu_expert,GPU_COMPUTE,step0.layer44.gpu_weight_load;step0.layer44.dispatch,4309.628528064,3.268435456,4312.896963520,step0.layer44.gpu_weight_load,grouped expert GEMM
0,44,step0.layer44.pim_gwrite,pim_write,GPU_PIM_IO,step0.layer44.scheduler;step0.layer44.dispatch,4251.825776064,0.000000000,4251.825776064,step0.layer44.scheduler,PIM_GWRITE token operands
0,44,step0.layer44.pim_expert_compute,pim_expert,PIM_COMPUTE,step0.layer44.pim_gwrite,4251.825776064,0.000000000,4251.825776064,step0.layer44.pim_gwrite,serialized PIM expert GEMV
0,44,step0.layer44.pim_read,pim_read,GPU_PIM_IO,step0.layer44.pim_expert_compute,4251.825776064,0.000000000,4251.825776064,step0.layer44.pim_gwrite,PIM expert result read
0,44,step0.layer44.combine,combine,GPU_COMPUTE,step0.layer44.gpu_expert_compute;step0.layer44.pim_read,4312.896963520,1.036864000,4313.933827520,step0.layer44.gpu_expert_compute,weighted expert combine
0,44,step0.layer44.residual2,residual,GPU_COMPUTE,step0.layer44.combine,4313.933827520,1.012288000,4314.946115520,step0.layer44.combine,residual add
0,45,step0.layer45.norm1,norm,GPU_COMPUTE,step0.layer44.residual2,4314.946115520,1.008192000,4315.954307520,step0.layer44.residual2,RMSNorm
0,45,step0.layer45.qkv,qkv,GPU_COMPUTE,step0.layer45.norm1,4315.954307520,3.635776000,4319.590083520,step0.layer45.norm1,QKV projection
0,45,step0.layer45.rope,rope,GPU_COMPUTE,step0.layer45.qkv,4319.590083520,1.018432000,4320.608515520,step0.layer45.qkv,QK norm and RoPE
0,45,step0.layer45.attention,attention,PIM_COMPUTE,step0.layer45.rope,4320.608515520,18.905016000,4339.513531520,step0.layer45.rope,decode attention from Ramulator cycle-v0 table
0,45,step0.layer45.o_proj,attention_output,GPU_COMPUTE,step0.layer45.attention,4339.513531520,3.109440000,4342.622971520,step0.layer45.attention,attention output projection
0,45,step0.layer45.residual1,residual,GPU_COMPUTE,step0.layer45.o_proj,4342.622971520,1.012288000,4343.635259520,step0.layer45.o_proj,residual add
0,45,step0.layer45.norm2,norm,GPU_COMPUTE,step0.layer45.residual1,4343.635259520,1.008192000,4344.643451520,step0.layer45.residual1,RMSNorm
0,45,step0.layer45.router,router,GPU_COMPUTE,step0.layer45.norm2,4344.643451520,2.069888000,4346.713339520,step0.layer45.norm2,MoE router
0,45,step0.layer45.metadata,metadata,GPU_COMPUTE,step0.layer45.router,4346.713339520,1.000128000,4347.713467520,step0.layer45.router,routing metadata
0,45,step0.layer45.dispatch,dispatch,,step0.layer45.metadata,4347.713467520,0.000000000,4347.713467520,step0.layer45.metadata,single-GPU dispatch placeholder
0,45,step0.layer45.scheduler,scheduler,GPU_COMPUTE,step0.layer45.metadata,4347.713467520,0.000000000,4347.713467520,step0.layer45.metadata,noexp placement policy
0,45,step0.layer45.gpu_weight_load,gpu_weight_load,HBM_MEM_PATH,step0.layer45.scheduler,4347.713467520,57.802752000,4405.516219520,step0.layer45.scheduler,expert weights HBM to GPU
0,45,step0.layer45.gpu_expert_compute,gpu_expert,GPU_COMPUTE,step0.layer45.gpu_weight_load;step0.layer45.dispatch,4405.516219520,3.268435456,4408.784654976,step0.layer45.gpu_weight_load,grouped expert GEMM
0,45,step0.layer45.pim_gwrite,pim_write,GPU_PIM_IO,step0.layer45.scheduler;step0.layer45.dispatch,4347.713467520,0.000000000,4347.713467520,step0.layer45.scheduler,PIM_GWRITE token operands
0,45,step0.layer45.pim_expert_compute,pim_expert,PIM_COMPUTE,step0.layer45.pim_gwrite,4347.713467520,0.000000000,4347.713467520,step0.layer45.pim_gwrite,serialized PIM expert GEMV
0,45,step0.layer45.pim_read,pim_read,GPU_PIM_IO,step0.layer45.pim_expert_compute,4347.713467520,0.000000000,4347.713467520,step0.layer45.pim_gwrite,PIM expert result read
0,45,step0.layer45.combine,combine,GPU_COMPUTE,step0.layer45.gpu_expert_compute;step0.layer45.pim_read,4408.784654976,1.036864000,4409.821518976,step0.layer45.gpu_expert_compute,weighted expert combine
0,45,step0.layer45.residual2,residual,GPU_COMPUTE,step0.layer45.combine,4409.821518976,1.012288000,4410.833806976,step0.layer45.combine,residual add
0,46,step0.layer46.norm1,norm,GPU_COMPUTE,step0.layer45.residual2,4410.833806976,1.008192000,4411.841998976,step0.layer45.residual2,RMSNorm
0,46,step0.layer46.qkv,qkv,GPU_COMPUTE,step0.layer46.norm1,4411.841998976,3.635776000,4415.477774976,step0.layer46.norm1,QKV projection
0,46,step0.layer46.rope,rope,GPU_COMPUTE,step0.layer46.qkv,4415.477774976,1.018432000,4416.496206976,step0.layer46.qkv,QK norm and RoPE
0,46,step0.layer46.attention,attention,PIM_COMPUTE,step0.layer46.rope,4416.496206976,18.905016000,4435.401222976,step0.layer46.rope,decode attention from Ramulator cycle-v0 table
0,46,step0.layer46.o_proj,attention_output,GPU_COMPUTE,step0.layer46.attention,4435.401222976,3.109440000,4438.510662976,step0.layer46.attention,attention output projection
0,46,step0.layer46.residual1,residual,GPU_COMPUTE,step0.layer46.o_proj,4438.510662976,1.012288000,4439.522950976,step0.layer46.o_proj,residual add
0,46,step0.layer46.norm2,norm,GPU_COMPUTE,step0.layer46.residual1,4439.522950976,1.008192000,4440.531142976,step0.layer46.residual1,RMSNorm
0,46,step0.layer46.router,router,GPU_COMPUTE,step0.layer46.norm2,4440.531142976,2.069888000,4442.601030976,step0.layer46.norm2,MoE router
0,46,step0.layer46.metadata,metadata,GPU_COMPUTE,step0.layer46.router,4442.601030976,1.000128000,4443.601158976,step0.layer46.router,routing metadata
0,46,step0.layer46.dispatch,dispatch,,step0.layer46.metadata,4443.601158976,0.000000000,4443.601158976,step0.layer46.metadata,single-GPU dispatch placeholder
0,46,step0.layer46.scheduler,scheduler,GPU_COMPUTE,step0.layer46.metadata,4443.601158976,0.000000000,4443.601158976,step0.layer46.metadata,noexp placement policy
0,46,step0.layer46.gpu_weight_load,gpu_weight_load,HBM_MEM_PATH,step0.layer46.scheduler,4443.601158976,57.802752000,4501.403910976,step0.layer46.scheduler,expert weights HBM to GPU
0,46,step0.layer46.gpu_expert_compute,gpu_expert,GPU_COMPUTE,step0.layer46.gpu_weight_load;step0.layer46.dispatch,4501.403910976,3.268435456,4504.672346432,step0.layer46.gpu_weight_load,grouped expert GEMM
0,46,step0.layer46.pim_gwrite,pim_write,GPU_PIM_IO,step0.layer46.scheduler;step0.layer46.dispatch,4443.601158976,0.000000000,4443.601158976,step0.layer46.scheduler,PIM_GWRITE token operands
0,46,step0.layer46.pim_expert_compute,pim_expert,PIM_COMPUTE,step0.layer46.pim_gwrite,4443.601158976,0.000000000,4443.601158976,step0.layer46.pim_gwrite,serialized PIM expert GEMV
0,46,step0.layer46.pim_read,pim_read,GPU_PIM_IO,step0.layer46.pim_expert_compute,4443.601158976,0.000000000,4443.601158976,step0.layer46.pim_gwrite,PIM expert result read
0,46,step0.layer46.combine,combine,GPU_COMPUTE,step0.layer46.gpu_expert_compute;step0.layer46.pim_read,4504.672346432,1.036864000,4505.709210432,step0.layer46.gpu_expert_compute,weighted expert combine
0,46,step0.layer46.residual2,residual,GPU_COMPUTE,step0.layer46.combine,4505.709210432,1.012288000,4506.721498432,step0.layer46.combine,residual add
0,47,step0.layer47.norm1,norm,GPU_COMPUTE,step0.layer46.residual2,4506.721498432,1.008192000,4507.729690432,step0.layer46.residual2,RMSNorm
0,47,step0.layer47.qkv,qkv,GPU_COMPUTE,step0.layer47.norm1,4507.729690432,3.635776000,4511.365466432,step0.layer47.norm1,QKV projection
0,47,step0.layer47.rope,rope,GPU_COMPUTE,step0.layer47.qkv,4511.365466432,1.018432000,4512.383898432,step0.layer47.qkv,QK norm and RoPE
0,47,step0.layer47.attention,attention,PIM_COMPUTE,step0.layer47.rope,4512.383898432,18.905016000,4531.288914432,step0.layer47.rope,decode attention from Ramulator cycle-v0 table
0,47,step0.layer47.o_proj,attention_output,GPU_COMPUTE,step0.layer47.attention,4531.288914432,3.109440000,4534.398354432,step0.layer47.attention,attention output projection
0,47,step0.layer47.residual1,residual,GPU_COMPUTE,step0.layer47.o_proj,4534.398354432,1.012288000,4535.410642432,step0.layer47.o_proj,residual add
0,47,step0.layer47.norm2,norm,GPU_COMPUTE,step0.layer47.residual1,4535.410642432,1.008192000,4536.418834432,step0.layer47.residual1,RMSNorm
0,47,step0.layer47.router,router,GPU_COMPUTE,step0.layer47.norm2,4536.418834432,2.069888000,4538.488722432,step0.layer47.norm2,MoE router
0,47,step0.layer47.metadata,metadata,GPU_COMPUTE,step0.layer47.router,4538.488722432,1.000128000,4539.488850432,step0.layer47.router,routing metadata
0,47,step0.layer47.dispatch,dispatch,,step0.layer47.metadata,4539.488850432,0.000000000,4539.488850432,step0.layer47.metadata,single-GPU dispatch placeholder
0,47,step0.layer47.scheduler,scheduler,GPU_COMPUTE,step0.layer47.metadata,4539.488850432,0.000000000,4539.488850432,step0.layer47.metadata,noexp placement policy
0,47,step0.layer47.gpu_weight_load,gpu_weight_load,HBM_MEM_PATH,step0.layer47.scheduler,4539.488850432,57.802752000,4597.291602432,step0.layer47.scheduler,expert weights HBM to GPU
0,47,step0.layer47.gpu_expert_compute,gpu_expert,GPU_COMPUTE,step0.layer47.gpu_weight_load;step0.layer47.dispatch,4597.291602432,3.268435456,4600.560037888,step0.layer47.gpu_weight_load,grouped expert GEMM
0,47,step0.layer47.pim_gwrite,pim_write,GPU_PIM_IO,step0.layer47.scheduler;step0.layer47.dispatch,4539.488850432,0.000000000,4539.488850432,step0.layer47.scheduler,PIM_GWRITE token operands
0,47,step0.layer47.pim_expert_compute,pim_expert,PIM_COMPUTE,step0.layer47.pim_gwrite,4539.488850432,0.000000000,4539.488850432,step0.layer47.pim_gwrite,serialized PIM expert GEMV
0,47,step0.layer47.pim_read,pim_read,GPU_PIM_IO,step0.layer47.pim_expert_compute,4539.488850432,0.000000000,4539.488850432,step0.layer47.pim_gwrite,PIM expert result read
0,47,step0.layer47.combine,combine,GPU_COMPUTE,step0.layer47.gpu_expert_compute;step0.layer47.pim_read,4600.560037888,1.036864000,4601.596901888,step0.layer47.gpu_expert_compute,weighted expert combine
0,47,step0.layer47.residual2,residual,GPU_COMPUTE,step0.layer47.combine,4601.596901888,1.012288000,4602.609189888,step0.layer47.combine,residual add
1,0,step1.layer0.norm1,norm,GPU_COMPUTE,step0.layer47.residual2,4602.609189888,1.008192000,4603.617381888,step0.layer47.residual2,RMSNorm
1,0,step1.layer0.qkv,qkv,GPU_COMPUTE,step1.layer0.norm1,4603.617381888,3.635776000,4607.253157888,step1.layer0.norm1,QKV projection
1,0,step1.layer0.rope,rope,GPU_COMPUTE,step1.layer0.qkv,4607.253157888,1.018432000,4608.271589888,step1.layer0.qkv,QK norm and RoPE
1,0,step1.layer0.attention,attention,PIM_COMPUTE,step1.layer0.rope,4608.271589888,18.929664000,4627.201253888,step1.layer0.rope,decode attention from Ramulator cycle-v0 table
1,0,step1.layer0.o_proj,attention_output,GPU_COMPUTE,step1.layer0.attention,4627.201253888,3.109440000,4630.310693888,step1.layer0.attention,attention output projection
1,0,step1.layer0.residual1,residual,GPU_COMPUTE,step1.layer0.o_proj,4630.310693888,1.012288000,4631.322981888,step1.layer0.o_proj,residual add
1,0,step1.layer0.norm2,norm,GPU_COMPUTE,step1.layer0.residual1,4631.322981888,1.008192000,4632.331173888,step1.layer0.residual1,RMSNorm
1,0,step1.layer0.router,router,GPU_COMPUTE,step1.layer0.norm2,4632.331173888,2.069888000,4634.401061888,step1.layer0.norm2,MoE router
1,0,step1.layer0.metadata,metadata,GPU_COMPUTE,step1.layer0.router,4634.401061888,1.000128000,4635.401189888,step1.layer0.router,routing metadata
1,0,step1.layer0.dispatch,dispatch,,step1.layer0.metadata,4635.401189888,0.000000000,4635.401189888,step1.layer0.metadata,single-GPU dispatch placeholder
1,0,step1.layer0.scheduler,scheduler,GPU_COMPUTE,step1.layer0.metadata,4635.401189888,0.000000000,4635.401189888,step1.layer0.metadata,noexp placement policy
1,0,step1.layer0.gpu_weight_load,gpu_weight_load,HBM_MEM_PATH,step1.layer0.scheduler,4635.401189888,57.802752000,4693.203941888,step1.layer0.scheduler,expert weights HBM to GPU
1,0,step1.layer0.gpu_expert_compute,gpu_expert,GPU_COMPUTE,step1.layer0.gpu_weight_load;step1.layer0.dispatch,4693.203941888,3.268435456,4696.472377344,step1.layer0.gpu_weight_load,grouped expert GEMM
1,0,step1.layer0.pim_gwrite,pim_write,GPU_PIM_IO,step1.layer0.scheduler;step1.layer0.dispatch,4635.401189888,0.000000000,4635.401189888,step1.layer0.scheduler,PIM_GWRITE token operands
1,0,step1.layer0.pim_expert_compute,pim_expert,PIM_COMPUTE,step1.layer0.pim_gwrite,4635.401189888,0.000000000,4635.401189888,step1.layer0.pim_gwrite,serialized PIM expert GEMV
1,0,step1.layer0.pim_read,pim_read,GPU_PIM_IO,step1.layer0.pim_expert_compute,4635.401189888,0.000000000,4635.401189888,step1.layer0.pim_gwrite,PIM expert result read
1,0,step1.layer0.combine,combine,GPU_COMPUTE,step1.layer0.gpu_expert_compute;step1.layer0.pim_read,4696.472377344,1.036864000,4697.509241344,step1.layer0.gpu_expert_compute,weighted expert combine
1,0,step1.layer0.residual2,residual,GPU_COMPUTE,step1.layer0.combine,4697.509241344,1.012288000,4698.521529344,step1.layer0.combine,residual add
1,1,step1.layer1.norm1,norm,GPU_COMPUTE,step1.layer0.residual2,4698.521529344,1.008192000,4699.529721344,step1.layer0.residual2,RMSNorm
1,1,step1.layer1.qkv,qkv,GPU_COMPUTE,step1.layer1.norm1,4699.529721344,3.635776000,4703.165497344,step1.layer1.norm1,QKV projection
1,1,step1.layer1.rope,rope,GPU_COMPUTE,step1.layer1.qkv,4703.165497344,1.018432000,4704.183929344,step1.layer1.qkv,QK norm and RoPE
1,1,step1.layer1.attention,attention,PIM_COMPUTE,step1.layer1.rope,4704.183929344,18.929664000,4723.113593344,step1.layer1.rope,decode attention from Ramulator cycle-v0 table
1,1,step1.layer1.o_proj,attention_output,GPU_COMPUTE,step1.layer1.attention,4723.113593344,3.109440000,4726.223033344,step1.layer1.attention,attention output projection
1,1,step1.layer1.residual1,residual,GPU_COMPUTE,step1.layer1.o_proj,4726.223033344,1.012288000,4727.235321344,step1.layer1.o_proj,residual add
1,1,step1.layer1.norm2,norm,GPU_COMPUTE,step1.layer1.residual1,4727.235321344,1.008192000,4728.243513344,step1.layer1.residual1,RMSNorm
1,1,step1.layer1.router,router,GPU_COMPUTE,step1.layer1.norm2,4728.243513344,2.069888000,4730.313401344,step1.layer1.norm2,MoE router
1,1,step1.layer1.metadata,metadata,GPU_COMPUTE,step1.layer1.router,4730.313401344,1.000128000,4731.313529344,step1.layer1.router,routing metadata
1,1,step1.layer1.dispatch,dispatch,,step1.layer1.metadata,4731.313529344,0.000000000,4731.313529344,step1.layer1.metadata,single-GPU dispatch placeholder
1,1,step1.layer1.scheduler,scheduler,GPU_COMPUTE,step1.layer1.metadata,4731.313529344,0.000000000,4731.313529344,step1.layer1.metadata,noexp placement policy
1,1,step1.layer1.gpu_weight_load,gpu_weight_load,HBM_MEM_PATH,step1.layer1.scheduler,4731.313529344,57.802752000,4789.116281344,step1.layer1.scheduler,expert weights HBM to GPU
1,1,step1.layer1.gpu_expert_compute,gpu_expert,GPU_COMPUTE,step1.layer1.gpu_weight_load;step1.layer1.dispatch,4789.116281344,3.268435456,4792.384716800,step1.layer1.gpu_weight_load,grouped expert GEMM
1,1,step1.layer1.pim_gwrite,pim_write,GPU_PIM_IO,step1.layer1.scheduler;step1.layer1.dispatch,4731.313529344,0.000000000,4731.313529344,step1.layer1.scheduler,PIM_GWRITE token operands
1,1,step1.layer1.pim_expert_compute,pim_expert,PIM_COMPUTE,step1.layer1.pim_gwrite,4731.313529344,0.000000000,4731.313529344,step1.layer1.pim_gwrite,serialized PIM expert GEMV
1,1,step1.layer1.pim_read,pim_read,GPU_PIM_IO,step1.layer1.pim_expert_compute,4731.313529344,0.000000000,4731.313529344,step1.layer1.pim_gwrite,PIM expert result read
1,1,step1.layer1.combine,combine,GPU_COMPUTE,step1.layer1.gpu_expert_compute;step1.layer1.pim_read,4792.384716800,1.036864000,4793.421580800,step1.layer1.gpu_expert_compute,weighted expert combine
1,1,step1.layer1.residual2,residual,GPU_COMPUTE,step1.layer1.combine,4793.421580800,1.012288000,4794.433868800,step1.layer1.combine,residual add
1,2,step1.layer2.norm1,norm,GPU_COMPUTE,step1.layer1.residual2,4794.433868800,1.008192000,4795.442060800,step1.layer1.residual2,RMSNorm
1,2,step1.layer2.qkv,qkv,GPU_COMPUTE,step1.layer2.norm1,4795.442060800,3.635776000,4799.077836800,step1.layer2.norm1,QKV projection
1,2,step1.layer2.rope,rope,GPU_COMPUTE,step1.layer2.qkv,4799.077836800,1.018432000,4800.096268800,step1.layer2.qkv,QK norm and RoPE
1,2,step1.layer2.attention,attention,PIM_COMPUTE,step1.layer2.rope,4800.096268800,18.929664000,4819.025932800,step1.layer2.rope,decode attention from Ramulator cycle-v0 table
1,2,step1.layer2.o_proj,attention_output,GPU_COMPUTE,step1.layer2.attention,4819.025932800,3.109440000,4822.135372800,step1.layer2.attention,attention output projection
1,2,step1.layer2.residual1,residual,GPU_COMPUTE,step1.layer2.o_proj,4822.135372800,1.012288000,4823.147660800,step1.layer2.o_proj,residual add
1,2,step1.layer2.norm2,norm,GPU_COMPUTE,step1.layer2.residual1,4823.147660800,1.008192000,4824.155852800,step1.layer2.residual1,RMSNorm
1,2,step1.layer2.router,router,GPU_COMPUTE,step1.layer2.norm2,4824.155852800,2.069888000,4826.225740800,step1.layer2.norm2,MoE router
1,2,step1.layer2.metadata,metadata,GPU_COMPUTE,step1.layer2.router,4826.225740800,1.000128000,4827.225868800,step1.layer2.router,routing metadata
1,2,step1.layer2.dispatch,dispatch,,step1.layer2.metadata,4827.225868800,0.000000000,4827.225868800,step1.layer2.metadata,single-GPU dispatch placeholder
1,2,step1.layer2.scheduler,scheduler,GPU_COMPUTE,step1.layer2.metadata,4827.225868800,0.000000000,4827.225868800,step1.layer2.metadata,noexp placement policy
1,2,step1.layer2.gpu_weight_load,gpu_weight_load,HBM_MEM_PATH,step1.layer2.scheduler,4827.225868800,57.802752000,4885.028620800,step1.layer2.scheduler,expert weights HBM to GPU
1,2,step1.layer2.gpu_expert_compute,gpu_expert,GPU_COMPUTE,step1.layer2.gpu_weight_load;step1.layer2.dispatch,4885.028620800,3.268435456,4888.297056256,step1.layer2.gpu_weight_load,grouped expert GEMM
1,2,step1.layer2.pim_gwrite,pim_write,GPU_PIM_IO,step1.layer2.scheduler;step1.layer2.dispatch,4827.225868800,0.000000000,4827.225868800,step1.layer2.scheduler,PIM_GWRITE token operands
1,2,step1.layer2.pim_expert_compute,pim_expert,PIM_COMPUTE,step1.layer2.pim_gwrite,4827.225868800,0.000000000,4827.225868800,step1.layer2.pim_gwrite,serialized PIM expert GEMV
1,2,step1.layer2.pim_read,pim_read,GPU_PIM_IO,step1.layer2.pim_expert_compute,4827.225868800,0.000000000,4827.225868800,step1.layer2.pim_gwrite,PIM expert result read
1,2,step1.layer2.combine,combine,GPU_COMPUTE,step1.layer2.gpu_expert_compute;step1.layer2.pim_read,4888.297056256,1.036864000,4889.333920256,step1.layer2.gpu_expert_compute,weighted expert combine
1,2,step1.layer2.residual2,residual,GPU_COMPUTE,step1.layer2.combine,4889.333920256,1.012288000,4890.346208256,step1.layer2.combine,residual add
1,3,step1.layer3.norm1,norm,GPU_COMPUTE,step1.layer2.residual2,4890.346208256,1.008192000,4891.354400256,step1.layer2.residual2,RMSNorm
1,3,step1.layer3.qkv,qkv,GPU_COMPUTE,step1.layer3.norm1,4891.354400256,3.635776000,4894.990176256,step1.layer3.norm1,QKV projection
1,3,step1.layer3.rope,rope,GPU_COMPUTE,step1.layer3.qkv,4894.990176256,1.018432000,4896.008608256,step1.layer3.qkv,QK norm and RoPE
1,3,step1.layer3.attention,attention,PIM_COMPUTE,step1.layer3.rope,4896.008608256,18.929664000,4914.938272256,step1.layer3.rope,decode attention from Ramulator cycle-v0 table
1,3,step1.layer3.o_proj,attention_output,GPU_COMPUTE,step1.layer3.attention,4914.938272256,3.109440000,4918.047712256,step1.layer3.attention,attention output projection
1,3,step1.layer3.residual1,residual,GPU_COMPUTE,step1.layer3.o_proj,4918.047712256,1.012288000,4919.060000256,step1.layer3.o_proj,residual add
1,3,step1.layer3.norm2,norm,GPU_COMPUTE,step1.layer3.residual1,4919.060000256,1.008192000,4920.068192256,step1.layer3.residual1,RMSNorm
1,3,step1.layer3.router,router,GPU_COMPUTE,step1.layer3.norm2,4920.068192256,2.069888000,4922.138080256,step1.layer3.norm2,MoE router
1,3,step1.layer3.metadata,metadata,GPU_COMPUTE,step1.layer3.router,4922.138080256,1.000128000,4923.138208256,step1.layer3.router,routing metadata
1,3,step1.layer3.dispatch,dispatch,,step1.layer3.metadata,4923.138208256,0.000000000,4923.138208256,step1.layer3.metadata,single-GPU dispatch placeholder
1,3,step1.layer3.scheduler,scheduler,GPU_COMPUTE,step1.layer3.metadata,4923.138208256,0.000000000,4923.138208256,step1.layer3.metadata,noexp placement policy
1,3,step1.layer3.gpu_weight_load,gpu_weight_load,HBM_MEM_PATH,step1.layer3.scheduler,4923.138208256,57.802752000,4980.940960256,step1.layer3.scheduler,expert weights HBM to GPU
1,3,step1.layer3.gpu_expert_compute,gpu_expert,GPU_COMPUTE,step1.layer3.gpu_weight_load;step1.layer3.dispatch,4980.940960256,3.268435456,4984.209395712,step1.layer3.gpu_weight_load,grouped expert GEMM
1,3,step1.layer3.pim_gwrite,pim_write,GPU_PIM_IO,step1.layer3.scheduler;step1.layer3.dispatch,4923.138208256,0.000000000,4923.138208256,step1.layer3.scheduler,PIM_GWRITE token operands
1,3,step1.layer3.pim_expert_compute,pim_expert,PIM_COMPUTE,step1.layer3.pim_gwrite,4923.138208256,0.000000000,4923.138208256,step1.layer3.pim_gwrite,serialized PIM expert GEMV
1,3,step1.layer3.pim_read,pim_read,GPU_PIM_IO,step1.layer3.pim_expert_compute,4923.138208256,0.000000000,4923.138208256,step1.layer3.pim_gwrite,PIM expert result read
1,3,step1.layer3.combine,combine,GPU_COMPUTE,step1.layer3.gpu_expert_compute;step1.layer3.pim_read,4984.209395712,1.036864000,4985.246259712,step1.layer3.gpu_expert_compute,weighted expert combine
1,3,step1.layer3.residual2,residual,GPU_COMPUTE,step1.layer3.combine,4985.246259712,1.012288000,4986.258547712,step1.layer3.combine,residual add
1,4,step1.layer4.norm1,norm,GPU_COMPUTE,step1.layer3.residual2,4986.258547712,1.008192000,4987.266739712,step1.layer3.residual2,RMSNorm
1,4,step1.layer4.qkv,qkv,GPU_COMPUTE,step1.layer4.norm1,4987.266739712,3.635776000,4990.902515712,step1.layer4.norm1,QKV projection
1,4,step1.layer4.rope,rope,GPU_COMPUTE,step1.layer4.qkv,4990.902515712,1.018432000,4991.920947712,step1.layer4.qkv,QK norm and RoPE
1,4,step1.layer4.attention,attention,PIM_COMPUTE,step1.layer4.rope,4991.920947712,18.929664000,5010.850611712,step1.layer4.rope,decode attention from Ramulator cycle-v0 table
1,4,step1.layer4.o_proj,attention_output,GPU_COMPUTE,step1.layer4.attention,5010.850611712,3.109440000,5013.960051712,step1.layer4.attention,attention output projection
1,4,step1.layer4.residual1,residual,GPU_COMPUTE,step1.layer4.o_proj,5013.960051712,1.012288000,5014.972339712,step1.layer4.o_proj,residual add
1,4,step1.layer4.norm2,norm,GPU_COMPUTE,step1.layer4.residual1,5014.972339712,1.008192000,5015.980531712,step1.layer4.residual1,RMSNorm
1,4,step1.layer4.router,router,GPU_COMPUTE,step1.layer4.norm2,5015.980531712,2.069888000,5018.050419712,step1.layer4.norm2,MoE router
1,4,step1.layer4.metadata,metadata,GPU_COMPUTE,step1.layer4.router,5018.050419712,1.000128000,5019.050547712,step1.layer4.router,routing metadata
1,4,step1.layer4.dispatch,dispatch,,step1.layer4.metadata,5019.050547712,0.000000000,5019.050547712,step1.layer4.metadata,single-GPU dispatch placeholder
1,4,step1.layer4.scheduler,scheduler,GPU_COMPUTE,step1.layer4.metadata,5019.050547712,0.000000000,5019.050547712,step1.layer4.metadata,noexp placement policy
1,4,step1.layer4.gpu_weight_load,gpu_weight_load,HBM_MEM_PATH,step1.layer4.scheduler,5019.050547712,57.802752000,5076.853299712,step1.layer4.scheduler,expert weights HBM to GPU
1,4,step1.layer4.gpu_expert_compute,gpu_expert,GPU_COMPUTE,step1.layer4.gpu_weight_load;step1.layer4.dispatch,5076.853299712,3.268435456,5080.121735168,step1.layer4.gpu_weight_load,grouped expert GEMM
1,4,step1.layer4.pim_gwrite,pim_write,GPU_PIM_IO,step1.layer4.scheduler;step1.layer4.dispatch,5019.050547712,0.000000000,5019.050547712,step1.layer4.scheduler,PIM_GWRITE token operands
1,4,step1.layer4.pim_expert_compute,pim_expert,PIM_COMPUTE,step1.layer4.pim_gwrite,5019.050547712,0.000000000,5019.050547712,step1.layer4.pim_gwrite,serialized PIM expert GEMV
1,4,step1.layer4.pim_read,pim_read,GPU_PIM_IO,step1.layer4.pim_expert_compute,5019.050547712,0.000000000,5019.050547712,step1.layer4.pim_gwrite,PIM expert result read
1,4,step1.layer4.combine,combine,GPU_COMPUTE,step1.layer4.gpu_expert_compute;step1.layer4.pim_read,5080.121735168,1.036864000,5081.158599168,step1.layer4.gpu_expert_compute,weighted expert combine
1,4,step1.layer4.residual2,residual,GPU_COMPUTE,step1.layer4.combine,5081.158599168,1.012288000,5082.170887168,step1.layer4.combine,residual add
1,5,step1.layer5.norm1,norm,GPU_COMPUTE,step1.layer4.residual2,5082.170887168,1.008192000,5083.179079168,step1.layer4.residual2,RMSNorm
1,5,step1.layer5.qkv,qkv,GPU_COMPUTE,step1.layer5.norm1,5083.179079168,3.635776000,5086.814855168,step1.layer5.norm1,QKV projection
1,5,step1.layer5.rope,rope,GPU_COMPUTE,step1.layer5.qkv,5086.814855168,1.018432000,5087.833287168,step1.layer5.qkv,QK norm and RoPE
1,5,step1.layer5.attention,attention,PIM_COMPUTE,step1.layer5.rope,5087.833287168,18.929664000,5106.762951168,step1.layer5.rope,decode attention from Ramulator cycle-v0 table
1,5,step1.layer5.o_proj,attention_output,GPU_COMPUTE,step1.layer5.attention,5106.762951168,3.109440000,5109.872391168,step1.layer5.attention,attention output projection
1,5,step1.layer5.residual1,residual,GPU_COMPUTE,step1.layer5.o_proj,5109.872391168,1.012288000,5110.884679168,step1.layer5.o_proj,residual add
1,5,step1.layer5.norm2,norm,GPU_COMPUTE,step1.layer5.residual1,5110.884679168,1.008192000,5111.892871168,step1.layer5.residual1,RMSNorm
1,5,step1.layer5.router,router,GPU_COMPUTE,step1.layer5.norm2,5111.892871168,2.069888000,5113.962759168,step1.layer5.norm2,MoE router
1,5,step1.layer5.metadata,metadata,GPU_COMPUTE,step1.layer5.router,5113.962759168,1.000128000,5114.962887168,step1.layer5.router,routing metadata
1,5,step1.layer5.dispatch,dispatch,,step1.layer5.metadata,5114.962887168,0.000000000,5114.962887168,step1.layer5.metadata,single-GPU dispatch placeholder
1,5,step1.layer5.scheduler,scheduler,GPU_COMPUTE,step1.layer5.metadata,5114.962887168,0.000000000,5114.962887168,step1.layer5.metadata,noexp placement policy
1,5,step1.layer5.gpu_weight_load,gpu_weight_load,HBM_MEM_PATH,step1.layer5.scheduler,5114.962887168,57.802752000,5172.765639168,step1.layer5.scheduler,expert weights HBM to GPU
1,5,step1.layer5.gpu_expert_compute,gpu_expert,GPU_COMPUTE,step1.layer5.gpu_weight_load;step1.layer5.dispatch,5172.765639168,3.268435456,5176.034074624,step1.layer5.gpu_weight_load,grouped expert GEMM
1,5,step1.layer5.pim_gwrite,pim_write,GPU_PIM_IO,step1.layer5.scheduler;step1.layer5.dispatch,5114.962887168,0.000000000,5114.962887168,step1.layer5.scheduler,PIM_GWRITE token operands
1,5,step1.layer5.pim_expert_compute,pim_expert,PIM_COMPUTE,step1.layer5.pim_gwrite,5114.962887168,0.000000000,5114.962887168,step1.layer5.pim_gwrite,serialized PIM expert GEMV
1,5,step1.layer5.pim_read,pim_read,GPU_PIM_IO,step1.layer5.pim_expert_compute,5114.962887168,0.000000000,5114.962887168,step1.layer5.pim_gwrite,PIM expert result read
1,5,step1.layer5.combine,combine,GPU_COMPUTE,step1.layer5.gpu_expert_compute;step1.layer5.pim_read,5176.034074624,1.036864000,5177.070938624,step1.layer5.gpu_expert_compute,weighted expert combine
1,5,step1.layer5.residual2,residual,GPU_COMPUTE,step1.layer5.combine,5177.070938624,1.012288000,5178.083226624,step1.layer5.combine,residual add
1,6,step1.layer6.norm1,norm,GPU_COMPUTE,step1.layer5.residual2,5178.083226624,1.008192000,5179.091418624,step1.layer5.residual2,RMSNorm
1,6,step1.layer6.qkv,qkv,GPU_COMPUTE,step1.layer6.norm1,5179.091418624,3.635776000,5182.727194624,step1.layer6.norm1,QKV projection
1,6,step1.layer6.rope,rope,GPU_COMPUTE,step1.layer6.qkv,5182.727194624,1.018432000,5183.745626624,step1.layer6.qkv,QK norm and RoPE
1,6,step1.layer6.attention,attention,PIM_COMPUTE,step1.layer6.rope,5183.745626624,18.929664000,5202.675290624,step1.layer6.rope,decode attention from Ramulator cycle-v0 table
1,6,step1.layer6.o_proj,attention_output,GPU_COMPUTE,step1.layer6.attention,5202.675290624,3.109440000,5205.784730624,step1.layer6.attention,attention output projection
1,6,step1.layer6.residual1,residual,GPU_COMPUTE,step1.layer6.o_proj,5205.784730624,1.012288000,5206.797018624,step1.layer6.o_proj,residual add
1,6,step1.layer6.norm2,norm,GPU_COMPUTE,step1.layer6.residual1,5206.797018624,1.008192000,5207.805210624,step1.layer6.residual1,RMSNorm
1,6,step1.layer6.router,router,GPU_COMPUTE,step1.layer6.norm2,5207.805210624,2.069888000,5209.875098624,step1.layer6.norm2,MoE router
1,6,step1.layer6.metadata,metadata,GPU_COMPUTE,step1.layer6.router,5209.875098624,1.000128000,5210.875226624,step1.layer6.router,routing metadata
1,6,step1.layer6.dispatch,dispatch,,step1.layer6.metadata,5210.875226624,0.000000000,5210.875226624,step1.layer6.metadata,single-GPU dispatch placeholder
1,6,step1.layer6.scheduler,scheduler,GPU_COMPUTE,step1.layer6.metadata,5210.875226624,0.000000000,5210.875226624,step1.layer6.metadata,noexp placement policy
1,6,step1.layer6.gpu_weight_load,gpu_weight_load,HBM_MEM_PATH,step1.layer6.scheduler,5210.875226624,57.802752000,5268.677978624,step1.layer6.scheduler,expert weights HBM to GPU
1,6,step1.layer6.gpu_expert_compute,gpu_expert,GPU_COMPUTE,step1.layer6.gpu_weight_load;step1.layer6.dispatch,5268.677978624,3.268435456,5271.946414080,step1.layer6.gpu_weight_load,grouped expert GEMM
1,6,step1.layer6.pim_gwrite,pim_write,GPU_PIM_IO,step1.layer6.scheduler;step1.layer6.dispatch,5210.875226624,0.000000000,5210.875226624,step1.layer6.scheduler,PIM_GWRITE token operands
1,6,step1.layer6.pim_expert_compute,pim_expert,PIM_COMPUTE,step1.layer6.pim_gwrite,5210.875226624,0.000000000,5210.875226624,step1.layer6.pim_gwrite,serialized PIM expert GEMV
1,6,step1.layer6.pim_read,pim_read,GPU_PIM_IO,step1.layer6.pim_expert_compute,5210.875226624,0.000000000,5210.875226624,step1.layer6.pim_gwrite,PIM expert result read
1,6,step1.layer6.combine,combine,GPU_COMPUTE,step1.layer6.gpu_expert_compute;step1.layer6.pim_read,5271.946414080,1.036864000,5272.983278080,step1.layer6.gpu_expert_compute,weighted expert combine
1,6,step1.layer6.residual2,residual,GPU_COMPUTE,step1.layer6.combine,5272.983278080,1.012288000,5273.995566080,step1.layer6.combine,residual add
1,7,step1.layer7.norm1,norm,GPU_COMPUTE,step1.layer6.residual2,5273.995566080,1.008192000,5275.003758080,step1.layer6.residual2,RMSNorm
1,7,step1.layer7.qkv,qkv,GPU_COMPUTE,step1.layer7.norm1,5275.003758080,3.635776000,5278.639534080,step1.layer7.norm1,QKV projection
1,7,step1.layer7.rope,rope,GPU_COMPUTE,step1.layer7.qkv,5278.639534080,1.018432000,5279.657966080,step1.layer7.qkv,QK norm and RoPE
1,7,step1.layer7.attention,attention,PIM_COMPUTE,step1.layer7.rope,5279.657966080,18.929664000,5298.587630080,step1.layer7.rope,decode attention from Ramulator cycle-v0 table
1,7,step1.layer7.o_proj,attention_output,GPU_COMPUTE,step1.layer7.attention,5298.587630080,3.109440000,5301.697070080,step1.layer7.attention,attention output projection
1,7,step1.layer7.residual1,residual,GPU_COMPUTE,step1.layer7.o_proj,5301.697070080,1.012288000,5302.709358080,step1.layer7.o_proj,residual add
1,7,step1.layer7.norm2,norm,GPU_COMPUTE,step1.layer7.residual1,5302.709358080,1.008192000,5303.717550080,step1.layer7.residual1,RMSNorm
1,7,step1.layer7.router,router,GPU_COMPUTE,step1.layer7.norm2,5303.717550080,2.069888000,5305.787438080,step1.layer7.norm2,MoE router
1,7,step1.layer7.metadata,metadata,GPU_COMPUTE,step1.layer7.router,5305.787438080,1.000128000,5306.787566080,step1.layer7.router,routing metadata
1,7,step1.layer7.dispatch,dispatch,,step1.layer7.metadata,5306.787566080,0.000000000,5306.787566080,step1.layer7.metadata,single-GPU dispatch placeholder
1,7,step1.layer7.scheduler,scheduler,GPU_COMPUTE,step1.layer7.metadata,5306.787566080,0.000000000,5306.787566080,step1.layer7.metadata,noexp placement policy
1,7,step1.layer7.gpu_weight_load,gpu_weight_load,HBM_MEM_PATH,step1.layer7.scheduler,5306.787566080,57.802752000,5364.590318080,step1.layer7.scheduler,expert weights HBM to GPU
1,7,step1.layer7.gpu_expert_compute,gpu_expert,GPU_COMPUTE,step1.layer7.gpu_weight_load;step1.layer7.dispatch,5364.590318080,3.268435456,5367.858753536,step1.layer7.gpu_weight_load,grouped expert GEMM
1,7,step1.layer7.pim_gwrite,pim_write,GPU_PIM_IO,step1.layer7.scheduler;step1.layer7.dispatch,5306.787566080,0.000000000,5306.787566080,step1.layer7.scheduler,PIM_GWRITE token operands
1,7,step1.layer7.pim_expert_compute,pim_expert,PIM_COMPUTE,step1.layer7.pim_gwrite,5306.787566080,0.000000000,5306.787566080,step1.layer7.pim_gwrite,serialized PIM expert GEMV
1,7,step1.layer7.pim_read,pim_read,GPU_PIM_IO,step1.layer7.pim_expert_compute,5306.787566080,0.000000000,5306.787566080,step1.layer7.pim_gwrite,PIM expert result read
1,7,step1.layer7.combine,combine,GPU_COMPUTE,step1.layer7.gpu_expert_compute;step1.layer7.pim_read,5367.858753536,1.036864000,5368.895617536,step1.layer7.gpu_expert_compute,weighted expert combine
1,7,step1.layer7.residual2,residual,GPU_COMPUTE,step1.layer7.combine,5368.895617536,1.012288000,5369.907905536,step1.layer7.combine,residual add
1,8,step1.layer8.norm1,norm,GPU_COMPUTE,step1.layer7.residual2,5369.907905536,1.008192000,5370.916097536,step1.layer7.residual2,RMSNorm
1,8,step1.layer8.qkv,qkv,GPU_COMPUTE,step1.layer8.norm1,5370.916097536,3.635776000,5374.551873536,step1.layer8.norm1,QKV projection
1,8,step1.layer8.rope,rope,GPU_COMPUTE,step1.layer8.qkv,5374.551873536,1.018432000,5375.570305536,step1.layer8.qkv,QK norm and RoPE
1,8,step1.layer8.attention,attention,PIM_COMPUTE,step1.layer8.rope,5375.570305536,18.929664000,5394.499969536,step1.layer8.rope,decode attention from Ramulator cycle-v0 table
1,8,step1.layer8.o_proj,attention_output,GPU_COMPUTE,step1.layer8.attention,5394.499969536,3.109440000,5397.609409536,step1.layer8.attention,attention output projection
1,8,step1.layer8.residual1,residual,GPU_COMPUTE,step1.layer8.o_proj,5397.609409536,1.012288000,5398.621697536,step1.layer8.o_proj,residual add
1,8,step1.layer8.norm2,norm,GPU_COMPUTE,step1.layer8.residual1,5398.621697536,1.008192000,5399.629889536,step1.layer8.residual1,RMSNorm
1,8,step1.layer8.router,router,GPU_COMPUTE,step1.layer8.norm2,5399.629889536,2.069888000,5401.699777536,step1.layer8.norm2,MoE router
1,8,step1.layer8.metadata,metadata,GPU_COMPUTE,step1.layer8.router,5401.699777536,1.000128000,5402.699905536,step1.layer8.router,routing metadata
1,8,step1.layer8.dispatch,dispatch,,step1.layer8.metadata,5402.699905536,0.000000000,5402.699905536,step1.layer8.metadata,single-GPU dispatch placeholder
1,8,step1.layer8.scheduler,scheduler,GPU_COMPUTE,step1.layer8.metadata,5402.699905536,0.000000000,5402.699905536,step1.layer8.metadata,noexp placement policy
1,8,step1.layer8.gpu_weight_load,gpu_weight_load,HBM_MEM_PATH,step1.layer8.scheduler,5402.699905536,57.802752000,5460.502657536,step1.layer8.scheduler,expert weights HBM to GPU
1,8,step1.layer8.gpu_expert_compute,gpu_expert,GPU_COMPUTE,step1.layer8.gpu_weight_load;step1.layer8.dispatch,5460.502657536,3.268435456,5463.771092992,step1.layer8.gpu_weight_load,grouped expert GEMM
1,8,step1.layer8.pim_gwrite,pim_write,GPU_PIM_IO,step1.layer8.scheduler;step1.layer8.dispatch,5402.699905536,0.000000000,5402.699905536,step1.layer8.scheduler,PIM_GWRITE token operands
1,8,step1.layer8.pim_expert_compute,pim_expert,PIM_COMPUTE,step1.layer8.pim_gwrite,5402.699905536,0.000000000,5402.699905536,step1.layer8.pim_gwrite,serialized PIM expert GEMV
1,8,step1.layer8.pim_read,pim_read,GPU_PIM_IO,step1.layer8.pim_expert_compute,5402.699905536,0.000000000,5402.699905536,step1.layer8.pim_gwrite,PIM expert result read
1,8,step1.layer8.combine,combine,GPU_COMPUTE,step1.layer8.gpu_expert_compute;step1.layer8.pim_read,5463.771092992,1.036864000,5464.807956992,step1.layer8.gpu_expert_compute,weighted expert combine
1,8,step1.layer8.residual2,residual,GPU_COMPUTE,step1.layer8.combine,5464.807956992,1.012288000,5465.820244992,step1.layer8.combine,residual add
1,9,step1.layer9.norm1,norm,GPU_COMPUTE,step1.layer8.residual2,5465.820244992,1.008192000,5466.828436992,step1.layer8.residual2,RMSNorm
1,9,step1.layer9.qkv,qkv,GPU_COMPUTE,step1.layer9.norm1,5466.828436992,3.635776000,5470.464212992,step1.layer9.norm1,QKV projection
1,9,step1.layer9.rope,rope,GPU_COMPUTE,step1.layer9.qkv,5470.464212992,1.018432000,5471.482644992,step1.layer9.qkv,QK norm and RoPE
1,9,step1.layer9.attention,attention,PIM_COMPUTE,step1.layer9.rope,5471.482644992,18.929664000,5490.412308992,step1.layer9.rope,decode attention from Ramulator cycle-v0 table
1,9,step1.layer9.o_proj,attention_output,GPU_COMPUTE,step1.layer9.attention,5490.412308992,3.109440000,5493.521748992,step1.layer9.attention,attention output projection
1,9,step1.layer9.residual1,residual,GPU_COMPUTE,step1.layer9.o_proj,5493.521748992,1.012288000,5494.534036992,step1.layer9.o_proj,residual add
1,9,step1.layer9.norm2,norm,GPU_COMPUTE,step1.layer9.residual1,5494.534036992,1.008192000,5495.542228992,step1.layer9.residual1,RMSNorm
1,9,step1.layer9.router,router,GPU_COMPUTE,step1.layer9.norm2,5495.542228992,2.069888000,5497.612116992,step1.layer9.norm2,MoE router
1,9,step1.layer9.metadata,metadata,GPU_COMPUTE,step1.layer9.router,5497.612116992,1.000128000,5498.612244992,step1.layer9.router,routing metadata
1,9,step1.layer9.dispatch,dispatch,,step1.layer9.metadata,5498.612244992,0.000000000,5498.612244992,step1.layer9.metadata,single-GPU dispatch placeholder
1,9,step1.layer9.scheduler,scheduler,GPU_COMPUTE,step1.layer9.metadata,5498.612244992,0.000000000,5498.612244992,step1.layer9.metadata,noexp placement policy
1,9,step1.layer9.gpu_weight_load,gpu_weight_load,HBM_MEM_PATH,step1.layer9.scheduler,5498.612244992,57.802752000,5556.414996992,step1.layer9.scheduler,expert weights HBM to GPU
1,9,step1.layer9.gpu_expert_compute,gpu_expert,GPU_COMPUTE,step1.layer9.gpu_weight_load;step1.layer9.dispatch,5556.414996992,3.268435456,5559.683432448,step1.layer9.gpu_weight_load,grouped expert GEMM
1,9,step1.layer9.pim_gwrite,pim_write,GPU_PIM_IO,step1.layer9.scheduler;step1.layer9.dispatch,5498.612244992,0.000000000,5498.612244992,step1.layer9.scheduler,PIM_GWRITE token operands
1,9,step1.layer9.pim_expert_compute,pim_expert,PIM_COMPUTE,step1.layer9.pim_gwrite,5498.612244992,0.000000000,5498.612244992,step1.layer9.pim_gwrite,serialized PIM expert GEMV
1,9,step1.layer9.pim_read,pim_read,GPU_PIM_IO,step1.layer9.pim_expert_compute,5498.612244992,0.000000000,5498.612244992,step1.layer9.pim_gwrite,PIM expert result read
1,9,step1.layer9.combine,combine,GPU_COMPUTE,step1.layer9.gpu_expert_compute;step1.layer9.pim_read,5559.683432448,1.036864000,5560.720296448,step1.layer9.gpu_expert_compute,weighted expert combine
1,9,step1.layer9.residual2,residual,GPU_COMPUTE,step1.layer9.combine,5560.720296448,1.012288000,5561.732584448,step1.layer9.combine,residual add
1,10,step1.layer10.norm1,norm,GPU_COMPUTE,step1.layer9.residual2,5561.732584448,1.008192000,5562.740776448,step1.layer9.residual2,RMSNorm
1,10,step1.layer10.qkv,qkv,GPU_COMPUTE,step1.layer10.norm1,5562.740776448,3.635776000,5566.376552448,step1.layer10.norm1,QKV projection
1,10,step1.layer10.rope,rope,GPU_COMPUTE,step1.layer10.qkv,5566.376552448,1.018432000,5567.394984448,step1.layer10.qkv,QK norm and RoPE
1,10,step1.layer10.attention,attention,PIM_COMPUTE,step1.layer10.rope,5567.394984448,18.929664000,5586.324648448,step1.layer10.rope,decode attention from Ramulator cycle-v0 table
1,10,step1.layer10.o_proj,attention_output,GPU_COMPUTE,step1.layer10.attention,5586.324648448,3.109440000,5589.434088448,step1.layer10.attention,attention output projection
1,10,step1.layer10.residual1,residual,GPU_COMPUTE,step1.layer10.o_proj,5589.434088448,1.012288000,5590.446376448,step1.layer10.o_proj,residual add
1,10,step1.layer10.norm2,norm,GPU_COMPUTE,step1.layer10.residual1,5590.446376448,1.008192000,5591.454568448,step1.layer10.residual1,RMSNorm
1,10,step1.layer10.router,router,GPU_COMPUTE,step1.layer10.norm2,5591.454568448,2.069888000,5593.524456448,step1.layer10.norm2,MoE router
1,10,step1.layer10.metadata,metadata,GPU_COMPUTE,step1.layer10.router,5593.524456448,1.000128000,5594.524584448,step1.layer10.router,routing metadata
1,10,step1.layer10.dispatch,dispatch,,step1.layer10.metadata,5594.524584448,0.000000000,5594.524584448,step1.layer10.metadata,single-GPU dispatch placeholder
1,10,step1.layer10.scheduler,scheduler,GPU_COMPUTE,step1.layer10.metadata,5594.524584448,0.000000000,5594.524584448,step1.layer10.metadata,noexp placement policy
1,10,step1.layer10.gpu_weight_load,gpu_weight_load,HBM_MEM_PATH,step1.layer10.scheduler,5594.524584448,57.802752000,5652.327336448,step1.layer10.scheduler,expert weights HBM to GPU
1,10,step1.layer10.gpu_expert_compute,gpu_expert,GPU_COMPUTE,step1.layer10.gpu_weight_load;step1.layer10.dispatch,5652.327336448,3.268435456,5655.595771904,step1.layer10.gpu_weight_load,grouped expert GEMM
1,10,step1.layer10.pim_gwrite,pim_write,GPU_PIM_IO,step1.layer10.scheduler;step1.layer10.dispatch,5594.524584448,0.000000000,5594.524584448,step1.layer10.scheduler,PIM_GWRITE token operands
1,10,step1.layer10.pim_expert_compute,pim_expert,PIM_COMPUTE,step1.layer10.pim_gwrite,5594.524584448,0.000000000,5594.524584448,step1.layer10.pim_gwrite,serialized PIM expert GEMV
1,10,step1.layer10.pim_read,pim_read,GPU_PIM_IO,step1.layer10.pim_expert_compute,5594.524584448,0.000000000,5594.524584448,step1.layer10.pim_gwrite,PIM expert result read
1,10,step1.layer10.combine,combine,GPU_COMPUTE,step1.layer10.gpu_expert_compute;step1.layer10.pim_read,5655.595771904,1.036864000,5656.632635904,step1.layer10.gpu_expert_compute,weighted expert combine
1,10,step1.layer10.residual2,residual,GPU_COMPUTE,step1.layer10.combine,5656.632635904,1.012288000,5657.644923904,step1.layer10.combine,residual add
1,11,step1.layer11.norm1,norm,GPU_COMPUTE,step1.layer10.residual2,5657.644923904,1.008192000,5658.653115904,step1.layer10.residual2,RMSNorm
1,11,step1.layer11.qkv,qkv,GPU_COMPUTE,step1.layer11.norm1,5658.653115904,3.635776000,5662.288891904,step1.layer11.norm1,QKV projection
1,11,step1.layer11.rope,rope,GPU_COMPUTE,step1.layer11.qkv,5662.288891904,1.018432000,5663.307323904,step1.layer11.qkv,QK norm and RoPE
1,11,step1.layer11.attention,attention,PIM_COMPUTE,step1.layer11.rope,5663.307323904,18.929664000,5682.236987904,step1.layer11.rope,decode attention from Ramulator cycle-v0 table
1,11,step1.layer11.o_proj,attention_output,GPU_COMPUTE,step1.layer11.attention,5682.236987904,3.109440000,5685.346427904,step1.layer11.attention,attention output projection
1,11,step1.layer11.residual1,residual,GPU_COMPUTE,step1.layer11.o_proj,5685.346427904,1.012288000,5686.358715904,step1.layer11.o_proj,residual add
1,11,step1.layer11.norm2,norm,GPU_COMPUTE,step1.layer11.residual1,5686.358715904,1.008192000,5687.366907904,step1.layer11.residual1,RMSNorm
1,11,step1.layer11.router,router,GPU_COMPUTE,step1.layer11.norm2,5687.366907904,2.069888000,5689.436795904,step1.layer11.norm2,MoE router
1,11,step1.layer11.metadata,metadata,GPU_COMPUTE,step1.layer11.router,5689.436795904,1.000128000,5690.436923904,step1.layer11.router,routing metadata
1,11,step1.layer11.dispatch,dispatch,,step1.layer11.metadata,5690.436923904,0.000000000,5690.436923904,step1.layer11.metadata,single-GPU dispatch placeholder
1,11,step1.layer11.scheduler,scheduler,GPU_COMPUTE,step1.layer11.metadata,5690.436923904,0.000000000,5690.436923904,step1.layer11.metadata,noexp placement policy
1,11,step1.layer11.gpu_weight_load,gpu_weight_load,HBM_MEM_PATH,step1.layer11.scheduler,5690.436923904,57.802752000,5748.239675904,step1.layer11.scheduler,expert weights HBM to GPU
1,11,step1.layer11.gpu_expert_compute,gpu_expert,GPU_COMPUTE,step1.layer11.gpu_weight_load;step1.layer11.dispatch,5748.239675904,3.268435456,5751.508111360,step1.layer11.gpu_weight_load,grouped expert GEMM
1,11,step1.layer11.pim_gwrite,pim_write,GPU_PIM_IO,step1.layer11.scheduler;step1.layer11.dispatch,5690.436923904,0.000000000,5690.436923904,step1.layer11.scheduler,PIM_GWRITE token operands
1,11,step1.layer11.pim_expert_compute,pim_expert,PIM_COMPUTE,step1.layer11.pim_gwrite,5690.436923904,0.000000000,5690.436923904,step1.layer11.pim_gwrite,serialized PIM expert GEMV
1,11,step1.layer11.pim_read,pim_read,GPU_PIM_IO,step1.layer11.pim_expert_compute,5690.436923904,0.000000000,5690.436923904,step1.layer11.pim_gwrite,PIM expert result read
1,11,step1.layer11.combine,combine,GPU_COMPUTE,step1.layer11.gpu_expert_compute;step1.layer11.pim_read,5751.508111360,1.036864000,5752.544975360,step1.layer11.gpu_expert_compute,weighted expert combine
1,11,step1.layer11.residual2,residual,GPU_COMPUTE,step1.layer11.combine,5752.544975360,1.012288000,5753.557263360,step1.layer11.combine,residual add
1,12,step1.layer12.norm1,norm,GPU_COMPUTE,step1.layer11.residual2,5753.557263360,1.008192000,5754.565455360,step1.layer11.residual2,RMSNorm
1,12,step1.layer12.qkv,qkv,GPU_COMPUTE,step1.layer12.norm1,5754.565455360,3.635776000,5758.201231360,step1.layer12.norm1,QKV projection
1,12,step1.layer12.rope,rope,GPU_COMPUTE,step1.layer12.qkv,5758.201231360,1.018432000,5759.219663360,step1.layer12.qkv,QK norm and RoPE
1,12,step1.layer12.attention,attention,PIM_COMPUTE,step1.layer12.rope,5759.219663360,18.929664000,5778.149327360,step1.layer12.rope,decode attention from Ramulator cycle-v0 table
1,12,step1.layer12.o_proj,attention_output,GPU_COMPUTE,step1.layer12.attention,5778.149327360,3.109440000,5781.258767360,step1.layer12.attention,attention output projection
1,12,step1.layer12.residual1,residual,GPU_COMPUTE,step1.layer12.o_proj,5781.258767360,1.012288000,5782.271055360,step1.layer12.o_proj,residual add
1,12,step1.layer12.norm2,norm,GPU_COMPUTE,step1.layer12.residual1,5782.271055360,1.008192000,5783.279247360,step1.layer12.residual1,RMSNorm
1,12,step1.layer12.router,router,GPU_COMPUTE,step1.layer12.norm2,5783.279247360,2.069888000,5785.349135360,step1.layer12.norm2,MoE router
1,12,step1.layer12.metadata,metadata,GPU_COMPUTE,step1.layer12.router,5785.349135360,1.000128000,5786.349263360,step1.layer12.router,routing metadata
1,12,step1.layer12.dispatch,dispatch,,step1.layer12.metadata,5786.349263360,0.000000000,5786.349263360,step1.layer12.metadata,single-GPU dispatch placeholder
1,12,step1.layer12.scheduler,scheduler,GPU_COMPUTE,step1.layer12.metadata,5786.349263360,0.000000000,5786.349263360,step1.layer12.metadata,noexp placement policy
1,12,step1.layer12.gpu_weight_load,gpu_weight_load,HBM_MEM_PATH,step1.layer12.scheduler,5786.349263360,57.802752000,5844.152015360,step1.layer12.scheduler,expert weights HBM to GPU
1,12,step1.layer12.gpu_expert_compute,gpu_expert,GPU_COMPUTE,step1.layer12.gpu_weight_load;step1.layer12.dispatch,5844.152015360,3.268435456,5847.420450816,step1.layer12.gpu_weight_load,grouped expert GEMM
1,12,step1.layer12.pim_gwrite,pim_write,GPU_PIM_IO,step1.layer12.scheduler;step1.layer12.dispatch,5786.349263360,0.000000000,5786.349263360,step1.layer12.scheduler,PIM_GWRITE token operands
1,12,step1.layer12.pim_expert_compute,pim_expert,PIM_COMPUTE,step1.layer12.pim_gwrite,5786.349263360,0.000000000,5786.349263360,step1.layer12.pim_gwrite,serialized PIM expert GEMV
1,12,step1.layer12.pim_read,pim_read,GPU_PIM_IO,step1.layer12.pim_expert_compute,5786.349263360,0.000000000,5786.349263360,step1.layer12.pim_gwrite,PIM expert result read
1,12,step1.layer12.combine,combine,GPU_COMPUTE,step1.layer12.gpu_expert_compute;step1.layer12.pim_read,5847.420450816,1.036864000,5848.457314816,step1.layer12.gpu_expert_compute,weighted expert combine
1,12,step1.layer12.residual2,residual,GPU_COMPUTE,step1.layer12.combine,5848.457314816,1.012288000,5849.469602816,step1.layer12.combine,residual add
1,13,step1.layer13.norm1,norm,GPU_COMPUTE,step1.layer12.residual2,5849.469602816,1.008192000,5850.477794816,step1.layer12.residual2,RMSNorm
1,13,step1.layer13.qkv,qkv,GPU_COMPUTE,step1.layer13.norm1,5850.477794816,3.635776000,5854.113570816,step1.layer13.norm1,QKV projection
1,13,step1.layer13.rope,rope,GPU_COMPUTE,step1.layer13.qkv,5854.113570816,1.018432000,5855.132002816,step1.layer13.qkv,QK norm and RoPE
1,13,step1.layer13.attention,attention,PIM_COMPUTE,step1.layer13.rope,5855.132002816,18.929664000,5874.061666816,step1.layer13.rope,decode attention from Ramulator cycle-v0 table
1,13,step1.layer13.o_proj,attention_output,GPU_COMPUTE,step1.layer13.attention,5874.061666816,3.109440000,5877.171106816,step1.layer13.attention,attention output projection
1,13,step1.layer13.residual1,residual,GPU_COMPUTE,step1.layer13.o_proj,5877.171106816,1.012288000,5878.183394816,step1.layer13.o_proj,residual add
1,13,step1.layer13.norm2,norm,GPU_COMPUTE,step1.layer13.residual1,5878.183394816,1.008192000,5879.191586816,step1.layer13.residual1,RMSNorm
1,13,step1.layer13.router,router,GPU_COMPUTE,step1.layer13.norm2,5879.191586816,2.069888000,5881.261474816,step1.layer13.norm2,MoE router
1,13,step1.layer13.metadata,metadata,GPU_COMPUTE,step1.layer13.router,5881.261474816,1.000128000,5882.261602816,step1.layer13.router,routing metadata
1,13,step1.layer13.dispatch,dispatch,,step1.layer13.metadata,5882.261602816,0.000000000,5882.261602816,step1.layer13.metadata,single-GPU dispatch placeholder
1,13,step1.layer13.scheduler,scheduler,GPU_COMPUTE,step1.layer13.metadata,5882.261602816,0.000000000,5882.261602816,step1.layer13.metadata,noexp placement policy
1,13,step1.layer13.gpu_weight_load,gpu_weight_load,HBM_MEM_PATH,step1.layer13.scheduler,5882.261602816,57.802752000,5940.064354816,step1.layer13.scheduler,expert weights HBM to GPU
1,13,step1.layer13.gpu_expert_compute,gpu_expert,GPU_COMPUTE,step1.layer13.gpu_weight_load;step1.layer13.dispatch,5940.064354816,3.268435456,5943.332790272,step1.layer13.gpu_weight_load,grouped expert GEMM
1,13,step1.layer13.pim_gwrite,pim_write,GPU_PIM_IO,step1.layer13.scheduler;step1.layer13.dispatch,5882.261602816,0.000000000,5882.261602816,step1.layer13.scheduler,PIM_GWRITE token operands
1,13,step1.layer13.pim_expert_compute,pim_expert,PIM_COMPUTE,step1.layer13.pim_gwrite,5882.261602816,0.000000000,5882.261602816,step1.layer13.pim_gwrite,serialized PIM expert GEMV
1,13,step1.layer13.pim_read,pim_read,GPU_PIM_IO,step1.layer13.pim_expert_compute,5882.261602816,0.000000000,5882.261602816,step1.layer13.pim_gwrite,PIM expert result read
1,13,step1.layer13.combine,combine,GPU_COMPUTE,step1.layer13.gpu_expert_compute;step1.layer13.pim_read,5943.332790272,1.036864000,5944.369654272,step1.layer13.gpu_expert_compute,weighted expert combine
1,13,step1.layer13.residual2,residual,GPU_COMPUTE,step1.layer13.combine,5944.369654272,1.012288000,5945.381942272,step1.layer13.combine,residual add
1,14,step1.layer14.norm1,norm,GPU_COMPUTE,step1.layer13.residual2,5945.381942272,1.008192000,5946.390134272,step1.layer13.residual2,RMSNorm
1,14,step1.layer14.qkv,qkv,GPU_COMPUTE,step1.layer14.norm1,5946.390134272,3.635776000,5950.025910272,step1.layer14.norm1,QKV projection
1,14,step1.layer14.rope,rope,GPU_COMPUTE,step1.layer14.qkv,5950.025910272,1.018432000,5951.044342272,step1.layer14.qkv,QK norm and RoPE
1,14,step1.layer14.attention,attention,PIM_COMPUTE,step1.layer14.rope,5951.044342272,18.929664000,5969.974006272,step1.layer14.rope,decode attention from Ramulator cycle-v0 table
1,14,step1.layer14.o_proj,attention_output,GPU_COMPUTE,step1.layer14.attention,5969.974006272,3.109440000,5973.083446272,step1.layer14.attention,attention output projection
1,14,step1.layer14.residual1,residual,GPU_COMPUTE,step1.layer14.o_proj,5973.083446272,1.012288000,5974.095734272,step1.layer14.o_proj,residual add
1,14,step1.layer14.norm2,norm,GPU_COMPUTE,step1.layer14.residual1,5974.095734272,1.008192000,5975.103926272,step1.layer14.residual1,RMSNorm
1,14,step1.layer14.router,router,GPU_COMPUTE,step1.layer14.norm2,5975.103926272,2.069888000,5977.173814272,step1.layer14.norm2,MoE router
1,14,step1.layer14.metadata,metadata,GPU_COMPUTE,step1.layer14.router,5977.173814272,1.000128000,5978.173942272,step1.layer14.router,routing metadata
1,14,step1.layer14.dispatch,dispatch,,step1.layer14.metadata,5978.173942272,0.000000000,5978.173942272,step1.layer14.metadata,single-GPU dispatch placeholder
1,14,step1.layer14.scheduler,scheduler,GPU_COMPUTE,step1.layer14.metadata,5978.173942272,0.000000000,5978.173942272,step1.layer14.metadata,noexp placement policy
1,14,step1.layer14.gpu_weight_load,gpu_weight_load,HBM_MEM_PATH,step1.layer14.scheduler,5978.173942272,57.802752000,6035.976694272,step1.layer14.scheduler,expert weights HBM to GPU
1,14,step1.layer14.gpu_expert_compute,gpu_expert,GPU_COMPUTE,step1.layer14.gpu_weight_load;step1.layer14.dispatch,6035.976694272,3.268435456,6039.245129728,step1.layer14.gpu_weight_load,grouped expert GEMM
1,14,step1.layer14.pim_gwrite,pim_write,GPU_PIM_IO,step1.layer14.scheduler;step1.layer14.dispatch,5978.173942272,0.000000000,5978.173942272,step1.layer14.scheduler,PIM_GWRITE token operands
1,14,step1.layer14.pim_expert_compute,pim_expert,PIM_COMPUTE,step1.layer14.pim_gwrite,5978.173942272,0.000000000,5978.173942272,step1.layer14.pim_gwrite,serialized PIM expert GEMV
1,14,step1.layer14.pim_read,pim_read,GPU_PIM_IO,step1.layer14.pim_expert_compute,5978.173942272,0.000000000,5978.173942272,step1.layer14.pim_gwrite,PIM expert result read
1,14,step1.layer14.combine,combine,GPU_COMPUTE,step1.layer14.gpu_expert_compute;step1.layer14.pim_read,6039.245129728,1.036864000,6040.281993728,step1.layer14.gpu_expert_compute,weighted expert combine
1,14,step1.layer14.residual2,residual,GPU_COMPUTE,step1.layer14.combine,6040.281993728,1.012288000,6041.294281728,step1.layer14.combine,residual add
1,15,step1.layer15.norm1,norm,GPU_COMPUTE,step1.layer14.residual2,6041.294281728,1.008192000,6042.302473728,step1.layer14.residual2,RMSNorm
1,15,step1.layer15.qkv,qkv,GPU_COMPUTE,step1.layer15.norm1,6042.302473728,3.635776000,6045.938249728,step1.layer15.norm1,QKV projection
1,15,step1.layer15.rope,rope,GPU_COMPUTE,step1.layer15.qkv,6045.938249728,1.018432000,6046.956681728,step1.layer15.qkv,QK norm and RoPE
1,15,step1.layer15.attention,attention,PIM_COMPUTE,step1.layer15.rope,6046.956681728,18.929664000,6065.886345728,step1.layer15.rope,decode attention from Ramulator cycle-v0 table
1,15,step1.layer15.o_proj,attention_output,GPU_COMPUTE,step1.layer15.attention,6065.886345728,3.109440000,6068.995785728,step1.layer15.attention,attention output projection
1,15,step1.layer15.residual1,residual,GPU_COMPUTE,step1.layer15.o_proj,6068.995785728,1.012288000,6070.008073728,step1.layer15.o_proj,residual add
1,15,step1.layer15.norm2,norm,GPU_COMPUTE,step1.layer15.residual1,6070.008073728,1.008192000,6071.016265728,step1.layer15.residual1,RMSNorm
1,15,step1.layer15.router,router,GPU_COMPUTE,step1.layer15.norm2,6071.016265728,2.069888000,6073.086153728,step1.layer15.norm2,MoE router
1,15,step1.layer15.metadata,metadata,GPU_COMPUTE,step1.layer15.router,6073.086153728,1.000128000,6074.086281728,step1.layer15.router,routing metadata
1,15,step1.layer15.dispatch,dispatch,,step1.layer15.metadata,6074.086281728,0.000000000,6074.086281728,step1.layer15.metadata,single-GPU dispatch placeholder
1,15,step1.layer15.scheduler,scheduler,GPU_COMPUTE,step1.layer15.metadata,6074.086281728,0.000000000,6074.086281728,step1.layer15.metadata,noexp placement policy
1,15,step1.layer15.gpu_weight_load,gpu_weight_load,HBM_MEM_PATH,step1.layer15.scheduler,6074.086281728,57.802752000,6131.889033728,step1.layer15.scheduler,expert weights HBM to GPU
1,15,step1.layer15.gpu_expert_compute,gpu_expert,GPU_COMPUTE,step1.layer15.gpu_weight_load;step1.layer15.dispatch,6131.889033728,3.268435456,6135.157469184,step1.layer15.gpu_weight_load,grouped expert GEMM
1,15,step1.layer15.pim_gwrite,pim_write,GPU_PIM_IO,step1.layer15.scheduler;step1.layer15.dispatch,6074.086281728,0.000000000,6074.086281728,step1.layer15.scheduler,PIM_GWRITE token operands
1,15,step1.layer15.pim_expert_compute,pim_expert,PIM_COMPUTE,step1.layer15.pim_gwrite,6074.086281728,0.000000000,6074.086281728,step1.layer15.pim_gwrite,serialized PIM expert GEMV
1,15,step1.layer15.pim_read,pim_read,GPU_PIM_IO,step1.layer15.pim_expert_compute,6074.086281728,0.000000000,6074.086281728,step1.layer15.pim_gwrite,PIM expert result read
1,15,step1.layer15.combine,combine,GPU_COMPUTE,step1.layer15.gpu_expert_compute;step1.layer15.pim_read,6135.157469184,1.036864000,6136.194333184,step1.layer15.gpu_expert_compute,weighted expert combine
1,15,step1.layer15.residual2,residual,GPU_COMPUTE,step1.layer15.combine,6136.194333184,1.012288000,6137.206621184,step1.layer15.combine,residual add
1,16,step1.layer16.norm1,norm,GPU_COMPUTE,step1.layer15.residual2,6137.206621184,1.008192000,6138.214813184,step1.layer15.residual2,RMSNorm
1,16,step1.layer16.qkv,qkv,GPU_COMPUTE,step1.layer16.norm1,6138.214813184,3.635776000,6141.850589184,step1.layer16.norm1,QKV projection
1,16,step1.layer16.rope,rope,GPU_COMPUTE,step1.layer16.qkv,6141.850589184,1.018432000,6142.869021184,step1.layer16.qkv,QK norm and RoPE
1,16,step1.layer16.attention,attention,PIM_COMPUTE,step1.layer16.rope,6142.869021184,18.929664000,6161.798685184,step1.layer16.rope,decode attention from Ramulator cycle-v0 table
1,16,step1.layer16.o_proj,attention_output,GPU_COMPUTE,step1.layer16.attention,6161.798685184,3.109440000,6164.908125184,step1.layer16.attention,attention output projection
1,16,step1.layer16.residual1,residual,GPU_COMPUTE,step1.layer16.o_proj,6164.908125184,1.012288000,6165.920413184,step1.layer16.o_proj,residual add
1,16,step1.layer16.norm2,norm,GPU_COMPUTE,step1.layer16.residual1,6165.920413184,1.008192000,6166.928605184,step1.layer16.residual1,RMSNorm
1,16,step1.layer16.router,router,GPU_COMPUTE,step1.layer16.norm2,6166.928605184,2.069888000,6168.998493184,step1.layer16.norm2,MoE router
1,16,step1.layer16.metadata,metadata,GPU_COMPUTE,step1.layer16.router,6168.998493184,1.000128000,6169.998621184,step1.layer16.router,routing metadata
1,16,step1.layer16.dispatch,dispatch,,step1.layer16.metadata,6169.998621184,0.000000000,6169.998621184,step1.layer16.metadata,single-GPU dispatch placeholder
1,16,step1.layer16.scheduler,scheduler,GPU_COMPUTE,step1.layer16.metadata,6169.998621184,0.000000000,6169.998621184,step1.layer16.metadata,noexp placement policy
1,16,step1.layer16.gpu_weight_load,gpu_weight_load,HBM_MEM_PATH,step1.layer16.scheduler,6169.998621184,57.802752000,6227.801373184,step1.layer16.scheduler,expert weights HBM to GPU
1,16,step1.layer16.gpu_expert_compute,gpu_expert,GPU_COMPUTE,step1.layer16.gpu_weight_load;step1.layer16.dispatch,6227.801373184,3.268435456,6231.069808640,step1.layer16.gpu_weight_load,grouped expert GEMM
1,16,step1.layer16.pim_gwrite,pim_write,GPU_PIM_IO,step1.layer16.scheduler;step1.layer16.dispatch,6169.998621184,0.000000000,6169.998621184,step1.layer16.scheduler,PIM_GWRITE token operands
1,16,step1.layer16.pim_expert_compute,pim_expert,PIM_COMPUTE,step1.layer16.pim_gwrite,6169.998621184,0.000000000,6169.998621184,step1.layer16.pim_gwrite,serialized PIM expert GEMV
1,16,step1.layer16.pim_read,pim_read,GPU_PIM_IO,step1.layer16.pim_expert_compute,6169.998621184,0.000000000,6169.998621184,step1.layer16.pim_gwrite,PIM expert result read
1,16,step1.layer16.combine,combine,GPU_COMPUTE,step1.layer16.gpu_expert_compute;step1.layer16.pim_read,6231.069808640,1.036864000,6232.106672640,step1.layer16.gpu_expert_compute,weighted expert combine
1,16,step1.layer16.residual2,residual,GPU_COMPUTE,step1.layer16.combine,6232.106672640,1.012288000,6233.118960640,step1.layer16.combine,residual add
1,17,step1.layer17.norm1,norm,GPU_COMPUTE,step1.layer16.residual2,6233.118960640,1.008192000,6234.127152640,step1.layer16.residual2,RMSNorm
1,17,step1.layer17.qkv,qkv,GPU_COMPUTE,step1.layer17.norm1,6234.127152640,3.635776000,6237.762928640,step1.layer17.norm1,QKV projection
1,17,step1.layer17.rope,rope,GPU_COMPUTE,step1.layer17.qkv,6237.762928640,1.018432000,6238.781360640,step1.layer17.qkv,QK norm and RoPE
1,17,step1.layer17.attention,attention,PIM_COMPUTE,step1.layer17.rope,6238.781360640,18.929664000,6257.711024640,step1.layer17.rope,decode attention from Ramulator cycle-v0 table
1,17,step1.layer17.o_proj,attention_output,GPU_COMPUTE,step1.layer17.attention,6257.711024640,3.109440000,6260.820464640,step1.layer17.attention,attention output projection
1,17,step1.layer17.residual1,residual,GPU_COMPUTE,step1.layer17.o_proj,6260.820464640,1.012288000,6261.832752640,step1.layer17.o_proj,residual add
1,17,step1.layer17.norm2,norm,GPU_COMPUTE,step1.layer17.residual1,6261.832752640,1.008192000,6262.840944640,step1.layer17.residual1,RMSNorm
1,17,step1.layer17.router,router,GPU_COMPUTE,step1.layer17.norm2,6262.840944640,2.069888000,6264.910832640,step1.layer17.norm2,MoE router
1,17,step1.layer17.metadata,metadata,GPU_COMPUTE,step1.layer17.router,6264.910832640,1.000128000,6265.910960640,step1.layer17.router,routing metadata
1,17,step1.layer17.dispatch,dispatch,,step1.layer17.metadata,6265.910960640,0.000000000,6265.910960640,step1.layer17.metadata,single-GPU dispatch placeholder
1,17,step1.layer17.scheduler,scheduler,GPU_COMPUTE,step1.layer17.metadata,6265.910960640,0.000000000,6265.910960640,step1.layer17.metadata,noexp placement policy
1,17,step1.layer17.gpu_weight_load,gpu_weight_load,HBM_MEM_PATH,step1.layer17.scheduler,6265.910960640,57.802752000,6323.713712640,step1.layer17.scheduler,expert weights HBM to GPU
1,17,step1.layer17.gpu_expert_compute,gpu_expert,GPU_COMPUTE,step1.layer17.gpu_weight_load;step1.layer17.dispatch,6323.713712640,3.268435456,6326.982148096,step1.layer17.gpu_weight_load,grouped expert GEMM
1,17,step1.layer17.pim_gwrite,pim_write,GPU_PIM_IO,step1.layer17.scheduler;step1.layer17.dispatch,6265.910960640,0.000000000,6265.910960640,step1.layer17.scheduler,PIM_GWRITE token operands
1,17,step1.layer17.pim_expert_compute,pim_expert,PIM_COMPUTE,step1.layer17.pim_gwrite,6265.910960640,0.000000000,6265.910960640,step1.layer17.pim_gwrite,serialized PIM expert GEMV
1,17,step1.layer17.pim_read,pim_read,GPU_PIM_IO,step1.layer17.pim_expert_compute,6265.910960640,0.000000000,6265.910960640,step1.layer17.pim_gwrite,PIM expert result read
1,17,step1.layer17.combine,combine,GPU_COMPUTE,step1.layer17.gpu_expert_compute;step1.layer17.pim_read,6326.982148096,1.036864000,6328.019012096,step1.layer17.gpu_expert_compute,weighted expert combine
1,17,step1.layer17.residual2,residual,GPU_COMPUTE,step1.layer17.combine,6328.019012096,1.012288000,6329.031300096,step1.layer17.combine,residual add
1,18,step1.layer18.norm1,norm,GPU_COMPUTE,step1.layer17.residual2,6329.031300096,1.008192000,6330.039492096,step1.layer17.residual2,RMSNorm
1,18,step1.layer18.qkv,qkv,GPU_COMPUTE,step1.layer18.norm1,6330.039492096,3.635776000,6333.675268096,step1.layer18.norm1,QKV projection
1,18,step1.layer18.rope,rope,GPU_COMPUTE,step1.layer18.qkv,6333.675268096,1.018432000,6334.693700096,step1.layer18.qkv,QK norm and RoPE
1,18,step1.layer18.attention,attention,PIM_COMPUTE,step1.layer18.rope,6334.693700096,18.929664000,6353.623364096,step1.layer18.rope,decode attention from Ramulator cycle-v0 table
1,18,step1.layer18.o_proj,attention_output,GPU_COMPUTE,step1.layer18.attention,6353.623364096,3.109440000,6356.732804096,step1.layer18.attention,attention output projection
1,18,step1.layer18.residual1,residual,GPU_COMPUTE,step1.layer18.o_proj,6356.732804096,1.012288000,6357.745092096,step1.layer18.o_proj,residual add
1,18,step1.layer18.norm2,norm,GPU_COMPUTE,step1.layer18.residual1,6357.745092096,1.008192000,6358.753284096,step1.layer18.residual1,RMSNorm
1,18,step1.layer18.router,router,GPU_COMPUTE,step1.layer18.norm2,6358.753284096,2.069888000,6360.823172096,step1.layer18.norm2,MoE router
1,18,step1.layer18.metadata,metadata,GPU_COMPUTE,step1.layer18.router,6360.823172096,1.000128000,6361.823300096,step1.layer18.router,routing metadata
1,18,step1.layer18.dispatch,dispatch,,step1.layer18.metadata,6361.823300096,0.000000000,6361.823300096,step1.layer18.metadata,single-GPU dispatch placeholder
1,18,step1.layer18.scheduler,scheduler,GPU_COMPUTE,step1.layer18.metadata,6361.823300096,0.000000000,6361.823300096,step1.layer18.metadata,noexp placement policy
1,18,step1.layer18.gpu_weight_load,gpu_weight_load,HBM_MEM_PATH,step1.layer18.scheduler,6361.823300096,57.802752000,6419.626052096,step1.layer18.scheduler,expert weights HBM to GPU
1,18,step1.layer18.gpu_expert_compute,gpu_expert,GPU_COMPUTE,step1.layer18.gpu_weight_load;step1.layer18.dispatch,6419.626052096,3.268435456,6422.894487552,step1.layer18.gpu_weight_load,grouped expert GEMM
1,18,step1.layer18.pim_gwrite,pim_write,GPU_PIM_IO,step1.layer18.scheduler;step1.layer18.dispatch,6361.823300096,0.000000000,6361.823300096,step1.layer18.scheduler,PIM_GWRITE token operands
1,18,step1.layer18.pim_expert_compute,pim_expert,PIM_COMPUTE,step1.layer18.pim_gwrite,6361.823300096,0.000000000,6361.823300096,step1.layer18.pim_gwrite,serialized PIM expert GEMV
1,18,step1.layer18.pim_read,pim_read,GPU_PIM_IO,step1.layer18.pim_expert_compute,6361.823300096,0.000000000,6361.823300096,step1.layer18.pim_gwrite,PIM expert result read
1,18,step1.layer18.combine,combine,GPU_COMPUTE,step1.layer18.gpu_expert_compute;step1.layer18.pim_read,6422.894487552,1.036864000,6423.931351552,step1.layer18.gpu_expert_compute,weighted expert combine
1,18,step1.layer18.residual2,residual,GPU_COMPUTE,step1.layer18.combine,6423.931351552,1.012288000,6424.943639552,step1.layer18.combine,residual add
1,19,step1.layer19.norm1,norm,GPU_COMPUTE,step1.layer18.residual2,6424.943639552,1.008192000,6425.951831552,step1.layer18.residual2,RMSNorm
1,19,step1.layer19.qkv,qkv,GPU_COMPUTE,step1.layer19.norm1,6425.951831552,3.635776000,6429.587607552,step1.layer19.norm1,QKV projection
1,19,step1.layer19.rope,rope,GPU_COMPUTE,step1.layer19.qkv,6429.587607552,1.018432000,6430.606039552,step1.layer19.qkv,QK norm and RoPE
1,19,step1.layer19.attention,attention,PIM_COMPUTE,step1.layer19.rope,6430.606039552,18.929664000,6449.535703552,step1.layer19.rope,decode attention from Ramulator cycle-v0 table
1,19,step1.layer19.o_proj,attention_output,GPU_COMPUTE,step1.layer19.attention,6449.535703552,3.109440000,6452.645143552,step1.layer19.attention,attention output projection
1,19,step1.layer19.residual1,residual,GPU_COMPUTE,step1.layer19.o_proj,6452.645143552,1.012288000,6453.657431552,step1.layer19.o_proj,residual add
1,19,step1.layer19.norm2,norm,GPU_COMPUTE,step1.layer19.residual1,6453.657431552,1.008192000,6454.665623552,step1.layer19.residual1,RMSNorm
1,19,step1.layer19.router,router,GPU_COMPUTE,step1.layer19.norm2,6454.665623552,2.069888000,6456.735511552,step1.layer19.norm2,MoE router
1,19,step1.layer19.metadata,metadata,GPU_COMPUTE,step1.layer19.router,6456.735511552,1.000128000,6457.735639552,step1.layer19.router,routing metadata
1,19,step1.layer19.dispatch,dispatch,,step1.layer19.metadata,6457.735639552,0.000000000,6457.735639552,step1.layer19.metadata,single-GPU dispatch placeholder
1,19,step1.layer19.scheduler,scheduler,GPU_COMPUTE,step1.layer19.metadata,6457.735639552,0.000000000,6457.735639552,step1.layer19.metadata,noexp placement policy
1,19,step1.layer19.gpu_weight_load,gpu_weight_load,HBM_MEM_PATH,step1.layer19.scheduler,6457.735639552,57.802752000,6515.538391552,step1.layer19.scheduler,expert weights HBM to GPU
1,19,step1.layer19.gpu_expert_compute,gpu_expert,GPU_COMPUTE,step1.layer19.gpu_weight_load;step1.layer19.dispatch,6515.538391552,3.268435456,6518.806827008,step1.layer19.gpu_weight_load,grouped expert GEMM
1,19,step1.layer19.pim_gwrite,pim_write,GPU_PIM_IO,step1.layer19.scheduler;step1.layer19.dispatch,6457.735639552,0.000000000,6457.735639552,step1.layer19.scheduler,PIM_GWRITE token operands
1,19,step1.layer19.pim_expert_compute,pim_expert,PIM_COMPUTE,step1.layer19.pim_gwrite,6457.735639552,0.000000000,6457.735639552,step1.layer19.pim_gwrite,serialized PIM expert GEMV
1,19,step1.layer19.pim_read,pim_read,GPU_PIM_IO,step1.layer19.pim_expert_compute,6457.735639552,0.000000000,6457.735639552,step1.layer19.pim_gwrite,PIM expert result read
1,19,step1.layer19.combine,combine,GPU_COMPUTE,step1.layer19.gpu_expert_compute;step1.layer19.pim_read,6518.806827008,1.036864000,6519.843691008,step1.layer19.gpu_expert_compute,weighted expert combine
1,19,step1.layer19.residual2,residual,GPU_COMPUTE,step1.layer19.combine,6519.843691008,1.012288000,6520.855979008,step1.layer19.combine,residual add
1,20,step1.layer20.norm1,norm,GPU_COMPUTE,step1.layer19.residual2,6520.855979008,1.008192000,6521.864171008,step1.layer19.residual2,RMSNorm
1,20,step1.layer20.qkv,qkv,GPU_COMPUTE,step1.layer20.norm1,6521.864171008,3.635776000,6525.499947008,step1.layer20.norm1,QKV projection
1,20,step1.layer20.rope,rope,GPU_COMPUTE,step1.layer20.qkv,6525.499947008,1.018432000,6526.518379008,step1.layer20.qkv,QK norm and RoPE
1,20,step1.layer20.attention,attention,PIM_COMPUTE,step1.layer20.rope,6526.518379008,18.929664000,6545.448043008,step1.layer20.rope,decode attention from Ramulator cycle-v0 table
1,20,step1.layer20.o_proj,attention_output,GPU_COMPUTE,step1.layer20.attention,6545.448043008,3.109440000,6548.557483008,step1.layer20.attention,attention output projection
1,20,step1.layer20.residual1,residual,GPU_COMPUTE,step1.layer20.o_proj,6548.557483008,1.012288000,6549.569771008,step1.layer20.o_proj,residual add
1,20,step1.layer20.norm2,norm,GPU_COMPUTE,step1.layer20.residual1,6549.569771008,1.008192000,6550.577963008,step1.layer20.residual1,RMSNorm
1,20,step1.layer20.router,router,GPU_COMPUTE,step1.layer20.norm2,6550.577963008,2.069888000,6552.647851008,step1.layer20.norm2,MoE router
1,20,step1.layer20.metadata,metadata,GPU_COMPUTE,step1.layer20.router,6552.647851008,1.000128000,6553.647979008,step1.layer20.router,routing metadata
1,20,step1.layer20.dispatch,dispatch,,step1.layer20.metadata,6553.647979008,0.000000000,6553.647979008,step1.layer20.metadata,single-GPU dispatch placeholder
1,20,step1.layer20.scheduler,scheduler,GPU_COMPUTE,step1.layer20.metadata,6553.647979008,0.000000000,6553.647979008,step1.layer20.metadata,noexp placement policy
1,20,step1.layer20.gpu_weight_load,gpu_weight_load,HBM_MEM_PATH,step1.layer20.scheduler,6553.647979008,57.802752000,6611.450731008,step1.layer20.scheduler,expert weights HBM to GPU
1,20,step1.layer20.gpu_expert_compute,gpu_expert,GPU_COMPUTE,step1.layer20.gpu_weight_load;step1.layer20.dispatch,6611.450731008,3.268435456,6614.719166464,step1.layer20.gpu_weight_load,grouped expert GEMM
1,20,step1.layer20.pim_gwrite,pim_write,GPU_PIM_IO,step1.layer20.scheduler;step1.layer20.dispatch,6553.647979008,0.000000000,6553.647979008,step1.layer20.scheduler,PIM_GWRITE token operands
1,20,step1.layer20.pim_expert_compute,pim_expert,PIM_COMPUTE,step1.layer20.pim_gwrite,6553.647979008,0.000000000,6553.647979008,step1.layer20.pim_gwrite,serialized PIM expert GEMV
1,20,step1.layer20.pim_read,pim_read,GPU_PIM_IO,step1.layer20.pim_expert_compute,6553.647979008,0.000000000,6553.647979008,step1.layer20.pim_gwrite,PIM expert result read
1,20,step1.layer20.combine,combine,GPU_COMPUTE,step1.layer20.gpu_expert_compute;step1.layer20.pim_read,6614.719166464,1.036864000,6615.756030464,step1.layer20.gpu_expert_compute,weighted expert combine
1,20,step1.layer20.residual2,residual,GPU_COMPUTE,step1.layer20.combine,6615.756030464,1.012288000,6616.768318464,step1.layer20.combine,residual add
1,21,step1.layer21.norm1,norm,GPU_COMPUTE,step1.layer20.residual2,6616.768318464,1.008192000,6617.776510464,step1.layer20.residual2,RMSNorm
1,21,step1.layer21.qkv,qkv,GPU_COMPUTE,step1.layer21.norm1,6617.776510464,3.635776000,6621.412286464,step1.layer21.norm1,QKV projection
1,21,step1.layer21.rope,rope,GPU_COMPUTE,step1.layer21.qkv,6621.412286464,1.018432000,6622.430718464,step1.layer21.qkv,QK norm and RoPE
1,21,step1.layer21.attention,attention,PIM_COMPUTE,step1.layer21.rope,6622.430718464,18.929664000,6641.360382464,step1.layer21.rope,decode attention from Ramulator cycle-v0 table
1,21,step1.layer21.o_proj,attention_output,GPU_COMPUTE,step1.layer21.attention,6641.360382464,3.109440000,6644.469822464,step1.layer21.attention,attention output projection
1,21,step1.layer21.residual1,residual,GPU_COMPUTE,step1.layer21.o_proj,6644.469822464,1.012288000,6645.482110464,step1.layer21.o_proj,residual add
1,21,step1.layer21.norm2,norm,GPU_COMPUTE,step1.layer21.residual1,6645.482110464,1.008192000,6646.490302464,step1.layer21.residual1,RMSNorm
1,21,step1.layer21.router,router,GPU_COMPUTE,step1.layer21.norm2,6646.490302464,2.069888000,6648.560190464,step1.layer21.norm2,MoE router
1,21,step1.layer21.metadata,metadata,GPU_COMPUTE,step1.layer21.router,6648.560190464,1.000128000,6649.560318464,step1.layer21.router,routing metadata
1,21,step1.layer21.dispatch,dispatch,,step1.layer21.metadata,6649.560318464,0.000000000,6649.560318464,step1.layer21.metadata,single-GPU dispatch placeholder
1,21,step1.layer21.scheduler,scheduler,GPU_COMPUTE,step1.layer21.metadata,6649.560318464,0.000000000,6649.560318464,step1.layer21.metadata,noexp placement policy
1,21,step1.layer21.gpu_weight_load,gpu_weight_load,HBM_MEM_PATH,step1.layer21.scheduler,6649.560318464,57.802752000,6707.363070464,step1.layer21.scheduler,expert weights HBM to GPU
1,21,step1.layer21.gpu_expert_compute,gpu_expert,GPU_COMPUTE,step1.layer21.gpu_weight_load;step1.layer21.dispatch,6707.363070464,3.268435456,6710.631505920,step1.layer21.gpu_weight_load,grouped expert GEMM
1,21,step1.layer21.pim_gwrite,pim_write,GPU_PIM_IO,step1.layer21.scheduler;step1.layer21.dispatch,6649.560318464,0.000000000,6649.560318464,step1.layer21.scheduler,PIM_GWRITE token operands
1,21,step1.layer21.pim_expert_compute,pim_expert,PIM_COMPUTE,step1.layer21.pim_gwrite,6649.560318464,0.000000000,6649.560318464,step1.layer21.pim_gwrite,serialized PIM expert GEMV
1,21,step1.layer21.pim_read,pim_read,GPU_PIM_IO,step1.layer21.pim_expert_compute,6649.560318464,0.000000000,6649.560318464,step1.layer21.pim_gwrite,PIM expert result read
1,21,step1.layer21.combine,combine,GPU_COMPUTE,step1.layer21.gpu_expert_compute;step1.layer21.pim_read,6710.631505920,1.036864000,6711.668369920,step1.layer21.gpu_expert_compute,weighted expert combine
1,21,step1.layer21.residual2,residual,GPU_COMPUTE,step1.layer21.combine,6711.668369920,1.012288000,6712.680657920,step1.layer21.combine,residual add
1,22,step1.layer22.norm1,norm,GPU_COMPUTE,step1.layer21.residual2,6712.680657920,1.008192000,6713.688849920,step1.layer21.residual2,RMSNorm
1,22,step1.layer22.qkv,qkv,GPU_COMPUTE,step1.layer22.norm1,6713.688849920,3.635776000,6717.324625920,step1.layer22.norm1,QKV projection
1,22,step1.layer22.rope,rope,GPU_COMPUTE,step1.layer22.qkv,6717.324625920,1.018432000,6718.343057920,step1.layer22.qkv,QK norm and RoPE
1,22,step1.layer22.attention,attention,PIM_COMPUTE,step1.layer22.rope,6718.343057920,18.929664000,6737.272721920,step1.layer22.rope,decode attention from Ramulator cycle-v0 table
1,22,step1.layer22.o_proj,attention_output,GPU_COMPUTE,step1.layer22.attention,6737.272721920,3.109440000,6740.382161920,step1.layer22.attention,attention output projection
1,22,step1.layer22.residual1,residual,GPU_COMPUTE,step1.layer22.o_proj,6740.382161920,1.012288000,6741.394449920,step1.layer22.o_proj,residual add
1,22,step1.layer22.norm2,norm,GPU_COMPUTE,step1.layer22.residual1,6741.394449920,1.008192000,6742.402641920,step1.layer22.residual1,RMSNorm
1,22,step1.layer22.router,router,GPU_COMPUTE,step1.layer22.norm2,6742.402641920,2.069888000,6744.472529920,step1.layer22.norm2,MoE router
1,22,step1.layer22.metadata,metadata,GPU_COMPUTE,step1.layer22.router,6744.472529920,1.000128000,6745.472657920,step1.layer22.router,routing metadata
1,22,step1.layer22.dispatch,dispatch,,step1.layer22.metadata,6745.472657920,0.000000000,6745.472657920,step1.layer22.metadata,single-GPU dispatch placeholder
1,22,step1.layer22.scheduler,scheduler,GPU_COMPUTE,step1.layer22.metadata,6745.472657920,0.000000000,6745.472657920,step1.layer22.metadata,noexp placement policy
1,22,step1.layer22.gpu_weight_load,gpu_weight_load,HBM_MEM_PATH,step1.layer22.scheduler,6745.472657920,57.802752000,6803.275409920,step1.layer22.scheduler,expert weights HBM to GPU
1,22,step1.layer22.gpu_expert_compute,gpu_expert,GPU_COMPUTE,step1.layer22.gpu_weight_load;step1.layer22.dispatch,6803.275409920,3.268435456,6806.543845376,step1.layer22.gpu_weight_load,grouped expert GEMM
1,22,step1.layer22.pim_gwrite,pim_write,GPU_PIM_IO,step1.layer22.scheduler;step1.layer22.dispatch,6745.472657920,0.000000000,6745.472657920,step1.layer22.scheduler,PIM_GWRITE token operands
1,22,step1.layer22.pim_expert_compute,pim_expert,PIM_COMPUTE,step1.layer22.pim_gwrite,6745.472657920,0.000000000,6745.472657920,step1.layer22.pim_gwrite,serialized PIM expert GEMV
1,22,step1.layer22.pim_read,pim_read,GPU_PIM_IO,step1.layer22.pim_expert_compute,6745.472657920,0.000000000,6745.472657920,step1.layer22.pim_gwrite,PIM expert result read
1,22,step1.layer22.combine,combine,GPU_COMPUTE,step1.layer22.gpu_expert_compute;step1.layer22.pim_read,6806.543845376,1.036864000,6807.580709376,step1.layer22.gpu_expert_compute,weighted expert combine
1,22,step1.layer22.residual2,residual,GPU_COMPUTE,step1.layer22.combine,6807.580709376,1.012288000,6808.592997376,step1.layer22.combine,residual add
1,23,step1.layer23.norm1,norm,GPU_COMPUTE,step1.layer22.residual2,6808.592997376,1.008192000,6809.601189376,step1.layer22.residual2,RMSNorm
1,23,step1.layer23.qkv,qkv,GPU_COMPUTE,step1.layer23.norm1,6809.601189376,3.635776000,6813.236965376,step1.layer23.norm1,QKV projection
1,23,step1.layer23.rope,rope,GPU_COMPUTE,step1.layer23.qkv,6813.236965376,1.018432000,6814.255397376,step1.layer23.qkv,QK norm and RoPE
1,23,step1.layer23.attention,attention,PIM_COMPUTE,step1.layer23.rope,6814.255397376,18.929664000,6833.185061376,step1.layer23.rope,decode attention from Ramulator cycle-v0 table
1,23,step1.layer23.o_proj,attention_output,GPU_COMPUTE,step1.layer23.attention,6833.185061376,3.109440000,6836.294501376,step1.layer23.attention,attention output projection
1,23,step1.layer23.residual1,residual,GPU_COMPUTE,step1.layer23.o_proj,6836.294501376,1.012288000,6837.306789376,step1.layer23.o_proj,residual add
1,23,step1.layer23.norm2,norm,GPU_COMPUTE,step1.layer23.residual1,6837.306789376,1.008192000,6838.314981376,step1.layer23.residual1,RMSNorm
1,23,step1.layer23.router,router,GPU_COMPUTE,step1.layer23.norm2,6838.314981376,2.069888000,6840.384869376,step1.layer23.norm2,MoE router
1,23,step1.layer23.metadata,metadata,GPU_COMPUTE,step1.layer23.router,6840.384869376,1.000128000,6841.384997376,step1.layer23.router,routing metadata
1,23,step1.layer23.dispatch,dispatch,,step1.layer23.metadata,6841.384997376,0.000000000,6841.384997376,step1.layer23.metadata,single-GPU dispatch placeholder
1,23,step1.layer23.scheduler,scheduler,GPU_COMPUTE,step1.layer23.metadata,6841.384997376,0.000000000,6841.384997376,step1.layer23.metadata,noexp placement policy
1,23,step1.layer23.gpu_weight_load,gpu_weight_load,HBM_MEM_PATH,step1.layer23.scheduler,6841.384997376,57.802752000,6899.187749376,step1.layer23.scheduler,expert weights HBM to GPU
1,23,step1.layer23.gpu_expert_compute,gpu_expert,GPU_COMPUTE,step1.layer23.gpu_weight_load;step1.layer23.dispatch,6899.187749376,3.268435456,6902.456184832,step1.layer23.gpu_weight_load,grouped expert GEMM
1,23,step1.layer23.pim_gwrite,pim_write,GPU_PIM_IO,step1.layer23.scheduler;step1.layer23.dispatch,6841.384997376,0.000000000,6841.384997376,step1.layer23.scheduler,PIM_GWRITE token operands
1,23,step1.layer23.pim_expert_compute,pim_expert,PIM_COMPUTE,step1.layer23.pim_gwrite,6841.384997376,0.000000000,6841.384997376,step1.layer23.pim_gwrite,serialized PIM expert GEMV
1,23,step1.layer23.pim_read,pim_read,GPU_PIM_IO,step1.layer23.pim_expert_compute,6841.384997376,0.000000000,6841.384997376,step1.layer23.pim_gwrite,PIM expert result read
1,23,step1.layer23.combine,combine,GPU_COMPUTE,step1.layer23.gpu_expert_compute;step1.layer23.pim_read,6902.456184832,1.036864000,6903.493048832,step1.layer23.gpu_expert_compute,weighted expert combine
1,23,step1.layer23.residual2,residual,GPU_COMPUTE,step1.layer23.combine,6903.493048832,1.012288000,6904.505336832,step1.layer23.combine,residual add
1,24,step1.layer24.norm1,norm,GPU_COMPUTE,step1.layer23.residual2,6904.505336832,1.008192000,6905.513528832,step1.layer23.residual2,RMSNorm
1,24,step1.layer24.qkv,qkv,GPU_COMPUTE,step1.layer24.norm1,6905.513528832,3.635776000,6909.149304832,step1.layer24.norm1,QKV projection
1,24,step1.layer24.rope,rope,GPU_COMPUTE,step1.layer24.qkv,6909.149304832,1.018432000,6910.167736832,step1.layer24.qkv,QK norm and RoPE
1,24,step1.layer24.attention,attention,PIM_COMPUTE,step1.layer24.rope,6910.167736832,18.929664000,6929.097400832,step1.layer24.rope,decode attention from Ramulator cycle-v0 table
1,24,step1.layer24.o_proj,attention_output,GPU_COMPUTE,step1.layer24.attention,6929.097400832,3.109440000,6932.206840832,step1.layer24.attention,attention output projection
1,24,step1.layer24.residual1,residual,GPU_COMPUTE,step1.layer24.o_proj,6932.206840832,1.012288000,6933.219128832,step1.layer24.o_proj,residual add
1,24,step1.layer24.norm2,norm,GPU_COMPUTE,step1.layer24.residual1,6933.219128832,1.008192000,6934.227320832,step1.layer24.residual1,RMSNorm
1,24,step1.layer24.router,router,GPU_COMPUTE,step1.layer24.norm2,6934.227320832,2.069888000,6936.297208832,step1.layer24.norm2,MoE router
1,24,step1.layer24.metadata,metadata,GPU_COMPUTE,step1.layer24.router,6936.297208832,1.000128000,6937.297336832,step1.layer24.router,routing metadata
1,24,step1.layer24.dispatch,dispatch,,step1.layer24.metadata,6937.297336832,0.000000000,6937.297336832,step1.layer24.metadata,single-GPU dispatch placeholder
1,24,step1.layer24.scheduler,scheduler,GPU_COMPUTE,step1.layer24.metadata,6937.297336832,0.000000000,6937.297336832,step1.layer24.metadata,noexp placement policy
1,24,step1.layer24.gpu_weight_load,gpu_weight_load,HBM_MEM_PATH,step1.layer24.scheduler,6937.297336832,57.802752000,6995.100088832,step1.layer24.scheduler,expert weights HBM to GPU
1,24,step1.layer24.gpu_expert_compute,gpu_expert,GPU_COMPUTE,step1.layer24.gpu_weight_load;step1.layer24.dispatch,6995.100088832,3.268435456,6998.368524288,step1.layer24.gpu_weight_load,grouped expert GEMM
1,24,step1.layer24.pim_gwrite,pim_write,GPU_PIM_IO,step1.layer24.scheduler;step1.layer24.dispatch,6937.297336832,0.000000000,6937.297336832,step1.layer24.scheduler,PIM_GWRITE token operands
1,24,step1.layer24.pim_expert_compute,pim_expert,PIM_COMPUTE,step1.layer24.pim_gwrite,6937.297336832,0.000000000,6937.297336832,step1.layer24.pim_gwrite,serialized PIM expert GEMV
1,24,step1.layer24.pim_read,pim_read,GPU_PIM_IO,step1.layer24.pim_expert_compute,6937.297336832,0.000000000,6937.297336832,step1.layer24.pim_gwrite,PIM expert result read
1,24,step1.layer24.combine,combine,GPU_COMPUTE,step1.layer24.gpu_expert_compute;step1.layer24.pim_read,6998.368524288,1.036864000,6999.405388288,step1.layer24.gpu_expert_compute,weighted expert combine
1,24,step1.layer24.residual2,residual,GPU_COMPUTE,step1.layer24.combine,6999.405388288,1.012288000,7000.417676288,step1.layer24.combine,residual add
1,25,step1.layer25.norm1,norm,GPU_COMPUTE,step1.layer24.residual2,7000.417676288,1.008192000,7001.425868288,step1.layer24.residual2,RMSNorm
1,25,step1.layer25.qkv,qkv,GPU_COMPUTE,step1.layer25.norm1,7001.425868288,3.635776000,7005.061644288,step1.layer25.norm1,QKV projection
1,25,step1.layer25.rope,rope,GPU_COMPUTE,step1.layer25.qkv,7005.061644288,1.018432000,7006.080076288,step1.layer25.qkv,QK norm and RoPE
1,25,step1.layer25.attention,attention,PIM_COMPUTE,step1.layer25.rope,7006.080076288,18.929664000,7025.009740288,step1.layer25.rope,decode attention from Ramulator cycle-v0 table
1,25,step1.layer25.o_proj,attention_output,GPU_COMPUTE,step1.layer25.attention,7025.009740288,3.109440000,7028.119180288,step1.layer25.attention,attention output projection
1,25,step1.layer25.residual1,residual,GPU_COMPUTE,step1.layer25.o_proj,7028.119180288,1.012288000,7029.131468288,step1.layer25.o_proj,residual add
1,25,step1.layer25.norm2,norm,GPU_COMPUTE,step1.layer25.residual1,7029.131468288,1.008192000,7030.139660288,step1.layer25.residual1,RMSNorm
1,25,step1.layer25.router,router,GPU_COMPUTE,step1.layer25.norm2,7030.139660288,2.069888000,7032.209548288,step1.layer25.norm2,MoE router
1,25,step1.layer25.metadata,metadata,GPU_COMPUTE,step1.layer25.router,7032.209548288,1.000128000,7033.209676288,step1.layer25.router,routing metadata
1,25,step1.layer25.dispatch,dispatch,,step1.layer25.metadata,7033.209676288,0.000000000,7033.209676288,step1.layer25.metadata,single-GPU dispatch placeholder
1,25,step1.layer25.scheduler,scheduler,GPU_COMPUTE,step1.layer25.metadata,7033.209676288,0.000000000,7033.209676288,step1.layer25.metadata,noexp placement policy
1,25,step1.layer25.gpu_weight_load,gpu_weight_load,HBM_MEM_PATH,step1.layer25.scheduler,7033.209676288,57.802752000,7091.012428288,step1.layer25.scheduler,expert weights HBM to GPU
1,25,step1.layer25.gpu_expert_compute,gpu_expert,GPU_COMPUTE,step1.layer25.gpu_weight_load;step1.layer25.dispatch,7091.012428288,3.268435456,7094.280863744,step1.layer25.gpu_weight_load,grouped expert GEMM
1,25,step1.layer25.pim_gwrite,pim_write,GPU_PIM_IO,step1.layer25.scheduler;step1.layer25.dispatch,7033.209676288,0.000000000,7033.209676288,step1.layer25.scheduler,PIM_GWRITE token operands
1,25,step1.layer25.pim_expert_compute,pim_expert,PIM_COMPUTE,step1.layer25.pim_gwrite,7033.209676288,0.000000000,7033.209676288,step1.layer25.pim_gwrite,serialized PIM expert GEMV
1,25,step1.layer25.pim_read,pim_read,GPU_PIM_IO,step1.layer25.pim_expert_compute,7033.209676288,0.000000000,7033.209676288,step1.layer25.pim_gwrite,PIM expert result read
1,25,step1.layer25.combine,combine,GPU_COMPUTE,step1.layer25.gpu_expert_compute;step1.layer25.pim_read,7094.280863744,1.036864000,7095.317727744,step1.layer25.gpu_expert_compute,weighted expert combine
1,25,step1.layer25.residual2,residual,GPU_COMPUTE,step1.layer25.combine,7095.317727744,1.012288000,7096.330015744,step1.layer25.combine,residual add
1,26,step1.layer26.norm1,norm,GPU_COMPUTE,step1.layer25.residual2,7096.330015744,1.008192000,7097.338207744,step1.layer25.residual2,RMSNorm
1,26,step1.layer26.qkv,qkv,GPU_COMPUTE,step1.layer26.norm1,7097.338207744,3.635776000,7100.973983744,step1.layer26.norm1,QKV projection
1,26,step1.layer26.rope,rope,GPU_COMPUTE,step1.layer26.qkv,7100.973983744,1.018432000,7101.992415744,step1.layer26.qkv,QK norm and RoPE
1,26,step1.layer26.attention,attention,PIM_COMPUTE,step1.layer26.rope,7101.992415744,18.929664000,7120.922079744,step1.layer26.rope,decode attention from Ramulator cycle-v0 table
1,26,step1.layer26.o_proj,attention_output,GPU_COMPUTE,step1.layer26.attention,7120.922079744,3.109440000,7124.031519744,step1.layer26.attention,attention output projection
1,26,step1.layer26.residual1,residual,GPU_COMPUTE,step1.layer26.o_proj,7124.031519744,1.012288000,7125.043807744,step1.layer26.o_proj,residual add
1,26,step1.layer26.norm2,norm,GPU_COMPUTE,step1.layer26.residual1,7125.043807744,1.008192000,7126.051999744,step1.layer26.residual1,RMSNorm
1,26,step1.layer26.router,router,GPU_COMPUTE,step1.layer26.norm2,7126.051999744,2.069888000,7128.121887744,step1.layer26.norm2,MoE router
1,26,step1.layer26.metadata,metadata,GPU_COMPUTE,step1.layer26.router,7128.121887744,1.000128000,7129.122015744,step1.layer26.router,routing metadata
1,26,step1.layer26.dispatch,dispatch,,step1.layer26.metadata,7129.122015744,0.000000000,7129.122015744,step1.layer26.metadata,single-GPU dispatch placeholder
1,26,step1.layer26.scheduler,scheduler,GPU_COMPUTE,step1.layer26.metadata,7129.122015744,0.000000000,7129.122015744,step1.layer26.metadata,noexp placement policy
1,26,step1.layer26.gpu_weight_load,gpu_weight_load,HBM_MEM_PATH,step1.layer26.scheduler,7129.122015744,57.802752000,7186.924767744,step1.layer26.scheduler,expert weights HBM to GPU
1,26,step1.layer26.gpu_expert_compute,gpu_expert,GPU_COMPUTE,step1.layer26.gpu_weight_load;step1.layer26.dispatch,7186.924767744,3.268435456,7190.193203200,step1.layer26.gpu_weight_load,grouped expert GEMM
1,26,step1.layer26.pim_gwrite,pim_write,GPU_PIM_IO,step1.layer26.scheduler;step1.layer26.dispatch,7129.122015744,0.000000000,7129.122015744,step1.layer26.scheduler,PIM_GWRITE token operands
1,26,step1.layer26.pim_expert_compute,pim_expert,PIM_COMPUTE,step1.layer26.pim_gwrite,7129.122015744,0.000000000,7129.122015744,step1.layer26.pim_gwrite,serialized PIM expert GEMV
1,26,step1.layer26.pim_read,pim_read,GPU_PIM_IO,step1.layer26.pim_expert_compute,7129.122015744,0.000000000,7129.122015744,step1.layer26.pim_gwrite,PIM expert result read
1,26,step1.layer26.combine,combine,GPU_COMPUTE,step1.layer26.gpu_expert_compute;step1.layer26.pim_read,7190.193203200,1.036864000,7191.230067200,step1.layer26.gpu_expert_compute,weighted expert combine
1,26,step1.layer26.residual2,residual,GPU_COMPUTE,step1.layer26.combine,7191.230067200,1.012288000,7192.242355200,step1.layer26.combine,residual add
1,27,step1.layer27.norm1,norm,GPU_COMPUTE,step1.layer26.residual2,7192.242355200,1.008192000,7193.250547200,step1.layer26.residual2,RMSNorm
1,27,step1.layer27.qkv,qkv,GPU_COMPUTE,step1.layer27.norm1,7193.250547200,3.635776000,7196.886323200,step1.layer27.norm1,QKV projection
1,27,step1.layer27.rope,rope,GPU_COMPUTE,step1.layer27.qkv,7196.886323200,1.018432000,7197.904755200,step1.layer27.qkv,QK norm and RoPE
1,27,step1.layer27.attention,attention,PIM_COMPUTE,step1.layer27.rope,7197.904755200,18.929664000,7216.834419200,step1.layer27.rope,decode attention from Ramulator cycle-v0 table
1,27,step1.layer27.o_proj,attention_output,GPU_COMPUTE,step1.layer27.attention,7216.834419200,3.109440000,7219.943859200,step1.layer27.attention,attention output projection
1,27,step1.layer27.residual1,residual,GPU_COMPUTE,step1.layer27.o_proj,7219.943859200,1.012288000,7220.956147200,step1.layer27.o_proj,residual add
1,27,step1.layer27.norm2,norm,GPU_COMPUTE,step1.layer27.residual1,7220.956147200,1.008192000,7221.964339200,step1.layer27.residual1,RMSNorm
1,27,step1.layer27.router,router,GPU_COMPUTE,step1.layer27.norm2,7221.964339200,2.069888000,7224.034227200,step1.layer27.norm2,MoE router
1,27,step1.layer27.metadata,metadata,GPU_COMPUTE,step1.layer27.router,7224.034227200,1.000128000,7225.034355200,step1.layer27.router,routing metadata
1,27,step1.layer27.dispatch,dispatch,,step1.layer27.metadata,7225.034355200,0.000000000,7225.034355200,step1.layer27.metadata,single-GPU dispatch placeholder
1,27,step1.layer27.scheduler,scheduler,GPU_COMPUTE,step1.layer27.metadata,7225.034355200,0.000000000,7225.034355200,step1.layer27.metadata,noexp placement policy
1,27,step1.layer27.gpu_weight_load,gpu_weight_load,HBM_MEM_PATH,step1.layer27.scheduler,7225.034355200,57.802752000,7282.837107200,step1.layer27.scheduler,expert weights HBM to GPU
1,27,step1.layer27.gpu_expert_compute,gpu_expert,GPU_COMPUTE,step1.layer27.gpu_weight_load;step1.layer27.dispatch,7282.837107200,3.268435456,7286.105542656,step1.layer27.gpu_weight_load,grouped expert GEMM
1,27,step1.layer27.pim_gwrite,pim_write,GPU_PIM_IO,step1.layer27.scheduler;step1.layer27.dispatch,7225.034355200,0.000000000,7225.034355200,step1.layer27.scheduler,PIM_GWRITE token operands
1,27,step1.layer27.pim_expert_compute,pim_expert,PIM_COMPUTE,step1.layer27.pim_gwrite,7225.034355200,0.000000000,7225.034355200,step1.layer27.pim_gwrite,serialized PIM expert GEMV
1,27,step1.layer27.pim_read,pim_read,GPU_PIM_IO,step1.layer27.pim_expert_compute,7225.034355200,0.000000000,7225.034355200,step1.layer27.pim_gwrite,PIM expert result read
1,27,step1.layer27.combine,combine,GPU_COMPUTE,step1.layer27.gpu_expert_compute;step1.layer27.pim_read,7286.105542656,1.036864000,7287.142406656,step1.layer27.gpu_expert_compute,weighted expert combine
1,27,step1.layer27.residual2,residual,GPU_COMPUTE,step1.layer27.combine,7287.142406656,1.012288000,7288.154694656,step1.layer27.combine,residual add
1,28,step1.layer28.norm1,norm,GPU_COMPUTE,step1.layer27.residual2,7288.154694656,1.008192000,7289.162886656,step1.layer27.residual2,RMSNorm
1,28,step1.layer28.qkv,qkv,GPU_COMPUTE,step1.layer28.norm1,7289.162886656,3.635776000,7292.798662656,step1.layer28.norm1,QKV projection
1,28,step1.layer28.rope,rope,GPU_COMPUTE,step1.layer28.qkv,7292.798662656,1.018432000,7293.817094656,step1.layer28.qkv,QK norm and RoPE
1,28,step1.layer28.attention,attention,PIM_COMPUTE,step1.layer28.rope,7293.817094656,18.929664000,7312.746758656,step1.layer28.rope,decode attention from Ramulator cycle-v0 table
1,28,step1.layer28.o_proj,attention_output,GPU_COMPUTE,step1.layer28.attention,7312.746758656,3.109440000,7315.856198656,step1.layer28.attention,attention output projection
1,28,step1.layer28.residual1,residual,GPU_COMPUTE,step1.layer28.o_proj,7315.856198656,1.012288000,7316.868486656,step1.layer28.o_proj,residual add
1,28,step1.layer28.norm2,norm,GPU_COMPUTE,step1.layer28.residual1,7316.868486656,1.008192000,7317.876678656,step1.layer28.residual1,RMSNorm
1,28,step1.layer28.router,router,GPU_COMPUTE,step1.layer28.norm2,7317.876678656,2.069888000,7319.946566656,step1.layer28.norm2,MoE router
1,28,step1.layer28.metadata,metadata,GPU_COMPUTE,step1.layer28.router,7319.946566656,1.000128000,7320.946694656,step1.layer28.router,routing metadata
1,28,step1.layer28.dispatch,dispatch,,step1.layer28.metadata,7320.946694656,0.000000000,7320.946694656,step1.layer28.metadata,single-GPU dispatch placeholder
1,28,step1.layer28.scheduler,scheduler,GPU_COMPUTE,step1.layer28.metadata,7320.946694656,0.000000000,7320.946694656,step1.layer28.metadata,noexp placement policy
1,28,step1.layer28.gpu_weight_load,gpu_weight_load,HBM_MEM_PATH,step1.layer28.scheduler,7320.946694656,57.802752000,7378.749446656,step1.layer28.scheduler,expert weights HBM to GPU
1,28,step1.layer28.gpu_expert_compute,gpu_expert,GPU_COMPUTE,step1.layer28.gpu_weight_load;step1.layer28.dispatch,7378.749446656,3.268435456,7382.017882112,step1.layer28.gpu_weight_load,grouped expert GEMM
1,28,step1.layer28.pim_gwrite,pim_write,GPU_PIM_IO,step1.layer28.scheduler;step1.layer28.dispatch,7320.946694656,0.000000000,7320.946694656,step1.layer28.scheduler,PIM_GWRITE token operands
1,28,step1.layer28.pim_expert_compute,pim_expert,PIM_COMPUTE,step1.layer28.pim_gwrite,7320.946694656,0.000000000,7320.946694656,step1.layer28.pim_gwrite,serialized PIM expert GEMV
1,28,step1.layer28.pim_read,pim_read,GPU_PIM_IO,step1.layer28.pim_expert_compute,7320.946694656,0.000000000,7320.946694656,step1.layer28.pim_gwrite,PIM expert result read
1,28,step1.layer28.combine,combine,GPU_COMPUTE,step1.layer28.gpu_expert_compute;step1.layer28.pim_read,7382.017882112,1.036864000,7383.054746112,step1.layer28.gpu_expert_compute,weighted expert combine
1,28,step1.layer28.residual2,residual,GPU_COMPUTE,step1.layer28.combine,7383.054746112,1.012288000,7384.067034112,step1.layer28.combine,residual add
1,29,step1.layer29.norm1,norm,GPU_COMPUTE,step1.layer28.residual2,7384.067034112,1.008192000,7385.075226112,step1.layer28.residual2,RMSNorm
1,29,step1.layer29.qkv,qkv,GPU_COMPUTE,step1.layer29.norm1,7385.075226112,3.635776000,7388.711002112,step1.layer29.norm1,QKV projection
1,29,step1.layer29.rope,rope,GPU_COMPUTE,step1.layer29.qkv,7388.711002112,1.018432000,7389.729434112,step1.layer29.qkv,QK norm and RoPE
1,29,step1.layer29.attention,attention,PIM_COMPUTE,step1.layer29.rope,7389.729434112,18.929664000,7408.659098112,step1.layer29.rope,decode attention from Ramulator cycle-v0 table
1,29,step1.layer29.o_proj,attention_output,GPU_COMPUTE,step1.layer29.attention,7408.659098112,3.109440000,7411.768538112,step1.layer29.attention,attention output projection
1,29,step1.layer29.residual1,residual,GPU_COMPUTE,step1.layer29.o_proj,7411.768538112,1.012288000,7412.780826112,step1.layer29.o_proj,residual add
1,29,step1.layer29.norm2,norm,GPU_COMPUTE,step1.layer29.residual1,7412.780826112,1.008192000,7413.789018112,step1.layer29.residual1,RMSNorm
1,29,step1.layer29.router,router,GPU_COMPUTE,step1.layer29.norm2,7413.789018112,2.069888000,7415.858906112,step1.layer29.norm2,MoE router
1,29,step1.layer29.metadata,metadata,GPU_COMPUTE,step1.layer29.router,7415.858906112,1.000128000,7416.859034112,step1.layer29.router,routing metadata
1,29,step1.layer29.dispatch,dispatch,,step1.layer29.metadata,7416.859034112,0.000000000,7416.859034112,step1.layer29.metadata,single-GPU dispatch placeholder
1,29,step1.layer29.scheduler,scheduler,GPU_COMPUTE,step1.layer29.metadata,7416.859034112,0.000000000,7416.859034112,step1.layer29.metadata,noexp placement policy
1,29,step1.layer29.gpu_weight_load,gpu_weight_load,HBM_MEM_PATH,step1.layer29.scheduler,7416.859034112,57.802752000,7474.661786112,step1.layer29.scheduler,expert weights HBM to GPU
1,29,step1.layer29.gpu_expert_compute,gpu_expert,GPU_COMPUTE,step1.layer29.gpu_weight_load;step1.layer29.dispatch,7474.661786112,3.268435456,7477.930221568,step1.layer29.gpu_weight_load,grouped expert GEMM
1,29,step1.layer29.pim_gwrite,pim_write,GPU_PIM_IO,step1.layer29.scheduler;step1.layer29.dispatch,7416.859034112,0.000000000,7416.859034112,step1.layer29.scheduler,PIM_GWRITE token operands
1,29,step1.layer29.pim_expert_compute,pim_expert,PIM_COMPUTE,step1.layer29.pim_gwrite,7416.859034112,0.000000000,7416.859034112,step1.layer29.pim_gwrite,serialized PIM expert GEMV
1,29,step1.layer29.pim_read,pim_read,GPU_PIM_IO,step1.layer29.pim_expert_compute,7416.859034112,0.000000000,7416.859034112,step1.layer29.pim_gwrite,PIM expert result read
1,29,step1.layer29.combine,combine,GPU_COMPUTE,step1.layer29.gpu_expert_compute;step1.layer29.pim_read,7477.930221568,1.036864000,7478.967085568,step1.layer29.gpu_expert_compute,weighted expert combine
1,29,step1.layer29.residual2,residual,GPU_COMPUTE,step1.layer29.combine,7478.967085568,1.012288000,7479.979373568,step1.layer29.combine,residual add
1,30,step1.layer30.norm1,norm,GPU_COMPUTE,step1.layer29.residual2,7479.979373568,1.008192000,7480.987565568,step1.layer29.residual2,RMSNorm
1,30,step1.layer30.qkv,qkv,GPU_COMPUTE,step1.layer30.norm1,7480.987565568,3.635776000,7484.623341568,step1.layer30.norm1,QKV projection
1,30,step1.layer30.rope,rope,GPU_COMPUTE,step1.layer30.qkv,7484.623341568,1.018432000,7485.641773568,step1.layer30.qkv,QK norm and RoPE
1,30,step1.layer30.attention,attention,PIM_COMPUTE,step1.layer30.rope,7485.641773568,18.929664000,7504.571437568,step1.layer30.rope,decode attention from Ramulator cycle-v0 table
1,30,step1.layer30.o_proj,attention_output,GPU_COMPUTE,step1.layer30.attention,7504.571437568,3.109440000,7507.680877568,step1.layer30.attention,attention output projection
1,30,step1.layer30.residual1,residual,GPU_COMPUTE,step1.layer30.o_proj,7507.680877568,1.012288000,7508.693165568,step1.layer30.o_proj,residual add
1,30,step1.layer30.norm2,norm,GPU_COMPUTE,step1.layer30.residual1,7508.693165568,1.008192000,7509.701357568,step1.layer30.residual1,RMSNorm
1,30,step1.layer30.router,router,GPU_COMPUTE,step1.layer30.norm2,7509.701357568,2.069888000,7511.771245568,step1.layer30.norm2,MoE router
1,30,step1.layer30.metadata,metadata,GPU_COMPUTE,step1.layer30.router,7511.771245568,1.000128000,7512.771373568,step1.layer30.router,routing metadata
1,30,step1.layer30.dispatch,dispatch,,step1.layer30.metadata,7512.771373568,0.000000000,7512.771373568,step1.layer30.metadata,single-GPU dispatch placeholder
1,30,step1.layer30.scheduler,scheduler,GPU_COMPUTE,step1.layer30.metadata,7512.771373568,0.000000000,7512.771373568,step1.layer30.metadata,noexp placement policy
1,30,step1.layer30.gpu_weight_load,gpu_weight_load,HBM_MEM_PATH,step1.layer30.scheduler,7512.771373568,57.802752000,7570.574125568,step1.layer30.scheduler,expert weights HBM to GPU
1,30,step1.layer30.gpu_expert_compute,gpu_expert,GPU_COMPUTE,step1.layer30.gpu_weight_load;step1.layer30.dispatch,7570.574125568,3.268435456,7573.842561024,step1.layer30.gpu_weight_load,grouped expert GEMM
1,30,step1.layer30.pim_gwrite,pim_write,GPU_PIM_IO,step1.layer30.scheduler;step1.layer30.dispatch,7512.771373568,0.000000000,7512.771373568,step1.layer30.scheduler,PIM_GWRITE token operands
1,30,step1.layer30.pim_expert_compute,pim_expert,PIM_COMPUTE,step1.layer30.pim_gwrite,7512.771373568,0.000000000,7512.771373568,step1.layer30.pim_gwrite,serialized PIM expert GEMV
1,30,step1.layer30.pim_read,pim_read,GPU_PIM_IO,step1.layer30.pim_expert_compute,7512.771373568,0.000000000,7512.771373568,step1.layer30.pim_gwrite,PIM expert result read
1,30,step1.layer30.combine,combine,GPU_COMPUTE,step1.layer30.gpu_expert_compute;step1.layer30.pim_read,7573.842561024,1.036864000,7574.879425024,step1.layer30.gpu_expert_compute,weighted expert combine
1,30,step1.layer30.residual2,residual,GPU_COMPUTE,step1.layer30.combine,7574.879425024,1.012288000,7575.891713024,step1.layer30.combine,residual add
1,31,step1.layer31.norm1,norm,GPU_COMPUTE,step1.layer30.residual2,7575.891713024,1.008192000,7576.899905024,step1.layer30.residual2,RMSNorm
1,31,step1.layer31.qkv,qkv,GPU_COMPUTE,step1.layer31.norm1,7576.899905024,3.635776000,7580.535681024,step1.layer31.norm1,QKV projection
1,31,step1.layer31.rope,rope,GPU_COMPUTE,step1.layer31.qkv,7580.535681024,1.018432000,7581.554113024,step1.layer31.qkv,QK norm and RoPE
1,31,step1.layer31.attention,attention,PIM_COMPUTE,step1.layer31.rope,7581.554113024,18.929664000,7600.483777024,step1.layer31.rope,decode attention from Ramulator cycle-v0 table
1,31,step1.layer31.o_proj,attention_output,GPU_COMPUTE,step1.layer31.attention,7600.483777024,3.109440000,7603.593217024,step1.layer31.attention,attention output projection
1,31,step1.layer31.residual1,residual,GPU_COMPUTE,step1.layer31.o_proj,7603.593217024,1.012288000,7604.605505024,step1.layer31.o_proj,residual add
1,31,step1.layer31.norm2,norm,GPU_COMPUTE,step1.layer31.residual1,7604.605505024,1.008192000,7605.613697024,step1.layer31.residual1,RMSNorm
1,31,step1.layer31.router,router,GPU_COMPUTE,step1.layer31.norm2,7605.613697024,2.069888000,7607.683585024,step1.layer31.norm2,MoE router
1,31,step1.layer31.metadata,metadata,GPU_COMPUTE,step1.layer31.router,7607.683585024,1.000128000,7608.683713024,step1.layer31.router,routing metadata
1,31,step1.layer31.dispatch,dispatch,,step1.layer31.metadata,7608.683713024,0.000000000,7608.683713024,step1.layer31.metadata,single-GPU dispatch placeholder
1,31,step1.layer31.scheduler,scheduler,GPU_COMPUTE,step1.layer31.metadata,7608.683713024,0.000000000,7608.683713024,step1.layer31.metadata,noexp placement policy
1,31,step1.layer31.gpu_weight_load,gpu_weight_load,HBM_MEM_PATH,step1.layer31.scheduler,7608.683713024,57.802752000,7666.486465024,step1.layer31.scheduler,expert weights HBM to GPU
1,31,step1.layer31.gpu_expert_compute,gpu_expert,GPU_COMPUTE,step1.layer31.gpu_weight_load;step1.layer31.dispatch,7666.486465024,3.268435456,7669.754900480,step1.layer31.gpu_weight_load,grouped expert GEMM
1,31,step1.layer31.pim_gwrite,pim_write,GPU_PIM_IO,step1.layer31.scheduler;step1.layer31.dispatch,7608.683713024,0.000000000,7608.683713024,step1.layer31.scheduler,PIM_GWRITE token operands
1,31,step1.layer31.pim_expert_compute,pim_expert,PIM_COMPUTE,step1.layer31.pim_gwrite,7608.683713024,0.000000000,7608.683713024,step1.layer31.pim_gwrite,serialized PIM expert GEMV
1,31,step1.layer31.pim_read,pim_read,GPU_PIM_IO,step1.layer31.pim_expert_compute,7608.683713024,0.000000000,7608.683713024,step1.layer31.pim_gwrite,PIM expert result read
1,31,step1.layer31.combine,combine,GPU_COMPUTE,step1.layer31.gpu_expert_compute;step1.layer31.pim_read,7669.754900480,1.036864000,7670.791764480,step1.layer31.gpu_expert_compute,weighted expert combine
1,31,step1.layer31.residual2,residual,GPU_COMPUTE,step1.layer31.combine,7670.791764480,1.012288000,7671.804052480,step1.layer31.combine,residual add
1,32,step1.layer32.norm1,norm,GPU_COMPUTE,step1.layer31.residual2,7671.804052480,1.008192000,7672.812244480,step1.layer31.residual2,RMSNorm
1,32,step1.layer32.qkv,qkv,GPU_COMPUTE,step1.layer32.norm1,7672.812244480,3.635776000,7676.448020480,step1.layer32.norm1,QKV projection
1,32,step1.layer32.rope,rope,GPU_COMPUTE,step1.layer32.qkv,7676.448020480,1.018432000,7677.466452480,step1.layer32.qkv,QK norm and RoPE
1,32,step1.layer32.attention,attention,PIM_COMPUTE,step1.layer32.rope,7677.466452480,18.929664000,7696.396116480,step1.layer32.rope,decode attention from Ramulator cycle-v0 table
1,32,step1.layer32.o_proj,attention_output,GPU_COMPUTE,step1.layer32.attention,7696.396116480,3.109440000,7699.505556480,step1.layer32.attention,attention output projection
1,32,step1.layer32.residual1,residual,GPU_COMPUTE,step1.layer32.o_proj,7699.505556480,1.012288000,7700.517844480,step1.layer32.o_proj,residual add
1,32,step1.layer32.norm2,norm,GPU_COMPUTE,step1.layer32.residual1,7700.517844480,1.008192000,7701.526036480,step1.layer32.residual1,RMSNorm
1,32,step1.layer32.router,router,GPU_COMPUTE,step1.layer32.norm2,7701.526036480,2.069888000,7703.595924480,step1.layer32.norm2,MoE router
1,32,step1.layer32.metadata,metadata,GPU_COMPUTE,step1.layer32.router,7703.595924480,1.000128000,7704.596052480,step1.layer32.router,routing metadata
1,32,step1.layer32.dispatch,dispatch,,step1.layer32.metadata,7704.596052480,0.000000000,7704.596052480,step1.layer32.metadata,single-GPU dispatch placeholder
1,32,step1.layer32.scheduler,scheduler,GPU_COMPUTE,step1.layer32.metadata,7704.596052480,0.000000000,7704.596052480,step1.layer32.metadata,noexp placement policy
1,32,step1.layer32.gpu_weight_load,gpu_weight_load,HBM_MEM_PATH,step1.layer32.scheduler,7704.596052480,57.802752000,7762.398804480,step1.layer32.scheduler,expert weights HBM to GPU
1,32,step1.layer32.gpu_expert_compute,gpu_expert,GPU_COMPUTE,step1.layer32.gpu_weight_load;step1.layer32.dispatch,7762.398804480,3.268435456,7765.667239936,step1.layer32.gpu_weight_load,grouped expert GEMM
1,32,step1.layer32.pim_gwrite,pim_write,GPU_PIM_IO,step1.layer32.scheduler;step1.layer32.dispatch,7704.596052480,0.000000000,7704.596052480,step1.layer32.scheduler,PIM_GWRITE token operands
1,32,step1.layer32.pim_expert_compute,pim_expert,PIM_COMPUTE,step1.layer32.pim_gwrite,7704.596052480,0.000000000,7704.596052480,step1.layer32.pim_gwrite,serialized PIM expert GEMV
1,32,step1.layer32.pim_read,pim_read,GPU_PIM_IO,step1.layer32.pim_expert_compute,7704.596052480,0.000000000,7704.596052480,step1.layer32.pim_gwrite,PIM expert result read
1,32,step1.layer32.combine,combine,GPU_COMPUTE,step1.layer32.gpu_expert_compute;step1.layer32.pim_read,7765.667239936,1.036864000,7766.704103936,step1.layer32.gpu_expert_compute,weighted expert combine
1,32,step1.layer32.residual2,residual,GPU_COMPUTE,step1.layer32.combine,7766.704103936,1.012288000,7767.716391936,step1.layer32.combine,residual add
1,33,step1.layer33.norm1,norm,GPU_COMPUTE,step1.layer32.residual2,7767.716391936,1.008192000,7768.724583936,step1.layer32.residual2,RMSNorm
1,33,step1.layer33.qkv,qkv,GPU_COMPUTE,step1.layer33.norm1,7768.724583936,3.635776000,7772.360359936,step1.layer33.norm1,QKV projection
1,33,step1.layer33.rope,rope,GPU_COMPUTE,step1.layer33.qkv,7772.360359936,1.018432000,7773.378791936,step1.layer33.qkv,QK norm and RoPE
1,33,step1.layer33.attention,attention,PIM_COMPUTE,step1.layer33.rope,7773.378791936,18.929664000,7792.308455936,step1.layer33.rope,decode attention from Ramulator cycle-v0 table
1,33,step1.layer33.o_proj,attention_output,GPU_COMPUTE,step1.layer33.attention,7792.308455936,3.109440000,7795.417895936,step1.layer33.attention,attention output projection
1,33,step1.layer33.residual1,residual,GPU_COMPUTE,step1.layer33.o_proj,7795.417895936,1.012288000,7796.430183936,step1.layer33.o_proj,residual add
1,33,step1.layer33.norm2,norm,GPU_COMPUTE,step1.layer33.residual1,7796.430183936,1.008192000,7797.438375936,step1.layer33.residual1,RMSNorm
1,33,step1.layer33.router,router,GPU_COMPUTE,step1.layer33.norm2,7797.438375936,2.069888000,7799.508263936,step1.layer33.norm2,MoE router
1,33,step1.layer33.metadata,metadata,GPU_COMPUTE,step1.layer33.router,7799.508263936,1.000128000,7800.508391936,step1.layer33.router,routing metadata
1,33,step1.layer33.dispatch,dispatch,,step1.layer33.metadata,7800.508391936,0.000000000,7800.508391936,step1.layer33.metadata,single-GPU dispatch placeholder
1,33,step1.layer33.scheduler,scheduler,GPU_COMPUTE,step1.layer33.metadata,7800.508391936,0.000000000,7800.508391936,step1.layer33.metadata,noexp placement policy
1,33,step1.layer33.gpu_weight_load,gpu_weight_load,HBM_MEM_PATH,step1.layer33.scheduler,7800.508391936,57.802752000,7858.311143936,step1.layer33.scheduler,expert weights HBM to GPU
1,33,step1.layer33.gpu_expert_compute,gpu_expert,GPU_COMPUTE,step1.layer33.gpu_weight_load;step1.layer33.dispatch,7858.311143936,3.268435456,7861.579579392,step1.layer33.gpu_weight_load,grouped expert GEMM
1,33,step1.layer33.pim_gwrite,pim_write,GPU_PIM_IO,step1.layer33.scheduler;step1.layer33.dispatch,7800.508391936,0.000000000,7800.508391936,step1.layer33.scheduler,PIM_GWRITE token operands
1,33,step1.layer33.pim_expert_compute,pim_expert,PIM_COMPUTE,step1.layer33.pim_gwrite,7800.508391936,0.000000000,7800.508391936,step1.layer33.pim_gwrite,serialized PIM expert GEMV
1,33,step1.layer33.pim_read,pim_read,GPU_PIM_IO,step1.layer33.pim_expert_compute,7800.508391936,0.000000000,7800.508391936,step1.layer33.pim_gwrite,PIM expert result read
1,33,step1.layer33.combine,combine,GPU_COMPUTE,step1.layer33.gpu_expert_compute;step1.layer33.pim_read,7861.579579392,1.036864000,7862.616443392,step1.layer33.gpu_expert_compute,weighted expert combine
1,33,step1.layer33.residual2,residual,GPU_COMPUTE,step1.layer33.combine,7862.616443392,1.012288000,7863.628731392,step1.layer33.combine,residual add
1,34,step1.layer34.norm1,norm,GPU_COMPUTE,step1.layer33.residual2,7863.628731392,1.008192000,7864.636923392,step1.layer33.residual2,RMSNorm
1,34,step1.layer34.qkv,qkv,GPU_COMPUTE,step1.layer34.norm1,7864.636923392,3.635776000,7868.272699392,step1.layer34.norm1,QKV projection
1,34,step1.layer34.rope,rope,GPU_COMPUTE,step1.layer34.qkv,7868.272699392,1.018432000,7869.291131392,step1.layer34.qkv,QK norm and RoPE
1,34,step1.layer34.attention,attention,PIM_COMPUTE,step1.layer34.rope,7869.291131392,18.929664000,7888.220795392,step1.layer34.rope,decode attention from Ramulator cycle-v0 table
1,34,step1.layer34.o_proj,attention_output,GPU_COMPUTE,step1.layer34.attention,7888.220795392,3.109440000,7891.330235392,step1.layer34.attention,attention output projection
1,34,step1.layer34.residual1,residual,GPU_COMPUTE,step1.layer34.o_proj,7891.330235392,1.012288000,7892.342523392,step1.layer34.o_proj,residual add
1,34,step1.layer34.norm2,norm,GPU_COMPUTE,step1.layer34.residual1,7892.342523392,1.008192000,7893.350715392,step1.layer34.residual1,RMSNorm
1,34,step1.layer34.router,router,GPU_COMPUTE,step1.layer34.norm2,7893.350715392,2.069888000,7895.420603392,step1.layer34.norm2,MoE router
1,34,step1.layer34.metadata,metadata,GPU_COMPUTE,step1.layer34.router,7895.420603392,1.000128000,7896.420731392,step1.layer34.router,routing metadata
1,34,step1.layer34.dispatch,dispatch,,step1.layer34.metadata,7896.420731392,0.000000000,7896.420731392,step1.layer34.metadata,single-GPU dispatch placeholder
1,34,step1.layer34.scheduler,scheduler,GPU_COMPUTE,step1.layer34.metadata,7896.420731392,0.000000000,7896.420731392,step1.layer34.metadata,noexp placement policy
1,34,step1.layer34.gpu_weight_load,gpu_weight_load,HBM_MEM_PATH,step1.layer34.scheduler,7896.420731392,57.802752000,7954.223483392,step1.layer34.scheduler,expert weights HBM to GPU
1,34,step1.layer34.gpu_expert_compute,gpu_expert,GPU_COMPUTE,step1.layer34.gpu_weight_load;step1.layer34.dispatch,7954.223483392,3.268435456,7957.491918848,step1.layer34.gpu_weight_load,grouped expert GEMM
1,34,step1.layer34.pim_gwrite,pim_write,GPU_PIM_IO,step1.layer34.scheduler;step1.layer34.dispatch,7896.420731392,0.000000000,7896.420731392,step1.layer34.scheduler,PIM_GWRITE token operands
1,34,step1.layer34.pim_expert_compute,pim_expert,PIM_COMPUTE,step1.layer34.pim_gwrite,7896.420731392,0.000000000,7896.420731392,step1.layer34.pim_gwrite,serialized PIM expert GEMV
1,34,step1.layer34.pim_read,pim_read,GPU_PIM_IO,step1.layer34.pim_expert_compute,7896.420731392,0.000000000,7896.420731392,step1.layer34.pim_gwrite,PIM expert result read
1,34,step1.layer34.combine,combine,GPU_COMPUTE,step1.layer34.gpu_expert_compute;step1.layer34.pim_read,7957.491918848,1.036864000,7958.528782848,step1.layer34.gpu_expert_compute,weighted expert combine
1,34,step1.layer34.residual2,residual,GPU_COMPUTE,step1.layer34.combine,7958.528782848,1.012288000,7959.541070848,step1.layer34.combine,residual add
1,35,step1.layer35.norm1,norm,GPU_COMPUTE,step1.layer34.residual2,7959.541070848,1.008192000,7960.549262848,step1.layer34.residual2,RMSNorm
1,35,step1.layer35.qkv,qkv,GPU_COMPUTE,step1.layer35.norm1,7960.549262848,3.635776000,7964.185038848,step1.layer35.norm1,QKV projection
1,35,step1.layer35.rope,rope,GPU_COMPUTE,step1.layer35.qkv,7964.185038848,1.018432000,7965.203470848,step1.layer35.qkv,QK norm and RoPE
1,35,step1.layer35.attention,attention,PIM_COMPUTE,step1.layer35.rope,7965.203470848,18.929664000,7984.133134848,step1.layer35.rope,decode attention from Ramulator cycle-v0 table
1,35,step1.layer35.o_proj,attention_output,GPU_COMPUTE,step1.layer35.attention,7984.133134848,3.109440000,7987.242574848,step1.layer35.attention,attention output projection
1,35,step1.layer35.residual1,residual,GPU_COMPUTE,step1.layer35.o_proj,7987.242574848,1.012288000,7988.254862848,step1.layer35.o_proj,residual add
1,35,step1.layer35.norm2,norm,GPU_COMPUTE,step1.layer35.residual1,7988.254862848,1.008192000,7989.263054848,step1.layer35.residual1,RMSNorm
1,35,step1.layer35.router,router,GPU_COMPUTE,step1.layer35.norm2,7989.263054848,2.069888000,7991.332942848,step1.layer35.norm2,MoE router
1,35,step1.layer35.metadata,metadata,GPU_COMPUTE,step1.layer35.router,7991.332942848,1.000128000,7992.333070848,step1.layer35.router,routing metadata
1,35,step1.layer35.dispatch,dispatch,,step1.layer35.metadata,7992.333070848,0.000000000,7992.333070848,step1.layer35.metadata,single-GPU dispatch placeholder
1,35,step1.layer35.scheduler,scheduler,GPU_COMPUTE,step1.layer35.metadata,7992.333070848,0.000000000,7992.333070848,step1.layer35.metadata,noexp placement policy
1,35,step1.layer35.gpu_weight_load,gpu_weight_load,HBM_MEM_PATH,step1.layer35.scheduler,7992.333070848,57.802752000,8050.135822848,step1.layer35.scheduler,expert weights HBM to GPU
1,35,step1.layer35.gpu_expert_compute,gpu_expert,GPU_COMPUTE,step1.layer35.gpu_weight_load;step1.layer35.dispatch,8050.135822848,3.268435456,8053.404258304,step1.layer35.gpu_weight_load,grouped expert GEMM
1,35,step1.layer35.pim_gwrite,pim_write,GPU_PIM_IO,step1.layer35.scheduler;step1.layer35.dispatch,7992.333070848,0.000000000,7992.333070848,step1.layer35.scheduler,PIM_GWRITE token operands
1,35,step1.layer35.pim_expert_compute,pim_expert,PIM_COMPUTE,step1.layer35.pim_gwrite,7992.333070848,0.000000000,7992.333070848,step1.layer35.pim_gwrite,serialized PIM expert GEMV
1,35,step1.layer35.pim_read,pim_read,GPU_PIM_IO,step1.layer35.pim_expert_compute,7992.333070848,0.000000000,7992.333070848,step1.layer35.pim_gwrite,PIM expert result read
1,35,step1.layer35.combine,combine,GPU_COMPUTE,step1.layer35.gpu_expert_compute;step1.layer35.pim_read,8053.404258304,1.036864000,8054.441122304,step1.layer35.gpu_expert_compute,weighted expert combine
1,35,step1.layer35.residual2,residual,GPU_COMPUTE,step1.layer35.combine,8054.441122304,1.012288000,8055.453410304,step1.layer35.combine,residual add
1,36,step1.layer36.norm1,norm,GPU_COMPUTE,step1.layer35.residual2,8055.453410304,1.008192000,8056.461602304,step1.layer35.residual2,RMSNorm
1,36,step1.layer36.qkv,qkv,GPU_COMPUTE,step1.layer36.norm1,8056.461602304,3.635776000,8060.097378304,step1.layer36.norm1,QKV projection
1,36,step1.layer36.rope,rope,GPU_COMPUTE,step1.layer36.qkv,8060.097378304,1.018432000,8061.115810304,step1.layer36.qkv,QK norm and RoPE
1,36,step1.layer36.attention,attention,PIM_COMPUTE,step1.layer36.rope,8061.115810304,18.929664000,8080.045474304,step1.layer36.rope,decode attention from Ramulator cycle-v0 table
1,36,step1.layer36.o_proj,attention_output,GPU_COMPUTE,step1.layer36.attention,8080.045474304,3.109440000,8083.154914304,step1.layer36.attention,attention output projection
1,36,step1.layer36.residual1,residual,GPU_COMPUTE,step1.layer36.o_proj,8083.154914304,1.012288000,8084.167202304,step1.layer36.o_proj,residual add
1,36,step1.layer36.norm2,norm,GPU_COMPUTE,step1.layer36.residual1,8084.167202304,1.008192000,8085.175394304,step1.layer36.residual1,RMSNorm
1,36,step1.layer36.router,router,GPU_COMPUTE,step1.layer36.norm2,8085.175394304,2.069888000,8087.245282304,step1.layer36.norm2,MoE router
1,36,step1.layer36.metadata,metadata,GPU_COMPUTE,step1.layer36.router,8087.245282304,1.000128000,8088.245410304,step1.layer36.router,routing metadata
1,36,step1.layer36.dispatch,dispatch,,step1.layer36.metadata,8088.245410304,0.000000000,8088.245410304,step1.layer36.metadata,single-GPU dispatch placeholder
1,36,step1.layer36.scheduler,scheduler,GPU_COMPUTE,step1.layer36.metadata,8088.245410304,0.000000000,8088.245410304,step1.layer36.metadata,noexp placement policy
1,36,step1.layer36.gpu_weight_load,gpu_weight_load,HBM_MEM_PATH,step1.layer36.scheduler,8088.245410304,57.802752000,8146.048162304,step1.layer36.scheduler,expert weights HBM to GPU
1,36,step1.layer36.gpu_expert_compute,gpu_expert,GPU_COMPUTE,step1.layer36.gpu_weight_load;step1.layer36.dispatch,8146.048162304,3.268435456,8149.316597760,step1.layer36.gpu_weight_load,grouped expert GEMM
1,36,step1.layer36.pim_gwrite,pim_write,GPU_PIM_IO,step1.layer36.scheduler;step1.layer36.dispatch,8088.245410304,0.000000000,8088.245410304,step1.layer36.scheduler,PIM_GWRITE token operands
1,36,step1.layer36.pim_expert_compute,pim_expert,PIM_COMPUTE,step1.layer36.pim_gwrite,8088.245410304,0.000000000,8088.245410304,step1.layer36.pim_gwrite,serialized PIM expert GEMV
1,36,step1.layer36.pim_read,pim_read,GPU_PIM_IO,step1.layer36.pim_expert_compute,8088.245410304,0.000000000,8088.245410304,step1.layer36.pim_gwrite,PIM expert result read
1,36,step1.layer36.combine,combine,GPU_COMPUTE,step1.layer36.gpu_expert_compute;step1.layer36.pim_read,8149.316597760,1.036864000,8150.353461760,step1.layer36.gpu_expert_compute,weighted expert combine
1,36,step1.layer36.residual2,residual,GPU_COMPUTE,step1.layer36.combine,8150.353461760,1.012288000,8151.365749760,step1.layer36.combine,residual add
1,37,step1.layer37.norm1,norm,GPU_COMPUTE,step1.layer36.residual2,8151.365749760,1.008192000,8152.373941760,step1.layer36.residual2,RMSNorm
1,37,step1.layer37.qkv,qkv,GPU_COMPUTE,step1.layer37.norm1,8152.373941760,3.635776000,8156.009717760,step1.layer37.norm1,QKV projection
1,37,step1.layer37.rope,rope,GPU_COMPUTE,step1.layer37.qkv,8156.009717760,1.018432000,8157.028149760,step1.layer37.qkv,QK norm and RoPE
1,37,step1.layer37.attention,attention,PIM_COMPUTE,step1.layer37.rope,8157.028149760,18.929664000,8175.957813760,step1.layer37.rope,decode attention from Ramulator cycle-v0 table
1,37,step1.layer37.o_proj,attention_output,GPU_COMPUTE,step1.layer37.attention,8175.957813760,3.109440000,8179.067253760,step1.layer37.attention,attention output projection
1,37,step1.layer37.residual1,residual,GPU_COMPUTE,step1.layer37.o_proj,8179.067253760,1.012288000,8180.079541760,step1.layer37.o_proj,residual add
1,37,step1.layer37.norm2,norm,GPU_COMPUTE,step1.layer37.residual1,8180.079541760,1.008192000,8181.087733760,step1.layer37.residual1,RMSNorm
1,37,step1.layer37.router,router,GPU_COMPUTE,step1.layer37.norm2,8181.087733760,2.069888000,8183.157621760,step1.layer37.norm2,MoE router
1,37,step1.layer37.metadata,metadata,GPU_COMPUTE,step1.layer37.router,8183.157621760,1.000128000,8184.157749760,step1.layer37.router,routing metadata
1,37,step1.layer37.dispatch,dispatch,,step1.layer37.metadata,8184.157749760,0.000000000,8184.157749760,step1.layer37.metadata,single-GPU dispatch placeholder
1,37,step1.layer37.scheduler,scheduler,GPU_COMPUTE,step1.layer37.metadata,8184.157749760,0.000000000,8184.157749760,step1.layer37.metadata,noexp placement policy
1,37,step1.layer37.gpu_weight_load,gpu_weight_load,HBM_MEM_PATH,step1.layer37.scheduler,8184.157749760,57.802752000,8241.960501760,step1.layer37.scheduler,expert weights HBM to GPU
1,37,step1.layer37.gpu_expert_compute,gpu_expert,GPU_COMPUTE,step1.layer37.gpu_weight_load;step1.layer37.dispatch,8241.960501760,3.268435456,8245.228937216,step1.layer37.gpu_weight_load,grouped expert GEMM
1,37,step1.layer37.pim_gwrite,pim_write,GPU_PIM_IO,step1.layer37.scheduler;step1.layer37.dispatch,8184.157749760,0.000000000,8184.157749760,step1.layer37.scheduler,PIM_GWRITE token operands
1,37,step1.layer37.pim_expert_compute,pim_expert,PIM_COMPUTE,step1.layer37.pim_gwrite,8184.157749760,0.000000000,8184.157749760,step1.layer37.pim_gwrite,serialized PIM expert GEMV
1,37,step1.layer37.pim_read,pim_read,GPU_PIM_IO,step1.layer37.pim_expert_compute,8184.157749760,0.000000000,8184.157749760,step1.layer37.pim_gwrite,PIM expert result read
1,37,step1.layer37.combine,combine,GPU_COMPUTE,step1.layer37.gpu_expert_compute;step1.layer37.pim_read,8245.228937216,1.036864000,8246.265801216,step1.layer37.gpu_expert_compute,weighted expert combine
1,37,step1.layer37.residual2,residual,GPU_COMPUTE,step1.layer37.combine,8246.265801216,1.012288000,8247.278089216,step1.layer37.combine,residual add
1,38,step1.layer38.norm1,norm,GPU_COMPUTE,step1.layer37.residual2,8247.278089216,1.008192000,8248.286281216,step1.layer37.residual2,RMSNorm
1,38,step1.layer38.qkv,qkv,GPU_COMPUTE,step1.layer38.norm1,8248.286281216,3.635776000,8251.922057216,step1.layer38.norm1,QKV projection
1,38,step1.layer38.rope,rope,GPU_COMPUTE,step1.layer38.qkv,8251.922057216,1.018432000,8252.940489216,step1.layer38.qkv,QK norm and RoPE
1,38,step1.layer38.attention,attention,PIM_COMPUTE,step1.layer38.rope,8252.940489216,18.929664000,8271.870153216,step1.layer38.rope,decode attention from Ramulator cycle-v0 table
1,38,step1.layer38.o_proj,attention_output,GPU_COMPUTE,step1.layer38.attention,8271.870153216,3.109440000,8274.979593216,step1.layer38.attention,attention output projection
1,38,step1.layer38.residual1,residual,GPU_COMPUTE,step1.layer38.o_proj,8274.979593216,1.012288000,8275.991881216,step1.layer38.o_proj,residual add
1,38,step1.layer38.norm2,norm,GPU_COMPUTE,step1.layer38.residual1,8275.991881216,1.008192000,8277.000073216,step1.layer38.residual1,RMSNorm
1,38,step1.layer38.router,router,GPU_COMPUTE,step1.layer38.norm2,8277.000073216,2.069888000,8279.069961216,step1.layer38.norm2,MoE router
1,38,step1.layer38.metadata,metadata,GPU_COMPUTE,step1.layer38.router,8279.069961216,1.000128000,8280.070089216,step1.layer38.router,routing metadata
1,38,step1.layer38.dispatch,dispatch,,step1.layer38.metadata,8280.070089216,0.000000000,8280.070089216,step1.layer38.metadata,single-GPU dispatch placeholder
1,38,step1.layer38.scheduler,scheduler,GPU_COMPUTE,step1.layer38.metadata,8280.070089216,0.000000000,8280.070089216,step1.layer38.metadata,noexp placement policy
1,38,step1.layer38.gpu_weight_load,gpu_weight_load,HBM_MEM_PATH,step1.layer38.scheduler,8280.070089216,57.802752000,8337.872841216,step1.layer38.scheduler,expert weights HBM to GPU
1,38,step1.layer38.gpu_expert_compute,gpu_expert,GPU_COMPUTE,step1.layer38.gpu_weight_load;step1.layer38.dispatch,8337.872841216,3.268435456,8341.141276672,step1.layer38.gpu_weight_load,grouped expert GEMM
1,38,step1.layer38.pim_gwrite,pim_write,GPU_PIM_IO,step1.layer38.scheduler;step1.layer38.dispatch,8280.070089216,0.000000000,8280.070089216,step1.layer38.scheduler,PIM_GWRITE token operands
1,38,step1.layer38.pim_expert_compute,pim_expert,PIM_COMPUTE,step1.layer38.pim_gwrite,8280.070089216,0.000000000,8280.070089216,step1.layer38.pim_gwrite,serialized PIM expert GEMV
1,38,step1.layer38.pim_read,pim_read,GPU_PIM_IO,step1.layer38.pim_expert_compute,8280.070089216,0.000000000,8280.070089216,step1.layer38.pim_gwrite,PIM expert result read
1,38,step1.layer38.combine,combine,GPU_COMPUTE,step1.layer38.gpu_expert_compute;step1.layer38.pim_read,8341.141276672,1.036864000,8342.178140672,step1.layer38.gpu_expert_compute,weighted expert combine
1,38,step1.layer38.residual2,residual,GPU_COMPUTE,step1.layer38.combine,8342.178140672,1.012288000,8343.190428672,step1.layer38.combine,residual add
1,39,step1.layer39.norm1,norm,GPU_COMPUTE,step1.layer38.residual2,8343.190428672,1.008192000,8344.198620672,step1.layer38.residual2,RMSNorm
1,39,step1.layer39.qkv,qkv,GPU_COMPUTE,step1.layer39.norm1,8344.198620672,3.635776000,8347.834396672,step1.layer39.norm1,QKV projection
1,39,step1.layer39.rope,rope,GPU_COMPUTE,step1.layer39.qkv,8347.834396672,1.018432000,8348.852828672,step1.layer39.qkv,QK norm and RoPE
1,39,step1.layer39.attention,attention,PIM_COMPUTE,step1.layer39.rope,8348.852828672,18.929664000,8367.782492672,step1.layer39.rope,decode attention from Ramulator cycle-v0 table
1,39,step1.layer39.o_proj,attention_output,GPU_COMPUTE,step1.layer39.attention,8367.782492672,3.109440000,8370.891932672,step1.layer39.attention,attention output projection
1,39,step1.layer39.residual1,residual,GPU_COMPUTE,step1.layer39.o_proj,8370.891932672,1.012288000,8371.904220672,step1.layer39.o_proj,residual add
1,39,step1.layer39.norm2,norm,GPU_COMPUTE,step1.layer39.residual1,8371.904220672,1.008192000,8372.912412672,step1.layer39.residual1,RMSNorm
1,39,step1.layer39.router,router,GPU_COMPUTE,step1.layer39.norm2,8372.912412672,2.069888000,8374.982300672,step1.layer39.norm2,MoE router
1,39,step1.layer39.metadata,metadata,GPU_COMPUTE,step1.layer39.router,8374.982300672,1.000128000,8375.982428672,step1.layer39.router,routing metadata
1,39,step1.layer39.dispatch,dispatch,,step1.layer39.metadata,8375.982428672,0.000000000,8375.982428672,step1.layer39.metadata,single-GPU dispatch placeholder
1,39,step1.layer39.scheduler,scheduler,GPU_COMPUTE,step1.layer39.metadata,8375.982428672,0.000000000,8375.982428672,step1.layer39.metadata,noexp placement policy
1,39,step1.layer39.gpu_weight_load,gpu_weight_load,HBM_MEM_PATH,step1.layer39.scheduler,8375.982428672,57.802752000,8433.785180672,step1.layer39.scheduler,expert weights HBM to GPU
1,39,step1.layer39.gpu_expert_compute,gpu_expert,GPU_COMPUTE,step1.layer39.gpu_weight_load;step1.layer39.dispatch,8433.785180672,3.268435456,8437.053616128,step1.layer39.gpu_weight_load,grouped expert GEMM
1,39,step1.layer39.pim_gwrite,pim_write,GPU_PIM_IO,step1.layer39.scheduler;step1.layer39.dispatch,8375.982428672,0.000000000,8375.982428672,step1.layer39.scheduler,PIM_GWRITE token operands
1,39,step1.layer39.pim_expert_compute,pim_expert,PIM_COMPUTE,step1.layer39.pim_gwrite,8375.982428672,0.000000000,8375.982428672,step1.layer39.pim_gwrite,serialized PIM expert GEMV
1,39,step1.layer39.pim_read,pim_read,GPU_PIM_IO,step1.layer39.pim_expert_compute,8375.982428672,0.000000000,8375.982428672,step1.layer39.pim_gwrite,PIM expert result read
1,39,step1.layer39.combine,combine,GPU_COMPUTE,step1.layer39.gpu_expert_compute;step1.layer39.pim_read,8437.053616128,1.036864000,8438.090480128,step1.layer39.gpu_expert_compute,weighted expert combine
1,39,step1.layer39.residual2,residual,GPU_COMPUTE,step1.layer39.combine,8438.090480128,1.012288000,8439.102768128,step1.layer39.combine,residual add
1,40,step1.layer40.norm1,norm,GPU_COMPUTE,step1.layer39.residual2,8439.102768128,1.008192000,8440.110960128,step1.layer39.residual2,RMSNorm
1,40,step1.layer40.qkv,qkv,GPU_COMPUTE,step1.layer40.norm1,8440.110960128,3.635776000,8443.746736128,step1.layer40.norm1,QKV projection
1,40,step1.layer40.rope,rope,GPU_COMPUTE,step1.layer40.qkv,8443.746736128,1.018432000,8444.765168128,step1.layer40.qkv,QK norm and RoPE
1,40,step1.layer40.attention,attention,PIM_COMPUTE,step1.layer40.rope,8444.765168128,18.929664000,8463.694832128,step1.layer40.rope,decode attention from Ramulator cycle-v0 table
1,40,step1.layer40.o_proj,attention_output,GPU_COMPUTE,step1.layer40.attention,8463.694832128,3.109440000,8466.804272128,step1.layer40.attention,attention output projection
1,40,step1.layer40.residual1,residual,GPU_COMPUTE,step1.layer40.o_proj,8466.804272128,1.012288000,8467.816560128,step1.layer40.o_proj,residual add
1,40,step1.layer40.norm2,norm,GPU_COMPUTE,step1.layer40.residual1,8467.816560128,1.008192000,8468.824752128,step1.layer40.residual1,RMSNorm
1,40,step1.layer40.router,router,GPU_COMPUTE,step1.layer40.norm2,8468.824752128,2.069888000,8470.894640128,step1.layer40.norm2,MoE router
1,40,step1.layer40.metadata,metadata,GPU_COMPUTE,step1.layer40.router,8470.894640128,1.000128000,8471.894768128,step1.layer40.router,routing metadata
1,40,step1.layer40.dispatch,dispatch,,step1.layer40.metadata,8471.894768128,0.000000000,8471.894768128,step1.layer40.metadata,single-GPU dispatch placeholder
1,40,step1.layer40.scheduler,scheduler,GPU_COMPUTE,step1.layer40.metadata,8471.894768128,0.000000000,8471.894768128,step1.layer40.metadata,noexp placement policy
1,40,step1.layer40.gpu_weight_load,gpu_weight_load,HBM_MEM_PATH,step1.layer40.scheduler,8471.894768128,57.802752000,8529.697520128,step1.layer40.scheduler,expert weights HBM to GPU
1,40,step1.layer40.gpu_expert_compute,gpu_expert,GPU_COMPUTE,step1.layer40.gpu_weight_load;step1.layer40.dispatch,8529.697520128,3.268435456,8532.965955584,step1.layer40.gpu_weight_load,grouped expert GEMM
1,40,step1.layer40.pim_gwrite,pim_write,GPU_PIM_IO,step1.layer40.scheduler;step1.layer40.dispatch,8471.894768128,0.000000000,8471.894768128,step1.layer40.scheduler,PIM_GWRITE token operands
1,40,step1.layer40.pim_expert_compute,pim_expert,PIM_COMPUTE,step1.layer40.pim_gwrite,8471.894768128,0.000000000,8471.894768128,step1.layer40.pim_gwrite,serialized PIM expert GEMV
1,40,step1.layer40.pim_read,pim_read,GPU_PIM_IO,step1.layer40.pim_expert_compute,8471.894768128,0.000000000,8471.894768128,step1.layer40.pim_gwrite,PIM expert result read
1,40,step1.layer40.combine,combine,GPU_COMPUTE,step1.layer40.gpu_expert_compute;step1.layer40.pim_read,8532.965955584,1.036864000,8534.002819584,step1.layer40.gpu_expert_compute,weighted expert combine
1,40,step1.layer40.residual2,residual,GPU_COMPUTE,step1.layer40.combine,8534.002819584,1.012288000,8535.015107584,step1.layer40.combine,residual add
1,41,step1.layer41.norm1,norm,GPU_COMPUTE,step1.layer40.residual2,8535.015107584,1.008192000,8536.023299584,step1.layer40.residual2,RMSNorm
1,41,step1.layer41.qkv,qkv,GPU_COMPUTE,step1.layer41.norm1,8536.023299584,3.635776000,8539.659075584,step1.layer41.norm1,QKV projection
1,41,step1.layer41.rope,rope,GPU_COMPUTE,step1.layer41.qkv,8539.659075584,1.018432000,8540.677507584,step1.layer41.qkv,QK norm and RoPE
1,41,step1.layer41.attention,attention,PIM_COMPUTE,step1.layer41.rope,8540.677507584,18.929664000,8559.607171584,step1.layer41.rope,decode attention from Ramulator cycle-v0 table
1,41,step1.layer41.o_proj,attention_output,GPU_COMPUTE,step1.layer41.attention,8559.607171584,3.109440000,8562.716611584,step1.layer41.attention,attention output projection
1,41,step1.layer41.residual1,residual,GPU_COMPUTE,step1.layer41.o_proj,8562.716611584,1.012288000,8563.728899584,step1.layer41.o_proj,residual add
1,41,step1.layer41.norm2,norm,GPU_COMPUTE,step1.layer41.residual1,8563.728899584,1.008192000,8564.737091584,step1.layer41.residual1,RMSNorm
1,41,step1.layer41.router,router,GPU_COMPUTE,step1.layer41.norm2,8564.737091584,2.069888000,8566.806979584,step1.layer41.norm2,MoE router
1,41,step1.layer41.metadata,metadata,GPU_COMPUTE,step1.layer41.router,8566.806979584,1.000128000,8567.807107584,step1.layer41.router,routing metadata
1,41,step1.layer41.dispatch,dispatch,,step1.layer41.metadata,8567.807107584,0.000000000,8567.807107584,step1.layer41.metadata,single-GPU dispatch placeholder
1,41,step1.layer41.scheduler,scheduler,GPU_COMPUTE,step1.layer41.metadata,8567.807107584,0.000000000,8567.807107584,step1.layer41.metadata,noexp placement policy
1,41,step1.layer41.gpu_weight_load,gpu_weight_load,HBM_MEM_PATH,step1.layer41.scheduler,8567.807107584,57.802752000,8625.609859584,step1.layer41.scheduler,expert weights HBM to GPU
1,41,step1.layer41.gpu_expert_compute,gpu_expert,GPU_COMPUTE,step1.layer41.gpu_weight_load;step1.layer41.dispatch,8625.609859584,3.268435456,8628.878295040,step1.layer41.gpu_weight_load,grouped expert GEMM
1,41,step1.layer41.pim_gwrite,pim_write,GPU_PIM_IO,step1.layer41.scheduler;step1.layer41.dispatch,8567.807107584,0.000000000,8567.807107584,step1.layer41.scheduler,PIM_GWRITE token operands
1,41,step1.layer41.pim_expert_compute,pim_expert,PIM_COMPUTE,step1.layer41.pim_gwrite,8567.807107584,0.000000000,8567.807107584,step1.layer41.pim_gwrite,serialized PIM expert GEMV
1,41,step1.layer41.pim_read,pim_read,GPU_PIM_IO,step1.layer41.pim_expert_compute,8567.807107584,0.000000000,8567.807107584,step1.layer41.pim_gwrite,PIM expert result read
1,41,step1.layer41.combine,combine,GPU_COMPUTE,step1.layer41.gpu_expert_compute;step1.layer41.pim_read,8628.878295040,1.036864000,8629.915159040,step1.layer41.gpu_expert_compute,weighted expert combine
1,41,step1.layer41.residual2,residual,GPU_COMPUTE,step1.layer41.combine,8629.915159040,1.012288000,8630.927447040,step1.layer41.combine,residual add
1,42,step1.layer42.norm1,norm,GPU_COMPUTE,step1.layer41.residual2,8630.927447040,1.008192000,8631.935639040,step1.layer41.residual2,RMSNorm
1,42,step1.layer42.qkv,qkv,GPU_COMPUTE,step1.layer42.norm1,8631.935639040,3.635776000,8635.571415040,step1.layer42.norm1,QKV projection
1,42,step1.layer42.rope,rope,GPU_COMPUTE,step1.layer42.qkv,8635.571415040,1.018432000,8636.589847040,step1.layer42.qkv,QK norm and RoPE
1,42,step1.layer42.attention,attention,PIM_COMPUTE,step1.layer42.rope,8636.589847040,18.929664000,8655.519511040,step1.layer42.rope,decode attention from Ramulator cycle-v0 table
1,42,step1.layer42.o_proj,attention_output,GPU_COMPUTE,step1.layer42.attention,8655.519511040,3.109440000,8658.628951040,step1.layer42.attention,attention output projection
1,42,step1.layer42.residual1,residual,GPU_COMPUTE,step1.layer42.o_proj,8658.628951040,1.012288000,8659.641239040,step1.layer42.o_proj,residual add
1,42,step1.layer42.norm2,norm,GPU_COMPUTE,step1.layer42.residual1,8659.641239040,1.008192000,8660.649431040,step1.layer42.residual1,RMSNorm
1,42,step1.layer42.router,router,GPU_COMPUTE,step1.layer42.norm2,8660.649431040,2.069888000,8662.719319040,step1.layer42.norm2,MoE router
1,42,step1.layer42.metadata,metadata,GPU_COMPUTE,step1.layer42.router,8662.719319040,1.000128000,8663.719447040,step1.layer42.router,routing metadata
1,42,step1.layer42.dispatch,dispatch,,step1.layer42.metadata,8663.719447040,0.000000000,8663.719447040,step1.layer42.metadata,single-GPU dispatch placeholder
1,42,step1.layer42.scheduler,scheduler,GPU_COMPUTE,step1.layer42.metadata,8663.719447040,0.000000000,8663.719447040,step1.layer42.metadata,noexp placement policy
1,42,step1.layer42.gpu_weight_load,gpu_weight_load,HBM_MEM_PATH,step1.layer42.scheduler,8663.719447040,57.802752000,8721.522199040,step1.layer42.scheduler,expert weights HBM to GPU
1,42,step1.layer42.gpu_expert_compute,gpu_expert,GPU_COMPUTE,step1.layer42.gpu_weight_load;step1.layer42.dispatch,8721.522199040,3.268435456,8724.790634496,step1.layer42.gpu_weight_load,grouped expert GEMM
1,42,step1.layer42.pim_gwrite,pim_write,GPU_PIM_IO,step1.layer42.scheduler;step1.layer42.dispatch,8663.719447040,0.000000000,8663.719447040,step1.layer42.scheduler,PIM_GWRITE token operands
1,42,step1.layer42.pim_expert_compute,pim_expert,PIM_COMPUTE,step1.layer42.pim_gwrite,8663.719447040,0.000000000,8663.719447040,step1.layer42.pim_gwrite,serialized PIM expert GEMV
1,42,step1.layer42.pim_read,pim_read,GPU_PIM_IO,step1.layer42.pim_expert_compute,8663.719447040,0.000000000,8663.719447040,step1.layer42.pim_gwrite,PIM expert result read
1,42,step1.layer42.combine,combine,GPU_COMPUTE,step1.layer42.gpu_expert_compute;step1.layer42.pim_read,8724.790634496,1.036864000,8725.827498496,step1.layer42.gpu_expert_compute,weighted expert combine
1,42,step1.layer42.residual2,residual,GPU_COMPUTE,step1.layer42.combine,8725.827498496,1.012288000,8726.839786496,step1.layer42.combine,residual add
1,43,step1.layer43.norm1,norm,GPU_COMPUTE,step1.layer42.residual2,8726.839786496,1.008192000,8727.847978496,step1.layer42.residual2,RMSNorm
1,43,step1.layer43.qkv,qkv,GPU_COMPUTE,step1.layer43.norm1,8727.847978496,3.635776000,8731.483754496,step1.layer43.norm1,QKV projection
1,43,step1.layer43.rope,rope,GPU_COMPUTE,step1.layer43.qkv,8731.483754496,1.018432000,8732.502186496,step1.layer43.qkv,QK norm and RoPE
1,43,step1.layer43.attention,attention,PIM_COMPUTE,step1.layer43.rope,8732.502186496,18.929664000,8751.431850496,step1.layer43.rope,decode attention from Ramulator cycle-v0 table
1,43,step1.layer43.o_proj,attention_output,GPU_COMPUTE,step1.layer43.attention,8751.431850496,3.109440000,8754.541290496,step1.layer43.attention,attention output projection
1,43,step1.layer43.residual1,residual,GPU_COMPUTE,step1.layer43.o_proj,8754.541290496,1.012288000,8755.553578496,step1.layer43.o_proj,residual add
1,43,step1.layer43.norm2,norm,GPU_COMPUTE,step1.layer43.residual1,8755.553578496,1.008192000,8756.561770496,step1.layer43.residual1,RMSNorm
1,43,step1.layer43.router,router,GPU_COMPUTE,step1.layer43.norm2,8756.561770496,2.069888000,8758.631658496,step1.layer43.norm2,MoE router
1,43,step1.layer43.metadata,metadata,GPU_COMPUTE,step1.layer43.router,8758.631658496,1.000128000,8759.631786496,step1.layer43.router,routing metadata
1,43,step1.layer43.dispatch,dispatch,,step1.layer43.metadata,8759.631786496,0.000000000,8759.631786496,step1.layer43.metadata,single-GPU dispatch placeholder
1,43,step1.layer43.scheduler,scheduler,GPU_COMPUTE,step1.layer43.metadata,8759.631786496,0.000000000,8759.631786496,step1.layer43.metadata,noexp placement policy
1,43,step1.layer43.gpu_weight_load,gpu_weight_load,HBM_MEM_PATH,step1.layer43.scheduler,8759.631786496,57.802752000,8817.434538496,step1.layer43.scheduler,expert weights HBM to GPU
1,43,step1.layer43.gpu_expert_compute,gpu_expert,GPU_COMPUTE,step1.layer43.gpu_weight_load;step1.layer43.dispatch,8817.434538496,3.268435456,8820.702973952,step1.layer43.gpu_weight_load,grouped expert GEMM
1,43,step1.layer43.pim_gwrite,pim_write,GPU_PIM_IO,step1.layer43.scheduler;step1.layer43.dispatch,8759.631786496,0.000000000,8759.631786496,step1.layer43.scheduler,PIM_GWRITE token operands
1,43,step1.layer43.pim_expert_compute,pim_expert,PIM_COMPUTE,step1.layer43.pim_gwrite,8759.631786496,0.000000000,8759.631786496,step1.layer43.pim_gwrite,serialized PIM expert GEMV
1,43,step1.layer43.pim_read,pim_read,GPU_PIM_IO,step1.layer43.pim_expert_compute,8759.631786496,0.000000000,8759.631786496,step1.layer43.pim_gwrite,PIM expert result read
1,43,step1.layer43.combine,combine,GPU_COMPUTE,step1.layer43.gpu_expert_compute;step1.layer43.pim_read,8820.702973952,1.036864000,8821.739837952,step1.layer43.gpu_expert_compute,weighted expert combine
1,43,step1.layer43.residual2,residual,GPU_COMPUTE,step1.layer43.combine,8821.739837952,1.012288000,8822.752125952,step1.layer43.combine,residual add
1,44,step1.layer44.norm1,norm,GPU_COMPUTE,step1.layer43.residual2,8822.752125952,1.008192000,8823.760317952,step1.layer43.residual2,RMSNorm
1,44,step1.layer44.qkv,qkv,GPU_COMPUTE,step1.layer44.norm1,8823.760317952,3.635776000,8827.396093952,step1.layer44.norm1,QKV projection
1,44,step1.layer44.rope,rope,GPU_COMPUTE,step1.layer44.qkv,8827.396093952,1.018432000,8828.414525952,step1.layer44.qkv,QK norm and RoPE
1,44,step1.layer44.attention,attention,PIM_COMPUTE,step1.layer44.rope,8828.414525952,18.929664000,8847.344189952,step1.layer44.rope,decode attention from Ramulator cycle-v0 table
1,44,step1.layer44.o_proj,attention_output,GPU_COMPUTE,step1.layer44.attention,8847.344189952,3.109440000,8850.453629952,step1.layer44.attention,attention output projection
1,44,step1.layer44.residual1,residual,GPU_COMPUTE,step1.layer44.o_proj,8850.453629952,1.012288000,8851.465917952,step1.layer44.o_proj,residual add
1,44,step1.layer44.norm2,norm,GPU_COMPUTE,step1.layer44.residual1,8851.465917952,1.008192000,8852.474109952,step1.layer44.residual1,RMSNorm
1,44,step1.layer44.router,router,GPU_COMPUTE,step1.layer44.norm2,8852.474109952,2.069888000,8854.543997952,step1.layer44.norm2,MoE router
1,44,step1.layer44.metadata,metadata,GPU_COMPUTE,step1.layer44.router,8854.543997952,1.000128000,8855.544125952,step1.layer44.router,routing metadata
1,44,step1.layer44.dispatch,dispatch,,step1.layer44.metadata,8855.544125952,0.000000000,8855.544125952,step1.layer44.metadata,single-GPU dispatch placeholder
1,44,step1.layer44.scheduler,scheduler,GPU_COMPUTE,step1.layer44.metadata,8855.544125952,0.000000000,8855.544125952,step1.layer44.metadata,noexp placement policy
1,44,step1.layer44.gpu_weight_load,gpu_weight_load,HBM_MEM_PATH,step1.layer44.scheduler,8855.544125952,57.802752000,8913.346877952,step1.layer44.scheduler,expert weights HBM to GPU
1,44,step1.layer44.gpu_expert_compute,gpu_expert,GPU_COMPUTE,step1.layer44.gpu_weight_load;step1.layer44.dispatch,8913.346877952,3.268435456,8916.615313408,step1.layer44.gpu_weight_load,grouped expert GEMM
1,44,step1.layer44.pim_gwrite,pim_write,GPU_PIM_IO,step1.layer44.scheduler;step1.layer44.dispatch,8855.544125952,0.000000000,8855.544125952,step1.layer44.scheduler,PIM_GWRITE token operands
1,44,step1.layer44.pim_expert_compute,pim_expert,PIM_COMPUTE,step1.layer44.pim_gwrite,8855.544125952,0.000000000,8855.544125952,step1.layer44.pim_gwrite,serialized PIM expert GEMV
1,44,step1.layer44.pim_read,pim_read,GPU_PIM_IO,step1.layer44.pim_expert_compute,8855.544125952,0.000000000,8855.544125952,step1.layer44.pim_gwrite,PIM expert result read
1,44,step1.layer44.combine,combine,GPU_COMPUTE,step1.layer44.gpu_expert_compute;step1.layer44.pim_read,8916.615313408,1.036864000,8917.652177408,step1.layer44.gpu_expert_compute,weighted expert combine
1,44,step1.layer44.residual2,residual,GPU_COMPUTE,step1.layer44.combine,8917.652177408,1.012288000,8918.664465408,step1.layer44.combine,residual add
1,45,step1.layer45.norm1,norm,GPU_COMPUTE,step1.layer44.residual2,8918.664465408,1.008192000,8919.672657408,step1.layer44.residual2,RMSNorm
1,45,step1.layer45.qkv,qkv,GPU_COMPUTE,step1.layer45.norm1,8919.672657408,3.635776000,8923.308433408,step1.layer45.norm1,QKV projection
1,45,step1.layer45.rope,rope,GPU_COMPUTE,step1.layer45.qkv,8923.308433408,1.018432000,8924.326865408,step1.layer45.qkv,QK norm and RoPE
1,45,step1.layer45.attention,attention,PIM_COMPUTE,step1.layer45.rope,8924.326865408,18.929664000,8943.256529408,step1.layer45.rope,decode attention from Ramulator cycle-v0 table
1,45,step1.layer45.o_proj,attention_output,GPU_COMPUTE,step1.layer45.attention,8943.256529408,3.109440000,8946.365969408,step1.layer45.attention,attention output projection
1,45,step1.layer45.residual1,residual,GPU_COMPUTE,step1.layer45.o_proj,8946.365969408,1.012288000,8947.378257408,step1.layer45.o_proj,residual add
1,45,step1.layer45.norm2,norm,GPU_COMPUTE,step1.layer45.residual1,8947.378257408,1.008192000,8948.386449408,step1.layer45.residual1,RMSNorm
1,45,step1.layer45.router,router,GPU_COMPUTE,step1.layer45.norm2,8948.386449408,2.069888000,8950.456337408,step1.layer45.norm2,MoE router
1,45,step1.layer45.metadata,metadata,GPU_COMPUTE,step1.layer45.router,8950.456337408,1.000128000,8951.456465408,step1.layer45.router,routing metadata
1,45,step1.layer45.dispatch,dispatch,,step1.layer45.metadata,8951.456465408,0.000000000,8951.456465408,step1.layer45.metadata,single-GPU dispatch placeholder
1,45,step1.layer45.scheduler,scheduler,GPU_COMPUTE,step1.layer45.metadata,8951.456465408,0.000000000,8951.456465408,step1.layer45.metadata,noexp placement policy
1,45,step1.layer45.gpu_weight_load,gpu_weight_load,HBM_MEM_PATH,step1.layer45.scheduler,8951.456465408,57.802752000,9009.259217408,step1.layer45.scheduler,expert weights HBM to GPU
1,45,step1.layer45.gpu_expert_compute,gpu_expert,GPU_COMPUTE,step1.layer45.gpu_weight_load;step1.layer45.dispatch,9009.259217408,3.268435456,9012.527652864,step1.layer45.gpu_weight_load,grouped expert GEMM
1,45,step1.layer45.pim_gwrite,pim_write,GPU_PIM_IO,step1.layer45.scheduler;step1.layer45.dispatch,8951.456465408,0.000000000,8951.456465408,step1.layer45.scheduler,PIM_GWRITE token operands
1,45,step1.layer45.pim_expert_compute,pim_expert,PIM_COMPUTE,step1.layer45.pim_gwrite,8951.456465408,0.000000000,8951.456465408,step1.layer45.pim_gwrite,serialized PIM expert GEMV
1,45,step1.layer45.pim_read,pim_read,GPU_PIM_IO,step1.layer45.pim_expert_compute,8951.456465408,0.000000000,8951.456465408,step1.layer45.pim_gwrite,PIM expert result read
1,45,step1.layer45.combine,combine,GPU_COMPUTE,step1.layer45.gpu_expert_compute;step1.layer45.pim_read,9012.527652864,1.036864000,9013.564516864,step1.layer45.gpu_expert_compute,weighted expert combine
1,45,step1.layer45.residual2,residual,GPU_COMPUTE,step1.layer45.combine,9013.564516864,1.012288000,9014.576804864,step1.layer45.combine,residual add
1,46,step1.layer46.norm1,norm,GPU_COMPUTE,step1.layer45.residual2,9014.576804864,1.008192000,9015.584996864,step1.layer45.residual2,RMSNorm
1,46,step1.layer46.qkv,qkv,GPU_COMPUTE,step1.layer46.norm1,9015.584996864,3.635776000,9019.220772864,step1.layer46.norm1,QKV projection
1,46,step1.layer46.rope,rope,GPU_COMPUTE,step1.layer46.qkv,9019.220772864,1.018432000,9020.239204864,step1.layer46.qkv,QK norm and RoPE
1,46,step1.layer46.attention,attention,PIM_COMPUTE,step1.layer46.rope,9020.239204864,18.929664000,9039.168868864,step1.layer46.rope,decode attention from Ramulator cycle-v0 table
1,46,step1.layer46.o_proj,attention_output,GPU_COMPUTE,step1.layer46.attention,9039.168868864,3.109440000,9042.278308864,step1.layer46.attention,attention output projection
1,46,step1.layer46.residual1,residual,GPU_COMPUTE,step1.layer46.o_proj,9042.278308864,1.012288000,9043.290596864,step1.layer46.o_proj,residual add
1,46,step1.layer46.norm2,norm,GPU_COMPUTE,step1.layer46.residual1,9043.290596864,1.008192000,9044.298788864,step1.layer46.residual1,RMSNorm
1,46,step1.layer46.router,router,GPU_COMPUTE,step1.layer46.norm2,9044.298788864,2.069888000,9046.368676864,step1.layer46.norm2,MoE router
1,46,step1.layer46.metadata,metadata,GPU_COMPUTE,step1.layer46.router,9046.368676864,1.000128000,9047.368804864,step1.layer46.router,routing metadata
1,46,step1.layer46.dispatch,dispatch,,step1.layer46.metadata,9047.368804864,0.000000000,9047.368804864,step1.layer46.metadata,single-GPU dispatch placeholder
1,46,step1.layer46.scheduler,scheduler,GPU_COMPUTE,step1.layer46.metadata,9047.368804864,0.000000000,9047.368804864,step1.layer46.metadata,noexp placement policy
1,46,step1.layer46.gpu_weight_load,gpu_weight_load,HBM_MEM_PATH,step1.layer46.scheduler,9047.368804864,57.802752000,9105.171556864,step1.layer46.scheduler,expert weights HBM to GPU
1,46,step1.layer46.gpu_expert_compute,gpu_expert,GPU_COMPUTE,step1.layer46.gpu_weight_load;step1.layer46.dispatch,9105.171556864,3.268435456,9108.439992320,step1.layer46.gpu_weight_load,grouped expert GEMM
1,46,step1.layer46.pim_gwrite,pim_write,GPU_PIM_IO,step1.layer46.scheduler;step1.layer46.dispatch,9047.368804864,0.000000000,9047.368804864,step1.layer46.scheduler,PIM_GWRITE token operands
1,46,step1.layer46.pim_expert_compute,pim_expert,PIM_COMPUTE,step1.layer46.pim_gwrite,9047.368804864,0.000000000,9047.368804864,step1.layer46.pim_gwrite,serialized PIM expert GEMV
1,46,step1.layer46.pim_read,pim_read,GPU_PIM_IO,step1.layer46.pim_expert_compute,9047.368804864,0.000000000,9047.368804864,step1.layer46.pim_gwrite,PIM expert result read
1,46,step1.layer46.combine,combine,GPU_COMPUTE,step1.layer46.gpu_expert_compute;step1.layer46.pim_read,9108.439992320,1.036864000,9109.476856320,step1.layer46.gpu_expert_compute,weighted expert combine
1,46,step1.layer46.residual2,residual,GPU_COMPUTE,step1.layer46.combine,9109.476856320,1.012288000,9110.489144320,step1.layer46.combine,residual add
1,47,step1.layer47.norm1,norm,GPU_COMPUTE,step1.layer46.residual2,9110.489144320,1.008192000,9111.497336320,step1.layer46.residual2,RMSNorm
1,47,step1.layer47.qkv,qkv,GPU_COMPUTE,step1.layer47.norm1,9111.497336320,3.635776000,9115.133112320,step1.layer47.norm1,QKV projection
1,47,step1.layer47.rope,rope,GPU_COMPUTE,step1.layer47.qkv,9115.133112320,1.018432000,9116.151544320,step1.layer47.qkv,QK norm and RoPE
1,47,step1.layer47.attention,attention,PIM_COMPUTE,step1.layer47.rope,9116.151544320,18.929664000,9135.081208320,step1.layer47.rope,decode attention from Ramulator cycle-v0 table
1,47,step1.layer47.o_proj,attention_output,GPU_COMPUTE,step1.layer47.attention,9135.081208320,3.109440000,9138.190648320,step1.layer47.attention,attention output projection
1,47,step1.layer47.residual1,residual,GPU_COMPUTE,step1.layer47.o_proj,9138.190648320,1.012288000,9139.202936320,step1.layer47.o_proj,residual add
1,47,step1.layer47.norm2,norm,GPU_COMPUTE,step1.layer47.residual1,9139.202936320,1.008192000,9140.211128320,step1.layer47.residual1,RMSNorm
1,47,step1.layer47.router,router,GPU_COMPUTE,step1.layer47.norm2,9140.211128320,2.069888000,9142.281016320,step1.layer47.norm2,MoE router
1,47,step1.layer47.metadata,metadata,GPU_COMPUTE,step1.layer47.router,9142.281016320,1.000128000,9143.281144320,step1.layer47.router,routing metadata
1,47,step1.layer47.dispatch,dispatch,,step1.layer47.metadata,9143.281144320,0.000000000,9143.281144320,step1.layer47.metadata,single-GPU dispatch placeholder
1,47,step1.layer47.scheduler,scheduler,GPU_COMPUTE,step1.layer47.metadata,9143.281144320,0.000000000,9143.281144320,step1.layer47.metadata,noexp placement policy
1,47,step1.layer47.gpu_weight_load,gpu_weight_load,HBM_MEM_PATH,step1.layer47.scheduler,9143.281144320,57.802752000,9201.083896320,step1.layer47.scheduler,expert weights HBM to GPU
1,47,step1.layer47.gpu_expert_compute,gpu_expert,GPU_COMPUTE,step1.layer47.gpu_weight_load;step1.layer47.dispatch,9201.083896320,3.268435456,9204.352331776,step1.layer47.gpu_weight_load,grouped expert GEMM
1,47,step1.layer47.pim_gwrite,pim_write,GPU_PIM_IO,step1.layer47.scheduler;step1.layer47.dispatch,9143.281144320,0.000000000,9143.281144320,step1.layer47.scheduler,PIM_GWRITE token operands
1,47,step1.layer47.pim_expert_compute,pim_expert,PIM_COMPUTE,step1.layer47.pim_gwrite,9143.281144320,0.000000000,9143.281144320,step1.layer47.pim_gwrite,serialized PIM expert GEMV
1,47,step1.layer47.pim_read,pim_read,GPU_PIM_IO,step1.layer47.pim_expert_compute,9143.281144320,0.000000000,9143.281144320,step1.layer47.pim_gwrite,PIM expert result read
1,47,step1.layer47.combine,combine,GPU_COMPUTE,step1.layer47.gpu_expert_compute;step1.layer47.pim_read,9204.352331776,1.036864000,9205.389195776,step1.layer47.gpu_expert_compute,weighted expert combine
1,47,step1.layer47.residual2,residual,GPU_COMPUTE,step1.layer47.combine,9205.389195776,1.012288000,9206.401483776,step1.layer47.combine,residual add
