step,layer,name,category,resources,dependencies,start_us,duration_us,end_us,blocking_event,description
0,0,step0.layer0.norm1,norm,GPU_COMPUTE,,0.000000000,1.008192000,1.008192000,,RMSNorm
0,0,step0.layer0.qkv,qkv,GPU_COMPUTE,step0.layer0.norm1,1.008192000,3.635776000,4.643968000,step0.layer0.norm1,QKV projection
0,0,step0.layer0.rope,rope,GPU_COMPUTE,step0.layer0.qkv,4.643968000,1.018432000,5.662400000,step0.layer0.qkv,QK norm and RoPE
0,0,step0.layer0.attention,attention,PIM_COMPUTE,step0.layer0.rope,5.662400000,18.905016000,24.567416000,step0.layer0.rope,decode attention from Ramulator cycle-v0 table
0,0,step0.layer0.o_proj,attention_output,GPU_COMPUTE,step0.layer0.attention,24.567416000,3.109440000,27.676856000,step0.layer0.attention,attention output projection
0,0,step0.layer0.residual1,residual,GPU_COMPUTE,step0.layer0.o_proj,27.676856000,1.012288000,28.689144000,step0.layer0.o_proj,residual add
0,0,step0.layer0.norm2,norm,GPU_COMPUTE,step0.layer0.residual1,28.689144000,1.008192000,29.697336000,step0.layer0.residual1,RMSNorm
0,0,step0.layer0.router,router,GPU_COMPUTE,step0.layer0.norm2,29.697336000,2.069888000,31.767224000,step0.layer0.norm2,MoE router
0,0,step0.layer0.metadata,metadata,GPU_COMPUTE,step0.layer0.router,31.767224000,1.000128000,32.767352000,step0.layer0.router,routing metadata
0,0,step0.layer0.dispatch,dispatch,,step0.layer0.metadata,32.767352000,0.000000000,32.767352000,step0.layer0.metadata,single-GPU dispatch placeholder
0,0,step0.layer0.scheduler,scheduler,GPU_COMPUTE,step0.layer0.metadata,32.767352000,0.000000000,32.767352000,step0.layer0.metadata,pimoe placement policy
0,0,step0.layer0.gpu_weight_load,gpu_weight_load,HBM_MEM_PATH,step0.layer0.scheduler,32.767352000,2.359296000,35.126648000,step0.layer0.scheduler,expert weights HBM to GPU
0,0,step0.layer0.gpu_expert_compute,gpu_expert,GPU_COMPUTE,step0.layer0.gpu_weight_load;step0.layer0.dispatch,35.126648000,3.054525952,38.181173952,step0.layer0.gpu_weight_load,grouped expert GEMM
0,0,step0.layer0.pim_gwrite,pim_write,GPU_PIM_IO,step0.layer0.scheduler;step0.layer0.dispatch,32.767352000,6.685224000,39.452576000,step0.layer0.scheduler,PIM_GWRITE from Ramulator cycle-v0 table
0,0,step0.layer0.pim_expert_compute,pim_expert,PIM_COMPUTE,step0.layer0.pim_gwrite,39.452576000,60.162648000,99.615224000,step0.layer0.pim_gwrite,expert GEMV from Ramulator cycle-v0 table
0,0,step0.layer0.pim_read,pim_read,GPU_PIM_IO,step0.layer0.pim_expert_compute,99.615224000,0.039936000,99.655160000,step0.layer0.pim_expert_compute,PIM result read from Ramulator cycle-v0 table
0,0,step0.layer0.combine,combine,GPU_COMPUTE,step0.layer0.gpu_expert_compute;step0.layer0.pim_read,99.655160000,1.036864000,100.692024000,step0.layer0.pim_read,weighted expert combine
0,0,step0.layer0.residual2,residual,GPU_COMPUTE,step0.layer0.combine,100.692024000,1.012288000,101.704312000,step0.layer0.combine,residual add
0,1,step0.layer1.norm1,norm,GPU_COMPUTE,step0.layer0.residual2,101.704312000,1.008192000,102.712504000,step0.layer0.residual2,RMSNorm
0,1,step0.layer1.qkv,qkv,GPU_COMPUTE,step0.layer1.norm1,102.712504000,3.635776000,106.348280000,step0.layer1.norm1,QKV projection
0,1,step0.layer1.rope,rope,GPU_COMPUTE,step0.layer1.qkv,106.348280000,1.018432000,107.366712000,step0.layer1.qkv,QK norm and RoPE
0,1,step0.layer1.attention,attention,PIM_COMPUTE,step0.layer1.rope,107.366712000,18.905016000,126.271728000,step0.layer1.rope,decode attention from Ramulator cycle-v0 table
0,1,step0.layer1.o_proj,attention_output,GPU_COMPUTE,step0.layer1.attention,126.271728000,3.109440000,129.381168000,step0.layer1.attention,attention output projection
0,1,step0.layer1.residual1,residual,GPU_COMPUTE,step0.layer1.o_proj,129.381168000,1.012288000,130.393456000,step0.layer1.o_proj,residual add
0,1,step0.layer1.norm2,norm,GPU_COMPUTE,step0.layer1.residual1,130.393456000,1.008192000,131.401648000,step0.layer1.residual1,RMSNorm
0,1,step0.layer1.router,router,GPU_COMPUTE,step0.layer1.norm2,131.401648000,2.069888000,133.471536000,step0.layer1.norm2,MoE router
0,1,step0.layer1.metadata,metadata,GPU_COMPUTE,step0.layer1.router,133.471536000,1.000128000,134.471664000,step0.layer1.router,routing metadata
0,1,step0.layer1.dispatch,dispatch,,step0.layer1.metadata,134.471664000,0.000000000,134.471664000,step0.layer1.metadata,single-GPU dispatch placeholder
0,1,step0.layer1.scheduler,scheduler,GPU_COMPUTE,step0.layer1.metadata,134.471664000,0.000000000,134.471664000,step0.layer1.metadata,pimoe placement policy
0,1,step0.layer1.gpu_weight_load,gpu_weight_load,HBM_MEM_PATH,step0.layer1.scheduler,134.471664000,2.359296000,136.830960000,step0.layer1.scheduler,expert weights HBM to GPU
0,1,step0.layer1.gpu_expert_compute,gpu_expert,GPU_COMPUTE,step0.layer1.gpu_weight_load;step0.layer1.dispatch,136.830960000,3.054525952,139.885485952,step0.layer1.gpu_weight_load,grouped expert GEMM
0,1,step0.layer1.pim_gwrite,pim_write,GPU_PIM_IO,step0.layer1.scheduler;step0.layer1.dispatch,134.471664000,6.685224000,141.156888000,step0.layer1.scheduler,PIM_GWRITE from Ramulator cycle-v0 table
0,1,step0.layer1.pim_expert_compute,pim_expert,PIM_COMPUTE,step0.layer1.pim_gwrite,141.156888000,60.162648000,201.319536000,step0.layer1.pim_gwrite,expert GEMV from Ramulator cycle-v0 table
0,1,step0.layer1.pim_read,pim_read,GPU_PIM_IO,step0.layer1.pim_expert_compute,201.319536000,0.039936000,201.359472000,step0.layer1.pim_expert_compute,PIM result read from Ramulator cycle-v0 table
0,1,step0.layer1.combine,combine,GPU_COMPUTE,step0.layer1.gpu_expert_compute;step0.layer1.pim_read,201.359472000,1.036864000,202.396336000,step0.layer1.pim_read,weighted expert combine
0,1,step0.layer1.residual2,residual,GPU_COMPUTE,step0.layer1.combine,202.396336000,1.012288000,203.408624000,step0.layer1.combine,residual add
0,2,step0.layer2.norm1,norm,GPU_COMPUTE,step0.layer1.residual2,203.408624000,1.008192000,204.416816000,step0.layer1.residual2,RMSNorm
0,2,step0.layer2.qkv,qkv,GPU_COMPUTE,step0.layer2.norm1,204.416816000,3.635776000,208.052592000,step0.layer2.norm1,QKV projection
0,2,step0.layer2.rope,rope,GPU_COMPUTE,step0.layer2.qkv,208.052592000,1.018432000,209.071024000,step0.layer2.qkv,QK norm and RoPE
0,2,step0.layer2.attention,attention,PIM_COMPUTE,step0.layer2.rope,209.071024000,18.905016000,227.976040000,step0.layer2.rope,decode attention from Ramulator cycle-v0 table
0,2,step0.layer2.o_proj,attention_output,GPU_COMPUTE,step0.layer2.attention,227.976040000,3.109440000,231.085480000,step0.layer2.attention,attention output projection
0,2,step0.layer2.residual1,residual,GPU_COMPUTE,step0.layer2.o_proj,231.085480000,1.012288000,232.097768000,step0.layer2.o_proj,residual add
0,2,step0.layer2.norm2,norm,GPU_COMPUTE,step0.layer2.residual1,232.097768000,1.008192000,233.105960000,step0.layer2.residual1,RMSNorm
0,2,step0.layer2.router,router,GPU_COMPUTE,step0.layer2.norm2,233.105960000,2.069888000,235.175848000,step0.layer2.norm2,MoE router
0,2,step0.layer2.metadata,metadata,GPU_COMPUTE,step0.layer2.router,235.175848000,1.000128000,236.175976000,step0.layer2.router,routing metadata
0,2,step0.layer2.dispatch,dispatch,,step0.layer2.metadata,236.175976000,0.000000000,236.175976000,step0.layer2.metadata,single-GPU dispatch placeholder
0,2,step0.layer2.scheduler,scheduler,GPU_COMPUTE,step0.layer2.metadata,236.175976000,0.000000000,236.175976000,step0.layer2.metadata,pimoe placement policy
0,2,step0.layer2.gpu_weight_load,gpu_weight_load,HBM_MEM_PATH,step0.layer2.scheduler,236.175976000,2.359296000,238.535272000,step0.layer2.scheduler,expert weights HBM to GPU
0,2,step0.layer2.gpu_expert_compute,gpu_expert,GPU_COMPUTE,step0.layer2.gpu_weight_load;step0.layer2.dispatch,238.535272000,3.054525952,241.589797952,step0.layer2.gpu_weight_load,grouped expert GEMM
0,2,step0.layer2.pim_gwrite,pim_write,GPU_PIM_IO,step0.layer2.scheduler;step0.layer2.dispatch,236.175976000,6.685224000,242.861200000,step0.layer2.scheduler,PIM_GWRITE from Ramulator cycle-v0 table
0,2,step0.layer2.pim_expert_compute,pim_expert,PIM_COMPUTE,step0.layer2.pim_gwrite,242.861200000,60.162648000,303.023848000,step0.layer2.pim_gwrite,expert GEMV from Ramulator cycle-v0 table
0,2,step0.layer2.pim_read,pim_read,GPU_PIM_IO,step0.layer2.pim_expert_compute,303.023848000,0.039936000,303.063784000,step0.layer2.pim_expert_compute,PIM result read from Ramulator cycle-v0 table
0,2,step0.layer2.combine,combine,GPU_COMPUTE,step0.layer2.gpu_expert_compute;step0.layer2.pim_read,303.063784000,1.036864000,304.100648000,step0.layer2.pim_read,weighted expert combine
0,2,step0.layer2.residual2,residual,GPU_COMPUTE,step0.layer2.combine,304.100648000,1.012288000,305.112936000,step0.layer2.combine,residual add
0,3,step0.layer3.norm1,norm,GPU_COMPUTE,step0.layer2.residual2,305.112936000,1.008192000,306.121128000,step0.layer2.residual2,RMSNorm
0,3,step0.layer3.qkv,qkv,GPU_COMPUTE,step0.layer3.norm1,306.121128000,3.635776000,309.756904000,step0.layer3.norm1,QKV projection
0,3,step0.layer3.rope,rope,GPU_COMPUTE,step0.layer3.qkv,309.756904000,1.018432000,310.775336000,step0.layer3.qkv,QK norm and RoPE
0,3,step0.layer3.attention,attention,PIM_COMPUTE,step0.layer3.rope,310.775336000,18.905016000,329.680352000,step0.layer3.rope,decode attention from Ramulator cycle-v0 table
0,3,step0.layer3.o_proj,attention_output,GPU_COMPUTE,step0.layer3.attention,329.680352000,3.109440000,332.789792000,step0.layer3.attention,attention output projection
0,3,step0.layer3.residual1,residual,GPU_COMPUTE,step0.layer3.o_proj,332.789792000,1.012288000,333.802080000,step0.layer3.o_proj,residual add
0,3,step0.layer3.norm2,norm,GPU_COMPUTE,step0.layer3.residual1,333.802080000,1.008192000,334.810272000,step0.layer3.residual1,RMSNorm
0,3,step0.layer3.router,router,GPU_COMPUTE,step0.layer3.norm2,334.810272000,2.069888000,336.880160000,step0.layer3.norm2,MoE router
0,3,step0.layer3.metadata,metadata,GPU_COMPUTE,step0.layer3.router,336.880160000,1.000128000,337.880288000,step0.layer3.router,routing metadata
0,3,step0.layer3.dispatch,dispatch,,step0.layer3.metadata,337.880288000,0.000000000,337.880288000,step0.layer3.metadata,single-GPU dispatch placeholder
0,3,step0.layer3.scheduler,scheduler,GPU_COMPUTE,step0.layer3.metadata,337.880288000,0.000000000,337.880288000,step0.layer3.metadata,pimoe placement policy
0,3,step0.layer3.gpu_weight_load,gpu_weight_load,HBM_MEM_PATH,step0.layer3.scheduler,337.880288000,2.359296000,340.239584000,step0.layer3.scheduler,expert weights HBM to GPU
0,3,step0.layer3.gpu_expert_compute,gpu_expert,GPU_COMPUTE,step0.layer3.gpu_weight_load;step0.layer3.dispatch,340.239584000,3.054525952,343.294109952,step0.layer3.gpu_weight_load,grouped expert GEMM
0,3,step0.layer3.pim_gwrite,pim_write,GPU_PIM_IO,step0.layer3.scheduler;step0.layer3.dispatch,337.880288000,6.685224000,344.565512000,step0.layer3.scheduler,PIM_GWRITE from Ramulator cycle-v0 table
0,3,step0.layer3.pim_expert_compute,pim_expert,PIM_COMPUTE,step0.layer3.pim_gwrite,344.565512000,60.162648000,404.728160000,step0.layer3.pim_gwrite,expert GEMV from Ramulator cycle-v0 table
0,3,step0.layer3.pim_read,pim_read,GPU_PIM_IO,step0.layer3.pim_expert_compute,404.728160000,0.039936000,404.768096000,step0.layer3.pim_expert_compute,PIM result read from Ramulator cycle-v0 table
0,3,step0.layer3.combine,combine,GPU_COMPUTE,step0.layer3.gpu_expert_compute;step0.layer3.pim_read,404.768096000,1.036864000,405.804960000,step0.layer3.pim_read,weighted expert combine
0,3,step0.layer3.residual2,residual,GPU_COMPUTE,step0.layer3.combine,405.804960000,1.012288000,406.817248000,step0.layer3.combine,residual add
0,4,step0.layer4.norm1,norm,GPU_COMPUTE,step0.layer3.residual2,406.817248000,1.008192000,407.825440000,step0.layer3.residual2,RMSNorm
0,4,step0.layer4.qkv,qkv,GPU_COMPUTE,step0.layer4.norm1,407.825440000,3.635776000,411.461216000,step0.layer4.norm1,QKV projection
0,4,step0.layer4.rope,rope,GPU_COMPUTE,step0.layer4.qkv,411.461216000,1.018432000,412.479648000,step0.layer4.qkv,QK norm and RoPE
0,4,step0.layer4.attention,attention,PIM_COMPUTE,step0.layer4.rope,412.479648000,18.905016000,431.384664000,step0.layer4.rope,decode attention from Ramulator cycle-v0 table
0,4,step0.layer4.o_proj,attention_output,GPU_COMPUTE,step0.layer4.attention,431.384664000,3.109440000,434.494104000,step0.layer4.attention,attention output projection
0,4,step0.layer4.residual1,residual,GPU_COMPUTE,step0.layer4.o_proj,434.494104000,1.012288000,435.506392000,step0.layer4.o_proj,residual add
0,4,step0.layer4.norm2,norm,GPU_COMPUTE,step0.layer4.residual1,435.506392000,1.008192000,436.514584000,step0.layer4.residual1,RMSNorm
0,4,step0.layer4.router,router,GPU_COMPUTE,step0.layer4.norm2,436.514584000,2.069888000,438.584472000,step0.layer4.norm2,MoE router
0,4,step0.layer4.metadata,metadata,GPU_COMPUTE,step0.layer4.router,438.584472000,1.000128000,439.584600000,step0.layer4.router,routing metadata
0,4,step0.layer4.dispatch,dispatch,,step0.layer4.metadata,439.584600000,0.000000000,439.584600000,step0.layer4.metadata,single-GPU dispatch placeholder
0,4,step0.layer4.scheduler,scheduler,GPU_COMPUTE,step0.layer4.metadata,439.584600000,0.000000000,439.584600000,step0.layer4.metadata,pimoe placement policy
0,4,step0.layer4.gpu_weight_load,gpu_weight_load,HBM_MEM_PATH,step0.layer4.scheduler,439.584600000,2.359296000,441.943896000,step0.layer4.scheduler,expert weights HBM to GPU
0,4,step0.layer4.gpu_expert_compute,gpu_expert,GPU_COMPUTE,step0.layer4.gpu_weight_load;step0.layer4.dispatch,441.943896000,3.054525952,444.998421952,step0.layer4.gpu_weight_load,grouped expert GEMM
0,4,step0.layer4.pim_gwrite,pim_write,GPU_PIM_IO,step0.layer4.scheduler;step0.layer4.dispatch,439.584600000,6.685224000,446.269824000,step0.layer4.scheduler,PIM_GWRITE from Ramulator cycle-v0 table
0,4,step0.layer4.pim_expert_compute,pim_expert,PIM_COMPUTE,step0.layer4.pim_gwrite,446.269824000,60.162648000,506.432472000,step0.layer4.pim_gwrite,expert GEMV from Ramulator cycle-v0 table
0,4,step0.layer4.pim_read,pim_read,GPU_PIM_IO,step0.layer4.pim_expert_compute,506.432472000,0.039936000,506.472408000,step0.layer4.pim_expert_compute,PIM result read from Ramulator cycle-v0 table
0,4,step0.layer4.combine,combine,GPU_COMPUTE,step0.layer4.gpu_expert_compute;step0.layer4.pim_read,506.472408000,1.036864000,507.509272000,step0.layer4.pim_read,weighted expert combine
0,4,step0.layer4.residual2,residual,GPU_COMPUTE,step0.layer4.combine,507.509272000,1.012288000,508.521560000,step0.layer4.combine,residual add
0,5,step0.layer5.norm1,norm,GPU_COMPUTE,step0.layer4.residual2,508.521560000,1.008192000,509.529752000,step0.layer4.residual2,RMSNorm
0,5,step0.layer5.qkv,qkv,GPU_COMPUTE,step0.layer5.norm1,509.529752000,3.635776000,513.165528000,step0.layer5.norm1,QKV projection
0,5,step0.layer5.rope,rope,GPU_COMPUTE,step0.layer5.qkv,513.165528000,1.018432000,514.183960000,step0.layer5.qkv,QK norm and RoPE
0,5,step0.layer5.attention,attention,PIM_COMPUTE,step0.layer5.rope,514.183960000,18.905016000,533.088976000,step0.layer5.rope,decode attention from Ramulator cycle-v0 table
0,5,step0.layer5.o_proj,attention_output,GPU_COMPUTE,step0.layer5.attention,533.088976000,3.109440000,536.198416000,step0.layer5.attention,attention output projection
0,5,step0.layer5.residual1,residual,GPU_COMPUTE,step0.layer5.o_proj,536.198416000,1.012288000,537.210704000,step0.layer5.o_proj,residual add
0,5,step0.layer5.norm2,norm,GPU_COMPUTE,step0.layer5.residual1,537.210704000,1.008192000,538.218896000,step0.layer5.residual1,RMSNorm
0,5,step0.layer5.router,router,GPU_COMPUTE,step0.layer5.norm2,538.218896000,2.069888000,540.288784000,step0.layer5.norm2,MoE router
0,5,step0.layer5.metadata,metadata,GPU_COMPUTE,step0.layer5.router,540.288784000,1.000128000,541.288912000,step0.layer5.router,routing metadata
0,5,step0.layer5.dispatch,dispatch,,step0.layer5.metadata,541.288912000,0.000000000,541.288912000,step0.layer5.metadata,single-GPU dispatch placeholder
0,5,step0.layer5.scheduler,scheduler,GPU_COMPUTE,step0.layer5.metadata,541.288912000,0.000000000,541.288912000,step0.layer5.metadata,pimoe placement policy
0,5,step0.layer5.gpu_weight_load,gpu_weight_load,HBM_MEM_PATH,step0.layer5.scheduler,541.288912000,2.359296000,543.648208000,step0.layer5.scheduler,expert weights HBM to GPU
0,5,step0.layer5.gpu_expert_compute,gpu_expert,GPU_COMPUTE,step0.layer5.gpu_weight_load;step0.layer5.dispatch,543.648208000,3.054525952,546.702733952,step0.layer5.gpu_weight_load,grouped expert GEMM
0,5,step0.layer5.pim_gwrite,pim_write,GPU_PIM_IO,step0.layer5.scheduler;step0.layer5.dispatch,541.288912000,6.685224000,547.974136000,step0.layer5.scheduler,PIM_GWRITE from Ramulator cycle-v0 table
0,5,step0.layer5.pim_expert_compute,pim_expert,PIM_COMPUTE,step0.layer5.pim_gwrite,547.974136000,60.162648000,608.136784000,step0.layer5.pim_gwrite,expert GEMV from Ramulator cycle-v0 table
0,5,step0.layer5.pim_read,pim_read,GPU_PIM_IO,step0.layer5.pim_expert_compute,608.136784000,0.039936000,608.176720000,step0.layer5.pim_expert_compute,PIM result read from Ramulator cycle-v0 table
0,5,step0.layer5.combine,combine,GPU_COMPUTE,step0.layer5.gpu_expert_compute;step0.layer5.pim_read,608.176720000,1.036864000,609.213584000,step0.layer5.pim_read,weighted expert combine
0,5,step0.layer5.residual2,residual,GPU_COMPUTE,step0.layer5.combine,609.213584000,1.012288000,610.225872000,step0.layer5.combine,residual add
0,6,step0.layer6.norm1,norm,GPU_COMPUTE,step0.layer5.residual2,610.225872000,1.008192000,611.234064000,step0.layer5.residual2,RMSNorm
0,6,step0.layer6.qkv,qkv,GPU_COMPUTE,step0.layer6.norm1,611.234064000,3.635776000,614.869840000,step0.layer6.norm1,QKV projection
0,6,step0.layer6.rope,rope,GPU_COMPUTE,step0.layer6.qkv,614.869840000,1.018432000,615.888272000,step0.layer6.qkv,QK norm and RoPE
0,6,step0.layer6.attention,attention,PIM_COMPUTE,step0.layer6.rope,615.888272000,18.905016000,634.793288000,step0.layer6.rope,decode attention from Ramulator cycle-v0 table
0,6,step0.layer6.o_proj,attention_output,GPU_COMPUTE,step0.layer6.attention,634.793288000,3.109440000,637.902728000,step0.layer6.attention,attention output projection
0,6,step0.layer6.residual1,residual,GPU_COMPUTE,step0.layer6.o_proj,637.902728000,1.012288000,638.915016000,step0.layer6.o_proj,residual add
0,6,step0.layer6.norm2,norm,GPU_COMPUTE,step0.layer6.residual1,638.915016000,1.008192000,639.923208000,step0.layer6.residual1,RMSNorm
0,6,step0.layer6.router,router,GPU_COMPUTE,step0.layer6.norm2,639.923208000,2.069888000,641.993096000,step0.layer6.norm2,MoE router
0,6,step0.layer6.metadata,metadata,GPU_COMPUTE,step0.layer6.router,641.993096000,1.000128000,642.993224000,step0.layer6.router,routing metadata
0,6,step0.layer6.dispatch,dispatch,,step0.layer6.metadata,642.993224000,0.000000000,642.993224000,step0.layer6.metadata,single-GPU dispatch placeholder
0,6,step0.layer6.scheduler,scheduler,GPU_COMPUTE,step0.layer6.metadata,642.993224000,0.000000000,642.993224000,step0.layer6.metadata,pimoe placement policy
0,6,step0.layer6.gpu_weight_load,gpu_weight_load,HBM_MEM_PATH,step0.layer6.scheduler,642.993224000,2.359296000,645.352520000,step0.layer6.scheduler,expert weights HBM to GPU
0,6,step0.layer6.gpu_expert_compute,gpu_expert,GPU_COMPUTE,step0.layer6.gpu_weight_load;step0.layer6.dispatch,645.352520000,3.054525952,648.407045952,step0.layer6.gpu_weight_load,grouped expert GEMM
0,6,step0.layer6.pim_gwrite,pim_write,GPU_PIM_IO,step0.layer6.scheduler;step0.layer6.dispatch,642.993224000,6.685224000,649.678448000,step0.layer6.scheduler,PIM_GWRITE from Ramulator cycle-v0 table
0,6,step0.layer6.pim_expert_compute,pim_expert,PIM_COMPUTE,step0.layer6.pim_gwrite,649.678448000,60.162648000,709.841096000,step0.layer6.pim_gwrite,expert GEMV from Ramulator cycle-v0 table
0,6,step0.layer6.pim_read,pim_read,GPU_PIM_IO,step0.layer6.pim_expert_compute,709.841096000,0.039936000,709.881032000,step0.layer6.pim_expert_compute,PIM result read from Ramulator cycle-v0 table
0,6,step0.layer6.combine,combine,GPU_COMPUTE,step0.layer6.gpu_expert_compute;step0.layer6.pim_read,709.881032000,1.036864000,710.917896000,step0.layer6.pim_read,weighted expert combine
0,6,step0.layer6.residual2,residual,GPU_COMPUTE,step0.layer6.combine,710.917896000,1.012288000,711.930184000,step0.layer6.combine,residual add
0,7,step0.layer7.norm1,norm,GPU_COMPUTE,step0.layer6.residual2,711.930184000,1.008192000,712.938376000,step0.layer6.residual2,RMSNorm
0,7,step0.layer7.qkv,qkv,GPU_COMPUTE,step0.layer7.norm1,712.938376000,3.635776000,716.574152000,step0.layer7.norm1,QKV projection
0,7,step0.layer7.rope,rope,GPU_COMPUTE,step0.layer7.qkv,716.574152000,1.018432000,717.592584000,step0.layer7.qkv,QK norm and RoPE
0,7,step0.layer7.attention,attention,PIM_COMPUTE,step0.layer7.rope,717.592584000,18.905016000,736.497600000,step0.layer7.rope,decode attention from Ramulator cycle-v0 table
0,7,step0.layer7.o_proj,attention_output,GPU_COMPUTE,step0.layer7.attention,736.497600000,3.109440000,739.607040000,step0.layer7.attention,attention output projection
0,7,step0.layer7.residual1,residual,GPU_COMPUTE,step0.layer7.o_proj,739.607040000,1.012288000,740.619328000,step0.layer7.o_proj,residual add
0,7,step0.layer7.norm2,norm,GPU_COMPUTE,step0.layer7.residual1,740.619328000,1.008192000,741.627520000,step0.layer7.residual1,RMSNorm
0,7,step0.layer7.router,router,GPU_COMPUTE,step0.layer7.norm2,741.627520000,2.069888000,743.697408000,step0.layer7.norm2,MoE router
0,7,step0.layer7.metadata,metadata,GPU_COMPUTE,step0.layer7.router,743.697408000,1.000128000,744.697536000,step0.layer7.router,routing metadata
0,7,step0.layer7.dispatch,dispatch,,step0.layer7.metadata,744.697536000,0.000000000,744.697536000,step0.layer7.metadata,single-GPU dispatch placeholder
0,7,step0.layer7.scheduler,scheduler,GPU_COMPUTE,step0.layer7.metadata,744.697536000,0.000000000,744.697536000,step0.layer7.metadata,pimoe placement policy
0,7,step0.layer7.gpu_weight_load,gpu_weight_load,HBM_MEM_PATH,step0.layer7.scheduler,744.697536000,2.359296000,747.056832000,step0.layer7.scheduler,expert weights HBM to GPU
0,7,step0.layer7.gpu_expert_compute,gpu_expert,GPU_COMPUTE,step0.layer7.gpu_weight_load;step0.layer7.dispatch,747.056832000,3.054525952,750.111357952,step0.layer7.gpu_weight_load,grouped expert GEMM
0,7,step0.layer7.pim_gwrite,pim_write,GPU_PIM_IO,step0.layer7.scheduler;step0.layer7.dispatch,744.697536000,6.685224000,751.382760000,step0.layer7.scheduler,PIM_GWRITE from Ramulator cycle-v0 table
0,7,step0.layer7.pim_expert_compute,pim_expert,PIM_COMPUTE,step0.layer7.pim_gwrite,751.382760000,60.162648000,811.545408000,step0.layer7.pim_gwrite,expert GEMV from Ramulator cycle-v0 table
0,7,step0.layer7.pim_read,pim_read,GPU_PIM_IO,step0.layer7.pim_expert_compute,811.545408000,0.039936000,811.585344000,step0.layer7.pim_expert_compute,PIM result read from Ramulator cycle-v0 table
0,7,step0.layer7.combine,combine,GPU_COMPUTE,step0.layer7.gpu_expert_compute;step0.layer7.pim_read,811.585344000,1.036864000,812.622208000,step0.layer7.pim_read,weighted expert combine
0,7,step0.layer7.residual2,residual,GPU_COMPUTE,step0.layer7.combine,812.622208000,1.012288000,813.634496000,step0.layer7.combine,residual add
0,8,step0.layer8.norm1,norm,GPU_COMPUTE,step0.layer7.residual2,813.634496000,1.008192000,814.642688000,step0.layer7.residual2,RMSNorm
0,8,step0.layer8.qkv,qkv,GPU_COMPUTE,step0.layer8.norm1,814.642688000,3.635776000,818.278464000,step0.layer8.norm1,QKV projection
0,8,step0.layer8.rope,rope,GPU_COMPUTE,step0.layer8.qkv,818.278464000,1.018432000,819.296896000,step0.layer8.qkv,QK norm and RoPE
0,8,step0.layer8.attention,attention,PIM_COMPUTE,step0.layer8.rope,819.296896000,18.905016000,838.201912000,step0.layer8.rope,decode attention from Ramulator cycle-v0 table
0,8,step0.layer8.o_proj,attention_output,GPU_COMPUTE,step0.layer8.attention,838.201912000,3.109440000,841.311352000,step0.layer8.attention,attention output projection
0,8,step0.layer8.residual1,residual,GPU_COMPUTE,step0.layer8.o_proj,841.311352000,1.012288000,842.323640000,step0.layer8.o_proj,residual add
0,8,step0.layer8.norm2,norm,GPU_COMPUTE,step0.layer8.residual1,842.323640000,1.008192000,843.331832000,step0.layer8.residual1,RMSNorm
0,8,step0.layer8.router,router,GPU_COMPUTE,step0.layer8.norm2,843.331832000,2.069888000,845.401720000,step0.layer8.norm2,MoE router
0,8,step0.layer8.metadata,metadata,GPU_COMPUTE,step0.layer8.router,845.401720000,1.000128000,846.401848000,step0.layer8.router,routing metadata
0,8,step0.layer8.dispatch,dispatch,,step0.layer8.metadata,846.401848000,0.000000000,846.401848000,step0.layer8.metadata,single-GPU dispatch placeholder
0,8,step0.layer8.scheduler,scheduler,GPU_COMPUTE,step0.layer8.metadata,846.401848000,0.000000000,846.401848000,step0.layer8.metadata,pimoe placement policy
0,8,step0.layer8.gpu_weight_load,gpu_weight_load,HBM_MEM_PATH,step0.layer8.scheduler,846.401848000,2.359296000,848.761144000,step0.layer8.scheduler,expert weights HBM to GPU
0,8,step0.layer8.gpu_expert_compute,gpu_expert,GPU_COMPUTE,step0.layer8.gpu_weight_load;step0.layer8.dispatch,848.761144000,3.054525952,851.815669952,step0.layer8.gpu_weight_load,grouped expert GEMM
0,8,step0.layer8.pim_gwrite,pim_write,GPU_PIM_IO,step0.layer8.scheduler;step0.layer8.dispatch,846.401848000,6.685224000,853.087072000,step0.layer8.scheduler,PIM_GWRITE from Ramulator cycle-v0 table
0,8,step0.layer8.pim_expert_compute,pim_expert,PIM_COMPUTE,step0.layer8.pim_gwrite,853.087072000,60.162648000,913.249720000,step0.layer8.pim_gwrite,expert GEMV from Ramulator cycle-v0 table
0,8,step0.layer8.pim_read,pim_read,GPU_PIM_IO,step0.layer8.pim_expert_compute,913.249720000,0.039936000,913.289656000,step0.layer8.pim_expert_compute,PIM result read from Ramulator cycle-v0 table
0,8,step0.layer8.combine,combine,GPU_COMPUTE,step0.layer8.gpu_expert_compute;step0.layer8.pim_read,913.289656000,1.036864000,914.326520000,step0.layer8.pim_read,weighted expert combine
0,8,step0.layer8.residual2,residual,GPU_COMPUTE,step0.layer8.combine,914.326520000,1.012288000,915.338808000,step0.layer8.combine,residual add
0,9,step0.layer9.norm1,norm,GPU_COMPUTE,step0.layer8.residual2,915.338808000,1.008192000,916.347000000,step0.layer8.residual2,RMSNorm
0,9,step0.layer9.qkv,qkv,GPU_COMPUTE,step0.layer9.norm1,916.347000000,3.635776000,919.982776000,step0.layer9.norm1,QKV projection
0,9,step0.layer9.rope,rope,GPU_COMPUTE,step0.layer9.qkv,919.982776000,1.018432000,921.001208000,step0.layer9.qkv,QK norm and RoPE
0,9,step0.layer9.attention,attention,PIM_COMPUTE,step0.layer9.rope,921.001208000,18.905016000,939.906224000,step0.layer9.rope,decode attention from Ramulator cycle-v0 table
0,9,step0.layer9.o_proj,attention_output,GPU_COMPUTE,step0.layer9.attention,939.906224000,3.109440000,943.015664000,step0.layer9.attention,attention output projection
0,9,step0.layer9.residual1,residual,GPU_COMPUTE,step0.layer9.o_proj,943.015664000,1.012288000,944.027952000,step0.layer9.o_proj,residual add
0,9,step0.layer9.norm2,norm,GPU_COMPUTE,step0.layer9.residual1,944.027952000,1.008192000,945.036144000,step0.layer9.residual1,RMSNorm
0,9,step0.layer9.router,router,GPU_COMPUTE,step0.layer9.norm2,945.036144000,2.069888000,947.106032000,step0.layer9.norm2,MoE router
0,9,step0.layer9.metadata,metadata,GPU_COMPUTE,step0.layer9.router,947.106032000,1.000128000,948.106160000,step0.layer9.router,routing metadata
0,9,step0.layer9.dispatch,dispatch,,step0.layer9.metadata,948.106160000,0.000000000,948.106160000,step0.layer9.metadata,single-GPU dispatch placeholder
0,9,step0.layer9.scheduler,scheduler,GPU_COMPUTE,step0.layer9.metadata,948.106160000,0.000000000,948.106160000,step0.layer9.metadata,pimoe placement policy
0,9,step0.layer9.gpu_weight_load,gpu_weight_load,HBM_MEM_PATH,step0.layer9.scheduler,948.106160000,2.359296000,950.465456000,step0.layer9.scheduler,expert weights HBM to GPU
0,9,step0.layer9.gpu_expert_compute,gpu_expert,GPU_COMPUTE,step0.layer9.gpu_weight_load;step0.layer9.dispatch,950.465456000,3.054525952,953.519981952,step0.layer9.gpu_weight_load,grouped expert GEMM
0,9,step0.layer9.pim_gwrite,pim_write,GPU_PIM_IO,step0.layer9.scheduler;step0.layer9.dispatch,948.106160000,6.685224000,954.791384000,step0.layer9.scheduler,PIM_GWRITE from Ramulator cycle-v0 table
0,9,step0.layer9.pim_expert_compute,pim_expert,PIM_COMPUTE,step0.layer9.pim_gwrite,954.791384000,60.162648000,1014.954032000,step0.layer9.pim_gwrite,expert GEMV from Ramulator cycle-v0 table
0,9,step0.layer9.pim_read,pim_read,GPU_PIM_IO,step0.layer9.pim_expert_compute,1014.954032000,0.039936000,1014.993968000,step0.layer9.pim_expert_compute,PIM result read from Ramulator cycle-v0 table
0,9,step0.layer9.combine,combine,GPU_COMPUTE,step0.layer9.gpu_expert_compute;step0.layer9.pim_read,1014.993968000,1.036864000,1016.030832000,step0.layer9.pim_read,weighted expert combine
0,9,step0.layer9.residual2,residual,GPU_COMPUTE,step0.layer9.combine,1016.030832000,1.012288000,1017.043120000,step0.layer9.combine,residual add
0,10,step0.layer10.norm1,norm,GPU_COMPUTE,step0.layer9.residual2,1017.043120000,1.008192000,1018.051312000,step0.layer9.residual2,RMSNorm
0,10,step0.layer10.qkv,qkv,GPU_COMPUTE,step0.layer10.norm1,1018.051312000,3.635776000,1021.687088000,step0.layer10.norm1,QKV projection
0,10,step0.layer10.rope,rope,GPU_COMPUTE,step0.layer10.qkv,1021.687088000,1.018432000,1022.705520000,step0.layer10.qkv,QK norm and RoPE
0,10,step0.layer10.attention,attention,PIM_COMPUTE,step0.layer10.rope,1022.705520000,18.905016000,1041.610536000,step0.layer10.rope,decode attention from Ramulator cycle-v0 table
0,10,step0.layer10.o_proj,attention_output,GPU_COMPUTE,step0.layer10.attention,1041.610536000,3.109440000,1044.719976000,step0.layer10.attention,attention output projection
0,10,step0.layer10.residual1,residual,GPU_COMPUTE,step0.layer10.o_proj,1044.719976000,1.012288000,1045.732264000,step0.layer10.o_proj,residual add
0,10,step0.layer10.norm2,norm,GPU_COMPUTE,step0.layer10.residual1,1045.732264000,1.008192000,1046.740456000,step0.layer10.residual1,RMSNorm
0,10,step0.layer10.router,router,GPU_COMPUTE,step0.layer10.norm2,1046.740456000,2.069888000,1048.810344000,step0.layer10.norm2,MoE router
0,10,step0.layer10.metadata,metadata,GPU_COMPUTE,step0.layer10.router,1048.810344000,1.000128000,1049.810472000,step0.layer10.router,routing metadata
0,10,step0.layer10.dispatch,dispatch,,step0.layer10.metadata,1049.810472000,0.000000000,1049.810472000,step0.layer10.metadata,single-GPU dispatch placeholder
0,10,step0.layer10.scheduler,scheduler,GPU_COMPUTE,step0.layer10.metadata,1049.810472000,0.000000000,1049.810472000,step0.layer10.metadata,pimoe placement policy
0,10,step0.layer10.gpu_weight_load,gpu_weight_load,HBM_MEM_PATH,step0.layer10.scheduler,1049.810472000,2.359296000,1052.169768000,step0.layer10.scheduler,expert weights HBM to GPU
0,10,step0.layer10.gpu_expert_compute,gpu_expert,GPU_COMPUTE,step0.layer10.gpu_weight_load;step0.layer10.dispatch,1052.169768000,3.054525952,1055.224293952,step0.layer10.gpu_weight_load,grouped expert GEMM
0,10,step0.layer10.pim_gwrite,pim_write,GPU_PIM_IO,step0.layer10.scheduler;step0.layer10.dispatch,1049.810472000,6.685224000,1056.495696000,step0.layer10.scheduler,PIM_GWRITE from Ramulator cycle-v0 table
0,10,step0.layer10.pim_expert_compute,pim_expert,PIM_COMPUTE,step0.layer10.pim_gwrite,1056.495696000,60.162648000,1116.658344000,step0.layer10.pim_gwrite,expert GEMV from Ramulator cycle-v0 table
0,10,step0.layer10.pim_read,pim_read,GPU_PIM_IO,step0.layer10.pim_expert_compute,1116.658344000,0.039936000,1116.698280000,step0.layer10.pim_expert_compute,PIM result read from Ramulator cycle-v0 table
0,10,step0.layer10.combine,combine,GPU_COMPUTE,step0.layer10.gpu_expert_compute;step0.layer10.pim_read,1116.698280000,1.036864000,1117.735144000,step0.layer10.pim_read,weighted expert combine
0,10,step0.layer10.residual2,residual,GPU_COMPUTE,step0.layer10.combine,1117.735144000,1.012288000,1118.747432000,step0.layer10.combine,residual add
0,11,step0.layer11.norm1,norm,GPU_COMPUTE,step0.layer10.residual2,1118.747432000,1.008192000,1119.755624000,step0.layer10.residual2,RMSNorm
0,11,step0.layer11.qkv,qkv,GPU_COMPUTE,step0.layer11.norm1,1119.755624000,3.635776000,1123.391400000,step0.layer11.norm1,QKV projection
0,11,step0.layer11.rope,rope,GPU_COMPUTE,step0.layer11.qkv,1123.391400000,1.018432000,1124.409832000,step0.layer11.qkv,QK norm and RoPE
0,11,step0.layer11.attention,attention,PIM_COMPUTE,step0.layer11.rope,1124.409832000,18.905016000,1143.314848000,step0.layer11.rope,decode attention from Ramulator cycle-v0 table
0,11,step0.layer11.o_proj,attention_output,GPU_COMPUTE,step0.layer11.attention,1143.314848000,3.109440000,1146.424288000,step0.layer11.attention,attention output projection
0,11,step0.layer11.residual1,residual,GPU_COMPUTE,step0.layer11.o_proj,1146.424288000,1.012288000,1147.436576000,step0.layer11.o_proj,residual add
0,11,step0.layer11.norm2,norm,GPU_COMPUTE,step0.layer11.residual1,1147.436576000,1.008192000,1148.444768000,step0.layer11.residual1,RMSNorm
0,11,step0.layer11.router,router,GPU_COMPUTE,step0.layer11.norm2,1148.444768000,2.069888000,1150.514656000,step0.layer11.norm2,MoE router
0,11,step0.layer11.metadata,metadata,GPU_COMPUTE,step0.layer11.router,1150.514656000,1.000128000,1151.514784000,step0.layer11.router,routing metadata
0,11,step0.layer11.dispatch,dispatch,,step0.layer11.metadata,1151.514784000,0.000000000,1151.514784000,step0.layer11.metadata,single-GPU dispatch placeholder
0,11,step0.layer11.scheduler,scheduler,GPU_COMPUTE,step0.layer11.metadata,1151.514784000,0.000000000,1151.514784000,step0.layer11.metadata,pimoe placement policy
0,11,step0.layer11.gpu_weight_load,gpu_weight_load,HBM_MEM_PATH,step0.layer11.scheduler,1151.514784000,2.359296000,1153.874080000,step0.layer11.scheduler,expert weights HBM to GPU
0,11,step0.layer11.gpu_expert_compute,gpu_expert,GPU_COMPUTE,step0.layer11.gpu_weight_load;step0.layer11.dispatch,1153.874080000,3.054525952,1156.928605952,step0.layer11.gpu_weight_load,grouped expert GEMM
0,11,step0.layer11.pim_gwrite,pim_write,GPU_PIM_IO,step0.layer11.scheduler;step0.layer11.dispatch,1151.514784000,6.685224000,1158.200008000,step0.layer11.scheduler,PIM_GWRITE from Ramulator cycle-v0 table
0,11,step0.layer11.pim_expert_compute,pim_expert,PIM_COMPUTE,step0.layer11.pim_gwrite,1158.200008000,60.162648000,1218.362656000,step0.layer11.pim_gwrite,expert GEMV from Ramulator cycle-v0 table
0,11,step0.layer11.pim_read,pim_read,GPU_PIM_IO,step0.layer11.pim_expert_compute,1218.362656000,0.039936000,1218.402592000,step0.layer11.pim_expert_compute,PIM result read from Ramulator cycle-v0 table
0,11,step0.layer11.combine,combine,GPU_COMPUTE,step0.layer11.gpu_expert_compute;step0.layer11.pim_read,1218.402592000,1.036864000,1219.439456000,step0.layer11.pim_read,weighted expert combine
0,11,step0.layer11.residual2,residual,GPU_COMPUTE,step0.layer11.combine,1219.439456000,1.012288000,1220.451744000,step0.layer11.combine,residual add
0,12,step0.layer12.norm1,norm,GPU_COMPUTE,step0.layer11.residual2,1220.451744000,1.008192000,1221.459936000,step0.layer11.residual2,RMSNorm
0,12,step0.layer12.qkv,qkv,GPU_COMPUTE,step0.layer12.norm1,1221.459936000,3.635776000,1225.095712000,step0.layer12.norm1,QKV projection
0,12,step0.layer12.rope,rope,GPU_COMPUTE,step0.layer12.qkv,1225.095712000,1.018432000,1226.114144000,step0.layer12.qkv,QK norm and RoPE
0,12,step0.layer12.attention,attention,PIM_COMPUTE,step0.layer12.rope,1226.114144000,18.905016000,1245.019160000,step0.layer12.rope,decode attention from Ramulator cycle-v0 table
0,12,step0.layer12.o_proj,attention_output,GPU_COMPUTE,step0.layer12.attention,1245.019160000,3.109440000,1248.128600000,step0.layer12.attention,attention output projection
0,12,step0.layer12.residual1,residual,GPU_COMPUTE,step0.layer12.o_proj,1248.128600000,1.012288000,1249.140888000,step0.layer12.o_proj,residual add
0,12,step0.layer12.norm2,norm,GPU_COMPUTE,step0.layer12.residual1,1249.140888000,1.008192000,1250.149080000,step0.layer12.residual1,RMSNorm
0,12,step0.layer12.router,router,GPU_COMPUTE,step0.layer12.norm2,1250.149080000,2.069888000,1252.218968000,step0.layer12.norm2,MoE router
0,12,step0.layer12.metadata,metadata,GPU_COMPUTE,step0.layer12.router,1252.218968000,1.000128000,1253.219096000,step0.layer12.router,routing metadata
0,12,step0.layer12.dispatch,dispatch,,step0.layer12.metadata,1253.219096000,0.000000000,1253.219096000,step0.layer12.metadata,single-GPU dispatch placeholder
0,12,step0.layer12.scheduler,scheduler,GPU_COMPUTE,step0.layer12.metadata,1253.219096000,0.000000000,1253.219096000,step0.layer12.metadata,pimoe placement policy
0,12,step0.layer12.gpu_weight_load,gpu_weight_load,HBM_MEM_PATH,step0.layer12.scheduler,1253.219096000,2.359296000,1255.578392000,step0.layer12.scheduler,expert weights HBM to GPU
0,12,step0.layer12.gpu_expert_compute,gpu_expert,GPU_COMPUTE,step0.layer12.gpu_weight_load;step0.layer12.dispatch,1255.578392000,3.054525952,1258.632917952,step0.layer12.gpu_weight_load,grouped expert GEMM
0,12,step0.layer12.pim_gwrite,pim_write,GPU_PIM_IO,step0.layer12.scheduler;step0.layer12.dispatch,1253.219096000,6.685224000,1259.904320000,step0.layer12.scheduler,PIM_GWRITE from Ramulator cycle-v0 table
0,12,step0.layer12.pim_expert_compute,pim_expert,PIM_COMPUTE,step0.layer12.pim_gwrite,1259.904320000,60.162648000,1320.066968000,step0.layer12.pim_gwrite,expert GEMV from Ramulator cycle-v0 table
0,12,step0.layer12.pim_read,pim_read,GPU_PIM_IO,step0.layer12.pim_expert_compute,1320.066968000,0.039936000,1320.106904000,step0.layer12.pim_expert_compute,PIM result read from Ramulator cycle-v0 table
0,12,step0.layer12.combine,combine,GPU_COMPUTE,step0.layer12.gpu_expert_compute;step0.layer12.pim_read,1320.106904000,1.036864000,1321.143768000,step0.layer12.pim_read,weighted expert combine
0,12,step0.layer12.residual2,residual,GPU_COMPUTE,step0.layer12.combine,1321.143768000,1.012288000,1322.156056000,step0.layer12.combine,residual add
0,13,step0.layer13.norm1,norm,GPU_COMPUTE,step0.layer12.residual2,1322.156056000,1.008192000,1323.164248000,step0.layer12.residual2,RMSNorm
0,13,step0.layer13.qkv,qkv,GPU_COMPUTE,step0.layer13.norm1,1323.164248000,3.635776000,1326.800024000,step0.layer13.norm1,QKV projection
0,13,step0.layer13.rope,rope,GPU_COMPUTE,step0.layer13.qkv,1326.800024000,1.018432000,1327.818456000,step0.layer13.qkv,QK norm and RoPE
0,13,step0.layer13.attention,attention,PIM_COMPUTE,step0.layer13.rope,1327.818456000,18.905016000,1346.723472000,step0.layer13.rope,decode attention from Ramulator cycle-v0 table
0,13,step0.layer13.o_proj,attention_output,GPU_COMPUTE,step0.layer13.attention,1346.723472000,3.109440000,1349.832912000,step0.layer13.attention,attention output projection
0,13,step0.layer13.residual1,residual,GPU_COMPUTE,step0.layer13.o_proj,1349.832912000,1.012288000,1350.845200000,step0.layer13.o_proj,residual add
0,13,step0.layer13.norm2,norm,GPU_COMPUTE,step0.layer13.residual1,1350.845200000,1.008192000,1351.853392000,step0.layer13.residual1,RMSNorm
0,13,step0.layer13.router,router,GPU_COMPUTE,step0.layer13.norm2,1351.853392000,2.069888000,1353.923280000,step0.layer13.norm2,MoE router
0,13,step0.layer13.metadata,metadata,GPU_COMPUTE,step0.layer13.router,1353.923280000,1.000128000,1354.923408000,step0.layer13.router,routing metadata
0,13,step0.layer13.dispatch,dispatch,,step0.layer13.metadata,1354.923408000,0.000000000,1354.923408000,step0.layer13.metadata,single-GPU dispatch placeholder
0,13,step0.layer13.scheduler,scheduler,GPU_COMPUTE,step0.layer13.metadata,1354.923408000,0.000000000,1354.923408000,step0.layer13.metadata,pimoe placement policy
0,13,step0.layer13.gpu_weight_load,gpu_weight_load,HBM_MEM_PATH,step0.layer13.scheduler,1354.923408000,2.359296000,1357.282704000,step0.layer13.scheduler,expert weights HBM to GPU
0,13,step0.layer13.gpu_expert_compute,gpu_expert,GPU_COMPUTE,step0.layer13.gpu_weight_load;step0.layer13.dispatch,1357.282704000,3.054525952,1360.337229952,step0.layer13.gpu_weight_load,grouped expert GEMM
0,13,step0.layer13.pim_gwrite,pim_write,GPU_PIM_IO,step0.layer13.scheduler;step0.layer13.dispatch,1354.923408000,6.685224000,1361.608632000,step0.layer13.scheduler,PIM_GWRITE from Ramulator cycle-v0 table
0,13,step0.layer13.pim_expert_compute,pim_expert,PIM_COMPUTE,step0.layer13.pim_gwrite,1361.608632000,60.162648000,1421.771280000,step0.layer13.pim_gwrite,expert GEMV from Ramulator cycle-v0 table
0,13,step0.layer13.pim_read,pim_read,GPU_PIM_IO,step0.layer13.pim_expert_compute,1421.771280000,0.039936000,1421.811216000,step0.layer13.pim_expert_compute,PIM result read from Ramulator cycle-v0 table
0,13,step0.layer13.combine,combine,GPU_COMPUTE,step0.layer13.gpu_expert_compute;step0.layer13.pim_read,1421.811216000,1.036864000,1422.848080000,step0.layer13.pim_read,weighted expert combine
0,13,step0.layer13.residual2,residual,GPU_COMPUTE,step0.layer13.combine,1422.848080000,1.012288000,1423.860368000,step0.layer13.combine,residual add
0,14,step0.layer14.norm1,norm,GPU_COMPUTE,step0.layer13.residual2,1423.860368000,1.008192000,1424.868560000,step0.layer13.residual2,RMSNorm
0,14,step0.layer14.qkv,qkv,GPU_COMPUTE,step0.layer14.norm1,1424.868560000,3.635776000,1428.504336000,step0.layer14.norm1,QKV projection
0,14,step0.layer14.rope,rope,GPU_COMPUTE,step0.layer14.qkv,1428.504336000,1.018432000,1429.522768000,step0.layer14.qkv,QK norm and RoPE
0,14,step0.layer14.attention,attention,PIM_COMPUTE,step0.layer14.rope,1429.522768000,18.905016000,1448.427784000,step0.layer14.rope,decode attention from Ramulator cycle-v0 table
0,14,step0.layer14.o_proj,attention_output,GPU_COMPUTE,step0.layer14.attention,1448.427784000,3.109440000,1451.537224000,step0.layer14.attention,attention output projection
0,14,step0.layer14.residual1,residual,GPU_COMPUTE,step0.layer14.o_proj,1451.537224000,1.012288000,1452.549512000,step0.layer14.o_proj,residual add
0,14,step0.layer14.norm2,norm,GPU_COMPUTE,step0.layer14.residual1,1452.549512000,1.008192000,1453.557704000,step0.layer14.residual1,RMSNorm
0,14,step0.layer14.router,router,GPU_COMPUTE,step0.layer14.norm2,1453.557704000,2.069888000,1455.627592000,step0.layer14.norm2,MoE router
0,14,step0.layer14.metadata,metadata,GPU_COMPUTE,step0.layer14.router,1455.627592000,1.000128000,1456.627720000,step0.layer14.router,routing metadata
0,14,step0.layer14.dispatch,dispatch,,step0.layer14.metadata,1456.627720000,0.000000000,1456.627720000,step0.layer14.metadata,single-GPU dispatch placeholder
0,14,step0.layer14.scheduler,scheduler,GPU_COMPUTE,step0.layer14.metadata,1456.627720000,0.000000000,1456.627720000,step0.layer14.metadata,pimoe placement policy
0,14,step0.layer14.gpu_weight_load,gpu_weight_load,HBM_MEM_PATH,step0.layer14.scheduler,1456.627720000,2.359296000,1458.987016000,step0.layer14.scheduler,expert weights HBM to GPU
0,14,step0.layer14.gpu_expert_compute,gpu_expert,GPU_COMPUTE,step0.layer14.gpu_weight_load;step0.layer14.dispatch,1458.987016000,3.054525952,1462.041541952,step0.layer14.gpu_weight_load,grouped expert GEMM
0,14,step0.layer14.pim_gwrite,pim_write,GPU_PIM_IO,step0.layer14.scheduler;step0.layer14.dispatch,1456.627720000,6.685224000,1463.312944000,step0.layer14.scheduler,PIM_GWRITE from Ramulator cycle-v0 table
0,14,step0.layer14.pim_expert_compute,pim_expert,PIM_COMPUTE,step0.layer14.pim_gwrite,1463.312944000,60.162648000,1523.475592000,step0.layer14.pim_gwrite,expert GEMV from Ramulator cycle-v0 table
0,14,step0.layer14.pim_read,pim_read,GPU_PIM_IO,step0.layer14.pim_expert_compute,1523.475592000,0.039936000,1523.515528000,step0.layer14.pim_expert_compute,PIM result read from Ramulator cycle-v0 table
0,14,step0.layer14.combine,combine,GPU_COMPUTE,step0.layer14.gpu_expert_compute;step0.layer14.pim_read,1523.515528000,1.036864000,1524.552392000,step0.layer14.pim_read,weighted expert combine
0,14,step0.layer14.residual2,residual,GPU_COMPUTE,step0.layer14.combine,1524.552392000,1.012288000,1525.564680000,step0.layer14.combine,residual add
0,15,step0.layer15.norm1,norm,GPU_COMPUTE,step0.layer14.residual2,1525.564680000,1.008192000,1526.572872000,step0.layer14.residual2,RMSNorm
0,15,step0.layer15.qkv,qkv,GPU_COMPUTE,step0.layer15.norm1,1526.572872000,3.635776000,1530.208648000,step0.layer15.norm1,QKV projection
0,15,step0.layer15.rope,rope,GPU_COMPUTE,step0.layer15.qkv,1530.208648000,1.018432000,1531.227080000,step0.layer15.qkv,QK norm and RoPE
0,15,step0.layer15.attention,attention,PIM_COMPUTE,step0.layer15.rope,1531.227080000,18.905016000,1550.132096000,step0.layer15.rope,decode attention from Ramulator cycle-v0 table
0,15,step0.layer15.o_proj,attention_output,GPU_COMPUTE,step0.layer15.attention,1550.132096000,3.109440000,1553.241536000,step0.layer15.attention,attention output projection
0,15,step0.layer15.residual1,residual,GPU_COMPUTE,step0.layer15.o_proj,1553.241536000,1.012288000,1554.253824000,step0.layer15.o_proj,residual add
0,15,step0.layer15.norm2,norm,GPU_COMPUTE,step0.layer15.residual1,1554.253824000,1.008192000,1555.262016000,step0.layer15.residual1,RMSNorm
0,15,step0.layer15.router,router,GPU_COMPUTE,step0.layer15.norm2,1555.262016000,2.069888000,1557.331904000,step0.layer15.norm2,MoE router
0,15,step0.layer15.metadata,metadata,GPU_COMPUTE,step0.layer15.router,1557.331904000,1.000128000,1558.332032000,step0.layer15.router,routing metadata
0,15,step0.layer15.dispatch,dispatch,,step0.layer15.metadata,1558.332032000,0.000000000,1558.332032000,step0.layer15.metadata,single-GPU dispatch placeholder
0,15,step0.layer15.scheduler,scheduler,GPU_COMPUTE,step0.layer15.metadata,1558.332032000,0.000000000,1558.332032000,step0.layer15.metadata,pimoe placement policy
0,15,step0.layer15.gpu_weight_load,gpu_weight_load,HBM_MEM_PATH,step0.layer15.scheduler,1558.332032000,2.359296000,1560.691328000,step0.layer15.scheduler,expert weights HBM to GPU
0,15,step0.layer15.gpu_expert_compute,gpu_expert,GPU_COMPUTE,step0.layer15.gpu_weight_load;step0.layer15.dispatch,1560.691328000,3.054525952,1563.745853952,step0.layer15.gpu_weight_load,grouped expert GEMM
0,15,step0.layer15.pim_gwrite,pim_write,GPU_PIM_IO,step0.layer15.scheduler;step0.layer15.dispatch,1558.332032000,6.685224000,1565.017256000,step0.layer15.scheduler,PIM_GWRITE from Ramulator cycle-v0 table
0,15,step0.layer15.pim_expert_compute,pim_expert,PIM_COMPUTE,step0.layer15.pim_gwrite,1565.017256000,60.162648000,1625.179904000,step0.layer15.pim_gwrite,expert GEMV from Ramulator cycle-v0 table
0,15,step0.layer15.pim_read,pim_read,GPU_PIM_IO,step0.layer15.pim_expert_compute,1625.179904000,0.039936000,1625.219840000,step0.layer15.pim_expert_compute,PIM result read from Ramulator cycle-v0 table
0,15,step0.layer15.combine,combine,GPU_COMPUTE,step0.layer15.gpu_expert_compute;step0.layer15.pim_read,1625.219840000,1.036864000,1626.256704000,step0.layer15.pim_read,weighted expert combine
0,15,step0.layer15.residual2,residual,GPU_COMPUTE,step0.layer15.combine,1626.256704000,1.012288000,1627.268992000,step0.layer15.combine,residual add
0,16,step0.layer16.norm1,norm,GPU_COMPUTE,step0.layer15.residual2,1627.268992000,1.008192000,1628.277184000,step0.layer15.residual2,RMSNorm
0,16,step0.layer16.qkv,qkv,GPU_COMPUTE,step0.layer16.norm1,1628.277184000,3.635776000,1631.912960000,step0.layer16.norm1,QKV projection
0,16,step0.layer16.rope,rope,GPU_COMPUTE,step0.layer16.qkv,1631.912960000,1.018432000,1632.931392000,step0.layer16.qkv,QK norm and RoPE
0,16,step0.layer16.attention,attention,PIM_COMPUTE,step0.layer16.rope,1632.931392000,18.905016000,1651.836408000,step0.layer16.rope,decode attention from Ramulator cycle-v0 table
0,16,step0.layer16.o_proj,attention_output,GPU_COMPUTE,step0.layer16.attention,1651.836408000,3.109440000,1654.945848000,step0.layer16.attention,attention output projection
0,16,step0.layer16.residual1,residual,GPU_COMPUTE,step0.layer16.o_proj,1654.945848000,1.012288000,1655.958136000,step0.layer16.o_proj,residual add
0,16,step0.layer16.norm2,norm,GPU_COMPUTE,step0.layer16.residual1,1655.958136000,1.008192000,1656.966328000,step0.layer16.residual1,RMSNorm
0,16,step0.layer16.router,router,GPU_COMPUTE,step0.layer16.norm2,1656.966328000,2.069888000,1659.036216000,step0.layer16.norm2,MoE router
0,16,step0.layer16.metadata,metadata,GPU_COMPUTE,step0.layer16.router,1659.036216000,1.000128000,1660.036344000,step0.layer16.router,routing metadata
0,16,step0.layer16.dispatch,dispatch,,step0.layer16.metadata,1660.036344000,0.000000000,1660.036344000,step0.layer16.metadata,single-GPU dispatch placeholder
0,16,step0.layer16.scheduler,scheduler,GPU_COMPUTE,step0.layer16.metadata,1660.036344000,0.000000000,1660.036344000,step0.layer16.metadata,pimoe placement policy
0,16,step0.layer16.gpu_weight_load,gpu_weight_load,HBM_MEM_PATH,step0.layer16.scheduler,1660.036344000,2.359296000,1662.395640000,step0.layer16.scheduler,expert weights HBM to GPU
0,16,step0.layer16.gpu_expert_compute,gpu_expert,GPU_COMPUTE,step0.layer16.gpu_weight_load;step0.layer16.dispatch,1662.395640000,3.054525952,1665.450165952,step0.layer16.gpu_weight_load,grouped expert GEMM
0,16,step0.layer16.pim_gwrite,pim_write,GPU_PIM_IO,step0.layer16.scheduler;step0.layer16.dispatch,1660.036344000,6.685224000,1666.721568000,step0.layer16.scheduler,PIM_GWRITE from Ramulator cycle-v0 table
0,16,step0.layer16.pim_expert_compute,pim_expert,PIM_COMPUTE,step0.layer16.pim_gwrite,1666.721568000,60.162648000,1726.884216000,step0.layer16.pim_gwrite,expert GEMV from Ramulator cycle-v0 table
0,16,step0.layer16.pim_read,pim_read,GPU_PIM_IO,step0.layer16.pim_expert_compute,1726.884216000,0.039936000,1726.924152000,step0.layer16.pim_expert_compute,PIM result read from Ramulator cycle-v0 table
0,16,step0.layer16.combine,combine,GPU_COMPUTE,step0.layer16.gpu_expert_compute;step0.layer16.pim_read,1726.924152000,1.036864000,1727.961016000,step0.layer16.pim_read,weighted expert combine
0,16,step0.layer16.residual2,residual,GPU_COMPUTE,step0.layer16.combine,1727.961016000,1.012288000,1728.973304000,step0.layer16.combine,residual add
0,17,step0.layer17.norm1,norm,GPU_COMPUTE,step0.layer16.residual2,1728.973304000,1.008192000,1729.981496000,step0.layer16.residual2,RMSNorm
0,17,step0.layer17.qkv,qkv,GPU_COMPUTE,step0.layer17.norm1,1729.981496000,3.635776000,1733.617272000,step0.layer17.norm1,QKV projection
0,17,step0.layer17.rope,rope,GPU_COMPUTE,step0.layer17.qkv,1733.617272000,1.018432000,1734.635704000,step0.layer17.qkv,QK norm and RoPE
0,17,step0.layer17.attention,attention,PIM_COMPUTE,step0.layer17.rope,1734.635704000,18.905016000,1753.540720000,step0.layer17.rope,decode attention from Ramulator cycle-v0 table
0,17,step0.layer17.o_proj,attention_output,GPU_COMPUTE,step0.layer17.attention,1753.540720000,3.109440000,1756.650160000,step0.layer17.attention,attention output projection
0,17,step0.layer17.residual1,residual,GPU_COMPUTE,step0.layer17.o_proj,1756.650160000,1.012288000,1757.662448000,step0.layer17.o_proj,residual add
0,17,step0.layer17.norm2,norm,GPU_COMPUTE,step0.layer17.residual1,1757.662448000,1.008192000,1758.670640000,step0.layer17.residual1,RMSNorm
0,17,step0.layer17.router,router,GPU_COMPUTE,step0.layer17.norm2,1758.670640000,2.069888000,1760.740528000,step0.layer17.norm2,MoE router
0,17,step0.layer17.metadata,metadata,GPU_COMPUTE,step0.layer17.router,1760.740528000,1.000128000,1761.740656000,step0.layer17.router,routing metadata
0,17,step0.layer17.dispatch,dispatch,,step0.layer17.metadata,1761.740656000,0.000000000,1761.740656000,step0.layer17.metadata,single-GPU dispatch placeholder
0,17,step0.layer17.scheduler,scheduler,GPU_COMPUTE,step0.layer17.metadata,1761.740656000,0.000000000,1761.740656000,step0.layer17.metadata,pimoe placement policy
0,17,step0.layer17.gpu_weight_load,gpu_weight_load,HBM_MEM_PATH,step0.layer17.scheduler,1761.740656000,2.359296000,1764.099952000,step0.layer17.scheduler,expert weights HBM to GPU
0,17,step0.layer17.gpu_expert_compute,gpu_expert,GPU_COMPUTE,step0.layer17.gpu_weight_load;step0.layer17.dispatch,1764.099952000,3.054525952,1767.154477952,step0.layer17.gpu_weight_load,grouped expert GEMM
0,17,step0.layer17.pim_gwrite,pim_write,GPU_PIM_IO,step0.layer17.scheduler;step0.layer17.dispatch,1761.740656000,6.685224000,1768.425880000,step0.layer17.scheduler,PIM_GWRITE from Ramulator cycle-v0 table
0,17,step0.layer17.pim_expert_compute,pim_expert,PIM_COMPUTE,step0.layer17.pim_gwrite,1768.425880000,60.162648000,1828.588528000,step0.layer17.pim_gwrite,expert GEMV from Ramulator cycle-v0 table
0,17,step0.layer17.pim_read,pim_read,GPU_PIM_IO,step0.layer17.pim_expert_compute,1828.588528000,0.039936000,1828.628464000,step0.layer17.pim_expert_compute,PIM result read from Ramulator cycle-v0 table
0,17,step0.layer17.combine,combine,GPU_COMPUTE,step0.layer17.gpu_expert_compute;step0.layer17.pim_read,1828.628464000,1.036864000,1829.665328000,step0.layer17.pim_read,weighted expert combine
0,17,step0.layer17.residual2,residual,GPU_COMPUTE,step0.layer17.combine,1829.665328000,1.012288000,1830.677616000,step0.layer17.combine,residual add
0,18,step0.layer18.norm1,norm,GPU_COMPUTE,step0.layer17.residual2,1830.677616000,1.008192000,1831.685808000,step0.layer17.residual2,RMSNorm
0,18,step0.layer18.qkv,qkv,GPU_COMPUTE,step0.layer18.norm1,1831.685808000,3.635776000,1835.321584000,step0.layer18.norm1,QKV projection
0,18,step0.layer18.rope,rope,GPU_COMPUTE,step0.layer18.qkv,1835.321584000,1.018432000,1836.340016000,step0.layer18.qkv,QK norm and RoPE
0,18,step0.layer18.attention,attention,PIM_COMPUTE,step0.layer18.rope,1836.340016000,18.905016000,1855.245032000,step0.layer18.rope,decode attention from Ramulator cycle-v0 table
0,18,step0.layer18.o_proj,attention_output,GPU_COMPUTE,step0.layer18.attention,1855.245032000,3.109440000,1858.354472000,step0.layer18.attention,attention output projection
0,18,step0.layer18.residual1,residual,GPU_COMPUTE,step0.layer18.o_proj,1858.354472000,1.012288000,1859.366760000,step0.layer18.o_proj,residual add
0,18,step0.layer18.norm2,norm,GPU_COMPUTE,step0.layer18.residual1,1859.366760000,1.008192000,1860.374952000,step0.layer18.residual1,RMSNorm
0,18,step0.layer18.router,router,GPU_COMPUTE,step0.layer18.norm2,1860.374952000,2.069888000,1862.444840000,step0.layer18.norm2,MoE router
0,18,step0.layer18.metadata,metadata,GPU_COMPUTE,step0.layer18.router,1862.444840000,1.000128000,1863.444968000,step0.layer18.router,routing metadata
0,18,step0.layer18.dispatch,dispatch,,step0.layer18.metadata,1863.444968000,0.000000000,1863.444968000,step0.layer18.metadata,single-GPU dispatch placeholder
0,18,step0.layer18.scheduler,scheduler,GPU_COMPUTE,step0.layer18.metadata,1863.444968000,0.000000000,1863.444968000,step0.layer18.metadata,pimoe placement policy
0,18,step0.layer18.gpu_weight_load,gpu_weight_load,HBM_MEM_PATH,step0.layer18.scheduler,1863.444968000,2.359296000,1865.804264000,step0.layer18.scheduler,expert weights HBM to GPU
0,18,step0.layer18.gpu_expert_compute,gpu_expert,GPU_COMPUTE,step0.layer18.gpu_weight_load;step0.layer18.dispatch,1865.804264000,3.054525952,1868.858789952,step0.layer18.gpu_weight_load,grouped expert GEMM
0,18,step0.layer18.pim_gwrite,pim_write,GPU_PIM_IO,step0.layer18.scheduler;step0.layer18.dispatch,1863.444968000,6.685224000,1870.130192000,step0.layer18.scheduler,PIM_GWRITE from Ramulator cycle-v0 table
0,18,step0.layer18.pim_expert_compute,pim_expert,PIM_COMPUTE,step0.layer18.pim_gwrite,1870.130192000,60.162648000,1930.292840000,step0.layer18.pim_gwrite,expert GEMV from Ramulator cycle-v0 table
0,18,step0.layer18.pim_read,pim_read,GPU_PIM_IO,step0.layer18.pim_expert_compute,1930.292840000,0.039936000,1930.332776000,step0.layer18.pim_expert_compute,PIM result read from Ramulator cycle-v0 table
0,18,step0.layer18.combine,combine,GPU_COMPUTE,step0.layer18.gpu_expert_compute;step0.layer18.pim_read,1930.332776000,1.036864000,1931.369640000,step0.layer18.pim_read,weighted expert combine
0,18,step0.layer18.residual2,residual,GPU_COMPUTE,step0.layer18.combine,1931.369640000,1.012288000,1932.381928000,step0.layer18.combine,residual add
0,19,step0.layer19.norm1,norm,GPU_COMPUTE,step0.layer18.residual2,1932.381928000,1.008192000,1933.390120000,step0.layer18.residual2,RMSNorm
0,19,step0.layer19.qkv,qkv,GPU_COMPUTE,step0.layer19.norm1,1933.390120000,3.635776000,1937.025896000,step0.layer19.norm1,QKV projection
0,19,step0.layer19.rope,rope,GPU_COMPUTE,step0.layer19.qkv,1937.025896000,1.018432000,1938.044328000,step0.layer19.qkv,QK norm and RoPE
0,19,step0.layer19.attention,attention,PIM_COMPUTE,step0.layer19.rope,1938.044328000,18.905016000,1956.949344000,step0.layer19.rope,decode attention from Ramulator cycle-v0 table
0,19,step0.layer19.o_proj,attention_output,GPU_COMPUTE,step0.layer19.attention,1956.949344000,3.109440000,1960.058784000,step0.layer19.attention,attention output projection
0,19,step0.layer19.residual1,residual,GPU_COMPUTE,step0.layer19.o_proj,1960.058784000,1.012288000,1961.071072000,step0.layer19.o_proj,residual add
0,19,step0.layer19.norm2,norm,GPU_COMPUTE,step0.layer19.residual1,1961.071072000,1.008192000,1962.079264000,step0.layer19.residual1,RMSNorm
0,19,step0.layer19.router,router,GPU_COMPUTE,step0.layer19.norm2,1962.079264000,2.069888000,1964.149152000,step0.layer19.norm2,MoE router
0,19,step0.layer19.metadata,metadata,GPU_COMPUTE,step0.layer19.router,1964.149152000,1.000128000,1965.149280000,step0.layer19.router,routing metadata
0,19,step0.layer19.dispatch,dispatch,,step0.layer19.metadata,1965.149280000,0.000000000,1965.149280000,step0.layer19.metadata,single-GPU dispatch placeholder
0,19,step0.layer19.scheduler,scheduler,GPU_COMPUTE,step0.layer19.metadata,1965.149280000,0.000000000,1965.149280000,step0.layer19.metadata,pimoe placement policy
0,19,step0.layer19.gpu_weight_load,gpu_weight_load,HBM_MEM_PATH,step0.layer19.scheduler,1965.149280000,2.359296000,1967.508576000,step0.layer19.scheduler,expert weights HBM to GPU
0,19,step0.layer19.gpu_expert_compute,gpu_expert,GPU_COMPUTE,step0.layer19.gpu_weight_load;step0.layer19.dispatch,1967.508576000,3.054525952,1970.563101952,step0.layer19.gpu_weight_load,grouped expert GEMM
0,19,step0.layer19.pim_gwrite,pim_write,GPU_PIM_IO,step0.layer19.scheduler;step0.layer19.dispatch,1965.149280000,6.685224000,1971.834504000,step0.layer19.scheduler,PIM_GWRITE from Ramulator cycle-v0 table
0,19,step0.layer19.pim_expert_compute,pim_expert,PIM_COMPUTE,step0.layer19.pim_gwrite,1971.834504000,60.162648000,2031.997152000,step0.layer19.pim_gwrite,expert GEMV from Ramulator cycle-v0 table
0,19,step0.layer19.pim_read,pim_read,GPU_PIM_IO,step0.layer19.pim_expert_compute,2031.997152000,0.039936000,2032.037088000,step0.layer19.pim_expert_compute,PIM result read from Ramulator cycle-v0 table
0,19,step0.layer19.combine,combine,GPU_COMPUTE,step0.layer19.gpu_expert_compute;step0.layer19.pim_read,2032.037088000,1.036864000,2033.073952000,step0.layer19.pim_read,weighted expert combine
0,19,step0.layer19.residual2,residual,GPU_COMPUTE,step0.layer19.combine,2033.073952000,1.012288000,2034.086240000,step0.layer19.combine,residual add
0,20,step0.layer20.norm1,norm,GPU_COMPUTE,step0.layer19.residual2,2034.086240000,1.008192000,2035.094432000,step0.layer19.residual2,RMSNorm
0,20,step0.layer20.qkv,qkv,GPU_COMPUTE,step0.layer20.norm1,2035.094432000,3.635776000,2038.730208000,step0.layer20.norm1,QKV projection
0,20,step0.layer20.rope,rope,GPU_COMPUTE,step0.layer20.qkv,2038.730208000,1.018432000,2039.748640000,step0.layer20.qkv,QK norm and RoPE
0,20,step0.layer20.attention,attention,PIM_COMPUTE,step0.layer20.rope,2039.748640000,18.905016000,2058.653656000,step0.layer20.rope,decode attention from Ramulator cycle-v0 table
0,20,step0.layer20.o_proj,attention_output,GPU_COMPUTE,step0.layer20.attention,2058.653656000,3.109440000,2061.763096000,step0.layer20.attention,attention output projection
0,20,step0.layer20.residual1,residual,GPU_COMPUTE,step0.layer20.o_proj,2061.763096000,1.012288000,2062.775384000,step0.layer20.o_proj,residual add
0,20,step0.layer20.norm2,norm,GPU_COMPUTE,step0.layer20.residual1,2062.775384000,1.008192000,2063.783576000,step0.layer20.residual1,RMSNorm
0,20,step0.layer20.router,router,GPU_COMPUTE,step0.layer20.norm2,2063.783576000,2.069888000,2065.853464000,step0.layer20.norm2,MoE router
0,20,step0.layer20.metadata,metadata,GPU_COMPUTE,step0.layer20.router,2065.853464000,1.000128000,2066.853592000,step0.layer20.router,routing metadata
0,20,step0.layer20.dispatch,dispatch,,step0.layer20.metadata,2066.853592000,0.000000000,2066.853592000,step0.layer20.metadata,single-GPU dispatch placeholder
0,20,step0.layer20.scheduler,scheduler,GPU_COMPUTE,step0.layer20.metadata,2066.853592000,0.000000000,2066.853592000,step0.layer20.metadata,pimoe placement policy
0,20,step0.layer20.gpu_weight_load,gpu_weight_load,HBM_MEM_PATH,step0.layer20.scheduler,2066.853592000,2.359296000,2069.212888000,step0.layer20.scheduler,expert weights HBM to GPU
0,20,step0.layer20.gpu_expert_compute,gpu_expert,GPU_COMPUTE,step0.layer20.gpu_weight_load;step0.layer20.dispatch,2069.212888000,3.054525952,2072.267413952,step0.layer20.gpu_weight_load,grouped expert GEMM
0,20,step0.layer20.pim_gwrite,pim_write,GPU_PIM_IO,step0.layer20.scheduler;step0.layer20.dispatch,2066.853592000,6.685224000,2073.538816000,step0.layer20.scheduler,PIM_GWRITE from Ramulator cycle-v0 table
0,20,step0.layer20.pim_expert_compute,pim_expert,PIM_COMPUTE,step0.layer20.pim_gwrite,2073.538816000,60.162648000,2133.701464000,step0.layer20.pim_gwrite,expert GEMV from Ramulator cycle-v0 table
0,20,step0.layer20.pim_read,pim_read,GPU_PIM_IO,step0.layer20.pim_expert_compute,2133.701464000,0.039936000,2133.741400000,step0.layer20.pim_expert_compute,PIM result read from Ramulator cycle-v0 table
0,20,step0.layer20.combine,combine,GPU_COMPUTE,step0.layer20.gpu_expert_compute;step0.layer20.pim_read,2133.741400000,1.036864000,2134.778264000,step0.layer20.pim_read,weighted expert combine
0,20,step0.layer20.residual2,residual,GPU_COMPUTE,step0.layer20.combine,2134.778264000,1.012288000,2135.790552000,step0.layer20.combine,residual add
0,21,step0.layer21.norm1,norm,GPU_COMPUTE,step0.layer20.residual2,2135.790552000,1.008192000,2136.798744000,step0.layer20.residual2,RMSNorm
0,21,step0.layer21.qkv,qkv,GPU_COMPUTE,step0.layer21.norm1,2136.798744000,3.635776000,2140.434520000,step0.layer21.norm1,QKV projection
0,21,step0.layer21.rope,rope,GPU_COMPUTE,step0.layer21.qkv,2140.434520000,1.018432000,2141.452952000,step0.layer21.qkv,QK norm and RoPE
0,21,step0.layer21.attention,attention,PIM_COMPUTE,step0.layer21.rope,2141.452952000,18.905016000,2160.357968000,step0.layer21.rope,decode attention from Ramulator cycle-v0 table
0,21,step0.layer21.o_proj,attention_output,GPU_COMPUTE,step0.layer21.attention,2160.357968000,3.109440000,2163.467408000,step0.layer21.attention,attention output projection
0,21,step0.layer21.residual1,residual,GPU_COMPUTE,step0.layer21.o_proj,2163.467408000,1.012288000,2164.479696000,step0.layer21.o_proj,residual add
0,21,step0.layer21.norm2,norm,GPU_COMPUTE,step0.layer21.residual1,2164.479696000,1.008192000,2165.487888000,step0.layer21.residual1,RMSNorm
0,21,step0.layer21.router,router,GPU_COMPUTE,step0.layer21.norm2,2165.487888000,2.069888000,2167.557776000,step0.layer21.norm2,MoE router
0,21,step0.layer21.metadata,metadata,GPU_COMPUTE,step0.layer21.router,2167.557776000,1.000128000,2168.557904000,step0.layer21.router,routing metadata
0,21,step0.layer21.dispatch,dispatch,,step0.layer21.metadata,2168.557904000,0.000000000,2168.557904000,step0.layer21.metadata,single-GPU dispatch placeholder
0,21,step0.layer21.scheduler,scheduler,GPU_COMPUTE,step0.layer21.metadata,2168.557904000,0.000000000,2168.557904000,step0.layer21.metadata,pimoe placement policy
0,21,step0.layer21.gpu_weight_load,gpu_weight_load,HBM_MEM_PATH,step0.layer21.scheduler,2168.557904000,2.359296000,2170.917200000,step0.layer21.scheduler,expert weights HBM to GPU
0,21,step0.layer21.gpu_expert_compute,gpu_expert,GPU_COMPUTE,step0.layer21.gpu_weight_load;step0.layer21.dispatch,2170.917200000,3.054525952,2173.971725952,step0.layer21.gpu_weight_load,grouped expert GEMM
0,21,step0.layer21.pim_gwrite,pim_write,GPU_PIM_IO,step0.layer21.scheduler;step0.layer21.dispatch,2168.557904000,6.685224000,2175.243128000,step0.layer21.scheduler,PIM_GWRITE from Ramulator cycle-v0 table
0,21,step0.layer21.pim_expert_compute,pim_expert,PIM_COMPUTE,step0.layer21.pim_gwrite,2175.243128000,60.162648000,2235.405776000,step0.layer21.pim_gwrite,expert GEMV from Ramulator cycle-v0 table
0,21,step0.layer21.pim_read,pim_read,GPU_PIM_IO,step0.layer21.pim_expert_compute,2235.405776000,0.039936000,2235.445712000,step0.layer21.pim_expert_compute,PIM result read from Ramulator cycle-v0 table
0,21,step0.layer21.combine,combine,GPU_COMPUTE,step0.layer21.gpu_expert_compute;step0.layer21.pim_read,2235.445712000,1.036864000,2236.482576000,step0.layer21.pim_read,weighted expert combine
0,21,step0.layer21.residual2,residual,GPU_COMPUTE,step0.layer21.combine,2236.482576000,1.012288000,2237.494864000,step0.layer21.combine,residual add
0,22,step0.layer22.norm1,norm,GPU_COMPUTE,step0.layer21.residual2,2237.494864000,1.008192000,2238.503056000,step0.layer21.residual2,RMSNorm
0,22,step0.layer22.qkv,qkv,GPU_COMPUTE,step0.layer22.norm1,2238.503056000,3.635776000,2242.138832000,step0.layer22.norm1,QKV projection
0,22,step0.layer22.rope,rope,GPU_COMPUTE,step0.layer22.qkv,2242.138832000,1.018432000,2243.157264000,step0.layer22.qkv,QK norm and RoPE
0,22,step0.layer22.attention,attention,PIM_COMPUTE,step0.layer22.rope,2243.157264000,18.905016000,2262.062280000,step0.layer22.rope,decode attention from Ramulator cycle-v0 table
0,22,step0.layer22.o_proj,attention_output,GPU_COMPUTE,step0.layer22.attention,2262.062280000,3.109440000,2265.171720000,step0.layer22.attention,attention output projection
0,22,step0.layer22.residual1,residual,GPU_COMPUTE,step0.layer22.o_proj,2265.171720000,1.012288000,2266.184008000,step0.layer22.o_proj,residual add
0,22,step0.layer22.norm2,norm,GPU_COMPUTE,step0.layer22.residual1,2266.184008000,1.008192000,2267.192200000,step0.layer22.residual1,RMSNorm
0,22,step0.layer22.router,router,GPU_COMPUTE,step0.layer22.norm2,2267.192200000,2.069888000,2269.262088000,step0.layer22.norm2,MoE router
0,22,step0.layer22.metadata,metadata,GPU_COMPUTE,step0.layer22.router,2269.262088000,1.000128000,2270.262216000,step0.layer22.router,routing metadata
0,22,step0.layer22.dispatch,dispatch,,step0.layer22.metadata,2270.262216000,0.000000000,2270.262216000,step0.layer22.metadata,single-GPU dispatch placeholder
0,22,step0.layer22.scheduler,scheduler,GPU_COMPUTE,step0.layer22.metadata,2270.262216000,0.000000000,2270.262216000,step0.layer22.metadata,pimoe placement policy
0,22,step0.layer22.gpu_weight_load,gpu_weight_load,HBM_MEM_PATH,step0.layer22.scheduler,2270.262216000,2.359296000,2272.621512000,step0.layer22.scheduler,expert weights HBM to GPU
0,22,step0.layer22.gpu_expert_compute,gpu_expert,GPU_COMPUTE,step0.layer22.gpu_weight_load;step0.layer22.dispatch,2272.621512000,3.054525952,2275.676037952,step0.layer22.gpu_weight_load,grouped expert GEMM
0,22,step0.layer22.pim_gwrite,pim_write,GPU_PIM_IO,step0.layer22.scheduler;step0.layer22.dispatch,2270.262216000,6.685224000,2276.947440000,step0.layer22.scheduler,PIM_GWRITE from Ramulator cycle-v0 table
0,22,step0.layer22.pim_expert_compute,pim_expert,PIM_COMPUTE,step0.layer22.pim_gwrite,2276.947440000,60.162648000,2337.110088000,step0.layer22.pim_gwrite,expert GEMV from Ramulator cycle-v0 table
0,22,step0.layer22.pim_read,pim_read,GPU_PIM_IO,step0.layer22.pim_expert_compute,2337.110088000,0.039936000,2337.150024000,step0.layer22.pim_expert_compute,PIM result read from Ramulator cycle-v0 table
0,22,step0.layer22.combine,combine,GPU_COMPUTE,step0.layer22.gpu_expert_compute;step0.layer22.pim_read,2337.150024000,1.036864000,2338.186888000,step0.layer22.pim_read,weighted expert combine
0,22,step0.layer22.residual2,residual,GPU_COMPUTE,step0.layer22.combine,2338.186888000,1.012288000,2339.199176000,step0.layer22.combine,residual add
0,23,step0.layer23.norm1,norm,GPU_COMPUTE,step0.layer22.residual2,2339.199176000,1.008192000,2340.207368000,step0.layer22.residual2,RMSNorm
0,23,step0.layer23.qkv,qkv,GPU_COMPUTE,step0.layer23.norm1,2340.207368000,3.635776000,2343.843144000,step0.layer23.norm1,QKV projection
0,23,step0.layer23.rope,rope,GPU_COMPUTE,step0.layer23.qkv,2343.843144000,1.018432000,2344.861576000,step0.layer23.qkv,QK norm and RoPE
0,23,step0.layer23.attention,attention,PIM_COMPUTE,step0.layer23.rope,2344.861576000,18.905016000,2363.766592000,step0.layer23.rope,decode attention from Ramulator cycle-v0 table
0,23,step0.layer23.o_proj,attention_output,GPU_COMPUTE,step0.layer23.attention,2363.766592000,3.109440000,2366.876032000,step0.layer23.attention,attention output projection
0,23,step0.layer23.residual1,residual,GPU_COMPUTE,step0.layer23.o_proj,2366.876032000,1.012288000,2367.888320000,step0.layer23.o_proj,residual add
0,23,step0.layer23.norm2,norm,GPU_COMPUTE,step0.layer23.residual1,2367.888320000,1.008192000,2368.896512000,step0.layer23.residual1,RMSNorm
0,23,step0.layer23.router,router,GPU_COMPUTE,step0.layer23.norm2,2368.896512000,2.069888000,2370.966400000,step0.layer23.norm2,MoE router
0,23,step0.layer23.metadata,metadata,GPU_COMPUTE,step0.layer23.router,2370.966400000,1.000128000,2371.966528000,step0.layer23.router,routing metadata
0,23,step0.layer23.dispatch,dispatch,,step0.layer23.metadata,2371.966528000,0.000000000,2371.966528000,step0.layer23.metadata,single-GPU dispatch placeholder
0,23,step0.layer23.scheduler,scheduler,GPU_COMPUTE,step0.layer23.metadata,2371.966528000,0.000000000,2371.966528000,step0.layer23.metadata,pimoe placement policy
0,23,step0.layer23.gpu_weight_load,gpu_weight_load,HBM_MEM_PATH,step0.layer23.scheduler,2371.966528000,2.359296000,2374.325824000,step0.layer23.scheduler,expert weights HBM to GPU
0,23,step0.layer23.gpu_expert_compute,gpu_expert,GPU_COMPUTE,step0.layer23.gpu_weight_load;step0.layer23.dispatch,2374.325824000,3.054525952,2377.380349952,step0.layer23.gpu_weight_load,grouped expert GEMM
0,23,step0.layer23.pim_gwrite,pim_write,GPU_PIM_IO,step0.layer23.scheduler;step0.layer23.dispatch,2371.966528000,6.685224000,2378.651752000,step0.layer23.scheduler,PIM_GWRITE from Ramulator cycle-v0 table
0,23,step0.layer23.pim_expert_compute,pim_expert,PIM_COMPUTE,step0.layer23.pim_gwrite,2378.651752000,60.162648000,2438.814400000,step0.layer23.pim_gwrite,expert GEMV from Ramulator cycle-v0 table
0,23,step0.layer23.pim_read,pim_read,GPU_PIM_IO,step0.layer23.pim_expert_compute,2438.814400000,0.039936000,2438.854336000,step0.layer23.pim_expert_compute,PIM result read from Ramulator cycle-v0 table
0,23,step0.layer23.combine,combine,GPU_COMPUTE,step0.layer23.gpu_expert_compute;step0.layer23.pim_read,2438.854336000,1.036864000,2439.891200000,step0.layer23.pim_read,weighted expert combine
0,23,step0.layer23.residual2,residual,GPU_COMPUTE,step0.layer23.combine,2439.891200000,1.012288000,2440.903488000,step0.layer23.combine,residual add
0,24,step0.layer24.norm1,norm,GPU_COMPUTE,step0.layer23.residual2,2440.903488000,1.008192000,2441.911680000,step0.layer23.residual2,RMSNorm
0,24,step0.layer24.qkv,qkv,GPU_COMPUTE,step0.layer24.norm1,2441.911680000,3.635776000,2445.547456000,step0.layer24.norm1,QKV projection
0,24,step0.layer24.rope,rope,GPU_COMPUTE,step0.layer24.qkv,2445.547456000,1.018432000,2446.565888000,step0.layer24.qkv,QK norm and RoPE
0,24,step0.layer24.attention,attention,PIM_COMPUTE,step0.layer24.rope,2446.565888000,18.905016000,2465.470904000,step0.layer24.rope,decode attention from Ramulator cycle-v0 table
0,24,step0.layer24.o_proj,attention_output,GPU_COMPUTE,step0.layer24.attention,2465.470904000,3.109440000,2468.580344000,step0.layer24.attention,attention output projection
0,24,step0.layer24.residual1,residual,GPU_COMPUTE,step0.layer24.o_proj,2468.580344000,1.012288000,2469.592632000,step0.layer24.o_proj,residual add
0,24,step0.layer24.norm2,norm,GPU_COMPUTE,step0.layer24.residual1,2469.592632000,1.008192000,2470.600824000,step0.layer24.residual1,RMSNorm
0,24,step0.layer24.router,router,GPU_COMPUTE,step0.layer24.norm2,2470.600824000,2.069888000,2472.670712000,step0.layer24.norm2,MoE router
0,24,step0.layer24.metadata,metadata,GPU_COMPUTE,step0.layer24.router,2472.670712000,1.000128000,2473.670840000,step0.layer24.router,routing metadata
0,24,step0.layer24.dispatch,dispatch,,step0.layer24.metadata,2473.670840000,0.000000000,2473.670840000,step0.layer24.metadata,single-GPU dispatch placeholder
0,24,step0.layer24.scheduler,scheduler,GPU_COMPUTE,step0.layer24.metadata,2473.670840000,0.000000000,2473.670840000,step0.layer24.metadata,pimoe placement policy
0,24,step0.layer24.gpu_weight_load,gpu_weight_load,HBM_MEM_PATH,step0.layer24.scheduler,2473.670840000,2.359296000,2476.030136000,step0.layer24.scheduler,expert weights HBM to GPU
0,24,step0.layer24.gpu_expert_compute,gpu_expert,GPU_COMPUTE,step0.layer24.gpu_weight_load;step0.layer24.dispatch,2476.030136000,3.054525952,2479.084661952,step0.layer24.gpu_weight_load,grouped expert GEMM
0,24,step0.layer24.pim_gwrite,pim_write,GPU_PIM_IO,step0.layer24.scheduler;step0.layer24.dispatch,2473.670840000,6.685224000,2480.356064000,step0.layer24.scheduler,PIM_GWRITE from Ramulator cycle-v0 table
0,24,step0.layer24.pim_expert_compute,pim_expert,PIM_COMPUTE,step0.layer24.pim_gwrite,2480.356064000,60.162648000,2540.518712000,step0.layer24.pim_gwrite,expert GEMV from Ramulator cycle-v0 table
0,24,step0.layer24.pim_read,pim_read,GPU_PIM_IO,step0.layer24.pim_expert_compute,2540.518712000,0.039936000,2540.558648000,step0.layer24.pim_expert_compute,PIM result read from Ramulator cycle-v0 table
0,24,step0.layer24.combine,combine,GPU_COMPUTE,step0.layer24.gpu_expert_compute;step0.layer24.pim_read,2540.558648000,1.036864000,2541.595512000,step0.layer24.pim_read,weighted expert combine
0,24,step0.layer24.residual2,residual,GPU_COMPUTE,step0.layer24.combine,2541.595512000,1.012288000,2542.607800000,step0.layer24.combine,residual add
0,25,step0.layer25.norm1,norm,GPU_COMPUTE,step0.layer24.residual2,2542.607800000,1.008192000,2543.615992000,step0.layer24.residual2,RMSNorm
0,25,step0.layer25.qkv,qkv,GPU_COMPUTE,step0.layer25.norm1,2543.615992000,3.635776000,2547.251768000,step0.layer25.norm1,QKV projection
0,25,step0.layer25.rope,rope,GPU_COMPUTE,step0.layer25.qkv,2547.251768000,1.018432000,2548.270200000,step0.layer25.qkv,QK norm and RoPE
0,25,step0.layer25.attention,attention,PIM_COMPUTE,step0.layer25.rope,2548.270200000,18.905016000,2567.175216000,step0.layer25.rope,decode attention from Ramulator cycle-v0 table
0,25,step0.layer25.o_proj,attention_output,GPU_COMPUTE,step0.layer25.attention,2567.175216000,3.109440000,2570.284656000,step0.layer25.attention,attention output projection
0,25,step0.layer25.residual1,residual,GPU_COMPUTE,step0.layer25.o_proj,2570.284656000,1.012288000,2571.296944000,step0.layer25.o_proj,residual add
0,25,step0.layer25.norm2,norm,GPU_COMPUTE,step0.layer25.residual1,2571.296944000,1.008192000,2572.305136000,step0.layer25.residual1,RMSNorm
0,25,step0.layer25.router,router,GPU_COMPUTE,step0.layer25.norm2,2572.305136000,2.069888000,2574.375024000,step0.layer25.norm2,MoE router
0,25,step0.layer25.metadata,metadata,GPU_COMPUTE,step0.layer25.router,2574.375024000,1.000128000,2575.375152000,step0.layer25.router,routing metadata
0,25,step0.layer25.dispatch,dispatch,,step0.layer25.metadata,2575.375152000,0.000000000,2575.375152000,step0.layer25.metadata,single-GPU dispatch placeholder
0,25,step0.layer25.scheduler,scheduler,GPU_COMPUTE,step0.layer25.metadata,2575.375152000,0.000000000,2575.375152000,step0.layer25.metadata,pimoe placement policy
0,25,step0.layer25.gpu_weight_load,gpu_weight_load,HBM_MEM_PATH,step0.layer25.scheduler,2575.375152000,2.359296000,2577.734448000,step0.layer25.scheduler,expert weights HBM to GPU
0,25,step0.layer25.gpu_expert_compute,gpu_expert,GPU_COMPUTE,step0.layer25.gpu_weight_load;step0.layer25.dispatch,2577.734448000,3.054525952,2580.788973952,step0.layer25.gpu_weight_load,grouped expert GEMM
0,25,step0.layer25.pim_gwrite,pim_write,GPU_PIM_IO,step0.layer25.scheduler;step0.layer25.dispatch,2575.375152000,6.685224000,2582.060376000,step0.layer25.scheduler,PIM_GWRITE from Ramulator cycle-v0 table
0,25,step0.layer25.pim_expert_compute,pim_expert,PIM_COMPUTE,step0.layer25.pim_gwrite,2582.060376000,60.162648000,2642.223024000,step0.layer25.pim_gwrite,expert GEMV from Ramulator cycle-v0 table
0,25,step0.layer25.pim_read,pim_read,GPU_PIM_IO,step0.layer25.pim_expert_compute,2642.223024000,0.039936000,2642.262960000,step0.layer25.pim_expert_compute,PIM result read from Ramulator cycle-v0 table
0,25,step0.layer25.combine,combine,GPU_COMPUTE,step0.layer25.gpu_expert_compute;step0.layer25.pim_read,2642.262960000,1.036864000,2643.299824000,step0.layer25.pim_read,weighted expert combine
0,25,step0.layer25.residual2,residual,GPU_COMPUTE,step0.layer25.combine,2643.299824000,1.012288000,2644.312112000,step0.layer25.combine,residual add
0,26,step0.layer26.norm1,norm,GPU_COMPUTE,step0.layer25.residual2,2644.312112000,1.008192000,2645.320304000,step0.layer25.residual2,RMSNorm
0,26,step0.layer26.qkv,qkv,GPU_COMPUTE,step0.layer26.norm1,2645.320304000,3.635776000,2648.956080000,step0.layer26.norm1,QKV projection
0,26,step0.layer26.rope,rope,GPU_COMPUTE,step0.layer26.qkv,2648.956080000,1.018432000,2649.974512000,step0.layer26.qkv,QK norm and RoPE
0,26,step0.layer26.attention,attention,PIM_COMPUTE,step0.layer26.rope,2649.974512000,18.905016000,2668.879528000,step0.layer26.rope,decode attention from Ramulator cycle-v0 table
0,26,step0.layer26.o_proj,attention_output,GPU_COMPUTE,step0.layer26.attention,2668.879528000,3.109440000,2671.988968000,step0.layer26.attention,attention output projection
0,26,step0.layer26.residual1,residual,GPU_COMPUTE,step0.layer26.o_proj,2671.988968000,1.012288000,2673.001256000,step0.layer26.o_proj,residual add
0,26,step0.layer26.norm2,norm,GPU_COMPUTE,step0.layer26.residual1,2673.001256000,1.008192000,2674.009448000,step0.layer26.residual1,RMSNorm
0,26,step0.layer26.router,router,GPU_COMPUTE,step0.layer26.norm2,2674.009448000,2.069888000,2676.079336000,step0.layer26.norm2,MoE router
0,26,step0.layer26.metadata,metadata,GPU_COMPUTE,step0.layer26.router,2676.079336000,1.000128000,2677.079464000,step0.layer26.router,routing metadata
0,26,step0.layer26.dispatch,dispatch,,step0.layer26.metadata,2677.079464000,0.000000000,2677.079464000,step0.layer26.metadata,single-GPU dispatch placeholder
0,26,step0.layer26.scheduler,scheduler,GPU_COMPUTE,step0.layer26.metadata,2677.079464000,0.000000000,2677.079464000,step0.layer26.metadata,pimoe placement policy
0,26,step0.layer26.gpu_weight_load,gpu_weight_load,HBM_MEM_PATH,step0.layer26.scheduler,2677.079464000,2.359296000,2679.438760000,step0.layer26.scheduler,expert weights HBM to GPU
0,26,step0.layer26.gpu_expert_compute,gpu_expert,GPU_COMPUTE,step0.layer26.gpu_weight_load;step0.layer26.dispatch,2679.438760000,3.054525952,2682.493285952,step0.layer26.gpu_weight_load,grouped expert GEMM
0,26,step0.layer26.pim_gwrite,pim_write,GPU_PIM_IO,step0.layer26.scheduler;step0.layer26.dispatch,2677.079464000,6.685224000,2683.764688000,step0.layer26.scheduler,PIM_GWRITE from Ramulator cycle-v0 table
0,26,step0.layer26.pim_expert_compute,pim_expert,PIM_COMPUTE,step0.layer26.pim_gwrite,2683.764688000,60.162648000,2743.927336000,step0.layer26.pim_gwrite,expert GEMV from Ramulator cycle-v0 table
0,26,step0.layer26.pim_read,pim_read,GPU_PIM_IO,step0.layer26.pim_expert_compute,2743.927336000,0.039936000,2743.967272000,step0.layer26.pim_expert_compute,PIM result read from Ramulator cycle-v0 table
0,26,step0.layer26.combine,combine,GPU_COMPUTE,step0.layer26.gpu_expert_compute;step0.layer26.pim_read,2743.967272000,1.036864000,2745.004136000,step0.layer26.pim_read,weighted expert combine
0,26,step0.layer26.residual2,residual,GPU_COMPUTE,step0.layer26.combine,2745.004136000,1.012288000,2746.016424000,step0.layer26.combine,residual add
0,27,step0.layer27.norm1,norm,GPU_COMPUTE,step0.layer26.residual2,2746.016424000,1.008192000,2747.024616000,step0.layer26.residual2,RMSNorm
0,27,step0.layer27.qkv,qkv,GPU_COMPUTE,step0.layer27.norm1,2747.024616000,3.635776000,2750.660392000,step0.layer27.norm1,QKV projection
0,27,step0.layer27.rope,rope,GPU_COMPUTE,step0.layer27.qkv,2750.660392000,1.018432000,2751.678824000,step0.layer27.qkv,QK norm and RoPE
0,27,step0.layer27.attention,attention,PIM_COMPUTE,step0.layer27.rope,2751.678824000,18.905016000,2770.583840000,step0.layer27.rope,decode attention from Ramulator cycle-v0 table
0,27,step0.layer27.o_proj,attention_output,GPU_COMPUTE,step0.layer27.attention,2770.583840000,3.109440000,2773.693280000,step0.layer27.attention,attention output projection
0,27,step0.layer27.residual1,residual,GPU_COMPUTE,step0.layer27.o_proj,2773.693280000,1.012288000,2774.705568000,step0.layer27.o_proj,residual add
0,27,step0.layer27.norm2,norm,GPU_COMPUTE,step0.layer27.residual1,2774.705568000,1.008192000,2775.713760000,step0.layer27.residual1,RMSNorm
0,27,step0.layer27.router,router,GPU_COMPUTE,step0.layer27.norm2,2775.713760000,2.069888000,2777.783648000,step0.layer27.norm2,MoE router
0,27,step0.layer27.metadata,metadata,GPU_COMPUTE,step0.layer27.router,2777.783648000,1.000128000,2778.783776000,step0.layer27.router,routing metadata
0,27,step0.layer27.dispatch,dispatch,,step0.layer27.metadata,2778.783776000,0.000000000,2778.783776000,step0.layer27.metadata,single-GPU dispatch placeholder
0,27,step0.layer27.scheduler,scheduler,GPU_COMPUTE,step0.layer27.metadata,2778.783776000,0.000000000,2778.783776000,step0.layer27.metadata,pimoe placement policy
0,27,step0.layer27.gpu_weight_load,gpu_weight_load,HBM_MEM_PATH,step0.layer27.scheduler,2778.783776000,2.359296000,2781.143072000,step0.layer27.scheduler,expert weights HBM to GPU
0,27,step0.layer27.gpu_expert_compute,gpu_expert,GPU_COMPUTE,step0.layer27.gpu_weight_load;step0.layer27.dispatch,2781.143072000,3.054525952,2784.197597952,step0.layer27.gpu_weight_load,grouped expert GEMM
0,27,step0.layer27.pim_gwrite,pim_write,GPU_PIM_IO,step0.layer27.scheduler;step0.layer27.dispatch,2778.783776000,6.685224000,2785.469000000,step0.layer27.scheduler,PIM_GWRITE from Ramulator cycle-v0 table
0,27,step0.layer27.pim_expert_compute,pim_expert,PIM_COMPUTE,step0.layer27.pim_gwrite,2785.469000000,60.162648000,2845.631648000,step0.layer27.pim_gwrite,expert GEMV from Ramulator cycle-v0 table
0,27,step0.layer27.pim_read,pim_read,GPU_PIM_IO,step0.layer27.pim_expert_compute,2845.631648000,0.039936000,2845.671584000,step0.layer27.pim_expert_compute,PIM result read from Ramulator cycle-v0 table
0,27,step0.layer27.combine,combine,GPU_COMPUTE,step0.layer27.gpu_expert_compute;step0.layer27.pim_read,2845.671584000,1.036864000,2846.708448000,step0.layer27.pim_read,weighted expert combine
0,27,step0.layer27.residual2,residual,GPU_COMPUTE,step0.layer27.combine,2846.708448000,1.012288000,2847.720736000,step0.layer27.combine,residual add
0,28,step0.layer28.norm1,norm,GPU_COMPUTE,step0.layer27.residual2,2847.720736000,1.008192000,2848.728928000,step0.layer27.residual2,RMSNorm
0,28,step0.layer28.qkv,qkv,GPU_COMPUTE,step0.layer28.norm1,2848.728928000,3.635776000,2852.364704000,step0.layer28.norm1,QKV projection
0,28,step0.layer28.rope,rope,GPU_COMPUTE,step0.layer28.qkv,2852.364704000,1.018432000,2853.383136000,step0.layer28.qkv,QK norm and RoPE
0,28,step0.layer28.attention,attention,PIM_COMPUTE,step0.layer28.rope,2853.383136000,18.905016000,2872.288152000,step0.layer28.rope,decode attention from Ramulator cycle-v0 table
0,28,step0.layer28.o_proj,attention_output,GPU_COMPUTE,step0.layer28.attention,2872.288152000,3.109440000,2875.397592000,step0.layer28.attention,attention output projection
0,28,step0.layer28.residual1,residual,GPU_COMPUTE,step0.layer28.o_proj,2875.397592000,1.012288000,2876.409880000,step0.layer28.o_proj,residual add
0,28,step0.layer28.norm2,norm,GPU_COMPUTE,step0.layer28.residual1,2876.409880000,1.008192000,2877.418072000,step0.layer28.residual1,RMSNorm
0,28,step0.layer28.router,router,GPU_COMPUTE,step0.layer28.norm2,2877.418072000,2.069888000,2879.487960000,step0.layer28.norm2,MoE router
0,28,step0.layer28.metadata,metadata,GPU_COMPUTE,step0.layer28.router,2879.487960000,1.000128000,2880.488088000,step0.layer28.router,routing metadata
0,28,step0.layer28.dispatch,dispatch,,step0.layer28.metadata,2880.488088000,0.000000000,2880.488088000,step0.layer28.metadata,single-GPU dispatch placeholder
0,28,step0.layer28.scheduler,scheduler,GPU_COMPUTE,step0.layer28.metadata,2880.488088000,0.000000000,2880.488088000,step0.layer28.metadata,pimoe placement policy
0,28,step0.layer28.gpu_weight_load,gpu_weight_load,HBM_MEM_PATH,step0.layer28.scheduler,2880.488088000,2.359296000,2882.847384000,step0.layer28.scheduler,expert weights HBM to GPU
0,28,step0.layer28.gpu_expert_compute,gpu_expert,GPU_COMPUTE,step0.layer28.gpu_weight_load;step0.layer28.dispatch,2882.847384000,3.054525952,2885.901909952,step0.layer28.gpu_weight_load,grouped expert GEMM
0,28,step0.layer28.pim_gwrite,pim_write,GPU_PIM_IO,step0.layer28.scheduler;step0.layer28.dispatch,2880.488088000,6.685224000,2887.173312000,step0.layer28.scheduler,PIM_GWRITE from Ramulator cycle-v0 table
0,28,step0.layer28.pim_expert_compute,pim_expert,PIM_COMPUTE,step0.layer28.pim_gwrite,2887.173312000,60.162648000,2947.335960000,step0.layer28.pim_gwrite,expert GEMV from Ramulator cycle-v0 table
0,28,step0.layer28.pim_read,pim_read,GPU_PIM_IO,step0.layer28.pim_expert_compute,2947.335960000,0.039936000,2947.375896000,step0.layer28.pim_expert_compute,PIM result read from Ramulator cycle-v0 table
0,28,step0.layer28.combine,combine,GPU_COMPUTE,step0.layer28.gpu_expert_compute;step0.layer28.pim_read,2947.375896000,1.036864000,2948.412760000,step0.layer28.pim_read,weighted expert combine
0,28,step0.layer28.residual2,residual,GPU_COMPUTE,step0.layer28.combine,2948.412760000,1.012288000,2949.425048000,step0.layer28.combine,residual add
0,29,step0.layer29.norm1,norm,GPU_COMPUTE,step0.layer28.residual2,2949.425048000,1.008192000,2950.433240000,step0.layer28.residual2,RMSNorm
0,29,step0.layer29.qkv,qkv,GPU_COMPUTE,step0.layer29.norm1,2950.433240000,3.635776000,2954.069016000,step0.layer29.norm1,QKV projection
0,29,step0.layer29.rope,rope,GPU_COMPUTE,step0.layer29.qkv,2954.069016000,1.018432000,2955.087448000,step0.layer29.qkv,QK norm and RoPE
0,29,step0.layer29.attention,attention,PIM_COMPUTE,step0.layer29.rope,2955.087448000,18.905016000,2973.992464000,step0.layer29.rope,decode attention from Ramulator cycle-v0 table
0,29,step0.layer29.o_proj,attention_output,GPU_COMPUTE,step0.layer29.attention,2973.992464000,3.109440000,2977.101904000,step0.layer29.attention,attention output projection
0,29,step0.layer29.residual1,residual,GPU_COMPUTE,step0.layer29.o_proj,2977.101904000,1.012288000,2978.114192000,step0.layer29.o_proj,residual add
0,29,step0.layer29.norm2,norm,GPU_COMPUTE,step0.layer29.residual1,2978.114192000,1.008192000,2979.122384000,step0.layer29.residual1,RMSNorm
0,29,step0.layer29.router,router,GPU_COMPUTE,step0.layer29.norm2,2979.122384000,2.069888000,2981.192272000,step0.layer29.norm2,MoE router
0,29,step0.layer29.metadata,metadata,GPU_COMPUTE,step0.layer29.router,2981.192272000,1.000128000,2982.192400000,step0.layer29.router,routing metadata
0,29,step0.layer29.dispatch,dispatch,,step0.layer29.metadata,2982.192400000,0.000000000,2982.192400000,step0.layer29.metadata,single-GPU dispatch placeholder
0,29,step0.layer29.scheduler,scheduler,GPU_COMPUTE,step0.layer29.metadata,2982.192400000,0.000000000,2982.192400000,step0.layer29.metadata,pimoe placement policy
0,29,step0.layer29.gpu_weight_load,gpu_weight_load,HBM_MEM_PATH,step0.layer29.scheduler,2982.192400000,2.359296000,2984.551696000,step0.layer29.scheduler,expert weights HBM to GPU
0,29,step0.layer29.gpu_expert_compute,gpu_expert,GPU_COMPUTE,step0.layer29.gpu_weight_load;step0.layer29.dispatch,2984.551696000,3.054525952,2987.606221952,step0.layer29.gpu_weight_load,grouped expert GEMM
0,29,step0.layer29.pim_gwrite,pim_write,GPU_PIM_IO,step0.layer29.scheduler;step0.layer29.dispatch,2982.192400000,6.685224000,2988.877624000,step0.layer29.scheduler,PIM_GWRITE from Ramulator cycle-v0 table
0,29,step0.layer29.pim_expert_compute,pim_expert,PIM_COMPUTE,step0.layer29.pim_gwrite,2988.877624000,60.162648000,3049.040272000,step0.layer29.pim_gwrite,expert GEMV from Ramulator cycle-v0 table
0,29,step0.layer29.pim_read,pim_read,GPU_PIM_IO,step0.layer29.pim_expert_compute,3049.040272000,0.039936000,3049.080208000,step0.layer29.pim_expert_compute,PIM result read from Ramulator cycle-v0 table
0,29,step0.layer29.combine,combine,GPU_COMPUTE,step0.layer29.gpu_expert_compute;step0.layer29.pim_read,3049.080208000,1.036864000,3050.117072000,step0.layer29.pim_read,weighted expert combine
0,29,step0.layer29.residual2,residual,GPU_COMPUTE,step0.layer29.combine,3050.117072000,1.012288000,3051.129360000,step0.layer29.combine,residual add
0,30,step0.layer30.norm1,norm,GPU_COMPUTE,step0.layer29.residual2,3051.129360000,1.008192000,3052.137552000,step0.layer29.residual2,RMSNorm
0,30,step0.layer30.qkv,qkv,GPU_COMPUTE,step0.layer30.norm1,3052.137552000,3.635776000,3055.773328000,step0.layer30.norm1,QKV projection
0,30,step0.layer30.rope,rope,GPU_COMPUTE,step0.layer30.qkv,3055.773328000,1.018432000,3056.791760000,step0.layer30.qkv,QK norm and RoPE
0,30,step0.layer30.attention,attention,PIM_COMPUTE,step0.layer30.rope,3056.791760000,18.905016000,3075.696776000,step0.layer30.rope,decode attention from Ramulator cycle-v0 table
0,30,step0.layer30.o_proj,attention_output,GPU_COMPUTE,step0.layer30.attention,3075.696776000,3.109440000,3078.806216000,step0.layer30.attention,attention output projection
0,30,step0.layer30.residual1,residual,GPU_COMPUTE,step0.layer30.o_proj,3078.806216000,1.012288000,3079.818504000,step0.layer30.o_proj,residual add
0,30,step0.layer30.norm2,norm,GPU_COMPUTE,step0.layer30.residual1,3079.818504000,1.008192000,3080.826696000,step0.layer30.residual1,RMSNorm
0,30,step0.layer30.router,router,GPU_COMPUTE,step0.layer30.norm2,3080.826696000,2.069888000,3082.896584000,step0.layer30.norm2,MoE router
0,30,step0.layer30.metadata,metadata,GPU_COMPUTE,step0.layer30.router,3082.896584000,1.000128000,3083.896712000,step0.layer30.router,routing metadata
0,30,step0.layer30.dispatch,dispatch,,step0.layer30.metadata,3083.896712000,0.000000000,3083.896712000,step0.layer30.metadata,single-GPU dispatch placeholder
0,30,step0.layer30.scheduler,scheduler,GPU_COMPUTE,step0.layer30.metadata,3083.896712000,0.000000000,3083.896712000,step0.layer30.metadata,pimoe placement policy
0,30,step0.layer30.gpu_weight_load,gpu_weight_load,HBM_MEM_PATH,step0.layer30.scheduler,3083.896712000,2.359296000,3086.256008000,step0.layer30.scheduler,expert weights HBM to GPU
0,30,step0.layer30.gpu_expert_compute,gpu_expert,GPU_COMPUTE,step0.layer30.gpu_weight_load;step0.layer30.dispatch,3086.256008000,3.054525952,3089.310533952,step0.layer30.gpu_weight_load,grouped expert GEMM
0,30,step0.layer30.pim_gwrite,pim_write,GPU_PIM_IO,step0.layer30.scheduler;step0.layer30.dispatch,3083.896712000,6.685224000,3090.581936000,step0.layer30.scheduler,PIM_GWRITE from Ramulator cycle-v0 table
0,30,step0.layer30.pim_expert_compute,pim_expert,PIM_COMPUTE,step0.layer30.pim_gwrite,3090.581936000,60.162648000,3150.744584000,step0.layer30.pim_gwrite,expert GEMV from Ramulator cycle-v0 table
0,30,step0.layer30.pim_read,pim_read,GPU_PIM_IO,step0.layer30.pim_expert_compute,3150.744584000,0.039936000,3150.784520000,step0.layer30.pim_expert_compute,PIM result read from Ramulator cycle-v0 table
0,30,step0.layer30.combine,combine,GPU_COMPUTE,step0.layer30.gpu_expert_compute;step0.layer30.pim_read,3150.784520000,1.036864000,3151.821384000,step0.layer30.pim_read,weighted expert combine
0,30,step0.layer30.residual2,residual,GPU_COMPUTE,step0.layer30.combine,3151.821384000,1.012288000,3152.833672000,step0.layer30.combine,residual add
0,31,step0.layer31.norm1,norm,GPU_COMPUTE,step0.layer30.residual2,3152.833672000,1.008192000,3153.841864000,step0.layer30.residual2,RMSNorm
0,31,step0.layer31.qkv,qkv,GPU_COMPUTE,step0.layer31.norm1,3153.841864000,3.635776000,3157.477640000,step0.layer31.norm1,QKV projection
0,31,step0.layer31.rope,rope,GPU_COMPUTE,step0.layer31.qkv,3157.477640000,1.018432000,3158.496072000,step0.layer31.qkv,QK norm and RoPE
0,31,step0.layer31.attention,attention,PIM_COMPUTE,step0.layer31.rope,3158.496072000,18.905016000,3177.401088000,step0.layer31.rope,decode attention from Ramulator cycle-v0 table
0,31,step0.layer31.o_proj,attention_output,GPU_COMPUTE,step0.layer31.attention,3177.401088000,3.109440000,3180.510528000,step0.layer31.attention,attention output projection
0,31,step0.layer31.residual1,residual,GPU_COMPUTE,step0.layer31.o_proj,3180.510528000,1.012288000,3181.522816000,step0.layer31.o_proj,residual add
0,31,step0.layer31.norm2,norm,GPU_COMPUTE,step0.layer31.residual1,3181.522816000,1.008192000,3182.531008000,step0.layer31.residual1,RMSNorm
0,31,step0.layer31.router,router,GPU_COMPUTE,step0.layer31.norm2,3182.531008000,2.069888000,3184.600896000,step0.layer31.norm2,MoE router
0,31,step0.layer31.metadata,metadata,GPU_COMPUTE,step0.layer31.router,3184.600896000,1.000128000,3185.601024000,step0.layer31.router,routing metadata
0,31,step0.layer31.dispatch,dispatch,,step0.layer31.metadata,3185.601024000,0.000000000,3185.601024000,step0.layer31.metadata,single-GPU dispatch placeholder
0,31,step0.layer31.scheduler,scheduler,GPU_COMPUTE,step0.layer31.metadata,3185.601024000,0.000000000,3185.601024000,step0.layer31.metadata,pimoe placement policy
0,31,step0.layer31.gpu_weight_load,gpu_weight_load,HBM_MEM_PATH,step0.layer31.scheduler,3185.601024000,2.359296000,3187.960320000,step0.layer31.scheduler,expert weights HBM to GPU
0,31,step0.layer31.gpu_expert_compute,gpu_expert,GPU_COMPUTE,step0.layer31.gpu_weight_load;step0.layer31.dispatch,3187.960320000,3.054525952,3191.014845952,step0.layer31.gpu_weight_load,grouped expert GEMM
0,31,step0.layer31.pim_gwrite,pim_write,GPU_PIM_IO,step0.layer31.scheduler;step0.layer31.dispatch,3185.601024000,6.685224000,3192.286248000,step0.layer31.scheduler,PIM_GWRITE from Ramulator cycle-v0 table
0,31,step0.layer31.pim_expert_compute,pim_expert,PIM_COMPUTE,step0.layer31.pim_gwrite,3192.286248000,60.162648000,3252.448896000,step0.layer31.pim_gwrite,expert GEMV from Ramulator cycle-v0 table
0,31,step0.layer31.pim_read,pim_read,GPU_PIM_IO,step0.layer31.pim_expert_compute,3252.448896000,0.039936000,3252.488832000,step0.layer31.pim_expert_compute,PIM result read from Ramulator cycle-v0 table
0,31,step0.layer31.combine,combine,GPU_COMPUTE,step0.layer31.gpu_expert_compute;step0.layer31.pim_read,3252.488832000,1.036864000,3253.525696000,step0.layer31.pim_read,weighted expert combine
0,31,step0.layer31.residual2,residual,GPU_COMPUTE,step0.layer31.combine,3253.525696000,1.012288000,3254.537984000,step0.layer31.combine,residual add
0,32,step0.layer32.norm1,norm,GPU_COMPUTE,step0.layer31.residual2,3254.537984000,1.008192000,3255.546176000,step0.layer31.residual2,RMSNorm
0,32,step0.layer32.qkv,qkv,GPU_COMPUTE,step0.layer32.norm1,3255.546176000,3.635776000,3259.181952000,step0.layer32.norm1,QKV projection
0,32,step0.layer32.rope,rope,GPU_COMPUTE,step0.layer32.qkv,3259.181952000,1.018432000,3260.200384000,step0.layer32.qkv,QK norm and RoPE
0,32,step0.layer32.attention,attention,PIM_COMPUTE,step0.layer32.rope,3260.200384000,18.905016000,3279.105400000,step0.layer32.rope,decode attention from Ramulator cycle-v0 table
0,32,step0.layer32.o_proj,attention_output,GPU_COMPUTE,step0.layer32.attention,3279.105400000,3.109440000,3282.214840000,step0.layer32.attention,attention output projection
0,32,step0.layer32.residual1,residual,GPU_COMPUTE,step0.layer32.o_proj,3282.214840000,1.012288000,3283.227128000,step0.layer32.o_proj,residual add
0,32,step0.layer32.norm2,norm,GPU_COMPUTE,step0.layer32.residual1,3283.227128000,1.008192000,3284.235320000,step0.layer32.residual1,RMSNorm
0,32,step0.layer32.router,router,GPU_COMPUTE,step0.layer32.norm2,3284.235320000,2.069888000,3286.305208000,step0.layer32.norm2,MoE router
0,32,step0.layer32.metadata,metadata,GPU_COMPUTE,step0.layer32.router,3286.305208000,1.000128000,3287.305336000,step0.layer32.router,routing metadata
0,32,step0.layer32.dispatch,dispatch,,step0.layer32.metadata,3287.305336000,0.000000000,3287.305336000,step0.layer32.metadata,single-GPU dispatch placeholder
0,32,step0.layer32.scheduler,scheduler,GPU_COMPUTE,step0.layer32.metadata,3287.305336000,0.000000000,3287.305336000,step0.layer32.metadata,pimoe placement policy
0,32,step0.layer32.gpu_weight_load,gpu_weight_load,HBM_MEM_PATH,step0.layer32.scheduler,3287.305336000,2.359296000,3289.664632000,step0.layer32.scheduler,expert weights HBM to GPU
0,32,step0.layer32.gpu_expert_compute,gpu_expert,GPU_COMPUTE,step0.layer32.gpu_weight_load;step0.layer32.dispatch,3289.664632000,3.054525952,3292.719157952,step0.layer32.gpu_weight_load,grouped expert GEMM
0,32,step0.layer32.pim_gwrite,pim_write,GPU_PIM_IO,step0.layer32.scheduler;step0.layer32.dispatch,3287.305336000,6.685224000,3293.990560000,step0.layer32.scheduler,PIM_GWRITE from Ramulator cycle-v0 table
0,32,step0.layer32.pim_expert_compute,pim_expert,PIM_COMPUTE,step0.layer32.pim_gwrite,3293.990560000,60.162648000,3354.153208000,step0.layer32.pim_gwrite,expert GEMV from Ramulator cycle-v0 table
0,32,step0.layer32.pim_read,pim_read,GPU_PIM_IO,step0.layer32.pim_expert_compute,3354.153208000,0.039936000,3354.193144000,step0.layer32.pim_expert_compute,PIM result read from Ramulator cycle-v0 table
0,32,step0.layer32.combine,combine,GPU_COMPUTE,step0.layer32.gpu_expert_compute;step0.layer32.pim_read,3354.193144000,1.036864000,3355.230008000,step0.layer32.pim_read,weighted expert combine
0,32,step0.layer32.residual2,residual,GPU_COMPUTE,step0.layer32.combine,3355.230008000,1.012288000,3356.242296000,step0.layer32.combine,residual add
0,33,step0.layer33.norm1,norm,GPU_COMPUTE,step0.layer32.residual2,3356.242296000,1.008192000,3357.250488000,step0.layer32.residual2,RMSNorm
0,33,step0.layer33.qkv,qkv,GPU_COMPUTE,step0.layer33.norm1,3357.250488000,3.635776000,3360.886264000,step0.layer33.norm1,QKV projection
0,33,step0.layer33.rope,rope,GPU_COMPUTE,step0.layer33.qkv,3360.886264000,1.018432000,3361.904696000,step0.layer33.qkv,QK norm and RoPE
0,33,step0.layer33.attention,attention,PIM_COMPUTE,step0.layer33.rope,3361.904696000,18.905016000,3380.809712000,step0.layer33.rope,decode attention from Ramulator cycle-v0 table
0,33,step0.layer33.o_proj,attention_output,GPU_COMPUTE,step0.layer33.attention,3380.809712000,3.109440000,3383.919152000,step0.layer33.attention,attention output projection
0,33,step0.layer33.residual1,residual,GPU_COMPUTE,step0.layer33.o_proj,3383.919152000,1.012288000,3384.931440000,step0.layer33.o_proj,residual add
0,33,step0.layer33.norm2,norm,GPU_COMPUTE,step0.layer33.residual1,3384.931440000,1.008192000,3385.939632000,step0.layer33.residual1,RMSNorm
0,33,step0.layer33.router,router,GPU_COMPUTE,step0.layer33.norm2,3385.939632000,2.069888000,3388.009520000,step0.layer33.norm2,MoE router
0,33,step0.layer33.metadata,metadata,GPU_COMPUTE,step0.layer33.router,3388.009520000,1.000128000,3389.009648000,step0.layer33.router,routing metadata
0,33,step0.layer33.dispatch,dispatch,,step0.layer33.metadata,3389.009648000,0.000000000,3389.009648000,step0.layer33.metadata,single-GPU dispatch placeholder
0,33,step0.layer33.scheduler,scheduler,GPU_COMPUTE,step0.layer33.metadata,3389.009648000,0.000000000,3389.009648000,step0.layer33.metadata,pimoe placement policy
0,33,step0.layer33.gpu_weight_load,gpu_weight_load,HBM_MEM_PATH,step0.layer33.scheduler,3389.009648000,2.359296000,3391.368944000,step0.layer33.scheduler,expert weights HBM to GPU
0,33,step0.layer33.gpu_expert_compute,gpu_expert,GPU_COMPUTE,step0.layer33.gpu_weight_load;step0.layer33.dispatch,3391.368944000,3.054525952,3394.423469952,step0.layer33.gpu_weight_load,grouped expert GEMM
0,33,step0.layer33.pim_gwrite,pim_write,GPU_PIM_IO,step0.layer33.scheduler;step0.layer33.dispatch,3389.009648000,6.685224000,3395.694872000,step0.layer33.scheduler,PIM_GWRITE from Ramulator cycle-v0 table
0,33,step0.layer33.pim_expert_compute,pim_expert,PIM_COMPUTE,step0.layer33.pim_gwrite,3395.694872000,60.162648000,3455.857520000,step0.layer33.pim_gwrite,expert GEMV from Ramulator cycle-v0 table
0,33,step0.layer33.pim_read,pim_read,GPU_PIM_IO,step0.layer33.pim_expert_compute,3455.857520000,0.039936000,3455.897456000,step0.layer33.pim_expert_compute,PIM result read from Ramulator cycle-v0 table
0,33,step0.layer33.combine,combine,GPU_COMPUTE,step0.layer33.gpu_expert_compute;step0.layer33.pim_read,3455.897456000,1.036864000,3456.934320000,step0.layer33.pim_read,weighted expert combine
0,33,step0.layer33.residual2,residual,GPU_COMPUTE,step0.layer33.combine,3456.934320000,1.012288000,3457.946608000,step0.layer33.combine,residual add
0,34,step0.layer34.norm1,norm,GPU_COMPUTE,step0.layer33.residual2,3457.946608000,1.008192000,3458.954800000,step0.layer33.residual2,RMSNorm
0,34,step0.layer34.qkv,qkv,GPU_COMPUTE,step0.layer34.norm1,3458.954800000,3.635776000,3462.590576000,step0.layer34.norm1,QKV projection
0,34,step0.layer34.rope,rope,GPU_COMPUTE,step0.layer34.qkv,3462.590576000,1.018432000,3463.609008000,step0.layer34.qkv,QK norm and RoPE
0,34,step0.layer34.attention,attention,PIM_COMPUTE,step0.layer34.rope,3463.609008000,18.905016000,3482.514024000,step0.layer34.rope,decode attention from Ramulator cycle-v0 table
0,34,step0.layer34.o_proj,attention_output,GPU_COMPUTE,step0.layer34.attention,3482.514024000,3.109440000,3485.623464000,step0.layer34.attention,attention output projection
0,34,step0.layer34.residual1,residual,GPU_COMPUTE,step0.layer34.o_proj,3485.623464000,1.012288000,3486.635752000,step0.layer34.o_proj,residual add
0,34,step0.layer34.norm2,norm,GPU_COMPUTE,step0.layer34.residual1,3486.635752000,1.008192000,3487.643944000,step0.layer34.residual1,RMSNorm
0,34,step0.layer34.router,router,GPU_COMPUTE,step0.layer34.norm2,3487.643944000,2.069888000,3489.713832000,step0.layer34.norm2,MoE router
0,34,step0.layer34.metadata,metadata,GPU_COMPUTE,step0.layer34.router,3489.713832000,1.000128000,3490.713960000,step0.layer34.router,routing metadata
0,34,step0.layer34.dispatch,dispatch,,step0.layer34.metadata,3490.713960000,0.000000000,3490.713960000,step0.layer34.metadata,single-GPU dispatch placeholder
0,34,step0.layer34.scheduler,scheduler,GPU_COMPUTE,step0.layer34.metadata,3490.713960000,0.000000000,3490.713960000,step0.layer34.metadata,pimoe placement policy
0,34,step0.layer34.gpu_weight_load,gpu_weight_load,HBM_MEM_PATH,step0.layer34.scheduler,3490.713960000,2.359296000,3493.073256000,step0.layer34.scheduler,expert weights HBM to GPU
0,34,step0.layer34.gpu_expert_compute,gpu_expert,GPU_COMPUTE,step0.layer34.gpu_weight_load;step0.layer34.dispatch,3493.073256000,3.054525952,3496.127781952,step0.layer34.gpu_weight_load,grouped expert GEMM
0,34,step0.layer34.pim_gwrite,pim_write,GPU_PIM_IO,step0.layer34.scheduler;step0.layer34.dispatch,3490.713960000,6.685224000,3497.399184000,step0.layer34.scheduler,PIM_GWRITE from Ramulator cycle-v0 table
0,34,step0.layer34.pim_expert_compute,pim_expert,PIM_COMPUTE,step0.layer34.pim_gwrite,3497.399184000,60.162648000,3557.561832000,step0.layer34.pim_gwrite,expert GEMV from Ramulator cycle-v0 table
0,34,step0.layer34.pim_read,pim_read,GPU_PIM_IO,step0.layer34.pim_expert_compute,3557.561832000,0.039936000,3557.601768000,step0.layer34.pim_expert_compute,PIM result read from Ramulator cycle-v0 table
0,34,step0.layer34.combine,combine,GPU_COMPUTE,step0.layer34.gpu_expert_compute;step0.layer34.pim_read,3557.601768000,1.036864000,3558.638632000,step0.layer34.pim_read,weighted expert combine
0,34,step0.layer34.residual2,residual,GPU_COMPUTE,step0.layer34.combine,3558.638632000,1.012288000,3559.650920000,step0.layer34.combine,residual add
0,35,step0.layer35.norm1,norm,GPU_COMPUTE,step0.layer34.residual2,3559.650920000,1.008192000,3560.659112000,step0.layer34.residual2,RMSNorm
0,35,step0.layer35.qkv,qkv,GPU_COMPUTE,step0.layer35.norm1,3560.659112000,3.635776000,3564.294888000,step0.layer35.norm1,QKV projection
0,35,step0.layer35.rope,rope,GPU_COMPUTE,step0.layer35.qkv,3564.294888000,1.018432000,3565.313320000,step0.layer35.qkv,QK norm and RoPE
0,35,step0.layer35.attention,attention,PIM_COMPUTE,step0.layer35.rope,3565.313320000,18.905016000,3584.218336000,step0.layer35.rope,decode attention from Ramulator cycle-v0 table
0,35,step0.layer35.o_proj,attention_output,GPU_COMPUTE,step0.layer35.attention,3584.218336000,3.109440000,3587.327776000,step0.layer35.attention,attention output projection
0,35,step0.layer35.residual1,residual,GPU_COMPUTE,step0.layer35.o_proj,3587.327776000,1.012288000,3588.340064000,step0.layer35.o_proj,residual add
0,35,step0.layer35.norm2,norm,GPU_COMPUTE,step0.layer35.residual1,3588.340064000,1.008192000,3589.348256000,step0.layer35.residual1,RMSNorm
0,35,step0.layer35.router,router,GPU_COMPUTE,step0.layer35.norm2,3589.348256000,2.069888000,3591.418144000,step0.layer35.norm2,MoE router
0,35,step0.layer35.metadata,metadata,GPU_COMPUTE,step0.layer35.router,3591.418144000,1.000128000,3592.418272000,step0.layer35.router,routing metadata
0,35,step0.layer35.dispatch,dispatch,,step0.layer35.metadata,3592.418272000,0.000000000,3592.418272000,step0.layer35.metadata,single-GPU dispatch placeholder
0,35,step0.layer35.scheduler,scheduler,GPU_COMPUTE,step0.layer35.metadata,3592.418272000,0.000000000,3592.418272000,step0.layer35.metadata,pimoe placement policy
0,35,step0.layer35.gpu_weight_load,gpu_weight_load,HBM_MEM_PATH,step0.layer35.scheduler,3592.418272000,2.359296000,3594.777568000,step0.layer35.scheduler,expert weights HBM to GPU
0,35,step0.layer35.gpu_expert_compute,gpu_expert,GPU_COMPUTE,step0.layer35.gpu_weight_load;step0.layer35.dispatch,3594.777568000,3.054525952,3597.832093952,step0.layer35.gpu_weight_load,grouped expert GEMM
0,35,step0.layer35.pim_gwrite,pim_write,GPU_PIM_IO,step0.layer35.scheduler;step0.layer35.dispatch,3592.418272000,6.685224000,3599.103496000,step0.layer35.scheduler,PIM_GWRITE from Ramulator cycle-v0 table
0,35,step0.layer35.pim_expert_compute,pim_expert,PIM_COMPUTE,step0.layer35.pim_gwrite,3599.103496000,60.162648000,3659.266144000,step0.layer35.pim_gwrite,expert GEMV from Ramulator cycle-v0 table
0,35,step0.layer35.pim_read,pim_read,GPU_PIM_IO,step0.layer35.pim_expert_compute,3659.266144000,0.039936000,3659.306080000,step0.layer35.pim_expert_compute,PIM result read from Ramulator cycle-v0 table
0,35,step0.layer35.combine,combine,GPU_COMPUTE,step0.layer35.gpu_expert_compute;step0.layer35.pim_read,3659.306080000,1.036864000,3660.342944000,step0.layer35.pim_read,weighted expert combine
0,35,step0.layer35.residual2,residual,GPU_COMPUTE,step0.layer35.combine,3660.342944000,1.012288000,3661.355232000,step0.layer35.combine,residual add
0,36,step0.layer36.norm1,norm,GPU_COMPUTE,step0.layer35.residual2,3661.355232000,1.008192000,3662.363424000,step0.layer35.residual2,RMSNorm
0,36,step0.layer36.qkv,qkv,GPU_COMPUTE,step0.layer36.norm1,3662.363424000,3.635776000,3665.999200000,step0.layer36.norm1,QKV projection
0,36,step0.layer36.rope,rope,GPU_COMPUTE,step0.layer36.qkv,3665.999200000,1.018432000,3667.017632000,step0.layer36.qkv,QK norm and RoPE
0,36,step0.layer36.attention,attention,PIM_COMPUTE,step0.layer36.rope,3667.017632000,18.905016000,3685.922648000,step0.layer36.rope,decode attention from Ramulator cycle-v0 table
0,36,step0.layer36.o_proj,attention_output,GPU_COMPUTE,step0.layer36.attention,3685.922648000,3.109440000,3689.032088000,step0.layer36.attention,attention output projection
0,36,step0.layer36.residual1,residual,GPU_COMPUTE,step0.layer36.o_proj,3689.032088000,1.012288000,3690.044376000,step0.layer36.o_proj,residual add
0,36,step0.layer36.norm2,norm,GPU_COMPUTE,step0.layer36.residual1,3690.044376000,1.008192000,3691.052568000,step0.layer36.residual1,RMSNorm
0,36,step0.layer36.router,router,GPU_COMPUTE,step0.layer36.norm2,3691.052568000,2.069888000,3693.122456000,step0.layer36.norm2,MoE router
0,36,step0.layer36.metadata,metadata,GPU_COMPUTE,step0.layer36.router,3693.122456000,1.000128000,3694.122584000,step0.layer36.router,routing metadata
0,36,step0.layer36.dispatch,dispatch,,step0.layer36.metadata,3694.122584000,0.000000000,3694.122584000,step0.layer36.metadata,single-GPU dispatch placeholder
0,36,step0.layer36.scheduler,scheduler,GPU_COMPUTE,step0.layer36.metadata,3694.122584000,0.000000000,3694.122584000,step0.layer36.metadata,pimoe placement policy
0,36,step0.layer36.gpu_weight_load,gpu_weight_load,HBM_MEM_PATH,step0.layer36.scheduler,3694.122584000,2.359296000,3696.481880000,step0.layer36.scheduler,expert weights HBM to GPU
0,36,step0.layer36.gpu_expert_compute,gpu_expert,GPU_COMPUTE,step0.layer36.gpu_weight_load;step0.layer36.dispatch,3696.481880000,3.054525952,3699.536405952,step0.layer36.gpu_weight_load,grouped expert GEMM
0,36,step0.layer36.pim_gwrite,pim_write,GPU_PIM_IO,step0.layer36.scheduler;step0.layer36.dispatch,3694.122584000,6.685224000,3700.807808000,step0.layer36.scheduler,PIM_GWRITE from Ramulator cycle-v0 table
0,36,step0.layer36.pim_expert_compute,pim_expert,PIM_COMPUTE,step0.layer36.pim_gwrite,3700.807808000,60.162648000,3760.970456000,step0.layer36.pim_gwrite,expert GEMV from Ramulator cycle-v0 table
0,36,step0.layer36.pim_read,pim_read,GPU_PIM_IO,step0.layer36.pim_expert_compute,3760.970456000,0.039936000,3761.010392000,step0.layer36.pim_expert_compute,PIM result read from Ramulator cycle-v0 table
0,36,step0.layer36.combine,combine,GPU_COMPUTE,step0.layer36.gpu_expert_compute;step0.layer36.pim_read,3761.010392000,1.036864000,3762.047256000,step0.layer36.pim_read,weighted expert combine
0,36,step0.layer36.residual2,residual,GPU_COMPUTE,step0.layer36.combine,3762.047256000,1.012288000,3763.059544000,step0.layer36.combine,residual add
0,37,step0.layer37.norm1,norm,GPU_COMPUTE,step0.layer36.residual2,3763.059544000,1.008192000,3764.067736000,step0.layer36.residual2,RMSNorm
0,37,step0.layer37.qkv,qkv,GPU_COMPUTE,step0.layer37.norm1,3764.067736000,3.635776000,3767.703512000,step0.layer37.norm1,QKV projection
0,37,step0.layer37.rope,rope,GPU_COMPUTE,step0.layer37.qkv,3767.703512000,1.018432000,3768.721944000,step0.layer37.qkv,QK norm and RoPE
0,37,step0.layer37.attention,attention,PIM_COMPUTE,step0.layer37.rope,3768.721944000,18.905016000,3787.626960000,step0.layer37.rope,decode attention from Ramulator cycle-v0 table
0,37,step0.layer37.o_proj,attention_output,GPU_COMPUTE,step0.layer37.attention,3787.626960000,3.109440000,3790.736400000,step0.layer37.attention,attention output projection
0,37,step0.layer37.residual1,residual,GPU_COMPUTE,step0.layer37.o_proj,3790.736400000,1.012288000,3791.748688000,step0.layer37.o_proj,residual add
0,37,step0.layer37.norm2,norm,GPU_COMPUTE,step0.layer37.residual1,3791.748688000,1.008192000,3792.756880000,step0.layer37.residual1,RMSNorm
0,37,step0.layer37.router,router,GPU_COMPUTE,step0.layer37.norm2,3792.756880000,2.069888000,3794.826768000,step0.layer37.norm2,MoE router
0,37,step0.layer37.metadata,metadata,GPU_COMPUTE,step0.layer37.router,3794.826768000,1.000128000,3795.826896000,step0.layer37.router,routing metadata
0,37,step0.layer37.dispatch,dispatch,,step0.layer37.metadata,3795.826896000,0.000000000,3795.826896000,step0.layer37.metadata,single-GPU dispatch placeholder
0,37,step0.layer37.scheduler,scheduler,GPU_COMPUTE,step0.layer37.metadata,3795.826896000,0.000000000,3795.826896000,step0.layer37.metadata,pimoe placement policy
0,37,step0.layer37.gpu_weight_load,gpu_weight_load,HBM_MEM_PATH,step0.layer37.scheduler,3795.826896000,2.359296000,3798.186192000,step0.layer37.scheduler,expert weights HBM to GPU
0,37,step0.layer37.gpu_expert_compute,gpu_expert,GPU_COMPUTE,step0.layer37.gpu_weight_load;step0.layer37.dispatch,3798.186192000,3.054525952,3801.240717952,step0.layer37.gpu_weight_load,grouped expert GEMM
0,37,step0.layer37.pim_gwrite,pim_write,GPU_PIM_IO,step0.layer37.scheduler;step0.layer37.dispatch,3795.826896000,6.685224000,3802.512120000,step0.layer37.scheduler,PIM_GWRITE from Ramulator cycle-v0 table
0,37,step0.layer37.pim_expert_compute,pim_expert,PIM_COMPUTE,step0.layer37.pim_gwrite,3802.512120000,60.162648000,3862.674768000,step0.layer37.pim_gwrite,expert GEMV from Ramulator cycle-v0 table
0,37,step0.layer37.pim_read,pim_read,GPU_PIM_IO,step0.layer37.pim_expert_compute,3862.674768000,0.039936000,3862.714704000,step0.layer37.pim_expert_compute,PIM result read from Ramulator cycle-v0 table
0,37,step0.layer37.combine,combine,GPU_COMPUTE,step0.layer37.gpu_expert_compute;step0.layer37.pim_read,3862.714704000,1.036864000,3863.751568000,step0.layer37.pim_read,weighted expert combine
0,37,step0.layer37.residual2,residual,GPU_COMPUTE,step0.layer37.combine,3863.751568000,1.012288000,3864.763856000,step0.layer37.combine,residual add
0,38,step0.layer38.norm1,norm,GPU_COMPUTE,step0.layer37.residual2,3864.763856000,1.008192000,3865.772048000,step0.layer37.residual2,RMSNorm
0,38,step0.layer38.qkv,qkv,GPU_COMPUTE,step0.layer38.norm1,3865.772048000,3.635776000,3869.407824000,step0.layer38.norm1,QKV projection
0,38,step0.layer38.rope,rope,GPU_COMPUTE,step0.layer38.qkv,3869.407824000,1.018432000,3870.426256000,step0.layer38.qkv,QK norm and RoPE
0,38,step0.layer38.attention,attention,PIM_COMPUTE,step0.layer38.rope,3870.426256000,18.905016000,3889.331272000,step0.layer38.rope,decode attention from Ramulator cycle-v0 table
0,38,step0.layer38.o_proj,attention_output,GPU_COMPUTE,step0.layer38.attention,3889.331272000,3.109440000,3892.440712000,step0.layer38.attention,attention output projection
0,38,step0.layer38.residual1,residual,GPU_COMPUTE,step0.layer38.o_proj,3892.440712000,1.012288000,3893.453000000,step0.layer38.o_proj,residual add
0,38,step0.layer38.norm2,norm,GPU_COMPUTE,step0.layer38.residual1,3893.453000000,1.008192000,3894.461192000,step0.layer38.residual1,RMSNorm
0,38,step0.layer38.router,router,GPU_COMPUTE,step0.layer38.norm2,3894.461192000,2.069888000,3896.531080000,step0.layer38.norm2,MoE router
0,38,step0.layer38.metadata,metadata,GPU_COMPUTE,step0.layer38.router,3896.531080000,1.000128000,3897.531208000,step0.layer38.router,routing metadata
0,38,step0.layer38.dispatch,dispatch,,step0.layer38.metadata,3897.531208000,0.000000000,3897.531208000,step0.layer38.metadata,single-GPU dispatch placeholder
0,38,step0.layer38.scheduler,scheduler,GPU_COMPUTE,step0.layer38.metadata,3897.531208000,0.000000000,3897.531208000,step0.layer38.metadata,pimoe placement policy
0,38,step0.layer38.gpu_weight_load,gpu_weight_load,HBM_MEM_PATH,step0.layer38.scheduler,3897.531208000,2.359296000,3899.890504000,step0.layer38.scheduler,expert weights HBM to GPU
0,38,step0.layer38.gpu_expert_compute,gpu_expert,GPU_COMPUTE,step0.layer38.gpu_weight_load;step0.layer38.dispatch,3899.890504000,3.054525952,3902.945029952,step0.layer38.gpu_weight_load,grouped expert GEMM
0,38,step0.layer38.pim_gwrite,pim_write,GPU_PIM_IO,step0.layer38.scheduler;step0.layer38.dispatch,3897.531208000,6.685224000,3904.216432000,step0.layer38.scheduler,PIM_GWRITE from Ramulator cycle-v0 table
0,38,step0.layer38.pim_expert_compute,pim_expert,PIM_COMPUTE,step0.layer38.pim_gwrite,3904.216432000,60.162648000,3964.379080000,step0.layer38.pim_gwrite,expert GEMV from Ramulator cycle-v0 table
0,38,step0.layer38.pim_read,pim_read,GPU_PIM_IO,step0.layer38.pim_expert_compute,3964.379080000,0.039936000,3964.419016000,step0.layer38.pim_expert_compute,PIM result read from Ramulator cycle-v0 table
0,38,step0.layer38.combine,combine,GPU_COMPUTE,step0.layer38.gpu_expert_compute;step0.layer38.pim_read,3964.419016000,1.036864000,3965.455880000,step0.layer38.pim_read,weighted expert combine
0,38,step0.layer38.residual2,residual,GPU_COMPUTE,step0.layer38.combine,3965.455880000,1.012288000,3966.468168000,step0.layer38.combine,residual add
0,39,step0.layer39.norm1,norm,GPU_COMPUTE,step0.layer38.residual2,3966.468168000,1.008192000,3967.476360000,step0.layer38.residual2,RMSNorm
0,39,step0.layer39.qkv,qkv,GPU_COMPUTE,step0.layer39.norm1,3967.476360000,3.635776000,3971.112136000,step0.layer39.norm1,QKV projection
0,39,step0.layer39.rope,rope,GPU_COMPUTE,step0.layer39.qkv,3971.112136000,1.018432000,3972.130568000,step0.layer39.qkv,QK norm and RoPE
0,39,step0.layer39.attention,attention,PIM_COMPUTE,step0.layer39.rope,3972.130568000,18.905016000,3991.035584000,step0.layer39.rope,decode attention from Ramulator cycle-v0 table
0,39,step0.layer39.o_proj,attention_output,GPU_COMPUTE,step0.layer39.attention,3991.035584000,3.109440000,3994.145024000,step0.layer39.attention,attention output projection
0,39,step0.layer39.residual1,residual,GPU_COMPUTE,step0.layer39.o_proj,3994.145024000,1.012288000,3995.157312000,step0.layer39.o_proj,residual add
0,39,step0.layer39.norm2,norm,GPU_COMPUTE,step0.layer39.residual1,3995.157312000,1.008192000,3996.165504000,step0.layer39.residual1,RMSNorm
0,39,step0.layer39.router,router,GPU_COMPUTE,step0.layer39.norm2,3996.165504000,2.069888000,3998.235392000,step0.layer39.norm2,MoE router
0,39,step0.layer39.metadata,metadata,GPU_COMPUTE,step0.layer39.router,3998.235392000,1.000128000,3999.235520000,step0.layer39.router,routing metadata
0,39,step0.layer39.dispatch,dispatch,,step0.layer39.metadata,3999.235520000,0.000000000,3999.235520000,step0.layer39.metadata,single-GPU dispatch placeholder
0,39,step0.layer39.scheduler,scheduler,GPU_COMPUTE,step0.layer39.metadata,3999.235520000,0.000000000,3999.235520000,step0.layer39.metadata,pimoe placement policy
0,39,step0.layer39.gpu_weight_load,gpu_weight_load,HBM_MEM_PATH,step0.layer39.scheduler,3999.235520000,2.359296000,4001.594816000,step0.layer39.scheduler,expert weights HBM to GPU
0,39,step0.layer39.gpu_expert_compute,gpu_expert,GPU_COMPUTE,step0.layer39.gpu_weight_load;step0.layer39.dispatch,4001.594816000,3.054525952,4004.649341952,step0.layer39.gpu_weight_load,grouped expert GEMM
0,39,step0.layer39.pim_gwrite,pim_write,GPU_PIM_IO,step0.layer39.scheduler;step0.layer39.dispatch,3999.235520000,6.685224000,4005.920744000,step0.layer39.scheduler,PIM_GWRITE from Ramulator cycle-v0 table
0,39,step0.layer39.pim_expert_compute,pim_expert,PIM_COMPUTE,step0.layer39.pim_gwrite,4005.920744000,60.162648000,4066.083392000,step0.layer39.pim_gwrite,expert GEMV from Ramulator cycle-v0 table
0,39,step0.layer39.pim_read,pim_read,GPU_PIM_IO,step0.layer39.pim_expert_compute,4066.083392000,0.039936000,4066.123328000,step0.layer39.pim_expert_compute,PIM result read from Ramulator cycle-v0 table
0,39,step0.layer39.combine,combine,GPU_COMPUTE,step0.layer39.gpu_expert_compute;step0.layer39.pim_read,4066.123328000,1.036864000,4067.160192000,step0.layer39.pim_read,weighted expert combine
0,39,step0.layer39.residual2,residual,GPU_COMPUTE,step0.layer39.combine,4067.160192000,1.012288000,4068.172480000,step0.layer39.combine,residual add
0,40,step0.layer40.norm1,norm,GPU_COMPUTE,step0.layer39.residual2,4068.172480000,1.008192000,4069.180672000,step0.layer39.residual2,RMSNorm
0,40,step0.layer40.qkv,qkv,GPU_COMPUTE,step0.layer40.norm1,4069.180672000,3.635776000,4072.816448000,step0.layer40.norm1,QKV projection
0,40,step0.layer40.rope,rope,GPU_COMPUTE,step0.layer40.qkv,4072.816448000,1.018432000,4073.834880000,step0.layer40.qkv,QK norm and RoPE
0,40,step0.layer40.attention,attention,PIM_COMPUTE,step0.layer40.rope,4073.834880000,18.905016000,4092.739896000,step0.layer40.rope,decode attention from Ramulator cycle-v0 table
0,40,step0.layer40.o_proj,attention_output,GPU_COMPUTE,step0.layer40.attention,4092.739896000,3.109440000,4095.849336000,step0.layer40.attention,attention output projection
0,40,step0.layer40.residual1,residual,GPU_COMPUTE,step0.layer40.o_proj,4095.849336000,1.012288000,4096.861624000,step0.layer40.o_proj,residual add
0,40,step0.layer40.norm2,norm,GPU_COMPUTE,step0.layer40.residual1,4096.861624000,1.008192000,4097.869816000,step0.layer40.residual1,RMSNorm
0,40,step0.layer40.router,router,GPU_COMPUTE,step0.layer40.norm2,4097.869816000,2.069888000,4099.939704000,step0.layer40.norm2,MoE router
0,40,step0.layer40.metadata,metadata,GPU_COMPUTE,step0.layer40.router,4099.939704000,1.000128000,4100.939832000,step0.layer40.router,routing metadata
0,40,step0.layer40.dispatch,dispatch,,step0.layer40.metadata,4100.939832000,0.000000000,4100.939832000,step0.layer40.metadata,single-GPU dispatch placeholder
0,40,step0.layer40.scheduler,scheduler,GPU_COMPUTE,step0.layer40.metadata,4100.939832000,0.000000000,4100.939832000,step0.layer40.metadata,pimoe placement policy
0,40,step0.layer40.gpu_weight_load,gpu_weight_load,HBM_MEM_PATH,step0.layer40.scheduler,4100.939832000,2.359296000,4103.299128000,step0.layer40.scheduler,expert weights HBM to GPU
0,40,step0.layer40.gpu_expert_compute,gpu_expert,GPU_COMPUTE,step0.layer40.gpu_weight_load;step0.layer40.dispatch,4103.299128000,3.054525952,4106.353653952,step0.layer40.gpu_weight_load,grouped expert GEMM
0,40,step0.layer40.pim_gwrite,pim_write,GPU_PIM_IO,step0.layer40.scheduler;step0.layer40.dispatch,4100.939832000,6.685224000,4107.625056000,step0.layer40.scheduler,PIM_GWRITE from Ramulator cycle-v0 table
0,40,step0.layer40.pim_expert_compute,pim_expert,PIM_COMPUTE,step0.layer40.pim_gwrite,4107.625056000,60.162648000,4167.787704000,step0.layer40.pim_gwrite,expert GEMV from Ramulator cycle-v0 table
0,40,step0.layer40.pim_read,pim_read,GPU_PIM_IO,step0.layer40.pim_expert_compute,4167.787704000,0.039936000,4167.827640000,step0.layer40.pim_expert_compute,PIM result read from Ramulator cycle-v0 table
0,40,step0.layer40.combine,combine,GPU_COMPUTE,step0.layer40.gpu_expert_compute;step0.layer40.pim_read,4167.827640000,1.036864000,4168.864504000,step0.layer40.pim_read,weighted expert combine
0,40,step0.layer40.residual2,residual,GPU_COMPUTE,step0.layer40.combine,4168.864504000,1.012288000,4169.876792000,step0.layer40.combine,residual add
0,41,step0.layer41.norm1,norm,GPU_COMPUTE,step0.layer40.residual2,4169.876792000,1.008192000,4170.884984000,step0.layer40.residual2,RMSNorm
0,41,step0.layer41.qkv,qkv,GPU_COMPUTE,step0.layer41.norm1,4170.884984000,3.635776000,4174.520760000,step0.layer41.norm1,QKV projection
0,41,step0.layer41.rope,rope,GPU_COMPUTE,step0.layer41.qkv,4174.520760000,1.018432000,4175.539192000,step0.layer41.qkv,QK norm and RoPE
0,41,step0.layer41.attention,attention,PIM_COMPUTE,step0.layer41.rope,4175.539192000,18.905016000,4194.444208000,step0.layer41.rope,decode attention from Ramulator cycle-v0 table
0,41,step0.layer41.o_proj,attention_output,GPU_COMPUTE,step0.layer41.attention,4194.444208000,3.109440000,4197.553648000,step0.layer41.attention,attention output projection
0,41,step0.layer41.residual1,residual,GPU_COMPUTE,step0.layer41.o_proj,4197.553648000,1.012288000,4198.565936000,step0.layer41.o_proj,residual add
0,41,step0.layer41.norm2,norm,GPU_COMPUTE,step0.layer41.residual1,4198.565936000,1.008192000,4199.574128000,step0.layer41.residual1,RMSNorm
0,41,step0.layer41.router,router,GPU_COMPUTE,step0.layer41.norm2,4199.574128000,2.069888000,4201.644016000,step0.layer41.norm2,MoE router
0,41,step0.layer41.metadata,metadata,GPU_COMPUTE,step0.layer41.router,4201.644016000,1.000128000,4202.644144000,step0.layer41.router,routing metadata
0,41,step0.layer41.dispatch,dispatch,,step0.layer41.metadata,4202.644144000,0.000000000,4202.644144000,step0.layer41.metadata,single-GPU dispatch placeholder
0,41,step0.layer41.scheduler,scheduler,GPU_COMPUTE,step0.layer41.metadata,4202.644144000,0.000000000,4202.644144000,step0.layer41.metadata,pimoe placement policy
0,41,step0.layer41.gpu_weight_load,gpu_weight_load,HBM_MEM_PATH,step0.layer41.scheduler,4202.644144000,2.359296000,4205.003440000,step0.layer41.scheduler,expert weights HBM to GPU
0,41,step0.layer41.gpu_expert_compute,gpu_expert,GPU_COMPUTE,step0.layer41.gpu_weight_load;step0.layer41.dispatch,4205.003440000,3.054525952,4208.057965952,step0.layer41.gpu_weight_load,grouped expert GEMM
0,41,step0.layer41.pim_gwrite,pim_write,GPU_PIM_IO,step0.layer41.scheduler;step0.layer41.dispatch,4202.644144000,6.685224000,4209.329368000,step0.layer41.scheduler,PIM_GWRITE from Ramulator cycle-v0 table
0,41,step0.layer41.pim_expert_compute,pim_expert,PIM_COMPUTE,step0.layer41.pim_gwrite,4209.329368000,60.162648000,4269.492016000,step0.layer41.pim_gwrite,expert GEMV from Ramulator cycle-v0 table
0,41,step0.layer41.pim_read,pim_read,GPU_PIM_IO,step0.layer41.pim_expert_compute,4269.492016000,0.039936000,4269.531952000,step0.layer41.pim_expert_compute,PIM result read from Ramulator cycle-v0 table
0,41,step0.layer41.combine,combine,GPU_COMPUTE,step0.layer41.gpu_expert_compute;step0.layer41.pim_read,4269.531952000,1.036864000,4270.568816000,step0.layer41.pim_read,weighted expert combine
0,41,step0.layer41.residual2,residual,GPU_COMPUTE,step0.layer41.combine,4270.568816000,1.012288000,4271.581104000,step0.layer41.combine,residual add
0,42,step0.layer42.norm1,norm,GPU_COMPUTE,step0.layer41.residual2,4271.581104000,1.008192000,4272.589296000,step0.layer41.residual2,RMSNorm
0,42,step0.layer42.qkv,qkv,GPU_COMPUTE,step0.layer42.norm1,4272.589296000,3.635776000,4276.225072000,step0.layer42.norm1,QKV projection
0,42,step0.layer42.rope,rope,GPU_COMPUTE,step0.layer42.qkv,4276.225072000,1.018432000,4277.243504000,step0.layer42.qkv,QK norm and RoPE
0,42,step0.layer42.attention,attention,PIM_COMPUTE,step0.layer42.rope,4277.243504000,18.905016000,4296.148520000,step0.layer42.rope,decode attention from Ramulator cycle-v0 table
0,42,step0.layer42.o_proj,attention_output,GPU_COMPUTE,step0.layer42.attention,4296.148520000,3.109440000,4299.257960000,step0.layer42.attention,attention output projection
0,42,step0.layer42.residual1,residual,GPU_COMPUTE,step0.layer42.o_proj,4299.257960000,1.012288000,4300.270248000,step0.layer42.o_proj,residual add
0,42,step0.layer42.norm2,norm,GPU_COMPUTE,step0.layer42.residual1,4300.270248000,1.008192000,4301.278440000,step0.layer42.residual1,RMSNorm
0,42,step0.layer42.router,router,GPU_COMPUTE,step0.layer42.norm2,4301.278440000,2.069888000,4303.348328000,step0.layer42.norm2,MoE router
0,42,step0.layer42.metadata,metadata,GPU_COMPUTE,step0.layer42.router,4303.348328000,1.000128000,4304.348456000,step0.layer42.router,routing metadata
0,42,step0.layer42.dispatch,dispatch,,step0.layer42.metadata,4304.348456000,0.000000000,4304.348456000,step0.layer42.metadata,single-GPU dispatch placeholder
0,42,step0.layer42.scheduler,scheduler,GPU_COMPUTE,step0.layer42.metadata,4304.348456000,0.000000000,4304.348456000,step0.layer42.metadata,pimoe placement policy
0,42,step0.layer42.gpu_weight_load,gpu_weight_load,HBM_MEM_PATH,step0.layer42.scheduler,4304.348456000,2.359296000,4306.707752000,step0.layer42.scheduler,expert weights HBM to GPU
0,42,step0.layer42.gpu_expert_compute,gpu_expert,GPU_COMPUTE,step0.layer42.gpu_weight_load;step0.layer42.dispatch,4306.707752000,3.054525952,4309.762277952,step0.layer42.gpu_weight_load,grouped expert GEMM
0,42,step0.layer42.pim_gwrite,pim_write,GPU_PIM_IO,step0.layer42.scheduler;step0.layer42.dispatch,4304.348456000,6.685224000,4311.033680000,step0.layer42.scheduler,PIM_GWRITE from Ramulator cycle-v0 table
0,42,step0.layer42.pim_expert_compute,pim_expert,PIM_COMPUTE,step0.layer42.pim_gwrite,4311.033680000,60.162648000,4371.196328000,step0.layer42.pim_gwrite,expert GEMV from Ramulator cycle-v0 table
0,42,step0.layer42.pim_read,pim_read,GPU_PIM_IO,step0.layer42.pim_expert_compute,4371.196328000,0.039936000,4371.236264000,step0.layer42.pim_expert_compute,PIM result read from Ramulator cycle-v0 table
0,42,step0.layer42.combine,combine,GPU_COMPUTE,step0.layer42.gpu_expert_compute;step0.layer42.pim_read,4371.236264000,1.036864000,4372.273128000,step0.layer42.pim_read,weighted expert combine
0,42,step0.layer42.residual2,residual,GPU_COMPUTE,step0.layer42.combine,4372.273128000,1.012288000,4373.285416000,step0.layer42.combine,residual add
0,43,step0.layer43.norm1,norm,GPU_COMPUTE,step0.layer42.residual2,4373.285416000,1.008192000,4374.293608000,step0.layer42.residual2,RMSNorm
0,43,step0.layer43.qkv,qkv,GPU_COMPUTE,step0.layer43.norm1,4374.293608000,3.635776000,4377.929384000,step0.layer43.norm1,QKV projection
0,43,step0.layer43.rope,rope,GPU_COMPUTE,step0.layer43.qkv,4377.929384000,1.018432000,4378.947816000,step0.layer43.qkv,QK norm and RoPE
0,43,step0.layer43.attention,attention,PIM_COMPUTE,step0.layer43.rope,4378.947816000,18.905016000,4397.852832000,step0.layer43.rope,decode attention from Ramulator cycle-v0 table
0,43,step0.layer43.o_proj,attention_output,GPU_COMPUTE,step0.layer43.attention,4397.852832000,3.109440000,4400.962272000,step0.layer43.attention,attention output projection
0,43,step0.layer43.residual1,residual,GPU_COMPUTE,step0.layer43.o_proj,4400.962272000,1.012288000,4401.974560000,step0.layer43.o_proj,residual add
0,43,step0.layer43.norm2,norm,GPU_COMPUTE,step0.layer43.residual1,4401.974560000,1.008192000,4402.982752000,step0.layer43.residual1,RMSNorm
0,43,step0.layer43.router,router,GPU_COMPUTE,step0.layer43.norm2,4402.982752000,2.069888000,4405.052640000,step0.layer43.norm2,MoE router
0,43,step0.layer43.metadata,metadata,GPU_COMPUTE,step0.layer43.router,4405.052640000,1.000128000,4406.052768000,step0.layer43.router,routing metadata
0,43,step0.layer43.dispatch,dispatch,,step0.layer43.metadata,4406.052768000,0.000000000,4406.052768000,step0.layer43.metadata,single-GPU dispatch placeholder
0,43,step0.layer43.scheduler,scheduler,GPU_COMPUTE,step0.layer43.metadata,4406.052768000,0.000000000,4406.052768000,step0.layer43.metadata,pimoe placement policy
0,43,step0.layer43.gpu_weight_load,gpu_weight_load,HBM_MEM_PATH,step0.layer43.scheduler,4406.052768000,2.359296000,4408.412064000,step0.layer43.scheduler,expert weights HBM to GPU
0,43,step0.layer43.gpu_expert_compute,gpu_expert,GPU_COMPUTE,step0.layer43.gpu_weight_load;step0.layer43.dispatch,4408.412064000,3.054525952,4411.466589952,step0.layer43.gpu_weight_load,grouped expert GEMM
0,43,step0.layer43.pim_gwrite,pim_write,GPU_PIM_IO,step0.layer43.scheduler;step0.layer43.dispatch,4406.052768000,6.685224000,4412.737992000,step0.layer43.scheduler,PIM_GWRITE from Ramulator cycle-v0 table
0,43,step0.layer43.pim_expert_compute,pim_expert,PIM_COMPUTE,step0.layer43.pim_gwrite,4412.737992000,60.162648000,4472.900640000,step0.layer43.pim_gwrite,expert GEMV from Ramulator cycle-v0 table
0,43,step0.layer43.pim_read,pim_read,GPU_PIM_IO,step0.layer43.pim_expert_compute,4472.900640000,0.039936000,4472.940576000,step0.layer43.pim_expert_compute,PIM result read from Ramulator cycle-v0 table
0,43,step0.layer43.combine,combine,GPU_COMPUTE,step0.layer43.gpu_expert_compute;step0.layer43.pim_read,4472.940576000,1.036864000,4473.977440000,step0.layer43.pim_read,weighted expert combine
0,43,step0.layer43.residual2,residual,GPU_COMPUTE,step0.layer43.combine,4473.977440000,1.012288000,4474.989728000,step0.layer43.combine,residual add
0,44,step0.layer44.norm1,norm,GPU_COMPUTE,step0.layer43.residual2,4474.989728000,1.008192000,4475.997920000,step0.layer43.residual2,RMSNorm
0,44,step0.layer44.qkv,qkv,GPU_COMPUTE,step0.layer44.norm1,4475.997920000,3.635776000,4479.633696000,step0.layer44.norm1,QKV projection
0,44,step0.layer44.rope,rope,GPU_COMPUTE,step0.layer44.qkv,4479.633696000,1.018432000,4480.652128000,step0.layer44.qkv,QK norm and RoPE
0,44,step0.layer44.attention,attention,PIM_COMPUTE,step0.layer44.rope,4480.652128000,18.905016000,4499.557144000,step0.layer44.rope,decode attention from Ramulator cycle-v0 table
0,44,step0.layer44.o_proj,attention_output,GPU_COMPUTE,step0.layer44.attention,4499.557144000,3.109440000,4502.666584000,step0.layer44.attention,attention output projection
0,44,step0.layer44.residual1,residual,GPU_COMPUTE,step0.layer44.o_proj,4502.666584000,1.012288000,4503.678872000,step0.layer44.o_proj,residual add
0,44,step0.layer44.norm2,norm,GPU_COMPUTE,step0.layer44.residual1,4503.678872000,1.008192000,4504.687064000,step0.layer44.residual1,RMSNorm
0,44,step0.layer44.router,router,GPU_COMPUTE,step0.layer44.norm2,4504.687064000,2.069888000,4506.756952000,step0.layer44.norm2,MoE router
0,44,step0.layer44.metadata,metadata,GPU_COMPUTE,step0.layer44.router,4506.756952000,1.000128000,4507.757080000,step0.layer44.router,routing metadata
0,44,step0.layer44.dispatch,dispatch,,step0.layer44.metadata,4507.757080000,0.000000000,4507.757080000,step0.layer44.metadata,single-GPU dispatch placeholder
0,44,step0.layer44.scheduler,scheduler,GPU_COMPUTE,step0.layer44.metadata,4507.757080000,0.000000000,4507.757080000,step0.layer44.metadata,pimoe placement policy
0,44,step0.layer44.gpu_weight_load,gpu_weight_load,HBM_MEM_PATH,step0.layer44.scheduler,4507.757080000,2.359296000,4510.116376000,step0.layer44.scheduler,expert weights HBM to GPU
0,44,step0.layer44.gpu_expert_compute,gpu_expert,GPU_COMPUTE,step0.layer44.gpu_weight_load;step0.layer44.dispatch,4510.116376000,3.054525952,4513.170901952,step0.layer44.gpu_weight_load,grouped expert GEMM
0,44,step0.layer44.pim_gwrite,pim_write,GPU_PIM_IO,step0.layer44.scheduler;step0.layer44.dispatch,4507.757080000,6.685224000,4514.442304000,step0.layer44.scheduler,PIM_GWRITE from Ramulator cycle-v0 table
0,44,step0.layer44.pim_expert_compute,pim_expert,PIM_COMPUTE,step0.layer44.pim_gwrite,4514.442304000,60.162648000,4574.604952000,step0.layer44.pim_gwrite,expert GEMV from Ramulator cycle-v0 table
0,44,step0.layer44.pim_read,pim_read,GPU_PIM_IO,step0.layer44.pim_expert_compute,4574.604952000,0.039936000,4574.644888000,step0.layer44.pim_expert_compute,PIM result read from Ramulator cycle-v0 table
0,44,step0.layer44.combine,combine,GPU_COMPUTE,step0.layer44.gpu_expert_compute;step0.layer44.pim_read,4574.644888000,1.036864000,4575.681752000,step0.layer44.pim_read,weighted expert combine
0,44,step0.layer44.residual2,residual,GPU_COMPUTE,step0.layer44.combine,4575.681752000,1.012288000,4576.694040000,step0.layer44.combine,residual add
0,45,step0.layer45.norm1,norm,GPU_COMPUTE,step0.layer44.residual2,4576.694040000,1.008192000,4577.702232000,step0.layer44.residual2,RMSNorm
0,45,step0.layer45.qkv,qkv,GPU_COMPUTE,step0.layer45.norm1,4577.702232000,3.635776000,4581.338008000,step0.layer45.norm1,QKV projection
0,45,step0.layer45.rope,rope,GPU_COMPUTE,step0.layer45.qkv,4581.338008000,1.018432000,4582.356440000,step0.layer45.qkv,QK norm and RoPE
0,45,step0.layer45.attention,attention,PIM_COMPUTE,step0.layer45.rope,4582.356440000,18.905016000,4601.261456000,step0.layer45.rope,decode attention from Ramulator cycle-v0 table
0,45,step0.layer45.o_proj,attention_output,GPU_COMPUTE,step0.layer45.attention,4601.261456000,3.109440000,4604.370896000,step0.layer45.attention,attention output projection
0,45,step0.layer45.residual1,residual,GPU_COMPUTE,step0.layer45.o_proj,4604.370896000,1.012288000,4605.383184000,step0.layer45.o_proj,residual add
0,45,step0.layer45.norm2,norm,GPU_COMPUTE,step0.layer45.residual1,4605.383184000,1.008192000,4606.391376000,step0.layer45.residual1,RMSNorm
0,45,step0.layer45.router,router,GPU_COMPUTE,step0.layer45.norm2,4606.391376000,2.069888000,4608.461264000,step0.layer45.norm2,MoE router
0,45,step0.layer45.metadata,metadata,GPU_COMPUTE,step0.layer45.router,4608.461264000,1.000128000,4609.461392000,step0.layer45.router,routing metadata
0,45,step0.layer45.dispatch,dispatch,,step0.layer45.metadata,4609.461392000,0.000000000,4609.461392000,step0.layer45.metadata,single-GPU dispatch placeholder
0,45,step0.layer45.scheduler,scheduler,GPU_COMPUTE,step0.layer45.metadata,4609.461392000,0.000000000,4609.461392000,step0.layer45.metadata,pimoe placement policy
0,45,step0.layer45.gpu_weight_load,gpu_weight_load,HBM_MEM_PATH,step0.layer45.scheduler,4609.461392000,2.359296000,4611.820688000,step0.layer45.scheduler,expert weights HBM to GPU
0,45,step0.layer45.gpu_expert_compute,gpu_expert,GPU_COMPUTE,step0.layer45.gpu_weight_load;step0.layer45.dispatch,4611.820688000,3.054525952,4614.875213952,step0.layer45.gpu_weight_load,grouped expert GEMM
0,45,step0.layer45.pim_gwrite,pim_write,GPU_PIM_IO,step0.layer45.scheduler;step0.layer45.dispatch,4609.461392000,6.685224000,4616.146616000,step0.layer45.scheduler,PIM_GWRITE from Ramulator cycle-v0 table
0,45,step0.layer45.pim_expert_compute,pim_expert,PIM_COMPUTE,step0.layer45.pim_gwrite,4616.146616000,60.162648000,4676.309264000,step0.layer45.pim_gwrite,expert GEMV from Ramulator cycle-v0 table
0,45,step0.layer45.pim_read,pim_read,GPU_PIM_IO,step0.layer45.pim_expert_compute,4676.309264000,0.039936000,4676.349200000,step0.layer45.pim_expert_compute,PIM result read from Ramulator cycle-v0 table
0,45,step0.layer45.combine,combine,GPU_COMPUTE,step0.layer45.gpu_expert_compute;step0.layer45.pim_read,4676.349200000,1.036864000,4677.386064000,step0.layer45.pim_read,weighted expert combine
0,45,step0.layer45.residual2,residual,GPU_COMPUTE,step0.layer45.combine,4677.386064000,1.012288000,4678.398352000,step0.layer45.combine,residual add
0,46,step0.layer46.norm1,norm,GPU_COMPUTE,step0.layer45.residual2,4678.398352000,1.008192000,4679.406544000,step0.layer45.residual2,RMSNorm
0,46,step0.layer46.qkv,qkv,GPU_COMPUTE,step0.layer46.norm1,4679.406544000,3.635776000,4683.042320000,step0.layer46.norm1,QKV projection
0,46,step0.layer46.rope,rope,GPU_COMPUTE,step0.layer46.qkv,4683.042320000,1.018432000,4684.060752000,step0.layer46.qkv,QK norm and RoPE
0,46,step0.layer46.attention,attention,PIM_COMPUTE,step0.layer46.rope,4684.060752000,18.905016000,4702.965768000,step0.layer46.rope,decode attention from Ramulator cycle-v0 table
0,46,step0.layer46.o_proj,attention_output,GPU_COMPUTE,step0.layer46.attention,4702.965768000,3.109440000,4706.075208000,step0.layer46.attention,attention output projection
0,46,step0.layer46.residual1,residual,GPU_COMPUTE,step0.layer46.o_proj,4706.075208000,1.012288000,4707.087496000,step0.layer46.o_proj,residual add
0,46,step0.layer46.norm2,norm,GPU_COMPUTE,step0.layer46.residual1,4707.087496000,1.008192000,4708.095688000,step0.layer46.residual1,RMSNorm
0,46,step0.layer46.router,router,GPU_COMPUTE,step0.layer46.norm2,4708.095688000,2.069888000,4710.165576000,step0.layer46.norm2,MoE router
0,46,step0.layer46.metadata,metadata,GPU_COMPUTE,step0.layer46.router,4710.165576000,1.000128000,4711.165704000,step0.layer46.router,routing metadata
0,46,step0.layer46.dispatch,dispatch,,step0.layer46.metadata,4711.165704000,0.000000000,4711.165704000,step0.layer46.metadata,single-GPU dispatch placeholder
0,46,step0.layer46.scheduler,scheduler,GPU_COMPUTE,step0.layer46.metadata,4711.165704000,0.000000000,4711.165704000,step0.layer46.metadata,pimoe placement policy
0,46,step0.layer46.gpu_weight_load,gpu_weight_load,HBM_MEM_PATH,step0.layer46.scheduler,4711.165704000,2.359296000,4713.525000000,step0.layer46.scheduler,expert weights HBM to GPU
0,46,step0.layer46.gpu_expert_compute,gpu_expert,GPU_COMPUTE,step0.layer46.gpu_weight_load;step0.layer46.dispatch,4713.525000000,3.054525952,4716.579525952,step0.layer46.gpu_weight_load,grouped expert GEMM
0,46,step0.layer46.pim_gwrite,pim_write,GPU_PIM_IO,step0.layer46.scheduler;step0.layer46.dispatch,4711.165704000,6.685224000,4717.850928000,step0.layer46.scheduler,PIM_GWRITE from Ramulator cycle-v0 table
0,46,step0.layer46.pim_expert_compute,pim_expert,PIM_COMPUTE,step0.layer46.pim_gwrite,4717.850928000,60.162648000,4778.013576000,step0.layer46.pim_gwrite,expert GEMV from Ramulator cycle-v0 table
0,46,step0.layer46.pim_read,pim_read,GPU_PIM_IO,step0.layer46.pim_expert_compute,4778.013576000,0.039936000,4778.053512000,step0.layer46.pim_expert_compute,PIM result read from Ramulator cycle-v0 table
0,46,step0.layer46.combine,combine,GPU_COMPUTE,step0.layer46.gpu_expert_compute;step0.layer46.pim_read,4778.053512000,1.036864000,4779.090376000,step0.layer46.pim_read,weighted expert combine
0,46,step0.layer46.residual2,residual,GPU_COMPUTE,step0.layer46.combine,4779.090376000,1.012288000,4780.102664000,step0.layer46.combine,residual add
0,47,step0.layer47.norm1,norm,GPU_COMPUTE,step0.layer46.residual2,4780.102664000,1.008192000,4781.110856000,step0.layer46.residual2,RMSNorm
0,47,step0.layer47.qkv,qkv,GPU_COMPUTE,step0.layer47.norm1,4781.110856000,3.635776000,4784.746632000,step0.layer47.norm1,QKV projection
0,47,step0.layer47.rope,rope,GPU_COMPUTE,step0.layer47.qkv,4784.746632000,1.018432000,4785.765064000,step0.layer47.qkv,QK norm and RoPE
0,47,step0.layer47.attention,attention,PIM_COMPUTE,step0.layer47.rope,4785.765064000,18.905016000,4804.670080000,step0.layer47.rope,decode attention from Ramulator cycle-v0 table
0,47,step0.layer47.o_proj,attention_output,GPU_COMPUTE,step0.layer47.attention,4804.670080000,3.109440000,4807.779520000,step0.layer47.attention,attention output projection
0,47,step0.layer47.residual1,residual,GPU_COMPUTE,step0.layer47.o_proj,4807.779520000,1.012288000,4808.791808000,step0.layer47.o_proj,residual add
0,47,step0.layer47.norm2,norm,GPU_COMPUTE,step0.layer47.residual1,4808.791808000,1.008192000,4809.800000000,step0.layer47.residual1,RMSNorm
0,47,step0.layer47.router,router,GPU_COMPUTE,step0.layer47.norm2,4809.800000000,2.069888000,4811.869888000,step0.layer47.norm2,MoE router
0,47,step0.layer47.metadata,metadata,GPU_COMPUTE,step0.layer47.router,4811.869888000,1.000128000,4812.870016000,step0.layer47.router,routing metadata
0,47,step0.layer47.dispatch,dispatch,,step0.layer47.metadata,4812.870016000,0.000000000,4812.870016000,step0.layer47.metadata,single-GPU dispatch placeholder
0,47,step0.layer47.scheduler,scheduler,GPU_COMPUTE,step0.layer47.metadata,4812.870016000,0.000000000,4812.870016000,step0.layer47.metadata,pimoe placement policy
0,47,step0.layer47.gpu_weight_load,gpu_weight_load,HBM_MEM_PATH,step0.layer47.scheduler,4812.870016000,2.359296000,4815.229312000,step0.layer47.scheduler,expert weights HBM to GPU
0,47,step0.layer47.gpu_expert_compute,gpu_expert,GPU_COMPUTE,step0.layer47.gpu_weight_load;step0.layer47.dispatch,4815.229312000,3.054525952,4818.283837952,step0.layer47.gpu_weight_load,grouped expert GEMM
0,47,step0.layer47.pim_gwrite,pim_write,GPU_PIM_IO,step0.layer47.scheduler;step0.layer47.dispatch,4812.870016000,6.685224000,4819.555240000,step0.layer47.scheduler,PIM_GWRITE from Ramulator cycle-v0 table
0,47,step0.layer47.pim_expert_compute,pim_expert,PIM_COMPUTE,step0.layer47.pim_gwrite,4819.555240000,60.162648000,4879.717888000,step0.layer47.pim_gwrite,expert GEMV from Ramulator cycle-v0 table
0,47,step0.layer47.pim_read,pim_read,GPU_PIM_IO,step0.layer47.pim_expert_compute,4879.717888000,0.039936000,4879.757824000,step0.layer47.pim_expert_compute,PIM result read from Ramulator cycle-v0 table
0,47,step0.layer47.combine,combine,GPU_COMPUTE,step0.layer47.gpu_expert_compute;step0.layer47.pim_read,4879.757824000,1.036864000,4880.794688000,step0.layer47.pim_read,weighted expert combine
0,47,step0.layer47.residual2,residual,GPU_COMPUTE,step0.layer47.combine,4880.794688000,1.012288000,4881.806976000,step0.layer47.combine,residual add
1,0,step1.layer0.norm1,norm,GPU_COMPUTE,step0.layer47.residual2,4881.806976000,1.008192000,4882.815168000,step0.layer47.residual2,RMSNorm
1,0,step1.layer0.qkv,qkv,GPU_COMPUTE,step1.layer0.norm1,4882.815168000,3.635776000,4886.450944000,step1.layer0.norm1,QKV projection
1,0,step1.layer0.rope,rope,GPU_COMPUTE,step1.layer0.qkv,4886.450944000,1.018432000,4887.469376000,step1.layer0.qkv,QK norm and RoPE
1,0,step1.layer0.attention,attention,PIM_COMPUTE,step1.layer0.rope,4887.469376000,18.929664000,4906.399040000,step1.layer0.rope,decode attention from Ramulator cycle-v0 table
1,0,step1.layer0.o_proj,attention_output,GPU_COMPUTE,step1.layer0.attention,4906.399040000,3.109440000,4909.508480000,step1.layer0.attention,attention output projection
1,0,step1.layer0.residual1,residual,GPU_COMPUTE,step1.layer0.o_proj,4909.508480000,1.012288000,4910.520768000,step1.layer0.o_proj,residual add
1,0,step1.layer0.norm2,norm,GPU_COMPUTE,step1.layer0.residual1,4910.520768000,1.008192000,4911.528960000,step1.layer0.residual1,RMSNorm
1,0,step1.layer0.router,router,GPU_COMPUTE,step1.layer0.norm2,4911.528960000,2.069888000,4913.598848000,step1.layer0.norm2,MoE router
1,0,step1.layer0.metadata,metadata,GPU_COMPUTE,step1.layer0.router,4913.598848000,1.000128000,4914.598976000,step1.layer0.router,routing metadata
1,0,step1.layer0.dispatch,dispatch,,step1.layer0.metadata,4914.598976000,0.000000000,4914.598976000,step1.layer0.metadata,single-GPU dispatch placeholder
1,0,step1.layer0.scheduler,scheduler,GPU_COMPUTE,step1.layer0.metadata,4914.598976000,0.000000000,4914.598976000,step1.layer0.metadata,pimoe placement policy
1,0,step1.layer0.gpu_weight_load,gpu_weight_load,HBM_MEM_PATH,step1.layer0.scheduler,4914.598976000,2.359296000,4916.958272000,step1.layer0.scheduler,expert weights HBM to GPU
1,0,step1.layer0.gpu_expert_compute,gpu_expert,GPU_COMPUTE,step1.layer0.gpu_weight_load;step1.layer0.dispatch,4916.958272000,3.054525952,4920.012797952,step1.layer0.gpu_weight_load,grouped expert GEMM
1,0,step1.layer0.pim_gwrite,pim_write,GPU_PIM_IO,step1.layer0.scheduler;step1.layer0.dispatch,4914.598976000,6.685224000,4921.284200000,step1.layer0.scheduler,PIM_GWRITE from Ramulator cycle-v0 table
1,0,step1.layer0.pim_expert_compute,pim_expert,PIM_COMPUTE,step1.layer0.pim_gwrite,4921.284200000,60.162648000,4981.446848000,step1.layer0.pim_gwrite,expert GEMV from Ramulator cycle-v0 table
1,0,step1.layer0.pim_read,pim_read,GPU_PIM_IO,step1.layer0.pim_expert_compute,4981.446848000,0.039936000,4981.486784000,step1.layer0.pim_expert_compute,PIM result read from Ramulator cycle-v0 table
1,0,step1.layer0.combine,combine,GPU_COMPUTE,step1.layer0.gpu_expert_compute;step1.layer0.pim_read,4981.486784000,1.036864000,4982.523648000,step1.layer0.pim_read,weighted expert combine
1,0,step1.layer0.residual2,residual,GPU_COMPUTE,step1.layer0.combine,4982.523648000,1.012288000,4983.535936000,step1.layer0.combine,residual add
1,1,step1.layer1.norm1,norm,GPU_COMPUTE,step1.layer0.residual2,4983.535936000,1.008192000,4984.544128000,step1.layer0.residual2,RMSNorm
1,1,step1.layer1.qkv,qkv,GPU_COMPUTE,step1.layer1.norm1,4984.544128000,3.635776000,4988.179904000,step1.layer1.norm1,QKV projection
1,1,step1.layer1.rope,rope,GPU_COMPUTE,step1.layer1.qkv,4988.179904000,1.018432000,4989.198336000,step1.layer1.qkv,QK norm and RoPE
1,1,step1.layer1.attention,attention,PIM_COMPUTE,step1.layer1.rope,4989.198336000,18.929664000,5008.128000000,step1.layer1.rope,decode attention from Ramulator cycle-v0 table
1,1,step1.layer1.o_proj,attention_output,GPU_COMPUTE,step1.layer1.attention,5008.128000000,3.109440000,5011.237440000,step1.layer1.attention,attention output projection
1,1,step1.layer1.residual1,residual,GPU_COMPUTE,step1.layer1.o_proj,5011.237440000,1.012288000,5012.249728000,step1.layer1.o_proj,residual add
1,1,step1.layer1.norm2,norm,GPU_COMPUTE,step1.layer1.residual1,5012.249728000,1.008192000,5013.257920000,step1.layer1.residual1,RMSNorm
1,1,step1.layer1.router,router,GPU_COMPUTE,step1.layer1.norm2,5013.257920000,2.069888000,5015.327808000,step1.layer1.norm2,MoE router
1,1,step1.layer1.metadata,metadata,GPU_COMPUTE,step1.layer1.router,5015.327808000,1.000128000,5016.327936000,step1.layer1.router,routing metadata
1,1,step1.layer1.dispatch,dispatch,,step1.layer1.metadata,5016.327936000,0.000000000,5016.327936000,step1.layer1.metadata,single-GPU dispatch placeholder
1,1,step1.layer1.scheduler,scheduler,GPU_COMPUTE,step1.layer1.metadata,5016.327936000,0.000000000,5016.327936000,step1.layer1.metadata,pimoe placement policy
1,1,step1.layer1.gpu_weight_load,gpu_weight_load,HBM_MEM_PATH,step1.layer1.scheduler,5016.327936000,2.359296000,5018.687232000,step1.layer1.scheduler,expert weights HBM to GPU
1,1,step1.layer1.gpu_expert_compute,gpu_expert,GPU_COMPUTE,step1.layer1.gpu_weight_load;step1.layer1.dispatch,5018.687232000,3.054525952,5021.741757952,step1.layer1.gpu_weight_load,grouped expert GEMM
1,1,step1.layer1.pim_gwrite,pim_write,GPU_PIM_IO,step1.layer1.scheduler;step1.layer1.dispatch,5016.327936000,6.685224000,5023.013160000,step1.layer1.scheduler,PIM_GWRITE from Ramulator cycle-v0 table
1,1,step1.layer1.pim_expert_compute,pim_expert,PIM_COMPUTE,step1.layer1.pim_gwrite,5023.013160000,60.162648000,5083.175808000,step1.layer1.pim_gwrite,expert GEMV from Ramulator cycle-v0 table
1,1,step1.layer1.pim_read,pim_read,GPU_PIM_IO,step1.layer1.pim_expert_compute,5083.175808000,0.039936000,5083.215744000,step1.layer1.pim_expert_compute,PIM result read from Ramulator cycle-v0 table
1,1,step1.layer1.combine,combine,GPU_COMPUTE,step1.layer1.gpu_expert_compute;step1.layer1.pim_read,5083.215744000,1.036864000,5084.252608000,step1.layer1.pim_read,weighted expert combine
1,1,step1.layer1.residual2,residual,GPU_COMPUTE,step1.layer1.combine,5084.252608000,1.012288000,5085.264896000,step1.layer1.combine,residual add
1,2,step1.layer2.norm1,norm,GPU_COMPUTE,step1.layer1.residual2,5085.264896000,1.008192000,5086.273088000,step1.layer1.residual2,RMSNorm
1,2,step1.layer2.qkv,qkv,GPU_COMPUTE,step1.layer2.norm1,5086.273088000,3.635776000,5089.908864000,step1.layer2.norm1,QKV projection
1,2,step1.layer2.rope,rope,GPU_COMPUTE,step1.layer2.qkv,5089.908864000,1.018432000,5090.927296000,step1.layer2.qkv,QK norm and RoPE
1,2,step1.layer2.attention,attention,PIM_COMPUTE,step1.layer2.rope,5090.927296000,18.929664000,5109.856960000,step1.layer2.rope,decode attention from Ramulator cycle-v0 table
1,2,step1.layer2.o_proj,attention_output,GPU_COMPUTE,step1.layer2.attention,5109.856960000,3.109440000,5112.966400000,step1.layer2.attention,attention output projection
1,2,step1.layer2.residual1,residual,GPU_COMPUTE,step1.layer2.o_proj,5112.966400000,1.012288000,5113.978688000,step1.layer2.o_proj,residual add
1,2,step1.layer2.norm2,norm,GPU_COMPUTE,step1.layer2.residual1,5113.978688000,1.008192000,5114.986880000,step1.layer2.residual1,RMSNorm
1,2,step1.layer2.router,router,GPU_COMPUTE,step1.layer2.norm2,5114.986880000,2.069888000,5117.056768000,step1.layer2.norm2,MoE router
1,2,step1.layer2.metadata,metadata,GPU_COMPUTE,step1.layer2.router,5117.056768000,1.000128000,5118.056896000,step1.layer2.router,routing metadata
1,2,step1.layer2.dispatch,dispatch,,step1.layer2.metadata,5118.056896000,0.000000000,5118.056896000,step1.layer2.metadata,single-GPU dispatch placeholder
1,2,step1.layer2.scheduler,scheduler,GPU_COMPUTE,step1.layer2.metadata,5118.056896000,0.000000000,5118.056896000,step1.layer2.metadata,pimoe placement policy
1,2,step1.layer2.gpu_weight_load,gpu_weight_load,HBM_MEM_PATH,step1.layer2.scheduler,5118.056896000,2.359296000,5120.416192000,step1.layer2.scheduler,expert weights HBM to GPU
1,2,step1.layer2.gpu_expert_compute,gpu_expert,GPU_COMPUTE,step1.layer2.gpu_weight_load;step1.layer2.dispatch,5120.416192000,3.054525952,5123.470717952,step1.layer2.gpu_weight_load,grouped expert GEMM
1,2,step1.layer2.pim_gwrite,pim_write,GPU_PIM_IO,step1.layer2.scheduler;step1.layer2.dispatch,5118.056896000,6.685224000,5124.742120000,step1.layer2.scheduler,PIM_GWRITE from Ramulator cycle-v0 table
1,2,step1.layer2.pim_expert_compute,pim_expert,PIM_COMPUTE,step1.layer2.pim_gwrite,5124.742120000,60.162648000,5184.904768000,step1.layer2.pim_gwrite,expert GEMV from Ramulator cycle-v0 table
1,2,step1.layer2.pim_read,pim_read,GPU_PIM_IO,step1.layer2.pim_expert_compute,5184.904768000,0.039936000,5184.944704000,step1.layer2.pim_expert_compute,PIM result read from Ramulator cycle-v0 table
1,2,step1.layer2.combine,combine,GPU_COMPUTE,step1.layer2.gpu_expert_compute;step1.layer2.pim_read,5184.944704000,1.036864000,5185.981568000,step1.layer2.pim_read,weighted expert combine
1,2,step1.layer2.residual2,residual,GPU_COMPUTE,step1.layer2.combine,5185.981568000,1.012288000,5186.993856000,step1.layer2.combine,residual add
1,3,step1.layer3.norm1,norm,GPU_COMPUTE,step1.layer2.residual2,5186.993856000,1.008192000,5188.002048000,step1.layer2.residual2,RMSNorm
1,3,step1.layer3.qkv,qkv,GPU_COMPUTE,step1.layer3.norm1,5188.002048000,3.635776000,5191.637824000,step1.layer3.norm1,QKV projection
1,3,step1.layer3.rope,rope,GPU_COMPUTE,step1.layer3.qkv,5191.637824000,1.018432000,5192.656256000,step1.layer3.qkv,QK norm and RoPE
1,3,step1.layer3.attention,attention,PIM_COMPUTE,step1.layer3.rope,5192.656256000,18.929664000,5211.585920000,step1.layer3.rope,decode attention from Ramulator cycle-v0 table
1,3,step1.layer3.o_proj,attention_output,GPU_COMPUTE,step1.layer3.attention,5211.585920000,3.109440000,5214.695360000,step1.layer3.attention,attention output projection
1,3,step1.layer3.residual1,residual,GPU_COMPUTE,step1.layer3.o_proj,5214.695360000,1.012288000,5215.707648000,step1.layer3.o_proj,residual add
1,3,step1.layer3.norm2,norm,GPU_COMPUTE,step1.layer3.residual1,5215.707648000,1.008192000,5216.715840000,step1.layer3.residual1,RMSNorm
1,3,step1.layer3.router,router,GPU_COMPUTE,step1.layer3.norm2,5216.715840000,2.069888000,5218.785728000,step1.layer3.norm2,MoE router
1,3,step1.layer3.metadata,metadata,GPU_COMPUTE,step1.layer3.router,5218.785728000,1.000128000,5219.785856000,step1.layer3.router,routing metadata
1,3,step1.layer3.dispatch,dispatch,,step1.layer3.metadata,5219.785856000,0.000000000,5219.785856000,step1.layer3.metadata,single-GPU dispatch placeholder
1,3,step1.layer3.scheduler,scheduler,GPU_COMPUTE,step1.layer3.metadata,5219.785856000,0.000000000,5219.785856000,step1.layer3.metadata,pimoe placement policy
1,3,step1.layer3.gpu_weight_load,gpu_weight_load,HBM_MEM_PATH,step1.layer3.scheduler,5219.785856000,2.359296000,5222.145152000,step1.layer3.scheduler,expert weights HBM to GPU
1,3,step1.layer3.gpu_expert_compute,gpu_expert,GPU_COMPUTE,step1.layer3.gpu_weight_load;step1.layer3.dispatch,5222.145152000,3.054525952,5225.199677952,step1.layer3.gpu_weight_load,grouped expert GEMM
1,3,step1.layer3.pim_gwrite,pim_write,GPU_PIM_IO,step1.layer3.scheduler;step1.layer3.dispatch,5219.785856000,6.685224000,5226.471080000,step1.layer3.scheduler,PIM_GWRITE from Ramulator cycle-v0 table
1,3,step1.layer3.pim_expert_compute,pim_expert,PIM_COMPUTE,step1.layer3.pim_gwrite,5226.471080000,60.162648000,5286.633728000,step1.layer3.pim_gwrite,expert GEMV from Ramulator cycle-v0 table
1,3,step1.layer3.pim_read,pim_read,GPU_PIM_IO,step1.layer3.pim_expert_compute,5286.633728000,0.039936000,5286.673664000,step1.layer3.pim_expert_compute,PIM result read from Ramulator cycle-v0 table
1,3,step1.layer3.combine,combine,GPU_COMPUTE,step1.layer3.gpu_expert_compute;step1.layer3.pim_read,5286.673664000,1.036864000,5287.710528000,step1.layer3.pim_read,weighted expert combine
1,3,step1.layer3.residual2,residual,GPU_COMPUTE,step1.layer3.combine,5287.710528000,1.012288000,5288.722816000,step1.layer3.combine,residual add
1,4,step1.layer4.norm1,norm,GPU_COMPUTE,step1.layer3.residual2,5288.722816000,1.008192000,5289.731008000,step1.layer3.residual2,RMSNorm
1,4,step1.layer4.qkv,qkv,GPU_COMPUTE,step1.layer4.norm1,5289.731008000,3.635776000,5293.366784000,step1.layer4.norm1,QKV projection
1,4,step1.layer4.rope,rope,GPU_COMPUTE,step1.layer4.qkv,5293.366784000,1.018432000,5294.385216000,step1.layer4.qkv,QK norm and RoPE
1,4,step1.layer4.attention,attention,PIM_COMPUTE,step1.layer4.rope,5294.385216000,18.929664000,5313.314880000,step1.layer4.rope,decode attention from Ramulator cycle-v0 table
1,4,step1.layer4.o_proj,attention_output,GPU_COMPUTE,step1.layer4.attention,5313.314880000,3.109440000,5316.424320000,step1.layer4.attention,attention output projection
1,4,step1.layer4.residual1,residual,GPU_COMPUTE,step1.layer4.o_proj,5316.424320000,1.012288000,5317.436608000,step1.layer4.o_proj,residual add
1,4,step1.layer4.norm2,norm,GPU_COMPUTE,step1.layer4.residual1,5317.436608000,1.008192000,5318.444800000,step1.layer4.residual1,RMSNorm
1,4,step1.layer4.router,router,GPU_COMPUTE,step1.layer4.norm2,5318.444800000,2.069888000,5320.514688000,step1.layer4.norm2,MoE router
1,4,step1.layer4.metadata,metadata,GPU_COMPUTE,step1.layer4.router,5320.514688000,1.000128000,5321.514816000,step1.layer4.router,routing metadata
1,4,step1.layer4.dispatch,dispatch,,step1.layer4.metadata,5321.514816000,0.000000000,5321.514816000,step1.layer4.metadata,single-GPU dispatch placeholder
1,4,step1.layer4.scheduler,scheduler,GPU_COMPUTE,step1.layer4.metadata,5321.514816000,0.000000000,5321.514816000,step1.layer4.metadata,pimoe placement policy
1,4,step1.layer4.gpu_weight_load,gpu_weight_load,HBM_MEM_PATH,step1.layer4.scheduler,5321.514816000,2.359296000,5323.874112000,step1.layer4.scheduler,expert weights HBM to GPU
1,4,step1.layer4.gpu_expert_compute,gpu_expert,GPU_COMPUTE,step1.layer4.gpu_weight_load;step1.layer4.dispatch,5323.874112000,3.054525952,5326.928637952,step1.layer4.gpu_weight_load,grouped expert GEMM
1,4,step1.layer4.pim_gwrite,pim_write,GPU_PIM_IO,step1.layer4.scheduler;step1.layer4.dispatch,5321.514816000,6.685224000,5328.200040000,step1.layer4.scheduler,PIM_GWRITE from Ramulator cycle-v0 table
1,4,step1.layer4.pim_expert_compute,pim_expert,PIM_COMPUTE,step1.layer4.pim_gwrite,5328.200040000,60.162648000,5388.362688000,step1.layer4.pim_gwrite,expert GEMV from Ramulator cycle-v0 table
1,4,step1.layer4.pim_read,pim_read,GPU_PIM_IO,step1.layer4.pim_expert_compute,5388.362688000,0.039936000,5388.402624000,step1.layer4.pim_expert_compute,PIM result read from Ramulator cycle-v0 table
1,4,step1.layer4.combine,combine,GPU_COMPUTE,step1.layer4.gpu_expert_compute;step1.layer4.pim_read,5388.402624000,1.036864000,5389.439488000,step1.layer4.pim_read,weighted expert combine
1,4,step1.layer4.residual2,residual,GPU_COMPUTE,step1.layer4.combine,5389.439488000,1.012288000,5390.451776000,step1.layer4.combine,residual add
1,5,step1.layer5.norm1,norm,GPU_COMPUTE,step1.layer4.residual2,5390.451776000,1.008192000,5391.459968000,step1.layer4.residual2,RMSNorm
1,5,step1.layer5.qkv,qkv,GPU_COMPUTE,step1.layer5.norm1,5391.459968000,3.635776000,5395.095744000,step1.layer5.norm1,QKV projection
1,5,step1.layer5.rope,rope,GPU_COMPUTE,step1.layer5.qkv,5395.095744000,1.018432000,5396.114176000,step1.layer5.qkv,QK norm and RoPE
1,5,step1.layer5.attention,attention,PIM_COMPUTE,step1.layer5.rope,5396.114176000,18.929664000,5415.043840000,step1.layer5.rope,decode attention from Ramulator cycle-v0 table
1,5,step1.layer5.o_proj,attention_output,GPU_COMPUTE,step1.layer5.attention,5415.043840000,3.109440000,5418.153280000,step1.layer5.attention,attention output projection
1,5,step1.layer5.residual1,residual,GPU_COMPUTE,step1.layer5.o_proj,5418.153280000,1.012288000,5419.165568000,step1.layer5.o_proj,residual add
1,5,step1.layer5.norm2,norm,GPU_COMPUTE,step1.layer5.residual1,5419.165568000,1.008192000,5420.173760000,step1.layer5.residual1,RMSNorm
1,5,step1.layer5.router,router,GPU_COMPUTE,step1.layer5.norm2,5420.173760000,2.069888000,5422.243648000,step1.layer5.norm2,MoE router
1,5,step1.layer5.metadata,metadata,GPU_COMPUTE,step1.layer5.router,5422.243648000,1.000128000,5423.243776000,step1.layer5.router,routing metadata
1,5,step1.layer5.dispatch,dispatch,,step1.layer5.metadata,5423.243776000,0.000000000,5423.243776000,step1.layer5.metadata,single-GPU dispatch placeholder
1,5,step1.layer5.scheduler,scheduler,GPU_COMPUTE,step1.layer5.metadata,5423.243776000,0.000000000,5423.243776000,step1.layer5.metadata,pimoe placement policy
1,5,step1.layer5.gpu_weight_load,gpu_weight_load,HBM_MEM_PATH,step1.layer5.scheduler,5423.243776000,2.359296000,5425.603072000,step1.layer5.scheduler,expert weights HBM to GPU
1,5,step1.layer5.gpu_expert_compute,gpu_expert,GPU_COMPUTE,step1.layer5.gpu_weight_load;step1.layer5.dispatch,5425.603072000,3.054525952,5428.657597952,step1.layer5.gpu_weight_load,grouped expert GEMM
1,5,step1.layer5.pim_gwrite,pim_write,GPU_PIM_IO,step1.layer5.scheduler;step1.layer5.dispatch,5423.243776000,6.685224000,5429.929000000,step1.layer5.scheduler,PIM_GWRITE from Ramulator cycle-v0 table
1,5,step1.layer5.pim_expert_compute,pim_expert,PIM_COMPUTE,step1.layer5.pim_gwrite,5429.929000000,60.162648000,5490.091648000,step1.layer5.pim_gwrite,expert GEMV from Ramulator cycle-v0 table
1,5,step1.layer5.pim_read,pim_read,GPU_PIM_IO,step1.layer5.pim_expert_compute,5490.091648000,0.039936000,5490.131584000,step1.layer5.pim_expert_compute,PIM result read from Ramulator cycle-v0 table
1,5,step1.layer5.combine,combine,GPU_COMPUTE,step1.layer5.gpu_expert_compute;step1.layer5.pim_read,5490.131584000,1.036864000,5491.168448000,step1.layer5.pim_read,weighted expert combine
1,5,step1.layer5.residual2,residual,GPU_COMPUTE,step1.layer5.combine,5491.168448000,1.012288000,5492.180736000,step1.layer5.combine,residual add
1,6,step1.layer6.norm1,norm,GPU_COMPUTE,step1.layer5.residual2,5492.180736000,1.008192000,5493.188928000,step1.layer5.residual2,RMSNorm
1,6,step1.layer6.qkv,qkv,GPU_COMPUTE,step1.layer6.norm1,5493.188928000,3.635776000,5496.824704000,step1.layer6.norm1,QKV projection
1,6,step1.layer6.rope,rope,GPU_COMPUTE,step1.layer6.qkv,5496.824704000,1.018432000,5497.843136000,step1.layer6.qkv,QK norm and RoPE
1,6,step1.layer6.attention,attention,PIM_COMPUTE,step1.layer6.rope,5497.843136000,18.929664000,5516.772800000,step1.layer6.rope,decode attention from Ramulator cycle-v0 table
1,6,step1.layer6.o_proj,attention_output,GPU_COMPUTE,step1.layer6.attention,5516.772800000,3.109440000,5519.882240000,step1.layer6.attention,attention output projection
1,6,step1.layer6.residual1,residual,GPU_COMPUTE,step1.layer6.o_proj,5519.882240000,1.012288000,5520.894528000,step1.layer6.o_proj,residual add
1,6,step1.layer6.norm2,norm,GPU_COMPUTE,step1.layer6.residual1,5520.894528000,1.008192000,5521.902720000,step1.layer6.residual1,RMSNorm
1,6,step1.layer6.router,router,GPU_COMPUTE,step1.layer6.norm2,5521.902720000,2.069888000,5523.972608000,step1.layer6.norm2,MoE router
1,6,step1.layer6.metadata,metadata,GPU_COMPUTE,step1.layer6.router,5523.972608000,1.000128000,5524.972736000,step1.layer6.router,routing metadata
1,6,step1.layer6.dispatch,dispatch,,step1.layer6.metadata,5524.972736000,0.000000000,5524.972736000,step1.layer6.metadata,single-GPU dispatch placeholder
1,6,step1.layer6.scheduler,scheduler,GPU_COMPUTE,step1.layer6.metadata,5524.972736000,0.000000000,5524.972736000,step1.layer6.metadata,pimoe placement policy
1,6,step1.layer6.gpu_weight_load,gpu_weight_load,HBM_MEM_PATH,step1.layer6.scheduler,5524.972736000,2.359296000,5527.332032000,step1.layer6.scheduler,expert weights HBM to GPU
1,6,step1.layer6.gpu_expert_compute,gpu_expert,GPU_COMPUTE,step1.layer6.gpu_weight_load;step1.layer6.dispatch,5527.332032000,3.054525952,5530.386557952,step1.layer6.gpu_weight_load,grouped expert GEMM
1,6,step1.layer6.pim_gwrite,pim_write,GPU_PIM_IO,step1.layer6.scheduler;step1.layer6.dispatch,5524.972736000,6.685224000,5531.657960000,step1.layer6.scheduler,PIM_GWRITE from Ramulator cycle-v0 table
1,6,step1.layer6.pim_expert_compute,pim_expert,PIM_COMPUTE,step1.layer6.pim_gwrite,5531.657960000,60.162648000,5591.820608000,step1.layer6.pim_gwrite,expert GEMV from Ramulator cycle-v0 table
1,6,step1.layer6.pim_read,pim_read,GPU_PIM_IO,step1.layer6.pim_expert_compute,5591.820608000,0.039936000,5591.860544000,step1.layer6.pim_expert_compute,PIM result read from Ramulator cycle-v0 table
1,6,step1.layer6.combine,combine,GPU_COMPUTE,step1.layer6.gpu_expert_compute;step1.layer6.pim_read,5591.860544000,1.036864000,5592.897408000,step1.layer6.pim_read,weighted expert combine
1,6,step1.layer6.residual2,residual,GPU_COMPUTE,step1.layer6.combine,5592.897408000,1.012288000,5593.909696000,step1.layer6.combine,residual add
1,7,step1.layer7.norm1,norm,GPU_COMPUTE,step1.layer6.residual2,5593.909696000,1.008192000,5594.917888000,step1.layer6.residual2,RMSNorm
1,7,step1.layer7.qkv,qkv,GPU_COMPUTE,step1.layer7.norm1,5594.917888000,3.635776000,5598.553664000,step1.layer7.norm1,QKV projection
1,7,step1.layer7.rope,rope,GPU_COMPUTE,step1.layer7.qkv,5598.553664000,1.018432000,5599.572096000,step1.layer7.qkv,QK norm and RoPE
1,7,step1.layer7.attention,attention,PIM_COMPUTE,step1.layer7.rope,5599.572096000,18.929664000,5618.501760000,step1.layer7.rope,decode attention from Ramulator cycle-v0 table
1,7,step1.layer7.o_proj,attention_output,GPU_COMPUTE,step1.layer7.attention,5618.501760000,3.109440000,5621.611200000,step1.layer7.attention,attention output projection
1,7,step1.layer7.residual1,residual,GPU_COMPUTE,step1.layer7.o_proj,5621.611200000,1.012288000,5622.623488000,step1.layer7.o_proj,residual add
1,7,step1.layer7.norm2,norm,GPU_COMPUTE,step1.layer7.residual1,5622.623488000,1.008192000,5623.631680000,step1.layer7.residual1,RMSNorm
1,7,step1.layer7.router,router,GPU_COMPUTE,step1.layer7.norm2,5623.631680000,2.069888000,5625.701568000,step1.layer7.norm2,MoE router
1,7,step1.layer7.metadata,metadata,GPU_COMPUTE,step1.layer7.router,5625.701568000,1.000128000,5626.701696000,step1.layer7.router,routing metadata
1,7,step1.layer7.dispatch,dispatch,,step1.layer7.metadata,5626.701696000,0.000000000,5626.701696000,step1.layer7.metadata,single-GPU dispatch placeholder
1,7,step1.layer7.scheduler,scheduler,GPU_COMPUTE,step1.layer7.metadata,5626.701696000,0.000000000,5626.701696000,step1.layer7.metadata,pimoe placement policy
1,7,step1.layer7.gpu_weight_load,gpu_weight_load,HBM_MEM_PATH,step1.layer7.scheduler,5626.701696000,2.359296000,5629.060992000,step1.layer7.scheduler,expert weights HBM to GPU
1,7,step1.layer7.gpu_expert_compute,gpu_expert,GPU_COMPUTE,step1.layer7.gpu_weight_load;step1.layer7.dispatch,5629.060992000,3.054525952,5632.115517952,step1.layer7.gpu_weight_load,grouped expert GEMM
1,7,step1.layer7.pim_gwrite,pim_write,GPU_PIM_IO,step1.layer7.scheduler;step1.layer7.dispatch,5626.701696000,6.685224000,5633.386920000,step1.layer7.scheduler,PIM_GWRITE from Ramulator cycle-v0 table
1,7,step1.layer7.pim_expert_compute,pim_expert,PIM_COMPUTE,step1.layer7.pim_gwrite,5633.386920000,60.162648000,5693.549568000,step1.layer7.pim_gwrite,expert GEMV from Ramulator cycle-v0 table
1,7,step1.layer7.pim_read,pim_read,GPU_PIM_IO,step1.layer7.pim_expert_compute,5693.549568000,0.039936000,5693.589504000,step1.layer7.pim_expert_compute,PIM result read from Ramulator cycle-v0 table
1,7,step1.layer7.combine,combine,GPU_COMPUTE,step1.layer7.gpu_expert_compute;step1.layer7.pim_read,5693.589504000,1.036864000,5694.626368000,step1.layer7.pim_read,weighted expert combine
1,7,step1.layer7.residual2,residual,GPU_COMPUTE,step1.layer7.combine,5694.626368000,1.012288000,5695.638656000,step1.layer7.combine,residual add
1,8,step1.layer8.norm1,norm,GPU_COMPUTE,step1.layer7.residual2,5695.638656000,1.008192000,5696.646848000,step1.layer7.residual2,RMSNorm
1,8,step1.layer8.qkv,qkv,GPU_COMPUTE,step1.layer8.norm1,5696.646848000,3.635776000,5700.282624000,step1.layer8.norm1,QKV projection
1,8,step1.layer8.rope,rope,GPU_COMPUTE,step1.layer8.qkv,5700.282624000,1.018432000,5701.301056000,step1.layer8.qkv,QK norm and RoPE
1,8,step1.layer8.attention,attention,PIM_COMPUTE,step1.layer8.rope,5701.301056000,18.929664000,5720.230720000,step1.layer8.rope,decode attention from Ramulator cycle-v0 table
1,8,step1.layer8.o_proj,attention_output,GPU_COMPUTE,step1.layer8.attention,5720.230720000,3.109440000,5723.340160000,step1.layer8.attention,attention output projection
1,8,step1.layer8.residual1,residual,GPU_COMPUTE,step1.layer8.o_proj,5723.340160000,1.012288000,5724.352448000,step1.layer8.o_proj,residual add
1,8,step1.layer8.norm2,norm,GPU_COMPUTE,step1.layer8.residual1,5724.352448000,1.008192000,5725.360640000,step1.layer8.residual1,RMSNorm
1,8,step1.layer8.router,router,GPU_COMPUTE,step1.layer8.norm2,5725.360640000,2.069888000,5727.430528000,step1.layer8.norm2,MoE router
1,8,step1.layer8.metadata,metadata,GPU_COMPUTE,step1.layer8.router,5727.430528000,1.000128000,5728.430656000,step1.layer8.router,routing metadata
1,8,step1.layer8.dispatch,dispatch,,step1.layer8.metadata,5728.430656000,0.000000000,5728.430656000,step1.layer8.metadata,single-GPU dispatch placeholder
1,8,step1.layer8.scheduler,scheduler,GPU_COMPUTE,step1.layer8.metadata,5728.430656000,0.000000000,5728.430656000,step1.layer8.metadata,pimoe placement policy
1,8,step1.layer8.gpu_weight_load,gpu_weight_load,HBM_MEM_PATH,step1.layer8.scheduler,5728.430656000,2.359296000,5730.789952000,step1.layer8.scheduler,expert weights HBM to GPU
1,8,step1.layer8.gpu_expert_compute,gpu_expert,GPU_COMPUTE,step1.layer8.gpu_weight_load;step1.layer8.dispatch,5730.789952000,3.054525952,5733.844477952,step1.layer8.gpu_weight_load,grouped expert GEMM
1,8,step1.layer8.pim_gwrite,pim_write,GPU_PIM_IO,step1.layer8.scheduler;step1.layer8.dispatch,5728.430656000,6.685224000,5735.115880000,step1.layer8.scheduler,PIM_GWRITE from Ramulator cycle-v0 table
1,8,step1.layer8.pim_expert_compute,pim_expert,PIM_COMPUTE,step1.layer8.pim_gwrite,5735.115880000,60.162648000,5795.278528000,step1.layer8.pim_gwrite,expert GEMV from Ramulator cycle-v0 table
1,8,step1.layer8.pim_read,pim_read,GPU_PIM_IO,step1.layer8.pim_expert_compute,5795.278528000,0.039936000,5795.318464000,step1.layer8.pim_expert_compute,PIM result read from Ramulator cycle-v0 table
1,8,step1.layer8.combine,combine,GPU_COMPUTE,step1.layer8.gpu_expert_compute;step1.layer8.pim_read,5795.318464000,1.036864000,5796.355328000,step1.layer8.pim_read,weighted expert combine
1,8,step1.layer8.residual2,residual,GPU_COMPUTE,step1.layer8.combine,5796.355328000,1.012288000,5797.367616000,step1.layer8.combine,residual add
1,9,step1.layer9.norm1,norm,GPU_COMPUTE,step1.layer8.residual2,5797.367616000,1.008192000,5798.375808000,step1.layer8.residual2,RMSNorm
1,9,step1.layer9.qkv,qkv,GPU_COMPUTE,step1.layer9.norm1,5798.375808000,3.635776000,5802.011584000,step1.layer9.norm1,QKV projection
1,9,step1.layer9.rope,rope,GPU_COMPUTE,step1.layer9.qkv,5802.011584000,1.018432000,5803.030016000,step1.layer9.qkv,QK norm and RoPE
1,9,step1.layer9.attention,attention,PIM_COMPUTE,step1.layer9.rope,5803.030016000,18.929664000,5821.959680000,step1.layer9.rope,decode attention from Ramulator cycle-v0 table
1,9,step1.layer9.o_proj,attention_output,GPU_COMPUTE,step1.layer9.attention,5821.959680000,3.109440000,5825.069120000,step1.layer9.attention,attention output projection
1,9,step1.layer9.residual1,residual,GPU_COMPUTE,step1.layer9.o_proj,5825.069120000,1.012288000,5826.081408000,step1.layer9.o_proj,residual add
1,9,step1.layer9.norm2,norm,GPU_COMPUTE,step1.layer9.residual1,5826.081408000,1.008192000,5827.089600000,step1.layer9.residual1,RMSNorm
1,9,step1.layer9.router,router,GPU_COMPUTE,step1.layer9.norm2,5827.089600000,2.069888000,5829.159488000,step1.layer9.norm2,MoE router
1,9,step1.layer9.metadata,metadata,GPU_COMPUTE,step1.layer9.router,5829.159488000,1.000128000,5830.159616000,step1.layer9.router,routing metadata
1,9,step1.layer9.dispatch,dispatch,,step1.layer9.metadata,5830.159616000,0.000000000,5830.159616000,step1.layer9.metadata,single-GPU dispatch placeholder
1,9,step1.layer9.scheduler,scheduler,GPU_COMPUTE,step1.layer9.metadata,5830.159616000,0.000000000,5830.159616000,step1.layer9.metadata,pimoe placement policy
1,9,step1.layer9.gpu_weight_load,gpu_weight_load,HBM_MEM_PATH,step1.layer9.scheduler,5830.159616000,2.359296000,5832.518912000,step1.layer9.scheduler,expert weights HBM to GPU
1,9,step1.layer9.gpu_expert_compute,gpu_expert,GPU_COMPUTE,step1.layer9.gpu_weight_load;step1.layer9.dispatch,5832.518912000,3.054525952,5835.573437952,step1.layer9.gpu_weight_load,grouped expert GEMM
1,9,step1.layer9.pim_gwrite,pim_write,GPU_PIM_IO,step1.layer9.scheduler;step1.layer9.dispatch,5830.159616000,6.685224000,5836.844840000,step1.layer9.scheduler,PIM_GWRITE from Ramulator cycle-v0 table
1,9,step1.layer9.pim_expert_compute,pim_expert,PIM_COMPUTE,step1.layer9.pim_gwrite,5836.844840000,60.162648000,5897.007488000,step1.layer9.pim_gwrite,expert GEMV from Ramulator cycle-v0 table
1,9,step1.layer9.pim_read,pim_read,GPU_PIM_IO,step1.layer9.pim_expert_compute,5897.007488000,0.039936000,5897.047424000,step1.layer9.pim_expert_compute,PIM result read from Ramulator cycle-v0 table
1,9,step1.layer9.combine,combine,GPU_COMPUTE,step1.layer9.gpu_expert_compute;step1.layer9.pim_read,5897.047424000,1.036864000,5898.084288000,step1.layer9.pim_read,weighted expert combine
1,9,step1.layer9.residual2,residual,GPU_COMPUTE,step1.layer9.combine,5898.084288000,1.012288000,5899.096576000,step1.layer9.combine,residual add
1,10,step1.layer10.norm1,norm,GPU_COMPUTE,step1.layer9.residual2,5899.096576000,1.008192000,5900.104768000,step1.layer9.residual2,RMSNorm
1,10,step1.layer10.qkv,qkv,GPU_COMPUTE,step1.layer10.norm1,5900.104768000,3.635776000,5903.740544000,step1.layer10.norm1,QKV projection
1,10,step1.layer10.rope,rope,GPU_COMPUTE,step1.layer10.qkv,5903.740544000,1.018432000,5904.758976000,step1.layer10.qkv,QK norm and RoPE
1,10,step1.layer10.attention,attention,PIM_COMPUTE,step1.layer10.rope,5904.758976000,18.929664000,5923.688640000,step1.layer10.rope,decode attention from Ramulator cycle-v0 table
1,10,step1.layer10.o_proj,attention_output,GPU_COMPUTE,step1.layer10.attention,5923.688640000,3.109440000,5926.798080000,step1.layer10.attention,attention output projection
1,10,step1.layer10.residual1,residual,GPU_COMPUTE,step1.layer10.o_proj,5926.798080000,1.012288000,5927.810368000,step1.layer10.o_proj,residual add
1,10,step1.layer10.norm2,norm,GPU_COMPUTE,step1.layer10.residual1,5927.810368000,1.008192000,5928.818560000,step1.layer10.residual1,RMSNorm
1,10,step1.layer10.router,router,GPU_COMPUTE,step1.layer10.norm2,5928.818560000,2.069888000,5930.888448000,step1.layer10.norm2,MoE router
1,10,step1.layer10.metadata,metadata,GPU_COMPUTE,step1.layer10.router,5930.888448000,1.000128000,5931.888576000,step1.layer10.router,routing metadata
1,10,step1.layer10.dispatch,dispatch,,step1.layer10.metadata,5931.888576000,0.000000000,5931.888576000,step1.layer10.metadata,single-GPU dispatch placeholder
1,10,step1.layer10.scheduler,scheduler,GPU_COMPUTE,step1.layer10.metadata,5931.888576000,0.000000000,5931.888576000,step1.layer10.metadata,pimoe placement policy
1,10,step1.layer10.gpu_weight_load,gpu_weight_load,HBM_MEM_PATH,step1.layer10.scheduler,5931.888576000,2.359296000,5934.247872000,step1.layer10.scheduler,expert weights HBM to GPU
1,10,step1.layer10.gpu_expert_compute,gpu_expert,GPU_COMPUTE,step1.layer10.gpu_weight_load;step1.layer10.dispatch,5934.247872000,3.054525952,5937.302397952,step1.layer10.gpu_weight_load,grouped expert GEMM
1,10,step1.layer10.pim_gwrite,pim_write,GPU_PIM_IO,step1.layer10.scheduler;step1.layer10.dispatch,5931.888576000,6.685224000,5938.573800000,step1.layer10.scheduler,PIM_GWRITE from Ramulator cycle-v0 table
1,10,step1.layer10.pim_expert_compute,pim_expert,PIM_COMPUTE,step1.layer10.pim_gwrite,5938.573800000,60.162648000,5998.736448000,step1.layer10.pim_gwrite,expert GEMV from Ramulator cycle-v0 table
1,10,step1.layer10.pim_read,pim_read,GPU_PIM_IO,step1.layer10.pim_expert_compute,5998.736448000,0.039936000,5998.776384000,step1.layer10.pim_expert_compute,PIM result read from Ramulator cycle-v0 table
1,10,step1.layer10.combine,combine,GPU_COMPUTE,step1.layer10.gpu_expert_compute;step1.layer10.pim_read,5998.776384000,1.036864000,5999.813248000,step1.layer10.pim_read,weighted expert combine
1,10,step1.layer10.residual2,residual,GPU_COMPUTE,step1.layer10.combine,5999.813248000,1.012288000,6000.825536000,step1.layer10.combine,residual add
1,11,step1.layer11.norm1,norm,GPU_COMPUTE,step1.layer10.residual2,6000.825536000,1.008192000,6001.833728000,step1.layer10.residual2,RMSNorm
1,11,step1.layer11.qkv,qkv,GPU_COMPUTE,step1.layer11.norm1,6001.833728000,3.635776000,6005.469504000,step1.layer11.norm1,QKV projection
1,11,step1.layer11.rope,rope,GPU_COMPUTE,step1.layer11.qkv,6005.469504000,1.018432000,6006.487936000,step1.layer11.qkv,QK norm and RoPE
1,11,step1.layer11.attention,attention,PIM_COMPUTE,step1.layer11.rope,6006.487936000,18.929664000,6025.417600000,step1.layer11.rope,decode attention from Ramulator cycle-v0 table
1,11,step1.layer11.o_proj,attention_output,GPU_COMPUTE,step1.layer11.attention,6025.417600000,3.109440000,6028.527040000,step1.layer11.attention,attention output projection
1,11,step1.layer11.residual1,residual,GPU_COMPUTE,step1.layer11.o_proj,6028.527040000,1.012288000,6029.539328000,step1.layer11.o_proj,residual add
1,11,step1.layer11.norm2,norm,GPU_COMPUTE,step1.layer11.residual1,6029.539328000,1.008192000,6030.547520000,step1.layer11.residual1,RMSNorm
1,11,step1.layer11.router,router,GPU_COMPUTE,step1.layer11.norm2,6030.547520000,2.069888000,6032.617408000,step1.layer11.norm2,MoE router
1,11,step1.layer11.metadata,metadata,GPU_COMPUTE,step1.layer11.router,6032.617408000,1.000128000,6033.617536000,step1.layer11.router,routing metadata
1,11,step1.layer11.dispatch,dispatch,,step1.layer11.metadata,6033.617536000,0.000000000,6033.617536000,step1.layer11.metadata,single-GPU dispatch placeholder
1,11,step1.layer11.scheduler,scheduler,GPU_COMPUTE,step1.layer11.metadata,6033.617536000,0.000000000,6033.617536000,step1.layer11.metadata,pimoe placement policy
1,11,step1.layer11.gpu_weight_load,gpu_weight_load,HBM_MEM_PATH,step1.layer11.scheduler,6033.617536000,2.359296000,6035.976832000,step1.layer11.scheduler,expert weights HBM to GPU
1,11,step1.layer11.gpu_expert_compute,gpu_expert,GPU_COMPUTE,step1.layer11.gpu_weight_load;step1.layer11.dispatch,6035.976832000,3.054525952,6039.031357952,step1.layer11.gpu_weight_load,grouped expert GEMM
1,11,step1.layer11.pim_gwrite,pim_write,GPU_PIM_IO,step1.layer11.scheduler;step1.layer11.dispatch,6033.617536000,6.685224000,6040.302760000,step1.layer11.scheduler,PIM_GWRITE from Ramulator cycle-v0 table
1,11,step1.layer11.pim_expert_compute,pim_expert,PIM_COMPUTE,step1.layer11.pim_gwrite,6040.302760000,60.162648000,6100.465408000,step1.layer11.pim_gwrite,expert GEMV from Ramulator cycle-v0 table
1,11,step1.layer11.pim_read,pim_read,GPU_PIM_IO,step1.layer11.pim_expert_compute,6100.465408000,0.039936000,6100.505344000,step1.layer11.pim_expert_compute,PIM result read from Ramulator cycle-v0 table
1,11,step1.layer11.combine,combine,GPU_COMPUTE,step1.layer11.gpu_expert_compute;step1.layer11.pim_read,6100.505344000,1.036864000,6101.542208000,step1.layer11.pim_read,weighted expert combine
1,11,step1.layer11.residual2,residual,GPU_COMPUTE,step1.layer11.combine,6101.542208000,1.012288000,6102.554496000,step1.layer11.combine,residual add
1,12,step1.layer12.norm1,norm,GPU_COMPUTE,step1.layer11.residual2,6102.554496000,1.008192000,6103.562688000,step1.layer11.residual2,RMSNorm
1,12,step1.layer12.qkv,qkv,GPU_COMPUTE,step1.layer12.norm1,6103.562688000,3.635776000,6107.198464000,step1.layer12.norm1,QKV projection
1,12,step1.layer12.rope,rope,GPU_COMPUTE,step1.layer12.qkv,6107.198464000,1.018432000,6108.216896000,step1.layer12.qkv,QK norm and RoPE
1,12,step1.layer12.attention,attention,PIM_COMPUTE,step1.layer12.rope,6108.216896000,18.929664000,6127.146560000,step1.layer12.rope,decode attention from Ramulator cycle-v0 table
1,12,step1.layer12.o_proj,attention_output,GPU_COMPUTE,step1.layer12.attention,6127.146560000,3.109440000,6130.256000000,step1.layer12.attention,attention output projection
1,12,step1.layer12.residual1,residual,GPU_COMPUTE,step1.layer12.o_proj,6130.256000000,1.012288000,6131.268288000,step1.layer12.o_proj,residual add
1,12,step1.layer12.norm2,norm,GPU_COMPUTE,step1.layer12.residual1,6131.268288000,1.008192000,6132.276480000,step1.layer12.residual1,RMSNorm
1,12,step1.layer12.router,router,GPU_COMPUTE,step1.layer12.norm2,6132.276480000,2.069888000,6134.346368000,step1.layer12.norm2,MoE router
1,12,step1.layer12.metadata,metadata,GPU_COMPUTE,step1.layer12.router,6134.346368000,1.000128000,6135.346496000,step1.layer12.router,routing metadata
1,12,step1.layer12.dispatch,dispatch,,step1.layer12.metadata,6135.346496000,0.000000000,6135.346496000,step1.layer12.metadata,single-GPU dispatch placeholder
1,12,step1.layer12.scheduler,scheduler,GPU_COMPUTE,step1.layer12.metadata,6135.346496000,0.000000000,6135.346496000,step1.layer12.metadata,pimoe placement policy
1,12,step1.layer12.gpu_weight_load,gpu_weight_load,HBM_MEM_PATH,step1.layer12.scheduler,6135.346496000,2.359296000,6137.705792000,step1.layer12.scheduler,expert weights HBM to GPU
1,12,step1.layer12.gpu_expert_compute,gpu_expert,GPU_COMPUTE,step1.layer12.gpu_weight_load;step1.layer12.dispatch,6137.705792000,3.054525952,6140.760317952,step1.layer12.gpu_weight_load,grouped expert GEMM
1,12,step1.layer12.pim_gwrite,pim_write,GPU_PIM_IO,step1.layer12.scheduler;step1.layer12.dispatch,6135.346496000,6.685224000,6142.031720000,step1.layer12.scheduler,PIM_GWRITE from Ramulator cycle-v0 table
1,12,step1.layer12.pim_expert_compute,pim_expert,PIM_COMPUTE,step1.layer12.pim_gwrite,6142.031720000,60.162648000,6202.194368000,step1.layer12.pim_gwrite,expert GEMV from Ramulator cycle-v0 table
1,12,step1.layer12.pim_read,pim_read,GPU_PIM_IO,step1.layer12.pim_expert_compute,6202.194368000,0.039936000,6202.234304000,step1.layer12.pim_expert_compute,PIM result read from Ramulator cycle-v0 table
1,12,step1.layer12.combine,combine,GPU_COMPUTE,step1.layer12.gpu_expert_compute;step1.layer12.pim_read,6202.234304000,1.036864000,6203.271168000,step1.layer12.pim_read,weighted expert combine
1,12,step1.layer12.residual2,residual,GPU_COMPUTE,step1.layer12.combine,6203.271168000,1.012288000,6204.283456000,step1.layer12.combine,residual add
1,13,step1.layer13.norm1,norm,GPU_COMPUTE,step1.layer12.residual2,6204.283456000,1.008192000,6205.291648000,step1.layer12.residual2,RMSNorm
1,13,step1.layer13.qkv,qkv,GPU_COMPUTE,step1.layer13.norm1,6205.291648000,3.635776000,6208.927424000,step1.layer13.norm1,QKV projection
1,13,step1.layer13.rope,rope,GPU_COMPUTE,step1.layer13.qkv,6208.927424000,1.018432000,6209.945856000,step1.layer13.qkv,QK norm and RoPE
1,13,step1.layer13.attention,attention,PIM_COMPUTE,step1.layer13.rope,6209.945856000,18.929664000,6228.875520000,step1.layer13.rope,decode attention from Ramulator cycle-v0 table
1,13,step1.layer13.o_proj,attention_output,GPU_COMPUTE,step1.layer13.attention,6228.875520000,3.109440000,6231.984960000,step1.layer13.attention,attention output projection
1,13,step1.layer13.residual1,residual,GPU_COMPUTE,step1.layer13.o_proj,6231.984960000,1.012288000,6232.997248000,step1.layer13.o_proj,residual add
1,13,step1.layer13.norm2,norm,GPU_COMPUTE,step1.layer13.residual1,6232.997248000,1.008192000,6234.005440000,step1.layer13.residual1,RMSNorm
1,13,step1.layer13.router,router,GPU_COMPUTE,step1.layer13.norm2,6234.005440000,2.069888000,6236.075328000,step1.layer13.norm2,MoE router
1,13,step1.layer13.metadata,metadata,GPU_COMPUTE,step1.layer13.router,6236.075328000,1.000128000,6237.075456000,step1.layer13.router,routing metadata
1,13,step1.layer13.dispatch,dispatch,,step1.layer13.metadata,6237.075456000,0.000000000,6237.075456000,step1.layer13.metadata,single-GPU dispatch placeholder
1,13,step1.layer13.scheduler,scheduler,GPU_COMPUTE,step1.layer13.metadata,6237.075456000,0.000000000,6237.075456000,step1.layer13.metadata,pimoe placement policy
1,13,step1.layer13.gpu_weight_load,gpu_weight_load,HBM_MEM_PATH,step1.layer13.scheduler,6237.075456000,2.359296000,6239.434752000,step1.layer13.scheduler,expert weights HBM to GPU
1,13,step1.layer13.gpu_expert_compute,gpu_expert,GPU_COMPUTE,step1.layer13.gpu_weight_load;step1.layer13.dispatch,6239.434752000,3.054525952,6242.489277952,step1.layer13.gpu_weight_load,grouped expert GEMM
1,13,step1.layer13.pim_gwrite,pim_write,GPU_PIM_IO,step1.layer13.scheduler;step1.layer13.dispatch,6237.075456000,6.685224000,6243.760680000,step1.layer13.scheduler,PIM_GWRITE from Ramulator cycle-v0 table
1,13,step1.layer13.pim_expert_compute,pim_expert,PIM_COMPUTE,step1.layer13.pim_gwrite,6243.760680000,60.162648000,6303.923328000,step1.layer13.pim_gwrite,expert GEMV from Ramulator cycle-v0 table
1,13,step1.layer13.pim_read,pim_read,GPU_PIM_IO,step1.layer13.pim_expert_compute,6303.923328000,0.039936000,6303.963264000,step1.layer13.pim_expert_compute,PIM result read from Ramulator cycle-v0 table
1,13,step1.layer13.combine,combine,GPU_COMPUTE,step1.layer13.gpu_expert_compute;step1.layer13.pim_read,6303.963264000,1.036864000,6305.000128000,step1.layer13.pim_read,weighted expert combine
1,13,step1.layer13.residual2,residual,GPU_COMPUTE,step1.layer13.combine,6305.000128000,1.012288000,6306.012416000,step1.layer13.combine,residual add
1,14,step1.layer14.norm1,norm,GPU_COMPUTE,step1.layer13.residual2,6306.012416000,1.008192000,6307.020608000,step1.layer13.residual2,RMSNorm
1,14,step1.layer14.qkv,qkv,GPU_COMPUTE,step1.layer14.norm1,6307.020608000,3.635776000,6310.656384000,step1.layer14.norm1,QKV projection
1,14,step1.layer14.rope,rope,GPU_COMPUTE,step1.layer14.qkv,6310.656384000,1.018432000,6311.674816000,step1.layer14.qkv,QK norm and RoPE
1,14,step1.layer14.attention,attention,PIM_COMPUTE,step1.layer14.rope,6311.674816000,18.929664000,6330.604480000,step1.layer14.rope,decode attention from Ramulator cycle-v0 table
1,14,step1.layer14.o_proj,attention_output,GPU_COMPUTE,step1.layer14.attention,6330.604480000,3.109440000,6333.713920000,step1.layer14.attention,attention output projection
1,14,step1.layer14.residual1,residual,GPU_COMPUTE,step1.layer14.o_proj,6333.713920000,1.012288000,6334.726208000,step1.layer14.o_proj,residual add
1,14,step1.layer14.norm2,norm,GPU_COMPUTE,step1.layer14.residual1,6334.726208000,1.008192000,6335.734400000,step1.layer14.residual1,RMSNorm
1,14,step1.layer14.router,router,GPU_COMPUTE,step1.layer14.norm2,6335.734400000,2.069888000,6337.804288000,step1.layer14.norm2,MoE router
1,14,step1.layer14.metadata,metadata,GPU_COMPUTE,step1.layer14.router,6337.804288000,1.000128000,6338.804416000,step1.layer14.router,routing metadata
1,14,step1.layer14.dispatch,dispatch,,step1.layer14.metadata,6338.804416000,0.000000000,6338.804416000,step1.layer14.metadata,single-GPU dispatch placeholder
1,14,step1.layer14.scheduler,scheduler,GPU_COMPUTE,step1.layer14.metadata,6338.804416000,0.000000000,6338.804416000,step1.layer14.metadata,pimoe placement policy
1,14,step1.layer14.gpu_weight_load,gpu_weight_load,HBM_MEM_PATH,step1.layer14.scheduler,6338.804416000,2.359296000,6341.163712000,step1.layer14.scheduler,expert weights HBM to GPU
1,14,step1.layer14.gpu_expert_compute,gpu_expert,GPU_COMPUTE,step1.layer14.gpu_weight_load;step1.layer14.dispatch,6341.163712000,3.054525952,6344.218237952,step1.layer14.gpu_weight_load,grouped expert GEMM
1,14,step1.layer14.pim_gwrite,pim_write,GPU_PIM_IO,step1.layer14.scheduler;step1.layer14.dispatch,6338.804416000,6.685224000,6345.489640000,step1.layer14.scheduler,PIM_GWRITE from Ramulator cycle-v0 table
1,14,step1.layer14.pim_expert_compute,pim_expert,PIM_COMPUTE,step1.layer14.pim_gwrite,6345.489640000,60.162648000,6405.652288000,step1.layer14.pim_gwrite,expert GEMV from Ramulator cycle-v0 table
1,14,step1.layer14.pim_read,pim_read,GPU_PIM_IO,step1.layer14.pim_expert_compute,6405.652288000,0.039936000,6405.692224000,step1.layer14.pim_expert_compute,PIM result read from Ramulator cycle-v0 table
1,14,step1.layer14.combine,combine,GPU_COMPUTE,step1.layer14.gpu_expert_compute;step1.layer14.pim_read,6405.692224000,1.036864000,6406.729088000,step1.layer14.pim_read,weighted expert combine
1,14,step1.layer14.residual2,residual,GPU_COMPUTE,step1.layer14.combine,6406.729088000,1.012288000,6407.741376000,step1.layer14.combine,residual add
1,15,step1.layer15.norm1,norm,GPU_COMPUTE,step1.layer14.residual2,6407.741376000,1.008192000,6408.749568000,step1.layer14.residual2,RMSNorm
1,15,step1.layer15.qkv,qkv,GPU_COMPUTE,step1.layer15.norm1,6408.749568000,3.635776000,6412.385344000,step1.layer15.norm1,QKV projection
1,15,step1.layer15.rope,rope,GPU_COMPUTE,step1.layer15.qkv,6412.385344000,1.018432000,6413.403776000,step1.layer15.qkv,QK norm and RoPE
1,15,step1.layer15.attention,attention,PIM_COMPUTE,step1.layer15.rope,6413.403776000,18.929664000,6432.333440000,step1.layer15.rope,decode attention from Ramulator cycle-v0 table
1,15,step1.layer15.o_proj,attention_output,GPU_COMPUTE,step1.layer15.attention,6432.333440000,3.109440000,6435.442880000,step1.layer15.attention,attention output projection
1,15,step1.layer15.residual1,residual,GPU_COMPUTE,step1.layer15.o_proj,6435.442880000,1.012288000,6436.455168000,step1.layer15.o_proj,residual add
1,15,step1.layer15.norm2,norm,GPU_COMPUTE,step1.layer15.residual1,6436.455168000,1.008192000,6437.463360000,step1.layer15.residual1,RMSNorm
1,15,step1.layer15.router,router,GPU_COMPUTE,step1.layer15.norm2,6437.463360000,2.069888000,6439.533248000,step1.layer15.norm2,MoE router
1,15,step1.layer15.metadata,metadata,GPU_COMPUTE,step1.layer15.router,6439.533248000,1.000128000,6440.533376000,step1.layer15.router,routing metadata
1,15,step1.layer15.dispatch,dispatch,,step1.layer15.metadata,6440.533376000,0.000000000,6440.533376000,step1.layer15.metadata,single-GPU dispatch placeholder
1,15,step1.layer15.scheduler,scheduler,GPU_COMPUTE,step1.layer15.metadata,6440.533376000,0.000000000,6440.533376000,step1.layer15.metadata,pimoe placement policy
1,15,step1.layer15.gpu_weight_load,gpu_weight_load,HBM_MEM_PATH,step1.layer15.scheduler,6440.533376000,2.359296000,6442.892672000,step1.layer15.scheduler,expert weights HBM to GPU
1,15,step1.layer15.gpu_expert_compute,gpu_expert,GPU_COMPUTE,step1.layer15.gpu_weight_load;step1.layer15.dispatch,6442.892672000,3.054525952,6445.947197952,step1.layer15.gpu_weight_load,grouped expert GEMM
1,15,step1.layer15.pim_gwrite,pim_write,GPU_PIM_IO,step1.layer15.scheduler;step1.layer15.dispatch,6440.533376000,6.685224000,6447.218600000,step1.layer15.scheduler,PIM_GWRITE from Ramulator cycle-v0 table
1,15,step1.layer15.pim_expert_compute,pim_expert,PIM_COMPUTE,step1.layer15.pim_gwrite,6447.218600000,60.162648000,6507.381248000,step1.layer15.pim_gwrite,expert GEMV from Ramulator cycle-v0 table
1,15,step1.layer15.pim_read,pim_read,GPU_PIM_IO,step1.layer15.pim_expert_compute,6507.381248000,0.039936000,6507.421184000,step1.layer15.pim_expert_compute,PIM result read from Ramulator cycle-v0 table
1,15,step1.layer15.combine,combine,GPU_COMPUTE,step1.layer15.gpu_expert_compute;step1.layer15.pim_read,6507.421184000,1.036864000,6508.458048000,step1.layer15.pim_read,weighted expert combine
1,15,step1.layer15.residual2,residual,GPU_COMPUTE,step1.layer15.combine,6508.458048000,1.012288000,6509.470336000,step1.layer15.combine,residual add
1,16,step1.layer16.norm1,norm,GPU_COMPUTE,step1.layer15.residual2,6509.470336000,1.008192000,6510.478528000,step1.layer15.residual2,RMSNorm
1,16,step1.layer16.qkv,qkv,GPU_COMPUTE,step1.layer16.norm1,6510.478528000,3.635776000,6514.114304000,step1.layer16.norm1,QKV projection
1,16,step1.layer16.rope,rope,GPU_COMPUTE,step1.layer16.qkv,6514.114304000,1.018432000,6515.132736000,step1.layer16.qkv,QK norm and RoPE
1,16,step1.layer16.attention,attention,PIM_COMPUTE,step1.layer16.rope,6515.132736000,18.929664000,6534.062400000,step1.layer16.rope,decode attention from Ramulator cycle-v0 table
1,16,step1.layer16.o_proj,attention_output,GPU_COMPUTE,step1.layer16.attention,6534.062400000,3.109440000,6537.171840000,step1.layer16.attention,attention output projection
1,16,step1.layer16.residual1,residual,GPU_COMPUTE,step1.layer16.o_proj,6537.171840000,1.012288000,6538.184128000,step1.layer16.o_proj,residual add
1,16,step1.layer16.norm2,norm,GPU_COMPUTE,step1.layer16.residual1,6538.184128000,1.008192000,6539.192320000,step1.layer16.residual1,RMSNorm
1,16,step1.layer16.router,router,GPU_COMPUTE,step1.layer16.norm2,6539.192320000,2.069888000,6541.262208000,step1.layer16.norm2,MoE router
1,16,step1.layer16.metadata,metadata,GPU_COMPUTE,step1.layer16.router,6541.262208000,1.000128000,6542.262336000,step1.layer16.router,routing metadata
1,16,step1.layer16.dispatch,dispatch,,step1.layer16.metadata,6542.262336000,0.000000000,6542.262336000,step1.layer16.metadata,single-GPU dispatch placeholder
1,16,step1.layer16.scheduler,scheduler,GPU_COMPUTE,step1.layer16.metadata,6542.262336000,0.000000000,6542.262336000,step1.layer16.metadata,pimoe placement policy
1,16,step1.layer16.gpu_weight_load,gpu_weight_load,HBM_MEM_PATH,step1.layer16.scheduler,6542.262336000,2.359296000,6544.621632000,step1.layer16.scheduler,expert weights HBM to GPU
1,16,step1.layer16.gpu_expert_compute,gpu_expert,GPU_COMPUTE,step1.layer16.gpu_weight_load;step1.layer16.dispatch,6544.621632000,3.054525952,6547.676157952,step1.layer16.gpu_weight_load,grouped expert GEMM
1,16,step1.layer16.pim_gwrite,pim_write,GPU_PIM_IO,step1.layer16.scheduler;step1.layer16.dispatch,6542.262336000,6.685224000,6548.947560000,step1.layer16.scheduler,PIM_GWRITE from Ramulator cycle-v0 table
1,16,step1.layer16.pim_expert_compute,pim_expert,PIM_COMPUTE,step1.layer16.pim_gwrite,6548.947560000,60.162648000,6609.110208000,step1.layer16.pim_gwrite,expert GEMV from Ramulator cycle-v0 table
1,16,step1.layer16.pim_read,pim_read,GPU_PIM_IO,step1.layer16.pim_expert_compute,6609.110208000,0.039936000,6609.150144000,step1.layer16.pim_expert_compute,PIM result read from Ramulator cycle-v0 table
1,16,step1.layer16.combine,combine,GPU_COMPUTE,step1.layer16.gpu_expert_compute;step1.layer16.pim_read,6609.150144000,1.036864000,6610.187008000,step1.layer16.pim_read,weighted expert combine
1,16,step1.layer16.residual2,residual,GPU_COMPUTE,step1.layer16.combine,6610.187008000,1.012288000,6611.199296000,step1.layer16.combine,residual add
1,17,step1.layer17.norm1,norm,GPU_COMPUTE,step1.layer16.residual2,6611.199296000,1.008192000,6612.207488000,step1.layer16.residual2,RMSNorm
1,17,step1.layer17.qkv,qkv,GPU_COMPUTE,step1.layer17.norm1,6612.207488000,3.635776000,6615.843264000,step1.layer17.norm1,QKV projection
1,17,step1.layer17.rope,rope,GPU_COMPUTE,step1.layer17.qkv,6615.843264000,1.018432000,6616.861696000,step1.layer17.qkv,QK norm and RoPE
1,17,step1.layer17.attention,attention,PIM_COMPUTE,step1.layer17.rope,6616.861696000,18.929664000,6635.791360000,step1.layer17.rope,decode attention from Ramulator cycle-v0 table
1,17,step1.layer17.o_proj,attention_output,GPU_COMPUTE,step1.layer17.attention,6635.791360000,3.109440000,6638.900800000,step1.layer17.attention,attention output projection
1,17,step1.layer17.residual1,residual,GPU_COMPUTE,step1.layer17.o_proj,6638.900800000,1.012288000,6639.913088000,step1.layer17.o_proj,residual add
1,17,step1.layer17.norm2,norm,GPU_COMPUTE,step1.layer17.residual1,6639.913088000,1.008192000,6640.921280000,step1.layer17.residual1,RMSNorm
1,17,step1.layer17.router,router,GPU_COMPUTE,step1.layer17.norm2,6640.921280000,2.069888000,6642.991168000,step1.layer17.norm2,MoE router
1,17,step1.layer17.metadata,metadata,GPU_COMPUTE,step1.layer17.router,6642.991168000,1.000128000,6643.991296000,step1.layer17.router,routing metadata
1,17,step1.layer17.dispatch,dispatch,,step1.layer17.metadata,6643.991296000,0.000000000,6643.991296000,step1.layer17.metadata,single-GPU dispatch placeholder
1,17,step1.layer17.scheduler,scheduler,GPU_COMPUTE,step1.layer17.metadata,6643.991296000,0.000000000,6643.991296000,step1.layer17.metadata,pimoe placement policy
1,17,step1.layer17.gpu_weight_load,gpu_weight_load,HBM_MEM_PATH,step1.layer17.scheduler,6643.991296000,2.359296000,6646.350592000,step1.layer17.scheduler,expert weights HBM to GPU
1,17,step1.layer17.gpu_expert_compute,gpu_expert,GPU_COMPUTE,step1.layer17.gpu_weight_load;step1.layer17.dispatch,6646.350592000,3.054525952,6649.405117952,step1.layer17.gpu_weight_load,grouped expert GEMM
1,17,step1.layer17.pim_gwrite,pim_write,GPU_PIM_IO,step1.layer17.scheduler;step1.layer17.dispatch,6643.991296000,6.685224000,6650.676520000,step1.layer17.scheduler,PIM_GWRITE from Ramulator cycle-v0 table
1,17,step1.layer17.pim_expert_compute,pim_expert,PIM_COMPUTE,step1.layer17.pim_gwrite,6650.676520000,60.162648000,6710.839168000,step1.layer17.pim_gwrite,expert GEMV from Ramulator cycle-v0 table
1,17,step1.layer17.pim_read,pim_read,GPU_PIM_IO,step1.layer17.pim_expert_compute,6710.839168000,0.039936000,6710.879104000,step1.layer17.pim_expert_compute,PIM result read from Ramulator cycle-v0 table
1,17,step1.layer17.combine,combine,GPU_COMPUTE,step1.layer17.gpu_expert_compute;step1.layer17.pim_read,6710.879104000,1.036864000,6711.915968000,step1.layer17.pim_read,weighted expert combine
1,17,step1.layer17.residual2,residual,GPU_COMPUTE,step1.layer17.combine,6711.915968000,1.012288000,6712.928256000,step1.layer17.combine,residual add
1,18,step1.layer18.norm1,norm,GPU_COMPUTE,step1.layer17.residual2,6712.928256000,1.008192000,6713.936448000,step1.layer17.residual2,RMSNorm
1,18,step1.layer18.qkv,qkv,GPU_COMPUTE,step1.layer18.norm1,6713.936448000,3.635776000,6717.572224000,step1.layer18.norm1,QKV projection
1,18,step1.layer18.rope,rope,GPU_COMPUTE,step1.layer18.qkv,6717.572224000,1.018432000,6718.590656000,step1.layer18.qkv,QK norm and RoPE
1,18,step1.layer18.attention,attention,PIM_COMPUTE,step1.layer18.rope,6718.590656000,18.929664000,6737.520320000,step1.layer18.rope,decode attention from Ramulator cycle-v0 table
1,18,step1.layer18.o_proj,attention_output,GPU_COMPUTE,step1.layer18.attention,6737.520320000,3.109440000,6740.629760000,step1.layer18.attention,attention output projection
1,18,step1.layer18.residual1,residual,GPU_COMPUTE,step1.layer18.o_proj,6740.629760000,1.012288000,6741.642048000,step1.layer18.o_proj,residual add
1,18,step1.layer18.norm2,norm,GPU_COMPUTE,step1.layer18.residual1,6741.642048000,1.008192000,6742.650240000,step1.layer18.residual1,RMSNorm
1,18,step1.layer18.router,router,GPU_COMPUTE,step1.layer18.norm2,6742.650240000,2.069888000,6744.720128000,step1.layer18.norm2,MoE router
1,18,step1.layer18.metadata,metadata,GPU_COMPUTE,step1.layer18.router,6744.720128000,1.000128000,6745.720256000,step1.layer18.router,routing metadata
1,18,step1.layer18.dispatch,dispatch,,step1.layer18.metadata,6745.720256000,0.000000000,6745.720256000,step1.layer18.metadata,single-GPU dispatch placeholder
1,18,step1.layer18.scheduler,scheduler,GPU_COMPUTE,step1.layer18.metadata,6745.720256000,0.000000000,6745.720256000,step1.layer18.metadata,pimoe placement policy
1,18,step1.layer18.gpu_weight_load,gpu_weight_load,HBM_MEM_PATH,step1.layer18.scheduler,6745.720256000,2.359296000,6748.079552000,step1.layer18.scheduler,expert weights HBM to GPU
1,18,step1.layer18.gpu_expert_compute,gpu_expert,GPU_COMPUTE,step1.layer18.gpu_weight_load;step1.layer18.dispatch,6748.079552000,3.054525952,6751.134077952,step1.layer18.gpu_weight_load,grouped expert GEMM
1,18,step1.layer18.pim_gwrite,pim_write,GPU_PIM_IO,step1.layer18.scheduler;step1.layer18.dispatch,6745.720256000,6.685224000,6752.405480000,step1.layer18.scheduler,PIM_GWRITE from Ramulator cycle-v0 table
1,18,step1.layer18.pim_expert_compute,pim_expert,PIM_COMPUTE,step1.layer18.pim_gwrite,6752.405480000,60.162648000,6812.568128000,step1.layer18.pim_gwrite,expert GEMV from Ramulator cycle-v0 table
1,18,step1.layer18.pim_read,pim_read,GPU_PIM_IO,step1.layer18.pim_expert_compute,6812.568128000,0.039936000,6812.608064000,step1.layer18.pim_expert_compute,PIM result read from Ramulator cycle-v0 table
1,18,step1.layer18.combine,combine,GPU_COMPUTE,step1.layer18.gpu_expert_compute;step1.layer18.pim_read,6812.608064000,1.036864000,6813.644928000,step1.layer18.pim_read,weighted expert combine
1,18,step1.layer18.residual2,residual,GPU_COMPUTE,step1.layer18.combine,6813.644928000,1.012288000,6814.657216000,step1.layer18.combine,residual add
1,19,step1.layer19.norm1,norm,GPU_COMPUTE,step1.layer18.residual2,6814.657216000,1.008192000,6815.665408000,step1.layer18.residual2,RMSNorm
1,19,step1.layer19.qkv,qkv,GPU_COMPUTE,step1.layer19.norm1,6815.665408000,3.635776000,6819.301184000,step1.layer19.norm1,QKV projection
1,19,step1.layer19.rope,rope,GPU_COMPUTE,step1.layer19.qkv,6819.301184000,1.018432000,6820.319616000,step1.layer19.qkv,QK norm and RoPE
1,19,step1.layer19.attention,attention,PIM_COMPUTE,step1.layer19.rope,6820.319616000,18.929664000,6839.249280000,step1.layer19.rope,decode attention from Ramulator cycle-v0 table
1,19,step1.layer19.o_proj,attention_output,GPU_COMPUTE,step1.layer19.attention,6839.249280000,3.109440000,6842.358720000,step1.layer19.attention,attention output projection
1,19,step1.layer19.residual1,residual,GPU_COMPUTE,step1.layer19.o_proj,6842.358720000,1.012288000,6843.371008000,step1.layer19.o_proj,residual add
1,19,step1.layer19.norm2,norm,GPU_COMPUTE,step1.layer19.residual1,6843.371008000,1.008192000,6844.379200000,step1.layer19.residual1,RMSNorm
1,19,step1.layer19.router,router,GPU_COMPUTE,step1.layer19.norm2,6844.379200000,2.069888000,6846.449088000,step1.layer19.norm2,MoE router
1,19,step1.layer19.metadata,metadata,GPU_COMPUTE,step1.layer19.router,6846.449088000,1.000128000,6847.449216000,step1.layer19.router,routing metadata
1,19,step1.layer19.dispatch,dispatch,,step1.layer19.metadata,6847.449216000,0.000000000,6847.449216000,step1.layer19.metadata,single-GPU dispatch placeholder
1,19,step1.layer19.scheduler,scheduler,GPU_COMPUTE,step1.layer19.metadata,6847.449216000,0.000000000,6847.449216000,step1.layer19.metadata,pimoe placement policy
1,19,step1.layer19.gpu_weight_load,gpu_weight_load,HBM_MEM_PATH,step1.layer19.scheduler,6847.449216000,2.359296000,6849.808512000,step1.layer19.scheduler,expert weights HBM to GPU
1,19,step1.layer19.gpu_expert_compute,gpu_expert,GPU_COMPUTE,step1.layer19.gpu_weight_load;step1.layer19.dispatch,6849.808512000,3.054525952,6852.863037952,step1.layer19.gpu_weight_load,grouped expert GEMM
1,19,step1.layer19.pim_gwrite,pim_write,GPU_PIM_IO,step1.layer19.scheduler;step1.layer19.dispatch,6847.449216000,6.685224000,6854.134440000,step1.layer19.scheduler,PIM_GWRITE from Ramulator cycle-v0 table
1,19,step1.layer19.pim_expert_compute,pim_expert,PIM_COMPUTE,step1.layer19.pim_gwrite,6854.134440000,60.162648000,6914.297088000,step1.layer19.pim_gwrite,expert GEMV from Ramulator cycle-v0 table
1,19,step1.layer19.pim_read,pim_read,GPU_PIM_IO,step1.layer19.pim_expert_compute,6914.297088000,0.039936000,6914.337024000,step1.layer19.pim_expert_compute,PIM result read from Ramulator cycle-v0 table
1,19,step1.layer19.combine,combine,GPU_COMPUTE,step1.layer19.gpu_expert_compute;step1.layer19.pim_read,6914.337024000,1.036864000,6915.373888000,step1.layer19.pim_read,weighted expert combine
1,19,step1.layer19.residual2,residual,GPU_COMPUTE,step1.layer19.combine,6915.373888000,1.012288000,6916.386176000,step1.layer19.combine,residual add
1,20,step1.layer20.norm1,norm,GPU_COMPUTE,step1.layer19.residual2,6916.386176000,1.008192000,6917.394368000,step1.layer19.residual2,RMSNorm
1,20,step1.layer20.qkv,qkv,GPU_COMPUTE,step1.layer20.norm1,6917.394368000,3.635776000,6921.030144000,step1.layer20.norm1,QKV projection
1,20,step1.layer20.rope,rope,GPU_COMPUTE,step1.layer20.qkv,6921.030144000,1.018432000,6922.048576000,step1.layer20.qkv,QK norm and RoPE
1,20,step1.layer20.attention,attention,PIM_COMPUTE,step1.layer20.rope,6922.048576000,18.929664000,6940.978240000,step1.layer20.rope,decode attention from Ramulator cycle-v0 table
1,20,step1.layer20.o_proj,attention_output,GPU_COMPUTE,step1.layer20.attention,6940.978240000,3.109440000,6944.087680000,step1.layer20.attention,attention output projection
1,20,step1.layer20.residual1,residual,GPU_COMPUTE,step1.layer20.o_proj,6944.087680000,1.012288000,6945.099968000,step1.layer20.o_proj,residual add
1,20,step1.layer20.norm2,norm,GPU_COMPUTE,step1.layer20.residual1,6945.099968000,1.008192000,6946.108160000,step1.layer20.residual1,RMSNorm
1,20,step1.layer20.router,router,GPU_COMPUTE,step1.layer20.norm2,6946.108160000,2.069888000,6948.178048000,step1.layer20.norm2,MoE router
1,20,step1.layer20.metadata,metadata,GPU_COMPUTE,step1.layer20.router,6948.178048000,1.000128000,6949.178176000,step1.layer20.router,routing metadata
1,20,step1.layer20.dispatch,dispatch,,step1.layer20.metadata,6949.178176000,0.000000000,6949.178176000,step1.layer20.metadata,single-GPU dispatch placeholder
1,20,step1.layer20.scheduler,scheduler,GPU_COMPUTE,step1.layer20.metadata,6949.178176000,0.000000000,6949.178176000,step1.layer20.metadata,pimoe placement policy
1,20,step1.layer20.gpu_weight_load,gpu_weight_load,HBM_MEM_PATH,step1.layer20.scheduler,6949.178176000,2.359296000,6951.537472000,step1.layer20.scheduler,expert weights HBM to GPU
1,20,step1.layer20.gpu_expert_compute,gpu_expert,GPU_COMPUTE,step1.layer20.gpu_weight_load;step1.layer20.dispatch,6951.537472000,3.054525952,6954.591997952,step1.layer20.gpu_weight_load,grouped expert GEMM
1,20,step1.layer20.pim_gwrite,pim_write,GPU_PIM_IO,step1.layer20.scheduler;step1.layer20.dispatch,6949.178176000,6.685224000,6955.863400000,step1.layer20.scheduler,PIM_GWRITE from Ramulator cycle-v0 table
1,20,step1.layer20.pim_expert_compute,pim_expert,PIM_COMPUTE,step1.layer20.pim_gwrite,6955.863400000,60.162648000,7016.026048000,step1.layer20.pim_gwrite,expert GEMV from Ramulator cycle-v0 table
1,20,step1.layer20.pim_read,pim_read,GPU_PIM_IO,step1.layer20.pim_expert_compute,7016.026048000,0.039936000,7016.065984000,step1.layer20.pim_expert_compute,PIM result read from Ramulator cycle-v0 table
1,20,step1.layer20.combine,combine,GPU_COMPUTE,step1.layer20.gpu_expert_compute;step1.layer20.pim_read,7016.065984000,1.036864000,7017.102848000,step1.layer20.pim_read,weighted expert combine
1,20,step1.layer20.residual2,residual,GPU_COMPUTE,step1.layer20.combine,7017.102848000,1.012288000,7018.115136000,step1.layer20.combine,residual add
1,21,step1.layer21.norm1,norm,GPU_COMPUTE,step1.layer20.residual2,7018.115136000,1.008192000,7019.123328000,step1.layer20.residual2,RMSNorm
1,21,step1.layer21.qkv,qkv,GPU_COMPUTE,step1.layer21.norm1,7019.123328000,3.635776000,7022.759104000,step1.layer21.norm1,QKV projection
1,21,step1.layer21.rope,rope,GPU_COMPUTE,step1.layer21.qkv,7022.759104000,1.018432000,7023.777536000,step1.layer21.qkv,QK norm and RoPE
1,21,step1.layer21.attention,attention,PIM_COMPUTE,step1.layer21.rope,7023.777536000,18.929664000,7042.707200000,step1.layer21.rope,decode attention from Ramulator cycle-v0 table
1,21,step1.layer21.o_proj,attention_output,GPU_COMPUTE,step1.layer21.attention,7042.707200000,3.109440000,7045.816640000,step1.layer21.attention,attention output projection
1,21,step1.layer21.residual1,residual,GPU_COMPUTE,step1.layer21.o_proj,7045.816640000,1.012288000,7046.828928000,step1.layer21.o_proj,residual add
1,21,step1.layer21.norm2,norm,GPU_COMPUTE,step1.layer21.residual1,7046.828928000,1.008192000,7047.837120000,step1.layer21.residual1,RMSNorm
1,21,step1.layer21.router,router,GPU_COMPUTE,step1.layer21.norm2,7047.837120000,2.069888000,7049.907008000,step1.layer21.norm2,MoE router
1,21,step1.layer21.metadata,metadata,GPU_COMPUTE,step1.layer21.router,7049.907008000,1.000128000,7050.907136000,step1.layer21.router,routing metadata
1,21,step1.layer21.dispatch,dispatch,,step1.layer21.metadata,7050.907136000,0.000000000,7050.907136000,step1.layer21.metadata,single-GPU dispatch placeholder
1,21,step1.layer21.scheduler,scheduler,GPU_COMPUTE,step1.layer21.metadata,7050.907136000,0.000000000,7050.907136000,step1.layer21.metadata,pimoe placement policy
1,21,step1.layer21.gpu_weight_load,gpu_weight_load,HBM_MEM_PATH,step1.layer21.scheduler,7050.907136000,2.359296000,7053.266432000,step1.layer21.scheduler,expert weights HBM to GPU
1,21,step1.layer21.gpu_expert_compute,gpu_expert,GPU_COMPUTE,step1.layer21.gpu_weight_load;step1.layer21.dispatch,7053.266432000,3.054525952,7056.320957952,step1.layer21.gpu_weight_load,grouped expert GEMM
1,21,step1.layer21.pim_gwrite,pim_write,GPU_PIM_IO,step1.layer21.scheduler;step1.layer21.dispatch,7050.907136000,6.685224000,7057.592360000,step1.layer21.scheduler,PIM_GWRITE from Ramulator cycle-v0 table
1,21,step1.layer21.pim_expert_compute,pim_expert,PIM_COMPUTE,step1.layer21.pim_gwrite,7057.592360000,60.162648000,7117.755008000,step1.layer21.pim_gwrite,expert GEMV from Ramulator cycle-v0 table
1,21,step1.layer21.pim_read,pim_read,GPU_PIM_IO,step1.layer21.pim_expert_compute,7117.755008000,0.039936000,7117.794944000,step1.layer21.pim_expert_compute,PIM result read from Ramulator cycle-v0 table
1,21,step1.layer21.combine,combine,GPU_COMPUTE,step1.layer21.gpu_expert_compute;step1.layer21.pim_read,7117.794944000,1.036864000,7118.831808000,step1.layer21.pim_read,weighted expert combine
1,21,step1.layer21.residual2,residual,GPU_COMPUTE,step1.layer21.combine,7118.831808000,1.012288000,7119.844096000,step1.layer21.combine,residual add
1,22,step1.layer22.norm1,norm,GPU_COMPUTE,step1.layer21.residual2,7119.844096000,1.008192000,7120.852288000,step1.layer21.residual2,RMSNorm
1,22,step1.layer22.qkv,qkv,GPU_COMPUTE,step1.layer22.norm1,7120.852288000,3.635776000,7124.488064000,step1.layer22.norm1,QKV projection
1,22,step1.layer22.rope,rope,GPU_COMPUTE,step1.layer22.qkv,7124.488064000,1.018432000,7125.506496000,step1.layer22.qkv,QK norm and RoPE
1,22,step1.layer22.attention,attention,PIM_COMPUTE,step1.layer22.rope,7125.506496000,18.929664000,7144.436160000,step1.layer22.rope,decode attention from Ramulator cycle-v0 table
1,22,step1.layer22.o_proj,attention_output,GPU_COMPUTE,step1.layer22.attention,7144.436160000,3.109440000,7147.545600000,step1.layer22.attention,attention output projection
1,22,step1.layer22.residual1,residual,GPU_COMPUTE,step1.layer22.o_proj,7147.545600000,1.012288000,7148.557888000,step1.layer22.o_proj,residual add
1,22,step1.layer22.norm2,norm,GPU_COMPUTE,step1.layer22.residual1,7148.557888000,1.008192000,7149.566080000,step1.layer22.residual1,RMSNorm
1,22,step1.layer22.router,router,GPU_COMPUTE,step1.layer22.norm2,7149.566080000,2.069888000,7151.635968000,step1.layer22.norm2,MoE router
1,22,step1.layer22.metadata,metadata,GPU_COMPUTE,step1.layer22.router,7151.635968000,1.000128000,7152.636096000,step1.layer22.router,routing metadata
1,22,step1.layer22.dispatch,dispatch,,step1.layer22.metadata,7152.636096000,0.000000000,7152.636096000,step1.layer22.metadata,single-GPU dispatch placeholder
1,22,step1.layer22.scheduler,scheduler,GPU_COMPUTE,step1.layer22.metadata,7152.636096000,0.000000000,7152.636096000,step1.layer22.metadata,pimoe placement policy
1,22,step1.layer22.gpu_weight_load,gpu_weight_load,HBM_MEM_PATH,step1.layer22.scheduler,7152.636096000,2.359296000,7154.995392000,step1.layer22.scheduler,expert weights HBM to GPU
1,22,step1.layer22.gpu_expert_compute,gpu_expert,GPU_COMPUTE,step1.layer22.gpu_weight_load;step1.layer22.dispatch,7154.995392000,3.054525952,7158.049917952,step1.layer22.gpu_weight_load,grouped expert GEMM
1,22,step1.layer22.pim_gwrite,pim_write,GPU_PIM_IO,step1.layer22.scheduler;step1.layer22.dispatch,7152.636096000,6.685224000,7159.321320000,step1.layer22.scheduler,PIM_GWRITE from Ramulator cycle-v0 table
1,22,step1.layer22.pim_expert_compute,pim_expert,PIM_COMPUTE,step1.layer22.pim_gwrite,7159.321320000,60.162648000,7219.483968000,step1.layer22.pim_gwrite,expert GEMV from Ramulator cycle-v0 table
1,22,step1.layer22.pim_read,pim_read,GPU_PIM_IO,step1.layer22.pim_expert_compute,7219.483968000,0.039936000,7219.523904000,step1.layer22.pim_expert_compute,PIM result read from Ramulator cycle-v0 table
1,22,step1.layer22.combine,combine,GPU_COMPUTE,step1.layer22.gpu_expert_compute;step1.layer22.pim_read,7219.523904000,1.036864000,7220.560768000,step1.layer22.pim_read,weighted expert combine
1,22,step1.layer22.residual2,residual,GPU_COMPUTE,step1.layer22.combine,7220.560768000,1.012288000,7221.573056000,step1.layer22.combine,residual add
1,23,step1.layer23.norm1,norm,GPU_COMPUTE,step1.layer22.residual2,7221.573056000,1.008192000,7222.581248000,step1.layer22.residual2,RMSNorm
1,23,step1.layer23.qkv,qkv,GPU_COMPUTE,step1.layer23.norm1,7222.581248000,3.635776000,7226.217024000,step1.layer23.norm1,QKV projection
1,23,step1.layer23.rope,rope,GPU_COMPUTE,step1.layer23.qkv,7226.217024000,1.018432000,7227.235456000,step1.layer23.qkv,QK norm and RoPE
1,23,step1.layer23.attention,attention,PIM_COMPUTE,step1.layer23.rope,7227.235456000,18.929664000,7246.165120000,step1.layer23.rope,decode attention from Ramulator cycle-v0 table
1,23,step1.layer23.o_proj,attention_output,GPU_COMPUTE,step1.layer23.attention,7246.165120000,3.109440000,7249.274560000,step1.layer23.attention,attention output projection
1,23,step1.layer23.residual1,residual,GPU_COMPUTE,step1.layer23.o_proj,7249.274560000,1.012288000,7250.286848000,step1.layer23.o_proj,residual add
1,23,step1.layer23.norm2,norm,GPU_COMPUTE,step1.layer23.residual1,7250.286848000,1.008192000,7251.295040000,step1.layer23.residual1,RMSNorm
1,23,step1.layer23.router,router,GPU_COMPUTE,step1.layer23.norm2,7251.295040000,2.069888000,7253.364928000,step1.layer23.norm2,MoE router
1,23,step1.layer23.metadata,metadata,GPU_COMPUTE,step1.layer23.router,7253.364928000,1.000128000,7254.365056000,step1.layer23.router,routing metadata
1,23,step1.layer23.dispatch,dispatch,,step1.layer23.metadata,7254.365056000,0.000000000,7254.365056000,step1.layer23.metadata,single-GPU dispatch placeholder
1,23,step1.layer23.scheduler,scheduler,GPU_COMPUTE,step1.layer23.metadata,7254.365056000,0.000000000,7254.365056000,step1.layer23.metadata,pimoe placement policy
1,23,step1.layer23.gpu_weight_load,gpu_weight_load,HBM_MEM_PATH,step1.layer23.scheduler,7254.365056000,2.359296000,7256.724352000,step1.layer23.scheduler,expert weights HBM to GPU
1,23,step1.layer23.gpu_expert_compute,gpu_expert,GPU_COMPUTE,step1.layer23.gpu_weight_load;step1.layer23.dispatch,7256.724352000,3.054525952,7259.778877952,step1.layer23.gpu_weight_load,grouped expert GEMM
1,23,step1.layer23.pim_gwrite,pim_write,GPU_PIM_IO,step1.layer23.scheduler;step1.layer23.dispatch,7254.365056000,6.685224000,7261.050280000,step1.layer23.scheduler,PIM_GWRITE from Ramulator cycle-v0 table
1,23,step1.layer23.pim_expert_compute,pim_expert,PIM_COMPUTE,step1.layer23.pim_gwrite,7261.050280000,60.162648000,7321.212928000,step1.layer23.pim_gwrite,expert GEMV from Ramulator cycle-v0 table
1,23,step1.layer23.pim_read,pim_read,GPU_PIM_IO,step1.layer23.pim_expert_compute,7321.212928000,0.039936000,7321.252864000,step1.layer23.pim_expert_compute,PIM result read from Ramulator cycle-v0 table
1,23,step1.layer23.combine,combine,GPU_COMPUTE,step1.layer23.gpu_expert_compute;step1.layer23.pim_read,7321.252864000,1.036864000,7322.289728000,step1.layer23.pim_read,weighted expert combine
1,23,step1.layer23.residual2,residual,GPU_COMPUTE,step1.layer23.combine,7322.289728000,1.012288000,7323.302016000,step1.layer23.combine,residual add
1,24,step1.layer24.norm1,norm,GPU_COMPUTE,step1.layer23.residual2,7323.302016000,1.008192000,7324.310208000,step1.layer23.residual2,RMSNorm
1,24,step1.layer24.qkv,qkv,GPU_COMPUTE,step1.layer24.norm1,7324.310208000,3.635776000,7327.945984000,step1.layer24.norm1,QKV projection
1,24,step1.layer24.rope,rope,GPU_COMPUTE,step1.layer24.qkv,7327.945984000,1.018432000,7328.964416000,step1.layer24.qkv,QK norm and RoPE
1,24,step1.layer24.attention,attention,PIM_COMPUTE,step1.layer24.rope,7328.964416000,18.929664000,7347.894080000,step1.layer24.rope,decode attention from Ramulator cycle-v0 table
1,24,step1.layer24.o_proj,attention_output,GPU_COMPUTE,step1.layer24.attention,7347.894080000,3.109440000,7351.003520000,step1.layer24.attention,attention output projection
1,24,step1.layer24.residual1,residual,GPU_COMPUTE,step1.layer24.o_proj,7351.003520000,1.012288000,7352.015808000,step1.layer24.o_proj,residual add
1,24,step1.layer24.norm2,norm,GPU_COMPUTE,step1.layer24.residual1,7352.015808000,1.008192000,7353.024000000,step1.layer24.residual1,RMSNorm
1,24,step1.layer24.router,router,GPU_COMPUTE,step1.layer24.norm2,7353.024000000,2.069888000,7355.093888000,step1.layer24.norm2,MoE router
1,24,step1.layer24.metadata,metadata,GPU_COMPUTE,step1.layer24.router,7355.093888000,1.000128000,7356.094016000,step1.layer24.router,routing metadata
1,24,step1.layer24.dispatch,dispatch,,step1.layer24.metadata,7356.094016000,0.000000000,7356.094016000,step1.layer24.metadata,single-GPU dispatch placeholder
1,24,step1.layer24.scheduler,scheduler,GPU_COMPUTE,step1.layer24.metadata,7356.094016000,0.000000000,7356.094016000,step1.layer24.metadata,pimoe placement policy
1,24,step1.layer24.gpu_weight_load,gpu_weight_load,HBM_MEM_PATH,step1.layer24.scheduler,7356.094016000,2.359296000,7358.453312000,step1.layer24.scheduler,expert weights HBM to GPU
1,24,step1.layer24.gpu_expert_compute,gpu_expert,GPU_COMPUTE,step1.layer24.gpu_weight_load;step1.layer24.dispatch,7358.453312000,3.054525952,7361.507837952,step1.layer24.gpu_weight_load,grouped expert GEMM
1,24,step1.layer24.pim_gwrite,pim_write,GPU_PIM_IO,step1.layer24.scheduler;step1.layer24.dispatch,7356.094016000,6.685224000,7362.779240000,step1.layer24.scheduler,PIM_GWRITE from Ramulator cycle-v0 table
1,24,step1.layer24.pim_expert_compute,pim_expert,PIM_COMPUTE,step1.layer24.pim_gwrite,7362.779240000,60.162648000,7422.941888000,step1.layer24.pim_gwrite,expert GEMV from Ramulator cycle-v0 table
1,24,step1.layer24.pim_read,pim_read,GPU_PIM_IO,step1.layer24.pim_expert_compute,7422.941888000,0.039936000,7422.981824000,step1.layer24.pim_expert_compute,PIM result read from Ramulator cycle-v0 table
1,24,step1.layer24.combine,combine,GPU_COMPUTE,step1.layer24.gpu_expert_compute;step1.layer24.pim_read,7422.981824000,1.036864000,7424.018688000,step1.layer24.pim_read,weighted expert combine
1,24,step1.layer24.residual2,residual,GPU_COMPUTE,step1.layer24.combine,7424.018688000,1.012288000,7425.030976000,step1.layer24.combine,residual add
1,25,step1.layer25.norm1,norm,GPU_COMPUTE,step1.layer24.residual2,7425.030976000,1.008192000,7426.039168000,step1.layer24.residual2,RMSNorm
1,25,step1.layer25.qkv,qkv,GPU_COMPUTE,step1.layer25.norm1,7426.039168000,3.635776000,7429.674944000,step1.layer25.norm1,QKV projection
1,25,step1.layer25.rope,rope,GPU_COMPUTE,step1.layer25.qkv,7429.674944000,1.018432000,7430.693376000,step1.layer25.qkv,QK norm and RoPE
1,25,step1.layer25.attention,attention,PIM_COMPUTE,step1.layer25.rope,7430.693376000,18.929664000,7449.623040000,step1.layer25.rope,decode attention from Ramulator cycle-v0 table
1,25,step1.layer25.o_proj,attention_output,GPU_COMPUTE,step1.layer25.attention,7449.623040000,3.109440000,7452.732480000,step1.layer25.attention,attention output projection
1,25,step1.layer25.residual1,residual,GPU_COMPUTE,step1.layer25.o_proj,7452.732480000,1.012288000,7453.744768000,step1.layer25.o_proj,residual add
1,25,step1.layer25.norm2,norm,GPU_COMPUTE,step1.layer25.residual1,7453.744768000,1.008192000,7454.752960000,step1.layer25.residual1,RMSNorm
1,25,step1.layer25.router,router,GPU_COMPUTE,step1.layer25.norm2,7454.752960000,2.069888000,7456.822848000,step1.layer25.norm2,MoE router
1,25,step1.layer25.metadata,metadata,GPU_COMPUTE,step1.layer25.router,7456.822848000,1.000128000,7457.822976000,step1.layer25.router,routing metadata
1,25,step1.layer25.dispatch,dispatch,,step1.layer25.metadata,7457.822976000,0.000000000,7457.822976000,step1.layer25.metadata,single-GPU dispatch placeholder
1,25,step1.layer25.scheduler,scheduler,GPU_COMPUTE,step1.layer25.metadata,7457.822976000,0.000000000,7457.822976000,step1.layer25.metadata,pimoe placement policy
1,25,step1.layer25.gpu_weight_load,gpu_weight_load,HBM_MEM_PATH,step1.layer25.scheduler,7457.822976000,2.359296000,7460.182272000,step1.layer25.scheduler,expert weights HBM to GPU
1,25,step1.layer25.gpu_expert_compute,gpu_expert,GPU_COMPUTE,step1.layer25.gpu_weight_load;step1.layer25.dispatch,7460.182272000,3.054525952,7463.236797952,step1.layer25.gpu_weight_load,grouped expert GEMM
1,25,step1.layer25.pim_gwrite,pim_write,GPU_PIM_IO,step1.layer25.scheduler;step1.layer25.dispatch,7457.822976000,6.685224000,7464.508200000,step1.layer25.scheduler,PIM_GWRITE from Ramulator cycle-v0 table
1,25,step1.layer25.pim_expert_compute,pim_expert,PIM_COMPUTE,step1.layer25.pim_gwrite,7464.508200000,60.162648000,7524.670848000,step1.layer25.pim_gwrite,expert GEMV from Ramulator cycle-v0 table
1,25,step1.layer25.pim_read,pim_read,GPU_PIM_IO,step1.layer25.pim_expert_compute,7524.670848000,0.039936000,7524.710784000,step1.layer25.pim_expert_compute,PIM result read from Ramulator cycle-v0 table
1,25,step1.layer25.combine,combine,GPU_COMPUTE,step1.layer25.gpu_expert_compute;step1.layer25.pim_read,7524.710784000,1.036864000,7525.747648000,step1.layer25.pim_read,weighted expert combine
1,25,step1.layer25.residual2,residual,GPU_COMPUTE,step1.layer25.combine,7525.747648000,1.012288000,7526.759936000,step1.layer25.combine,residual add
1,26,step1.layer26.norm1,norm,GPU_COMPUTE,step1.layer25.residual2,7526.759936000,1.008192000,7527.768128000,step1.layer25.residual2,RMSNorm
1,26,step1.layer26.qkv,qkv,GPU_COMPUTE,step1.layer26.norm1,7527.768128000,3.635776000,7531.403904000,step1.layer26.norm1,QKV projection
1,26,step1.layer26.rope,rope,GPU_COMPUTE,step1.layer26.qkv,7531.403904000,1.018432000,7532.422336000,step1.layer26.qkv,QK norm and RoPE
1,26,step1.layer26.attention,attention,PIM_COMPUTE,step1.layer26.rope,7532.422336000,18.929664000,7551.352000000,step1.layer26.rope,decode attention from Ramulator cycle-v0 table
1,26,step1.layer26.o_proj,attention_output,GPU_COMPUTE,step1.layer26.attention,7551.352000000,3.109440000,7554.461440000,step1.layer26.attention,attention output projection
1,26,step1.layer26.residual1,residual,GPU_COMPUTE,step1.layer26.o_proj,7554.461440000,1.012288000,7555.473728000,step1.layer26.o_proj,residual add
1,26,step1.layer26.norm2,norm,GPU_COMPUTE,step1.layer26.residual1,7555.473728000,1.008192000,7556.481920000,step1.layer26.residual1,RMSNorm
1,26,step1.layer26.router,router,GPU_COMPUTE,step1.layer26.norm2,7556.481920000,2.069888000,7558.551808000,step1.layer26.norm2,MoE router
1,26,step1.layer26.metadata,metadata,GPU_COMPUTE,step1.layer26.router,7558.551808000,1.000128000,7559.551936000,step1.layer26.router,routing metadata
1,26,step1.layer26.dispatch,dispatch,,step1.layer26.metadata,7559.551936000,0.000000000,7559.551936000,step1.layer26.metadata,single-GPU dispatch placeholder
1,26,step1.layer26.scheduler,scheduler,GPU_COMPUTE,step1.layer26.metadata,7559.551936000,0.000000000,7559.551936000,step1.layer26.metadata,pimoe placement policy
1,26,step1.layer26.gpu_weight_load,gpu_weight_load,HBM_MEM_PATH,step1.layer26.scheduler,7559.551936000,2.359296000,7561.911232000,step1.layer26.scheduler,expert weights HBM to GPU
1,26,step1.layer26.gpu_expert_compute,gpu_expert,GPU_COMPUTE,step1.layer26.gpu_weight_load;step1.layer26.dispatch,7561.911232000,3.054525952,7564.965757952,step1.layer26.gpu_weight_load,grouped expert GEMM
1,26,step1.layer26.pim_gwrite,pim_write,GPU_PIM_IO,step1.layer26.scheduler;step1.layer26.dispatch,7559.551936000,6.685224000,7566.237160000,step1.layer26.scheduler,PIM_GWRITE from Ramulator cycle-v0 table
1,26,step1.layer26.pim_expert_compute,pim_expert,PIM_COMPUTE,step1.layer26.pim_gwrite,7566.237160000,60.162648000,7626.399808000,step1.layer26.pim_gwrite,expert GEMV from Ramulator cycle-v0 table
1,26,step1.layer26.pim_read,pim_read,GPU_PIM_IO,step1.layer26.pim_expert_compute,7626.399808000,0.039936000,7626.439744000,step1.layer26.pim_expert_compute,PIM result read from Ramulator cycle-v0 table
1,26,step1.layer26.combine,combine,GPU_COMPUTE,step1.layer26.gpu_expert_compute;step1.layer26.pim_read,7626.439744000,1.036864000,7627.476608000,step1.layer26.pim_read,weighted expert combine
1,26,step1.layer26.residual2,residual,GPU_COMPUTE,step1.layer26.combine,7627.476608000,1.012288000,7628.488896000,step1.layer26.combine,residual add
1,27,step1.layer27.norm1,norm,GPU_COMPUTE,step1.layer26.residual2,7628.488896000,1.008192000,7629.497088000,step1.layer26.residual2,RMSNorm
1,27,step1.layer27.qkv,qkv,GPU_COMPUTE,step1.layer27.norm1,7629.497088000,3.635776000,7633.132864000,step1.layer27.norm1,QKV projection
1,27,step1.layer27.rope,rope,GPU_COMPUTE,step1.layer27.qkv,7633.132864000,1.018432000,7634.151296000,step1.layer27.qkv,QK norm and RoPE
1,27,step1.layer27.attention,attention,PIM_COMPUTE,step1.layer27.rope,7634.151296000,18.929664000,7653.080960000,step1.layer27.rope,decode attention from Ramulator cycle-v0 table
1,27,step1.layer27.o_proj,attention_output,GPU_COMPUTE,step1.layer27.attention,7653.080960000,3.109440000,7656.190400000,step1.layer27.attention,attention output projection
1,27,step1.layer27.residual1,residual,GPU_COMPUTE,step1.layer27.o_proj,7656.190400000,1.012288000,7657.202688000,step1.layer27.o_proj,residual add
1,27,step1.layer27.norm2,norm,GPU_COMPUTE,step1.layer27.residual1,7657.202688000,1.008192000,7658.210880000,step1.layer27.residual1,RMSNorm
1,27,step1.layer27.router,router,GPU_COMPUTE,step1.layer27.norm2,7658.210880000,2.069888000,7660.280768000,step1.layer27.norm2,MoE router
1,27,step1.layer27.metadata,metadata,GPU_COMPUTE,step1.layer27.router,7660.280768000,1.000128000,7661.280896000,step1.layer27.router,routing metadata
1,27,step1.layer27.dispatch,dispatch,,step1.layer27.metadata,7661.280896000,0.000000000,7661.280896000,step1.layer27.metadata,single-GPU dispatch placeholder
1,27,step1.layer27.scheduler,scheduler,GPU_COMPUTE,step1.layer27.metadata,7661.280896000,0.000000000,7661.280896000,step1.layer27.metadata,pimoe placement policy
1,27,step1.layer27.gpu_weight_load,gpu_weight_load,HBM_MEM_PATH,step1.layer27.scheduler,7661.280896000,2.359296000,7663.640192000,step1.layer27.scheduler,expert weights HBM to GPU
1,27,step1.layer27.gpu_expert_compute,gpu_expert,GPU_COMPUTE,step1.layer27.gpu_weight_load;step1.layer27.dispatch,7663.640192000,3.054525952,7666.694717952,step1.layer27.gpu_weight_load,grouped expert GEMM
1,27,step1.layer27.pim_gwrite,pim_write,GPU_PIM_IO,step1.layer27.scheduler;step1.layer27.dispatch,7661.280896000,6.685224000,7667.966120000,step1.layer27.scheduler,PIM_GWRITE from Ramulator cycle-v0 table
1,27,step1.layer27.pim_expert_compute,pim_expert,PIM_COMPUTE,step1.layer27.pim_gwrite,7667.966120000,60.162648000,7728.128768000,step1.layer27.pim_gwrite,expert GEMV from Ramulator cycle-v0 table
1,27,step1.layer27.pim_read,pim_read,GPU_PIM_IO,step1.layer27.pim_expert_compute,7728.128768000,0.039936000,7728.168704000,step1.layer27.pim_expert_compute,PIM result read from Ramulator cycle-v0 table
1,27,step1.layer27.combine,combine,GPU_COMPUTE,step1.layer27.gpu_expert_compute;step1.layer27.pim_read,7728.168704000,1.036864000,7729.205568000,step1.layer27.pim_read,weighted expert combine
1,27,step1.layer27.residual2,residual,GPU_COMPUTE,step1.layer27.combine,7729.205568000,1.012288000,7730.217856000,step1.layer27.combine,residual add
1,28,step1.layer28.norm1,norm,GPU_COMPUTE,step1.layer27.residual2,7730.217856000,1.008192000,7731.226048000,step1.layer27.residual2,RMSNorm
1,28,step1.layer28.qkv,qkv,GPU_COMPUTE,step1.layer28.norm1,7731.226048000,3.635776000,7734.861824000,step1.layer28.norm1,QKV projection
1,28,step1.layer28.rope,rope,GPU_COMPUTE,step1.layer28.qkv,7734.861824000,1.018432000,7735.880256000,step1.layer28.qkv,QK norm and RoPE
1,28,step1.layer28.attention,attention,PIM_COMPUTE,step1.layer28.rope,7735.880256000,18.929664000,7754.809920000,step1.layer28.rope,decode attention from Ramulator cycle-v0 table
1,28,step1.layer28.o_proj,attention_output,GPU_COMPUTE,step1.layer28.attention,7754.809920000,3.109440000,7757.919360000,step1.layer28.attention,attention output projection
1,28,step1.layer28.residual1,residual,GPU_COMPUTE,step1.layer28.o_proj,7757.919360000,1.012288000,7758.931648000,step1.layer28.o_proj,residual add
1,28,step1.layer28.norm2,norm,GPU_COMPUTE,step1.layer28.residual1,7758.931648000,1.008192000,7759.939840000,step1.layer28.residual1,RMSNorm
1,28,step1.layer28.router,router,GPU_COMPUTE,step1.layer28.norm2,7759.939840000,2.069888000,7762.009728000,step1.layer28.norm2,MoE router
1,28,step1.layer28.metadata,metadata,GPU_COMPUTE,step1.layer28.router,7762.009728000,1.000128000,7763.009856000,step1.layer28.router,routing metadata
1,28,step1.layer28.dispatch,dispatch,,step1.layer28.metadata,7763.009856000,0.000000000,7763.009856000,step1.layer28.metadata,single-GPU dispatch placeholder
1,28,step1.layer28.scheduler,scheduler,GPU_COMPUTE,step1.layer28.metadata,7763.009856000,0.000000000,7763.009856000,step1.layer28.metadata,pimoe placement policy
1,28,step1.layer28.gpu_weight_load,gpu_weight_load,HBM_MEM_PATH,step1.layer28.scheduler,7763.009856000,2.359296000,7765.369152000,step1.layer28.scheduler,expert weights HBM to GPU
1,28,step1.layer28.gpu_expert_compute,gpu_expert,GPU_COMPUTE,step1.layer28.gpu_weight_load;step1.layer28.dispatch,7765.369152000,3.054525952,7768.423677952,step1.layer28.gpu_weight_load,grouped expert GEMM
1,28,step1.layer28.pim_gwrite,pim_write,GPU_PIM_IO,step1.layer28.scheduler;step1.layer28.dispatch,7763.009856000,6.685224000,7769.695080000,step1.layer28.scheduler,PIM_GWRITE from Ramulator cycle-v0 table
1,28,step1.layer28.pim_expert_compute,pim_expert,PIM_COMPUTE,step1.layer28.pim_gwrite,7769.695080000,60.162648000,7829.857728000,step1.layer28.pim_gwrite,expert GEMV from Ramulator cycle-v0 table
1,28,step1.layer28.pim_read,pim_read,GPU_PIM_IO,step1.layer28.pim_expert_compute,7829.857728000,0.039936000,7829.897664000,step1.layer28.pim_expert_compute,PIM result read from Ramulator cycle-v0 table
1,28,step1.layer28.combine,combine,GPU_COMPUTE,step1.layer28.gpu_expert_compute;step1.layer28.pim_read,7829.897664000,1.036864000,7830.934528000,step1.layer28.pim_read,weighted expert combine
1,28,step1.layer28.residual2,residual,GPU_COMPUTE,step1.layer28.combine,7830.934528000,1.012288000,7831.946816000,step1.layer28.combine,residual add
1,29,step1.layer29.norm1,norm,GPU_COMPUTE,step1.layer28.residual2,7831.946816000,1.008192000,7832.955008000,step1.layer28.residual2,RMSNorm
1,29,step1.layer29.qkv,qkv,GPU_COMPUTE,step1.layer29.norm1,7832.955008000,3.635776000,7836.590784000,step1.layer29.norm1,QKV projection
1,29,step1.layer29.rope,rope,GPU_COMPUTE,step1.layer29.qkv,7836.590784000,1.018432000,7837.609216000,step1.layer29.qkv,QK norm and RoPE
1,29,step1.layer29.attention,attention,PIM_COMPUTE,step1.layer29.rope,7837.609216000,18.929664000,7856.538880000,step1.layer29.rope,decode attention from Ramulator cycle-v0 table
1,29,step1.layer29.o_proj,attention_output,GPU_COMPUTE,step1.layer29.attention,7856.538880000,3.109440000,7859.648320000,step1.layer29.attention,attention output projection
1,29,step1.layer29.residual1,residual,GPU_COMPUTE,step1.layer29.o_proj,7859.648320000,1.012288000,7860.660608000,step1.layer29.o_proj,residual add
1,29,step1.layer29.norm2,norm,GPU_COMPUTE,step1.layer29.residual1,7860.660608000,1.008192000,7861.668800000,step1.layer29.residual1,RMSNorm
1,29,step1.layer29.router,router,GPU_COMPUTE,step1.layer29.norm2,7861.668800000,2.069888000,7863.738688000,step1.layer29.norm2,MoE router
1,29,step1.layer29.metadata,metadata,GPU_COMPUTE,step1.layer29.router,7863.738688000,1.000128000,7864.738816000,step1.layer29.router,routing metadata
1,29,step1.layer29.dispatch,dispatch,,step1.layer29.metadata,7864.738816000,0.000000000,7864.738816000,step1.layer29.metadata,single-GPU dispatch placeholder
1,29,step1.layer29.scheduler,scheduler,GPU_COMPUTE,step1.layer29.metadata,7864.738816000,0.000000000,7864.738816000,step1.layer29.metadata,pimoe placement policy
1,29,step1.layer29.gpu_weight_load,gpu_weight_load,HBM_MEM_PATH,step1.layer29.scheduler,7864.738816000,2.359296000,7867.098112000,step1.layer29.scheduler,expert weights HBM to GPU
1,29,step1.layer29.gpu_expert_compute,gpu_expert,GPU_COMPUTE,step1.layer29.gpu_weight_load;step1.layer29.dispatch,7867.098112000,3.054525952,7870.152637952,step1.layer29.gpu_weight_load,grouped expert GEMM
1,29,step1.layer29.pim_gwrite,pim_write,GPU_PIM_IO,step1.layer29.scheduler;step1.layer29.dispatch,7864.738816000,6.685224000,7871.424040000,step1.layer29.scheduler,PIM_GWRITE from Ramulator cycle-v0 table
1,29,step1.layer29.pim_expert_compute,pim_expert,PIM_COMPUTE,step1.layer29.pim_gwrite,7871.424040000,60.162648000,7931.586688000,step1.layer29.pim_gwrite,expert GEMV from Ramulator cycle-v0 table
1,29,step1.layer29.pim_read,pim_read,GPU_PIM_IO,step1.layer29.pim_expert_compute,7931.586688000,0.039936000,7931.626624000,step1.layer29.pim_expert_compute,PIM result read from Ramulator cycle-v0 table
1,29,step1.layer29.combine,combine,GPU_COMPUTE,step1.layer29.gpu_expert_compute;step1.layer29.pim_read,7931.626624000,1.036864000,7932.663488000,step1.layer29.pim_read,weighted expert combine
1,29,step1.layer29.residual2,residual,GPU_COMPUTE,step1.layer29.combine,7932.663488000,1.012288000,7933.675776000,step1.layer29.combine,residual add
1,30,step1.layer30.norm1,norm,GPU_COMPUTE,step1.layer29.residual2,7933.675776000,1.008192000,7934.683968000,step1.layer29.residual2,RMSNorm
1,30,step1.layer30.qkv,qkv,GPU_COMPUTE,step1.layer30.norm1,7934.683968000,3.635776000,7938.319744000,step1.layer30.norm1,QKV projection
1,30,step1.layer30.rope,rope,GPU_COMPUTE,step1.layer30.qkv,7938.319744000,1.018432000,7939.338176000,step1.layer30.qkv,QK norm and RoPE
1,30,step1.layer30.attention,attention,PIM_COMPUTE,step1.layer30.rope,7939.338176000,18.929664000,7958.267840000,step1.layer30.rope,decode attention from Ramulator cycle-v0 table
1,30,step1.layer30.o_proj,attention_output,GPU_COMPUTE,step1.layer30.attention,7958.267840000,3.109440000,7961.377280000,step1.layer30.attention,attention output projection
1,30,step1.layer30.residual1,residual,GPU_COMPUTE,step1.layer30.o_proj,7961.377280000,1.012288000,7962.389568000,step1.layer30.o_proj,residual add
1,30,step1.layer30.norm2,norm,GPU_COMPUTE,step1.layer30.residual1,7962.389568000,1.008192000,7963.397760000,step1.layer30.residual1,RMSNorm
1,30,step1.layer30.router,router,GPU_COMPUTE,step1.layer30.norm2,7963.397760000,2.069888000,7965.467648000,step1.layer30.norm2,MoE router
1,30,step1.layer30.metadata,metadata,GPU_COMPUTE,step1.layer30.router,7965.467648000,1.000128000,7966.467776000,step1.layer30.router,routing metadata
1,30,step1.layer30.dispatch,dispatch,,step1.layer30.metadata,7966.467776000,0.000000000,7966.467776000,step1.layer30.metadata,single-GPU dispatch placeholder
1,30,step1.layer30.scheduler,scheduler,GPU_COMPUTE,step1.layer30.metadata,7966.467776000,0.000000000,7966.467776000,step1.layer30.metadata,pimoe placement policy
1,30,step1.layer30.gpu_weight_load,gpu_weight_load,HBM_MEM_PATH,step1.layer30.scheduler,7966.467776000,2.359296000,7968.827072000,step1.layer30.scheduler,expert weights HBM to GPU
1,30,step1.layer30.gpu_expert_compute,gpu_expert,GPU_COMPUTE,step1.layer30.gpu_weight_load;step1.layer30.dispatch,7968.827072000,3.054525952,7971.881597952,step1.layer30.gpu_weight_load,grouped expert GEMM
1,30,step1.layer30.pim_gwrite,pim_write,GPU_PIM_IO,step1.layer30.scheduler;step1.layer30.dispatch,7966.467776000,6.685224000,7973.153000000,step1.layer30.scheduler,PIM_GWRITE from Ramulator cycle-v0 table
1,30,step1.layer30.pim_expert_compute,pim_expert,PIM_COMPUTE,step1.layer30.pim_gwrite,7973.153000000,60.162648000,8033.315648000,step1.layer30.pim_gwrite,expert GEMV from Ramulator cycle-v0 table
1,30,step1.layer30.pim_read,pim_read,GPU_PIM_IO,step1.layer30.pim_expert_compute,8033.315648000,0.039936000,8033.355584000,step1.layer30.pim_expert_compute,PIM result read from Ramulator cycle-v0 table
1,30,step1.layer30.combine,combine,GPU_COMPUTE,step1.layer30.gpu_expert_compute;step1.layer30.pim_read,8033.355584000,1.036864000,8034.392448000,step1.layer30.pim_read,weighted expert combine
1,30,step1.layer30.residual2,residual,GPU_COMPUTE,step1.layer30.combine,8034.392448000,1.012288000,8035.404736000,step1.layer30.combine,residual add
1,31,step1.layer31.norm1,norm,GPU_COMPUTE,step1.layer30.residual2,8035.404736000,1.008192000,8036.412928000,step1.layer30.residual2,RMSNorm
1,31,step1.layer31.qkv,qkv,GPU_COMPUTE,step1.layer31.norm1,8036.412928000,3.635776000,8040.048704000,step1.layer31.norm1,QKV projection
1,31,step1.layer31.rope,rope,GPU_COMPUTE,step1.layer31.qkv,8040.048704000,1.018432000,8041.067136000,step1.layer31.qkv,QK norm and RoPE
1,31,step1.layer31.attention,attention,PIM_COMPUTE,step1.layer31.rope,8041.067136000,18.929664000,8059.996800000,step1.layer31.rope,decode attention from Ramulator cycle-v0 table
1,31,step1.layer31.o_proj,attention_output,GPU_COMPUTE,step1.layer31.attention,8059.996800000,3.109440000,8063.106240000,step1.layer31.attention,attention output projection
1,31,step1.layer31.residual1,residual,GPU_COMPUTE,step1.layer31.o_proj,8063.106240000,1.012288000,8064.118528000,step1.layer31.o_proj,residual add
1,31,step1.layer31.norm2,norm,GPU_COMPUTE,step1.layer31.residual1,8064.118528000,1.008192000,8065.126720000,step1.layer31.residual1,RMSNorm
1,31,step1.layer31.router,router,GPU_COMPUTE,step1.layer31.norm2,8065.126720000,2.069888000,8067.196608000,step1.layer31.norm2,MoE router
1,31,step1.layer31.metadata,metadata,GPU_COMPUTE,step1.layer31.router,8067.196608000,1.000128000,8068.196736000,step1.layer31.router,routing metadata
1,31,step1.layer31.dispatch,dispatch,,step1.layer31.metadata,8068.196736000,0.000000000,8068.196736000,step1.layer31.metadata,single-GPU dispatch placeholder
1,31,step1.layer31.scheduler,scheduler,GPU_COMPUTE,step1.layer31.metadata,8068.196736000,0.000000000,8068.196736000,step1.layer31.metadata,pimoe placement policy
1,31,step1.layer31.gpu_weight_load,gpu_weight_load,HBM_MEM_PATH,step1.layer31.scheduler,8068.196736000,2.359296000,8070.556032000,step1.layer31.scheduler,expert weights HBM to GPU
1,31,step1.layer31.gpu_expert_compute,gpu_expert,GPU_COMPUTE,step1.layer31.gpu_weight_load;step1.layer31.dispatch,8070.556032000,3.054525952,8073.610557952,step1.layer31.gpu_weight_load,grouped expert GEMM
1,31,step1.layer31.pim_gwrite,pim_write,GPU_PIM_IO,step1.layer31.scheduler;step1.layer31.dispatch,8068.196736000,6.685224000,8074.881960000,step1.layer31.scheduler,PIM_GWRITE from Ramulator cycle-v0 table
1,31,step1.layer31.pim_expert_compute,pim_expert,PIM_COMPUTE,step1.layer31.pim_gwrite,8074.881960000,60.162648000,8135.044608000,step1.layer31.pim_gwrite,expert GEMV from Ramulator cycle-v0 table
1,31,step1.layer31.pim_read,pim_read,GPU_PIM_IO,step1.layer31.pim_expert_compute,8135.044608000,0.039936000,8135.084544000,step1.layer31.pim_expert_compute,PIM result read from Ramulator cycle-v0 table
1,31,step1.layer31.combine,combine,GPU_COMPUTE,step1.layer31.gpu_expert_compute;step1.layer31.pim_read,8135.084544000,1.036864000,8136.121408000,step1.layer31.pim_read,weighted expert combine
1,31,step1.layer31.residual2,residual,GPU_COMPUTE,step1.layer31.combine,8136.121408000,1.012288000,8137.133696000,step1.layer31.combine,residual add
1,32,step1.layer32.norm1,norm,GPU_COMPUTE,step1.layer31.residual2,8137.133696000,1.008192000,8138.141888000,step1.layer31.residual2,RMSNorm
1,32,step1.layer32.qkv,qkv,GPU_COMPUTE,step1.layer32.norm1,8138.141888000,3.635776000,8141.777664000,step1.layer32.norm1,QKV projection
1,32,step1.layer32.rope,rope,GPU_COMPUTE,step1.layer32.qkv,8141.777664000,1.018432000,8142.796096000,step1.layer32.qkv,QK norm and RoPE
1,32,step1.layer32.attention,attention,PIM_COMPUTE,step1.layer32.rope,8142.796096000,18.929664000,8161.725760000,step1.layer32.rope,decode attention from Ramulator cycle-v0 table
1,32,step1.layer32.o_proj,attention_output,GPU_COMPUTE,step1.layer32.attention,8161.725760000,3.109440000,8164.835200000,step1.layer32.attention,attention output projection
1,32,step1.layer32.residual1,residual,GPU_COMPUTE,step1.layer32.o_proj,8164.835200000,1.012288000,8165.847488000,step1.layer32.o_proj,residual add
1,32,step1.layer32.norm2,norm,GPU_COMPUTE,step1.layer32.residual1,8165.847488000,1.008192000,8166.855680000,step1.layer32.residual1,RMSNorm
1,32,step1.layer32.router,router,GPU_COMPUTE,step1.layer32.norm2,8166.855680000,2.069888000,8168.925568000,step1.layer32.norm2,MoE router
1,32,step1.layer32.metadata,metadata,GPU_COMPUTE,step1.layer32.router,8168.925568000,1.000128000,8169.925696000,step1.layer32.router,routing metadata
1,32,step1.layer32.dispatch,dispatch,,step1.layer32.metadata,8169.925696000,0.000000000,8169.925696000,step1.layer32.metadata,single-GPU dispatch placeholder
1,32,step1.layer32.scheduler,scheduler,GPU_COMPUTE,step1.layer32.metadata,8169.925696000,0.000000000,8169.925696000,step1.layer32.metadata,pimoe placement policy
1,32,step1.layer32.gpu_weight_load,gpu_weight_load,HBM_MEM_PATH,step1.layer32.scheduler,8169.925696000,2.359296000,8172.284992000,step1.layer32.scheduler,expert weights HBM to GPU
1,32,step1.layer32.gpu_expert_compute,gpu_expert,GPU_COMPUTE,step1.layer32.gpu_weight_load;step1.layer32.dispatch,8172.284992000,3.054525952,8175.339517952,step1.layer32.gpu_weight_load,grouped expert GEMM
1,32,step1.layer32.pim_gwrite,pim_write,GPU_PIM_IO,step1.layer32.scheduler;step1.layer32.dispatch,8169.925696000,6.685224000,8176.610920000,step1.layer32.scheduler,PIM_GWRITE from Ramulator cycle-v0 table
1,32,step1.layer32.pim_expert_compute,pim_expert,PIM_COMPUTE,step1.layer32.pim_gwrite,8176.610920000,60.162648000,8236.773568000,step1.layer32.pim_gwrite,expert GEMV from Ramulator cycle-v0 table
1,32,step1.layer32.pim_read,pim_read,GPU_PIM_IO,step1.layer32.pim_expert_compute,8236.773568000,0.039936000,8236.813504000,step1.layer32.pim_expert_compute,PIM result read from Ramulator cycle-v0 table
1,32,step1.layer32.combine,combine,GPU_COMPUTE,step1.layer32.gpu_expert_compute;step1.layer32.pim_read,8236.813504000,1.036864000,8237.850368000,step1.layer32.pim_read,weighted expert combine
1,32,step1.layer32.residual2,residual,GPU_COMPUTE,step1.layer32.combine,8237.850368000,1.012288000,8238.862656000,step1.layer32.combine,residual add
1,33,step1.layer33.norm1,norm,GPU_COMPUTE,step1.layer32.residual2,8238.862656000,1.008192000,8239.870848000,step1.layer32.residual2,RMSNorm
1,33,step1.layer33.qkv,qkv,GPU_COMPUTE,step1.layer33.norm1,8239.870848000,3.635776000,8243.506624000,step1.layer33.norm1,QKV projection
1,33,step1.layer33.rope,rope,GPU_COMPUTE,step1.layer33.qkv,8243.506624000,1.018432000,8244.525056000,step1.layer33.qkv,QK norm and RoPE
1,33,step1.layer33.attention,attention,PIM_COMPUTE,step1.layer33.rope,8244.525056000,18.929664000,8263.454720000,step1.layer33.rope,decode attention from Ramulator cycle-v0 table
1,33,step1.layer33.o_proj,attention_output,GPU_COMPUTE,step1.layer33.attention,8263.454720000,3.109440000,8266.564160000,step1.layer33.attention,attention output projection
1,33,step1.layer33.residual1,residual,GPU_COMPUTE,step1.layer33.o_proj,8266.564160000,1.012288000,8267.576448000,step1.layer33.o_proj,residual add
1,33,step1.layer33.norm2,norm,GPU_COMPUTE,step1.layer33.residual1,8267.576448000,1.008192000,8268.584640000,step1.layer33.residual1,RMSNorm
1,33,step1.layer33.router,router,GPU_COMPUTE,step1.layer33.norm2,8268.584640000,2.069888000,8270.654528000,step1.layer33.norm2,MoE router
1,33,step1.layer33.metadata,metadata,GPU_COMPUTE,step1.layer33.router,8270.654528000,1.000128000,8271.654656000,step1.layer33.router,routing metadata
1,33,step1.layer33.dispatch,dispatch,,step1.layer33.metadata,8271.654656000,0.000000000,8271.654656000,step1.layer33.metadata,single-GPU dispatch placeholder
1,33,step1.layer33.scheduler,scheduler,GPU_COMPUTE,step1.layer33.metadata,8271.654656000,0.000000000,8271.654656000,step1.layer33.metadata,pimoe placement policy
1,33,step1.layer33.gpu_weight_load,gpu_weight_load,HBM_MEM_PATH,step1.layer33.scheduler,8271.654656000,2.359296000,8274.013952000,step1.layer33.scheduler,expert weights HBM to GPU
1,33,step1.layer33.gpu_expert_compute,gpu_expert,GPU_COMPUTE,step1.layer33.gpu_weight_load;step1.layer33.dispatch,8274.013952000,3.054525952,8277.068477952,step1.layer33.gpu_weight_load,grouped expert GEMM
1,33,step1.layer33.pim_gwrite,pim_write,GPU_PIM_IO,step1.layer33.scheduler;step1.layer33.dispatch,8271.654656000,6.685224000,8278.339880000,step1.layer33.scheduler,PIM_GWRITE from Ramulator cycle-v0 table
1,33,step1.layer33.pim_expert_compute,pim_expert,PIM_COMPUTE,step1.layer33.pim_gwrite,8278.339880000,60.162648000,8338.502528000,step1.layer33.pim_gwrite,expert GEMV from Ramulator cycle-v0 table
1,33,step1.layer33.pim_read,pim_read,GPU_PIM_IO,step1.layer33.pim_expert_compute,8338.502528000,0.039936000,8338.542464000,step1.layer33.pim_expert_compute,PIM result read from Ramulator cycle-v0 table
1,33,step1.layer33.combine,combine,GPU_COMPUTE,step1.layer33.gpu_expert_compute;step1.layer33.pim_read,8338.542464000,1.036864000,8339.579328000,step1.layer33.pim_read,weighted expert combine
1,33,step1.layer33.residual2,residual,GPU_COMPUTE,step1.layer33.combine,8339.579328000,1.012288000,8340.591616000,step1.layer33.combine,residual add
1,34,step1.layer34.norm1,norm,GPU_COMPUTE,step1.layer33.residual2,8340.591616000,1.008192000,8341.599808000,step1.layer33.residual2,RMSNorm
1,34,step1.layer34.qkv,qkv,GPU_COMPUTE,step1.layer34.norm1,8341.599808000,3.635776000,8345.235584000,step1.layer34.norm1,QKV projection
1,34,step1.layer34.rope,rope,GPU_COMPUTE,step1.layer34.qkv,8345.235584000,1.018432000,8346.254016000,step1.layer34.qkv,QK norm and RoPE
1,34,step1.layer34.attention,attention,PIM_COMPUTE,step1.layer34.rope,8346.254016000,18.929664000,8365.183680000,step1.layer34.rope,decode attention from Ramulator cycle-v0 table
1,34,step1.layer34.o_proj,attention_output,GPU_COMPUTE,step1.layer34.attention,8365.183680000,3.109440000,8368.293120000,step1.layer34.attention,attention output projection
1,34,step1.layer34.residual1,residual,GPU_COMPUTE,step1.layer34.o_proj,8368.293120000,1.012288000,8369.305408000,step1.layer34.o_proj,residual add
1,34,step1.layer34.norm2,norm,GPU_COMPUTE,step1.layer34.residual1,8369.305408000,1.008192000,8370.313600000,step1.layer34.residual1,RMSNorm
1,34,step1.layer34.router,router,GPU_COMPUTE,step1.layer34.norm2,8370.313600000,2.069888000,8372.383488000,step1.layer34.norm2,MoE router
1,34,step1.layer34.metadata,metadata,GPU_COMPUTE,step1.layer34.router,8372.383488000,1.000128000,8373.383616000,step1.layer34.router,routing metadata
1,34,step1.layer34.dispatch,dispatch,,step1.layer34.metadata,8373.383616000,0.000000000,8373.383616000,step1.layer34.metadata,single-GPU dispatch placeholder
1,34,step1.layer34.scheduler,scheduler,GPU_COMPUTE,step1.layer34.metadata,8373.383616000,0.000000000,8373.383616000,step1.layer34.metadata,pimoe placement policy
1,34,step1.layer34.gpu_weight_load,gpu_weight_load,HBM_MEM_PATH,step1.layer34.scheduler,8373.383616000,2.359296000,8375.742912000,step1.layer34.scheduler,expert weights HBM to GPU
1,34,step1.layer34.gpu_expert_compute,gpu_expert,GPU_COMPUTE,step1.layer34.gpu_weight_load;step1.layer34.dispatch,8375.742912000,3.054525952,8378.797437952,step1.layer34.gpu_weight_load,grouped expert GEMM
1,34,step1.layer34.pim_gwrite,pim_write,GPU_PIM_IO,step1.layer34.scheduler;step1.layer34.dispatch,8373.383616000,6.685224000,8380.068840000,step1.layer34.scheduler,PIM_GWRITE from Ramulator cycle-v0 table
1,34,step1.layer34.pim_expert_compute,pim_expert,PIM_COMPUTE,step1.layer34.pim_gwrite,8380.068840000,60.162648000,8440.231488000,step1.layer34.pim_gwrite,expert GEMV from Ramulator cycle-v0 table
1,34,step1.layer34.pim_read,pim_read,GPU_PIM_IO,step1.layer34.pim_expert_compute,8440.231488000,0.039936000,8440.271424000,step1.layer34.pim_expert_compute,PIM result read from Ramulator cycle-v0 table
1,34,step1.layer34.combine,combine,GPU_COMPUTE,step1.layer34.gpu_expert_compute;step1.layer34.pim_read,8440.271424000,1.036864000,8441.308288000,step1.layer34.pim_read,weighted expert combine
1,34,step1.layer34.residual2,residual,GPU_COMPUTE,step1.layer34.combine,8441.308288000,1.012288000,8442.320576000,step1.layer34.combine,residual add
1,35,step1.layer35.norm1,norm,GPU_COMPUTE,step1.layer34.residual2,8442.320576000,1.008192000,8443.328768000,step1.layer34.residual2,RMSNorm
1,35,step1.layer35.qkv,qkv,GPU_COMPUTE,step1.layer35.norm1,8443.328768000,3.635776000,8446.964544000,step1.layer35.norm1,QKV projection
1,35,step1.layer35.rope,rope,GPU_COMPUTE,step1.layer35.qkv,8446.964544000,1.018432000,8447.982976000,step1.layer35.qkv,QK norm and RoPE
1,35,step1.layer35.attention,attention,PIM_COMPUTE,step1.layer35.rope,8447.982976000,18.929664000,8466.912640000,step1.layer35.rope,decode attention from Ramulator cycle-v0 table
1,35,step1.layer35.o_proj,attention_output,GPU_COMPUTE,step1.layer35.attention,8466.912640000,3.109440000,8470.022080000,step1.layer35.attention,attention output projection
1,35,step1.layer35.residual1,residual,GPU_COMPUTE,step1.layer35.o_proj,8470.022080000,1.012288000,8471.034368000,step1.layer35.o_proj,residual add
1,35,step1.layer35.norm2,norm,GPU_COMPUTE,step1.layer35.residual1,8471.034368000,1.008192000,8472.042560000,step1.layer35.residual1,RMSNorm
1,35,step1.layer35.router,router,GPU_COMPUTE,step1.layer35.norm2,8472.042560000,2.069888000,8474.112448000,step1.layer35.norm2,MoE router
1,35,step1.layer35.metadata,metadata,GPU_COMPUTE,step1.layer35.router,8474.112448000,1.000128000,8475.112576000,step1.layer35.router,routing metadata
1,35,step1.layer35.dispatch,dispatch,,step1.layer35.metadata,8475.112576000,0.000000000,8475.112576000,step1.layer35.metadata,single-GPU dispatch placeholder
1,35,step1.layer35.scheduler,scheduler,GPU_COMPUTE,step1.layer35.metadata,8475.112576000,0.000000000,8475.112576000,step1.layer35.metadata,pimoe placement policy
1,35,step1.layer35.gpu_weight_load,gpu_weight_load,HBM_MEM_PATH,step1.layer35.scheduler,8475.112576000,2.359296000,8477.471872000,step1.layer35.scheduler,expert weights HBM to GPU
1,35,step1.layer35.gpu_expert_compute,gpu_expert,GPU_COMPUTE,step1.layer35.gpu_weight_load;step1.layer35.dispatch,8477.471872000,3.054525952,8480.526397952,step1.layer35.gpu_weight_load,grouped expert GEMM
1,35,step1.layer35.pim_gwrite,pim_write,GPU_PIM_IO,step1.layer35.scheduler;step1.layer35.dispatch,8475.112576000,6.685224000,8481.797800000,step1.layer35.scheduler,PIM_GWRITE from Ramulator cycle-v0 table
1,35,step1.layer35.pim_expert_compute,pim_expert,PIM_COMPUTE,step1.layer35.pim_gwrite,8481.797800000,60.162648000,8541.960448000,step1.layer35.pim_gwrite,expert GEMV from Ramulator cycle-v0 table
1,35,step1.layer35.pim_read,pim_read,GPU_PIM_IO,step1.layer35.pim_expert_compute,8541.960448000,0.039936000,8542.000384000,step1.layer35.pim_expert_compute,PIM result read from Ramulator cycle-v0 table
1,35,step1.layer35.combine,combine,GPU_COMPUTE,step1.layer35.gpu_expert_compute;step1.layer35.pim_read,8542.000384000,1.036864000,8543.037248000,step1.layer35.pim_read,weighted expert combine
1,35,step1.layer35.residual2,residual,GPU_COMPUTE,step1.layer35.combine,8543.037248000,1.012288000,8544.049536000,step1.layer35.combine,residual add
1,36,step1.layer36.norm1,norm,GPU_COMPUTE,step1.layer35.residual2,8544.049536000,1.008192000,8545.057728000,step1.layer35.residual2,RMSNorm
1,36,step1.layer36.qkv,qkv,GPU_COMPUTE,step1.layer36.norm1,8545.057728000,3.635776000,8548.693504000,step1.layer36.norm1,QKV projection
1,36,step1.layer36.rope,rope,GPU_COMPUTE,step1.layer36.qkv,8548.693504000,1.018432000,8549.711936000,step1.layer36.qkv,QK norm and RoPE
1,36,step1.layer36.attention,attention,PIM_COMPUTE,step1.layer36.rope,8549.711936000,18.929664000,8568.641600000,step1.layer36.rope,decode attention from Ramulator cycle-v0 table
1,36,step1.layer36.o_proj,attention_output,GPU_COMPUTE,step1.layer36.attention,8568.641600000,3.109440000,8571.751040000,step1.layer36.attention,attention output projection
1,36,step1.layer36.residual1,residual,GPU_COMPUTE,step1.layer36.o_proj,8571.751040000,1.012288000,8572.763328000,step1.layer36.o_proj,residual add
1,36,step1.layer36.norm2,norm,GPU_COMPUTE,step1.layer36.residual1,8572.763328000,1.008192000,8573.771520000,step1.layer36.residual1,RMSNorm
1,36,step1.layer36.router,router,GPU_COMPUTE,step1.layer36.norm2,8573.771520000,2.069888000,8575.841408000,step1.layer36.norm2,MoE router
1,36,step1.layer36.metadata,metadata,GPU_COMPUTE,step1.layer36.router,8575.841408000,1.000128000,8576.841536000,step1.layer36.router,routing metadata
1,36,step1.layer36.dispatch,dispatch,,step1.layer36.metadata,8576.841536000,0.000000000,8576.841536000,step1.layer36.metadata,single-GPU dispatch placeholder
1,36,step1.layer36.scheduler,scheduler,GPU_COMPUTE,step1.layer36.metadata,8576.841536000,0.000000000,8576.841536000,step1.layer36.metadata,pimoe placement policy
1,36,step1.layer36.gpu_weight_load,gpu_weight_load,HBM_MEM_PATH,step1.layer36.scheduler,8576.841536000,2.359296000,8579.200832000,step1.layer36.scheduler,expert weights HBM to GPU
1,36,step1.layer36.gpu_expert_compute,gpu_expert,GPU_COMPUTE,step1.layer36.gpu_weight_load;step1.layer36.dispatch,8579.200832000,3.054525952,8582.255357952,step1.layer36.gpu_weight_load,grouped expert GEMM
1,36,step1.layer36.pim_gwrite,pim_write,GPU_PIM_IO,step1.layer36.scheduler;step1.layer36.dispatch,8576.841536000,6.685224000,8583.526760000,step1.layer36.scheduler,PIM_GWRITE from Ramulator cycle-v0 table
1,36,step1.layer36.pim_expert_compute,pim_expert,PIM_COMPUTE,step1.layer36.pim_gwrite,8583.526760000,60.162648000,8643.689408000,step1.layer36.pim_gwrite,expert GEMV from Ramulator cycle-v0 table
1,36,step1.layer36.pim_read,pim_read,GPU_PIM_IO,step1.layer36.pim_expert_compute,8643.689408000,0.039936000,8643.729344000,step1.layer36.pim_expert_compute,PIM result read from Ramulator cycle-v0 table
1,36,step1.layer36.combine,combine,GPU_COMPUTE,step1.layer36.gpu_expert_compute;step1.layer36.pim_read,8643.729344000,1.036864000,8644.766208000,step1.layer36.pim_read,weighted expert combine
1,36,step1.layer36.residual2,residual,GPU_COMPUTE,step1.layer36.combine,8644.766208000,1.012288000,8645.778496000,step1.layer36.combine,residual add
1,37,step1.layer37.norm1,norm,GPU_COMPUTE,step1.layer36.residual2,8645.778496000,1.008192000,8646.786688000,step1.layer36.residual2,RMSNorm
1,37,step1.layer37.qkv,qkv,GPU_COMPUTE,step1.layer37.norm1,8646.786688000,3.635776000,8650.422464000,step1.layer37.norm1,QKV projection
1,37,step1.layer37.rope,rope,GPU_COMPUTE,step1.layer37.qkv,8650.422464000,1.018432000,8651.440896000,step1.layer37.qkv,QK norm and RoPE
1,37,step1.layer37.attention,attention,PIM_COMPUTE,step1.layer37.rope,8651.440896000,18.929664000,8670.370560000,step1.layer37.rope,decode attention from Ramulator cycle-v0 table
1,37,step1.layer37.o_proj,attention_output,GPU_COMPUTE,step1.layer37.attention,8670.370560000,3.109440000,8673.480000000,step1.layer37.attention,attention output projection
1,37,step1.layer37.residual1,residual,GPU_COMPUTE,step1.layer37.o_proj,8673.480000000,1.012288000,8674.492288000,step1.layer37.o_proj,residual add
1,37,step1.layer37.norm2,norm,GPU_COMPUTE,step1.layer37.residual1,8674.492288000,1.008192000,8675.500480000,step1.layer37.residual1,RMSNorm
1,37,step1.layer37.router,router,GPU_COMPUTE,step1.layer37.norm2,8675.500480000,2.069888000,8677.570368000,step1.layer37.norm2,MoE router
1,37,step1.layer37.metadata,metadata,GPU_COMPUTE,step1.layer37.router,8677.570368000,1.000128000,8678.570496000,step1.layer37.router,routing metadata
1,37,step1.layer37.dispatch,dispatch,,step1.layer37.metadata,8678.570496000,0.000000000,8678.570496000,step1.layer37.metadata,single-GPU dispatch placeholder
1,37,step1.layer37.scheduler,scheduler,GPU_COMPUTE,step1.layer37.metadata,8678.570496000,0.000000000,8678.570496000,step1.layer37.metadata,pimoe placement policy
1,37,step1.layer37.gpu_weight_load,gpu_weight_load,HBM_MEM_PATH,step1.layer37.scheduler,8678.570496000,2.359296000,8680.929792000,step1.layer37.scheduler,expert weights HBM to GPU
1,37,step1.layer37.gpu_expert_compute,gpu_expert,GPU_COMPUTE,step1.layer37.gpu_weight_load;step1.layer37.dispatch,8680.929792000,3.054525952,8683.984317952,step1.layer37.gpu_weight_load,grouped expert GEMM
1,37,step1.layer37.pim_gwrite,pim_write,GPU_PIM_IO,step1.layer37.scheduler;step1.layer37.dispatch,8678.570496000,6.685224000,8685.255720000,step1.layer37.scheduler,PIM_GWRITE from Ramulator cycle-v0 table
1,37,step1.layer37.pim_expert_compute,pim_expert,PIM_COMPUTE,step1.layer37.pim_gwrite,8685.255720000,60.162648000,8745.418368000,step1.layer37.pim_gwrite,expert GEMV from Ramulator cycle-v0 table
1,37,step1.layer37.pim_read,pim_read,GPU_PIM_IO,step1.layer37.pim_expert_compute,8745.418368000,0.039936000,8745.458304000,step1.layer37.pim_expert_compute,PIM result read from Ramulator cycle-v0 table
1,37,step1.layer37.combine,combine,GPU_COMPUTE,step1.layer37.gpu_expert_compute;step1.layer37.pim_read,8745.458304000,1.036864000,8746.495168000,step1.layer37.pim_read,weighted expert combine
1,37,step1.layer37.residual2,residual,GPU_COMPUTE,step1.layer37.combine,8746.495168000,1.012288000,8747.507456000,step1.layer37.combine,residual add
1,38,step1.layer38.norm1,norm,GPU_COMPUTE,step1.layer37.residual2,8747.507456000,1.008192000,8748.515648000,step1.layer37.residual2,RMSNorm
1,38,step1.layer38.qkv,qkv,GPU_COMPUTE,step1.layer38.norm1,8748.515648000,3.635776000,8752.151424000,step1.layer38.norm1,QKV projection
1,38,step1.layer38.rope,rope,GPU_COMPUTE,step1.layer38.qkv,8752.151424000,1.018432000,8753.169856000,step1.layer38.qkv,QK norm and RoPE
1,38,step1.layer38.attention,attention,PIM_COMPUTE,step1.layer38.rope,8753.169856000,18.929664000,8772.099520000,step1.layer38.rope,decode attention from Ramulator cycle-v0 table
1,38,step1.layer38.o_proj,attention_output,GPU_COMPUTE,step1.layer38.attention,8772.099520000,3.109440000,8775.208960000,step1.layer38.attention,attention output projection
1,38,step1.layer38.residual1,residual,GPU_COMPUTE,step1.layer38.o_proj,8775.208960000,1.012288000,8776.221248000,step1.layer38.o_proj,residual add
1,38,step1.layer38.norm2,norm,GPU_COMPUTE,step1.layer38.residual1,8776.221248000,1.008192000,8777.229440000,step1.layer38.residual1,RMSNorm
1,38,step1.layer38.router,router,GPU_COMPUTE,step1.layer38.norm2,8777.229440000,2.069888000,8779.299328000,step1.layer38.norm2,MoE router
1,38,step1.layer38.metadata,metadata,GPU_COMPUTE,step1.layer38.router,8779.299328000,1.000128000,8780.299456000,step1.layer38.router,routing metadata
1,38,step1.layer38.dispatch,dispatch,,step1.layer38.metadata,8780.299456000,0.000000000,8780.299456000,step1.layer38.metadata,single-GPU dispatch placeholder
1,38,step1.layer38.scheduler,scheduler,GPU_COMPUTE,step1.layer38.metadata,8780.299456000,0.000000000,8780.299456000,step1.layer38.metadata,pimoe placement policy
1,38,step1.layer38.gpu_weight_load,gpu_weight_load,HBM_MEM_PATH,step1.layer38.scheduler,8780.299456000,2.359296000,8782.658752000,step1.layer38.scheduler,expert weights HBM to GPU
1,38,step1.layer38.gpu_expert_compute,gpu_expert,GPU_COMPUTE,step1.layer38.gpu_weight_load;step1.layer38.dispatch,8782.658752000,3.054525952,8785.713277952,step1.layer38.gpu_weight_load,grouped expert GEMM
1,38,step1.layer38.pim_gwrite,pim_write,GPU_PIM_IO,step1.layer38.scheduler;step1.layer38.dispatch,8780.299456000,6.685224000,8786.984680000,step1.layer38.scheduler,PIM_GWRITE from Ramulator cycle-v0 table
1,38,step1.layer38.pim_expert_compute,pim_expert,PIM_COMPUTE,step1.layer38.pim_gwrite,8786.984680000,60.162648000,8847.147328000,step1.layer38.pim_gwrite,expert GEMV from Ramulator cycle-v0 table
1,38,step1.layer38.pim_read,pim_read,GPU_PIM_IO,step1.layer38.pim_expert_compute,8847.147328000,0.039936000,8847.187264000,step1.layer38.pim_expert_compute,PIM result read from Ramulator cycle-v0 table
1,38,step1.layer38.combine,combine,GPU_COMPUTE,step1.layer38.gpu_expert_compute;step1.layer38.pim_read,8847.187264000,1.036864000,8848.224128000,step1.layer38.pim_read,weighted expert combine
1,38,step1.layer38.residual2,residual,GPU_COMPUTE,step1.layer38.combine,8848.224128000,1.012288000,8849.236416000,step1.layer38.combine,residual add
1,39,step1.layer39.norm1,norm,GPU_COMPUTE,step1.layer38.residual2,8849.236416000,1.008192000,8850.244608000,step1.layer38.residual2,RMSNorm
1,39,step1.layer39.qkv,qkv,GPU_COMPUTE,step1.layer39.norm1,8850.244608000,3.635776000,8853.880384000,step1.layer39.norm1,QKV projection
1,39,step1.layer39.rope,rope,GPU_COMPUTE,step1.layer39.qkv,8853.880384000,1.018432000,8854.898816000,step1.layer39.qkv,QK norm and RoPE
1,39,step1.layer39.attention,attention,PIM_COMPUTE,step1.layer39.rope,8854.898816000,18.929664000,8873.828480000,step1.layer39.rope,decode attention from Ramulator cycle-v0 table
1,39,step1.layer39.o_proj,attention_output,GPU_COMPUTE,step1.layer39.attention,8873.828480000,3.109440000,8876.937920000,step1.layer39.attention,attention output projection
1,39,step1.layer39.residual1,residual,GPU_COMPUTE,step1.layer39.o_proj,8876.937920000,1.012288000,8877.950208000,step1.layer39.o_proj,residual add
1,39,step1.layer39.norm2,norm,GPU_COMPUTE,step1.layer39.residual1,8877.950208000,1.008192000,8878.958400000,step1.layer39.residual1,RMSNorm
1,39,step1.layer39.router,router,GPU_COMPUTE,step1.layer39.norm2,8878.958400000,2.069888000,8881.028288000,step1.layer39.norm2,MoE router
1,39,step1.layer39.metadata,metadata,GPU_COMPUTE,step1.layer39.router,8881.028288000,1.000128000,8882.028416000,step1.layer39.router,routing metadata
1,39,step1.layer39.dispatch,dispatch,,step1.layer39.metadata,8882.028416000,0.000000000,8882.028416000,step1.layer39.metadata,single-GPU dispatch placeholder
1,39,step1.layer39.scheduler,scheduler,GPU_COMPUTE,step1.layer39.metadata,8882.028416000,0.000000000,8882.028416000,step1.layer39.metadata,pimoe placement policy
1,39,step1.layer39.gpu_weight_load,gpu_weight_load,HBM_MEM_PATH,step1.layer39.scheduler,8882.028416000,2.359296000,8884.387712000,step1.layer39.scheduler,expert weights HBM to GPU
1,39,step1.layer39.gpu_expert_compute,gpu_expert,GPU_COMPUTE,step1.layer39.gpu_weight_load;step1.layer39.dispatch,8884.387712000,3.054525952,8887.442237952,step1.layer39.gpu_weight_load,grouped expert GEMM
1,39,step1.layer39.pim_gwrite,pim_write,GPU_PIM_IO,step1.layer39.scheduler;step1.layer39.dispatch,8882.028416000,6.685224000,8888.713640000,step1.layer39.scheduler,PIM_GWRITE from Ramulator cycle-v0 table
1,39,step1.layer39.pim_expert_compute,pim_expert,PIM_COMPUTE,step1.layer39.pim_gwrite,8888.713640000,60.162648000,8948.876288000,step1.layer39.pim_gwrite,expert GEMV from Ramulator cycle-v0 table
1,39,step1.layer39.pim_read,pim_read,GPU_PIM_IO,step1.layer39.pim_expert_compute,8948.876288000,0.039936000,8948.916224000,step1.layer39.pim_expert_compute,PIM result read from Ramulator cycle-v0 table
1,39,step1.layer39.combine,combine,GPU_COMPUTE,step1.layer39.gpu_expert_compute;step1.layer39.pim_read,8948.916224000,1.036864000,8949.953088000,step1.layer39.pim_read,weighted expert combine
1,39,step1.layer39.residual2,residual,GPU_COMPUTE,step1.layer39.combine,8949.953088000,1.012288000,8950.965376000,step1.layer39.combine,residual add
1,40,step1.layer40.norm1,norm,GPU_COMPUTE,step1.layer39.residual2,8950.965376000,1.008192000,8951.973568000,step1.layer39.residual2,RMSNorm
1,40,step1.layer40.qkv,qkv,GPU_COMPUTE,step1.layer40.norm1,8951.973568000,3.635776000,8955.609344000,step1.layer40.norm1,QKV projection
1,40,step1.layer40.rope,rope,GPU_COMPUTE,step1.layer40.qkv,8955.609344000,1.018432000,8956.627776000,step1.layer40.qkv,QK norm and RoPE
1,40,step1.layer40.attention,attention,PIM_COMPUTE,step1.layer40.rope,8956.627776000,18.929664000,8975.557440000,step1.layer40.rope,decode attention from Ramulator cycle-v0 table
1,40,step1.layer40.o_proj,attention_output,GPU_COMPUTE,step1.layer40.attention,8975.557440000,3.109440000,8978.666880000,step1.layer40.attention,attention output projection
1,40,step1.layer40.residual1,residual,GPU_COMPUTE,step1.layer40.o_proj,8978.666880000,1.012288000,8979.679168000,step1.layer40.o_proj,residual add
1,40,step1.layer40.norm2,norm,GPU_COMPUTE,step1.layer40.residual1,8979.679168000,1.008192000,8980.687360000,step1.layer40.residual1,RMSNorm
1,40,step1.layer40.router,router,GPU_COMPUTE,step1.layer40.norm2,8980.687360000,2.069888000,8982.757248000,step1.layer40.norm2,MoE router
1,40,step1.layer40.metadata,metadata,GPU_COMPUTE,step1.layer40.router,8982.757248000,1.000128000,8983.757376000,step1.layer40.router,routing metadata
1,40,step1.layer40.dispatch,dispatch,,step1.layer40.metadata,8983.757376000,0.000000000,8983.757376000,step1.layer40.metadata,single-GPU dispatch placeholder
1,40,step1.layer40.scheduler,scheduler,GPU_COMPUTE,step1.layer40.metadata,8983.757376000,0.000000000,8983.757376000,step1.layer40.metadata,pimoe placement policy
1,40,step1.layer40.gpu_weight_load,gpu_weight_load,HBM_MEM_PATH,step1.layer40.scheduler,8983.757376000,2.359296000,8986.116672000,step1.layer40.scheduler,expert weights HBM to GPU
1,40,step1.layer40.gpu_expert_compute,gpu_expert,GPU_COMPUTE,step1.layer40.gpu_weight_load;step1.layer40.dispatch,8986.116672000,3.054525952,8989.171197952,step1.layer40.gpu_weight_load,grouped expert GEMM
1,40,step1.layer40.pim_gwrite,pim_write,GPU_PIM_IO,step1.layer40.scheduler;step1.layer40.dispatch,8983.757376000,6.685224000,8990.442600000,step1.layer40.scheduler,PIM_GWRITE from Ramulator cycle-v0 table
1,40,step1.layer40.pim_expert_compute,pim_expert,PIM_COMPUTE,step1.layer40.pim_gwrite,8990.442600000,60.162648000,9050.605248000,step1.layer40.pim_gwrite,expert GEMV from Ramulator cycle-v0 table
1,40,step1.layer40.pim_read,pim_read,GPU_PIM_IO,step1.layer40.pim_expert_compute,9050.605248000,0.039936000,9050.645184000,step1.layer40.pim_expert_compute,PIM result read from Ramulator cycle-v0 table
1,40,step1.layer40.combine,combine,GPU_COMPUTE,step1.layer40.gpu_expert_compute;step1.layer40.pim_read,9050.645184000,1.036864000,9051.682048000,step1.layer40.pim_read,weighted expert combine
1,40,step1.layer40.residual2,residual,GPU_COMPUTE,step1.layer40.combine,9051.682048000,1.012288000,9052.694336000,step1.layer40.combine,residual add
1,41,step1.layer41.norm1,norm,GPU_COMPUTE,step1.layer40.residual2,9052.694336000,1.008192000,9053.702528000,step1.layer40.residual2,RMSNorm
1,41,step1.layer41.qkv,qkv,GPU_COMPUTE,step1.layer41.norm1,9053.702528000,3.635776000,9057.338304000,step1.layer41.norm1,QKV projection
1,41,step1.layer41.rope,rope,GPU_COMPUTE,step1.layer41.qkv,9057.338304000,1.018432000,9058.356736000,step1.layer41.qkv,QK norm and RoPE
1,41,step1.layer41.attention,attention,PIM_COMPUTE,step1.layer41.rope,9058.356736000,18.929664000,9077.286400000,step1.layer41.rope,decode attention from Ramulator cycle-v0 table
1,41,step1.layer41.o_proj,attention_output,GPU_COMPUTE,step1.layer41.attention,9077.286400000,3.109440000,9080.395840000,step1.layer41.attention,attention output projection
1,41,step1.layer41.residual1,residual,GPU_COMPUTE,step1.layer41.o_proj,9080.395840000,1.012288000,9081.408128000,step1.layer41.o_proj,residual add
1,41,step1.layer41.norm2,norm,GPU_COMPUTE,step1.layer41.residual1,9081.408128000,1.008192000,9082.416320000,step1.layer41.residual1,RMSNorm
1,41,step1.layer41.router,router,GPU_COMPUTE,step1.layer41.norm2,9082.416320000,2.069888000,9084.486208000,step1.layer41.norm2,MoE router
1,41,step1.layer41.metadata,metadata,GPU_COMPUTE,step1.layer41.router,9084.486208000,1.000128000,9085.486336000,step1.layer41.router,routing metadata
1,41,step1.layer41.dispatch,dispatch,,step1.layer41.metadata,9085.486336000,0.000000000,9085.486336000,step1.layer41.metadata,single-GPU dispatch placeholder
1,41,step1.layer41.scheduler,scheduler,GPU_COMPUTE,step1.layer41.metadata,9085.486336000,0.000000000,9085.486336000,step1.layer41.metadata,pimoe placement policy
1,41,step1.layer41.gpu_weight_load,gpu_weight_load,HBM_MEM_PATH,step1.layer41.scheduler,9085.486336000,2.359296000,9087.845632000,step1.layer41.scheduler,expert weights HBM to GPU
1,41,step1.layer41.gpu_expert_compute,gpu_expert,GPU_COMPUTE,step1.layer41.gpu_weight_load;step1.layer41.dispatch,9087.845632000,3.054525952,9090.900157952,step1.layer41.gpu_weight_load,grouped expert GEMM
1,41,step1.layer41.pim_gwrite,pim_write,GPU_PIM_IO,step1.layer41.scheduler;step1.layer41.dispatch,9085.486336000,6.685224000,9092.171560000,step1.layer41.scheduler,PIM_GWRITE from Ramulator cycle-v0 table
1,41,step1.layer41.pim_expert_compute,pim_expert,PIM_COMPUTE,step1.layer41.pim_gwrite,9092.171560000,60.162648000,9152.334208000,step1.layer41.pim_gwrite,expert GEMV from Ramulator cycle-v0 table
1,41,step1.layer41.pim_read,pim_read,GPU_PIM_IO,step1.layer41.pim_expert_compute,9152.334208000,0.039936000,9152.374144000,step1.layer41.pim_expert_compute,PIM result read from Ramulator cycle-v0 table
1,41,step1.layer41.combine,combine,GPU_COMPUTE,step1.layer41.gpu_expert_compute;step1.layer41.pim_read,9152.374144000,1.036864000,9153.411008000,step1.layer41.pim_read,weighted expert combine
1,41,step1.layer41.residual2,residual,GPU_COMPUTE,step1.layer41.combine,9153.411008000,1.012288000,9154.423296000,step1.layer41.combine,residual add
1,42,step1.layer42.norm1,norm,GPU_COMPUTE,step1.layer41.residual2,9154.423296000,1.008192000,9155.431488000,step1.layer41.residual2,RMSNorm
1,42,step1.layer42.qkv,qkv,GPU_COMPUTE,step1.layer42.norm1,9155.431488000,3.635776000,9159.067264000,step1.layer42.norm1,QKV projection
1,42,step1.layer42.rope,rope,GPU_COMPUTE,step1.layer42.qkv,9159.067264000,1.018432000,9160.085696000,step1.layer42.qkv,QK norm and RoPE
1,42,step1.layer42.attention,attention,PIM_COMPUTE,step1.layer42.rope,9160.085696000,18.929664000,9179.015360000,step1.layer42.rope,decode attention from Ramulator cycle-v0 table
1,42,step1.layer42.o_proj,attention_output,GPU_COMPUTE,step1.layer42.attention,9179.015360000,3.109440000,9182.124800000,step1.layer42.attention,attention output projection
1,42,step1.layer42.residual1,residual,GPU_COMPUTE,step1.layer42.o_proj,9182.124800000,1.012288000,9183.137088000,step1.layer42.o_proj,residual add
1,42,step1.layer42.norm2,norm,GPU_COMPUTE,step1.layer42.residual1,9183.137088000,1.008192000,9184.145280000,step1.layer42.residual1,RMSNorm
1,42,step1.layer42.router,router,GPU_COMPUTE,step1.layer42.norm2,9184.145280000,2.069888000,9186.215168000,step1.layer42.norm2,MoE router
1,42,step1.layer42.metadata,metadata,GPU_COMPUTE,step1.layer42.router,9186.215168000,1.000128000,9187.215296000,step1.layer42.router,routing metadata
1,42,step1.layer42.dispatch,dispatch,,step1.layer42.metadata,9187.215296000,0.000000000,9187.215296000,step1.layer42.metadata,single-GPU dispatch placeholder
1,42,step1.layer42.scheduler,scheduler,GPU_COMPUTE,step1.layer42.metadata,9187.215296000,0.000000000,9187.215296000,step1.layer42.metadata,pimoe placement policy
1,42,step1.layer42.gpu_weight_load,gpu_weight_load,HBM_MEM_PATH,step1.layer42.scheduler,9187.215296000,2.359296000,9189.574592000,step1.layer42.scheduler,expert weights HBM to GPU
1,42,step1.layer42.gpu_expert_compute,gpu_expert,GPU_COMPUTE,step1.layer42.gpu_weight_load;step1.layer42.dispatch,9189.574592000,3.054525952,9192.629117952,step1.layer42.gpu_weight_load,grouped expert GEMM
1,42,step1.layer42.pim_gwrite,pim_write,GPU_PIM_IO,step1.layer42.scheduler;step1.layer42.dispatch,9187.215296000,6.685224000,9193.900520000,step1.layer42.scheduler,PIM_GWRITE from Ramulator cycle-v0 table
1,42,step1.layer42.pim_expert_compute,pim_expert,PIM_COMPUTE,step1.layer42.pim_gwrite,9193.900520000,60.162648000,9254.063168000,step1.layer42.pim_gwrite,expert GEMV from Ramulator cycle-v0 table
1,42,step1.layer42.pim_read,pim_read,GPU_PIM_IO,step1.layer42.pim_expert_compute,9254.063168000,0.039936000,9254.103104000,step1.layer42.pim_expert_compute,PIM result read from Ramulator cycle-v0 table
1,42,step1.layer42.combine,combine,GPU_COMPUTE,step1.layer42.gpu_expert_compute;step1.layer42.pim_read,9254.103104000,1.036864000,9255.139968000,step1.layer42.pim_read,weighted expert combine
1,42,step1.layer42.residual2,residual,GPU_COMPUTE,step1.layer42.combine,9255.139968000,1.012288000,9256.152256000,step1.layer42.combine,residual add
1,43,step1.layer43.norm1,norm,GPU_COMPUTE,step1.layer42.residual2,9256.152256000,1.008192000,9257.160448000,step1.layer42.residual2,RMSNorm
1,43,step1.layer43.qkv,qkv,GPU_COMPUTE,step1.layer43.norm1,9257.160448000,3.635776000,9260.796224000,step1.layer43.norm1,QKV projection
1,43,step1.layer43.rope,rope,GPU_COMPUTE,step1.layer43.qkv,9260.796224000,1.018432000,9261.814656000,step1.layer43.qkv,QK norm and RoPE
1,43,step1.layer43.attention,attention,PIM_COMPUTE,step1.layer43.rope,9261.814656000,18.929664000,9280.744320000,step1.layer43.rope,decode attention from Ramulator cycle-v0 table
1,43,step1.layer43.o_proj,attention_output,GPU_COMPUTE,step1.layer43.attention,9280.744320000,3.109440000,9283.853760000,step1.layer43.attention,attention output projection
1,43,step1.layer43.residual1,residual,GPU_COMPUTE,step1.layer43.o_proj,9283.853760000,1.012288000,9284.866048000,step1.layer43.o_proj,residual add
1,43,step1.layer43.norm2,norm,GPU_COMPUTE,step1.layer43.residual1,9284.866048000,1.008192000,9285.874240000,step1.layer43.residual1,RMSNorm
1,43,step1.layer43.router,router,GPU_COMPUTE,step1.layer43.norm2,9285.874240000,2.069888000,9287.944128000,step1.layer43.norm2,MoE router
1,43,step1.layer43.metadata,metadata,GPU_COMPUTE,step1.layer43.router,9287.944128000,1.000128000,9288.944256000,step1.layer43.router,routing metadata
1,43,step1.layer43.dispatch,dispatch,,step1.layer43.metadata,9288.944256000,0.000000000,9288.944256000,step1.layer43.metadata,single-GPU dispatch placeholder
1,43,step1.layer43.scheduler,scheduler,GPU_COMPUTE,step1.layer43.metadata,9288.944256000,0.000000000,9288.944256000,step1.layer43.metadata,pimoe placement policy
1,43,step1.layer43.gpu_weight_load,gpu_weight_load,HBM_MEM_PATH,step1.layer43.scheduler,9288.944256000,2.359296000,9291.303552000,step1.layer43.scheduler,expert weights HBM to GPU
1,43,step1.layer43.gpu_expert_compute,gpu_expert,GPU_COMPUTE,step1.layer43.gpu_weight_load;step1.layer43.dispatch,9291.303552000,3.054525952,9294.358077952,step1.layer43.gpu_weight_load,grouped expert GEMM
1,43,step1.layer43.pim_gwrite,pim_write,GPU_PIM_IO,step1.layer43.scheduler;step1.layer43.dispatch,9288.944256000,6.685224000,9295.629480000,step1.layer43.scheduler,PIM_GWRITE from Ramulator cycle-v0 table
1,43,step1.layer43.pim_expert_compute,pim_expert,PIM_COMPUTE,step1.layer43.pim_gwrite,9295.629480000,60.162648000,9355.792128000,step1.layer43.pim_gwrite,expert GEMV from Ramulator cycle-v0 table
1,43,step1.layer43.pim_read,pim_read,GPU_PIM_IO,step1.layer43.pim_expert_compute,9355.792128000,0.039936000,9355.832064000,step1.layer43.pim_expert_compute,PIM result read from Ramulator cycle-v0 table
1,43,step1.layer43.combine,combine,GPU_COMPUTE,step1.layer43.gpu_expert_compute;step1.layer43.pim_read,9355.832064000,1.036864000,9356.868928000,step1.layer43.pim_read,weighted expert combine
1,43,step1.layer43.residual2,residual,GPU_COMPUTE,step1.layer43.combine,9356.868928000,1.012288000,9357.881216000,step1.layer43.combine,residual add
1,44,step1.layer44.norm1,norm,GPU_COMPUTE,step1.layer43.residual2,9357.881216000,1.008192000,9358.889408000,step1.layer43.residual2,RMSNorm
1,44,step1.layer44.qkv,qkv,GPU_COMPUTE,step1.layer44.norm1,9358.889408000,3.635776000,9362.525184000,step1.layer44.norm1,QKV projection
1,44,step1.layer44.rope,rope,GPU_COMPUTE,step1.layer44.qkv,9362.525184000,1.018432000,9363.543616000,step1.layer44.qkv,QK norm and RoPE
1,44,step1.layer44.attention,attention,PIM_COMPUTE,step1.layer44.rope,9363.543616000,18.929664000,9382.473280000,step1.layer44.rope,decode attention from Ramulator cycle-v0 table
1,44,step1.layer44.o_proj,attention_output,GPU_COMPUTE,step1.layer44.attention,9382.473280000,3.109440000,9385.582720000,step1.layer44.attention,attention output projection
1,44,step1.layer44.residual1,residual,GPU_COMPUTE,step1.layer44.o_proj,9385.582720000,1.012288000,9386.595008000,step1.layer44.o_proj,residual add
1,44,step1.layer44.norm2,norm,GPU_COMPUTE,step1.layer44.residual1,9386.595008000,1.008192000,9387.603200000,step1.layer44.residual1,RMSNorm
1,44,step1.layer44.router,router,GPU_COMPUTE,step1.layer44.norm2,9387.603200000,2.069888000,9389.673088000,step1.layer44.norm2,MoE router
1,44,step1.layer44.metadata,metadata,GPU_COMPUTE,step1.layer44.router,9389.673088000,1.000128000,9390.673216000,step1.layer44.router,routing metadata
1,44,step1.layer44.dispatch,dispatch,,step1.layer44.metadata,9390.673216000,0.000000000,9390.673216000,step1.layer44.metadata,single-GPU dispatch placeholder
1,44,step1.layer44.scheduler,scheduler,GPU_COMPUTE,step1.layer44.metadata,9390.673216000,0.000000000,9390.673216000,step1.layer44.metadata,pimoe placement policy
1,44,step1.layer44.gpu_weight_load,gpu_weight_load,HBM_MEM_PATH,step1.layer44.scheduler,9390.673216000,2.359296000,9393.032512000,step1.layer44.scheduler,expert weights HBM to GPU
1,44,step1.layer44.gpu_expert_compute,gpu_expert,GPU_COMPUTE,step1.layer44.gpu_weight_load;step1.layer44.dispatch,9393.032512000,3.054525952,9396.087037952,step1.layer44.gpu_weight_load,grouped expert GEMM
1,44,step1.layer44.pim_gwrite,pim_write,GPU_PIM_IO,step1.layer44.scheduler;step1.layer44.dispatch,9390.673216000,6.685224000,9397.358440000,step1.layer44.scheduler,PIM_GWRITE from Ramulator cycle-v0 table
1,44,step1.layer44.pim_expert_compute,pim_expert,PIM_COMPUTE,step1.layer44.pim_gwrite,9397.358440000,60.162648000,9457.521088000,step1.layer44.pim_gwrite,expert GEMV from Ramulator cycle-v0 table
1,44,step1.layer44.pim_read,pim_read,GPU_PIM_IO,step1.layer44.pim_expert_compute,9457.521088000,0.039936000,9457.561024000,step1.layer44.pim_expert_compute,PIM result read from Ramulator cycle-v0 table
1,44,step1.layer44.combine,combine,GPU_COMPUTE,step1.layer44.gpu_expert_compute;step1.layer44.pim_read,9457.561024000,1.036864000,9458.597888000,step1.layer44.pim_read,weighted expert combine
1,44,step1.layer44.residual2,residual,GPU_COMPUTE,step1.layer44.combine,9458.597888000,1.012288000,9459.610176000,step1.layer44.combine,residual add
1,45,step1.layer45.norm1,norm,GPU_COMPUTE,step1.layer44.residual2,9459.610176000,1.008192000,9460.618368000,step1.layer44.residual2,RMSNorm
1,45,step1.layer45.qkv,qkv,GPU_COMPUTE,step1.layer45.norm1,9460.618368000,3.635776000,9464.254144000,step1.layer45.norm1,QKV projection
1,45,step1.layer45.rope,rope,GPU_COMPUTE,step1.layer45.qkv,9464.254144000,1.018432000,9465.272576000,step1.layer45.qkv,QK norm and RoPE
1,45,step1.layer45.attention,attention,PIM_COMPUTE,step1.layer45.rope,9465.272576000,18.929664000,9484.202240000,step1.layer45.rope,decode attention from Ramulator cycle-v0 table
1,45,step1.layer45.o_proj,attention_output,GPU_COMPUTE,step1.layer45.attention,9484.202240000,3.109440000,9487.311680000,step1.layer45.attention,attention output projection
1,45,step1.layer45.residual1,residual,GPU_COMPUTE,step1.layer45.o_proj,9487.311680000,1.012288000,9488.323968000,step1.layer45.o_proj,residual add
1,45,step1.layer45.norm2,norm,GPU_COMPUTE,step1.layer45.residual1,9488.323968000,1.008192000,9489.332160000,step1.layer45.residual1,RMSNorm
1,45,step1.layer45.router,router,GPU_COMPUTE,step1.layer45.norm2,9489.332160000,2.069888000,9491.402048000,step1.layer45.norm2,MoE router
1,45,step1.layer45.metadata,metadata,GPU_COMPUTE,step1.layer45.router,9491.402048000,1.000128000,9492.402176000,step1.layer45.router,routing metadata
1,45,step1.layer45.dispatch,dispatch,,step1.layer45.metadata,9492.402176000,0.000000000,9492.402176000,step1.layer45.metadata,single-GPU dispatch placeholder
1,45,step1.layer45.scheduler,scheduler,GPU_COMPUTE,step1.layer45.metadata,9492.402176000,0.000000000,9492.402176000,step1.layer45.metadata,pimoe placement policy
1,45,step1.layer45.gpu_weight_load,gpu_weight_load,HBM_MEM_PATH,step1.layer45.scheduler,9492.402176000,2.359296000,9494.761472000,step1.layer45.scheduler,expert weights HBM to GPU
1,45,step1.layer45.gpu_expert_compute,gpu_expert,GPU_COMPUTE,step1.layer45.gpu_weight_load;step1.layer45.dispatch,9494.761472000,3.054525952,9497.815997952,step1.layer45.gpu_weight_load,grouped expert GEMM
1,45,step1.layer45.pim_gwrite,pim_write,GPU_PIM_IO,step1.layer45.scheduler;step1.layer45.dispatch,9492.402176000,6.685224000,9499.087400000,step1.layer45.scheduler,PIM_GWRITE from Ramulator cycle-v0 table
1,45,step1.layer45.pim_expert_compute,pim_expert,PIM_COMPUTE,step1.layer45.pim_gwrite,9499.087400000,60.162648000,9559.250048000,step1.layer45.pim_gwrite,expert GEMV from Ramulator cycle-v0 table
1,45,step1.layer45.pim_read,pim_read,GPU_PIM_IO,step1.layer45.pim_expert_compute,9559.250048000,0.039936000,9559.289984000,step1.layer45.pim_expert_compute,PIM result read from Ramulator cycle-v0 table
1,45,step1.layer45.combine,combine,GPU_COMPUTE,step1.layer45.gpu_expert_compute;step1.layer45.pim_read,9559.289984000,1.036864000,9560.326848000,step1.layer45.pim_read,weighted expert combine
1,45,step1.layer45.residual2,residual,GPU_COMPUTE,step1.layer45.combine,9560.326848000,1.012288000,9561.339136000,step1.layer45.combine,residual add
1,46,step1.layer46.norm1,norm,GPU_COMPUTE,step1.layer45.residual2,9561.339136000,1.008192000,9562.347328000,step1.layer45.residual2,RMSNorm
1,46,step1.layer46.qkv,qkv,GPU_COMPUTE,step1.layer46.norm1,9562.347328000,3.635776000,9565.983104000,step1.layer46.norm1,QKV projection
1,46,step1.layer46.rope,rope,GPU_COMPUTE,step1.layer46.qkv,9565.983104000,1.018432000,9567.001536000,step1.layer46.qkv,QK norm and RoPE
1,46,step1.layer46.attention,attention,PIM_COMPUTE,step1.layer46.rope,9567.001536000,18.929664000,9585.931200000,step1.layer46.rope,decode attention from Ramulator cycle-v0 table
1,46,step1.layer46.o_proj,attention_output,GPU_COMPUTE,step1.layer46.attention,9585.931200000,3.109440000,9589.040640000,step1.layer46.attention,attention output projection
1,46,step1.layer46.residual1,residual,GPU_COMPUTE,step1.layer46.o_proj,9589.040640000,1.012288000,9590.052928000,step1.layer46.o_proj,residual add
1,46,step1.layer46.norm2,norm,GPU_COMPUTE,step1.layer46.residual1,9590.052928000,1.008192000,9591.061120000,step1.layer46.residual1,RMSNorm
1,46,step1.layer46.router,router,GPU_COMPUTE,step1.layer46.norm2,9591.061120000,2.069888000,9593.131008000,step1.layer46.norm2,MoE router
1,46,step1.layer46.metadata,metadata,GPU_COMPUTE,step1.layer46.router,9593.131008000,1.000128000,9594.131136000,step1.layer46.router,routing metadata
1,46,step1.layer46.dispatch,dispatch,,step1.layer46.metadata,9594.131136000,0.000000000,9594.131136000,step1.layer46.metadata,single-GPU dispatch placeholder
1,46,step1.layer46.scheduler,scheduler,GPU_COMPUTE,step1.layer46.metadata,9594.131136000,0.000000000,9594.131136000,step1.layer46.metadata,pimoe placement policy
1,46,step1.layer46.gpu_weight_load,gpu_weight_load,HBM_MEM_PATH,step1.layer46.scheduler,9594.131136000,2.359296000,9596.490432000,step1.layer46.scheduler,expert weights HBM to GPU
1,46,step1.layer46.gpu_expert_compute,gpu_expert,GPU_COMPUTE,step1.layer46.gpu_weight_load;step1.layer46.dispatch,9596.490432000,3.054525952,9599.544957952,step1.layer46.gpu_weight_load,grouped expert GEMM
1,46,step1.layer46.pim_gwrite,pim_write,GPU_PIM_IO,step1.layer46.scheduler;step1.layer46.dispatch,9594.131136000,6.685224000,9600.816360000,step1.layer46.scheduler,PIM_GWRITE from Ramulator cycle-v0 table
1,46,step1.layer46.pim_expert_compute,pim_expert,PIM_COMPUTE,step1.layer46.pim_gwrite,9600.816360000,60.162648000,9660.979008000,step1.layer46.pim_gwrite,expert GEMV from Ramulator cycle-v0 table
1,46,step1.layer46.pim_read,pim_read,GPU_PIM_IO,step1.layer46.pim_expert_compute,9660.979008000,0.039936000,9661.018944000,step1.layer46.pim_expert_compute,PIM result read from Ramulator cycle-v0 table
1,46,step1.layer46.combine,combine,GPU_COMPUTE,step1.layer46.gpu_expert_compute;step1.layer46.pim_read,9661.018944000,1.036864000,9662.055808000,step1.layer46.pim_read,weighted expert combine
1,46,step1.layer46.residual2,residual,GPU_COMPUTE,step1.layer46.combine,9662.055808000,1.012288000,9663.068096000,step1.layer46.combine,residual add
1,47,step1.layer47.norm1,norm,GPU_COMPUTE,step1.layer46.residual2,9663.068096000,1.008192000,9664.076288000,step1.layer46.residual2,RMSNorm
1,47,step1.layer47.qkv,qkv,GPU_COMPUTE,step1.layer47.norm1,9664.076288000,3.635776000,9667.712064000,step1.layer47.norm1,QKV projection
1,47,step1.layer47.rope,rope,GPU_COMPUTE,step1.layer47.qkv,9667.712064000,1.018432000,9668.730496000,step1.layer47.qkv,QK norm and RoPE
1,47,step1.layer47.attention,attention,PIM_COMPUTE,step1.layer47.rope,9668.730496000,18.929664000,9687.660160000,step1.layer47.rope,decode attention from Ramulator cycle-v0 table
1,47,step1.layer47.o_proj,attention_output,GPU_COMPUTE,step1.layer47.attention,9687.660160000,3.109440000,9690.769600000,step1.layer47.attention,attention output projection
1,47,step1.layer47.residual1,residual,GPU_COMPUTE,step1.layer47.o_proj,9690.769600000,1.012288000,9691.781888000,step1.layer47.o_proj,residual add
1,47,step1.layer47.norm2,norm,GPU_COMPUTE,step1.layer47.residual1,9691.781888000,1.008192000,9692.790080000,step1.layer47.residual1,RMSNorm
1,47,step1.layer47.router,router,GPU_COMPUTE,step1.layer47.norm2,9692.790080000,2.069888000,9694.859968000,step1.layer47.norm2,MoE router
1,47,step1.layer47.metadata,metadata,GPU_COMPUTE,step1.layer47.router,9694.859968000,1.000128000,9695.860096000,step1.layer47.router,routing metadata
1,47,step1.layer47.dispatch,dispatch,,step1.layer47.metadata,9695.860096000,0.000000000,9695.860096000,step1.layer47.metadata,single-GPU dispatch placeholder
1,47,step1.layer47.scheduler,scheduler,GPU_COMPUTE,step1.layer47.metadata,9695.860096000,0.000000000,9695.860096000,step1.layer47.metadata,pimoe placement policy
1,47,step1.layer47.gpu_weight_load,gpu_weight_load,HBM_MEM_PATH,step1.layer47.scheduler,9695.860096000,2.359296000,9698.219392000,step1.layer47.scheduler,expert weights HBM to GPU
1,47,step1.layer47.gpu_expert_compute,gpu_expert,GPU_COMPUTE,step1.layer47.gpu_weight_load;step1.layer47.dispatch,9698.219392000,3.054525952,9701.273917952,step1.layer47.gpu_weight_load,grouped expert GEMM
1,47,step1.layer47.pim_gwrite,pim_write,GPU_PIM_IO,step1.layer47.scheduler;step1.layer47.dispatch,9695.860096000,6.685224000,9702.545320000,step1.layer47.scheduler,PIM_GWRITE from Ramulator cycle-v0 table
1,47,step1.layer47.pim_expert_compute,pim_expert,PIM_COMPUTE,step1.layer47.pim_gwrite,9702.545320000,60.162648000,9762.707968000,step1.layer47.pim_gwrite,expert GEMV from Ramulator cycle-v0 table
1,47,step1.layer47.pim_read,pim_read,GPU_PIM_IO,step1.layer47.pim_expert_compute,9762.707968000,0.039936000,9762.747904000,step1.layer47.pim_expert_compute,PIM result read from Ramulator cycle-v0 table
1,47,step1.layer47.combine,combine,GPU_COMPUTE,step1.layer47.gpu_expert_compute;step1.layer47.pim_read,9762.747904000,1.036864000,9763.784768000,step1.layer47.pim_read,weighted expert combine
1,47,step1.layer47.residual2,residual,GPU_COMPUTE,step1.layer47.combine,9763.784768000,1.012288000,9764.797056000,step1.layer47.combine,residual add
