step,layer,name,category,resources,dependencies,start_us,duration_us,end_us,blocking_event,description
0,0,step0.layer0.norm1,norm,GPU_COMPUTE,,0.000000000,1.008192000,1.008192000,,RMSNorm
0,0,step0.layer0.qkv,qkv,GPU_COMPUTE,step0.layer0.norm1,1.008192000,3.635776000,4.643968000,step0.layer0.norm1,QKV projection
0,0,step0.layer0.rope,rope,GPU_COMPUTE,step0.layer0.qkv,4.643968000,1.018432000,5.662400000,step0.layer0.qkv,QK norm and RoPE
0,0,step0.layer0.attention,attention,PIM_COMPUTE,step0.layer0.rope,5.662400000,18.905016000,24.567416000,step0.layer0.rope,decode attention from Ramulator cycle-v0 table
0,0,step0.layer0.o_proj,attention_output,GPU_COMPUTE,step0.layer0.attention,24.567416000,3.109440000,27.676856000,step0.layer0.attention,attention output projection
0,0,step0.layer0.residual1,residual,GPU_COMPUTE,step0.layer0.o_proj,27.676856000,1.012288000,28.689144000,step0.layer0.o_proj,residual add
0,0,step0.layer0.norm2,norm,GPU_COMPUTE,step0.layer0.residual1,28.689144000,1.008192000,29.697336000,step0.layer0.residual1,RMSNorm
0,0,step0.layer0.router,router,GPU_COMPUTE,step0.layer0.norm2,29.697336000,2.069888000,31.767224000,step0.layer0.norm2,MoE router
0,0,step0.layer0.metadata,metadata,GPU_COMPUTE,step0.layer0.router,31.767224000,1.000128000,32.767352000,step0.layer0.router,routing metadata
0,0,step0.layer0.dispatch,dispatch,,step0.layer0.metadata,32.767352000,0.000000000,32.767352000,step0.layer0.metadata,single-GPU dispatch placeholder
0,0,step0.layer0.scheduler,scheduler,GPU_COMPUTE,step0.layer0.metadata,32.767352000,20.000000000,52.767352000,step0.layer0.metadata,sieve-fixed-16-cycle-v1 placement policy
0,0,step0.layer0.gpu_weight_load,gpu_weight_load,,step0.layer0.scheduler,52.767352000,47.121984000,99.889336000,step0.layer0.scheduler,ordinary GPU HBM reads from mixed Ramulator cycle-v1 run
0,0,step0.layer0.gpu_expert_compute,gpu_expert,GPU_COMPUTE,step0.layer0.gpu_weight_load;step0.layer0.dispatch,99.889336000,3.130023424,103.019359424,step0.layer0.gpu_weight_load,grouped expert GEMM
0,0,step0.layer0.pim_gwrite,pim_write,,step0.layer0.scheduler;step0.layer0.dispatch,52.767352000,9.951864000,62.719216000,step0.layer0.scheduler,PIM_GWRITE milestone from mixed Ramulator cycle-v1 run
0,0,step0.layer0.pim_expert_compute,pim_expert,,step0.layer0.pim_gwrite,62.719216000,40.823640000,103.542856000,step0.layer0.pim_gwrite,PIM_MAC milestone delta from mixed Ramulator cycle-v1 run
0,0,step0.layer0.pim_read,pim_read,,step0.layer0.pim_expert_compute,103.542856000,0.069264000,103.612120000,step0.layer0.pim_expert_compute,PIM_READ milestone delta from mixed Ramulator cycle-v1 run
0,0,step0.layer0.combine,combine,GPU_COMPUTE,step0.layer0.gpu_expert_compute;step0.layer0.pim_read,103.612120000,1.036864000,104.648984000,step0.layer0.pim_read,weighted expert combine
0,0,step0.layer0.residual2,residual,GPU_COMPUTE,step0.layer0.combine,104.648984000,1.012288000,105.661272000,step0.layer0.combine,residual add
0,1,step0.layer1.norm1,norm,GPU_COMPUTE,step0.layer0.residual2,105.661272000,1.008192000,106.669464000,step0.layer0.residual2,RMSNorm
0,1,step0.layer1.qkv,qkv,GPU_COMPUTE,step0.layer1.norm1,106.669464000,3.635776000,110.305240000,step0.layer1.norm1,QKV projection
0,1,step0.layer1.rope,rope,GPU_COMPUTE,step0.layer1.qkv,110.305240000,1.018432000,111.323672000,step0.layer1.qkv,QK norm and RoPE
0,1,step0.layer1.attention,attention,PIM_COMPUTE,step0.layer1.rope,111.323672000,18.905016000,130.228688000,step0.layer1.rope,decode attention from Ramulator cycle-v0 table
0,1,step0.layer1.o_proj,attention_output,GPU_COMPUTE,step0.layer1.attention,130.228688000,3.109440000,133.338128000,step0.layer1.attention,attention output projection
0,1,step0.layer1.residual1,residual,GPU_COMPUTE,step0.layer1.o_proj,133.338128000,1.012288000,134.350416000,step0.layer1.o_proj,residual add
0,1,step0.layer1.norm2,norm,GPU_COMPUTE,step0.layer1.residual1,134.350416000,1.008192000,135.358608000,step0.layer1.residual1,RMSNorm
0,1,step0.layer1.router,router,GPU_COMPUTE,step0.layer1.norm2,135.358608000,2.069888000,137.428496000,step0.layer1.norm2,MoE router
0,1,step0.layer1.metadata,metadata,GPU_COMPUTE,step0.layer1.router,137.428496000,1.000128000,138.428624000,step0.layer1.router,routing metadata
0,1,step0.layer1.dispatch,dispatch,,step0.layer1.metadata,138.428624000,0.000000000,138.428624000,step0.layer1.metadata,single-GPU dispatch placeholder
0,1,step0.layer1.scheduler,scheduler,GPU_COMPUTE,step0.layer1.metadata,138.428624000,20.000000000,158.428624000,step0.layer1.metadata,sieve-fixed-16-cycle-v1 placement policy
0,1,step0.layer1.gpu_weight_load,gpu_weight_load,,step0.layer1.scheduler,158.428624000,47.121984000,205.550608000,step0.layer1.scheduler,ordinary GPU HBM reads from mixed Ramulator cycle-v1 run
0,1,step0.layer1.gpu_expert_compute,gpu_expert,GPU_COMPUTE,step0.layer1.gpu_weight_load;step0.layer1.dispatch,205.550608000,3.130023424,208.680631424,step0.layer1.gpu_weight_load,grouped expert GEMM
0,1,step0.layer1.pim_gwrite,pim_write,,step0.layer1.scheduler;step0.layer1.dispatch,158.428624000,9.951864000,168.380488000,step0.layer1.scheduler,PIM_GWRITE milestone from mixed Ramulator cycle-v1 run
0,1,step0.layer1.pim_expert_compute,pim_expert,,step0.layer1.pim_gwrite,168.380488000,40.823640000,209.204128000,step0.layer1.pim_gwrite,PIM_MAC milestone delta from mixed Ramulator cycle-v1 run
0,1,step0.layer1.pim_read,pim_read,,step0.layer1.pim_expert_compute,209.204128000,0.069264000,209.273392000,step0.layer1.pim_expert_compute,PIM_READ milestone delta from mixed Ramulator cycle-v1 run
0,1,step0.layer1.combine,combine,GPU_COMPUTE,step0.layer1.gpu_expert_compute;step0.layer1.pim_read,209.273392000,1.036864000,210.310256000,step0.layer1.pim_read,weighted expert combine
0,1,step0.layer1.residual2,residual,GPU_COMPUTE,step0.layer1.combine,210.310256000,1.012288000,211.322544000,step0.layer1.combine,residual add
0,2,step0.layer2.norm1,norm,GPU_COMPUTE,step0.layer1.residual2,211.322544000,1.008192000,212.330736000,step0.layer1.residual2,RMSNorm
0,2,step0.layer2.qkv,qkv,GPU_COMPUTE,step0.layer2.norm1,212.330736000,3.635776000,215.966512000,step0.layer2.norm1,QKV projection
0,2,step0.layer2.rope,rope,GPU_COMPUTE,step0.layer2.qkv,215.966512000,1.018432000,216.984944000,step0.layer2.qkv,QK norm and RoPE
0,2,step0.layer2.attention,attention,PIM_COMPUTE,step0.layer2.rope,216.984944000,18.905016000,235.889960000,step0.layer2.rope,decode attention from Ramulator cycle-v0 table
0,2,step0.layer2.o_proj,attention_output,GPU_COMPUTE,step0.layer2.attention,235.889960000,3.109440000,238.999400000,step0.layer2.attention,attention output projection
0,2,step0.layer2.residual1,residual,GPU_COMPUTE,step0.layer2.o_proj,238.999400000,1.012288000,240.011688000,step0.layer2.o_proj,residual add
0,2,step0.layer2.norm2,norm,GPU_COMPUTE,step0.layer2.residual1,240.011688000,1.008192000,241.019880000,step0.layer2.residual1,RMSNorm
0,2,step0.layer2.router,router,GPU_COMPUTE,step0.layer2.norm2,241.019880000,2.069888000,243.089768000,step0.layer2.norm2,MoE router
0,2,step0.layer2.metadata,metadata,GPU_COMPUTE,step0.layer2.router,243.089768000,1.000128000,244.089896000,step0.layer2.router,routing metadata
0,2,step0.layer2.dispatch,dispatch,,step0.layer2.metadata,244.089896000,0.000000000,244.089896000,step0.layer2.metadata,single-GPU dispatch placeholder
0,2,step0.layer2.scheduler,scheduler,GPU_COMPUTE,step0.layer2.metadata,244.089896000,20.000000000,264.089896000,step0.layer2.metadata,sieve-fixed-16-cycle-v1 placement policy
0,2,step0.layer2.gpu_weight_load,gpu_weight_load,,step0.layer2.scheduler,264.089896000,47.121984000,311.211880000,step0.layer2.scheduler,ordinary GPU HBM reads from mixed Ramulator cycle-v1 run
0,2,step0.layer2.gpu_expert_compute,gpu_expert,GPU_COMPUTE,step0.layer2.gpu_weight_load;step0.layer2.dispatch,311.211880000,3.130023424,314.341903424,step0.layer2.gpu_weight_load,grouped expert GEMM
0,2,step0.layer2.pim_gwrite,pim_write,,step0.layer2.scheduler;step0.layer2.dispatch,264.089896000,9.951864000,274.041760000,step0.layer2.scheduler,PIM_GWRITE milestone from mixed Ramulator cycle-v1 run
0,2,step0.layer2.pim_expert_compute,pim_expert,,step0.layer2.pim_gwrite,274.041760000,40.823640000,314.865400000,step0.layer2.pim_gwrite,PIM_MAC milestone delta from mixed Ramulator cycle-v1 run
0,2,step0.layer2.pim_read,pim_read,,step0.layer2.pim_expert_compute,314.865400000,0.069264000,314.934664000,step0.layer2.pim_expert_compute,PIM_READ milestone delta from mixed Ramulator cycle-v1 run
0,2,step0.layer2.combine,combine,GPU_COMPUTE,step0.layer2.gpu_expert_compute;step0.layer2.pim_read,314.934664000,1.036864000,315.971528000,step0.layer2.pim_read,weighted expert combine
0,2,step0.layer2.residual2,residual,GPU_COMPUTE,step0.layer2.combine,315.971528000,1.012288000,316.983816000,step0.layer2.combine,residual add
0,3,step0.layer3.norm1,norm,GPU_COMPUTE,step0.layer2.residual2,316.983816000,1.008192000,317.992008000,step0.layer2.residual2,RMSNorm
0,3,step0.layer3.qkv,qkv,GPU_COMPUTE,step0.layer3.norm1,317.992008000,3.635776000,321.627784000,step0.layer3.norm1,QKV projection
0,3,step0.layer3.rope,rope,GPU_COMPUTE,step0.layer3.qkv,321.627784000,1.018432000,322.646216000,step0.layer3.qkv,QK norm and RoPE
0,3,step0.layer3.attention,attention,PIM_COMPUTE,step0.layer3.rope,322.646216000,18.905016000,341.551232000,step0.layer3.rope,decode attention from Ramulator cycle-v0 table
0,3,step0.layer3.o_proj,attention_output,GPU_COMPUTE,step0.layer3.attention,341.551232000,3.109440000,344.660672000,step0.layer3.attention,attention output projection
0,3,step0.layer3.residual1,residual,GPU_COMPUTE,step0.layer3.o_proj,344.660672000,1.012288000,345.672960000,step0.layer3.o_proj,residual add
0,3,step0.layer3.norm2,norm,GPU_COMPUTE,step0.layer3.residual1,345.672960000,1.008192000,346.681152000,step0.layer3.residual1,RMSNorm
0,3,step0.layer3.router,router,GPU_COMPUTE,step0.layer3.norm2,346.681152000,2.069888000,348.751040000,step0.layer3.norm2,MoE router
0,3,step0.layer3.metadata,metadata,GPU_COMPUTE,step0.layer3.router,348.751040000,1.000128000,349.751168000,step0.layer3.router,routing metadata
0,3,step0.layer3.dispatch,dispatch,,step0.layer3.metadata,349.751168000,0.000000000,349.751168000,step0.layer3.metadata,single-GPU dispatch placeholder
0,3,step0.layer3.scheduler,scheduler,GPU_COMPUTE,step0.layer3.metadata,349.751168000,20.000000000,369.751168000,step0.layer3.metadata,sieve-fixed-16-cycle-v1 placement policy
0,3,step0.layer3.gpu_weight_load,gpu_weight_load,,step0.layer3.scheduler,369.751168000,47.121984000,416.873152000,step0.layer3.scheduler,ordinary GPU HBM reads from mixed Ramulator cycle-v1 run
0,3,step0.layer3.gpu_expert_compute,gpu_expert,GPU_COMPUTE,step0.layer3.gpu_weight_load;step0.layer3.dispatch,416.873152000,3.130023424,420.003175424,step0.layer3.gpu_weight_load,grouped expert GEMM
0,3,step0.layer3.pim_gwrite,pim_write,,step0.layer3.scheduler;step0.layer3.dispatch,369.751168000,9.951864000,379.703032000,step0.layer3.scheduler,PIM_GWRITE milestone from mixed Ramulator cycle-v1 run
0,3,step0.layer3.pim_expert_compute,pim_expert,,step0.layer3.pim_gwrite,379.703032000,40.823640000,420.526672000,step0.layer3.pim_gwrite,PIM_MAC milestone delta from mixed Ramulator cycle-v1 run
0,3,step0.layer3.pim_read,pim_read,,step0.layer3.pim_expert_compute,420.526672000,0.069264000,420.595936000,step0.layer3.pim_expert_compute,PIM_READ milestone delta from mixed Ramulator cycle-v1 run
0,3,step0.layer3.combine,combine,GPU_COMPUTE,step0.layer3.gpu_expert_compute;step0.layer3.pim_read,420.595936000,1.036864000,421.632800000,step0.layer3.pim_read,weighted expert combine
0,3,step0.layer3.residual2,residual,GPU_COMPUTE,step0.layer3.combine,421.632800000,1.012288000,422.645088000,step0.layer3.combine,residual add
0,4,step0.layer4.norm1,norm,GPU_COMPUTE,step0.layer3.residual2,422.645088000,1.008192000,423.653280000,step0.layer3.residual2,RMSNorm
0,4,step0.layer4.qkv,qkv,GPU_COMPUTE,step0.layer4.norm1,423.653280000,3.635776000,427.289056000,step0.layer4.norm1,QKV projection
0,4,step0.layer4.rope,rope,GPU_COMPUTE,step0.layer4.qkv,427.289056000,1.018432000,428.307488000,step0.layer4.qkv,QK norm and RoPE
0,4,step0.layer4.attention,attention,PIM_COMPUTE,step0.layer4.rope,428.307488000,18.905016000,447.212504000,step0.layer4.rope,decode attention from Ramulator cycle-v0 table
0,4,step0.layer4.o_proj,attention_output,GPU_COMPUTE,step0.layer4.attention,447.212504000,3.109440000,450.321944000,step0.layer4.attention,attention output projection
0,4,step0.layer4.residual1,residual,GPU_COMPUTE,step0.layer4.o_proj,450.321944000,1.012288000,451.334232000,step0.layer4.o_proj,residual add
0,4,step0.layer4.norm2,norm,GPU_COMPUTE,step0.layer4.residual1,451.334232000,1.008192000,452.342424000,step0.layer4.residual1,RMSNorm
0,4,step0.layer4.router,router,GPU_COMPUTE,step0.layer4.norm2,452.342424000,2.069888000,454.412312000,step0.layer4.norm2,MoE router
0,4,step0.layer4.metadata,metadata,GPU_COMPUTE,step0.layer4.router,454.412312000,1.000128000,455.412440000,step0.layer4.router,routing metadata
0,4,step0.layer4.dispatch,dispatch,,step0.layer4.metadata,455.412440000,0.000000000,455.412440000,step0.layer4.metadata,single-GPU dispatch placeholder
0,4,step0.layer4.scheduler,scheduler,GPU_COMPUTE,step0.layer4.metadata,455.412440000,20.000000000,475.412440000,step0.layer4.metadata,sieve-fixed-16-cycle-v1 placement policy
0,4,step0.layer4.gpu_weight_load,gpu_weight_load,,step0.layer4.scheduler,475.412440000,47.121984000,522.534424000,step0.layer4.scheduler,ordinary GPU HBM reads from mixed Ramulator cycle-v1 run
0,4,step0.layer4.gpu_expert_compute,gpu_expert,GPU_COMPUTE,step0.layer4.gpu_weight_load;step0.layer4.dispatch,522.534424000,3.130023424,525.664447424,step0.layer4.gpu_weight_load,grouped expert GEMM
0,4,step0.layer4.pim_gwrite,pim_write,,step0.layer4.scheduler;step0.layer4.dispatch,475.412440000,9.951864000,485.364304000,step0.layer4.scheduler,PIM_GWRITE milestone from mixed Ramulator cycle-v1 run
0,4,step0.layer4.pim_expert_compute,pim_expert,,step0.layer4.pim_gwrite,485.364304000,40.823640000,526.187944000,step0.layer4.pim_gwrite,PIM_MAC milestone delta from mixed Ramulator cycle-v1 run
0,4,step0.layer4.pim_read,pim_read,,step0.layer4.pim_expert_compute,526.187944000,0.069264000,526.257208000,step0.layer4.pim_expert_compute,PIM_READ milestone delta from mixed Ramulator cycle-v1 run
0,4,step0.layer4.combine,combine,GPU_COMPUTE,step0.layer4.gpu_expert_compute;step0.layer4.pim_read,526.257208000,1.036864000,527.294072000,step0.layer4.pim_read,weighted expert combine
0,4,step0.layer4.residual2,residual,GPU_COMPUTE,step0.layer4.combine,527.294072000,1.012288000,528.306360000,step0.layer4.combine,residual add
0,5,step0.layer5.norm1,norm,GPU_COMPUTE,step0.layer4.residual2,528.306360000,1.008192000,529.314552000,step0.layer4.residual2,RMSNorm
0,5,step0.layer5.qkv,qkv,GPU_COMPUTE,step0.layer5.norm1,529.314552000,3.635776000,532.950328000,step0.layer5.norm1,QKV projection
0,5,step0.layer5.rope,rope,GPU_COMPUTE,step0.layer5.qkv,532.950328000,1.018432000,533.968760000,step0.layer5.qkv,QK norm and RoPE
0,5,step0.layer5.attention,attention,PIM_COMPUTE,step0.layer5.rope,533.968760000,18.905016000,552.873776000,step0.layer5.rope,decode attention from Ramulator cycle-v0 table
0,5,step0.layer5.o_proj,attention_output,GPU_COMPUTE,step0.layer5.attention,552.873776000,3.109440000,555.983216000,step0.layer5.attention,attention output projection
0,5,step0.layer5.residual1,residual,GPU_COMPUTE,step0.layer5.o_proj,555.983216000,1.012288000,556.995504000,step0.layer5.o_proj,residual add
0,5,step0.layer5.norm2,norm,GPU_COMPUTE,step0.layer5.residual1,556.995504000,1.008192000,558.003696000,step0.layer5.residual1,RMSNorm
0,5,step0.layer5.router,router,GPU_COMPUTE,step0.layer5.norm2,558.003696000,2.069888000,560.073584000,step0.layer5.norm2,MoE router
0,5,step0.layer5.metadata,metadata,GPU_COMPUTE,step0.layer5.router,560.073584000,1.000128000,561.073712000,step0.layer5.router,routing metadata
0,5,step0.layer5.dispatch,dispatch,,step0.layer5.metadata,561.073712000,0.000000000,561.073712000,step0.layer5.metadata,single-GPU dispatch placeholder
0,5,step0.layer5.scheduler,scheduler,GPU_COMPUTE,step0.layer5.metadata,561.073712000,20.000000000,581.073712000,step0.layer5.metadata,sieve-fixed-16-cycle-v1 placement policy
0,5,step0.layer5.gpu_weight_load,gpu_weight_load,,step0.layer5.scheduler,581.073712000,47.121984000,628.195696000,step0.layer5.scheduler,ordinary GPU HBM reads from mixed Ramulator cycle-v1 run
0,5,step0.layer5.gpu_expert_compute,gpu_expert,GPU_COMPUTE,step0.layer5.gpu_weight_load;step0.layer5.dispatch,628.195696000,3.130023424,631.325719424,step0.layer5.gpu_weight_load,grouped expert GEMM
0,5,step0.layer5.pim_gwrite,pim_write,,step0.layer5.scheduler;step0.layer5.dispatch,581.073712000,9.951864000,591.025576000,step0.layer5.scheduler,PIM_GWRITE milestone from mixed Ramulator cycle-v1 run
0,5,step0.layer5.pim_expert_compute,pim_expert,,step0.layer5.pim_gwrite,591.025576000,40.823640000,631.849216000,step0.layer5.pim_gwrite,PIM_MAC milestone delta from mixed Ramulator cycle-v1 run
0,5,step0.layer5.pim_read,pim_read,,step0.layer5.pim_expert_compute,631.849216000,0.069264000,631.918480000,step0.layer5.pim_expert_compute,PIM_READ milestone delta from mixed Ramulator cycle-v1 run
0,5,step0.layer5.combine,combine,GPU_COMPUTE,step0.layer5.gpu_expert_compute;step0.layer5.pim_read,631.918480000,1.036864000,632.955344000,step0.layer5.pim_read,weighted expert combine
0,5,step0.layer5.residual2,residual,GPU_COMPUTE,step0.layer5.combine,632.955344000,1.012288000,633.967632000,step0.layer5.combine,residual add
0,6,step0.layer6.norm1,norm,GPU_COMPUTE,step0.layer5.residual2,633.967632000,1.008192000,634.975824000,step0.layer5.residual2,RMSNorm
0,6,step0.layer6.qkv,qkv,GPU_COMPUTE,step0.layer6.norm1,634.975824000,3.635776000,638.611600000,step0.layer6.norm1,QKV projection
0,6,step0.layer6.rope,rope,GPU_COMPUTE,step0.layer6.qkv,638.611600000,1.018432000,639.630032000,step0.layer6.qkv,QK norm and RoPE
0,6,step0.layer6.attention,attention,PIM_COMPUTE,step0.layer6.rope,639.630032000,18.905016000,658.535048000,step0.layer6.rope,decode attention from Ramulator cycle-v0 table
0,6,step0.layer6.o_proj,attention_output,GPU_COMPUTE,step0.layer6.attention,658.535048000,3.109440000,661.644488000,step0.layer6.attention,attention output projection
0,6,step0.layer6.residual1,residual,GPU_COMPUTE,step0.layer6.o_proj,661.644488000,1.012288000,662.656776000,step0.layer6.o_proj,residual add
0,6,step0.layer6.norm2,norm,GPU_COMPUTE,step0.layer6.residual1,662.656776000,1.008192000,663.664968000,step0.layer6.residual1,RMSNorm
0,6,step0.layer6.router,router,GPU_COMPUTE,step0.layer6.norm2,663.664968000,2.069888000,665.734856000,step0.layer6.norm2,MoE router
0,6,step0.layer6.metadata,metadata,GPU_COMPUTE,step0.layer6.router,665.734856000,1.000128000,666.734984000,step0.layer6.router,routing metadata
0,6,step0.layer6.dispatch,dispatch,,step0.layer6.metadata,666.734984000,0.000000000,666.734984000,step0.layer6.metadata,single-GPU dispatch placeholder
0,6,step0.layer6.scheduler,scheduler,GPU_COMPUTE,step0.layer6.metadata,666.734984000,20.000000000,686.734984000,step0.layer6.metadata,sieve-fixed-16-cycle-v1 placement policy
0,6,step0.layer6.gpu_weight_load,gpu_weight_load,,step0.layer6.scheduler,686.734984000,47.121984000,733.856968000,step0.layer6.scheduler,ordinary GPU HBM reads from mixed Ramulator cycle-v1 run
0,6,step0.layer6.gpu_expert_compute,gpu_expert,GPU_COMPUTE,step0.layer6.gpu_weight_load;step0.layer6.dispatch,733.856968000,3.130023424,736.986991424,step0.layer6.gpu_weight_load,grouped expert GEMM
0,6,step0.layer6.pim_gwrite,pim_write,,step0.layer6.scheduler;step0.layer6.dispatch,686.734984000,9.951864000,696.686848000,step0.layer6.scheduler,PIM_GWRITE milestone from mixed Ramulator cycle-v1 run
0,6,step0.layer6.pim_expert_compute,pim_expert,,step0.layer6.pim_gwrite,696.686848000,40.823640000,737.510488000,step0.layer6.pim_gwrite,PIM_MAC milestone delta from mixed Ramulator cycle-v1 run
0,6,step0.layer6.pim_read,pim_read,,step0.layer6.pim_expert_compute,737.510488000,0.069264000,737.579752000,step0.layer6.pim_expert_compute,PIM_READ milestone delta from mixed Ramulator cycle-v1 run
0,6,step0.layer6.combine,combine,GPU_COMPUTE,step0.layer6.gpu_expert_compute;step0.layer6.pim_read,737.579752000,1.036864000,738.616616000,step0.layer6.pim_read,weighted expert combine
0,6,step0.layer6.residual2,residual,GPU_COMPUTE,step0.layer6.combine,738.616616000,1.012288000,739.628904000,step0.layer6.combine,residual add
0,7,step0.layer7.norm1,norm,GPU_COMPUTE,step0.layer6.residual2,739.628904000,1.008192000,740.637096000,step0.layer6.residual2,RMSNorm
0,7,step0.layer7.qkv,qkv,GPU_COMPUTE,step0.layer7.norm1,740.637096000,3.635776000,744.272872000,step0.layer7.norm1,QKV projection
0,7,step0.layer7.rope,rope,GPU_COMPUTE,step0.layer7.qkv,744.272872000,1.018432000,745.291304000,step0.layer7.qkv,QK norm and RoPE
0,7,step0.layer7.attention,attention,PIM_COMPUTE,step0.layer7.rope,745.291304000,18.905016000,764.196320000,step0.layer7.rope,decode attention from Ramulator cycle-v0 table
0,7,step0.layer7.o_proj,attention_output,GPU_COMPUTE,step0.layer7.attention,764.196320000,3.109440000,767.305760000,step0.layer7.attention,attention output projection
0,7,step0.layer7.residual1,residual,GPU_COMPUTE,step0.layer7.o_proj,767.305760000,1.012288000,768.318048000,step0.layer7.o_proj,residual add
0,7,step0.layer7.norm2,norm,GPU_COMPUTE,step0.layer7.residual1,768.318048000,1.008192000,769.326240000,step0.layer7.residual1,RMSNorm
0,7,step0.layer7.router,router,GPU_COMPUTE,step0.layer7.norm2,769.326240000,2.069888000,771.396128000,step0.layer7.norm2,MoE router
0,7,step0.layer7.metadata,metadata,GPU_COMPUTE,step0.layer7.router,771.396128000,1.000128000,772.396256000,step0.layer7.router,routing metadata
0,7,step0.layer7.dispatch,dispatch,,step0.layer7.metadata,772.396256000,0.000000000,772.396256000,step0.layer7.metadata,single-GPU dispatch placeholder
0,7,step0.layer7.scheduler,scheduler,GPU_COMPUTE,step0.layer7.metadata,772.396256000,20.000000000,792.396256000,step0.layer7.metadata,sieve-fixed-16-cycle-v1 placement policy
0,7,step0.layer7.gpu_weight_load,gpu_weight_load,,step0.layer7.scheduler,792.396256000,47.121984000,839.518240000,step0.layer7.scheduler,ordinary GPU HBM reads from mixed Ramulator cycle-v1 run
0,7,step0.layer7.gpu_expert_compute,gpu_expert,GPU_COMPUTE,step0.layer7.gpu_weight_load;step0.layer7.dispatch,839.518240000,3.130023424,842.648263424,step0.layer7.gpu_weight_load,grouped expert GEMM
0,7,step0.layer7.pim_gwrite,pim_write,,step0.layer7.scheduler;step0.layer7.dispatch,792.396256000,9.951864000,802.348120000,step0.layer7.scheduler,PIM_GWRITE milestone from mixed Ramulator cycle-v1 run
0,7,step0.layer7.pim_expert_compute,pim_expert,,step0.layer7.pim_gwrite,802.348120000,40.823640000,843.171760000,step0.layer7.pim_gwrite,PIM_MAC milestone delta from mixed Ramulator cycle-v1 run
0,7,step0.layer7.pim_read,pim_read,,step0.layer7.pim_expert_compute,843.171760000,0.069264000,843.241024000,step0.layer7.pim_expert_compute,PIM_READ milestone delta from mixed Ramulator cycle-v1 run
0,7,step0.layer7.combine,combine,GPU_COMPUTE,step0.layer7.gpu_expert_compute;step0.layer7.pim_read,843.241024000,1.036864000,844.277888000,step0.layer7.pim_read,weighted expert combine
0,7,step0.layer7.residual2,residual,GPU_COMPUTE,step0.layer7.combine,844.277888000,1.012288000,845.290176000,step0.layer7.combine,residual add
0,8,step0.layer8.norm1,norm,GPU_COMPUTE,step0.layer7.residual2,845.290176000,1.008192000,846.298368000,step0.layer7.residual2,RMSNorm
0,8,step0.layer8.qkv,qkv,GPU_COMPUTE,step0.layer8.norm1,846.298368000,3.635776000,849.934144000,step0.layer8.norm1,QKV projection
0,8,step0.layer8.rope,rope,GPU_COMPUTE,step0.layer8.qkv,849.934144000,1.018432000,850.952576000,step0.layer8.qkv,QK norm and RoPE
0,8,step0.layer8.attention,attention,PIM_COMPUTE,step0.layer8.rope,850.952576000,18.905016000,869.857592000,step0.layer8.rope,decode attention from Ramulator cycle-v0 table
0,8,step0.layer8.o_proj,attention_output,GPU_COMPUTE,step0.layer8.attention,869.857592000,3.109440000,872.967032000,step0.layer8.attention,attention output projection
0,8,step0.layer8.residual1,residual,GPU_COMPUTE,step0.layer8.o_proj,872.967032000,1.012288000,873.979320000,step0.layer8.o_proj,residual add
0,8,step0.layer8.norm2,norm,GPU_COMPUTE,step0.layer8.residual1,873.979320000,1.008192000,874.987512000,step0.layer8.residual1,RMSNorm
0,8,step0.layer8.router,router,GPU_COMPUTE,step0.layer8.norm2,874.987512000,2.069888000,877.057400000,step0.layer8.norm2,MoE router
0,8,step0.layer8.metadata,metadata,GPU_COMPUTE,step0.layer8.router,877.057400000,1.000128000,878.057528000,step0.layer8.router,routing metadata
0,8,step0.layer8.dispatch,dispatch,,step0.layer8.metadata,878.057528000,0.000000000,878.057528000,step0.layer8.metadata,single-GPU dispatch placeholder
0,8,step0.layer8.scheduler,scheduler,GPU_COMPUTE,step0.layer8.metadata,878.057528000,20.000000000,898.057528000,step0.layer8.metadata,sieve-fixed-16-cycle-v1 placement policy
0,8,step0.layer8.gpu_weight_load,gpu_weight_load,,step0.layer8.scheduler,898.057528000,47.121984000,945.179512000,step0.layer8.scheduler,ordinary GPU HBM reads from mixed Ramulator cycle-v1 run
0,8,step0.layer8.gpu_expert_compute,gpu_expert,GPU_COMPUTE,step0.layer8.gpu_weight_load;step0.layer8.dispatch,945.179512000,3.130023424,948.309535424,step0.layer8.gpu_weight_load,grouped expert GEMM
0,8,step0.layer8.pim_gwrite,pim_write,,step0.layer8.scheduler;step0.layer8.dispatch,898.057528000,9.951864000,908.009392000,step0.layer8.scheduler,PIM_GWRITE milestone from mixed Ramulator cycle-v1 run
0,8,step0.layer8.pim_expert_compute,pim_expert,,step0.layer8.pim_gwrite,908.009392000,40.823640000,948.833032000,step0.layer8.pim_gwrite,PIM_MAC milestone delta from mixed Ramulator cycle-v1 run
0,8,step0.layer8.pim_read,pim_read,,step0.layer8.pim_expert_compute,948.833032000,0.069264000,948.902296000,step0.layer8.pim_expert_compute,PIM_READ milestone delta from mixed Ramulator cycle-v1 run
0,8,step0.layer8.combine,combine,GPU_COMPUTE,step0.layer8.gpu_expert_compute;step0.layer8.pim_read,948.902296000,1.036864000,949.939160000,step0.layer8.pim_read,weighted expert combine
0,8,step0.layer8.residual2,residual,GPU_COMPUTE,step0.layer8.combine,949.939160000,1.012288000,950.951448000,step0.layer8.combine,residual add
0,9,step0.layer9.norm1,norm,GPU_COMPUTE,step0.layer8.residual2,950.951448000,1.008192000,951.959640000,step0.layer8.residual2,RMSNorm
0,9,step0.layer9.qkv,qkv,GPU_COMPUTE,step0.layer9.norm1,951.959640000,3.635776000,955.595416000,step0.layer9.norm1,QKV projection
0,9,step0.layer9.rope,rope,GPU_COMPUTE,step0.layer9.qkv,955.595416000,1.018432000,956.613848000,step0.layer9.qkv,QK norm and RoPE
0,9,step0.layer9.attention,attention,PIM_COMPUTE,step0.layer9.rope,956.613848000,18.905016000,975.518864000,step0.layer9.rope,decode attention from Ramulator cycle-v0 table
0,9,step0.layer9.o_proj,attention_output,GPU_COMPUTE,step0.layer9.attention,975.518864000,3.109440000,978.628304000,step0.layer9.attention,attention output projection
0,9,step0.layer9.residual1,residual,GPU_COMPUTE,step0.layer9.o_proj,978.628304000,1.012288000,979.640592000,step0.layer9.o_proj,residual add
0,9,step0.layer9.norm2,norm,GPU_COMPUTE,step0.layer9.residual1,979.640592000,1.008192000,980.648784000,step0.layer9.residual1,RMSNorm
0,9,step0.layer9.router,router,GPU_COMPUTE,step0.layer9.norm2,980.648784000,2.069888000,982.718672000,step0.layer9.norm2,MoE router
0,9,step0.layer9.metadata,metadata,GPU_COMPUTE,step0.layer9.router,982.718672000,1.000128000,983.718800000,step0.layer9.router,routing metadata
0,9,step0.layer9.dispatch,dispatch,,step0.layer9.metadata,983.718800000,0.000000000,983.718800000,step0.layer9.metadata,single-GPU dispatch placeholder
0,9,step0.layer9.scheduler,scheduler,GPU_COMPUTE,step0.layer9.metadata,983.718800000,20.000000000,1003.718800000,step0.layer9.metadata,sieve-fixed-16-cycle-v1 placement policy
0,9,step0.layer9.gpu_weight_load,gpu_weight_load,,step0.layer9.scheduler,1003.718800000,47.121984000,1050.840784000,step0.layer9.scheduler,ordinary GPU HBM reads from mixed Ramulator cycle-v1 run
0,9,step0.layer9.gpu_expert_compute,gpu_expert,GPU_COMPUTE,step0.layer9.gpu_weight_load;step0.layer9.dispatch,1050.840784000,3.130023424,1053.970807424,step0.layer9.gpu_weight_load,grouped expert GEMM
0,9,step0.layer9.pim_gwrite,pim_write,,step0.layer9.scheduler;step0.layer9.dispatch,1003.718800000,9.951864000,1013.670664000,step0.layer9.scheduler,PIM_GWRITE milestone from mixed Ramulator cycle-v1 run
0,9,step0.layer9.pim_expert_compute,pim_expert,,step0.layer9.pim_gwrite,1013.670664000,40.823640000,1054.494304000,step0.layer9.pim_gwrite,PIM_MAC milestone delta from mixed Ramulator cycle-v1 run
0,9,step0.layer9.pim_read,pim_read,,step0.layer9.pim_expert_compute,1054.494304000,0.069264000,1054.563568000,step0.layer9.pim_expert_compute,PIM_READ milestone delta from mixed Ramulator cycle-v1 run
0,9,step0.layer9.combine,combine,GPU_COMPUTE,step0.layer9.gpu_expert_compute;step0.layer9.pim_read,1054.563568000,1.036864000,1055.600432000,step0.layer9.pim_read,weighted expert combine
0,9,step0.layer9.residual2,residual,GPU_COMPUTE,step0.layer9.combine,1055.600432000,1.012288000,1056.612720000,step0.layer9.combine,residual add
0,10,step0.layer10.norm1,norm,GPU_COMPUTE,step0.layer9.residual2,1056.612720000,1.008192000,1057.620912000,step0.layer9.residual2,RMSNorm
0,10,step0.layer10.qkv,qkv,GPU_COMPUTE,step0.layer10.norm1,1057.620912000,3.635776000,1061.256688000,step0.layer10.norm1,QKV projection
0,10,step0.layer10.rope,rope,GPU_COMPUTE,step0.layer10.qkv,1061.256688000,1.018432000,1062.275120000,step0.layer10.qkv,QK norm and RoPE
0,10,step0.layer10.attention,attention,PIM_COMPUTE,step0.layer10.rope,1062.275120000,18.905016000,1081.180136000,step0.layer10.rope,decode attention from Ramulator cycle-v0 table
0,10,step0.layer10.o_proj,attention_output,GPU_COMPUTE,step0.layer10.attention,1081.180136000,3.109440000,1084.289576000,step0.layer10.attention,attention output projection
0,10,step0.layer10.residual1,residual,GPU_COMPUTE,step0.layer10.o_proj,1084.289576000,1.012288000,1085.301864000,step0.layer10.o_proj,residual add
0,10,step0.layer10.norm2,norm,GPU_COMPUTE,step0.layer10.residual1,1085.301864000,1.008192000,1086.310056000,step0.layer10.residual1,RMSNorm
0,10,step0.layer10.router,router,GPU_COMPUTE,step0.layer10.norm2,1086.310056000,2.069888000,1088.379944000,step0.layer10.norm2,MoE router
0,10,step0.layer10.metadata,metadata,GPU_COMPUTE,step0.layer10.router,1088.379944000,1.000128000,1089.380072000,step0.layer10.router,routing metadata
0,10,step0.layer10.dispatch,dispatch,,step0.layer10.metadata,1089.380072000,0.000000000,1089.380072000,step0.layer10.metadata,single-GPU dispatch placeholder
0,10,step0.layer10.scheduler,scheduler,GPU_COMPUTE,step0.layer10.metadata,1089.380072000,20.000000000,1109.380072000,step0.layer10.metadata,sieve-fixed-16-cycle-v1 placement policy
0,10,step0.layer10.gpu_weight_load,gpu_weight_load,,step0.layer10.scheduler,1109.380072000,47.121984000,1156.502056000,step0.layer10.scheduler,ordinary GPU HBM reads from mixed Ramulator cycle-v1 run
0,10,step0.layer10.gpu_expert_compute,gpu_expert,GPU_COMPUTE,step0.layer10.gpu_weight_load;step0.layer10.dispatch,1156.502056000,3.130023424,1159.632079424,step0.layer10.gpu_weight_load,grouped expert GEMM
0,10,step0.layer10.pim_gwrite,pim_write,,step0.layer10.scheduler;step0.layer10.dispatch,1109.380072000,9.951864000,1119.331936000,step0.layer10.scheduler,PIM_GWRITE milestone from mixed Ramulator cycle-v1 run
0,10,step0.layer10.pim_expert_compute,pim_expert,,step0.layer10.pim_gwrite,1119.331936000,40.823640000,1160.155576000,step0.layer10.pim_gwrite,PIM_MAC milestone delta from mixed Ramulator cycle-v1 run
0,10,step0.layer10.pim_read,pim_read,,step0.layer10.pim_expert_compute,1160.155576000,0.069264000,1160.224840000,step0.layer10.pim_expert_compute,PIM_READ milestone delta from mixed Ramulator cycle-v1 run
0,10,step0.layer10.combine,combine,GPU_COMPUTE,step0.layer10.gpu_expert_compute;step0.layer10.pim_read,1160.224840000,1.036864000,1161.261704000,step0.layer10.pim_read,weighted expert combine
0,10,step0.layer10.residual2,residual,GPU_COMPUTE,step0.layer10.combine,1161.261704000,1.012288000,1162.273992000,step0.layer10.combine,residual add
0,11,step0.layer11.norm1,norm,GPU_COMPUTE,step0.layer10.residual2,1162.273992000,1.008192000,1163.282184000,step0.layer10.residual2,RMSNorm
0,11,step0.layer11.qkv,qkv,GPU_COMPUTE,step0.layer11.norm1,1163.282184000,3.635776000,1166.917960000,step0.layer11.norm1,QKV projection
0,11,step0.layer11.rope,rope,GPU_COMPUTE,step0.layer11.qkv,1166.917960000,1.018432000,1167.936392000,step0.layer11.qkv,QK norm and RoPE
0,11,step0.layer11.attention,attention,PIM_COMPUTE,step0.layer11.rope,1167.936392000,18.905016000,1186.841408000,step0.layer11.rope,decode attention from Ramulator cycle-v0 table
0,11,step0.layer11.o_proj,attention_output,GPU_COMPUTE,step0.layer11.attention,1186.841408000,3.109440000,1189.950848000,step0.layer11.attention,attention output projection
0,11,step0.layer11.residual1,residual,GPU_COMPUTE,step0.layer11.o_proj,1189.950848000,1.012288000,1190.963136000,step0.layer11.o_proj,residual add
0,11,step0.layer11.norm2,norm,GPU_COMPUTE,step0.layer11.residual1,1190.963136000,1.008192000,1191.971328000,step0.layer11.residual1,RMSNorm
0,11,step0.layer11.router,router,GPU_COMPUTE,step0.layer11.norm2,1191.971328000,2.069888000,1194.041216000,step0.layer11.norm2,MoE router
0,11,step0.layer11.metadata,metadata,GPU_COMPUTE,step0.layer11.router,1194.041216000,1.000128000,1195.041344000,step0.layer11.router,routing metadata
0,11,step0.layer11.dispatch,dispatch,,step0.layer11.metadata,1195.041344000,0.000000000,1195.041344000,step0.layer11.metadata,single-GPU dispatch placeholder
0,11,step0.layer11.scheduler,scheduler,GPU_COMPUTE,step0.layer11.metadata,1195.041344000,20.000000000,1215.041344000,step0.layer11.metadata,sieve-fixed-16-cycle-v1 placement policy
0,11,step0.layer11.gpu_weight_load,gpu_weight_load,,step0.layer11.scheduler,1215.041344000,47.121984000,1262.163328000,step0.layer11.scheduler,ordinary GPU HBM reads from mixed Ramulator cycle-v1 run
0,11,step0.layer11.gpu_expert_compute,gpu_expert,GPU_COMPUTE,step0.layer11.gpu_weight_load;step0.layer11.dispatch,1262.163328000,3.130023424,1265.293351424,step0.layer11.gpu_weight_load,grouped expert GEMM
0,11,step0.layer11.pim_gwrite,pim_write,,step0.layer11.scheduler;step0.layer11.dispatch,1215.041344000,9.951864000,1224.993208000,step0.layer11.scheduler,PIM_GWRITE milestone from mixed Ramulator cycle-v1 run
0,11,step0.layer11.pim_expert_compute,pim_expert,,step0.layer11.pim_gwrite,1224.993208000,40.823640000,1265.816848000,step0.layer11.pim_gwrite,PIM_MAC milestone delta from mixed Ramulator cycle-v1 run
0,11,step0.layer11.pim_read,pim_read,,step0.layer11.pim_expert_compute,1265.816848000,0.069264000,1265.886112000,step0.layer11.pim_expert_compute,PIM_READ milestone delta from mixed Ramulator cycle-v1 run
0,11,step0.layer11.combine,combine,GPU_COMPUTE,step0.layer11.gpu_expert_compute;step0.layer11.pim_read,1265.886112000,1.036864000,1266.922976000,step0.layer11.pim_read,weighted expert combine
0,11,step0.layer11.residual2,residual,GPU_COMPUTE,step0.layer11.combine,1266.922976000,1.012288000,1267.935264000,step0.layer11.combine,residual add
0,12,step0.layer12.norm1,norm,GPU_COMPUTE,step0.layer11.residual2,1267.935264000,1.008192000,1268.943456000,step0.layer11.residual2,RMSNorm
0,12,step0.layer12.qkv,qkv,GPU_COMPUTE,step0.layer12.norm1,1268.943456000,3.635776000,1272.579232000,step0.layer12.norm1,QKV projection
0,12,step0.layer12.rope,rope,GPU_COMPUTE,step0.layer12.qkv,1272.579232000,1.018432000,1273.597664000,step0.layer12.qkv,QK norm and RoPE
0,12,step0.layer12.attention,attention,PIM_COMPUTE,step0.layer12.rope,1273.597664000,18.905016000,1292.502680000,step0.layer12.rope,decode attention from Ramulator cycle-v0 table
0,12,step0.layer12.o_proj,attention_output,GPU_COMPUTE,step0.layer12.attention,1292.502680000,3.109440000,1295.612120000,step0.layer12.attention,attention output projection
0,12,step0.layer12.residual1,residual,GPU_COMPUTE,step0.layer12.o_proj,1295.612120000,1.012288000,1296.624408000,step0.layer12.o_proj,residual add
0,12,step0.layer12.norm2,norm,GPU_COMPUTE,step0.layer12.residual1,1296.624408000,1.008192000,1297.632600000,step0.layer12.residual1,RMSNorm
0,12,step0.layer12.router,router,GPU_COMPUTE,step0.layer12.norm2,1297.632600000,2.069888000,1299.702488000,step0.layer12.norm2,MoE router
0,12,step0.layer12.metadata,metadata,GPU_COMPUTE,step0.layer12.router,1299.702488000,1.000128000,1300.702616000,step0.layer12.router,routing metadata
0,12,step0.layer12.dispatch,dispatch,,step0.layer12.metadata,1300.702616000,0.000000000,1300.702616000,step0.layer12.metadata,single-GPU dispatch placeholder
0,12,step0.layer12.scheduler,scheduler,GPU_COMPUTE,step0.layer12.metadata,1300.702616000,20.000000000,1320.702616000,step0.layer12.metadata,sieve-fixed-16-cycle-v1 placement policy
0,12,step0.layer12.gpu_weight_load,gpu_weight_load,,step0.layer12.scheduler,1320.702616000,47.121984000,1367.824600000,step0.layer12.scheduler,ordinary GPU HBM reads from mixed Ramulator cycle-v1 run
0,12,step0.layer12.gpu_expert_compute,gpu_expert,GPU_COMPUTE,step0.layer12.gpu_weight_load;step0.layer12.dispatch,1367.824600000,3.130023424,1370.954623424,step0.layer12.gpu_weight_load,grouped expert GEMM
0,12,step0.layer12.pim_gwrite,pim_write,,step0.layer12.scheduler;step0.layer12.dispatch,1320.702616000,9.951864000,1330.654480000,step0.layer12.scheduler,PIM_GWRITE milestone from mixed Ramulator cycle-v1 run
0,12,step0.layer12.pim_expert_compute,pim_expert,,step0.layer12.pim_gwrite,1330.654480000,40.823640000,1371.478120000,step0.layer12.pim_gwrite,PIM_MAC milestone delta from mixed Ramulator cycle-v1 run
0,12,step0.layer12.pim_read,pim_read,,step0.layer12.pim_expert_compute,1371.478120000,0.069264000,1371.547384000,step0.layer12.pim_expert_compute,PIM_READ milestone delta from mixed Ramulator cycle-v1 run
0,12,step0.layer12.combine,combine,GPU_COMPUTE,step0.layer12.gpu_expert_compute;step0.layer12.pim_read,1371.547384000,1.036864000,1372.584248000,step0.layer12.pim_read,weighted expert combine
0,12,step0.layer12.residual2,residual,GPU_COMPUTE,step0.layer12.combine,1372.584248000,1.012288000,1373.596536000,step0.layer12.combine,residual add
0,13,step0.layer13.norm1,norm,GPU_COMPUTE,step0.layer12.residual2,1373.596536000,1.008192000,1374.604728000,step0.layer12.residual2,RMSNorm
0,13,step0.layer13.qkv,qkv,GPU_COMPUTE,step0.layer13.norm1,1374.604728000,3.635776000,1378.240504000,step0.layer13.norm1,QKV projection
0,13,step0.layer13.rope,rope,GPU_COMPUTE,step0.layer13.qkv,1378.240504000,1.018432000,1379.258936000,step0.layer13.qkv,QK norm and RoPE
0,13,step0.layer13.attention,attention,PIM_COMPUTE,step0.layer13.rope,1379.258936000,18.905016000,1398.163952000,step0.layer13.rope,decode attention from Ramulator cycle-v0 table
0,13,step0.layer13.o_proj,attention_output,GPU_COMPUTE,step0.layer13.attention,1398.163952000,3.109440000,1401.273392000,step0.layer13.attention,attention output projection
0,13,step0.layer13.residual1,residual,GPU_COMPUTE,step0.layer13.o_proj,1401.273392000,1.012288000,1402.285680000,step0.layer13.o_proj,residual add
0,13,step0.layer13.norm2,norm,GPU_COMPUTE,step0.layer13.residual1,1402.285680000,1.008192000,1403.293872000,step0.layer13.residual1,RMSNorm
0,13,step0.layer13.router,router,GPU_COMPUTE,step0.layer13.norm2,1403.293872000,2.069888000,1405.363760000,step0.layer13.norm2,MoE router
0,13,step0.layer13.metadata,metadata,GPU_COMPUTE,step0.layer13.router,1405.363760000,1.000128000,1406.363888000,step0.layer13.router,routing metadata
0,13,step0.layer13.dispatch,dispatch,,step0.layer13.metadata,1406.363888000,0.000000000,1406.363888000,step0.layer13.metadata,single-GPU dispatch placeholder
0,13,step0.layer13.scheduler,scheduler,GPU_COMPUTE,step0.layer13.metadata,1406.363888000,20.000000000,1426.363888000,step0.layer13.metadata,sieve-fixed-16-cycle-v1 placement policy
0,13,step0.layer13.gpu_weight_load,gpu_weight_load,,step0.layer13.scheduler,1426.363888000,47.121984000,1473.485872000,step0.layer13.scheduler,ordinary GPU HBM reads from mixed Ramulator cycle-v1 run
0,13,step0.layer13.gpu_expert_compute,gpu_expert,GPU_COMPUTE,step0.layer13.gpu_weight_load;step0.layer13.dispatch,1473.485872000,3.130023424,1476.615895424,step0.layer13.gpu_weight_load,grouped expert GEMM
0,13,step0.layer13.pim_gwrite,pim_write,,step0.layer13.scheduler;step0.layer13.dispatch,1426.363888000,9.951864000,1436.315752000,step0.layer13.scheduler,PIM_GWRITE milestone from mixed Ramulator cycle-v1 run
0,13,step0.layer13.pim_expert_compute,pim_expert,,step0.layer13.pim_gwrite,1436.315752000,40.823640000,1477.139392000,step0.layer13.pim_gwrite,PIM_MAC milestone delta from mixed Ramulator cycle-v1 run
0,13,step0.layer13.pim_read,pim_read,,step0.layer13.pim_expert_compute,1477.139392000,0.069264000,1477.208656000,step0.layer13.pim_expert_compute,PIM_READ milestone delta from mixed Ramulator cycle-v1 run
0,13,step0.layer13.combine,combine,GPU_COMPUTE,step0.layer13.gpu_expert_compute;step0.layer13.pim_read,1477.208656000,1.036864000,1478.245520000,step0.layer13.pim_read,weighted expert combine
0,13,step0.layer13.residual2,residual,GPU_COMPUTE,step0.layer13.combine,1478.245520000,1.012288000,1479.257808000,step0.layer13.combine,residual add
0,14,step0.layer14.norm1,norm,GPU_COMPUTE,step0.layer13.residual2,1479.257808000,1.008192000,1480.266000000,step0.layer13.residual2,RMSNorm
0,14,step0.layer14.qkv,qkv,GPU_COMPUTE,step0.layer14.norm1,1480.266000000,3.635776000,1483.901776000,step0.layer14.norm1,QKV projection
0,14,step0.layer14.rope,rope,GPU_COMPUTE,step0.layer14.qkv,1483.901776000,1.018432000,1484.920208000,step0.layer14.qkv,QK norm and RoPE
0,14,step0.layer14.attention,attention,PIM_COMPUTE,step0.layer14.rope,1484.920208000,18.905016000,1503.825224000,step0.layer14.rope,decode attention from Ramulator cycle-v0 table
0,14,step0.layer14.o_proj,attention_output,GPU_COMPUTE,step0.layer14.attention,1503.825224000,3.109440000,1506.934664000,step0.layer14.attention,attention output projection
0,14,step0.layer14.residual1,residual,GPU_COMPUTE,step0.layer14.o_proj,1506.934664000,1.012288000,1507.946952000,step0.layer14.o_proj,residual add
0,14,step0.layer14.norm2,norm,GPU_COMPUTE,step0.layer14.residual1,1507.946952000,1.008192000,1508.955144000,step0.layer14.residual1,RMSNorm
0,14,step0.layer14.router,router,GPU_COMPUTE,step0.layer14.norm2,1508.955144000,2.069888000,1511.025032000,step0.layer14.norm2,MoE router
0,14,step0.layer14.metadata,metadata,GPU_COMPUTE,step0.layer14.router,1511.025032000,1.000128000,1512.025160000,step0.layer14.router,routing metadata
0,14,step0.layer14.dispatch,dispatch,,step0.layer14.metadata,1512.025160000,0.000000000,1512.025160000,step0.layer14.metadata,single-GPU dispatch placeholder
0,14,step0.layer14.scheduler,scheduler,GPU_COMPUTE,step0.layer14.metadata,1512.025160000,20.000000000,1532.025160000,step0.layer14.metadata,sieve-fixed-16-cycle-v1 placement policy
0,14,step0.layer14.gpu_weight_load,gpu_weight_load,,step0.layer14.scheduler,1532.025160000,47.121984000,1579.147144000,step0.layer14.scheduler,ordinary GPU HBM reads from mixed Ramulator cycle-v1 run
0,14,step0.layer14.gpu_expert_compute,gpu_expert,GPU_COMPUTE,step0.layer14.gpu_weight_load;step0.layer14.dispatch,1579.147144000,3.130023424,1582.277167424,step0.layer14.gpu_weight_load,grouped expert GEMM
0,14,step0.layer14.pim_gwrite,pim_write,,step0.layer14.scheduler;step0.layer14.dispatch,1532.025160000,9.951864000,1541.977024000,step0.layer14.scheduler,PIM_GWRITE milestone from mixed Ramulator cycle-v1 run
0,14,step0.layer14.pim_expert_compute,pim_expert,,step0.layer14.pim_gwrite,1541.977024000,40.823640000,1582.800664000,step0.layer14.pim_gwrite,PIM_MAC milestone delta from mixed Ramulator cycle-v1 run
0,14,step0.layer14.pim_read,pim_read,,step0.layer14.pim_expert_compute,1582.800664000,0.069264000,1582.869928000,step0.layer14.pim_expert_compute,PIM_READ milestone delta from mixed Ramulator cycle-v1 run
0,14,step0.layer14.combine,combine,GPU_COMPUTE,step0.layer14.gpu_expert_compute;step0.layer14.pim_read,1582.869928000,1.036864000,1583.906792000,step0.layer14.pim_read,weighted expert combine
0,14,step0.layer14.residual2,residual,GPU_COMPUTE,step0.layer14.combine,1583.906792000,1.012288000,1584.919080000,step0.layer14.combine,residual add
0,15,step0.layer15.norm1,norm,GPU_COMPUTE,step0.layer14.residual2,1584.919080000,1.008192000,1585.927272000,step0.layer14.residual2,RMSNorm
0,15,step0.layer15.qkv,qkv,GPU_COMPUTE,step0.layer15.norm1,1585.927272000,3.635776000,1589.563048000,step0.layer15.norm1,QKV projection
0,15,step0.layer15.rope,rope,GPU_COMPUTE,step0.layer15.qkv,1589.563048000,1.018432000,1590.581480000,step0.layer15.qkv,QK norm and RoPE
0,15,step0.layer15.attention,attention,PIM_COMPUTE,step0.layer15.rope,1590.581480000,18.905016000,1609.486496000,step0.layer15.rope,decode attention from Ramulator cycle-v0 table
0,15,step0.layer15.o_proj,attention_output,GPU_COMPUTE,step0.layer15.attention,1609.486496000,3.109440000,1612.595936000,step0.layer15.attention,attention output projection
0,15,step0.layer15.residual1,residual,GPU_COMPUTE,step0.layer15.o_proj,1612.595936000,1.012288000,1613.608224000,step0.layer15.o_proj,residual add
0,15,step0.layer15.norm2,norm,GPU_COMPUTE,step0.layer15.residual1,1613.608224000,1.008192000,1614.616416000,step0.layer15.residual1,RMSNorm
0,15,step0.layer15.router,router,GPU_COMPUTE,step0.layer15.norm2,1614.616416000,2.069888000,1616.686304000,step0.layer15.norm2,MoE router
0,15,step0.layer15.metadata,metadata,GPU_COMPUTE,step0.layer15.router,1616.686304000,1.000128000,1617.686432000,step0.layer15.router,routing metadata
0,15,step0.layer15.dispatch,dispatch,,step0.layer15.metadata,1617.686432000,0.000000000,1617.686432000,step0.layer15.metadata,single-GPU dispatch placeholder
0,15,step0.layer15.scheduler,scheduler,GPU_COMPUTE,step0.layer15.metadata,1617.686432000,20.000000000,1637.686432000,step0.layer15.metadata,sieve-fixed-16-cycle-v1 placement policy
0,15,step0.layer15.gpu_weight_load,gpu_weight_load,,step0.layer15.scheduler,1637.686432000,47.121984000,1684.808416000,step0.layer15.scheduler,ordinary GPU HBM reads from mixed Ramulator cycle-v1 run
0,15,step0.layer15.gpu_expert_compute,gpu_expert,GPU_COMPUTE,step0.layer15.gpu_weight_load;step0.layer15.dispatch,1684.808416000,3.130023424,1687.938439424,step0.layer15.gpu_weight_load,grouped expert GEMM
0,15,step0.layer15.pim_gwrite,pim_write,,step0.layer15.scheduler;step0.layer15.dispatch,1637.686432000,9.951864000,1647.638296000,step0.layer15.scheduler,PIM_GWRITE milestone from mixed Ramulator cycle-v1 run
0,15,step0.layer15.pim_expert_compute,pim_expert,,step0.layer15.pim_gwrite,1647.638296000,40.823640000,1688.461936000,step0.layer15.pim_gwrite,PIM_MAC milestone delta from mixed Ramulator cycle-v1 run
0,15,step0.layer15.pim_read,pim_read,,step0.layer15.pim_expert_compute,1688.461936000,0.069264000,1688.531200000,step0.layer15.pim_expert_compute,PIM_READ milestone delta from mixed Ramulator cycle-v1 run
0,15,step0.layer15.combine,combine,GPU_COMPUTE,step0.layer15.gpu_expert_compute;step0.layer15.pim_read,1688.531200000,1.036864000,1689.568064000,step0.layer15.pim_read,weighted expert combine
0,15,step0.layer15.residual2,residual,GPU_COMPUTE,step0.layer15.combine,1689.568064000,1.012288000,1690.580352000,step0.layer15.combine,residual add
0,16,step0.layer16.norm1,norm,GPU_COMPUTE,step0.layer15.residual2,1690.580352000,1.008192000,1691.588544000,step0.layer15.residual2,RMSNorm
0,16,step0.layer16.qkv,qkv,GPU_COMPUTE,step0.layer16.norm1,1691.588544000,3.635776000,1695.224320000,step0.layer16.norm1,QKV projection
0,16,step0.layer16.rope,rope,GPU_COMPUTE,step0.layer16.qkv,1695.224320000,1.018432000,1696.242752000,step0.layer16.qkv,QK norm and RoPE
0,16,step0.layer16.attention,attention,PIM_COMPUTE,step0.layer16.rope,1696.242752000,18.905016000,1715.147768000,step0.layer16.rope,decode attention from Ramulator cycle-v0 table
0,16,step0.layer16.o_proj,attention_output,GPU_COMPUTE,step0.layer16.attention,1715.147768000,3.109440000,1718.257208000,step0.layer16.attention,attention output projection
0,16,step0.layer16.residual1,residual,GPU_COMPUTE,step0.layer16.o_proj,1718.257208000,1.012288000,1719.269496000,step0.layer16.o_proj,residual add
0,16,step0.layer16.norm2,norm,GPU_COMPUTE,step0.layer16.residual1,1719.269496000,1.008192000,1720.277688000,step0.layer16.residual1,RMSNorm
0,16,step0.layer16.router,router,GPU_COMPUTE,step0.layer16.norm2,1720.277688000,2.069888000,1722.347576000,step0.layer16.norm2,MoE router
0,16,step0.layer16.metadata,metadata,GPU_COMPUTE,step0.layer16.router,1722.347576000,1.000128000,1723.347704000,step0.layer16.router,routing metadata
0,16,step0.layer16.dispatch,dispatch,,step0.layer16.metadata,1723.347704000,0.000000000,1723.347704000,step0.layer16.metadata,single-GPU dispatch placeholder
0,16,step0.layer16.scheduler,scheduler,GPU_COMPUTE,step0.layer16.metadata,1723.347704000,20.000000000,1743.347704000,step0.layer16.metadata,sieve-fixed-16-cycle-v1 placement policy
0,16,step0.layer16.gpu_weight_load,gpu_weight_load,,step0.layer16.scheduler,1743.347704000,47.121984000,1790.469688000,step0.layer16.scheduler,ordinary GPU HBM reads from mixed Ramulator cycle-v1 run
0,16,step0.layer16.gpu_expert_compute,gpu_expert,GPU_COMPUTE,step0.layer16.gpu_weight_load;step0.layer16.dispatch,1790.469688000,3.130023424,1793.599711424,step0.layer16.gpu_weight_load,grouped expert GEMM
0,16,step0.layer16.pim_gwrite,pim_write,,step0.layer16.scheduler;step0.layer16.dispatch,1743.347704000,9.951864000,1753.299568000,step0.layer16.scheduler,PIM_GWRITE milestone from mixed Ramulator cycle-v1 run
0,16,step0.layer16.pim_expert_compute,pim_expert,,step0.layer16.pim_gwrite,1753.299568000,40.823640000,1794.123208000,step0.layer16.pim_gwrite,PIM_MAC milestone delta from mixed Ramulator cycle-v1 run
0,16,step0.layer16.pim_read,pim_read,,step0.layer16.pim_expert_compute,1794.123208000,0.069264000,1794.192472000,step0.layer16.pim_expert_compute,PIM_READ milestone delta from mixed Ramulator cycle-v1 run
0,16,step0.layer16.combine,combine,GPU_COMPUTE,step0.layer16.gpu_expert_compute;step0.layer16.pim_read,1794.192472000,1.036864000,1795.229336000,step0.layer16.pim_read,weighted expert combine
0,16,step0.layer16.residual2,residual,GPU_COMPUTE,step0.layer16.combine,1795.229336000,1.012288000,1796.241624000,step0.layer16.combine,residual add
0,17,step0.layer17.norm1,norm,GPU_COMPUTE,step0.layer16.residual2,1796.241624000,1.008192000,1797.249816000,step0.layer16.residual2,RMSNorm
0,17,step0.layer17.qkv,qkv,GPU_COMPUTE,step0.layer17.norm1,1797.249816000,3.635776000,1800.885592000,step0.layer17.norm1,QKV projection
0,17,step0.layer17.rope,rope,GPU_COMPUTE,step0.layer17.qkv,1800.885592000,1.018432000,1801.904024000,step0.layer17.qkv,QK norm and RoPE
0,17,step0.layer17.attention,attention,PIM_COMPUTE,step0.layer17.rope,1801.904024000,18.905016000,1820.809040000,step0.layer17.rope,decode attention from Ramulator cycle-v0 table
0,17,step0.layer17.o_proj,attention_output,GPU_COMPUTE,step0.layer17.attention,1820.809040000,3.109440000,1823.918480000,step0.layer17.attention,attention output projection
0,17,step0.layer17.residual1,residual,GPU_COMPUTE,step0.layer17.o_proj,1823.918480000,1.012288000,1824.930768000,step0.layer17.o_proj,residual add
0,17,step0.layer17.norm2,norm,GPU_COMPUTE,step0.layer17.residual1,1824.930768000,1.008192000,1825.938960000,step0.layer17.residual1,RMSNorm
0,17,step0.layer17.router,router,GPU_COMPUTE,step0.layer17.norm2,1825.938960000,2.069888000,1828.008848000,step0.layer17.norm2,MoE router
0,17,step0.layer17.metadata,metadata,GPU_COMPUTE,step0.layer17.router,1828.008848000,1.000128000,1829.008976000,step0.layer17.router,routing metadata
0,17,step0.layer17.dispatch,dispatch,,step0.layer17.metadata,1829.008976000,0.000000000,1829.008976000,step0.layer17.metadata,single-GPU dispatch placeholder
0,17,step0.layer17.scheduler,scheduler,GPU_COMPUTE,step0.layer17.metadata,1829.008976000,20.000000000,1849.008976000,step0.layer17.metadata,sieve-fixed-16-cycle-v1 placement policy
0,17,step0.layer17.gpu_weight_load,gpu_weight_load,,step0.layer17.scheduler,1849.008976000,47.121984000,1896.130960000,step0.layer17.scheduler,ordinary GPU HBM reads from mixed Ramulator cycle-v1 run
0,17,step0.layer17.gpu_expert_compute,gpu_expert,GPU_COMPUTE,step0.layer17.gpu_weight_load;step0.layer17.dispatch,1896.130960000,3.130023424,1899.260983424,step0.layer17.gpu_weight_load,grouped expert GEMM
0,17,step0.layer17.pim_gwrite,pim_write,,step0.layer17.scheduler;step0.layer17.dispatch,1849.008976000,9.951864000,1858.960840000,step0.layer17.scheduler,PIM_GWRITE milestone from mixed Ramulator cycle-v1 run
0,17,step0.layer17.pim_expert_compute,pim_expert,,step0.layer17.pim_gwrite,1858.960840000,40.823640000,1899.784480000,step0.layer17.pim_gwrite,PIM_MAC milestone delta from mixed Ramulator cycle-v1 run
0,17,step0.layer17.pim_read,pim_read,,step0.layer17.pim_expert_compute,1899.784480000,0.069264000,1899.853744000,step0.layer17.pim_expert_compute,PIM_READ milestone delta from mixed Ramulator cycle-v1 run
0,17,step0.layer17.combine,combine,GPU_COMPUTE,step0.layer17.gpu_expert_compute;step0.layer17.pim_read,1899.853744000,1.036864000,1900.890608000,step0.layer17.pim_read,weighted expert combine
0,17,step0.layer17.residual2,residual,GPU_COMPUTE,step0.layer17.combine,1900.890608000,1.012288000,1901.902896000,step0.layer17.combine,residual add
0,18,step0.layer18.norm1,norm,GPU_COMPUTE,step0.layer17.residual2,1901.902896000,1.008192000,1902.911088000,step0.layer17.residual2,RMSNorm
0,18,step0.layer18.qkv,qkv,GPU_COMPUTE,step0.layer18.norm1,1902.911088000,3.635776000,1906.546864000,step0.layer18.norm1,QKV projection
0,18,step0.layer18.rope,rope,GPU_COMPUTE,step0.layer18.qkv,1906.546864000,1.018432000,1907.565296000,step0.layer18.qkv,QK norm and RoPE
0,18,step0.layer18.attention,attention,PIM_COMPUTE,step0.layer18.rope,1907.565296000,18.905016000,1926.470312000,step0.layer18.rope,decode attention from Ramulator cycle-v0 table
0,18,step0.layer18.o_proj,attention_output,GPU_COMPUTE,step0.layer18.attention,1926.470312000,3.109440000,1929.579752000,step0.layer18.attention,attention output projection
0,18,step0.layer18.residual1,residual,GPU_COMPUTE,step0.layer18.o_proj,1929.579752000,1.012288000,1930.592040000,step0.layer18.o_proj,residual add
0,18,step0.layer18.norm2,norm,GPU_COMPUTE,step0.layer18.residual1,1930.592040000,1.008192000,1931.600232000,step0.layer18.residual1,RMSNorm
0,18,step0.layer18.router,router,GPU_COMPUTE,step0.layer18.norm2,1931.600232000,2.069888000,1933.670120000,step0.layer18.norm2,MoE router
0,18,step0.layer18.metadata,metadata,GPU_COMPUTE,step0.layer18.router,1933.670120000,1.000128000,1934.670248000,step0.layer18.router,routing metadata
0,18,step0.layer18.dispatch,dispatch,,step0.layer18.metadata,1934.670248000,0.000000000,1934.670248000,step0.layer18.metadata,single-GPU dispatch placeholder
0,18,step0.layer18.scheduler,scheduler,GPU_COMPUTE,step0.layer18.metadata,1934.670248000,20.000000000,1954.670248000,step0.layer18.metadata,sieve-fixed-16-cycle-v1 placement policy
0,18,step0.layer18.gpu_weight_load,gpu_weight_load,,step0.layer18.scheduler,1954.670248000,47.121984000,2001.792232000,step0.layer18.scheduler,ordinary GPU HBM reads from mixed Ramulator cycle-v1 run
0,18,step0.layer18.gpu_expert_compute,gpu_expert,GPU_COMPUTE,step0.layer18.gpu_weight_load;step0.layer18.dispatch,2001.792232000,3.130023424,2004.922255424,step0.layer18.gpu_weight_load,grouped expert GEMM
0,18,step0.layer18.pim_gwrite,pim_write,,step0.layer18.scheduler;step0.layer18.dispatch,1954.670248000,9.951864000,1964.622112000,step0.layer18.scheduler,PIM_GWRITE milestone from mixed Ramulator cycle-v1 run
0,18,step0.layer18.pim_expert_compute,pim_expert,,step0.layer18.pim_gwrite,1964.622112000,40.823640000,2005.445752000,step0.layer18.pim_gwrite,PIM_MAC milestone delta from mixed Ramulator cycle-v1 run
0,18,step0.layer18.pim_read,pim_read,,step0.layer18.pim_expert_compute,2005.445752000,0.069264000,2005.515016000,step0.layer18.pim_expert_compute,PIM_READ milestone delta from mixed Ramulator cycle-v1 run
0,18,step0.layer18.combine,combine,GPU_COMPUTE,step0.layer18.gpu_expert_compute;step0.layer18.pim_read,2005.515016000,1.036864000,2006.551880000,step0.layer18.pim_read,weighted expert combine
0,18,step0.layer18.residual2,residual,GPU_COMPUTE,step0.layer18.combine,2006.551880000,1.012288000,2007.564168000,step0.layer18.combine,residual add
0,19,step0.layer19.norm1,norm,GPU_COMPUTE,step0.layer18.residual2,2007.564168000,1.008192000,2008.572360000,step0.layer18.residual2,RMSNorm
0,19,step0.layer19.qkv,qkv,GPU_COMPUTE,step0.layer19.norm1,2008.572360000,3.635776000,2012.208136000,step0.layer19.norm1,QKV projection
0,19,step0.layer19.rope,rope,GPU_COMPUTE,step0.layer19.qkv,2012.208136000,1.018432000,2013.226568000,step0.layer19.qkv,QK norm and RoPE
0,19,step0.layer19.attention,attention,PIM_COMPUTE,step0.layer19.rope,2013.226568000,18.905016000,2032.131584000,step0.layer19.rope,decode attention from Ramulator cycle-v0 table
0,19,step0.layer19.o_proj,attention_output,GPU_COMPUTE,step0.layer19.attention,2032.131584000,3.109440000,2035.241024000,step0.layer19.attention,attention output projection
0,19,step0.layer19.residual1,residual,GPU_COMPUTE,step0.layer19.o_proj,2035.241024000,1.012288000,2036.253312000,step0.layer19.o_proj,residual add
0,19,step0.layer19.norm2,norm,GPU_COMPUTE,step0.layer19.residual1,2036.253312000,1.008192000,2037.261504000,step0.layer19.residual1,RMSNorm
0,19,step0.layer19.router,router,GPU_COMPUTE,step0.layer19.norm2,2037.261504000,2.069888000,2039.331392000,step0.layer19.norm2,MoE router
0,19,step0.layer19.metadata,metadata,GPU_COMPUTE,step0.layer19.router,2039.331392000,1.000128000,2040.331520000,step0.layer19.router,routing metadata
0,19,step0.layer19.dispatch,dispatch,,step0.layer19.metadata,2040.331520000,0.000000000,2040.331520000,step0.layer19.metadata,single-GPU dispatch placeholder
0,19,step0.layer19.scheduler,scheduler,GPU_COMPUTE,step0.layer19.metadata,2040.331520000,20.000000000,2060.331520000,step0.layer19.metadata,sieve-fixed-16-cycle-v1 placement policy
0,19,step0.layer19.gpu_weight_load,gpu_weight_load,,step0.layer19.scheduler,2060.331520000,47.121984000,2107.453504000,step0.layer19.scheduler,ordinary GPU HBM reads from mixed Ramulator cycle-v1 run
0,19,step0.layer19.gpu_expert_compute,gpu_expert,GPU_COMPUTE,step0.layer19.gpu_weight_load;step0.layer19.dispatch,2107.453504000,3.130023424,2110.583527424,step0.layer19.gpu_weight_load,grouped expert GEMM
0,19,step0.layer19.pim_gwrite,pim_write,,step0.layer19.scheduler;step0.layer19.dispatch,2060.331520000,9.951864000,2070.283384000,step0.layer19.scheduler,PIM_GWRITE milestone from mixed Ramulator cycle-v1 run
0,19,step0.layer19.pim_expert_compute,pim_expert,,step0.layer19.pim_gwrite,2070.283384000,40.823640000,2111.107024000,step0.layer19.pim_gwrite,PIM_MAC milestone delta from mixed Ramulator cycle-v1 run
0,19,step0.layer19.pim_read,pim_read,,step0.layer19.pim_expert_compute,2111.107024000,0.069264000,2111.176288000,step0.layer19.pim_expert_compute,PIM_READ milestone delta from mixed Ramulator cycle-v1 run
0,19,step0.layer19.combine,combine,GPU_COMPUTE,step0.layer19.gpu_expert_compute;step0.layer19.pim_read,2111.176288000,1.036864000,2112.213152000,step0.layer19.pim_read,weighted expert combine
0,19,step0.layer19.residual2,residual,GPU_COMPUTE,step0.layer19.combine,2112.213152000,1.012288000,2113.225440000,step0.layer19.combine,residual add
0,20,step0.layer20.norm1,norm,GPU_COMPUTE,step0.layer19.residual2,2113.225440000,1.008192000,2114.233632000,step0.layer19.residual2,RMSNorm
0,20,step0.layer20.qkv,qkv,GPU_COMPUTE,step0.layer20.norm1,2114.233632000,3.635776000,2117.869408000,step0.layer20.norm1,QKV projection
0,20,step0.layer20.rope,rope,GPU_COMPUTE,step0.layer20.qkv,2117.869408000,1.018432000,2118.887840000,step0.layer20.qkv,QK norm and RoPE
0,20,step0.layer20.attention,attention,PIM_COMPUTE,step0.layer20.rope,2118.887840000,18.905016000,2137.792856000,step0.layer20.rope,decode attention from Ramulator cycle-v0 table
0,20,step0.layer20.o_proj,attention_output,GPU_COMPUTE,step0.layer20.attention,2137.792856000,3.109440000,2140.902296000,step0.layer20.attention,attention output projection
0,20,step0.layer20.residual1,residual,GPU_COMPUTE,step0.layer20.o_proj,2140.902296000,1.012288000,2141.914584000,step0.layer20.o_proj,residual add
0,20,step0.layer20.norm2,norm,GPU_COMPUTE,step0.layer20.residual1,2141.914584000,1.008192000,2142.922776000,step0.layer20.residual1,RMSNorm
0,20,step0.layer20.router,router,GPU_COMPUTE,step0.layer20.norm2,2142.922776000,2.069888000,2144.992664000,step0.layer20.norm2,MoE router
0,20,step0.layer20.metadata,metadata,GPU_COMPUTE,step0.layer20.router,2144.992664000,1.000128000,2145.992792000,step0.layer20.router,routing metadata
0,20,step0.layer20.dispatch,dispatch,,step0.layer20.metadata,2145.992792000,0.000000000,2145.992792000,step0.layer20.metadata,single-GPU dispatch placeholder
0,20,step0.layer20.scheduler,scheduler,GPU_COMPUTE,step0.layer20.metadata,2145.992792000,20.000000000,2165.992792000,step0.layer20.metadata,sieve-fixed-16-cycle-v1 placement policy
0,20,step0.layer20.gpu_weight_load,gpu_weight_load,,step0.layer20.scheduler,2165.992792000,47.121984000,2213.114776000,step0.layer20.scheduler,ordinary GPU HBM reads from mixed Ramulator cycle-v1 run
0,20,step0.layer20.gpu_expert_compute,gpu_expert,GPU_COMPUTE,step0.layer20.gpu_weight_load;step0.layer20.dispatch,2213.114776000,3.130023424,2216.244799424,step0.layer20.gpu_weight_load,grouped expert GEMM
0,20,step0.layer20.pim_gwrite,pim_write,,step0.layer20.scheduler;step0.layer20.dispatch,2165.992792000,9.951864000,2175.944656000,step0.layer20.scheduler,PIM_GWRITE milestone from mixed Ramulator cycle-v1 run
0,20,step0.layer20.pim_expert_compute,pim_expert,,step0.layer20.pim_gwrite,2175.944656000,40.823640000,2216.768296000,step0.layer20.pim_gwrite,PIM_MAC milestone delta from mixed Ramulator cycle-v1 run
0,20,step0.layer20.pim_read,pim_read,,step0.layer20.pim_expert_compute,2216.768296000,0.069264000,2216.837560000,step0.layer20.pim_expert_compute,PIM_READ milestone delta from mixed Ramulator cycle-v1 run
0,20,step0.layer20.combine,combine,GPU_COMPUTE,step0.layer20.gpu_expert_compute;step0.layer20.pim_read,2216.837560000,1.036864000,2217.874424000,step0.layer20.pim_read,weighted expert combine
0,20,step0.layer20.residual2,residual,GPU_COMPUTE,step0.layer20.combine,2217.874424000,1.012288000,2218.886712000,step0.layer20.combine,residual add
0,21,step0.layer21.norm1,norm,GPU_COMPUTE,step0.layer20.residual2,2218.886712000,1.008192000,2219.894904000,step0.layer20.residual2,RMSNorm
0,21,step0.layer21.qkv,qkv,GPU_COMPUTE,step0.layer21.norm1,2219.894904000,3.635776000,2223.530680000,step0.layer21.norm1,QKV projection
0,21,step0.layer21.rope,rope,GPU_COMPUTE,step0.layer21.qkv,2223.530680000,1.018432000,2224.549112000,step0.layer21.qkv,QK norm and RoPE
0,21,step0.layer21.attention,attention,PIM_COMPUTE,step0.layer21.rope,2224.549112000,18.905016000,2243.454128000,step0.layer21.rope,decode attention from Ramulator cycle-v0 table
0,21,step0.layer21.o_proj,attention_output,GPU_COMPUTE,step0.layer21.attention,2243.454128000,3.109440000,2246.563568000,step0.layer21.attention,attention output projection
0,21,step0.layer21.residual1,residual,GPU_COMPUTE,step0.layer21.o_proj,2246.563568000,1.012288000,2247.575856000,step0.layer21.o_proj,residual add
0,21,step0.layer21.norm2,norm,GPU_COMPUTE,step0.layer21.residual1,2247.575856000,1.008192000,2248.584048000,step0.layer21.residual1,RMSNorm
0,21,step0.layer21.router,router,GPU_COMPUTE,step0.layer21.norm2,2248.584048000,2.069888000,2250.653936000,step0.layer21.norm2,MoE router
0,21,step0.layer21.metadata,metadata,GPU_COMPUTE,step0.layer21.router,2250.653936000,1.000128000,2251.654064000,step0.layer21.router,routing metadata
0,21,step0.layer21.dispatch,dispatch,,step0.layer21.metadata,2251.654064000,0.000000000,2251.654064000,step0.layer21.metadata,single-GPU dispatch placeholder
0,21,step0.layer21.scheduler,scheduler,GPU_COMPUTE,step0.layer21.metadata,2251.654064000,20.000000000,2271.654064000,step0.layer21.metadata,sieve-fixed-16-cycle-v1 placement policy
0,21,step0.layer21.gpu_weight_load,gpu_weight_load,,step0.layer21.scheduler,2271.654064000,47.121984000,2318.776048000,step0.layer21.scheduler,ordinary GPU HBM reads from mixed Ramulator cycle-v1 run
0,21,step0.layer21.gpu_expert_compute,gpu_expert,GPU_COMPUTE,step0.layer21.gpu_weight_load;step0.layer21.dispatch,2318.776048000,3.130023424,2321.906071424,step0.layer21.gpu_weight_load,grouped expert GEMM
0,21,step0.layer21.pim_gwrite,pim_write,,step0.layer21.scheduler;step0.layer21.dispatch,2271.654064000,9.951864000,2281.605928000,step0.layer21.scheduler,PIM_GWRITE milestone from mixed Ramulator cycle-v1 run
0,21,step0.layer21.pim_expert_compute,pim_expert,,step0.layer21.pim_gwrite,2281.605928000,40.823640000,2322.429568000,step0.layer21.pim_gwrite,PIM_MAC milestone delta from mixed Ramulator cycle-v1 run
0,21,step0.layer21.pim_read,pim_read,,step0.layer21.pim_expert_compute,2322.429568000,0.069264000,2322.498832000,step0.layer21.pim_expert_compute,PIM_READ milestone delta from mixed Ramulator cycle-v1 run
0,21,step0.layer21.combine,combine,GPU_COMPUTE,step0.layer21.gpu_expert_compute;step0.layer21.pim_read,2322.498832000,1.036864000,2323.535696000,step0.layer21.pim_read,weighted expert combine
0,21,step0.layer21.residual2,residual,GPU_COMPUTE,step0.layer21.combine,2323.535696000,1.012288000,2324.547984000,step0.layer21.combine,residual add
0,22,step0.layer22.norm1,norm,GPU_COMPUTE,step0.layer21.residual2,2324.547984000,1.008192000,2325.556176000,step0.layer21.residual2,RMSNorm
0,22,step0.layer22.qkv,qkv,GPU_COMPUTE,step0.layer22.norm1,2325.556176000,3.635776000,2329.191952000,step0.layer22.norm1,QKV projection
0,22,step0.layer22.rope,rope,GPU_COMPUTE,step0.layer22.qkv,2329.191952000,1.018432000,2330.210384000,step0.layer22.qkv,QK norm and RoPE
0,22,step0.layer22.attention,attention,PIM_COMPUTE,step0.layer22.rope,2330.210384000,18.905016000,2349.115400000,step0.layer22.rope,decode attention from Ramulator cycle-v0 table
0,22,step0.layer22.o_proj,attention_output,GPU_COMPUTE,step0.layer22.attention,2349.115400000,3.109440000,2352.224840000,step0.layer22.attention,attention output projection
0,22,step0.layer22.residual1,residual,GPU_COMPUTE,step0.layer22.o_proj,2352.224840000,1.012288000,2353.237128000,step0.layer22.o_proj,residual add
0,22,step0.layer22.norm2,norm,GPU_COMPUTE,step0.layer22.residual1,2353.237128000,1.008192000,2354.245320000,step0.layer22.residual1,RMSNorm
0,22,step0.layer22.router,router,GPU_COMPUTE,step0.layer22.norm2,2354.245320000,2.069888000,2356.315208000,step0.layer22.norm2,MoE router
0,22,step0.layer22.metadata,metadata,GPU_COMPUTE,step0.layer22.router,2356.315208000,1.000128000,2357.315336000,step0.layer22.router,routing metadata
0,22,step0.layer22.dispatch,dispatch,,step0.layer22.metadata,2357.315336000,0.000000000,2357.315336000,step0.layer22.metadata,single-GPU dispatch placeholder
0,22,step0.layer22.scheduler,scheduler,GPU_COMPUTE,step0.layer22.metadata,2357.315336000,20.000000000,2377.315336000,step0.layer22.metadata,sieve-fixed-16-cycle-v1 placement policy
0,22,step0.layer22.gpu_weight_load,gpu_weight_load,,step0.layer22.scheduler,2377.315336000,47.121984000,2424.437320000,step0.layer22.scheduler,ordinary GPU HBM reads from mixed Ramulator cycle-v1 run
0,22,step0.layer22.gpu_expert_compute,gpu_expert,GPU_COMPUTE,step0.layer22.gpu_weight_load;step0.layer22.dispatch,2424.437320000,3.130023424,2427.567343424,step0.layer22.gpu_weight_load,grouped expert GEMM
0,22,step0.layer22.pim_gwrite,pim_write,,step0.layer22.scheduler;step0.layer22.dispatch,2377.315336000,9.951864000,2387.267200000,step0.layer22.scheduler,PIM_GWRITE milestone from mixed Ramulator cycle-v1 run
0,22,step0.layer22.pim_expert_compute,pim_expert,,step0.layer22.pim_gwrite,2387.267200000,40.823640000,2428.090840000,step0.layer22.pim_gwrite,PIM_MAC milestone delta from mixed Ramulator cycle-v1 run
0,22,step0.layer22.pim_read,pim_read,,step0.layer22.pim_expert_compute,2428.090840000,0.069264000,2428.160104000,step0.layer22.pim_expert_compute,PIM_READ milestone delta from mixed Ramulator cycle-v1 run
0,22,step0.layer22.combine,combine,GPU_COMPUTE,step0.layer22.gpu_expert_compute;step0.layer22.pim_read,2428.160104000,1.036864000,2429.196968000,step0.layer22.pim_read,weighted expert combine
0,22,step0.layer22.residual2,residual,GPU_COMPUTE,step0.layer22.combine,2429.196968000,1.012288000,2430.209256000,step0.layer22.combine,residual add
0,23,step0.layer23.norm1,norm,GPU_COMPUTE,step0.layer22.residual2,2430.209256000,1.008192000,2431.217448000,step0.layer22.residual2,RMSNorm
0,23,step0.layer23.qkv,qkv,GPU_COMPUTE,step0.layer23.norm1,2431.217448000,3.635776000,2434.853224000,step0.layer23.norm1,QKV projection
0,23,step0.layer23.rope,rope,GPU_COMPUTE,step0.layer23.qkv,2434.853224000,1.018432000,2435.871656000,step0.layer23.qkv,QK norm and RoPE
0,23,step0.layer23.attention,attention,PIM_COMPUTE,step0.layer23.rope,2435.871656000,18.905016000,2454.776672000,step0.layer23.rope,decode attention from Ramulator cycle-v0 table
0,23,step0.layer23.o_proj,attention_output,GPU_COMPUTE,step0.layer23.attention,2454.776672000,3.109440000,2457.886112000,step0.layer23.attention,attention output projection
0,23,step0.layer23.residual1,residual,GPU_COMPUTE,step0.layer23.o_proj,2457.886112000,1.012288000,2458.898400000,step0.layer23.o_proj,residual add
0,23,step0.layer23.norm2,norm,GPU_COMPUTE,step0.layer23.residual1,2458.898400000,1.008192000,2459.906592000,step0.layer23.residual1,RMSNorm
0,23,step0.layer23.router,router,GPU_COMPUTE,step0.layer23.norm2,2459.906592000,2.069888000,2461.976480000,step0.layer23.norm2,MoE router
0,23,step0.layer23.metadata,metadata,GPU_COMPUTE,step0.layer23.router,2461.976480000,1.000128000,2462.976608000,step0.layer23.router,routing metadata
0,23,step0.layer23.dispatch,dispatch,,step0.layer23.metadata,2462.976608000,0.000000000,2462.976608000,step0.layer23.metadata,single-GPU dispatch placeholder
0,23,step0.layer23.scheduler,scheduler,GPU_COMPUTE,step0.layer23.metadata,2462.976608000,20.000000000,2482.976608000,step0.layer23.metadata,sieve-fixed-16-cycle-v1 placement policy
0,23,step0.layer23.gpu_weight_load,gpu_weight_load,,step0.layer23.scheduler,2482.976608000,47.121984000,2530.098592000,step0.layer23.scheduler,ordinary GPU HBM reads from mixed Ramulator cycle-v1 run
0,23,step0.layer23.gpu_expert_compute,gpu_expert,GPU_COMPUTE,step0.layer23.gpu_weight_load;step0.layer23.dispatch,2530.098592000,3.130023424,2533.228615424,step0.layer23.gpu_weight_load,grouped expert GEMM
0,23,step0.layer23.pim_gwrite,pim_write,,step0.layer23.scheduler;step0.layer23.dispatch,2482.976608000,9.951864000,2492.928472000,step0.layer23.scheduler,PIM_GWRITE milestone from mixed Ramulator cycle-v1 run
0,23,step0.layer23.pim_expert_compute,pim_expert,,step0.layer23.pim_gwrite,2492.928472000,40.823640000,2533.752112000,step0.layer23.pim_gwrite,PIM_MAC milestone delta from mixed Ramulator cycle-v1 run
0,23,step0.layer23.pim_read,pim_read,,step0.layer23.pim_expert_compute,2533.752112000,0.069264000,2533.821376000,step0.layer23.pim_expert_compute,PIM_READ milestone delta from mixed Ramulator cycle-v1 run
0,23,step0.layer23.combine,combine,GPU_COMPUTE,step0.layer23.gpu_expert_compute;step0.layer23.pim_read,2533.821376000,1.036864000,2534.858240000,step0.layer23.pim_read,weighted expert combine
0,23,step0.layer23.residual2,residual,GPU_COMPUTE,step0.layer23.combine,2534.858240000,1.012288000,2535.870528000,step0.layer23.combine,residual add
0,24,step0.layer24.norm1,norm,GPU_COMPUTE,step0.layer23.residual2,2535.870528000,1.008192000,2536.878720000,step0.layer23.residual2,RMSNorm
0,24,step0.layer24.qkv,qkv,GPU_COMPUTE,step0.layer24.norm1,2536.878720000,3.635776000,2540.514496000,step0.layer24.norm1,QKV projection
0,24,step0.layer24.rope,rope,GPU_COMPUTE,step0.layer24.qkv,2540.514496000,1.018432000,2541.532928000,step0.layer24.qkv,QK norm and RoPE
0,24,step0.layer24.attention,attention,PIM_COMPUTE,step0.layer24.rope,2541.532928000,18.905016000,2560.437944000,step0.layer24.rope,decode attention from Ramulator cycle-v0 table
0,24,step0.layer24.o_proj,attention_output,GPU_COMPUTE,step0.layer24.attention,2560.437944000,3.109440000,2563.547384000,step0.layer24.attention,attention output projection
0,24,step0.layer24.residual1,residual,GPU_COMPUTE,step0.layer24.o_proj,2563.547384000,1.012288000,2564.559672000,step0.layer24.o_proj,residual add
0,24,step0.layer24.norm2,norm,GPU_COMPUTE,step0.layer24.residual1,2564.559672000,1.008192000,2565.567864000,step0.layer24.residual1,RMSNorm
0,24,step0.layer24.router,router,GPU_COMPUTE,step0.layer24.norm2,2565.567864000,2.069888000,2567.637752000,step0.layer24.norm2,MoE router
0,24,step0.layer24.metadata,metadata,GPU_COMPUTE,step0.layer24.router,2567.637752000,1.000128000,2568.637880000,step0.layer24.router,routing metadata
0,24,step0.layer24.dispatch,dispatch,,step0.layer24.metadata,2568.637880000,0.000000000,2568.637880000,step0.layer24.metadata,single-GPU dispatch placeholder
0,24,step0.layer24.scheduler,scheduler,GPU_COMPUTE,step0.layer24.metadata,2568.637880000,20.000000000,2588.637880000,step0.layer24.metadata,sieve-fixed-16-cycle-v1 placement policy
0,24,step0.layer24.gpu_weight_load,gpu_weight_load,,step0.layer24.scheduler,2588.637880000,47.121984000,2635.759864000,step0.layer24.scheduler,ordinary GPU HBM reads from mixed Ramulator cycle-v1 run
0,24,step0.layer24.gpu_expert_compute,gpu_expert,GPU_COMPUTE,step0.layer24.gpu_weight_load;step0.layer24.dispatch,2635.759864000,3.130023424,2638.889887424,step0.layer24.gpu_weight_load,grouped expert GEMM
0,24,step0.layer24.pim_gwrite,pim_write,,step0.layer24.scheduler;step0.layer24.dispatch,2588.637880000,9.951864000,2598.589744000,step0.layer24.scheduler,PIM_GWRITE milestone from mixed Ramulator cycle-v1 run
0,24,step0.layer24.pim_expert_compute,pim_expert,,step0.layer24.pim_gwrite,2598.589744000,40.823640000,2639.413384000,step0.layer24.pim_gwrite,PIM_MAC milestone delta from mixed Ramulator cycle-v1 run
0,24,step0.layer24.pim_read,pim_read,,step0.layer24.pim_expert_compute,2639.413384000,0.069264000,2639.482648000,step0.layer24.pim_expert_compute,PIM_READ milestone delta from mixed Ramulator cycle-v1 run
0,24,step0.layer24.combine,combine,GPU_COMPUTE,step0.layer24.gpu_expert_compute;step0.layer24.pim_read,2639.482648000,1.036864000,2640.519512000,step0.layer24.pim_read,weighted expert combine
0,24,step0.layer24.residual2,residual,GPU_COMPUTE,step0.layer24.combine,2640.519512000,1.012288000,2641.531800000,step0.layer24.combine,residual add
0,25,step0.layer25.norm1,norm,GPU_COMPUTE,step0.layer24.residual2,2641.531800000,1.008192000,2642.539992000,step0.layer24.residual2,RMSNorm
0,25,step0.layer25.qkv,qkv,GPU_COMPUTE,step0.layer25.norm1,2642.539992000,3.635776000,2646.175768000,step0.layer25.norm1,QKV projection
0,25,step0.layer25.rope,rope,GPU_COMPUTE,step0.layer25.qkv,2646.175768000,1.018432000,2647.194200000,step0.layer25.qkv,QK norm and RoPE
0,25,step0.layer25.attention,attention,PIM_COMPUTE,step0.layer25.rope,2647.194200000,18.905016000,2666.099216000,step0.layer25.rope,decode attention from Ramulator cycle-v0 table
0,25,step0.layer25.o_proj,attention_output,GPU_COMPUTE,step0.layer25.attention,2666.099216000,3.109440000,2669.208656000,step0.layer25.attention,attention output projection
0,25,step0.layer25.residual1,residual,GPU_COMPUTE,step0.layer25.o_proj,2669.208656000,1.012288000,2670.220944000,step0.layer25.o_proj,residual add
0,25,step0.layer25.norm2,norm,GPU_COMPUTE,step0.layer25.residual1,2670.220944000,1.008192000,2671.229136000,step0.layer25.residual1,RMSNorm
0,25,step0.layer25.router,router,GPU_COMPUTE,step0.layer25.norm2,2671.229136000,2.069888000,2673.299024000,step0.layer25.norm2,MoE router
0,25,step0.layer25.metadata,metadata,GPU_COMPUTE,step0.layer25.router,2673.299024000,1.000128000,2674.299152000,step0.layer25.router,routing metadata
0,25,step0.layer25.dispatch,dispatch,,step0.layer25.metadata,2674.299152000,0.000000000,2674.299152000,step0.layer25.metadata,single-GPU dispatch placeholder
0,25,step0.layer25.scheduler,scheduler,GPU_COMPUTE,step0.layer25.metadata,2674.299152000,20.000000000,2694.299152000,step0.layer25.metadata,sieve-fixed-16-cycle-v1 placement policy
0,25,step0.layer25.gpu_weight_load,gpu_weight_load,,step0.layer25.scheduler,2694.299152000,47.121984000,2741.421136000,step0.layer25.scheduler,ordinary GPU HBM reads from mixed Ramulator cycle-v1 run
0,25,step0.layer25.gpu_expert_compute,gpu_expert,GPU_COMPUTE,step0.layer25.gpu_weight_load;step0.layer25.dispatch,2741.421136000,3.130023424,2744.551159424,step0.layer25.gpu_weight_load,grouped expert GEMM
0,25,step0.layer25.pim_gwrite,pim_write,,step0.layer25.scheduler;step0.layer25.dispatch,2694.299152000,9.951864000,2704.251016000,step0.layer25.scheduler,PIM_GWRITE milestone from mixed Ramulator cycle-v1 run
0,25,step0.layer25.pim_expert_compute,pim_expert,,step0.layer25.pim_gwrite,2704.251016000,40.823640000,2745.074656000,step0.layer25.pim_gwrite,PIM_MAC milestone delta from mixed Ramulator cycle-v1 run
0,25,step0.layer25.pim_read,pim_read,,step0.layer25.pim_expert_compute,2745.074656000,0.069264000,2745.143920000,step0.layer25.pim_expert_compute,PIM_READ milestone delta from mixed Ramulator cycle-v1 run
0,25,step0.layer25.combine,combine,GPU_COMPUTE,step0.layer25.gpu_expert_compute;step0.layer25.pim_read,2745.143920000,1.036864000,2746.180784000,step0.layer25.pim_read,weighted expert combine
0,25,step0.layer25.residual2,residual,GPU_COMPUTE,step0.layer25.combine,2746.180784000,1.012288000,2747.193072000,step0.layer25.combine,residual add
0,26,step0.layer26.norm1,norm,GPU_COMPUTE,step0.layer25.residual2,2747.193072000,1.008192000,2748.201264000,step0.layer25.residual2,RMSNorm
0,26,step0.layer26.qkv,qkv,GPU_COMPUTE,step0.layer26.norm1,2748.201264000,3.635776000,2751.837040000,step0.layer26.norm1,QKV projection
0,26,step0.layer26.rope,rope,GPU_COMPUTE,step0.layer26.qkv,2751.837040000,1.018432000,2752.855472000,step0.layer26.qkv,QK norm and RoPE
0,26,step0.layer26.attention,attention,PIM_COMPUTE,step0.layer26.rope,2752.855472000,18.905016000,2771.760488000,step0.layer26.rope,decode attention from Ramulator cycle-v0 table
0,26,step0.layer26.o_proj,attention_output,GPU_COMPUTE,step0.layer26.attention,2771.760488000,3.109440000,2774.869928000,step0.layer26.attention,attention output projection
0,26,step0.layer26.residual1,residual,GPU_COMPUTE,step0.layer26.o_proj,2774.869928000,1.012288000,2775.882216000,step0.layer26.o_proj,residual add
0,26,step0.layer26.norm2,norm,GPU_COMPUTE,step0.layer26.residual1,2775.882216000,1.008192000,2776.890408000,step0.layer26.residual1,RMSNorm
0,26,step0.layer26.router,router,GPU_COMPUTE,step0.layer26.norm2,2776.890408000,2.069888000,2778.960296000,step0.layer26.norm2,MoE router
0,26,step0.layer26.metadata,metadata,GPU_COMPUTE,step0.layer26.router,2778.960296000,1.000128000,2779.960424000,step0.layer26.router,routing metadata
0,26,step0.layer26.dispatch,dispatch,,step0.layer26.metadata,2779.960424000,0.000000000,2779.960424000,step0.layer26.metadata,single-GPU dispatch placeholder
0,26,step0.layer26.scheduler,scheduler,GPU_COMPUTE,step0.layer26.metadata,2779.960424000,20.000000000,2799.960424000,step0.layer26.metadata,sieve-fixed-16-cycle-v1 placement policy
0,26,step0.layer26.gpu_weight_load,gpu_weight_load,,step0.layer26.scheduler,2799.960424000,47.121984000,2847.082408000,step0.layer26.scheduler,ordinary GPU HBM reads from mixed Ramulator cycle-v1 run
0,26,step0.layer26.gpu_expert_compute,gpu_expert,GPU_COMPUTE,step0.layer26.gpu_weight_load;step0.layer26.dispatch,2847.082408000,3.130023424,2850.212431424,step0.layer26.gpu_weight_load,grouped expert GEMM
0,26,step0.layer26.pim_gwrite,pim_write,,step0.layer26.scheduler;step0.layer26.dispatch,2799.960424000,9.951864000,2809.912288000,step0.layer26.scheduler,PIM_GWRITE milestone from mixed Ramulator cycle-v1 run
0,26,step0.layer26.pim_expert_compute,pim_expert,,step0.layer26.pim_gwrite,2809.912288000,40.823640000,2850.735928000,step0.layer26.pim_gwrite,PIM_MAC milestone delta from mixed Ramulator cycle-v1 run
0,26,step0.layer26.pim_read,pim_read,,step0.layer26.pim_expert_compute,2850.735928000,0.069264000,2850.805192000,step0.layer26.pim_expert_compute,PIM_READ milestone delta from mixed Ramulator cycle-v1 run
0,26,step0.layer26.combine,combine,GPU_COMPUTE,step0.layer26.gpu_expert_compute;step0.layer26.pim_read,2850.805192000,1.036864000,2851.842056000,step0.layer26.pim_read,weighted expert combine
0,26,step0.layer26.residual2,residual,GPU_COMPUTE,step0.layer26.combine,2851.842056000,1.012288000,2852.854344000,step0.layer26.combine,residual add
0,27,step0.layer27.norm1,norm,GPU_COMPUTE,step0.layer26.residual2,2852.854344000,1.008192000,2853.862536000,step0.layer26.residual2,RMSNorm
0,27,step0.layer27.qkv,qkv,GPU_COMPUTE,step0.layer27.norm1,2853.862536000,3.635776000,2857.498312000,step0.layer27.norm1,QKV projection
0,27,step0.layer27.rope,rope,GPU_COMPUTE,step0.layer27.qkv,2857.498312000,1.018432000,2858.516744000,step0.layer27.qkv,QK norm and RoPE
0,27,step0.layer27.attention,attention,PIM_COMPUTE,step0.layer27.rope,2858.516744000,18.905016000,2877.421760000,step0.layer27.rope,decode attention from Ramulator cycle-v0 table
0,27,step0.layer27.o_proj,attention_output,GPU_COMPUTE,step0.layer27.attention,2877.421760000,3.109440000,2880.531200000,step0.layer27.attention,attention output projection
0,27,step0.layer27.residual1,residual,GPU_COMPUTE,step0.layer27.o_proj,2880.531200000,1.012288000,2881.543488000,step0.layer27.o_proj,residual add
0,27,step0.layer27.norm2,norm,GPU_COMPUTE,step0.layer27.residual1,2881.543488000,1.008192000,2882.551680000,step0.layer27.residual1,RMSNorm
0,27,step0.layer27.router,router,GPU_COMPUTE,step0.layer27.norm2,2882.551680000,2.069888000,2884.621568000,step0.layer27.norm2,MoE router
0,27,step0.layer27.metadata,metadata,GPU_COMPUTE,step0.layer27.router,2884.621568000,1.000128000,2885.621696000,step0.layer27.router,routing metadata
0,27,step0.layer27.dispatch,dispatch,,step0.layer27.metadata,2885.621696000,0.000000000,2885.621696000,step0.layer27.metadata,single-GPU dispatch placeholder
0,27,step0.layer27.scheduler,scheduler,GPU_COMPUTE,step0.layer27.metadata,2885.621696000,20.000000000,2905.621696000,step0.layer27.metadata,sieve-fixed-16-cycle-v1 placement policy
0,27,step0.layer27.gpu_weight_load,gpu_weight_load,,step0.layer27.scheduler,2905.621696000,47.121984000,2952.743680000,step0.layer27.scheduler,ordinary GPU HBM reads from mixed Ramulator cycle-v1 run
0,27,step0.layer27.gpu_expert_compute,gpu_expert,GPU_COMPUTE,step0.layer27.gpu_weight_load;step0.layer27.dispatch,2952.743680000,3.130023424,2955.873703424,step0.layer27.gpu_weight_load,grouped expert GEMM
0,27,step0.layer27.pim_gwrite,pim_write,,step0.layer27.scheduler;step0.layer27.dispatch,2905.621696000,9.951864000,2915.573560000,step0.layer27.scheduler,PIM_GWRITE milestone from mixed Ramulator cycle-v1 run
0,27,step0.layer27.pim_expert_compute,pim_expert,,step0.layer27.pim_gwrite,2915.573560000,40.823640000,2956.397200000,step0.layer27.pim_gwrite,PIM_MAC milestone delta from mixed Ramulator cycle-v1 run
0,27,step0.layer27.pim_read,pim_read,,step0.layer27.pim_expert_compute,2956.397200000,0.069264000,2956.466464000,step0.layer27.pim_expert_compute,PIM_READ milestone delta from mixed Ramulator cycle-v1 run
0,27,step0.layer27.combine,combine,GPU_COMPUTE,step0.layer27.gpu_expert_compute;step0.layer27.pim_read,2956.466464000,1.036864000,2957.503328000,step0.layer27.pim_read,weighted expert combine
0,27,step0.layer27.residual2,residual,GPU_COMPUTE,step0.layer27.combine,2957.503328000,1.012288000,2958.515616000,step0.layer27.combine,residual add
0,28,step0.layer28.norm1,norm,GPU_COMPUTE,step0.layer27.residual2,2958.515616000,1.008192000,2959.523808000,step0.layer27.residual2,RMSNorm
0,28,step0.layer28.qkv,qkv,GPU_COMPUTE,step0.layer28.norm1,2959.523808000,3.635776000,2963.159584000,step0.layer28.norm1,QKV projection
0,28,step0.layer28.rope,rope,GPU_COMPUTE,step0.layer28.qkv,2963.159584000,1.018432000,2964.178016000,step0.layer28.qkv,QK norm and RoPE
0,28,step0.layer28.attention,attention,PIM_COMPUTE,step0.layer28.rope,2964.178016000,18.905016000,2983.083032000,step0.layer28.rope,decode attention from Ramulator cycle-v0 table
0,28,step0.layer28.o_proj,attention_output,GPU_COMPUTE,step0.layer28.attention,2983.083032000,3.109440000,2986.192472000,step0.layer28.attention,attention output projection
0,28,step0.layer28.residual1,residual,GPU_COMPUTE,step0.layer28.o_proj,2986.192472000,1.012288000,2987.204760000,step0.layer28.o_proj,residual add
0,28,step0.layer28.norm2,norm,GPU_COMPUTE,step0.layer28.residual1,2987.204760000,1.008192000,2988.212952000,step0.layer28.residual1,RMSNorm
0,28,step0.layer28.router,router,GPU_COMPUTE,step0.layer28.norm2,2988.212952000,2.069888000,2990.282840000,step0.layer28.norm2,MoE router
0,28,step0.layer28.metadata,metadata,GPU_COMPUTE,step0.layer28.router,2990.282840000,1.000128000,2991.282968000,step0.layer28.router,routing metadata
0,28,step0.layer28.dispatch,dispatch,,step0.layer28.metadata,2991.282968000,0.000000000,2991.282968000,step0.layer28.metadata,single-GPU dispatch placeholder
0,28,step0.layer28.scheduler,scheduler,GPU_COMPUTE,step0.layer28.metadata,2991.282968000,20.000000000,3011.282968000,step0.layer28.metadata,sieve-fixed-16-cycle-v1 placement policy
0,28,step0.layer28.gpu_weight_load,gpu_weight_load,,step0.layer28.scheduler,3011.282968000,47.121984000,3058.404952000,step0.layer28.scheduler,ordinary GPU HBM reads from mixed Ramulator cycle-v1 run
0,28,step0.layer28.gpu_expert_compute,gpu_expert,GPU_COMPUTE,step0.layer28.gpu_weight_load;step0.layer28.dispatch,3058.404952000,3.130023424,3061.534975424,step0.layer28.gpu_weight_load,grouped expert GEMM
0,28,step0.layer28.pim_gwrite,pim_write,,step0.layer28.scheduler;step0.layer28.dispatch,3011.282968000,9.951864000,3021.234832000,step0.layer28.scheduler,PIM_GWRITE milestone from mixed Ramulator cycle-v1 run
0,28,step0.layer28.pim_expert_compute,pim_expert,,step0.layer28.pim_gwrite,3021.234832000,40.823640000,3062.058472000,step0.layer28.pim_gwrite,PIM_MAC milestone delta from mixed Ramulator cycle-v1 run
0,28,step0.layer28.pim_read,pim_read,,step0.layer28.pim_expert_compute,3062.058472000,0.069264000,3062.127736000,step0.layer28.pim_expert_compute,PIM_READ milestone delta from mixed Ramulator cycle-v1 run
0,28,step0.layer28.combine,combine,GPU_COMPUTE,step0.layer28.gpu_expert_compute;step0.layer28.pim_read,3062.127736000,1.036864000,3063.164600000,step0.layer28.pim_read,weighted expert combine
0,28,step0.layer28.residual2,residual,GPU_COMPUTE,step0.layer28.combine,3063.164600000,1.012288000,3064.176888000,step0.layer28.combine,residual add
0,29,step0.layer29.norm1,norm,GPU_COMPUTE,step0.layer28.residual2,3064.176888000,1.008192000,3065.185080000,step0.layer28.residual2,RMSNorm
0,29,step0.layer29.qkv,qkv,GPU_COMPUTE,step0.layer29.norm1,3065.185080000,3.635776000,3068.820856000,step0.layer29.norm1,QKV projection
0,29,step0.layer29.rope,rope,GPU_COMPUTE,step0.layer29.qkv,3068.820856000,1.018432000,3069.839288000,step0.layer29.qkv,QK norm and RoPE
0,29,step0.layer29.attention,attention,PIM_COMPUTE,step0.layer29.rope,3069.839288000,18.905016000,3088.744304000,step0.layer29.rope,decode attention from Ramulator cycle-v0 table
0,29,step0.layer29.o_proj,attention_output,GPU_COMPUTE,step0.layer29.attention,3088.744304000,3.109440000,3091.853744000,step0.layer29.attention,attention output projection
0,29,step0.layer29.residual1,residual,GPU_COMPUTE,step0.layer29.o_proj,3091.853744000,1.012288000,3092.866032000,step0.layer29.o_proj,residual add
0,29,step0.layer29.norm2,norm,GPU_COMPUTE,step0.layer29.residual1,3092.866032000,1.008192000,3093.874224000,step0.layer29.residual1,RMSNorm
0,29,step0.layer29.router,router,GPU_COMPUTE,step0.layer29.norm2,3093.874224000,2.069888000,3095.944112000,step0.layer29.norm2,MoE router
0,29,step0.layer29.metadata,metadata,GPU_COMPUTE,step0.layer29.router,3095.944112000,1.000128000,3096.944240000,step0.layer29.router,routing metadata
0,29,step0.layer29.dispatch,dispatch,,step0.layer29.metadata,3096.944240000,0.000000000,3096.944240000,step0.layer29.metadata,single-GPU dispatch placeholder
0,29,step0.layer29.scheduler,scheduler,GPU_COMPUTE,step0.layer29.metadata,3096.944240000,20.000000000,3116.944240000,step0.layer29.metadata,sieve-fixed-16-cycle-v1 placement policy
0,29,step0.layer29.gpu_weight_load,gpu_weight_load,,step0.layer29.scheduler,3116.944240000,47.121984000,3164.066224000,step0.layer29.scheduler,ordinary GPU HBM reads from mixed Ramulator cycle-v1 run
0,29,step0.layer29.gpu_expert_compute,gpu_expert,GPU_COMPUTE,step0.layer29.gpu_weight_load;step0.layer29.dispatch,3164.066224000,3.130023424,3167.196247424,step0.layer29.gpu_weight_load,grouped expert GEMM
0,29,step0.layer29.pim_gwrite,pim_write,,step0.layer29.scheduler;step0.layer29.dispatch,3116.944240000,9.951864000,3126.896104000,step0.layer29.scheduler,PIM_GWRITE milestone from mixed Ramulator cycle-v1 run
0,29,step0.layer29.pim_expert_compute,pim_expert,,step0.layer29.pim_gwrite,3126.896104000,40.823640000,3167.719744000,step0.layer29.pim_gwrite,PIM_MAC milestone delta from mixed Ramulator cycle-v1 run
0,29,step0.layer29.pim_read,pim_read,,step0.layer29.pim_expert_compute,3167.719744000,0.069264000,3167.789008000,step0.layer29.pim_expert_compute,PIM_READ milestone delta from mixed Ramulator cycle-v1 run
0,29,step0.layer29.combine,combine,GPU_COMPUTE,step0.layer29.gpu_expert_compute;step0.layer29.pim_read,3167.789008000,1.036864000,3168.825872000,step0.layer29.pim_read,weighted expert combine
0,29,step0.layer29.residual2,residual,GPU_COMPUTE,step0.layer29.combine,3168.825872000,1.012288000,3169.838160000,step0.layer29.combine,residual add
0,30,step0.layer30.norm1,norm,GPU_COMPUTE,step0.layer29.residual2,3169.838160000,1.008192000,3170.846352000,step0.layer29.residual2,RMSNorm
0,30,step0.layer30.qkv,qkv,GPU_COMPUTE,step0.layer30.norm1,3170.846352000,3.635776000,3174.482128000,step0.layer30.norm1,QKV projection
0,30,step0.layer30.rope,rope,GPU_COMPUTE,step0.layer30.qkv,3174.482128000,1.018432000,3175.500560000,step0.layer30.qkv,QK norm and RoPE
0,30,step0.layer30.attention,attention,PIM_COMPUTE,step0.layer30.rope,3175.500560000,18.905016000,3194.405576000,step0.layer30.rope,decode attention from Ramulator cycle-v0 table
0,30,step0.layer30.o_proj,attention_output,GPU_COMPUTE,step0.layer30.attention,3194.405576000,3.109440000,3197.515016000,step0.layer30.attention,attention output projection
0,30,step0.layer30.residual1,residual,GPU_COMPUTE,step0.layer30.o_proj,3197.515016000,1.012288000,3198.527304000,step0.layer30.o_proj,residual add
0,30,step0.layer30.norm2,norm,GPU_COMPUTE,step0.layer30.residual1,3198.527304000,1.008192000,3199.535496000,step0.layer30.residual1,RMSNorm
0,30,step0.layer30.router,router,GPU_COMPUTE,step0.layer30.norm2,3199.535496000,2.069888000,3201.605384000,step0.layer30.norm2,MoE router
0,30,step0.layer30.metadata,metadata,GPU_COMPUTE,step0.layer30.router,3201.605384000,1.000128000,3202.605512000,step0.layer30.router,routing metadata
0,30,step0.layer30.dispatch,dispatch,,step0.layer30.metadata,3202.605512000,0.000000000,3202.605512000,step0.layer30.metadata,single-GPU dispatch placeholder
0,30,step0.layer30.scheduler,scheduler,GPU_COMPUTE,step0.layer30.metadata,3202.605512000,20.000000000,3222.605512000,step0.layer30.metadata,sieve-fixed-16-cycle-v1 placement policy
0,30,step0.layer30.gpu_weight_load,gpu_weight_load,,step0.layer30.scheduler,3222.605512000,47.121984000,3269.727496000,step0.layer30.scheduler,ordinary GPU HBM reads from mixed Ramulator cycle-v1 run
0,30,step0.layer30.gpu_expert_compute,gpu_expert,GPU_COMPUTE,step0.layer30.gpu_weight_load;step0.layer30.dispatch,3269.727496000,3.130023424,3272.857519424,step0.layer30.gpu_weight_load,grouped expert GEMM
0,30,step0.layer30.pim_gwrite,pim_write,,step0.layer30.scheduler;step0.layer30.dispatch,3222.605512000,9.951864000,3232.557376000,step0.layer30.scheduler,PIM_GWRITE milestone from mixed Ramulator cycle-v1 run
0,30,step0.layer30.pim_expert_compute,pim_expert,,step0.layer30.pim_gwrite,3232.557376000,40.823640000,3273.381016000,step0.layer30.pim_gwrite,PIM_MAC milestone delta from mixed Ramulator cycle-v1 run
0,30,step0.layer30.pim_read,pim_read,,step0.layer30.pim_expert_compute,3273.381016000,0.069264000,3273.450280000,step0.layer30.pim_expert_compute,PIM_READ milestone delta from mixed Ramulator cycle-v1 run
0,30,step0.layer30.combine,combine,GPU_COMPUTE,step0.layer30.gpu_expert_compute;step0.layer30.pim_read,3273.450280000,1.036864000,3274.487144000,step0.layer30.pim_read,weighted expert combine
0,30,step0.layer30.residual2,residual,GPU_COMPUTE,step0.layer30.combine,3274.487144000,1.012288000,3275.499432000,step0.layer30.combine,residual add
0,31,step0.layer31.norm1,norm,GPU_COMPUTE,step0.layer30.residual2,3275.499432000,1.008192000,3276.507624000,step0.layer30.residual2,RMSNorm
0,31,step0.layer31.qkv,qkv,GPU_COMPUTE,step0.layer31.norm1,3276.507624000,3.635776000,3280.143400000,step0.layer31.norm1,QKV projection
0,31,step0.layer31.rope,rope,GPU_COMPUTE,step0.layer31.qkv,3280.143400000,1.018432000,3281.161832000,step0.layer31.qkv,QK norm and RoPE
0,31,step0.layer31.attention,attention,PIM_COMPUTE,step0.layer31.rope,3281.161832000,18.905016000,3300.066848000,step0.layer31.rope,decode attention from Ramulator cycle-v0 table
0,31,step0.layer31.o_proj,attention_output,GPU_COMPUTE,step0.layer31.attention,3300.066848000,3.109440000,3303.176288000,step0.layer31.attention,attention output projection
0,31,step0.layer31.residual1,residual,GPU_COMPUTE,step0.layer31.o_proj,3303.176288000,1.012288000,3304.188576000,step0.layer31.o_proj,residual add
0,31,step0.layer31.norm2,norm,GPU_COMPUTE,step0.layer31.residual1,3304.188576000,1.008192000,3305.196768000,step0.layer31.residual1,RMSNorm
0,31,step0.layer31.router,router,GPU_COMPUTE,step0.layer31.norm2,3305.196768000,2.069888000,3307.266656000,step0.layer31.norm2,MoE router
0,31,step0.layer31.metadata,metadata,GPU_COMPUTE,step0.layer31.router,3307.266656000,1.000128000,3308.266784000,step0.layer31.router,routing metadata
0,31,step0.layer31.dispatch,dispatch,,step0.layer31.metadata,3308.266784000,0.000000000,3308.266784000,step0.layer31.metadata,single-GPU dispatch placeholder
0,31,step0.layer31.scheduler,scheduler,GPU_COMPUTE,step0.layer31.metadata,3308.266784000,20.000000000,3328.266784000,step0.layer31.metadata,sieve-fixed-16-cycle-v1 placement policy
0,31,step0.layer31.gpu_weight_load,gpu_weight_load,,step0.layer31.scheduler,3328.266784000,47.121984000,3375.388768000,step0.layer31.scheduler,ordinary GPU HBM reads from mixed Ramulator cycle-v1 run
0,31,step0.layer31.gpu_expert_compute,gpu_expert,GPU_COMPUTE,step0.layer31.gpu_weight_load;step0.layer31.dispatch,3375.388768000,3.130023424,3378.518791424,step0.layer31.gpu_weight_load,grouped expert GEMM
0,31,step0.layer31.pim_gwrite,pim_write,,step0.layer31.scheduler;step0.layer31.dispatch,3328.266784000,9.951864000,3338.218648000,step0.layer31.scheduler,PIM_GWRITE milestone from mixed Ramulator cycle-v1 run
0,31,step0.layer31.pim_expert_compute,pim_expert,,step0.layer31.pim_gwrite,3338.218648000,40.823640000,3379.042288000,step0.layer31.pim_gwrite,PIM_MAC milestone delta from mixed Ramulator cycle-v1 run
0,31,step0.layer31.pim_read,pim_read,,step0.layer31.pim_expert_compute,3379.042288000,0.069264000,3379.111552000,step0.layer31.pim_expert_compute,PIM_READ milestone delta from mixed Ramulator cycle-v1 run
0,31,step0.layer31.combine,combine,GPU_COMPUTE,step0.layer31.gpu_expert_compute;step0.layer31.pim_read,3379.111552000,1.036864000,3380.148416000,step0.layer31.pim_read,weighted expert combine
0,31,step0.layer31.residual2,residual,GPU_COMPUTE,step0.layer31.combine,3380.148416000,1.012288000,3381.160704000,step0.layer31.combine,residual add
0,32,step0.layer32.norm1,norm,GPU_COMPUTE,step0.layer31.residual2,3381.160704000,1.008192000,3382.168896000,step0.layer31.residual2,RMSNorm
0,32,step0.layer32.qkv,qkv,GPU_COMPUTE,step0.layer32.norm1,3382.168896000,3.635776000,3385.804672000,step0.layer32.norm1,QKV projection
0,32,step0.layer32.rope,rope,GPU_COMPUTE,step0.layer32.qkv,3385.804672000,1.018432000,3386.823104000,step0.layer32.qkv,QK norm and RoPE
0,32,step0.layer32.attention,attention,PIM_COMPUTE,step0.layer32.rope,3386.823104000,18.905016000,3405.728120000,step0.layer32.rope,decode attention from Ramulator cycle-v0 table
0,32,step0.layer32.o_proj,attention_output,GPU_COMPUTE,step0.layer32.attention,3405.728120000,3.109440000,3408.837560000,step0.layer32.attention,attention output projection
0,32,step0.layer32.residual1,residual,GPU_COMPUTE,step0.layer32.o_proj,3408.837560000,1.012288000,3409.849848000,step0.layer32.o_proj,residual add
0,32,step0.layer32.norm2,norm,GPU_COMPUTE,step0.layer32.residual1,3409.849848000,1.008192000,3410.858040000,step0.layer32.residual1,RMSNorm
0,32,step0.layer32.router,router,GPU_COMPUTE,step0.layer32.norm2,3410.858040000,2.069888000,3412.927928000,step0.layer32.norm2,MoE router
0,32,step0.layer32.metadata,metadata,GPU_COMPUTE,step0.layer32.router,3412.927928000,1.000128000,3413.928056000,step0.layer32.router,routing metadata
0,32,step0.layer32.dispatch,dispatch,,step0.layer32.metadata,3413.928056000,0.000000000,3413.928056000,step0.layer32.metadata,single-GPU dispatch placeholder
0,32,step0.layer32.scheduler,scheduler,GPU_COMPUTE,step0.layer32.metadata,3413.928056000,20.000000000,3433.928056000,step0.layer32.metadata,sieve-fixed-16-cycle-v1 placement policy
0,32,step0.layer32.gpu_weight_load,gpu_weight_load,,step0.layer32.scheduler,3433.928056000,47.121984000,3481.050040000,step0.layer32.scheduler,ordinary GPU HBM reads from mixed Ramulator cycle-v1 run
0,32,step0.layer32.gpu_expert_compute,gpu_expert,GPU_COMPUTE,step0.layer32.gpu_weight_load;step0.layer32.dispatch,3481.050040000,3.130023424,3484.180063424,step0.layer32.gpu_weight_load,grouped expert GEMM
0,32,step0.layer32.pim_gwrite,pim_write,,step0.layer32.scheduler;step0.layer32.dispatch,3433.928056000,9.951864000,3443.879920000,step0.layer32.scheduler,PIM_GWRITE milestone from mixed Ramulator cycle-v1 run
0,32,step0.layer32.pim_expert_compute,pim_expert,,step0.layer32.pim_gwrite,3443.879920000,40.823640000,3484.703560000,step0.layer32.pim_gwrite,PIM_MAC milestone delta from mixed Ramulator cycle-v1 run
0,32,step0.layer32.pim_read,pim_read,,step0.layer32.pim_expert_compute,3484.703560000,0.069264000,3484.772824000,step0.layer32.pim_expert_compute,PIM_READ milestone delta from mixed Ramulator cycle-v1 run
0,32,step0.layer32.combine,combine,GPU_COMPUTE,step0.layer32.gpu_expert_compute;step0.layer32.pim_read,3484.772824000,1.036864000,3485.809688000,step0.layer32.pim_read,weighted expert combine
0,32,step0.layer32.residual2,residual,GPU_COMPUTE,step0.layer32.combine,3485.809688000,1.012288000,3486.821976000,step0.layer32.combine,residual add
0,33,step0.layer33.norm1,norm,GPU_COMPUTE,step0.layer32.residual2,3486.821976000,1.008192000,3487.830168000,step0.layer32.residual2,RMSNorm
0,33,step0.layer33.qkv,qkv,GPU_COMPUTE,step0.layer33.norm1,3487.830168000,3.635776000,3491.465944000,step0.layer33.norm1,QKV projection
0,33,step0.layer33.rope,rope,GPU_COMPUTE,step0.layer33.qkv,3491.465944000,1.018432000,3492.484376000,step0.layer33.qkv,QK norm and RoPE
0,33,step0.layer33.attention,attention,PIM_COMPUTE,step0.layer33.rope,3492.484376000,18.905016000,3511.389392000,step0.layer33.rope,decode attention from Ramulator cycle-v0 table
0,33,step0.layer33.o_proj,attention_output,GPU_COMPUTE,step0.layer33.attention,3511.389392000,3.109440000,3514.498832000,step0.layer33.attention,attention output projection
0,33,step0.layer33.residual1,residual,GPU_COMPUTE,step0.layer33.o_proj,3514.498832000,1.012288000,3515.511120000,step0.layer33.o_proj,residual add
0,33,step0.layer33.norm2,norm,GPU_COMPUTE,step0.layer33.residual1,3515.511120000,1.008192000,3516.519312000,step0.layer33.residual1,RMSNorm
0,33,step0.layer33.router,router,GPU_COMPUTE,step0.layer33.norm2,3516.519312000,2.069888000,3518.589200000,step0.layer33.norm2,MoE router
0,33,step0.layer33.metadata,metadata,GPU_COMPUTE,step0.layer33.router,3518.589200000,1.000128000,3519.589328000,step0.layer33.router,routing metadata
0,33,step0.layer33.dispatch,dispatch,,step0.layer33.metadata,3519.589328000,0.000000000,3519.589328000,step0.layer33.metadata,single-GPU dispatch placeholder
0,33,step0.layer33.scheduler,scheduler,GPU_COMPUTE,step0.layer33.metadata,3519.589328000,20.000000000,3539.589328000,step0.layer33.metadata,sieve-fixed-16-cycle-v1 placement policy
0,33,step0.layer33.gpu_weight_load,gpu_weight_load,,step0.layer33.scheduler,3539.589328000,47.121984000,3586.711312000,step0.layer33.scheduler,ordinary GPU HBM reads from mixed Ramulator cycle-v1 run
0,33,step0.layer33.gpu_expert_compute,gpu_expert,GPU_COMPUTE,step0.layer33.gpu_weight_load;step0.layer33.dispatch,3586.711312000,3.130023424,3589.841335424,step0.layer33.gpu_weight_load,grouped expert GEMM
0,33,step0.layer33.pim_gwrite,pim_write,,step0.layer33.scheduler;step0.layer33.dispatch,3539.589328000,9.951864000,3549.541192000,step0.layer33.scheduler,PIM_GWRITE milestone from mixed Ramulator cycle-v1 run
0,33,step0.layer33.pim_expert_compute,pim_expert,,step0.layer33.pim_gwrite,3549.541192000,40.823640000,3590.364832000,step0.layer33.pim_gwrite,PIM_MAC milestone delta from mixed Ramulator cycle-v1 run
0,33,step0.layer33.pim_read,pim_read,,step0.layer33.pim_expert_compute,3590.364832000,0.069264000,3590.434096000,step0.layer33.pim_expert_compute,PIM_READ milestone delta from mixed Ramulator cycle-v1 run
0,33,step0.layer33.combine,combine,GPU_COMPUTE,step0.layer33.gpu_expert_compute;step0.layer33.pim_read,3590.434096000,1.036864000,3591.470960000,step0.layer33.pim_read,weighted expert combine
0,33,step0.layer33.residual2,residual,GPU_COMPUTE,step0.layer33.combine,3591.470960000,1.012288000,3592.483248000,step0.layer33.combine,residual add
0,34,step0.layer34.norm1,norm,GPU_COMPUTE,step0.layer33.residual2,3592.483248000,1.008192000,3593.491440000,step0.layer33.residual2,RMSNorm
0,34,step0.layer34.qkv,qkv,GPU_COMPUTE,step0.layer34.norm1,3593.491440000,3.635776000,3597.127216000,step0.layer34.norm1,QKV projection
0,34,step0.layer34.rope,rope,GPU_COMPUTE,step0.layer34.qkv,3597.127216000,1.018432000,3598.145648000,step0.layer34.qkv,QK norm and RoPE
0,34,step0.layer34.attention,attention,PIM_COMPUTE,step0.layer34.rope,3598.145648000,18.905016000,3617.050664000,step0.layer34.rope,decode attention from Ramulator cycle-v0 table
0,34,step0.layer34.o_proj,attention_output,GPU_COMPUTE,step0.layer34.attention,3617.050664000,3.109440000,3620.160104000,step0.layer34.attention,attention output projection
0,34,step0.layer34.residual1,residual,GPU_COMPUTE,step0.layer34.o_proj,3620.160104000,1.012288000,3621.172392000,step0.layer34.o_proj,residual add
0,34,step0.layer34.norm2,norm,GPU_COMPUTE,step0.layer34.residual1,3621.172392000,1.008192000,3622.180584000,step0.layer34.residual1,RMSNorm
0,34,step0.layer34.router,router,GPU_COMPUTE,step0.layer34.norm2,3622.180584000,2.069888000,3624.250472000,step0.layer34.norm2,MoE router
0,34,step0.layer34.metadata,metadata,GPU_COMPUTE,step0.layer34.router,3624.250472000,1.000128000,3625.250600000,step0.layer34.router,routing metadata
0,34,step0.layer34.dispatch,dispatch,,step0.layer34.metadata,3625.250600000,0.000000000,3625.250600000,step0.layer34.metadata,single-GPU dispatch placeholder
0,34,step0.layer34.scheduler,scheduler,GPU_COMPUTE,step0.layer34.metadata,3625.250600000,20.000000000,3645.250600000,step0.layer34.metadata,sieve-fixed-16-cycle-v1 placement policy
0,34,step0.layer34.gpu_weight_load,gpu_weight_load,,step0.layer34.scheduler,3645.250600000,47.121984000,3692.372584000,step0.layer34.scheduler,ordinary GPU HBM reads from mixed Ramulator cycle-v1 run
0,34,step0.layer34.gpu_expert_compute,gpu_expert,GPU_COMPUTE,step0.layer34.gpu_weight_load;step0.layer34.dispatch,3692.372584000,3.130023424,3695.502607424,step0.layer34.gpu_weight_load,grouped expert GEMM
0,34,step0.layer34.pim_gwrite,pim_write,,step0.layer34.scheduler;step0.layer34.dispatch,3645.250600000,9.951864000,3655.202464000,step0.layer34.scheduler,PIM_GWRITE milestone from mixed Ramulator cycle-v1 run
0,34,step0.layer34.pim_expert_compute,pim_expert,,step0.layer34.pim_gwrite,3655.202464000,40.823640000,3696.026104000,step0.layer34.pim_gwrite,PIM_MAC milestone delta from mixed Ramulator cycle-v1 run
0,34,step0.layer34.pim_read,pim_read,,step0.layer34.pim_expert_compute,3696.026104000,0.069264000,3696.095368000,step0.layer34.pim_expert_compute,PIM_READ milestone delta from mixed Ramulator cycle-v1 run
0,34,step0.layer34.combine,combine,GPU_COMPUTE,step0.layer34.gpu_expert_compute;step0.layer34.pim_read,3696.095368000,1.036864000,3697.132232000,step0.layer34.pim_read,weighted expert combine
0,34,step0.layer34.residual2,residual,GPU_COMPUTE,step0.layer34.combine,3697.132232000,1.012288000,3698.144520000,step0.layer34.combine,residual add
0,35,step0.layer35.norm1,norm,GPU_COMPUTE,step0.layer34.residual2,3698.144520000,1.008192000,3699.152712000,step0.layer34.residual2,RMSNorm
0,35,step0.layer35.qkv,qkv,GPU_COMPUTE,step0.layer35.norm1,3699.152712000,3.635776000,3702.788488000,step0.layer35.norm1,QKV projection
0,35,step0.layer35.rope,rope,GPU_COMPUTE,step0.layer35.qkv,3702.788488000,1.018432000,3703.806920000,step0.layer35.qkv,QK norm and RoPE
0,35,step0.layer35.attention,attention,PIM_COMPUTE,step0.layer35.rope,3703.806920000,18.905016000,3722.711936000,step0.layer35.rope,decode attention from Ramulator cycle-v0 table
0,35,step0.layer35.o_proj,attention_output,GPU_COMPUTE,step0.layer35.attention,3722.711936000,3.109440000,3725.821376000,step0.layer35.attention,attention output projection
0,35,step0.layer35.residual1,residual,GPU_COMPUTE,step0.layer35.o_proj,3725.821376000,1.012288000,3726.833664000,step0.layer35.o_proj,residual add
0,35,step0.layer35.norm2,norm,GPU_COMPUTE,step0.layer35.residual1,3726.833664000,1.008192000,3727.841856000,step0.layer35.residual1,RMSNorm
0,35,step0.layer35.router,router,GPU_COMPUTE,step0.layer35.norm2,3727.841856000,2.069888000,3729.911744000,step0.layer35.norm2,MoE router
0,35,step0.layer35.metadata,metadata,GPU_COMPUTE,step0.layer35.router,3729.911744000,1.000128000,3730.911872000,step0.layer35.router,routing metadata
0,35,step0.layer35.dispatch,dispatch,,step0.layer35.metadata,3730.911872000,0.000000000,3730.911872000,step0.layer35.metadata,single-GPU dispatch placeholder
0,35,step0.layer35.scheduler,scheduler,GPU_COMPUTE,step0.layer35.metadata,3730.911872000,20.000000000,3750.911872000,step0.layer35.metadata,sieve-fixed-16-cycle-v1 placement policy
0,35,step0.layer35.gpu_weight_load,gpu_weight_load,,step0.layer35.scheduler,3750.911872000,47.121984000,3798.033856000,step0.layer35.scheduler,ordinary GPU HBM reads from mixed Ramulator cycle-v1 run
0,35,step0.layer35.gpu_expert_compute,gpu_expert,GPU_COMPUTE,step0.layer35.gpu_weight_load;step0.layer35.dispatch,3798.033856000,3.130023424,3801.163879424,step0.layer35.gpu_weight_load,grouped expert GEMM
0,35,step0.layer35.pim_gwrite,pim_write,,step0.layer35.scheduler;step0.layer35.dispatch,3750.911872000,9.951864000,3760.863736000,step0.layer35.scheduler,PIM_GWRITE milestone from mixed Ramulator cycle-v1 run
0,35,step0.layer35.pim_expert_compute,pim_expert,,step0.layer35.pim_gwrite,3760.863736000,40.823640000,3801.687376000,step0.layer35.pim_gwrite,PIM_MAC milestone delta from mixed Ramulator cycle-v1 run
0,35,step0.layer35.pim_read,pim_read,,step0.layer35.pim_expert_compute,3801.687376000,0.069264000,3801.756640000,step0.layer35.pim_expert_compute,PIM_READ milestone delta from mixed Ramulator cycle-v1 run
0,35,step0.layer35.combine,combine,GPU_COMPUTE,step0.layer35.gpu_expert_compute;step0.layer35.pim_read,3801.756640000,1.036864000,3802.793504000,step0.layer35.pim_read,weighted expert combine
0,35,step0.layer35.residual2,residual,GPU_COMPUTE,step0.layer35.combine,3802.793504000,1.012288000,3803.805792000,step0.layer35.combine,residual add
0,36,step0.layer36.norm1,norm,GPU_COMPUTE,step0.layer35.residual2,3803.805792000,1.008192000,3804.813984000,step0.layer35.residual2,RMSNorm
0,36,step0.layer36.qkv,qkv,GPU_COMPUTE,step0.layer36.norm1,3804.813984000,3.635776000,3808.449760000,step0.layer36.norm1,QKV projection
0,36,step0.layer36.rope,rope,GPU_COMPUTE,step0.layer36.qkv,3808.449760000,1.018432000,3809.468192000,step0.layer36.qkv,QK norm and RoPE
0,36,step0.layer36.attention,attention,PIM_COMPUTE,step0.layer36.rope,3809.468192000,18.905016000,3828.373208000,step0.layer36.rope,decode attention from Ramulator cycle-v0 table
0,36,step0.layer36.o_proj,attention_output,GPU_COMPUTE,step0.layer36.attention,3828.373208000,3.109440000,3831.482648000,step0.layer36.attention,attention output projection
0,36,step0.layer36.residual1,residual,GPU_COMPUTE,step0.layer36.o_proj,3831.482648000,1.012288000,3832.494936000,step0.layer36.o_proj,residual add
0,36,step0.layer36.norm2,norm,GPU_COMPUTE,step0.layer36.residual1,3832.494936000,1.008192000,3833.503128000,step0.layer36.residual1,RMSNorm
0,36,step0.layer36.router,router,GPU_COMPUTE,step0.layer36.norm2,3833.503128000,2.069888000,3835.573016000,step0.layer36.norm2,MoE router
0,36,step0.layer36.metadata,metadata,GPU_COMPUTE,step0.layer36.router,3835.573016000,1.000128000,3836.573144000,step0.layer36.router,routing metadata
0,36,step0.layer36.dispatch,dispatch,,step0.layer36.metadata,3836.573144000,0.000000000,3836.573144000,step0.layer36.metadata,single-GPU dispatch placeholder
0,36,step0.layer36.scheduler,scheduler,GPU_COMPUTE,step0.layer36.metadata,3836.573144000,20.000000000,3856.573144000,step0.layer36.metadata,sieve-fixed-16-cycle-v1 placement policy
0,36,step0.layer36.gpu_weight_load,gpu_weight_load,,step0.layer36.scheduler,3856.573144000,47.121984000,3903.695128000,step0.layer36.scheduler,ordinary GPU HBM reads from mixed Ramulator cycle-v1 run
0,36,step0.layer36.gpu_expert_compute,gpu_expert,GPU_COMPUTE,step0.layer36.gpu_weight_load;step0.layer36.dispatch,3903.695128000,3.130023424,3906.825151424,step0.layer36.gpu_weight_load,grouped expert GEMM
0,36,step0.layer36.pim_gwrite,pim_write,,step0.layer36.scheduler;step0.layer36.dispatch,3856.573144000,9.951864000,3866.525008000,step0.layer36.scheduler,PIM_GWRITE milestone from mixed Ramulator cycle-v1 run
0,36,step0.layer36.pim_expert_compute,pim_expert,,step0.layer36.pim_gwrite,3866.525008000,40.823640000,3907.348648000,step0.layer36.pim_gwrite,PIM_MAC milestone delta from mixed Ramulator cycle-v1 run
0,36,step0.layer36.pim_read,pim_read,,step0.layer36.pim_expert_compute,3907.348648000,0.069264000,3907.417912000,step0.layer36.pim_expert_compute,PIM_READ milestone delta from mixed Ramulator cycle-v1 run
0,36,step0.layer36.combine,combine,GPU_COMPUTE,step0.layer36.gpu_expert_compute;step0.layer36.pim_read,3907.417912000,1.036864000,3908.454776000,step0.layer36.pim_read,weighted expert combine
0,36,step0.layer36.residual2,residual,GPU_COMPUTE,step0.layer36.combine,3908.454776000,1.012288000,3909.467064000,step0.layer36.combine,residual add
0,37,step0.layer37.norm1,norm,GPU_COMPUTE,step0.layer36.residual2,3909.467064000,1.008192000,3910.475256000,step0.layer36.residual2,RMSNorm
0,37,step0.layer37.qkv,qkv,GPU_COMPUTE,step0.layer37.norm1,3910.475256000,3.635776000,3914.111032000,step0.layer37.norm1,QKV projection
0,37,step0.layer37.rope,rope,GPU_COMPUTE,step0.layer37.qkv,3914.111032000,1.018432000,3915.129464000,step0.layer37.qkv,QK norm and RoPE
0,37,step0.layer37.attention,attention,PIM_COMPUTE,step0.layer37.rope,3915.129464000,18.905016000,3934.034480000,step0.layer37.rope,decode attention from Ramulator cycle-v0 table
0,37,step0.layer37.o_proj,attention_output,GPU_COMPUTE,step0.layer37.attention,3934.034480000,3.109440000,3937.143920000,step0.layer37.attention,attention output projection
0,37,step0.layer37.residual1,residual,GPU_COMPUTE,step0.layer37.o_proj,3937.143920000,1.012288000,3938.156208000,step0.layer37.o_proj,residual add
0,37,step0.layer37.norm2,norm,GPU_COMPUTE,step0.layer37.residual1,3938.156208000,1.008192000,3939.164400000,step0.layer37.residual1,RMSNorm
0,37,step0.layer37.router,router,GPU_COMPUTE,step0.layer37.norm2,3939.164400000,2.069888000,3941.234288000,step0.layer37.norm2,MoE router
0,37,step0.layer37.metadata,metadata,GPU_COMPUTE,step0.layer37.router,3941.234288000,1.000128000,3942.234416000,step0.layer37.router,routing metadata
0,37,step0.layer37.dispatch,dispatch,,step0.layer37.metadata,3942.234416000,0.000000000,3942.234416000,step0.layer37.metadata,single-GPU dispatch placeholder
0,37,step0.layer37.scheduler,scheduler,GPU_COMPUTE,step0.layer37.metadata,3942.234416000,20.000000000,3962.234416000,step0.layer37.metadata,sieve-fixed-16-cycle-v1 placement policy
0,37,step0.layer37.gpu_weight_load,gpu_weight_load,,step0.layer37.scheduler,3962.234416000,47.121984000,4009.356400000,step0.layer37.scheduler,ordinary GPU HBM reads from mixed Ramulator cycle-v1 run
0,37,step0.layer37.gpu_expert_compute,gpu_expert,GPU_COMPUTE,step0.layer37.gpu_weight_load;step0.layer37.dispatch,4009.356400000,3.130023424,4012.486423424,step0.layer37.gpu_weight_load,grouped expert GEMM
0,37,step0.layer37.pim_gwrite,pim_write,,step0.layer37.scheduler;step0.layer37.dispatch,3962.234416000,9.951864000,3972.186280000,step0.layer37.scheduler,PIM_GWRITE milestone from mixed Ramulator cycle-v1 run
0,37,step0.layer37.pim_expert_compute,pim_expert,,step0.layer37.pim_gwrite,3972.186280000,40.823640000,4013.009920000,step0.layer37.pim_gwrite,PIM_MAC milestone delta from mixed Ramulator cycle-v1 run
0,37,step0.layer37.pim_read,pim_read,,step0.layer37.pim_expert_compute,4013.009920000,0.069264000,4013.079184000,step0.layer37.pim_expert_compute,PIM_READ milestone delta from mixed Ramulator cycle-v1 run
0,37,step0.layer37.combine,combine,GPU_COMPUTE,step0.layer37.gpu_expert_compute;step0.layer37.pim_read,4013.079184000,1.036864000,4014.116048000,step0.layer37.pim_read,weighted expert combine
0,37,step0.layer37.residual2,residual,GPU_COMPUTE,step0.layer37.combine,4014.116048000,1.012288000,4015.128336000,step0.layer37.combine,residual add
0,38,step0.layer38.norm1,norm,GPU_COMPUTE,step0.layer37.residual2,4015.128336000,1.008192000,4016.136528000,step0.layer37.residual2,RMSNorm
0,38,step0.layer38.qkv,qkv,GPU_COMPUTE,step0.layer38.norm1,4016.136528000,3.635776000,4019.772304000,step0.layer38.norm1,QKV projection
0,38,step0.layer38.rope,rope,GPU_COMPUTE,step0.layer38.qkv,4019.772304000,1.018432000,4020.790736000,step0.layer38.qkv,QK norm and RoPE
0,38,step0.layer38.attention,attention,PIM_COMPUTE,step0.layer38.rope,4020.790736000,18.905016000,4039.695752000,step0.layer38.rope,decode attention from Ramulator cycle-v0 table
0,38,step0.layer38.o_proj,attention_output,GPU_COMPUTE,step0.layer38.attention,4039.695752000,3.109440000,4042.805192000,step0.layer38.attention,attention output projection
0,38,step0.layer38.residual1,residual,GPU_COMPUTE,step0.layer38.o_proj,4042.805192000,1.012288000,4043.817480000,step0.layer38.o_proj,residual add
0,38,step0.layer38.norm2,norm,GPU_COMPUTE,step0.layer38.residual1,4043.817480000,1.008192000,4044.825672000,step0.layer38.residual1,RMSNorm
0,38,step0.layer38.router,router,GPU_COMPUTE,step0.layer38.norm2,4044.825672000,2.069888000,4046.895560000,step0.layer38.norm2,MoE router
0,38,step0.layer38.metadata,metadata,GPU_COMPUTE,step0.layer38.router,4046.895560000,1.000128000,4047.895688000,step0.layer38.router,routing metadata
0,38,step0.layer38.dispatch,dispatch,,step0.layer38.metadata,4047.895688000,0.000000000,4047.895688000,step0.layer38.metadata,single-GPU dispatch placeholder
0,38,step0.layer38.scheduler,scheduler,GPU_COMPUTE,step0.layer38.metadata,4047.895688000,20.000000000,4067.895688000,step0.layer38.metadata,sieve-fixed-16-cycle-v1 placement policy
0,38,step0.layer38.gpu_weight_load,gpu_weight_load,,step0.layer38.scheduler,4067.895688000,47.121984000,4115.017672000,step0.layer38.scheduler,ordinary GPU HBM reads from mixed Ramulator cycle-v1 run
0,38,step0.layer38.gpu_expert_compute,gpu_expert,GPU_COMPUTE,step0.layer38.gpu_weight_load;step0.layer38.dispatch,4115.017672000,3.130023424,4118.147695424,step0.layer38.gpu_weight_load,grouped expert GEMM
0,38,step0.layer38.pim_gwrite,pim_write,,step0.layer38.scheduler;step0.layer38.dispatch,4067.895688000,9.951864000,4077.847552000,step0.layer38.scheduler,PIM_GWRITE milestone from mixed Ramulator cycle-v1 run
0,38,step0.layer38.pim_expert_compute,pim_expert,,step0.layer38.pim_gwrite,4077.847552000,40.823640000,4118.671192000,step0.layer38.pim_gwrite,PIM_MAC milestone delta from mixed Ramulator cycle-v1 run
0,38,step0.layer38.pim_read,pim_read,,step0.layer38.pim_expert_compute,4118.671192000,0.069264000,4118.740456000,step0.layer38.pim_expert_compute,PIM_READ milestone delta from mixed Ramulator cycle-v1 run
0,38,step0.layer38.combine,combine,GPU_COMPUTE,step0.layer38.gpu_expert_compute;step0.layer38.pim_read,4118.740456000,1.036864000,4119.777320000,step0.layer38.pim_read,weighted expert combine
0,38,step0.layer38.residual2,residual,GPU_COMPUTE,step0.layer38.combine,4119.777320000,1.012288000,4120.789608000,step0.layer38.combine,residual add
0,39,step0.layer39.norm1,norm,GPU_COMPUTE,step0.layer38.residual2,4120.789608000,1.008192000,4121.797800000,step0.layer38.residual2,RMSNorm
0,39,step0.layer39.qkv,qkv,GPU_COMPUTE,step0.layer39.norm1,4121.797800000,3.635776000,4125.433576000,step0.layer39.norm1,QKV projection
0,39,step0.layer39.rope,rope,GPU_COMPUTE,step0.layer39.qkv,4125.433576000,1.018432000,4126.452008000,step0.layer39.qkv,QK norm and RoPE
0,39,step0.layer39.attention,attention,PIM_COMPUTE,step0.layer39.rope,4126.452008000,18.905016000,4145.357024000,step0.layer39.rope,decode attention from Ramulator cycle-v0 table
0,39,step0.layer39.o_proj,attention_output,GPU_COMPUTE,step0.layer39.attention,4145.357024000,3.109440000,4148.466464000,step0.layer39.attention,attention output projection
0,39,step0.layer39.residual1,residual,GPU_COMPUTE,step0.layer39.o_proj,4148.466464000,1.012288000,4149.478752000,step0.layer39.o_proj,residual add
0,39,step0.layer39.norm2,norm,GPU_COMPUTE,step0.layer39.residual1,4149.478752000,1.008192000,4150.486944000,step0.layer39.residual1,RMSNorm
0,39,step0.layer39.router,router,GPU_COMPUTE,step0.layer39.norm2,4150.486944000,2.069888000,4152.556832000,step0.layer39.norm2,MoE router
0,39,step0.layer39.metadata,metadata,GPU_COMPUTE,step0.layer39.router,4152.556832000,1.000128000,4153.556960000,step0.layer39.router,routing metadata
0,39,step0.layer39.dispatch,dispatch,,step0.layer39.metadata,4153.556960000,0.000000000,4153.556960000,step0.layer39.metadata,single-GPU dispatch placeholder
0,39,step0.layer39.scheduler,scheduler,GPU_COMPUTE,step0.layer39.metadata,4153.556960000,20.000000000,4173.556960000,step0.layer39.metadata,sieve-fixed-16-cycle-v1 placement policy
0,39,step0.layer39.gpu_weight_load,gpu_weight_load,,step0.layer39.scheduler,4173.556960000,47.121984000,4220.678944000,step0.layer39.scheduler,ordinary GPU HBM reads from mixed Ramulator cycle-v1 run
0,39,step0.layer39.gpu_expert_compute,gpu_expert,GPU_COMPUTE,step0.layer39.gpu_weight_load;step0.layer39.dispatch,4220.678944000,3.130023424,4223.808967424,step0.layer39.gpu_weight_load,grouped expert GEMM
0,39,step0.layer39.pim_gwrite,pim_write,,step0.layer39.scheduler;step0.layer39.dispatch,4173.556960000,9.951864000,4183.508824000,step0.layer39.scheduler,PIM_GWRITE milestone from mixed Ramulator cycle-v1 run
0,39,step0.layer39.pim_expert_compute,pim_expert,,step0.layer39.pim_gwrite,4183.508824000,40.823640000,4224.332464000,step0.layer39.pim_gwrite,PIM_MAC milestone delta from mixed Ramulator cycle-v1 run
0,39,step0.layer39.pim_read,pim_read,,step0.layer39.pim_expert_compute,4224.332464000,0.069264000,4224.401728000,step0.layer39.pim_expert_compute,PIM_READ milestone delta from mixed Ramulator cycle-v1 run
0,39,step0.layer39.combine,combine,GPU_COMPUTE,step0.layer39.gpu_expert_compute;step0.layer39.pim_read,4224.401728000,1.036864000,4225.438592000,step0.layer39.pim_read,weighted expert combine
0,39,step0.layer39.residual2,residual,GPU_COMPUTE,step0.layer39.combine,4225.438592000,1.012288000,4226.450880000,step0.layer39.combine,residual add
0,40,step0.layer40.norm1,norm,GPU_COMPUTE,step0.layer39.residual2,4226.450880000,1.008192000,4227.459072000,step0.layer39.residual2,RMSNorm
0,40,step0.layer40.qkv,qkv,GPU_COMPUTE,step0.layer40.norm1,4227.459072000,3.635776000,4231.094848000,step0.layer40.norm1,QKV projection
0,40,step0.layer40.rope,rope,GPU_COMPUTE,step0.layer40.qkv,4231.094848000,1.018432000,4232.113280000,step0.layer40.qkv,QK norm and RoPE
0,40,step0.layer40.attention,attention,PIM_COMPUTE,step0.layer40.rope,4232.113280000,18.905016000,4251.018296000,step0.layer40.rope,decode attention from Ramulator cycle-v0 table
0,40,step0.layer40.o_proj,attention_output,GPU_COMPUTE,step0.layer40.attention,4251.018296000,3.109440000,4254.127736000,step0.layer40.attention,attention output projection
0,40,step0.layer40.residual1,residual,GPU_COMPUTE,step0.layer40.o_proj,4254.127736000,1.012288000,4255.140024000,step0.layer40.o_proj,residual add
0,40,step0.layer40.norm2,norm,GPU_COMPUTE,step0.layer40.residual1,4255.140024000,1.008192000,4256.148216000,step0.layer40.residual1,RMSNorm
0,40,step0.layer40.router,router,GPU_COMPUTE,step0.layer40.norm2,4256.148216000,2.069888000,4258.218104000,step0.layer40.norm2,MoE router
0,40,step0.layer40.metadata,metadata,GPU_COMPUTE,step0.layer40.router,4258.218104000,1.000128000,4259.218232000,step0.layer40.router,routing metadata
0,40,step0.layer40.dispatch,dispatch,,step0.layer40.metadata,4259.218232000,0.000000000,4259.218232000,step0.layer40.metadata,single-GPU dispatch placeholder
0,40,step0.layer40.scheduler,scheduler,GPU_COMPUTE,step0.layer40.metadata,4259.218232000,20.000000000,4279.218232000,step0.layer40.metadata,sieve-fixed-16-cycle-v1 placement policy
0,40,step0.layer40.gpu_weight_load,gpu_weight_load,,step0.layer40.scheduler,4279.218232000,47.121984000,4326.340216000,step0.layer40.scheduler,ordinary GPU HBM reads from mixed Ramulator cycle-v1 run
0,40,step0.layer40.gpu_expert_compute,gpu_expert,GPU_COMPUTE,step0.layer40.gpu_weight_load;step0.layer40.dispatch,4326.340216000,3.130023424,4329.470239424,step0.layer40.gpu_weight_load,grouped expert GEMM
0,40,step0.layer40.pim_gwrite,pim_write,,step0.layer40.scheduler;step0.layer40.dispatch,4279.218232000,9.951864000,4289.170096000,step0.layer40.scheduler,PIM_GWRITE milestone from mixed Ramulator cycle-v1 run
0,40,step0.layer40.pim_expert_compute,pim_expert,,step0.layer40.pim_gwrite,4289.170096000,40.823640000,4329.993736000,step0.layer40.pim_gwrite,PIM_MAC milestone delta from mixed Ramulator cycle-v1 run
0,40,step0.layer40.pim_read,pim_read,,step0.layer40.pim_expert_compute,4329.993736000,0.069264000,4330.063000000,step0.layer40.pim_expert_compute,PIM_READ milestone delta from mixed Ramulator cycle-v1 run
0,40,step0.layer40.combine,combine,GPU_COMPUTE,step0.layer40.gpu_expert_compute;step0.layer40.pim_read,4330.063000000,1.036864000,4331.099864000,step0.layer40.pim_read,weighted expert combine
0,40,step0.layer40.residual2,residual,GPU_COMPUTE,step0.layer40.combine,4331.099864000,1.012288000,4332.112152000,step0.layer40.combine,residual add
0,41,step0.layer41.norm1,norm,GPU_COMPUTE,step0.layer40.residual2,4332.112152000,1.008192000,4333.120344000,step0.layer40.residual2,RMSNorm
0,41,step0.layer41.qkv,qkv,GPU_COMPUTE,step0.layer41.norm1,4333.120344000,3.635776000,4336.756120000,step0.layer41.norm1,QKV projection
0,41,step0.layer41.rope,rope,GPU_COMPUTE,step0.layer41.qkv,4336.756120000,1.018432000,4337.774552000,step0.layer41.qkv,QK norm and RoPE
0,41,step0.layer41.attention,attention,PIM_COMPUTE,step0.layer41.rope,4337.774552000,18.905016000,4356.679568000,step0.layer41.rope,decode attention from Ramulator cycle-v0 table
0,41,step0.layer41.o_proj,attention_output,GPU_COMPUTE,step0.layer41.attention,4356.679568000,3.109440000,4359.789008000,step0.layer41.attention,attention output projection
0,41,step0.layer41.residual1,residual,GPU_COMPUTE,step0.layer41.o_proj,4359.789008000,1.012288000,4360.801296000,step0.layer41.o_proj,residual add
0,41,step0.layer41.norm2,norm,GPU_COMPUTE,step0.layer41.residual1,4360.801296000,1.008192000,4361.809488000,step0.layer41.residual1,RMSNorm
0,41,step0.layer41.router,router,GPU_COMPUTE,step0.layer41.norm2,4361.809488000,2.069888000,4363.879376000,step0.layer41.norm2,MoE router
0,41,step0.layer41.metadata,metadata,GPU_COMPUTE,step0.layer41.router,4363.879376000,1.000128000,4364.879504000,step0.layer41.router,routing metadata
0,41,step0.layer41.dispatch,dispatch,,step0.layer41.metadata,4364.879504000,0.000000000,4364.879504000,step0.layer41.metadata,single-GPU dispatch placeholder
0,41,step0.layer41.scheduler,scheduler,GPU_COMPUTE,step0.layer41.metadata,4364.879504000,20.000000000,4384.879504000,step0.layer41.metadata,sieve-fixed-16-cycle-v1 placement policy
0,41,step0.layer41.gpu_weight_load,gpu_weight_load,,step0.layer41.scheduler,4384.879504000,47.121984000,4432.001488000,step0.layer41.scheduler,ordinary GPU HBM reads from mixed Ramulator cycle-v1 run
0,41,step0.layer41.gpu_expert_compute,gpu_expert,GPU_COMPUTE,step0.layer41.gpu_weight_load;step0.layer41.dispatch,4432.001488000,3.130023424,4435.131511424,step0.layer41.gpu_weight_load,grouped expert GEMM
0,41,step0.layer41.pim_gwrite,pim_write,,step0.layer41.scheduler;step0.layer41.dispatch,4384.879504000,9.951864000,4394.831368000,step0.layer41.scheduler,PIM_GWRITE milestone from mixed Ramulator cycle-v1 run
0,41,step0.layer41.pim_expert_compute,pim_expert,,step0.layer41.pim_gwrite,4394.831368000,40.823640000,4435.655008000,step0.layer41.pim_gwrite,PIM_MAC milestone delta from mixed Ramulator cycle-v1 run
0,41,step0.layer41.pim_read,pim_read,,step0.layer41.pim_expert_compute,4435.655008000,0.069264000,4435.724272000,step0.layer41.pim_expert_compute,PIM_READ milestone delta from mixed Ramulator cycle-v1 run
0,41,step0.layer41.combine,combine,GPU_COMPUTE,step0.layer41.gpu_expert_compute;step0.layer41.pim_read,4435.724272000,1.036864000,4436.761136000,step0.layer41.pim_read,weighted expert combine
0,41,step0.layer41.residual2,residual,GPU_COMPUTE,step0.layer41.combine,4436.761136000,1.012288000,4437.773424000,step0.layer41.combine,residual add
0,42,step0.layer42.norm1,norm,GPU_COMPUTE,step0.layer41.residual2,4437.773424000,1.008192000,4438.781616000,step0.layer41.residual2,RMSNorm
0,42,step0.layer42.qkv,qkv,GPU_COMPUTE,step0.layer42.norm1,4438.781616000,3.635776000,4442.417392000,step0.layer42.norm1,QKV projection
0,42,step0.layer42.rope,rope,GPU_COMPUTE,step0.layer42.qkv,4442.417392000,1.018432000,4443.435824000,step0.layer42.qkv,QK norm and RoPE
0,42,step0.layer42.attention,attention,PIM_COMPUTE,step0.layer42.rope,4443.435824000,18.905016000,4462.340840000,step0.layer42.rope,decode attention from Ramulator cycle-v0 table
0,42,step0.layer42.o_proj,attention_output,GPU_COMPUTE,step0.layer42.attention,4462.340840000,3.109440000,4465.450280000,step0.layer42.attention,attention output projection
0,42,step0.layer42.residual1,residual,GPU_COMPUTE,step0.layer42.o_proj,4465.450280000,1.012288000,4466.462568000,step0.layer42.o_proj,residual add
0,42,step0.layer42.norm2,norm,GPU_COMPUTE,step0.layer42.residual1,4466.462568000,1.008192000,4467.470760000,step0.layer42.residual1,RMSNorm
0,42,step0.layer42.router,router,GPU_COMPUTE,step0.layer42.norm2,4467.470760000,2.069888000,4469.540648000,step0.layer42.norm2,MoE router
0,42,step0.layer42.metadata,metadata,GPU_COMPUTE,step0.layer42.router,4469.540648000,1.000128000,4470.540776000,step0.layer42.router,routing metadata
0,42,step0.layer42.dispatch,dispatch,,step0.layer42.metadata,4470.540776000,0.000000000,4470.540776000,step0.layer42.metadata,single-GPU dispatch placeholder
0,42,step0.layer42.scheduler,scheduler,GPU_COMPUTE,step0.layer42.metadata,4470.540776000,20.000000000,4490.540776000,step0.layer42.metadata,sieve-fixed-16-cycle-v1 placement policy
0,42,step0.layer42.gpu_weight_load,gpu_weight_load,,step0.layer42.scheduler,4490.540776000,47.121984000,4537.662760000,step0.layer42.scheduler,ordinary GPU HBM reads from mixed Ramulator cycle-v1 run
0,42,step0.layer42.gpu_expert_compute,gpu_expert,GPU_COMPUTE,step0.layer42.gpu_weight_load;step0.layer42.dispatch,4537.662760000,3.130023424,4540.792783424,step0.layer42.gpu_weight_load,grouped expert GEMM
0,42,step0.layer42.pim_gwrite,pim_write,,step0.layer42.scheduler;step0.layer42.dispatch,4490.540776000,9.951864000,4500.492640000,step0.layer42.scheduler,PIM_GWRITE milestone from mixed Ramulator cycle-v1 run
0,42,step0.layer42.pim_expert_compute,pim_expert,,step0.layer42.pim_gwrite,4500.492640000,40.823640000,4541.316280000,step0.layer42.pim_gwrite,PIM_MAC milestone delta from mixed Ramulator cycle-v1 run
0,42,step0.layer42.pim_read,pim_read,,step0.layer42.pim_expert_compute,4541.316280000,0.069264000,4541.385544000,step0.layer42.pim_expert_compute,PIM_READ milestone delta from mixed Ramulator cycle-v1 run
0,42,step0.layer42.combine,combine,GPU_COMPUTE,step0.layer42.gpu_expert_compute;step0.layer42.pim_read,4541.385544000,1.036864000,4542.422408000,step0.layer42.pim_read,weighted expert combine
0,42,step0.layer42.residual2,residual,GPU_COMPUTE,step0.layer42.combine,4542.422408000,1.012288000,4543.434696000,step0.layer42.combine,residual add
0,43,step0.layer43.norm1,norm,GPU_COMPUTE,step0.layer42.residual2,4543.434696000,1.008192000,4544.442888000,step0.layer42.residual2,RMSNorm
0,43,step0.layer43.qkv,qkv,GPU_COMPUTE,step0.layer43.norm1,4544.442888000,3.635776000,4548.078664000,step0.layer43.norm1,QKV projection
0,43,step0.layer43.rope,rope,GPU_COMPUTE,step0.layer43.qkv,4548.078664000,1.018432000,4549.097096000,step0.layer43.qkv,QK norm and RoPE
0,43,step0.layer43.attention,attention,PIM_COMPUTE,step0.layer43.rope,4549.097096000,18.905016000,4568.002112000,step0.layer43.rope,decode attention from Ramulator cycle-v0 table
0,43,step0.layer43.o_proj,attention_output,GPU_COMPUTE,step0.layer43.attention,4568.002112000,3.109440000,4571.111552000,step0.layer43.attention,attention output projection
0,43,step0.layer43.residual1,residual,GPU_COMPUTE,step0.layer43.o_proj,4571.111552000,1.012288000,4572.123840000,step0.layer43.o_proj,residual add
0,43,step0.layer43.norm2,norm,GPU_COMPUTE,step0.layer43.residual1,4572.123840000,1.008192000,4573.132032000,step0.layer43.residual1,RMSNorm
0,43,step0.layer43.router,router,GPU_COMPUTE,step0.layer43.norm2,4573.132032000,2.069888000,4575.201920000,step0.layer43.norm2,MoE router
0,43,step0.layer43.metadata,metadata,GPU_COMPUTE,step0.layer43.router,4575.201920000,1.000128000,4576.202048000,step0.layer43.router,routing metadata
0,43,step0.layer43.dispatch,dispatch,,step0.layer43.metadata,4576.202048000,0.000000000,4576.202048000,step0.layer43.metadata,single-GPU dispatch placeholder
0,43,step0.layer43.scheduler,scheduler,GPU_COMPUTE,step0.layer43.metadata,4576.202048000,20.000000000,4596.202048000,step0.layer43.metadata,sieve-fixed-16-cycle-v1 placement policy
0,43,step0.layer43.gpu_weight_load,gpu_weight_load,,step0.layer43.scheduler,4596.202048000,47.121984000,4643.324032000,step0.layer43.scheduler,ordinary GPU HBM reads from mixed Ramulator cycle-v1 run
0,43,step0.layer43.gpu_expert_compute,gpu_expert,GPU_COMPUTE,step0.layer43.gpu_weight_load;step0.layer43.dispatch,4643.324032000,3.130023424,4646.454055424,step0.layer43.gpu_weight_load,grouped expert GEMM
0,43,step0.layer43.pim_gwrite,pim_write,,step0.layer43.scheduler;step0.layer43.dispatch,4596.202048000,9.951864000,4606.153912000,step0.layer43.scheduler,PIM_GWRITE milestone from mixed Ramulator cycle-v1 run
0,43,step0.layer43.pim_expert_compute,pim_expert,,step0.layer43.pim_gwrite,4606.153912000,40.823640000,4646.977552000,step0.layer43.pim_gwrite,PIM_MAC milestone delta from mixed Ramulator cycle-v1 run
0,43,step0.layer43.pim_read,pim_read,,step0.layer43.pim_expert_compute,4646.977552000,0.069264000,4647.046816000,step0.layer43.pim_expert_compute,PIM_READ milestone delta from mixed Ramulator cycle-v1 run
0,43,step0.layer43.combine,combine,GPU_COMPUTE,step0.layer43.gpu_expert_compute;step0.layer43.pim_read,4647.046816000,1.036864000,4648.083680000,step0.layer43.pim_read,weighted expert combine
0,43,step0.layer43.residual2,residual,GPU_COMPUTE,step0.layer43.combine,4648.083680000,1.012288000,4649.095968000,step0.layer43.combine,residual add
0,44,step0.layer44.norm1,norm,GPU_COMPUTE,step0.layer43.residual2,4649.095968000,1.008192000,4650.104160000,step0.layer43.residual2,RMSNorm
0,44,step0.layer44.qkv,qkv,GPU_COMPUTE,step0.layer44.norm1,4650.104160000,3.635776000,4653.739936000,step0.layer44.norm1,QKV projection
0,44,step0.layer44.rope,rope,GPU_COMPUTE,step0.layer44.qkv,4653.739936000,1.018432000,4654.758368000,step0.layer44.qkv,QK norm and RoPE
0,44,step0.layer44.attention,attention,PIM_COMPUTE,step0.layer44.rope,4654.758368000,18.905016000,4673.663384000,step0.layer44.rope,decode attention from Ramulator cycle-v0 table
0,44,step0.layer44.o_proj,attention_output,GPU_COMPUTE,step0.layer44.attention,4673.663384000,3.109440000,4676.772824000,step0.layer44.attention,attention output projection
0,44,step0.layer44.residual1,residual,GPU_COMPUTE,step0.layer44.o_proj,4676.772824000,1.012288000,4677.785112000,step0.layer44.o_proj,residual add
0,44,step0.layer44.norm2,norm,GPU_COMPUTE,step0.layer44.residual1,4677.785112000,1.008192000,4678.793304000,step0.layer44.residual1,RMSNorm
0,44,step0.layer44.router,router,GPU_COMPUTE,step0.layer44.norm2,4678.793304000,2.069888000,4680.863192000,step0.layer44.norm2,MoE router
0,44,step0.layer44.metadata,metadata,GPU_COMPUTE,step0.layer44.router,4680.863192000,1.000128000,4681.863320000,step0.layer44.router,routing metadata
0,44,step0.layer44.dispatch,dispatch,,step0.layer44.metadata,4681.863320000,0.000000000,4681.863320000,step0.layer44.metadata,single-GPU dispatch placeholder
0,44,step0.layer44.scheduler,scheduler,GPU_COMPUTE,step0.layer44.metadata,4681.863320000,20.000000000,4701.863320000,step0.layer44.metadata,sieve-fixed-16-cycle-v1 placement policy
0,44,step0.layer44.gpu_weight_load,gpu_weight_load,,step0.layer44.scheduler,4701.863320000,47.121984000,4748.985304000,step0.layer44.scheduler,ordinary GPU HBM reads from mixed Ramulator cycle-v1 run
0,44,step0.layer44.gpu_expert_compute,gpu_expert,GPU_COMPUTE,step0.layer44.gpu_weight_load;step0.layer44.dispatch,4748.985304000,3.130023424,4752.115327424,step0.layer44.gpu_weight_load,grouped expert GEMM
0,44,step0.layer44.pim_gwrite,pim_write,,step0.layer44.scheduler;step0.layer44.dispatch,4701.863320000,9.951864000,4711.815184000,step0.layer44.scheduler,PIM_GWRITE milestone from mixed Ramulator cycle-v1 run
0,44,step0.layer44.pim_expert_compute,pim_expert,,step0.layer44.pim_gwrite,4711.815184000,40.823640000,4752.638824000,step0.layer44.pim_gwrite,PIM_MAC milestone delta from mixed Ramulator cycle-v1 run
0,44,step0.layer44.pim_read,pim_read,,step0.layer44.pim_expert_compute,4752.638824000,0.069264000,4752.708088000,step0.layer44.pim_expert_compute,PIM_READ milestone delta from mixed Ramulator cycle-v1 run
0,44,step0.layer44.combine,combine,GPU_COMPUTE,step0.layer44.gpu_expert_compute;step0.layer44.pim_read,4752.708088000,1.036864000,4753.744952000,step0.layer44.pim_read,weighted expert combine
0,44,step0.layer44.residual2,residual,GPU_COMPUTE,step0.layer44.combine,4753.744952000,1.012288000,4754.757240000,step0.layer44.combine,residual add
0,45,step0.layer45.norm1,norm,GPU_COMPUTE,step0.layer44.residual2,4754.757240000,1.008192000,4755.765432000,step0.layer44.residual2,RMSNorm
0,45,step0.layer45.qkv,qkv,GPU_COMPUTE,step0.layer45.norm1,4755.765432000,3.635776000,4759.401208000,step0.layer45.norm1,QKV projection
0,45,step0.layer45.rope,rope,GPU_COMPUTE,step0.layer45.qkv,4759.401208000,1.018432000,4760.419640000,step0.layer45.qkv,QK norm and RoPE
0,45,step0.layer45.attention,attention,PIM_COMPUTE,step0.layer45.rope,4760.419640000,18.905016000,4779.324656000,step0.layer45.rope,decode attention from Ramulator cycle-v0 table
0,45,step0.layer45.o_proj,attention_output,GPU_COMPUTE,step0.layer45.attention,4779.324656000,3.109440000,4782.434096000,step0.layer45.attention,attention output projection
0,45,step0.layer45.residual1,residual,GPU_COMPUTE,step0.layer45.o_proj,4782.434096000,1.012288000,4783.446384000,step0.layer45.o_proj,residual add
0,45,step0.layer45.norm2,norm,GPU_COMPUTE,step0.layer45.residual1,4783.446384000,1.008192000,4784.454576000,step0.layer45.residual1,RMSNorm
0,45,step0.layer45.router,router,GPU_COMPUTE,step0.layer45.norm2,4784.454576000,2.069888000,4786.524464000,step0.layer45.norm2,MoE router
0,45,step0.layer45.metadata,metadata,GPU_COMPUTE,step0.layer45.router,4786.524464000,1.000128000,4787.524592000,step0.layer45.router,routing metadata
0,45,step0.layer45.dispatch,dispatch,,step0.layer45.metadata,4787.524592000,0.000000000,4787.524592000,step0.layer45.metadata,single-GPU dispatch placeholder
0,45,step0.layer45.scheduler,scheduler,GPU_COMPUTE,step0.layer45.metadata,4787.524592000,20.000000000,4807.524592000,step0.layer45.metadata,sieve-fixed-16-cycle-v1 placement policy
0,45,step0.layer45.gpu_weight_load,gpu_weight_load,,step0.layer45.scheduler,4807.524592000,47.121984000,4854.646576000,step0.layer45.scheduler,ordinary GPU HBM reads from mixed Ramulator cycle-v1 run
0,45,step0.layer45.gpu_expert_compute,gpu_expert,GPU_COMPUTE,step0.layer45.gpu_weight_load;step0.layer45.dispatch,4854.646576000,3.130023424,4857.776599424,step0.layer45.gpu_weight_load,grouped expert GEMM
0,45,step0.layer45.pim_gwrite,pim_write,,step0.layer45.scheduler;step0.layer45.dispatch,4807.524592000,9.951864000,4817.476456000,step0.layer45.scheduler,PIM_GWRITE milestone from mixed Ramulator cycle-v1 run
0,45,step0.layer45.pim_expert_compute,pim_expert,,step0.layer45.pim_gwrite,4817.476456000,40.823640000,4858.300096000,step0.layer45.pim_gwrite,PIM_MAC milestone delta from mixed Ramulator cycle-v1 run
0,45,step0.layer45.pim_read,pim_read,,step0.layer45.pim_expert_compute,4858.300096000,0.069264000,4858.369360000,step0.layer45.pim_expert_compute,PIM_READ milestone delta from mixed Ramulator cycle-v1 run
0,45,step0.layer45.combine,combine,GPU_COMPUTE,step0.layer45.gpu_expert_compute;step0.layer45.pim_read,4858.369360000,1.036864000,4859.406224000,step0.layer45.pim_read,weighted expert combine
0,45,step0.layer45.residual2,residual,GPU_COMPUTE,step0.layer45.combine,4859.406224000,1.012288000,4860.418512000,step0.layer45.combine,residual add
0,46,step0.layer46.norm1,norm,GPU_COMPUTE,step0.layer45.residual2,4860.418512000,1.008192000,4861.426704000,step0.layer45.residual2,RMSNorm
0,46,step0.layer46.qkv,qkv,GPU_COMPUTE,step0.layer46.norm1,4861.426704000,3.635776000,4865.062480000,step0.layer46.norm1,QKV projection
0,46,step0.layer46.rope,rope,GPU_COMPUTE,step0.layer46.qkv,4865.062480000,1.018432000,4866.080912000,step0.layer46.qkv,QK norm and RoPE
0,46,step0.layer46.attention,attention,PIM_COMPUTE,step0.layer46.rope,4866.080912000,18.905016000,4884.985928000,step0.layer46.rope,decode attention from Ramulator cycle-v0 table
0,46,step0.layer46.o_proj,attention_output,GPU_COMPUTE,step0.layer46.attention,4884.985928000,3.109440000,4888.095368000,step0.layer46.attention,attention output projection
0,46,step0.layer46.residual1,residual,GPU_COMPUTE,step0.layer46.o_proj,4888.095368000,1.012288000,4889.107656000,step0.layer46.o_proj,residual add
0,46,step0.layer46.norm2,norm,GPU_COMPUTE,step0.layer46.residual1,4889.107656000,1.008192000,4890.115848000,step0.layer46.residual1,RMSNorm
0,46,step0.layer46.router,router,GPU_COMPUTE,step0.layer46.norm2,4890.115848000,2.069888000,4892.185736000,step0.layer46.norm2,MoE router
0,46,step0.layer46.metadata,metadata,GPU_COMPUTE,step0.layer46.router,4892.185736000,1.000128000,4893.185864000,step0.layer46.router,routing metadata
0,46,step0.layer46.dispatch,dispatch,,step0.layer46.metadata,4893.185864000,0.000000000,4893.185864000,step0.layer46.metadata,single-GPU dispatch placeholder
0,46,step0.layer46.scheduler,scheduler,GPU_COMPUTE,step0.layer46.metadata,4893.185864000,20.000000000,4913.185864000,step0.layer46.metadata,sieve-fixed-16-cycle-v1 placement policy
0,46,step0.layer46.gpu_weight_load,gpu_weight_load,,step0.layer46.scheduler,4913.185864000,47.121984000,4960.307848000,step0.layer46.scheduler,ordinary GPU HBM reads from mixed Ramulator cycle-v1 run
0,46,step0.layer46.gpu_expert_compute,gpu_expert,GPU_COMPUTE,step0.layer46.gpu_weight_load;step0.layer46.dispatch,4960.307848000,3.130023424,4963.437871424,step0.layer46.gpu_weight_load,grouped expert GEMM
0,46,step0.layer46.pim_gwrite,pim_write,,step0.layer46.scheduler;step0.layer46.dispatch,4913.185864000,9.951864000,4923.137728000,step0.layer46.scheduler,PIM_GWRITE milestone from mixed Ramulator cycle-v1 run
0,46,step0.layer46.pim_expert_compute,pim_expert,,step0.layer46.pim_gwrite,4923.137728000,40.823640000,4963.961368000,step0.layer46.pim_gwrite,PIM_MAC milestone delta from mixed Ramulator cycle-v1 run
0,46,step0.layer46.pim_read,pim_read,,step0.layer46.pim_expert_compute,4963.961368000,0.069264000,4964.030632000,step0.layer46.pim_expert_compute,PIM_READ milestone delta from mixed Ramulator cycle-v1 run
0,46,step0.layer46.combine,combine,GPU_COMPUTE,step0.layer46.gpu_expert_compute;step0.layer46.pim_read,4964.030632000,1.036864000,4965.067496000,step0.layer46.pim_read,weighted expert combine
0,46,step0.layer46.residual2,residual,GPU_COMPUTE,step0.layer46.combine,4965.067496000,1.012288000,4966.079784000,step0.layer46.combine,residual add
0,47,step0.layer47.norm1,norm,GPU_COMPUTE,step0.layer46.residual2,4966.079784000,1.008192000,4967.087976000,step0.layer46.residual2,RMSNorm
0,47,step0.layer47.qkv,qkv,GPU_COMPUTE,step0.layer47.norm1,4967.087976000,3.635776000,4970.723752000,step0.layer47.norm1,QKV projection
0,47,step0.layer47.rope,rope,GPU_COMPUTE,step0.layer47.qkv,4970.723752000,1.018432000,4971.742184000,step0.layer47.qkv,QK norm and RoPE
0,47,step0.layer47.attention,attention,PIM_COMPUTE,step0.layer47.rope,4971.742184000,18.905016000,4990.647200000,step0.layer47.rope,decode attention from Ramulator cycle-v0 table
0,47,step0.layer47.o_proj,attention_output,GPU_COMPUTE,step0.layer47.attention,4990.647200000,3.109440000,4993.756640000,step0.layer47.attention,attention output projection
0,47,step0.layer47.residual1,residual,GPU_COMPUTE,step0.layer47.o_proj,4993.756640000,1.012288000,4994.768928000,step0.layer47.o_proj,residual add
0,47,step0.layer47.norm2,norm,GPU_COMPUTE,step0.layer47.residual1,4994.768928000,1.008192000,4995.777120000,step0.layer47.residual1,RMSNorm
0,47,step0.layer47.router,router,GPU_COMPUTE,step0.layer47.norm2,4995.777120000,2.069888000,4997.847008000,step0.layer47.norm2,MoE router
0,47,step0.layer47.metadata,metadata,GPU_COMPUTE,step0.layer47.router,4997.847008000,1.000128000,4998.847136000,step0.layer47.router,routing metadata
0,47,step0.layer47.dispatch,dispatch,,step0.layer47.metadata,4998.847136000,0.000000000,4998.847136000,step0.layer47.metadata,single-GPU dispatch placeholder
0,47,step0.layer47.scheduler,scheduler,GPU_COMPUTE,step0.layer47.metadata,4998.847136000,20.000000000,5018.847136000,step0.layer47.metadata,sieve-fixed-16-cycle-v1 placement policy
0,47,step0.layer47.gpu_weight_load,gpu_weight_load,,step0.layer47.scheduler,5018.847136000,47.121984000,5065.969120000,step0.layer47.scheduler,ordinary GPU HBM reads from mixed Ramulator cycle-v1 run
0,47,step0.layer47.gpu_expert_compute,gpu_expert,GPU_COMPUTE,step0.layer47.gpu_weight_load;step0.layer47.dispatch,5065.969120000,3.130023424,5069.099143424,step0.layer47.gpu_weight_load,grouped expert GEMM
0,47,step0.layer47.pim_gwrite,pim_write,,step0.layer47.scheduler;step0.layer47.dispatch,5018.847136000,9.951864000,5028.799000000,step0.layer47.scheduler,PIM_GWRITE milestone from mixed Ramulator cycle-v1 run
0,47,step0.layer47.pim_expert_compute,pim_expert,,step0.layer47.pim_gwrite,5028.799000000,40.823640000,5069.622640000,step0.layer47.pim_gwrite,PIM_MAC milestone delta from mixed Ramulator cycle-v1 run
0,47,step0.layer47.pim_read,pim_read,,step0.layer47.pim_expert_compute,5069.622640000,0.069264000,5069.691904000,step0.layer47.pim_expert_compute,PIM_READ milestone delta from mixed Ramulator cycle-v1 run
0,47,step0.layer47.combine,combine,GPU_COMPUTE,step0.layer47.gpu_expert_compute;step0.layer47.pim_read,5069.691904000,1.036864000,5070.728768000,step0.layer47.pim_read,weighted expert combine
0,47,step0.layer47.residual2,residual,GPU_COMPUTE,step0.layer47.combine,5070.728768000,1.012288000,5071.741056000,step0.layer47.combine,residual add
1,0,step1.layer0.norm1,norm,GPU_COMPUTE,step0.layer47.residual2,5071.741056000,1.008192000,5072.749248000,step0.layer47.residual2,RMSNorm
1,0,step1.layer0.qkv,qkv,GPU_COMPUTE,step1.layer0.norm1,5072.749248000,3.635776000,5076.385024000,step1.layer0.norm1,QKV projection
1,0,step1.layer0.rope,rope,GPU_COMPUTE,step1.layer0.qkv,5076.385024000,1.018432000,5077.403456000,step1.layer0.qkv,QK norm and RoPE
1,0,step1.layer0.attention,attention,PIM_COMPUTE,step1.layer0.rope,5077.403456000,18.929664000,5096.333120000,step1.layer0.rope,decode attention from Ramulator cycle-v0 table
1,0,step1.layer0.o_proj,attention_output,GPU_COMPUTE,step1.layer0.attention,5096.333120000,3.109440000,5099.442560000,step1.layer0.attention,attention output projection
1,0,step1.layer0.residual1,residual,GPU_COMPUTE,step1.layer0.o_proj,5099.442560000,1.012288000,5100.454848000,step1.layer0.o_proj,residual add
1,0,step1.layer0.norm2,norm,GPU_COMPUTE,step1.layer0.residual1,5100.454848000,1.008192000,5101.463040000,step1.layer0.residual1,RMSNorm
1,0,step1.layer0.router,router,GPU_COMPUTE,step1.layer0.norm2,5101.463040000,2.069888000,5103.532928000,step1.layer0.norm2,MoE router
1,0,step1.layer0.metadata,metadata,GPU_COMPUTE,step1.layer0.router,5103.532928000,1.000128000,5104.533056000,step1.layer0.router,routing metadata
1,0,step1.layer0.dispatch,dispatch,,step1.layer0.metadata,5104.533056000,0.000000000,5104.533056000,step1.layer0.metadata,single-GPU dispatch placeholder
1,0,step1.layer0.scheduler,scheduler,GPU_COMPUTE,step1.layer0.metadata,5104.533056000,20.000000000,5124.533056000,step1.layer0.metadata,sieve-fixed-16-cycle-v1 placement policy
1,0,step1.layer0.gpu_weight_load,gpu_weight_load,,step1.layer0.scheduler,5124.533056000,47.121984000,5171.655040000,step1.layer0.scheduler,ordinary GPU HBM reads from mixed Ramulator cycle-v1 run
1,0,step1.layer0.gpu_expert_compute,gpu_expert,GPU_COMPUTE,step1.layer0.gpu_weight_load;step1.layer0.dispatch,5171.655040000,3.130023424,5174.785063424,step1.layer0.gpu_weight_load,grouped expert GEMM
1,0,step1.layer0.pim_gwrite,pim_write,,step1.layer0.scheduler;step1.layer0.dispatch,5124.533056000,9.951864000,5134.484920000,step1.layer0.scheduler,PIM_GWRITE milestone from mixed Ramulator cycle-v1 run
1,0,step1.layer0.pim_expert_compute,pim_expert,,step1.layer0.pim_gwrite,5134.484920000,40.823640000,5175.308560000,step1.layer0.pim_gwrite,PIM_MAC milestone delta from mixed Ramulator cycle-v1 run
1,0,step1.layer0.pim_read,pim_read,,step1.layer0.pim_expert_compute,5175.308560000,0.069264000,5175.377824000,step1.layer0.pim_expert_compute,PIM_READ milestone delta from mixed Ramulator cycle-v1 run
1,0,step1.layer0.combine,combine,GPU_COMPUTE,step1.layer0.gpu_expert_compute;step1.layer0.pim_read,5175.377824000,1.036864000,5176.414688000,step1.layer0.pim_read,weighted expert combine
1,0,step1.layer0.residual2,residual,GPU_COMPUTE,step1.layer0.combine,5176.414688000,1.012288000,5177.426976000,step1.layer0.combine,residual add
1,1,step1.layer1.norm1,norm,GPU_COMPUTE,step1.layer0.residual2,5177.426976000,1.008192000,5178.435168000,step1.layer0.residual2,RMSNorm
1,1,step1.layer1.qkv,qkv,GPU_COMPUTE,step1.layer1.norm1,5178.435168000,3.635776000,5182.070944000,step1.layer1.norm1,QKV projection
1,1,step1.layer1.rope,rope,GPU_COMPUTE,step1.layer1.qkv,5182.070944000,1.018432000,5183.089376000,step1.layer1.qkv,QK norm and RoPE
1,1,step1.layer1.attention,attention,PIM_COMPUTE,step1.layer1.rope,5183.089376000,18.929664000,5202.019040000,step1.layer1.rope,decode attention from Ramulator cycle-v0 table
1,1,step1.layer1.o_proj,attention_output,GPU_COMPUTE,step1.layer1.attention,5202.019040000,3.109440000,5205.128480000,step1.layer1.attention,attention output projection
1,1,step1.layer1.residual1,residual,GPU_COMPUTE,step1.layer1.o_proj,5205.128480000,1.012288000,5206.140768000,step1.layer1.o_proj,residual add
1,1,step1.layer1.norm2,norm,GPU_COMPUTE,step1.layer1.residual1,5206.140768000,1.008192000,5207.148960000,step1.layer1.residual1,RMSNorm
1,1,step1.layer1.router,router,GPU_COMPUTE,step1.layer1.norm2,5207.148960000,2.069888000,5209.218848000,step1.layer1.norm2,MoE router
1,1,step1.layer1.metadata,metadata,GPU_COMPUTE,step1.layer1.router,5209.218848000,1.000128000,5210.218976000,step1.layer1.router,routing metadata
1,1,step1.layer1.dispatch,dispatch,,step1.layer1.metadata,5210.218976000,0.000000000,5210.218976000,step1.layer1.metadata,single-GPU dispatch placeholder
1,1,step1.layer1.scheduler,scheduler,GPU_COMPUTE,step1.layer1.metadata,5210.218976000,20.000000000,5230.218976000,step1.layer1.metadata,sieve-fixed-16-cycle-v1 placement policy
1,1,step1.layer1.gpu_weight_load,gpu_weight_load,,step1.layer1.scheduler,5230.218976000,47.121984000,5277.340960000,step1.layer1.scheduler,ordinary GPU HBM reads from mixed Ramulator cycle-v1 run
1,1,step1.layer1.gpu_expert_compute,gpu_expert,GPU_COMPUTE,step1.layer1.gpu_weight_load;step1.layer1.dispatch,5277.340960000,3.130023424,5280.470983424,step1.layer1.gpu_weight_load,grouped expert GEMM
1,1,step1.layer1.pim_gwrite,pim_write,,step1.layer1.scheduler;step1.layer1.dispatch,5230.218976000,9.951864000,5240.170840000,step1.layer1.scheduler,PIM_GWRITE milestone from mixed Ramulator cycle-v1 run
1,1,step1.layer1.pim_expert_compute,pim_expert,,step1.layer1.pim_gwrite,5240.170840000,40.823640000,5280.994480000,step1.layer1.pim_gwrite,PIM_MAC milestone delta from mixed Ramulator cycle-v1 run
1,1,step1.layer1.pim_read,pim_read,,step1.layer1.pim_expert_compute,5280.994480000,0.069264000,5281.063744000,step1.layer1.pim_expert_compute,PIM_READ milestone delta from mixed Ramulator cycle-v1 run
1,1,step1.layer1.combine,combine,GPU_COMPUTE,step1.layer1.gpu_expert_compute;step1.layer1.pim_read,5281.063744000,1.036864000,5282.100608000,step1.layer1.pim_read,weighted expert combine
1,1,step1.layer1.residual2,residual,GPU_COMPUTE,step1.layer1.combine,5282.100608000,1.012288000,5283.112896000,step1.layer1.combine,residual add
1,2,step1.layer2.norm1,norm,GPU_COMPUTE,step1.layer1.residual2,5283.112896000,1.008192000,5284.121088000,step1.layer1.residual2,RMSNorm
1,2,step1.layer2.qkv,qkv,GPU_COMPUTE,step1.layer2.norm1,5284.121088000,3.635776000,5287.756864000,step1.layer2.norm1,QKV projection
1,2,step1.layer2.rope,rope,GPU_COMPUTE,step1.layer2.qkv,5287.756864000,1.018432000,5288.775296000,step1.layer2.qkv,QK norm and RoPE
1,2,step1.layer2.attention,attention,PIM_COMPUTE,step1.layer2.rope,5288.775296000,18.929664000,5307.704960000,step1.layer2.rope,decode attention from Ramulator cycle-v0 table
1,2,step1.layer2.o_proj,attention_output,GPU_COMPUTE,step1.layer2.attention,5307.704960000,3.109440000,5310.814400000,step1.layer2.attention,attention output projection
1,2,step1.layer2.residual1,residual,GPU_COMPUTE,step1.layer2.o_proj,5310.814400000,1.012288000,5311.826688000,step1.layer2.o_proj,residual add
1,2,step1.layer2.norm2,norm,GPU_COMPUTE,step1.layer2.residual1,5311.826688000,1.008192000,5312.834880000,step1.layer2.residual1,RMSNorm
1,2,step1.layer2.router,router,GPU_COMPUTE,step1.layer2.norm2,5312.834880000,2.069888000,5314.904768000,step1.layer2.norm2,MoE router
1,2,step1.layer2.metadata,metadata,GPU_COMPUTE,step1.layer2.router,5314.904768000,1.000128000,5315.904896000,step1.layer2.router,routing metadata
1,2,step1.layer2.dispatch,dispatch,,step1.layer2.metadata,5315.904896000,0.000000000,5315.904896000,step1.layer2.metadata,single-GPU dispatch placeholder
1,2,step1.layer2.scheduler,scheduler,GPU_COMPUTE,step1.layer2.metadata,5315.904896000,20.000000000,5335.904896000,step1.layer2.metadata,sieve-fixed-16-cycle-v1 placement policy
1,2,step1.layer2.gpu_weight_load,gpu_weight_load,,step1.layer2.scheduler,5335.904896000,47.121984000,5383.026880000,step1.layer2.scheduler,ordinary GPU HBM reads from mixed Ramulator cycle-v1 run
1,2,step1.layer2.gpu_expert_compute,gpu_expert,GPU_COMPUTE,step1.layer2.gpu_weight_load;step1.layer2.dispatch,5383.026880000,3.130023424,5386.156903424,step1.layer2.gpu_weight_load,grouped expert GEMM
1,2,step1.layer2.pim_gwrite,pim_write,,step1.layer2.scheduler;step1.layer2.dispatch,5335.904896000,9.951864000,5345.856760000,step1.layer2.scheduler,PIM_GWRITE milestone from mixed Ramulator cycle-v1 run
1,2,step1.layer2.pim_expert_compute,pim_expert,,step1.layer2.pim_gwrite,5345.856760000,40.823640000,5386.680400000,step1.layer2.pim_gwrite,PIM_MAC milestone delta from mixed Ramulator cycle-v1 run
1,2,step1.layer2.pim_read,pim_read,,step1.layer2.pim_expert_compute,5386.680400000,0.069264000,5386.749664000,step1.layer2.pim_expert_compute,PIM_READ milestone delta from mixed Ramulator cycle-v1 run
1,2,step1.layer2.combine,combine,GPU_COMPUTE,step1.layer2.gpu_expert_compute;step1.layer2.pim_read,5386.749664000,1.036864000,5387.786528000,step1.layer2.pim_read,weighted expert combine
1,2,step1.layer2.residual2,residual,GPU_COMPUTE,step1.layer2.combine,5387.786528000,1.012288000,5388.798816000,step1.layer2.combine,residual add
1,3,step1.layer3.norm1,norm,GPU_COMPUTE,step1.layer2.residual2,5388.798816000,1.008192000,5389.807008000,step1.layer2.residual2,RMSNorm
1,3,step1.layer3.qkv,qkv,GPU_COMPUTE,step1.layer3.norm1,5389.807008000,3.635776000,5393.442784000,step1.layer3.norm1,QKV projection
1,3,step1.layer3.rope,rope,GPU_COMPUTE,step1.layer3.qkv,5393.442784000,1.018432000,5394.461216000,step1.layer3.qkv,QK norm and RoPE
1,3,step1.layer3.attention,attention,PIM_COMPUTE,step1.layer3.rope,5394.461216000,18.929664000,5413.390880000,step1.layer3.rope,decode attention from Ramulator cycle-v0 table
1,3,step1.layer3.o_proj,attention_output,GPU_COMPUTE,step1.layer3.attention,5413.390880000,3.109440000,5416.500320000,step1.layer3.attention,attention output projection
1,3,step1.layer3.residual1,residual,GPU_COMPUTE,step1.layer3.o_proj,5416.500320000,1.012288000,5417.512608000,step1.layer3.o_proj,residual add
1,3,step1.layer3.norm2,norm,GPU_COMPUTE,step1.layer3.residual1,5417.512608000,1.008192000,5418.520800000,step1.layer3.residual1,RMSNorm
1,3,step1.layer3.router,router,GPU_COMPUTE,step1.layer3.norm2,5418.520800000,2.069888000,5420.590688000,step1.layer3.norm2,MoE router
1,3,step1.layer3.metadata,metadata,GPU_COMPUTE,step1.layer3.router,5420.590688000,1.000128000,5421.590816000,step1.layer3.router,routing metadata
1,3,step1.layer3.dispatch,dispatch,,step1.layer3.metadata,5421.590816000,0.000000000,5421.590816000,step1.layer3.metadata,single-GPU dispatch placeholder
1,3,step1.layer3.scheduler,scheduler,GPU_COMPUTE,step1.layer3.metadata,5421.590816000,20.000000000,5441.590816000,step1.layer3.metadata,sieve-fixed-16-cycle-v1 placement policy
1,3,step1.layer3.gpu_weight_load,gpu_weight_load,,step1.layer3.scheduler,5441.590816000,47.121984000,5488.712800000,step1.layer3.scheduler,ordinary GPU HBM reads from mixed Ramulator cycle-v1 run
1,3,step1.layer3.gpu_expert_compute,gpu_expert,GPU_COMPUTE,step1.layer3.gpu_weight_load;step1.layer3.dispatch,5488.712800000,3.130023424,5491.842823424,step1.layer3.gpu_weight_load,grouped expert GEMM
1,3,step1.layer3.pim_gwrite,pim_write,,step1.layer3.scheduler;step1.layer3.dispatch,5441.590816000,9.951864000,5451.542680000,step1.layer3.scheduler,PIM_GWRITE milestone from mixed Ramulator cycle-v1 run
1,3,step1.layer3.pim_expert_compute,pim_expert,,step1.layer3.pim_gwrite,5451.542680000,40.823640000,5492.366320000,step1.layer3.pim_gwrite,PIM_MAC milestone delta from mixed Ramulator cycle-v1 run
1,3,step1.layer3.pim_read,pim_read,,step1.layer3.pim_expert_compute,5492.366320000,0.069264000,5492.435584000,step1.layer3.pim_expert_compute,PIM_READ milestone delta from mixed Ramulator cycle-v1 run
1,3,step1.layer3.combine,combine,GPU_COMPUTE,step1.layer3.gpu_expert_compute;step1.layer3.pim_read,5492.435584000,1.036864000,5493.472448000,step1.layer3.pim_read,weighted expert combine
1,3,step1.layer3.residual2,residual,GPU_COMPUTE,step1.layer3.combine,5493.472448000,1.012288000,5494.484736000,step1.layer3.combine,residual add
1,4,step1.layer4.norm1,norm,GPU_COMPUTE,step1.layer3.residual2,5494.484736000,1.008192000,5495.492928000,step1.layer3.residual2,RMSNorm
1,4,step1.layer4.qkv,qkv,GPU_COMPUTE,step1.layer4.norm1,5495.492928000,3.635776000,5499.128704000,step1.layer4.norm1,QKV projection
1,4,step1.layer4.rope,rope,GPU_COMPUTE,step1.layer4.qkv,5499.128704000,1.018432000,5500.147136000,step1.layer4.qkv,QK norm and RoPE
1,4,step1.layer4.attention,attention,PIM_COMPUTE,step1.layer4.rope,5500.147136000,18.929664000,5519.076800000,step1.layer4.rope,decode attention from Ramulator cycle-v0 table
1,4,step1.layer4.o_proj,attention_output,GPU_COMPUTE,step1.layer4.attention,5519.076800000,3.109440000,5522.186240000,step1.layer4.attention,attention output projection
1,4,step1.layer4.residual1,residual,GPU_COMPUTE,step1.layer4.o_proj,5522.186240000,1.012288000,5523.198528000,step1.layer4.o_proj,residual add
1,4,step1.layer4.norm2,norm,GPU_COMPUTE,step1.layer4.residual1,5523.198528000,1.008192000,5524.206720000,step1.layer4.residual1,RMSNorm
1,4,step1.layer4.router,router,GPU_COMPUTE,step1.layer4.norm2,5524.206720000,2.069888000,5526.276608000,step1.layer4.norm2,MoE router
1,4,step1.layer4.metadata,metadata,GPU_COMPUTE,step1.layer4.router,5526.276608000,1.000128000,5527.276736000,step1.layer4.router,routing metadata
1,4,step1.layer4.dispatch,dispatch,,step1.layer4.metadata,5527.276736000,0.000000000,5527.276736000,step1.layer4.metadata,single-GPU dispatch placeholder
1,4,step1.layer4.scheduler,scheduler,GPU_COMPUTE,step1.layer4.metadata,5527.276736000,20.000000000,5547.276736000,step1.layer4.metadata,sieve-fixed-16-cycle-v1 placement policy
1,4,step1.layer4.gpu_weight_load,gpu_weight_load,,step1.layer4.scheduler,5547.276736000,47.121984000,5594.398720000,step1.layer4.scheduler,ordinary GPU HBM reads from mixed Ramulator cycle-v1 run
1,4,step1.layer4.gpu_expert_compute,gpu_expert,GPU_COMPUTE,step1.layer4.gpu_weight_load;step1.layer4.dispatch,5594.398720000,3.130023424,5597.528743424,step1.layer4.gpu_weight_load,grouped expert GEMM
1,4,step1.layer4.pim_gwrite,pim_write,,step1.layer4.scheduler;step1.layer4.dispatch,5547.276736000,9.951864000,5557.228600000,step1.layer4.scheduler,PIM_GWRITE milestone from mixed Ramulator cycle-v1 run
1,4,step1.layer4.pim_expert_compute,pim_expert,,step1.layer4.pim_gwrite,5557.228600000,40.823640000,5598.052240000,step1.layer4.pim_gwrite,PIM_MAC milestone delta from mixed Ramulator cycle-v1 run
1,4,step1.layer4.pim_read,pim_read,,step1.layer4.pim_expert_compute,5598.052240000,0.069264000,5598.121504000,step1.layer4.pim_expert_compute,PIM_READ milestone delta from mixed Ramulator cycle-v1 run
1,4,step1.layer4.combine,combine,GPU_COMPUTE,step1.layer4.gpu_expert_compute;step1.layer4.pim_read,5598.121504000,1.036864000,5599.158368000,step1.layer4.pim_read,weighted expert combine
1,4,step1.layer4.residual2,residual,GPU_COMPUTE,step1.layer4.combine,5599.158368000,1.012288000,5600.170656000,step1.layer4.combine,residual add
1,5,step1.layer5.norm1,norm,GPU_COMPUTE,step1.layer4.residual2,5600.170656000,1.008192000,5601.178848000,step1.layer4.residual2,RMSNorm
1,5,step1.layer5.qkv,qkv,GPU_COMPUTE,step1.layer5.norm1,5601.178848000,3.635776000,5604.814624000,step1.layer5.norm1,QKV projection
1,5,step1.layer5.rope,rope,GPU_COMPUTE,step1.layer5.qkv,5604.814624000,1.018432000,5605.833056000,step1.layer5.qkv,QK norm and RoPE
1,5,step1.layer5.attention,attention,PIM_COMPUTE,step1.layer5.rope,5605.833056000,18.929664000,5624.762720000,step1.layer5.rope,decode attention from Ramulator cycle-v0 table
1,5,step1.layer5.o_proj,attention_output,GPU_COMPUTE,step1.layer5.attention,5624.762720000,3.109440000,5627.872160000,step1.layer5.attention,attention output projection
1,5,step1.layer5.residual1,residual,GPU_COMPUTE,step1.layer5.o_proj,5627.872160000,1.012288000,5628.884448000,step1.layer5.o_proj,residual add
1,5,step1.layer5.norm2,norm,GPU_COMPUTE,step1.layer5.residual1,5628.884448000,1.008192000,5629.892640000,step1.layer5.residual1,RMSNorm
1,5,step1.layer5.router,router,GPU_COMPUTE,step1.layer5.norm2,5629.892640000,2.069888000,5631.962528000,step1.layer5.norm2,MoE router
1,5,step1.layer5.metadata,metadata,GPU_COMPUTE,step1.layer5.router,5631.962528000,1.000128000,5632.962656000,step1.layer5.router,routing metadata
1,5,step1.layer5.dispatch,dispatch,,step1.layer5.metadata,5632.962656000,0.000000000,5632.962656000,step1.layer5.metadata,single-GPU dispatch placeholder
1,5,step1.layer5.scheduler,scheduler,GPU_COMPUTE,step1.layer5.metadata,5632.962656000,20.000000000,5652.962656000,step1.layer5.metadata,sieve-fixed-16-cycle-v1 placement policy
1,5,step1.layer5.gpu_weight_load,gpu_weight_load,,step1.layer5.scheduler,5652.962656000,47.121984000,5700.084640000,step1.layer5.scheduler,ordinary GPU HBM reads from mixed Ramulator cycle-v1 run
1,5,step1.layer5.gpu_expert_compute,gpu_expert,GPU_COMPUTE,step1.layer5.gpu_weight_load;step1.layer5.dispatch,5700.084640000,3.130023424,5703.214663424,step1.layer5.gpu_weight_load,grouped expert GEMM
1,5,step1.layer5.pim_gwrite,pim_write,,step1.layer5.scheduler;step1.layer5.dispatch,5652.962656000,9.951864000,5662.914520000,step1.layer5.scheduler,PIM_GWRITE milestone from mixed Ramulator cycle-v1 run
1,5,step1.layer5.pim_expert_compute,pim_expert,,step1.layer5.pim_gwrite,5662.914520000,40.823640000,5703.738160000,step1.layer5.pim_gwrite,PIM_MAC milestone delta from mixed Ramulator cycle-v1 run
1,5,step1.layer5.pim_read,pim_read,,step1.layer5.pim_expert_compute,5703.738160000,0.069264000,5703.807424000,step1.layer5.pim_expert_compute,PIM_READ milestone delta from mixed Ramulator cycle-v1 run
1,5,step1.layer5.combine,combine,GPU_COMPUTE,step1.layer5.gpu_expert_compute;step1.layer5.pim_read,5703.807424000,1.036864000,5704.844288000,step1.layer5.pim_read,weighted expert combine
1,5,step1.layer5.residual2,residual,GPU_COMPUTE,step1.layer5.combine,5704.844288000,1.012288000,5705.856576000,step1.layer5.combine,residual add
1,6,step1.layer6.norm1,norm,GPU_COMPUTE,step1.layer5.residual2,5705.856576000,1.008192000,5706.864768000,step1.layer5.residual2,RMSNorm
1,6,step1.layer6.qkv,qkv,GPU_COMPUTE,step1.layer6.norm1,5706.864768000,3.635776000,5710.500544000,step1.layer6.norm1,QKV projection
1,6,step1.layer6.rope,rope,GPU_COMPUTE,step1.layer6.qkv,5710.500544000,1.018432000,5711.518976000,step1.layer6.qkv,QK norm and RoPE
1,6,step1.layer6.attention,attention,PIM_COMPUTE,step1.layer6.rope,5711.518976000,18.929664000,5730.448640000,step1.layer6.rope,decode attention from Ramulator cycle-v0 table
1,6,step1.layer6.o_proj,attention_output,GPU_COMPUTE,step1.layer6.attention,5730.448640000,3.109440000,5733.558080000,step1.layer6.attention,attention output projection
1,6,step1.layer6.residual1,residual,GPU_COMPUTE,step1.layer6.o_proj,5733.558080000,1.012288000,5734.570368000,step1.layer6.o_proj,residual add
1,6,step1.layer6.norm2,norm,GPU_COMPUTE,step1.layer6.residual1,5734.570368000,1.008192000,5735.578560000,step1.layer6.residual1,RMSNorm
1,6,step1.layer6.router,router,GPU_COMPUTE,step1.layer6.norm2,5735.578560000,2.069888000,5737.648448000,step1.layer6.norm2,MoE router
1,6,step1.layer6.metadata,metadata,GPU_COMPUTE,step1.layer6.router,5737.648448000,1.000128000,5738.648576000,step1.layer6.router,routing metadata
1,6,step1.layer6.dispatch,dispatch,,step1.layer6.metadata,5738.648576000,0.000000000,5738.648576000,step1.layer6.metadata,single-GPU dispatch placeholder
1,6,step1.layer6.scheduler,scheduler,GPU_COMPUTE,step1.layer6.metadata,5738.648576000,20.000000000,5758.648576000,step1.layer6.metadata,sieve-fixed-16-cycle-v1 placement policy
1,6,step1.layer6.gpu_weight_load,gpu_weight_load,,step1.layer6.scheduler,5758.648576000,47.121984000,5805.770560000,step1.layer6.scheduler,ordinary GPU HBM reads from mixed Ramulator cycle-v1 run
1,6,step1.layer6.gpu_expert_compute,gpu_expert,GPU_COMPUTE,step1.layer6.gpu_weight_load;step1.layer6.dispatch,5805.770560000,3.130023424,5808.900583424,step1.layer6.gpu_weight_load,grouped expert GEMM
1,6,step1.layer6.pim_gwrite,pim_write,,step1.layer6.scheduler;step1.layer6.dispatch,5758.648576000,9.951864000,5768.600440000,step1.layer6.scheduler,PIM_GWRITE milestone from mixed Ramulator cycle-v1 run
1,6,step1.layer6.pim_expert_compute,pim_expert,,step1.layer6.pim_gwrite,5768.600440000,40.823640000,5809.424080000,step1.layer6.pim_gwrite,PIM_MAC milestone delta from mixed Ramulator cycle-v1 run
1,6,step1.layer6.pim_read,pim_read,,step1.layer6.pim_expert_compute,5809.424080000,0.069264000,5809.493344000,step1.layer6.pim_expert_compute,PIM_READ milestone delta from mixed Ramulator cycle-v1 run
1,6,step1.layer6.combine,combine,GPU_COMPUTE,step1.layer6.gpu_expert_compute;step1.layer6.pim_read,5809.493344000,1.036864000,5810.530208000,step1.layer6.pim_read,weighted expert combine
1,6,step1.layer6.residual2,residual,GPU_COMPUTE,step1.layer6.combine,5810.530208000,1.012288000,5811.542496000,step1.layer6.combine,residual add
1,7,step1.layer7.norm1,norm,GPU_COMPUTE,step1.layer6.residual2,5811.542496000,1.008192000,5812.550688000,step1.layer6.residual2,RMSNorm
1,7,step1.layer7.qkv,qkv,GPU_COMPUTE,step1.layer7.norm1,5812.550688000,3.635776000,5816.186464000,step1.layer7.norm1,QKV projection
1,7,step1.layer7.rope,rope,GPU_COMPUTE,step1.layer7.qkv,5816.186464000,1.018432000,5817.204896000,step1.layer7.qkv,QK norm and RoPE
1,7,step1.layer7.attention,attention,PIM_COMPUTE,step1.layer7.rope,5817.204896000,18.929664000,5836.134560000,step1.layer7.rope,decode attention from Ramulator cycle-v0 table
1,7,step1.layer7.o_proj,attention_output,GPU_COMPUTE,step1.layer7.attention,5836.134560000,3.109440000,5839.244000000,step1.layer7.attention,attention output projection
1,7,step1.layer7.residual1,residual,GPU_COMPUTE,step1.layer7.o_proj,5839.244000000,1.012288000,5840.256288000,step1.layer7.o_proj,residual add
1,7,step1.layer7.norm2,norm,GPU_COMPUTE,step1.layer7.residual1,5840.256288000,1.008192000,5841.264480000,step1.layer7.residual1,RMSNorm
1,7,step1.layer7.router,router,GPU_COMPUTE,step1.layer7.norm2,5841.264480000,2.069888000,5843.334368000,step1.layer7.norm2,MoE router
1,7,step1.layer7.metadata,metadata,GPU_COMPUTE,step1.layer7.router,5843.334368000,1.000128000,5844.334496000,step1.layer7.router,routing metadata
1,7,step1.layer7.dispatch,dispatch,,step1.layer7.metadata,5844.334496000,0.000000000,5844.334496000,step1.layer7.metadata,single-GPU dispatch placeholder
1,7,step1.layer7.scheduler,scheduler,GPU_COMPUTE,step1.layer7.metadata,5844.334496000,20.000000000,5864.334496000,step1.layer7.metadata,sieve-fixed-16-cycle-v1 placement policy
1,7,step1.layer7.gpu_weight_load,gpu_weight_load,,step1.layer7.scheduler,5864.334496000,47.121984000,5911.456480000,step1.layer7.scheduler,ordinary GPU HBM reads from mixed Ramulator cycle-v1 run
1,7,step1.layer7.gpu_expert_compute,gpu_expert,GPU_COMPUTE,step1.layer7.gpu_weight_load;step1.layer7.dispatch,5911.456480000,3.130023424,5914.586503424,step1.layer7.gpu_weight_load,grouped expert GEMM
1,7,step1.layer7.pim_gwrite,pim_write,,step1.layer7.scheduler;step1.layer7.dispatch,5864.334496000,9.951864000,5874.286360000,step1.layer7.scheduler,PIM_GWRITE milestone from mixed Ramulator cycle-v1 run
1,7,step1.layer7.pim_expert_compute,pim_expert,,step1.layer7.pim_gwrite,5874.286360000,40.823640000,5915.110000000,step1.layer7.pim_gwrite,PIM_MAC milestone delta from mixed Ramulator cycle-v1 run
1,7,step1.layer7.pim_read,pim_read,,step1.layer7.pim_expert_compute,5915.110000000,0.069264000,5915.179264000,step1.layer7.pim_expert_compute,PIM_READ milestone delta from mixed Ramulator cycle-v1 run
1,7,step1.layer7.combine,combine,GPU_COMPUTE,step1.layer7.gpu_expert_compute;step1.layer7.pim_read,5915.179264000,1.036864000,5916.216128000,step1.layer7.pim_read,weighted expert combine
1,7,step1.layer7.residual2,residual,GPU_COMPUTE,step1.layer7.combine,5916.216128000,1.012288000,5917.228416000,step1.layer7.combine,residual add
1,8,step1.layer8.norm1,norm,GPU_COMPUTE,step1.layer7.residual2,5917.228416000,1.008192000,5918.236608000,step1.layer7.residual2,RMSNorm
1,8,step1.layer8.qkv,qkv,GPU_COMPUTE,step1.layer8.norm1,5918.236608000,3.635776000,5921.872384000,step1.layer8.norm1,QKV projection
1,8,step1.layer8.rope,rope,GPU_COMPUTE,step1.layer8.qkv,5921.872384000,1.018432000,5922.890816000,step1.layer8.qkv,QK norm and RoPE
1,8,step1.layer8.attention,attention,PIM_COMPUTE,step1.layer8.rope,5922.890816000,18.929664000,5941.820480000,step1.layer8.rope,decode attention from Ramulator cycle-v0 table
1,8,step1.layer8.o_proj,attention_output,GPU_COMPUTE,step1.layer8.attention,5941.820480000,3.109440000,5944.929920000,step1.layer8.attention,attention output projection
1,8,step1.layer8.residual1,residual,GPU_COMPUTE,step1.layer8.o_proj,5944.929920000,1.012288000,5945.942208000,step1.layer8.o_proj,residual add
1,8,step1.layer8.norm2,norm,GPU_COMPUTE,step1.layer8.residual1,5945.942208000,1.008192000,5946.950400000,step1.layer8.residual1,RMSNorm
1,8,step1.layer8.router,router,GPU_COMPUTE,step1.layer8.norm2,5946.950400000,2.069888000,5949.020288000,step1.layer8.norm2,MoE router
1,8,step1.layer8.metadata,metadata,GPU_COMPUTE,step1.layer8.router,5949.020288000,1.000128000,5950.020416000,step1.layer8.router,routing metadata
1,8,step1.layer8.dispatch,dispatch,,step1.layer8.metadata,5950.020416000,0.000000000,5950.020416000,step1.layer8.metadata,single-GPU dispatch placeholder
1,8,step1.layer8.scheduler,scheduler,GPU_COMPUTE,step1.layer8.metadata,5950.020416000,20.000000000,5970.020416000,step1.layer8.metadata,sieve-fixed-16-cycle-v1 placement policy
1,8,step1.layer8.gpu_weight_load,gpu_weight_load,,step1.layer8.scheduler,5970.020416000,47.121984000,6017.142400000,step1.layer8.scheduler,ordinary GPU HBM reads from mixed Ramulator cycle-v1 run
1,8,step1.layer8.gpu_expert_compute,gpu_expert,GPU_COMPUTE,step1.layer8.gpu_weight_load;step1.layer8.dispatch,6017.142400000,3.130023424,6020.272423424,step1.layer8.gpu_weight_load,grouped expert GEMM
1,8,step1.layer8.pim_gwrite,pim_write,,step1.layer8.scheduler;step1.layer8.dispatch,5970.020416000,9.951864000,5979.972280000,step1.layer8.scheduler,PIM_GWRITE milestone from mixed Ramulator cycle-v1 run
1,8,step1.layer8.pim_expert_compute,pim_expert,,step1.layer8.pim_gwrite,5979.972280000,40.823640000,6020.795920000,step1.layer8.pim_gwrite,PIM_MAC milestone delta from mixed Ramulator cycle-v1 run
1,8,step1.layer8.pim_read,pim_read,,step1.layer8.pim_expert_compute,6020.795920000,0.069264000,6020.865184000,step1.layer8.pim_expert_compute,PIM_READ milestone delta from mixed Ramulator cycle-v1 run
1,8,step1.layer8.combine,combine,GPU_COMPUTE,step1.layer8.gpu_expert_compute;step1.layer8.pim_read,6020.865184000,1.036864000,6021.902048000,step1.layer8.pim_read,weighted expert combine
1,8,step1.layer8.residual2,residual,GPU_COMPUTE,step1.layer8.combine,6021.902048000,1.012288000,6022.914336000,step1.layer8.combine,residual add
1,9,step1.layer9.norm1,norm,GPU_COMPUTE,step1.layer8.residual2,6022.914336000,1.008192000,6023.922528000,step1.layer8.residual2,RMSNorm
1,9,step1.layer9.qkv,qkv,GPU_COMPUTE,step1.layer9.norm1,6023.922528000,3.635776000,6027.558304000,step1.layer9.norm1,QKV projection
1,9,step1.layer9.rope,rope,GPU_COMPUTE,step1.layer9.qkv,6027.558304000,1.018432000,6028.576736000,step1.layer9.qkv,QK norm and RoPE
1,9,step1.layer9.attention,attention,PIM_COMPUTE,step1.layer9.rope,6028.576736000,18.929664000,6047.506400000,step1.layer9.rope,decode attention from Ramulator cycle-v0 table
1,9,step1.layer9.o_proj,attention_output,GPU_COMPUTE,step1.layer9.attention,6047.506400000,3.109440000,6050.615840000,step1.layer9.attention,attention output projection
1,9,step1.layer9.residual1,residual,GPU_COMPUTE,step1.layer9.o_proj,6050.615840000,1.012288000,6051.628128000,step1.layer9.o_proj,residual add
1,9,step1.layer9.norm2,norm,GPU_COMPUTE,step1.layer9.residual1,6051.628128000,1.008192000,6052.636320000,step1.layer9.residual1,RMSNorm
1,9,step1.layer9.router,router,GPU_COMPUTE,step1.layer9.norm2,6052.636320000,2.069888000,6054.706208000,step1.layer9.norm2,MoE router
1,9,step1.layer9.metadata,metadata,GPU_COMPUTE,step1.layer9.router,6054.706208000,1.000128000,6055.706336000,step1.layer9.router,routing metadata
1,9,step1.layer9.dispatch,dispatch,,step1.layer9.metadata,6055.706336000,0.000000000,6055.706336000,step1.layer9.metadata,single-GPU dispatch placeholder
1,9,step1.layer9.scheduler,scheduler,GPU_COMPUTE,step1.layer9.metadata,6055.706336000,20.000000000,6075.706336000,step1.layer9.metadata,sieve-fixed-16-cycle-v1 placement policy
1,9,step1.layer9.gpu_weight_load,gpu_weight_load,,step1.layer9.scheduler,6075.706336000,47.121984000,6122.828320000,step1.layer9.scheduler,ordinary GPU HBM reads from mixed Ramulator cycle-v1 run
1,9,step1.layer9.gpu_expert_compute,gpu_expert,GPU_COMPUTE,step1.layer9.gpu_weight_load;step1.layer9.dispatch,6122.828320000,3.130023424,6125.958343424,step1.layer9.gpu_weight_load,grouped expert GEMM
1,9,step1.layer9.pim_gwrite,pim_write,,step1.layer9.scheduler;step1.layer9.dispatch,6075.706336000,9.951864000,6085.658200000,step1.layer9.scheduler,PIM_GWRITE milestone from mixed Ramulator cycle-v1 run
1,9,step1.layer9.pim_expert_compute,pim_expert,,step1.layer9.pim_gwrite,6085.658200000,40.823640000,6126.481840000,step1.layer9.pim_gwrite,PIM_MAC milestone delta from mixed Ramulator cycle-v1 run
1,9,step1.layer9.pim_read,pim_read,,step1.layer9.pim_expert_compute,6126.481840000,0.069264000,6126.551104000,step1.layer9.pim_expert_compute,PIM_READ milestone delta from mixed Ramulator cycle-v1 run
1,9,step1.layer9.combine,combine,GPU_COMPUTE,step1.layer9.gpu_expert_compute;step1.layer9.pim_read,6126.551104000,1.036864000,6127.587968000,step1.layer9.pim_read,weighted expert combine
1,9,step1.layer9.residual2,residual,GPU_COMPUTE,step1.layer9.combine,6127.587968000,1.012288000,6128.600256000,step1.layer9.combine,residual add
1,10,step1.layer10.norm1,norm,GPU_COMPUTE,step1.layer9.residual2,6128.600256000,1.008192000,6129.608448000,step1.layer9.residual2,RMSNorm
1,10,step1.layer10.qkv,qkv,GPU_COMPUTE,step1.layer10.norm1,6129.608448000,3.635776000,6133.244224000,step1.layer10.norm1,QKV projection
1,10,step1.layer10.rope,rope,GPU_COMPUTE,step1.layer10.qkv,6133.244224000,1.018432000,6134.262656000,step1.layer10.qkv,QK norm and RoPE
1,10,step1.layer10.attention,attention,PIM_COMPUTE,step1.layer10.rope,6134.262656000,18.929664000,6153.192320000,step1.layer10.rope,decode attention from Ramulator cycle-v0 table
1,10,step1.layer10.o_proj,attention_output,GPU_COMPUTE,step1.layer10.attention,6153.192320000,3.109440000,6156.301760000,step1.layer10.attention,attention output projection
1,10,step1.layer10.residual1,residual,GPU_COMPUTE,step1.layer10.o_proj,6156.301760000,1.012288000,6157.314048000,step1.layer10.o_proj,residual add
1,10,step1.layer10.norm2,norm,GPU_COMPUTE,step1.layer10.residual1,6157.314048000,1.008192000,6158.322240000,step1.layer10.residual1,RMSNorm
1,10,step1.layer10.router,router,GPU_COMPUTE,step1.layer10.norm2,6158.322240000,2.069888000,6160.392128000,step1.layer10.norm2,MoE router
1,10,step1.layer10.metadata,metadata,GPU_COMPUTE,step1.layer10.router,6160.392128000,1.000128000,6161.392256000,step1.layer10.router,routing metadata
1,10,step1.layer10.dispatch,dispatch,,step1.layer10.metadata,6161.392256000,0.000000000,6161.392256000,step1.layer10.metadata,single-GPU dispatch placeholder
1,10,step1.layer10.scheduler,scheduler,GPU_COMPUTE,step1.layer10.metadata,6161.392256000,20.000000000,6181.392256000,step1.layer10.metadata,sieve-fixed-16-cycle-v1 placement policy
1,10,step1.layer10.gpu_weight_load,gpu_weight_load,,step1.layer10.scheduler,6181.392256000,47.121984000,6228.514240000,step1.layer10.scheduler,ordinary GPU HBM reads from mixed Ramulator cycle-v1 run
1,10,step1.layer10.gpu_expert_compute,gpu_expert,GPU_COMPUTE,step1.layer10.gpu_weight_load;step1.layer10.dispatch,6228.514240000,3.130023424,6231.644263424,step1.layer10.gpu_weight_load,grouped expert GEMM
1,10,step1.layer10.pim_gwrite,pim_write,,step1.layer10.scheduler;step1.layer10.dispatch,6181.392256000,9.951864000,6191.344120000,step1.layer10.scheduler,PIM_GWRITE milestone from mixed Ramulator cycle-v1 run
1,10,step1.layer10.pim_expert_compute,pim_expert,,step1.layer10.pim_gwrite,6191.344120000,40.823640000,6232.167760000,step1.layer10.pim_gwrite,PIM_MAC milestone delta from mixed Ramulator cycle-v1 run
1,10,step1.layer10.pim_read,pim_read,,step1.layer10.pim_expert_compute,6232.167760000,0.069264000,6232.237024000,step1.layer10.pim_expert_compute,PIM_READ milestone delta from mixed Ramulator cycle-v1 run
1,10,step1.layer10.combine,combine,GPU_COMPUTE,step1.layer10.gpu_expert_compute;step1.layer10.pim_read,6232.237024000,1.036864000,6233.273888000,step1.layer10.pim_read,weighted expert combine
1,10,step1.layer10.residual2,residual,GPU_COMPUTE,step1.layer10.combine,6233.273888000,1.012288000,6234.286176000,step1.layer10.combine,residual add
1,11,step1.layer11.norm1,norm,GPU_COMPUTE,step1.layer10.residual2,6234.286176000,1.008192000,6235.294368000,step1.layer10.residual2,RMSNorm
1,11,step1.layer11.qkv,qkv,GPU_COMPUTE,step1.layer11.norm1,6235.294368000,3.635776000,6238.930144000,step1.layer11.norm1,QKV projection
1,11,step1.layer11.rope,rope,GPU_COMPUTE,step1.layer11.qkv,6238.930144000,1.018432000,6239.948576000,step1.layer11.qkv,QK norm and RoPE
1,11,step1.layer11.attention,attention,PIM_COMPUTE,step1.layer11.rope,6239.948576000,18.929664000,6258.878240000,step1.layer11.rope,decode attention from Ramulator cycle-v0 table
1,11,step1.layer11.o_proj,attention_output,GPU_COMPUTE,step1.layer11.attention,6258.878240000,3.109440000,6261.987680000,step1.layer11.attention,attention output projection
1,11,step1.layer11.residual1,residual,GPU_COMPUTE,step1.layer11.o_proj,6261.987680000,1.012288000,6262.999968000,step1.layer11.o_proj,residual add
1,11,step1.layer11.norm2,norm,GPU_COMPUTE,step1.layer11.residual1,6262.999968000,1.008192000,6264.008160000,step1.layer11.residual1,RMSNorm
1,11,step1.layer11.router,router,GPU_COMPUTE,step1.layer11.norm2,6264.008160000,2.069888000,6266.078048000,step1.layer11.norm2,MoE router
1,11,step1.layer11.metadata,metadata,GPU_COMPUTE,step1.layer11.router,6266.078048000,1.000128000,6267.078176000,step1.layer11.router,routing metadata
1,11,step1.layer11.dispatch,dispatch,,step1.layer11.metadata,6267.078176000,0.000000000,6267.078176000,step1.layer11.metadata,single-GPU dispatch placeholder
1,11,step1.layer11.scheduler,scheduler,GPU_COMPUTE,step1.layer11.metadata,6267.078176000,20.000000000,6287.078176000,step1.layer11.metadata,sieve-fixed-16-cycle-v1 placement policy
1,11,step1.layer11.gpu_weight_load,gpu_weight_load,,step1.layer11.scheduler,6287.078176000,47.121984000,6334.200160000,step1.layer11.scheduler,ordinary GPU HBM reads from mixed Ramulator cycle-v1 run
1,11,step1.layer11.gpu_expert_compute,gpu_expert,GPU_COMPUTE,step1.layer11.gpu_weight_load;step1.layer11.dispatch,6334.200160000,3.130023424,6337.330183424,step1.layer11.gpu_weight_load,grouped expert GEMM
1,11,step1.layer11.pim_gwrite,pim_write,,step1.layer11.scheduler;step1.layer11.dispatch,6287.078176000,9.951864000,6297.030040000,step1.layer11.scheduler,PIM_GWRITE milestone from mixed Ramulator cycle-v1 run
1,11,step1.layer11.pim_expert_compute,pim_expert,,step1.layer11.pim_gwrite,6297.030040000,40.823640000,6337.853680000,step1.layer11.pim_gwrite,PIM_MAC milestone delta from mixed Ramulator cycle-v1 run
1,11,step1.layer11.pim_read,pim_read,,step1.layer11.pim_expert_compute,6337.853680000,0.069264000,6337.922944000,step1.layer11.pim_expert_compute,PIM_READ milestone delta from mixed Ramulator cycle-v1 run
1,11,step1.layer11.combine,combine,GPU_COMPUTE,step1.layer11.gpu_expert_compute;step1.layer11.pim_read,6337.922944000,1.036864000,6338.959808000,step1.layer11.pim_read,weighted expert combine
1,11,step1.layer11.residual2,residual,GPU_COMPUTE,step1.layer11.combine,6338.959808000,1.012288000,6339.972096000,step1.layer11.combine,residual add
1,12,step1.layer12.norm1,norm,GPU_COMPUTE,step1.layer11.residual2,6339.972096000,1.008192000,6340.980288000,step1.layer11.residual2,RMSNorm
1,12,step1.layer12.qkv,qkv,GPU_COMPUTE,step1.layer12.norm1,6340.980288000,3.635776000,6344.616064000,step1.layer12.norm1,QKV projection
1,12,step1.layer12.rope,rope,GPU_COMPUTE,step1.layer12.qkv,6344.616064000,1.018432000,6345.634496000,step1.layer12.qkv,QK norm and RoPE
1,12,step1.layer12.attention,attention,PIM_COMPUTE,step1.layer12.rope,6345.634496000,18.929664000,6364.564160000,step1.layer12.rope,decode attention from Ramulator cycle-v0 table
1,12,step1.layer12.o_proj,attention_output,GPU_COMPUTE,step1.layer12.attention,6364.564160000,3.109440000,6367.673600000,step1.layer12.attention,attention output projection
1,12,step1.layer12.residual1,residual,GPU_COMPUTE,step1.layer12.o_proj,6367.673600000,1.012288000,6368.685888000,step1.layer12.o_proj,residual add
1,12,step1.layer12.norm2,norm,GPU_COMPUTE,step1.layer12.residual1,6368.685888000,1.008192000,6369.694080000,step1.layer12.residual1,RMSNorm
1,12,step1.layer12.router,router,GPU_COMPUTE,step1.layer12.norm2,6369.694080000,2.069888000,6371.763968000,step1.layer12.norm2,MoE router
1,12,step1.layer12.metadata,metadata,GPU_COMPUTE,step1.layer12.router,6371.763968000,1.000128000,6372.764096000,step1.layer12.router,routing metadata
1,12,step1.layer12.dispatch,dispatch,,step1.layer12.metadata,6372.764096000,0.000000000,6372.764096000,step1.layer12.metadata,single-GPU dispatch placeholder
1,12,step1.layer12.scheduler,scheduler,GPU_COMPUTE,step1.layer12.metadata,6372.764096000,20.000000000,6392.764096000,step1.layer12.metadata,sieve-fixed-16-cycle-v1 placement policy
1,12,step1.layer12.gpu_weight_load,gpu_weight_load,,step1.layer12.scheduler,6392.764096000,47.121984000,6439.886080000,step1.layer12.scheduler,ordinary GPU HBM reads from mixed Ramulator cycle-v1 run
1,12,step1.layer12.gpu_expert_compute,gpu_expert,GPU_COMPUTE,step1.layer12.gpu_weight_load;step1.layer12.dispatch,6439.886080000,3.130023424,6443.016103424,step1.layer12.gpu_weight_load,grouped expert GEMM
1,12,step1.layer12.pim_gwrite,pim_write,,step1.layer12.scheduler;step1.layer12.dispatch,6392.764096000,9.951864000,6402.715960000,step1.layer12.scheduler,PIM_GWRITE milestone from mixed Ramulator cycle-v1 run
1,12,step1.layer12.pim_expert_compute,pim_expert,,step1.layer12.pim_gwrite,6402.715960000,40.823640000,6443.539600000,step1.layer12.pim_gwrite,PIM_MAC milestone delta from mixed Ramulator cycle-v1 run
1,12,step1.layer12.pim_read,pim_read,,step1.layer12.pim_expert_compute,6443.539600000,0.069264000,6443.608864000,step1.layer12.pim_expert_compute,PIM_READ milestone delta from mixed Ramulator cycle-v1 run
1,12,step1.layer12.combine,combine,GPU_COMPUTE,step1.layer12.gpu_expert_compute;step1.layer12.pim_read,6443.608864000,1.036864000,6444.645728000,step1.layer12.pim_read,weighted expert combine
1,12,step1.layer12.residual2,residual,GPU_COMPUTE,step1.layer12.combine,6444.645728000,1.012288000,6445.658016000,step1.layer12.combine,residual add
1,13,step1.layer13.norm1,norm,GPU_COMPUTE,step1.layer12.residual2,6445.658016000,1.008192000,6446.666208000,step1.layer12.residual2,RMSNorm
1,13,step1.layer13.qkv,qkv,GPU_COMPUTE,step1.layer13.norm1,6446.666208000,3.635776000,6450.301984000,step1.layer13.norm1,QKV projection
1,13,step1.layer13.rope,rope,GPU_COMPUTE,step1.layer13.qkv,6450.301984000,1.018432000,6451.320416000,step1.layer13.qkv,QK norm and RoPE
1,13,step1.layer13.attention,attention,PIM_COMPUTE,step1.layer13.rope,6451.320416000,18.929664000,6470.250080000,step1.layer13.rope,decode attention from Ramulator cycle-v0 table
1,13,step1.layer13.o_proj,attention_output,GPU_COMPUTE,step1.layer13.attention,6470.250080000,3.109440000,6473.359520000,step1.layer13.attention,attention output projection
1,13,step1.layer13.residual1,residual,GPU_COMPUTE,step1.layer13.o_proj,6473.359520000,1.012288000,6474.371808000,step1.layer13.o_proj,residual add
1,13,step1.layer13.norm2,norm,GPU_COMPUTE,step1.layer13.residual1,6474.371808000,1.008192000,6475.380000000,step1.layer13.residual1,RMSNorm
1,13,step1.layer13.router,router,GPU_COMPUTE,step1.layer13.norm2,6475.380000000,2.069888000,6477.449888000,step1.layer13.norm2,MoE router
1,13,step1.layer13.metadata,metadata,GPU_COMPUTE,step1.layer13.router,6477.449888000,1.000128000,6478.450016000,step1.layer13.router,routing metadata
1,13,step1.layer13.dispatch,dispatch,,step1.layer13.metadata,6478.450016000,0.000000000,6478.450016000,step1.layer13.metadata,single-GPU dispatch placeholder
1,13,step1.layer13.scheduler,scheduler,GPU_COMPUTE,step1.layer13.metadata,6478.450016000,20.000000000,6498.450016000,step1.layer13.metadata,sieve-fixed-16-cycle-v1 placement policy
1,13,step1.layer13.gpu_weight_load,gpu_weight_load,,step1.layer13.scheduler,6498.450016000,47.121984000,6545.572000000,step1.layer13.scheduler,ordinary GPU HBM reads from mixed Ramulator cycle-v1 run
1,13,step1.layer13.gpu_expert_compute,gpu_expert,GPU_COMPUTE,step1.layer13.gpu_weight_load;step1.layer13.dispatch,6545.572000000,3.130023424,6548.702023424,step1.layer13.gpu_weight_load,grouped expert GEMM
1,13,step1.layer13.pim_gwrite,pim_write,,step1.layer13.scheduler;step1.layer13.dispatch,6498.450016000,9.951864000,6508.401880000,step1.layer13.scheduler,PIM_GWRITE milestone from mixed Ramulator cycle-v1 run
1,13,step1.layer13.pim_expert_compute,pim_expert,,step1.layer13.pim_gwrite,6508.401880000,40.823640000,6549.225520000,step1.layer13.pim_gwrite,PIM_MAC milestone delta from mixed Ramulator cycle-v1 run
1,13,step1.layer13.pim_read,pim_read,,step1.layer13.pim_expert_compute,6549.225520000,0.069264000,6549.294784000,step1.layer13.pim_expert_compute,PIM_READ milestone delta from mixed Ramulator cycle-v1 run
1,13,step1.layer13.combine,combine,GPU_COMPUTE,step1.layer13.gpu_expert_compute;step1.layer13.pim_read,6549.294784000,1.036864000,6550.331648000,step1.layer13.pim_read,weighted expert combine
1,13,step1.layer13.residual2,residual,GPU_COMPUTE,step1.layer13.combine,6550.331648000,1.012288000,6551.343936000,step1.layer13.combine,residual add
1,14,step1.layer14.norm1,norm,GPU_COMPUTE,step1.layer13.residual2,6551.343936000,1.008192000,6552.352128000,step1.layer13.residual2,RMSNorm
1,14,step1.layer14.qkv,qkv,GPU_COMPUTE,step1.layer14.norm1,6552.352128000,3.635776000,6555.987904000,step1.layer14.norm1,QKV projection
1,14,step1.layer14.rope,rope,GPU_COMPUTE,step1.layer14.qkv,6555.987904000,1.018432000,6557.006336000,step1.layer14.qkv,QK norm and RoPE
1,14,step1.layer14.attention,attention,PIM_COMPUTE,step1.layer14.rope,6557.006336000,18.929664000,6575.936000000,step1.layer14.rope,decode attention from Ramulator cycle-v0 table
1,14,step1.layer14.o_proj,attention_output,GPU_COMPUTE,step1.layer14.attention,6575.936000000,3.109440000,6579.045440000,step1.layer14.attention,attention output projection
1,14,step1.layer14.residual1,residual,GPU_COMPUTE,step1.layer14.o_proj,6579.045440000,1.012288000,6580.057728000,step1.layer14.o_proj,residual add
1,14,step1.layer14.norm2,norm,GPU_COMPUTE,step1.layer14.residual1,6580.057728000,1.008192000,6581.065920000,step1.layer14.residual1,RMSNorm
1,14,step1.layer14.router,router,GPU_COMPUTE,step1.layer14.norm2,6581.065920000,2.069888000,6583.135808000,step1.layer14.norm2,MoE router
1,14,step1.layer14.metadata,metadata,GPU_COMPUTE,step1.layer14.router,6583.135808000,1.000128000,6584.135936000,step1.layer14.router,routing metadata
1,14,step1.layer14.dispatch,dispatch,,step1.layer14.metadata,6584.135936000,0.000000000,6584.135936000,step1.layer14.metadata,single-GPU dispatch placeholder
1,14,step1.layer14.scheduler,scheduler,GPU_COMPUTE,step1.layer14.metadata,6584.135936000,20.000000000,6604.135936000,step1.layer14.metadata,sieve-fixed-16-cycle-v1 placement policy
1,14,step1.layer14.gpu_weight_load,gpu_weight_load,,step1.layer14.scheduler,6604.135936000,47.121984000,6651.257920000,step1.layer14.scheduler,ordinary GPU HBM reads from mixed Ramulator cycle-v1 run
1,14,step1.layer14.gpu_expert_compute,gpu_expert,GPU_COMPUTE,step1.layer14.gpu_weight_load;step1.layer14.dispatch,6651.257920000,3.130023424,6654.387943424,step1.layer14.gpu_weight_load,grouped expert GEMM
1,14,step1.layer14.pim_gwrite,pim_write,,step1.layer14.scheduler;step1.layer14.dispatch,6604.135936000,9.951864000,6614.087800000,step1.layer14.scheduler,PIM_GWRITE milestone from mixed Ramulator cycle-v1 run
1,14,step1.layer14.pim_expert_compute,pim_expert,,step1.layer14.pim_gwrite,6614.087800000,40.823640000,6654.911440000,step1.layer14.pim_gwrite,PIM_MAC milestone delta from mixed Ramulator cycle-v1 run
1,14,step1.layer14.pim_read,pim_read,,step1.layer14.pim_expert_compute,6654.911440000,0.069264000,6654.980704000,step1.layer14.pim_expert_compute,PIM_READ milestone delta from mixed Ramulator cycle-v1 run
1,14,step1.layer14.combine,combine,GPU_COMPUTE,step1.layer14.gpu_expert_compute;step1.layer14.pim_read,6654.980704000,1.036864000,6656.017568000,step1.layer14.pim_read,weighted expert combine
1,14,step1.layer14.residual2,residual,GPU_COMPUTE,step1.layer14.combine,6656.017568000,1.012288000,6657.029856000,step1.layer14.combine,residual add
1,15,step1.layer15.norm1,norm,GPU_COMPUTE,step1.layer14.residual2,6657.029856000,1.008192000,6658.038048000,step1.layer14.residual2,RMSNorm
1,15,step1.layer15.qkv,qkv,GPU_COMPUTE,step1.layer15.norm1,6658.038048000,3.635776000,6661.673824000,step1.layer15.norm1,QKV projection
1,15,step1.layer15.rope,rope,GPU_COMPUTE,step1.layer15.qkv,6661.673824000,1.018432000,6662.692256000,step1.layer15.qkv,QK norm and RoPE
1,15,step1.layer15.attention,attention,PIM_COMPUTE,step1.layer15.rope,6662.692256000,18.929664000,6681.621920000,step1.layer15.rope,decode attention from Ramulator cycle-v0 table
1,15,step1.layer15.o_proj,attention_output,GPU_COMPUTE,step1.layer15.attention,6681.621920000,3.109440000,6684.731360000,step1.layer15.attention,attention output projection
1,15,step1.layer15.residual1,residual,GPU_COMPUTE,step1.layer15.o_proj,6684.731360000,1.012288000,6685.743648000,step1.layer15.o_proj,residual add
1,15,step1.layer15.norm2,norm,GPU_COMPUTE,step1.layer15.residual1,6685.743648000,1.008192000,6686.751840000,step1.layer15.residual1,RMSNorm
1,15,step1.layer15.router,router,GPU_COMPUTE,step1.layer15.norm2,6686.751840000,2.069888000,6688.821728000,step1.layer15.norm2,MoE router
1,15,step1.layer15.metadata,metadata,GPU_COMPUTE,step1.layer15.router,6688.821728000,1.000128000,6689.821856000,step1.layer15.router,routing metadata
1,15,step1.layer15.dispatch,dispatch,,step1.layer15.metadata,6689.821856000,0.000000000,6689.821856000,step1.layer15.metadata,single-GPU dispatch placeholder
1,15,step1.layer15.scheduler,scheduler,GPU_COMPUTE,step1.layer15.metadata,6689.821856000,20.000000000,6709.821856000,step1.layer15.metadata,sieve-fixed-16-cycle-v1 placement policy
1,15,step1.layer15.gpu_weight_load,gpu_weight_load,,step1.layer15.scheduler,6709.821856000,47.121984000,6756.943840000,step1.layer15.scheduler,ordinary GPU HBM reads from mixed Ramulator cycle-v1 run
1,15,step1.layer15.gpu_expert_compute,gpu_expert,GPU_COMPUTE,step1.layer15.gpu_weight_load;step1.layer15.dispatch,6756.943840000,3.130023424,6760.073863424,step1.layer15.gpu_weight_load,grouped expert GEMM
1,15,step1.layer15.pim_gwrite,pim_write,,step1.layer15.scheduler;step1.layer15.dispatch,6709.821856000,9.951864000,6719.773720000,step1.layer15.scheduler,PIM_GWRITE milestone from mixed Ramulator cycle-v1 run
1,15,step1.layer15.pim_expert_compute,pim_expert,,step1.layer15.pim_gwrite,6719.773720000,40.823640000,6760.597360000,step1.layer15.pim_gwrite,PIM_MAC milestone delta from mixed Ramulator cycle-v1 run
1,15,step1.layer15.pim_read,pim_read,,step1.layer15.pim_expert_compute,6760.597360000,0.069264000,6760.666624000,step1.layer15.pim_expert_compute,PIM_READ milestone delta from mixed Ramulator cycle-v1 run
1,15,step1.layer15.combine,combine,GPU_COMPUTE,step1.layer15.gpu_expert_compute;step1.layer15.pim_read,6760.666624000,1.036864000,6761.703488000,step1.layer15.pim_read,weighted expert combine
1,15,step1.layer15.residual2,residual,GPU_COMPUTE,step1.layer15.combine,6761.703488000,1.012288000,6762.715776000,step1.layer15.combine,residual add
1,16,step1.layer16.norm1,norm,GPU_COMPUTE,step1.layer15.residual2,6762.715776000,1.008192000,6763.723968000,step1.layer15.residual2,RMSNorm
1,16,step1.layer16.qkv,qkv,GPU_COMPUTE,step1.layer16.norm1,6763.723968000,3.635776000,6767.359744000,step1.layer16.norm1,QKV projection
1,16,step1.layer16.rope,rope,GPU_COMPUTE,step1.layer16.qkv,6767.359744000,1.018432000,6768.378176000,step1.layer16.qkv,QK norm and RoPE
1,16,step1.layer16.attention,attention,PIM_COMPUTE,step1.layer16.rope,6768.378176000,18.929664000,6787.307840000,step1.layer16.rope,decode attention from Ramulator cycle-v0 table
1,16,step1.layer16.o_proj,attention_output,GPU_COMPUTE,step1.layer16.attention,6787.307840000,3.109440000,6790.417280000,step1.layer16.attention,attention output projection
1,16,step1.layer16.residual1,residual,GPU_COMPUTE,step1.layer16.o_proj,6790.417280000,1.012288000,6791.429568000,step1.layer16.o_proj,residual add
1,16,step1.layer16.norm2,norm,GPU_COMPUTE,step1.layer16.residual1,6791.429568000,1.008192000,6792.437760000,step1.layer16.residual1,RMSNorm
1,16,step1.layer16.router,router,GPU_COMPUTE,step1.layer16.norm2,6792.437760000,2.069888000,6794.507648000,step1.layer16.norm2,MoE router
1,16,step1.layer16.metadata,metadata,GPU_COMPUTE,step1.layer16.router,6794.507648000,1.000128000,6795.507776000,step1.layer16.router,routing metadata
1,16,step1.layer16.dispatch,dispatch,,step1.layer16.metadata,6795.507776000,0.000000000,6795.507776000,step1.layer16.metadata,single-GPU dispatch placeholder
1,16,step1.layer16.scheduler,scheduler,GPU_COMPUTE,step1.layer16.metadata,6795.507776000,20.000000000,6815.507776000,step1.layer16.metadata,sieve-fixed-16-cycle-v1 placement policy
1,16,step1.layer16.gpu_weight_load,gpu_weight_load,,step1.layer16.scheduler,6815.507776000,47.121984000,6862.629760000,step1.layer16.scheduler,ordinary GPU HBM reads from mixed Ramulator cycle-v1 run
1,16,step1.layer16.gpu_expert_compute,gpu_expert,GPU_COMPUTE,step1.layer16.gpu_weight_load;step1.layer16.dispatch,6862.629760000,3.130023424,6865.759783424,step1.layer16.gpu_weight_load,grouped expert GEMM
1,16,step1.layer16.pim_gwrite,pim_write,,step1.layer16.scheduler;step1.layer16.dispatch,6815.507776000,9.951864000,6825.459640000,step1.layer16.scheduler,PIM_GWRITE milestone from mixed Ramulator cycle-v1 run
1,16,step1.layer16.pim_expert_compute,pim_expert,,step1.layer16.pim_gwrite,6825.459640000,40.823640000,6866.283280000,step1.layer16.pim_gwrite,PIM_MAC milestone delta from mixed Ramulator cycle-v1 run
1,16,step1.layer16.pim_read,pim_read,,step1.layer16.pim_expert_compute,6866.283280000,0.069264000,6866.352544000,step1.layer16.pim_expert_compute,PIM_READ milestone delta from mixed Ramulator cycle-v1 run
1,16,step1.layer16.combine,combine,GPU_COMPUTE,step1.layer16.gpu_expert_compute;step1.layer16.pim_read,6866.352544000,1.036864000,6867.389408000,step1.layer16.pim_read,weighted expert combine
1,16,step1.layer16.residual2,residual,GPU_COMPUTE,step1.layer16.combine,6867.389408000,1.012288000,6868.401696000,step1.layer16.combine,residual add
1,17,step1.layer17.norm1,norm,GPU_COMPUTE,step1.layer16.residual2,6868.401696000,1.008192000,6869.409888000,step1.layer16.residual2,RMSNorm
1,17,step1.layer17.qkv,qkv,GPU_COMPUTE,step1.layer17.norm1,6869.409888000,3.635776000,6873.045664000,step1.layer17.norm1,QKV projection
1,17,step1.layer17.rope,rope,GPU_COMPUTE,step1.layer17.qkv,6873.045664000,1.018432000,6874.064096000,step1.layer17.qkv,QK norm and RoPE
1,17,step1.layer17.attention,attention,PIM_COMPUTE,step1.layer17.rope,6874.064096000,18.929664000,6892.993760000,step1.layer17.rope,decode attention from Ramulator cycle-v0 table
1,17,step1.layer17.o_proj,attention_output,GPU_COMPUTE,step1.layer17.attention,6892.993760000,3.109440000,6896.103200000,step1.layer17.attention,attention output projection
1,17,step1.layer17.residual1,residual,GPU_COMPUTE,step1.layer17.o_proj,6896.103200000,1.012288000,6897.115488000,step1.layer17.o_proj,residual add
1,17,step1.layer17.norm2,norm,GPU_COMPUTE,step1.layer17.residual1,6897.115488000,1.008192000,6898.123680000,step1.layer17.residual1,RMSNorm
1,17,step1.layer17.router,router,GPU_COMPUTE,step1.layer17.norm2,6898.123680000,2.069888000,6900.193568000,step1.layer17.norm2,MoE router
1,17,step1.layer17.metadata,metadata,GPU_COMPUTE,step1.layer17.router,6900.193568000,1.000128000,6901.193696000,step1.layer17.router,routing metadata
1,17,step1.layer17.dispatch,dispatch,,step1.layer17.metadata,6901.193696000,0.000000000,6901.193696000,step1.layer17.metadata,single-GPU dispatch placeholder
1,17,step1.layer17.scheduler,scheduler,GPU_COMPUTE,step1.layer17.metadata,6901.193696000,20.000000000,6921.193696000,step1.layer17.metadata,sieve-fixed-16-cycle-v1 placement policy
1,17,step1.layer17.gpu_weight_load,gpu_weight_load,,step1.layer17.scheduler,6921.193696000,47.121984000,6968.315680000,step1.layer17.scheduler,ordinary GPU HBM reads from mixed Ramulator cycle-v1 run
1,17,step1.layer17.gpu_expert_compute,gpu_expert,GPU_COMPUTE,step1.layer17.gpu_weight_load;step1.layer17.dispatch,6968.315680000,3.130023424,6971.445703424,step1.layer17.gpu_weight_load,grouped expert GEMM
1,17,step1.layer17.pim_gwrite,pim_write,,step1.layer17.scheduler;step1.layer17.dispatch,6921.193696000,9.951864000,6931.145560000,step1.layer17.scheduler,PIM_GWRITE milestone from mixed Ramulator cycle-v1 run
1,17,step1.layer17.pim_expert_compute,pim_expert,,step1.layer17.pim_gwrite,6931.145560000,40.823640000,6971.969200000,step1.layer17.pim_gwrite,PIM_MAC milestone delta from mixed Ramulator cycle-v1 run
1,17,step1.layer17.pim_read,pim_read,,step1.layer17.pim_expert_compute,6971.969200000,0.069264000,6972.038464000,step1.layer17.pim_expert_compute,PIM_READ milestone delta from mixed Ramulator cycle-v1 run
1,17,step1.layer17.combine,combine,GPU_COMPUTE,step1.layer17.gpu_expert_compute;step1.layer17.pim_read,6972.038464000,1.036864000,6973.075328000,step1.layer17.pim_read,weighted expert combine
1,17,step1.layer17.residual2,residual,GPU_COMPUTE,step1.layer17.combine,6973.075328000,1.012288000,6974.087616000,step1.layer17.combine,residual add
1,18,step1.layer18.norm1,norm,GPU_COMPUTE,step1.layer17.residual2,6974.087616000,1.008192000,6975.095808000,step1.layer17.residual2,RMSNorm
1,18,step1.layer18.qkv,qkv,GPU_COMPUTE,step1.layer18.norm1,6975.095808000,3.635776000,6978.731584000,step1.layer18.norm1,QKV projection
1,18,step1.layer18.rope,rope,GPU_COMPUTE,step1.layer18.qkv,6978.731584000,1.018432000,6979.750016000,step1.layer18.qkv,QK norm and RoPE
1,18,step1.layer18.attention,attention,PIM_COMPUTE,step1.layer18.rope,6979.750016000,18.929664000,6998.679680000,step1.layer18.rope,decode attention from Ramulator cycle-v0 table
1,18,step1.layer18.o_proj,attention_output,GPU_COMPUTE,step1.layer18.attention,6998.679680000,3.109440000,7001.789120000,step1.layer18.attention,attention output projection
1,18,step1.layer18.residual1,residual,GPU_COMPUTE,step1.layer18.o_proj,7001.789120000,1.012288000,7002.801408000,step1.layer18.o_proj,residual add
1,18,step1.layer18.norm2,norm,GPU_COMPUTE,step1.layer18.residual1,7002.801408000,1.008192000,7003.809600000,step1.layer18.residual1,RMSNorm
1,18,step1.layer18.router,router,GPU_COMPUTE,step1.layer18.norm2,7003.809600000,2.069888000,7005.879488000,step1.layer18.norm2,MoE router
1,18,step1.layer18.metadata,metadata,GPU_COMPUTE,step1.layer18.router,7005.879488000,1.000128000,7006.879616000,step1.layer18.router,routing metadata
1,18,step1.layer18.dispatch,dispatch,,step1.layer18.metadata,7006.879616000,0.000000000,7006.879616000,step1.layer18.metadata,single-GPU dispatch placeholder
1,18,step1.layer18.scheduler,scheduler,GPU_COMPUTE,step1.layer18.metadata,7006.879616000,20.000000000,7026.879616000,step1.layer18.metadata,sieve-fixed-16-cycle-v1 placement policy
1,18,step1.layer18.gpu_weight_load,gpu_weight_load,,step1.layer18.scheduler,7026.879616000,47.121984000,7074.001600000,step1.layer18.scheduler,ordinary GPU HBM reads from mixed Ramulator cycle-v1 run
1,18,step1.layer18.gpu_expert_compute,gpu_expert,GPU_COMPUTE,step1.layer18.gpu_weight_load;step1.layer18.dispatch,7074.001600000,3.130023424,7077.131623424,step1.layer18.gpu_weight_load,grouped expert GEMM
1,18,step1.layer18.pim_gwrite,pim_write,,step1.layer18.scheduler;step1.layer18.dispatch,7026.879616000,9.951864000,7036.831480000,step1.layer18.scheduler,PIM_GWRITE milestone from mixed Ramulator cycle-v1 run
1,18,step1.layer18.pim_expert_compute,pim_expert,,step1.layer18.pim_gwrite,7036.831480000,40.823640000,7077.655120000,step1.layer18.pim_gwrite,PIM_MAC milestone delta from mixed Ramulator cycle-v1 run
1,18,step1.layer18.pim_read,pim_read,,step1.layer18.pim_expert_compute,7077.655120000,0.069264000,7077.724384000,step1.layer18.pim_expert_compute,PIM_READ milestone delta from mixed Ramulator cycle-v1 run
1,18,step1.layer18.combine,combine,GPU_COMPUTE,step1.layer18.gpu_expert_compute;step1.layer18.pim_read,7077.724384000,1.036864000,7078.761248000,step1.layer18.pim_read,weighted expert combine
1,18,step1.layer18.residual2,residual,GPU_COMPUTE,step1.layer18.combine,7078.761248000,1.012288000,7079.773536000,step1.layer18.combine,residual add
1,19,step1.layer19.norm1,norm,GPU_COMPUTE,step1.layer18.residual2,7079.773536000,1.008192000,7080.781728000,step1.layer18.residual2,RMSNorm
1,19,step1.layer19.qkv,qkv,GPU_COMPUTE,step1.layer19.norm1,7080.781728000,3.635776000,7084.417504000,step1.layer19.norm1,QKV projection
1,19,step1.layer19.rope,rope,GPU_COMPUTE,step1.layer19.qkv,7084.417504000,1.018432000,7085.435936000,step1.layer19.qkv,QK norm and RoPE
1,19,step1.layer19.attention,attention,PIM_COMPUTE,step1.layer19.rope,7085.435936000,18.929664000,7104.365600000,step1.layer19.rope,decode attention from Ramulator cycle-v0 table
1,19,step1.layer19.o_proj,attention_output,GPU_COMPUTE,step1.layer19.attention,7104.365600000,3.109440000,7107.475040000,step1.layer19.attention,attention output projection
1,19,step1.layer19.residual1,residual,GPU_COMPUTE,step1.layer19.o_proj,7107.475040000,1.012288000,7108.487328000,step1.layer19.o_proj,residual add
1,19,step1.layer19.norm2,norm,GPU_COMPUTE,step1.layer19.residual1,7108.487328000,1.008192000,7109.495520000,step1.layer19.residual1,RMSNorm
1,19,step1.layer19.router,router,GPU_COMPUTE,step1.layer19.norm2,7109.495520000,2.069888000,7111.565408000,step1.layer19.norm2,MoE router
1,19,step1.layer19.metadata,metadata,GPU_COMPUTE,step1.layer19.router,7111.565408000,1.000128000,7112.565536000,step1.layer19.router,routing metadata
1,19,step1.layer19.dispatch,dispatch,,step1.layer19.metadata,7112.565536000,0.000000000,7112.565536000,step1.layer19.metadata,single-GPU dispatch placeholder
1,19,step1.layer19.scheduler,scheduler,GPU_COMPUTE,step1.layer19.metadata,7112.565536000,20.000000000,7132.565536000,step1.layer19.metadata,sieve-fixed-16-cycle-v1 placement policy
1,19,step1.layer19.gpu_weight_load,gpu_weight_load,,step1.layer19.scheduler,7132.565536000,47.121984000,7179.687520000,step1.layer19.scheduler,ordinary GPU HBM reads from mixed Ramulator cycle-v1 run
1,19,step1.layer19.gpu_expert_compute,gpu_expert,GPU_COMPUTE,step1.layer19.gpu_weight_load;step1.layer19.dispatch,7179.687520000,3.130023424,7182.817543424,step1.layer19.gpu_weight_load,grouped expert GEMM
1,19,step1.layer19.pim_gwrite,pim_write,,step1.layer19.scheduler;step1.layer19.dispatch,7132.565536000,9.951864000,7142.517400000,step1.layer19.scheduler,PIM_GWRITE milestone from mixed Ramulator cycle-v1 run
1,19,step1.layer19.pim_expert_compute,pim_expert,,step1.layer19.pim_gwrite,7142.517400000,40.823640000,7183.341040000,step1.layer19.pim_gwrite,PIM_MAC milestone delta from mixed Ramulator cycle-v1 run
1,19,step1.layer19.pim_read,pim_read,,step1.layer19.pim_expert_compute,7183.341040000,0.069264000,7183.410304000,step1.layer19.pim_expert_compute,PIM_READ milestone delta from mixed Ramulator cycle-v1 run
1,19,step1.layer19.combine,combine,GPU_COMPUTE,step1.layer19.gpu_expert_compute;step1.layer19.pim_read,7183.410304000,1.036864000,7184.447168000,step1.layer19.pim_read,weighted expert combine
1,19,step1.layer19.residual2,residual,GPU_COMPUTE,step1.layer19.combine,7184.447168000,1.012288000,7185.459456000,step1.layer19.combine,residual add
1,20,step1.layer20.norm1,norm,GPU_COMPUTE,step1.layer19.residual2,7185.459456000,1.008192000,7186.467648000,step1.layer19.residual2,RMSNorm
1,20,step1.layer20.qkv,qkv,GPU_COMPUTE,step1.layer20.norm1,7186.467648000,3.635776000,7190.103424000,step1.layer20.norm1,QKV projection
1,20,step1.layer20.rope,rope,GPU_COMPUTE,step1.layer20.qkv,7190.103424000,1.018432000,7191.121856000,step1.layer20.qkv,QK norm and RoPE
1,20,step1.layer20.attention,attention,PIM_COMPUTE,step1.layer20.rope,7191.121856000,18.929664000,7210.051520000,step1.layer20.rope,decode attention from Ramulator cycle-v0 table
1,20,step1.layer20.o_proj,attention_output,GPU_COMPUTE,step1.layer20.attention,7210.051520000,3.109440000,7213.160960000,step1.layer20.attention,attention output projection
1,20,step1.layer20.residual1,residual,GPU_COMPUTE,step1.layer20.o_proj,7213.160960000,1.012288000,7214.173248000,step1.layer20.o_proj,residual add
1,20,step1.layer20.norm2,norm,GPU_COMPUTE,step1.layer20.residual1,7214.173248000,1.008192000,7215.181440000,step1.layer20.residual1,RMSNorm
1,20,step1.layer20.router,router,GPU_COMPUTE,step1.layer20.norm2,7215.181440000,2.069888000,7217.251328000,step1.layer20.norm2,MoE router
1,20,step1.layer20.metadata,metadata,GPU_COMPUTE,step1.layer20.router,7217.251328000,1.000128000,7218.251456000,step1.layer20.router,routing metadata
1,20,step1.layer20.dispatch,dispatch,,step1.layer20.metadata,7218.251456000,0.000000000,7218.251456000,step1.layer20.metadata,single-GPU dispatch placeholder
1,20,step1.layer20.scheduler,scheduler,GPU_COMPUTE,step1.layer20.metadata,7218.251456000,20.000000000,7238.251456000,step1.layer20.metadata,sieve-fixed-16-cycle-v1 placement policy
1,20,step1.layer20.gpu_weight_load,gpu_weight_load,,step1.layer20.scheduler,7238.251456000,47.121984000,7285.373440000,step1.layer20.scheduler,ordinary GPU HBM reads from mixed Ramulator cycle-v1 run
1,20,step1.layer20.gpu_expert_compute,gpu_expert,GPU_COMPUTE,step1.layer20.gpu_weight_load;step1.layer20.dispatch,7285.373440000,3.130023424,7288.503463424,step1.layer20.gpu_weight_load,grouped expert GEMM
1,20,step1.layer20.pim_gwrite,pim_write,,step1.layer20.scheduler;step1.layer20.dispatch,7238.251456000,9.951864000,7248.203320000,step1.layer20.scheduler,PIM_GWRITE milestone from mixed Ramulator cycle-v1 run
1,20,step1.layer20.pim_expert_compute,pim_expert,,step1.layer20.pim_gwrite,7248.203320000,40.823640000,7289.026960000,step1.layer20.pim_gwrite,PIM_MAC milestone delta from mixed Ramulator cycle-v1 run
1,20,step1.layer20.pim_read,pim_read,,step1.layer20.pim_expert_compute,7289.026960000,0.069264000,7289.096224000,step1.layer20.pim_expert_compute,PIM_READ milestone delta from mixed Ramulator cycle-v1 run
1,20,step1.layer20.combine,combine,GPU_COMPUTE,step1.layer20.gpu_expert_compute;step1.layer20.pim_read,7289.096224000,1.036864000,7290.133088000,step1.layer20.pim_read,weighted expert combine
1,20,step1.layer20.residual2,residual,GPU_COMPUTE,step1.layer20.combine,7290.133088000,1.012288000,7291.145376000,step1.layer20.combine,residual add
1,21,step1.layer21.norm1,norm,GPU_COMPUTE,step1.layer20.residual2,7291.145376000,1.008192000,7292.153568000,step1.layer20.residual2,RMSNorm
1,21,step1.layer21.qkv,qkv,GPU_COMPUTE,step1.layer21.norm1,7292.153568000,3.635776000,7295.789344000,step1.layer21.norm1,QKV projection
1,21,step1.layer21.rope,rope,GPU_COMPUTE,step1.layer21.qkv,7295.789344000,1.018432000,7296.807776000,step1.layer21.qkv,QK norm and RoPE
1,21,step1.layer21.attention,attention,PIM_COMPUTE,step1.layer21.rope,7296.807776000,18.929664000,7315.737440000,step1.layer21.rope,decode attention from Ramulator cycle-v0 table
1,21,step1.layer21.o_proj,attention_output,GPU_COMPUTE,step1.layer21.attention,7315.737440000,3.109440000,7318.846880000,step1.layer21.attention,attention output projection
1,21,step1.layer21.residual1,residual,GPU_COMPUTE,step1.layer21.o_proj,7318.846880000,1.012288000,7319.859168000,step1.layer21.o_proj,residual add
1,21,step1.layer21.norm2,norm,GPU_COMPUTE,step1.layer21.residual1,7319.859168000,1.008192000,7320.867360000,step1.layer21.residual1,RMSNorm
1,21,step1.layer21.router,router,GPU_COMPUTE,step1.layer21.norm2,7320.867360000,2.069888000,7322.937248000,step1.layer21.norm2,MoE router
1,21,step1.layer21.metadata,metadata,GPU_COMPUTE,step1.layer21.router,7322.937248000,1.000128000,7323.937376000,step1.layer21.router,routing metadata
1,21,step1.layer21.dispatch,dispatch,,step1.layer21.metadata,7323.937376000,0.000000000,7323.937376000,step1.layer21.metadata,single-GPU dispatch placeholder
1,21,step1.layer21.scheduler,scheduler,GPU_COMPUTE,step1.layer21.metadata,7323.937376000,20.000000000,7343.937376000,step1.layer21.metadata,sieve-fixed-16-cycle-v1 placement policy
1,21,step1.layer21.gpu_weight_load,gpu_weight_load,,step1.layer21.scheduler,7343.937376000,47.121984000,7391.059360000,step1.layer21.scheduler,ordinary GPU HBM reads from mixed Ramulator cycle-v1 run
1,21,step1.layer21.gpu_expert_compute,gpu_expert,GPU_COMPUTE,step1.layer21.gpu_weight_load;step1.layer21.dispatch,7391.059360000,3.130023424,7394.189383424,step1.layer21.gpu_weight_load,grouped expert GEMM
1,21,step1.layer21.pim_gwrite,pim_write,,step1.layer21.scheduler;step1.layer21.dispatch,7343.937376000,9.951864000,7353.889240000,step1.layer21.scheduler,PIM_GWRITE milestone from mixed Ramulator cycle-v1 run
1,21,step1.layer21.pim_expert_compute,pim_expert,,step1.layer21.pim_gwrite,7353.889240000,40.823640000,7394.712880000,step1.layer21.pim_gwrite,PIM_MAC milestone delta from mixed Ramulator cycle-v1 run
1,21,step1.layer21.pim_read,pim_read,,step1.layer21.pim_expert_compute,7394.712880000,0.069264000,7394.782144000,step1.layer21.pim_expert_compute,PIM_READ milestone delta from mixed Ramulator cycle-v1 run
1,21,step1.layer21.combine,combine,GPU_COMPUTE,step1.layer21.gpu_expert_compute;step1.layer21.pim_read,7394.782144000,1.036864000,7395.819008000,step1.layer21.pim_read,weighted expert combine
1,21,step1.layer21.residual2,residual,GPU_COMPUTE,step1.layer21.combine,7395.819008000,1.012288000,7396.831296000,step1.layer21.combine,residual add
1,22,step1.layer22.norm1,norm,GPU_COMPUTE,step1.layer21.residual2,7396.831296000,1.008192000,7397.839488000,step1.layer21.residual2,RMSNorm
1,22,step1.layer22.qkv,qkv,GPU_COMPUTE,step1.layer22.norm1,7397.839488000,3.635776000,7401.475264000,step1.layer22.norm1,QKV projection
1,22,step1.layer22.rope,rope,GPU_COMPUTE,step1.layer22.qkv,7401.475264000,1.018432000,7402.493696000,step1.layer22.qkv,QK norm and RoPE
1,22,step1.layer22.attention,attention,PIM_COMPUTE,step1.layer22.rope,7402.493696000,18.929664000,7421.423360000,step1.layer22.rope,decode attention from Ramulator cycle-v0 table
1,22,step1.layer22.o_proj,attention_output,GPU_COMPUTE,step1.layer22.attention,7421.423360000,3.109440000,7424.532800000,step1.layer22.attention,attention output projection
1,22,step1.layer22.residual1,residual,GPU_COMPUTE,step1.layer22.o_proj,7424.532800000,1.012288000,7425.545088000,step1.layer22.o_proj,residual add
1,22,step1.layer22.norm2,norm,GPU_COMPUTE,step1.layer22.residual1,7425.545088000,1.008192000,7426.553280000,step1.layer22.residual1,RMSNorm
1,22,step1.layer22.router,router,GPU_COMPUTE,step1.layer22.norm2,7426.553280000,2.069888000,7428.623168000,step1.layer22.norm2,MoE router
1,22,step1.layer22.metadata,metadata,GPU_COMPUTE,step1.layer22.router,7428.623168000,1.000128000,7429.623296000,step1.layer22.router,routing metadata
1,22,step1.layer22.dispatch,dispatch,,step1.layer22.metadata,7429.623296000,0.000000000,7429.623296000,step1.layer22.metadata,single-GPU dispatch placeholder
1,22,step1.layer22.scheduler,scheduler,GPU_COMPUTE,step1.layer22.metadata,7429.623296000,20.000000000,7449.623296000,step1.layer22.metadata,sieve-fixed-16-cycle-v1 placement policy
1,22,step1.layer22.gpu_weight_load,gpu_weight_load,,step1.layer22.scheduler,7449.623296000,47.121984000,7496.745280000,step1.layer22.scheduler,ordinary GPU HBM reads from mixed Ramulator cycle-v1 run
1,22,step1.layer22.gpu_expert_compute,gpu_expert,GPU_COMPUTE,step1.layer22.gpu_weight_load;step1.layer22.dispatch,7496.745280000,3.130023424,7499.875303424,step1.layer22.gpu_weight_load,grouped expert GEMM
1,22,step1.layer22.pim_gwrite,pim_write,,step1.layer22.scheduler;step1.layer22.dispatch,7449.623296000,9.951864000,7459.575160000,step1.layer22.scheduler,PIM_GWRITE milestone from mixed Ramulator cycle-v1 run
1,22,step1.layer22.pim_expert_compute,pim_expert,,step1.layer22.pim_gwrite,7459.575160000,40.823640000,7500.398800000,step1.layer22.pim_gwrite,PIM_MAC milestone delta from mixed Ramulator cycle-v1 run
1,22,step1.layer22.pim_read,pim_read,,step1.layer22.pim_expert_compute,7500.398800000,0.069264000,7500.468064000,step1.layer22.pim_expert_compute,PIM_READ milestone delta from mixed Ramulator cycle-v1 run
1,22,step1.layer22.combine,combine,GPU_COMPUTE,step1.layer22.gpu_expert_compute;step1.layer22.pim_read,7500.468064000,1.036864000,7501.504928000,step1.layer22.pim_read,weighted expert combine
1,22,step1.layer22.residual2,residual,GPU_COMPUTE,step1.layer22.combine,7501.504928000,1.012288000,7502.517216000,step1.layer22.combine,residual add
1,23,step1.layer23.norm1,norm,GPU_COMPUTE,step1.layer22.residual2,7502.517216000,1.008192000,7503.525408000,step1.layer22.residual2,RMSNorm
1,23,step1.layer23.qkv,qkv,GPU_COMPUTE,step1.layer23.norm1,7503.525408000,3.635776000,7507.161184000,step1.layer23.norm1,QKV projection
1,23,step1.layer23.rope,rope,GPU_COMPUTE,step1.layer23.qkv,7507.161184000,1.018432000,7508.179616000,step1.layer23.qkv,QK norm and RoPE
1,23,step1.layer23.attention,attention,PIM_COMPUTE,step1.layer23.rope,7508.179616000,18.929664000,7527.109280000,step1.layer23.rope,decode attention from Ramulator cycle-v0 table
1,23,step1.layer23.o_proj,attention_output,GPU_COMPUTE,step1.layer23.attention,7527.109280000,3.109440000,7530.218720000,step1.layer23.attention,attention output projection
1,23,step1.layer23.residual1,residual,GPU_COMPUTE,step1.layer23.o_proj,7530.218720000,1.012288000,7531.231008000,step1.layer23.o_proj,residual add
1,23,step1.layer23.norm2,norm,GPU_COMPUTE,step1.layer23.residual1,7531.231008000,1.008192000,7532.239200000,step1.layer23.residual1,RMSNorm
1,23,step1.layer23.router,router,GPU_COMPUTE,step1.layer23.norm2,7532.239200000,2.069888000,7534.309088000,step1.layer23.norm2,MoE router
1,23,step1.layer23.metadata,metadata,GPU_COMPUTE,step1.layer23.router,7534.309088000,1.000128000,7535.309216000,step1.layer23.router,routing metadata
1,23,step1.layer23.dispatch,dispatch,,step1.layer23.metadata,7535.309216000,0.000000000,7535.309216000,step1.layer23.metadata,single-GPU dispatch placeholder
1,23,step1.layer23.scheduler,scheduler,GPU_COMPUTE,step1.layer23.metadata,7535.309216000,20.000000000,7555.309216000,step1.layer23.metadata,sieve-fixed-16-cycle-v1 placement policy
1,23,step1.layer23.gpu_weight_load,gpu_weight_load,,step1.layer23.scheduler,7555.309216000,47.121984000,7602.431200000,step1.layer23.scheduler,ordinary GPU HBM reads from mixed Ramulator cycle-v1 run
1,23,step1.layer23.gpu_expert_compute,gpu_expert,GPU_COMPUTE,step1.layer23.gpu_weight_load;step1.layer23.dispatch,7602.431200000,3.130023424,7605.561223424,step1.layer23.gpu_weight_load,grouped expert GEMM
1,23,step1.layer23.pim_gwrite,pim_write,,step1.layer23.scheduler;step1.layer23.dispatch,7555.309216000,9.951864000,7565.261080000,step1.layer23.scheduler,PIM_GWRITE milestone from mixed Ramulator cycle-v1 run
1,23,step1.layer23.pim_expert_compute,pim_expert,,step1.layer23.pim_gwrite,7565.261080000,40.823640000,7606.084720000,step1.layer23.pim_gwrite,PIM_MAC milestone delta from mixed Ramulator cycle-v1 run
1,23,step1.layer23.pim_read,pim_read,,step1.layer23.pim_expert_compute,7606.084720000,0.069264000,7606.153984000,step1.layer23.pim_expert_compute,PIM_READ milestone delta from mixed Ramulator cycle-v1 run
1,23,step1.layer23.combine,combine,GPU_COMPUTE,step1.layer23.gpu_expert_compute;step1.layer23.pim_read,7606.153984000,1.036864000,7607.190848000,step1.layer23.pim_read,weighted expert combine
1,23,step1.layer23.residual2,residual,GPU_COMPUTE,step1.layer23.combine,7607.190848000,1.012288000,7608.203136000,step1.layer23.combine,residual add
1,24,step1.layer24.norm1,norm,GPU_COMPUTE,step1.layer23.residual2,7608.203136000,1.008192000,7609.211328000,step1.layer23.residual2,RMSNorm
1,24,step1.layer24.qkv,qkv,GPU_COMPUTE,step1.layer24.norm1,7609.211328000,3.635776000,7612.847104000,step1.layer24.norm1,QKV projection
1,24,step1.layer24.rope,rope,GPU_COMPUTE,step1.layer24.qkv,7612.847104000,1.018432000,7613.865536000,step1.layer24.qkv,QK norm and RoPE
1,24,step1.layer24.attention,attention,PIM_COMPUTE,step1.layer24.rope,7613.865536000,18.929664000,7632.795200000,step1.layer24.rope,decode attention from Ramulator cycle-v0 table
1,24,step1.layer24.o_proj,attention_output,GPU_COMPUTE,step1.layer24.attention,7632.795200000,3.109440000,7635.904640000,step1.layer24.attention,attention output projection
1,24,step1.layer24.residual1,residual,GPU_COMPUTE,step1.layer24.o_proj,7635.904640000,1.012288000,7636.916928000,step1.layer24.o_proj,residual add
1,24,step1.layer24.norm2,norm,GPU_COMPUTE,step1.layer24.residual1,7636.916928000,1.008192000,7637.925120000,step1.layer24.residual1,RMSNorm
1,24,step1.layer24.router,router,GPU_COMPUTE,step1.layer24.norm2,7637.925120000,2.069888000,7639.995008000,step1.layer24.norm2,MoE router
1,24,step1.layer24.metadata,metadata,GPU_COMPUTE,step1.layer24.router,7639.995008000,1.000128000,7640.995136000,step1.layer24.router,routing metadata
1,24,step1.layer24.dispatch,dispatch,,step1.layer24.metadata,7640.995136000,0.000000000,7640.995136000,step1.layer24.metadata,single-GPU dispatch placeholder
1,24,step1.layer24.scheduler,scheduler,GPU_COMPUTE,step1.layer24.metadata,7640.995136000,20.000000000,7660.995136000,step1.layer24.metadata,sieve-fixed-16-cycle-v1 placement policy
1,24,step1.layer24.gpu_weight_load,gpu_weight_load,,step1.layer24.scheduler,7660.995136000,47.121984000,7708.117120000,step1.layer24.scheduler,ordinary GPU HBM reads from mixed Ramulator cycle-v1 run
1,24,step1.layer24.gpu_expert_compute,gpu_expert,GPU_COMPUTE,step1.layer24.gpu_weight_load;step1.layer24.dispatch,7708.117120000,3.130023424,7711.247143424,step1.layer24.gpu_weight_load,grouped expert GEMM
1,24,step1.layer24.pim_gwrite,pim_write,,step1.layer24.scheduler;step1.layer24.dispatch,7660.995136000,9.951864000,7670.947000000,step1.layer24.scheduler,PIM_GWRITE milestone from mixed Ramulator cycle-v1 run
1,24,step1.layer24.pim_expert_compute,pim_expert,,step1.layer24.pim_gwrite,7670.947000000,40.823640000,7711.770640000,step1.layer24.pim_gwrite,PIM_MAC milestone delta from mixed Ramulator cycle-v1 run
1,24,step1.layer24.pim_read,pim_read,,step1.layer24.pim_expert_compute,7711.770640000,0.069264000,7711.839904000,step1.layer24.pim_expert_compute,PIM_READ milestone delta from mixed Ramulator cycle-v1 run
1,24,step1.layer24.combine,combine,GPU_COMPUTE,step1.layer24.gpu_expert_compute;step1.layer24.pim_read,7711.839904000,1.036864000,7712.876768000,step1.layer24.pim_read,weighted expert combine
1,24,step1.layer24.residual2,residual,GPU_COMPUTE,step1.layer24.combine,7712.876768000,1.012288000,7713.889056000,step1.layer24.combine,residual add
1,25,step1.layer25.norm1,norm,GPU_COMPUTE,step1.layer24.residual2,7713.889056000,1.008192000,7714.897248000,step1.layer24.residual2,RMSNorm
1,25,step1.layer25.qkv,qkv,GPU_COMPUTE,step1.layer25.norm1,7714.897248000,3.635776000,7718.533024000,step1.layer25.norm1,QKV projection
1,25,step1.layer25.rope,rope,GPU_COMPUTE,step1.layer25.qkv,7718.533024000,1.018432000,7719.551456000,step1.layer25.qkv,QK norm and RoPE
1,25,step1.layer25.attention,attention,PIM_COMPUTE,step1.layer25.rope,7719.551456000,18.929664000,7738.481120000,step1.layer25.rope,decode attention from Ramulator cycle-v0 table
1,25,step1.layer25.o_proj,attention_output,GPU_COMPUTE,step1.layer25.attention,7738.481120000,3.109440000,7741.590560000,step1.layer25.attention,attention output projection
1,25,step1.layer25.residual1,residual,GPU_COMPUTE,step1.layer25.o_proj,7741.590560000,1.012288000,7742.602848000,step1.layer25.o_proj,residual add
1,25,step1.layer25.norm2,norm,GPU_COMPUTE,step1.layer25.residual1,7742.602848000,1.008192000,7743.611040000,step1.layer25.residual1,RMSNorm
1,25,step1.layer25.router,router,GPU_COMPUTE,step1.layer25.norm2,7743.611040000,2.069888000,7745.680928000,step1.layer25.norm2,MoE router
1,25,step1.layer25.metadata,metadata,GPU_COMPUTE,step1.layer25.router,7745.680928000,1.000128000,7746.681056000,step1.layer25.router,routing metadata
1,25,step1.layer25.dispatch,dispatch,,step1.layer25.metadata,7746.681056000,0.000000000,7746.681056000,step1.layer25.metadata,single-GPU dispatch placeholder
1,25,step1.layer25.scheduler,scheduler,GPU_COMPUTE,step1.layer25.metadata,7746.681056000,20.000000000,7766.681056000,step1.layer25.metadata,sieve-fixed-16-cycle-v1 placement policy
1,25,step1.layer25.gpu_weight_load,gpu_weight_load,,step1.layer25.scheduler,7766.681056000,47.121984000,7813.803040000,step1.layer25.scheduler,ordinary GPU HBM reads from mixed Ramulator cycle-v1 run
1,25,step1.layer25.gpu_expert_compute,gpu_expert,GPU_COMPUTE,step1.layer25.gpu_weight_load;step1.layer25.dispatch,7813.803040000,3.130023424,7816.933063424,step1.layer25.gpu_weight_load,grouped expert GEMM
1,25,step1.layer25.pim_gwrite,pim_write,,step1.layer25.scheduler;step1.layer25.dispatch,7766.681056000,9.951864000,7776.632920000,step1.layer25.scheduler,PIM_GWRITE milestone from mixed Ramulator cycle-v1 run
1,25,step1.layer25.pim_expert_compute,pim_expert,,step1.layer25.pim_gwrite,7776.632920000,40.823640000,7817.456560000,step1.layer25.pim_gwrite,PIM_MAC milestone delta from mixed Ramulator cycle-v1 run
1,25,step1.layer25.pim_read,pim_read,,step1.layer25.pim_expert_compute,7817.456560000,0.069264000,7817.525824000,step1.layer25.pim_expert_compute,PIM_READ milestone delta from mixed Ramulator cycle-v1 run
1,25,step1.layer25.combine,combine,GPU_COMPUTE,step1.layer25.gpu_expert_compute;step1.layer25.pim_read,7817.525824000,1.036864000,7818.562688000,step1.layer25.pim_read,weighted expert combine
1,25,step1.layer25.residual2,residual,GPU_COMPUTE,step1.layer25.combine,7818.562688000,1.012288000,7819.574976000,step1.layer25.combine,residual add
1,26,step1.layer26.norm1,norm,GPU_COMPUTE,step1.layer25.residual2,7819.574976000,1.008192000,7820.583168000,step1.layer25.residual2,RMSNorm
1,26,step1.layer26.qkv,qkv,GPU_COMPUTE,step1.layer26.norm1,7820.583168000,3.635776000,7824.218944000,step1.layer26.norm1,QKV projection
1,26,step1.layer26.rope,rope,GPU_COMPUTE,step1.layer26.qkv,7824.218944000,1.018432000,7825.237376000,step1.layer26.qkv,QK norm and RoPE
1,26,step1.layer26.attention,attention,PIM_COMPUTE,step1.layer26.rope,7825.237376000,18.929664000,7844.167040000,step1.layer26.rope,decode attention from Ramulator cycle-v0 table
1,26,step1.layer26.o_proj,attention_output,GPU_COMPUTE,step1.layer26.attention,7844.167040000,3.109440000,7847.276480000,step1.layer26.attention,attention output projection
1,26,step1.layer26.residual1,residual,GPU_COMPUTE,step1.layer26.o_proj,7847.276480000,1.012288000,7848.288768000,step1.layer26.o_proj,residual add
1,26,step1.layer26.norm2,norm,GPU_COMPUTE,step1.layer26.residual1,7848.288768000,1.008192000,7849.296960000,step1.layer26.residual1,RMSNorm
1,26,step1.layer26.router,router,GPU_COMPUTE,step1.layer26.norm2,7849.296960000,2.069888000,7851.366848000,step1.layer26.norm2,MoE router
1,26,step1.layer26.metadata,metadata,GPU_COMPUTE,step1.layer26.router,7851.366848000,1.000128000,7852.366976000,step1.layer26.router,routing metadata
1,26,step1.layer26.dispatch,dispatch,,step1.layer26.metadata,7852.366976000,0.000000000,7852.366976000,step1.layer26.metadata,single-GPU dispatch placeholder
1,26,step1.layer26.scheduler,scheduler,GPU_COMPUTE,step1.layer26.metadata,7852.366976000,20.000000000,7872.366976000,step1.layer26.metadata,sieve-fixed-16-cycle-v1 placement policy
1,26,step1.layer26.gpu_weight_load,gpu_weight_load,,step1.layer26.scheduler,7872.366976000,47.121984000,7919.488960000,step1.layer26.scheduler,ordinary GPU HBM reads from mixed Ramulator cycle-v1 run
1,26,step1.layer26.gpu_expert_compute,gpu_expert,GPU_COMPUTE,step1.layer26.gpu_weight_load;step1.layer26.dispatch,7919.488960000,3.130023424,7922.618983424,step1.layer26.gpu_weight_load,grouped expert GEMM
1,26,step1.layer26.pim_gwrite,pim_write,,step1.layer26.scheduler;step1.layer26.dispatch,7872.366976000,9.951864000,7882.318840000,step1.layer26.scheduler,PIM_GWRITE milestone from mixed Ramulator cycle-v1 run
1,26,step1.layer26.pim_expert_compute,pim_expert,,step1.layer26.pim_gwrite,7882.318840000,40.823640000,7923.142480000,step1.layer26.pim_gwrite,PIM_MAC milestone delta from mixed Ramulator cycle-v1 run
1,26,step1.layer26.pim_read,pim_read,,step1.layer26.pim_expert_compute,7923.142480000,0.069264000,7923.211744000,step1.layer26.pim_expert_compute,PIM_READ milestone delta from mixed Ramulator cycle-v1 run
1,26,step1.layer26.combine,combine,GPU_COMPUTE,step1.layer26.gpu_expert_compute;step1.layer26.pim_read,7923.211744000,1.036864000,7924.248608000,step1.layer26.pim_read,weighted expert combine
1,26,step1.layer26.residual2,residual,GPU_COMPUTE,step1.layer26.combine,7924.248608000,1.012288000,7925.260896000,step1.layer26.combine,residual add
1,27,step1.layer27.norm1,norm,GPU_COMPUTE,step1.layer26.residual2,7925.260896000,1.008192000,7926.269088000,step1.layer26.residual2,RMSNorm
1,27,step1.layer27.qkv,qkv,GPU_COMPUTE,step1.layer27.norm1,7926.269088000,3.635776000,7929.904864000,step1.layer27.norm1,QKV projection
1,27,step1.layer27.rope,rope,GPU_COMPUTE,step1.layer27.qkv,7929.904864000,1.018432000,7930.923296000,step1.layer27.qkv,QK norm and RoPE
1,27,step1.layer27.attention,attention,PIM_COMPUTE,step1.layer27.rope,7930.923296000,18.929664000,7949.852960000,step1.layer27.rope,decode attention from Ramulator cycle-v0 table
1,27,step1.layer27.o_proj,attention_output,GPU_COMPUTE,step1.layer27.attention,7949.852960000,3.109440000,7952.962400000,step1.layer27.attention,attention output projection
1,27,step1.layer27.residual1,residual,GPU_COMPUTE,step1.layer27.o_proj,7952.962400000,1.012288000,7953.974688000,step1.layer27.o_proj,residual add
1,27,step1.layer27.norm2,norm,GPU_COMPUTE,step1.layer27.residual1,7953.974688000,1.008192000,7954.982880000,step1.layer27.residual1,RMSNorm
1,27,step1.layer27.router,router,GPU_COMPUTE,step1.layer27.norm2,7954.982880000,2.069888000,7957.052768000,step1.layer27.norm2,MoE router
1,27,step1.layer27.metadata,metadata,GPU_COMPUTE,step1.layer27.router,7957.052768000,1.000128000,7958.052896000,step1.layer27.router,routing metadata
1,27,step1.layer27.dispatch,dispatch,,step1.layer27.metadata,7958.052896000,0.000000000,7958.052896000,step1.layer27.metadata,single-GPU dispatch placeholder
1,27,step1.layer27.scheduler,scheduler,GPU_COMPUTE,step1.layer27.metadata,7958.052896000,20.000000000,7978.052896000,step1.layer27.metadata,sieve-fixed-16-cycle-v1 placement policy
1,27,step1.layer27.gpu_weight_load,gpu_weight_load,,step1.layer27.scheduler,7978.052896000,47.121984000,8025.174880000,step1.layer27.scheduler,ordinary GPU HBM reads from mixed Ramulator cycle-v1 run
1,27,step1.layer27.gpu_expert_compute,gpu_expert,GPU_COMPUTE,step1.layer27.gpu_weight_load;step1.layer27.dispatch,8025.174880000,3.130023424,8028.304903424,step1.layer27.gpu_weight_load,grouped expert GEMM
1,27,step1.layer27.pim_gwrite,pim_write,,step1.layer27.scheduler;step1.layer27.dispatch,7978.052896000,9.951864000,7988.004760000,step1.layer27.scheduler,PIM_GWRITE milestone from mixed Ramulator cycle-v1 run
1,27,step1.layer27.pim_expert_compute,pim_expert,,step1.layer27.pim_gwrite,7988.004760000,40.823640000,8028.828400000,step1.layer27.pim_gwrite,PIM_MAC milestone delta from mixed Ramulator cycle-v1 run
1,27,step1.layer27.pim_read,pim_read,,step1.layer27.pim_expert_compute,8028.828400000,0.069264000,8028.897664000,step1.layer27.pim_expert_compute,PIM_READ milestone delta from mixed Ramulator cycle-v1 run
1,27,step1.layer27.combine,combine,GPU_COMPUTE,step1.layer27.gpu_expert_compute;step1.layer27.pim_read,8028.897664000,1.036864000,8029.934528000,step1.layer27.pim_read,weighted expert combine
1,27,step1.layer27.residual2,residual,GPU_COMPUTE,step1.layer27.combine,8029.934528000,1.012288000,8030.946816000,step1.layer27.combine,residual add
1,28,step1.layer28.norm1,norm,GPU_COMPUTE,step1.layer27.residual2,8030.946816000,1.008192000,8031.955008000,step1.layer27.residual2,RMSNorm
1,28,step1.layer28.qkv,qkv,GPU_COMPUTE,step1.layer28.norm1,8031.955008000,3.635776000,8035.590784000,step1.layer28.norm1,QKV projection
1,28,step1.layer28.rope,rope,GPU_COMPUTE,step1.layer28.qkv,8035.590784000,1.018432000,8036.609216000,step1.layer28.qkv,QK norm and RoPE
1,28,step1.layer28.attention,attention,PIM_COMPUTE,step1.layer28.rope,8036.609216000,18.929664000,8055.538880000,step1.layer28.rope,decode attention from Ramulator cycle-v0 table
1,28,step1.layer28.o_proj,attention_output,GPU_COMPUTE,step1.layer28.attention,8055.538880000,3.109440000,8058.648320000,step1.layer28.attention,attention output projection
1,28,step1.layer28.residual1,residual,GPU_COMPUTE,step1.layer28.o_proj,8058.648320000,1.012288000,8059.660608000,step1.layer28.o_proj,residual add
1,28,step1.layer28.norm2,norm,GPU_COMPUTE,step1.layer28.residual1,8059.660608000,1.008192000,8060.668800000,step1.layer28.residual1,RMSNorm
1,28,step1.layer28.router,router,GPU_COMPUTE,step1.layer28.norm2,8060.668800000,2.069888000,8062.738688000,step1.layer28.norm2,MoE router
1,28,step1.layer28.metadata,metadata,GPU_COMPUTE,step1.layer28.router,8062.738688000,1.000128000,8063.738816000,step1.layer28.router,routing metadata
1,28,step1.layer28.dispatch,dispatch,,step1.layer28.metadata,8063.738816000,0.000000000,8063.738816000,step1.layer28.metadata,single-GPU dispatch placeholder
1,28,step1.layer28.scheduler,scheduler,GPU_COMPUTE,step1.layer28.metadata,8063.738816000,20.000000000,8083.738816000,step1.layer28.metadata,sieve-fixed-16-cycle-v1 placement policy
1,28,step1.layer28.gpu_weight_load,gpu_weight_load,,step1.layer28.scheduler,8083.738816000,47.121984000,8130.860800000,step1.layer28.scheduler,ordinary GPU HBM reads from mixed Ramulator cycle-v1 run
1,28,step1.layer28.gpu_expert_compute,gpu_expert,GPU_COMPUTE,step1.layer28.gpu_weight_load;step1.layer28.dispatch,8130.860800000,3.130023424,8133.990823424,step1.layer28.gpu_weight_load,grouped expert GEMM
1,28,step1.layer28.pim_gwrite,pim_write,,step1.layer28.scheduler;step1.layer28.dispatch,8083.738816000,9.951864000,8093.690680000,step1.layer28.scheduler,PIM_GWRITE milestone from mixed Ramulator cycle-v1 run
1,28,step1.layer28.pim_expert_compute,pim_expert,,step1.layer28.pim_gwrite,8093.690680000,40.823640000,8134.514320000,step1.layer28.pim_gwrite,PIM_MAC milestone delta from mixed Ramulator cycle-v1 run
1,28,step1.layer28.pim_read,pim_read,,step1.layer28.pim_expert_compute,8134.514320000,0.069264000,8134.583584000,step1.layer28.pim_expert_compute,PIM_READ milestone delta from mixed Ramulator cycle-v1 run
1,28,step1.layer28.combine,combine,GPU_COMPUTE,step1.layer28.gpu_expert_compute;step1.layer28.pim_read,8134.583584000,1.036864000,8135.620448000,step1.layer28.pim_read,weighted expert combine
1,28,step1.layer28.residual2,residual,GPU_COMPUTE,step1.layer28.combine,8135.620448000,1.012288000,8136.632736000,step1.layer28.combine,residual add
1,29,step1.layer29.norm1,norm,GPU_COMPUTE,step1.layer28.residual2,8136.632736000,1.008192000,8137.640928000,step1.layer28.residual2,RMSNorm
1,29,step1.layer29.qkv,qkv,GPU_COMPUTE,step1.layer29.norm1,8137.640928000,3.635776000,8141.276704000,step1.layer29.norm1,QKV projection
1,29,step1.layer29.rope,rope,GPU_COMPUTE,step1.layer29.qkv,8141.276704000,1.018432000,8142.295136000,step1.layer29.qkv,QK norm and RoPE
1,29,step1.layer29.attention,attention,PIM_COMPUTE,step1.layer29.rope,8142.295136000,18.929664000,8161.224800000,step1.layer29.rope,decode attention from Ramulator cycle-v0 table
1,29,step1.layer29.o_proj,attention_output,GPU_COMPUTE,step1.layer29.attention,8161.224800000,3.109440000,8164.334240000,step1.layer29.attention,attention output projection
1,29,step1.layer29.residual1,residual,GPU_COMPUTE,step1.layer29.o_proj,8164.334240000,1.012288000,8165.346528000,step1.layer29.o_proj,residual add
1,29,step1.layer29.norm2,norm,GPU_COMPUTE,step1.layer29.residual1,8165.346528000,1.008192000,8166.354720000,step1.layer29.residual1,RMSNorm
1,29,step1.layer29.router,router,GPU_COMPUTE,step1.layer29.norm2,8166.354720000,2.069888000,8168.424608000,step1.layer29.norm2,MoE router
1,29,step1.layer29.metadata,metadata,GPU_COMPUTE,step1.layer29.router,8168.424608000,1.000128000,8169.424736000,step1.layer29.router,routing metadata
1,29,step1.layer29.dispatch,dispatch,,step1.layer29.metadata,8169.424736000,0.000000000,8169.424736000,step1.layer29.metadata,single-GPU dispatch placeholder
1,29,step1.layer29.scheduler,scheduler,GPU_COMPUTE,step1.layer29.metadata,8169.424736000,20.000000000,8189.424736000,step1.layer29.metadata,sieve-fixed-16-cycle-v1 placement policy
1,29,step1.layer29.gpu_weight_load,gpu_weight_load,,step1.layer29.scheduler,8189.424736000,47.121984000,8236.546720000,step1.layer29.scheduler,ordinary GPU HBM reads from mixed Ramulator cycle-v1 run
1,29,step1.layer29.gpu_expert_compute,gpu_expert,GPU_COMPUTE,step1.layer29.gpu_weight_load;step1.layer29.dispatch,8236.546720000,3.130023424,8239.676743424,step1.layer29.gpu_weight_load,grouped expert GEMM
1,29,step1.layer29.pim_gwrite,pim_write,,step1.layer29.scheduler;step1.layer29.dispatch,8189.424736000,9.951864000,8199.376600000,step1.layer29.scheduler,PIM_GWRITE milestone from mixed Ramulator cycle-v1 run
1,29,step1.layer29.pim_expert_compute,pim_expert,,step1.layer29.pim_gwrite,8199.376600000,40.823640000,8240.200240000,step1.layer29.pim_gwrite,PIM_MAC milestone delta from mixed Ramulator cycle-v1 run
1,29,step1.layer29.pim_read,pim_read,,step1.layer29.pim_expert_compute,8240.200240000,0.069264000,8240.269504000,step1.layer29.pim_expert_compute,PIM_READ milestone delta from mixed Ramulator cycle-v1 run
1,29,step1.layer29.combine,combine,GPU_COMPUTE,step1.layer29.gpu_expert_compute;step1.layer29.pim_read,8240.269504000,1.036864000,8241.306368000,step1.layer29.pim_read,weighted expert combine
1,29,step1.layer29.residual2,residual,GPU_COMPUTE,step1.layer29.combine,8241.306368000,1.012288000,8242.318656000,step1.layer29.combine,residual add
1,30,step1.layer30.norm1,norm,GPU_COMPUTE,step1.layer29.residual2,8242.318656000,1.008192000,8243.326848000,step1.layer29.residual2,RMSNorm
1,30,step1.layer30.qkv,qkv,GPU_COMPUTE,step1.layer30.norm1,8243.326848000,3.635776000,8246.962624000,step1.layer30.norm1,QKV projection
1,30,step1.layer30.rope,rope,GPU_COMPUTE,step1.layer30.qkv,8246.962624000,1.018432000,8247.981056000,step1.layer30.qkv,QK norm and RoPE
1,30,step1.layer30.attention,attention,PIM_COMPUTE,step1.layer30.rope,8247.981056000,18.929664000,8266.910720000,step1.layer30.rope,decode attention from Ramulator cycle-v0 table
1,30,step1.layer30.o_proj,attention_output,GPU_COMPUTE,step1.layer30.attention,8266.910720000,3.109440000,8270.020160000,step1.layer30.attention,attention output projection
1,30,step1.layer30.residual1,residual,GPU_COMPUTE,step1.layer30.o_proj,8270.020160000,1.012288000,8271.032448000,step1.layer30.o_proj,residual add
1,30,step1.layer30.norm2,norm,GPU_COMPUTE,step1.layer30.residual1,8271.032448000,1.008192000,8272.040640000,step1.layer30.residual1,RMSNorm
1,30,step1.layer30.router,router,GPU_COMPUTE,step1.layer30.norm2,8272.040640000,2.069888000,8274.110528000,step1.layer30.norm2,MoE router
1,30,step1.layer30.metadata,metadata,GPU_COMPUTE,step1.layer30.router,8274.110528000,1.000128000,8275.110656000,step1.layer30.router,routing metadata
1,30,step1.layer30.dispatch,dispatch,,step1.layer30.metadata,8275.110656000,0.000000000,8275.110656000,step1.layer30.metadata,single-GPU dispatch placeholder
1,30,step1.layer30.scheduler,scheduler,GPU_COMPUTE,step1.layer30.metadata,8275.110656000,20.000000000,8295.110656000,step1.layer30.metadata,sieve-fixed-16-cycle-v1 placement policy
1,30,step1.layer30.gpu_weight_load,gpu_weight_load,,step1.layer30.scheduler,8295.110656000,47.121984000,8342.232640000,step1.layer30.scheduler,ordinary GPU HBM reads from mixed Ramulator cycle-v1 run
1,30,step1.layer30.gpu_expert_compute,gpu_expert,GPU_COMPUTE,step1.layer30.gpu_weight_load;step1.layer30.dispatch,8342.232640000,3.130023424,8345.362663424,step1.layer30.gpu_weight_load,grouped expert GEMM
1,30,step1.layer30.pim_gwrite,pim_write,,step1.layer30.scheduler;step1.layer30.dispatch,8295.110656000,9.951864000,8305.062520000,step1.layer30.scheduler,PIM_GWRITE milestone from mixed Ramulator cycle-v1 run
1,30,step1.layer30.pim_expert_compute,pim_expert,,step1.layer30.pim_gwrite,8305.062520000,40.823640000,8345.886160000,step1.layer30.pim_gwrite,PIM_MAC milestone delta from mixed Ramulator cycle-v1 run
1,30,step1.layer30.pim_read,pim_read,,step1.layer30.pim_expert_compute,8345.886160000,0.069264000,8345.955424000,step1.layer30.pim_expert_compute,PIM_READ milestone delta from mixed Ramulator cycle-v1 run
1,30,step1.layer30.combine,combine,GPU_COMPUTE,step1.layer30.gpu_expert_compute;step1.layer30.pim_read,8345.955424000,1.036864000,8346.992288000,step1.layer30.pim_read,weighted expert combine
1,30,step1.layer30.residual2,residual,GPU_COMPUTE,step1.layer30.combine,8346.992288000,1.012288000,8348.004576000,step1.layer30.combine,residual add
1,31,step1.layer31.norm1,norm,GPU_COMPUTE,step1.layer30.residual2,8348.004576000,1.008192000,8349.012768000,step1.layer30.residual2,RMSNorm
1,31,step1.layer31.qkv,qkv,GPU_COMPUTE,step1.layer31.norm1,8349.012768000,3.635776000,8352.648544000,step1.layer31.norm1,QKV projection
1,31,step1.layer31.rope,rope,GPU_COMPUTE,step1.layer31.qkv,8352.648544000,1.018432000,8353.666976000,step1.layer31.qkv,QK norm and RoPE
1,31,step1.layer31.attention,attention,PIM_COMPUTE,step1.layer31.rope,8353.666976000,18.929664000,8372.596640000,step1.layer31.rope,decode attention from Ramulator cycle-v0 table
1,31,step1.layer31.o_proj,attention_output,GPU_COMPUTE,step1.layer31.attention,8372.596640000,3.109440000,8375.706080000,step1.layer31.attention,attention output projection
1,31,step1.layer31.residual1,residual,GPU_COMPUTE,step1.layer31.o_proj,8375.706080000,1.012288000,8376.718368000,step1.layer31.o_proj,residual add
1,31,step1.layer31.norm2,norm,GPU_COMPUTE,step1.layer31.residual1,8376.718368000,1.008192000,8377.726560000,step1.layer31.residual1,RMSNorm
1,31,step1.layer31.router,router,GPU_COMPUTE,step1.layer31.norm2,8377.726560000,2.069888000,8379.796448000,step1.layer31.norm2,MoE router
1,31,step1.layer31.metadata,metadata,GPU_COMPUTE,step1.layer31.router,8379.796448000,1.000128000,8380.796576000,step1.layer31.router,routing metadata
1,31,step1.layer31.dispatch,dispatch,,step1.layer31.metadata,8380.796576000,0.000000000,8380.796576000,step1.layer31.metadata,single-GPU dispatch placeholder
1,31,step1.layer31.scheduler,scheduler,GPU_COMPUTE,step1.layer31.metadata,8380.796576000,20.000000000,8400.796576000,step1.layer31.metadata,sieve-fixed-16-cycle-v1 placement policy
1,31,step1.layer31.gpu_weight_load,gpu_weight_load,,step1.layer31.scheduler,8400.796576000,47.121984000,8447.918560000,step1.layer31.scheduler,ordinary GPU HBM reads from mixed Ramulator cycle-v1 run
1,31,step1.layer31.gpu_expert_compute,gpu_expert,GPU_COMPUTE,step1.layer31.gpu_weight_load;step1.layer31.dispatch,8447.918560000,3.130023424,8451.048583424,step1.layer31.gpu_weight_load,grouped expert GEMM
1,31,step1.layer31.pim_gwrite,pim_write,,step1.layer31.scheduler;step1.layer31.dispatch,8400.796576000,9.951864000,8410.748440000,step1.layer31.scheduler,PIM_GWRITE milestone from mixed Ramulator cycle-v1 run
1,31,step1.layer31.pim_expert_compute,pim_expert,,step1.layer31.pim_gwrite,8410.748440000,40.823640000,8451.572080000,step1.layer31.pim_gwrite,PIM_MAC milestone delta from mixed Ramulator cycle-v1 run
1,31,step1.layer31.pim_read,pim_read,,step1.layer31.pim_expert_compute,8451.572080000,0.069264000,8451.641344000,step1.layer31.pim_expert_compute,PIM_READ milestone delta from mixed Ramulator cycle-v1 run
1,31,step1.layer31.combine,combine,GPU_COMPUTE,step1.layer31.gpu_expert_compute;step1.layer31.pim_read,8451.641344000,1.036864000,8452.678208000,step1.layer31.pim_read,weighted expert combine
1,31,step1.layer31.residual2,residual,GPU_COMPUTE,step1.layer31.combine,8452.678208000,1.012288000,8453.690496000,step1.layer31.combine,residual add
1,32,step1.layer32.norm1,norm,GPU_COMPUTE,step1.layer31.residual2,8453.690496000,1.008192000,8454.698688000,step1.layer31.residual2,RMSNorm
1,32,step1.layer32.qkv,qkv,GPU_COMPUTE,step1.layer32.norm1,8454.698688000,3.635776000,8458.334464000,step1.layer32.norm1,QKV projection
1,32,step1.layer32.rope,rope,GPU_COMPUTE,step1.layer32.qkv,8458.334464000,1.018432000,8459.352896000,step1.layer32.qkv,QK norm and RoPE
1,32,step1.layer32.attention,attention,PIM_COMPUTE,step1.layer32.rope,8459.352896000,18.929664000,8478.282560000,step1.layer32.rope,decode attention from Ramulator cycle-v0 table
1,32,step1.layer32.o_proj,attention_output,GPU_COMPUTE,step1.layer32.attention,8478.282560000,3.109440000,8481.392000000,step1.layer32.attention,attention output projection
1,32,step1.layer32.residual1,residual,GPU_COMPUTE,step1.layer32.o_proj,8481.392000000,1.012288000,8482.404288000,step1.layer32.o_proj,residual add
1,32,step1.layer32.norm2,norm,GPU_COMPUTE,step1.layer32.residual1,8482.404288000,1.008192000,8483.412480000,step1.layer32.residual1,RMSNorm
1,32,step1.layer32.router,router,GPU_COMPUTE,step1.layer32.norm2,8483.412480000,2.069888000,8485.482368000,step1.layer32.norm2,MoE router
1,32,step1.layer32.metadata,metadata,GPU_COMPUTE,step1.layer32.router,8485.482368000,1.000128000,8486.482496000,step1.layer32.router,routing metadata
1,32,step1.layer32.dispatch,dispatch,,step1.layer32.metadata,8486.482496000,0.000000000,8486.482496000,step1.layer32.metadata,single-GPU dispatch placeholder
1,32,step1.layer32.scheduler,scheduler,GPU_COMPUTE,step1.layer32.metadata,8486.482496000,20.000000000,8506.482496000,step1.layer32.metadata,sieve-fixed-16-cycle-v1 placement policy
1,32,step1.layer32.gpu_weight_load,gpu_weight_load,,step1.layer32.scheduler,8506.482496000,47.121984000,8553.604480000,step1.layer32.scheduler,ordinary GPU HBM reads from mixed Ramulator cycle-v1 run
1,32,step1.layer32.gpu_expert_compute,gpu_expert,GPU_COMPUTE,step1.layer32.gpu_weight_load;step1.layer32.dispatch,8553.604480000,3.130023424,8556.734503424,step1.layer32.gpu_weight_load,grouped expert GEMM
1,32,step1.layer32.pim_gwrite,pim_write,,step1.layer32.scheduler;step1.layer32.dispatch,8506.482496000,9.951864000,8516.434360000,step1.layer32.scheduler,PIM_GWRITE milestone from mixed Ramulator cycle-v1 run
1,32,step1.layer32.pim_expert_compute,pim_expert,,step1.layer32.pim_gwrite,8516.434360000,40.823640000,8557.258000000,step1.layer32.pim_gwrite,PIM_MAC milestone delta from mixed Ramulator cycle-v1 run
1,32,step1.layer32.pim_read,pim_read,,step1.layer32.pim_expert_compute,8557.258000000,0.069264000,8557.327264000,step1.layer32.pim_expert_compute,PIM_READ milestone delta from mixed Ramulator cycle-v1 run
1,32,step1.layer32.combine,combine,GPU_COMPUTE,step1.layer32.gpu_expert_compute;step1.layer32.pim_read,8557.327264000,1.036864000,8558.364128000,step1.layer32.pim_read,weighted expert combine
1,32,step1.layer32.residual2,residual,GPU_COMPUTE,step1.layer32.combine,8558.364128000,1.012288000,8559.376416000,step1.layer32.combine,residual add
1,33,step1.layer33.norm1,norm,GPU_COMPUTE,step1.layer32.residual2,8559.376416000,1.008192000,8560.384608000,step1.layer32.residual2,RMSNorm
1,33,step1.layer33.qkv,qkv,GPU_COMPUTE,step1.layer33.norm1,8560.384608000,3.635776000,8564.020384000,step1.layer33.norm1,QKV projection
1,33,step1.layer33.rope,rope,GPU_COMPUTE,step1.layer33.qkv,8564.020384000,1.018432000,8565.038816000,step1.layer33.qkv,QK norm and RoPE
1,33,step1.layer33.attention,attention,PIM_COMPUTE,step1.layer33.rope,8565.038816000,18.929664000,8583.968480000,step1.layer33.rope,decode attention from Ramulator cycle-v0 table
1,33,step1.layer33.o_proj,attention_output,GPU_COMPUTE,step1.layer33.attention,8583.968480000,3.109440000,8587.077920000,step1.layer33.attention,attention output projection
1,33,step1.layer33.residual1,residual,GPU_COMPUTE,step1.layer33.o_proj,8587.077920000,1.012288000,8588.090208000,step1.layer33.o_proj,residual add
1,33,step1.layer33.norm2,norm,GPU_COMPUTE,step1.layer33.residual1,8588.090208000,1.008192000,8589.098400000,step1.layer33.residual1,RMSNorm
1,33,step1.layer33.router,router,GPU_COMPUTE,step1.layer33.norm2,8589.098400000,2.069888000,8591.168288000,step1.layer33.norm2,MoE router
1,33,step1.layer33.metadata,metadata,GPU_COMPUTE,step1.layer33.router,8591.168288000,1.000128000,8592.168416000,step1.layer33.router,routing metadata
1,33,step1.layer33.dispatch,dispatch,,step1.layer33.metadata,8592.168416000,0.000000000,8592.168416000,step1.layer33.metadata,single-GPU dispatch placeholder
1,33,step1.layer33.scheduler,scheduler,GPU_COMPUTE,step1.layer33.metadata,8592.168416000,20.000000000,8612.168416000,step1.layer33.metadata,sieve-fixed-16-cycle-v1 placement policy
1,33,step1.layer33.gpu_weight_load,gpu_weight_load,,step1.layer33.scheduler,8612.168416000,47.121984000,8659.290400000,step1.layer33.scheduler,ordinary GPU HBM reads from mixed Ramulator cycle-v1 run
1,33,step1.layer33.gpu_expert_compute,gpu_expert,GPU_COMPUTE,step1.layer33.gpu_weight_load;step1.layer33.dispatch,8659.290400000,3.130023424,8662.420423424,step1.layer33.gpu_weight_load,grouped expert GEMM
1,33,step1.layer33.pim_gwrite,pim_write,,step1.layer33.scheduler;step1.layer33.dispatch,8612.168416000,9.951864000,8622.120280000,step1.layer33.scheduler,PIM_GWRITE milestone from mixed Ramulator cycle-v1 run
1,33,step1.layer33.pim_expert_compute,pim_expert,,step1.layer33.pim_gwrite,8622.120280000,40.823640000,8662.943920000,step1.layer33.pim_gwrite,PIM_MAC milestone delta from mixed Ramulator cycle-v1 run
1,33,step1.layer33.pim_read,pim_read,,step1.layer33.pim_expert_compute,8662.943920000,0.069264000,8663.013184000,step1.layer33.pim_expert_compute,PIM_READ milestone delta from mixed Ramulator cycle-v1 run
1,33,step1.layer33.combine,combine,GPU_COMPUTE,step1.layer33.gpu_expert_compute;step1.layer33.pim_read,8663.013184000,1.036864000,8664.050048000,step1.layer33.pim_read,weighted expert combine
1,33,step1.layer33.residual2,residual,GPU_COMPUTE,step1.layer33.combine,8664.050048000,1.012288000,8665.062336000,step1.layer33.combine,residual add
1,34,step1.layer34.norm1,norm,GPU_COMPUTE,step1.layer33.residual2,8665.062336000,1.008192000,8666.070528000,step1.layer33.residual2,RMSNorm
1,34,step1.layer34.qkv,qkv,GPU_COMPUTE,step1.layer34.norm1,8666.070528000,3.635776000,8669.706304000,step1.layer34.norm1,QKV projection
1,34,step1.layer34.rope,rope,GPU_COMPUTE,step1.layer34.qkv,8669.706304000,1.018432000,8670.724736000,step1.layer34.qkv,QK norm and RoPE
1,34,step1.layer34.attention,attention,PIM_COMPUTE,step1.layer34.rope,8670.724736000,18.929664000,8689.654400000,step1.layer34.rope,decode attention from Ramulator cycle-v0 table
1,34,step1.layer34.o_proj,attention_output,GPU_COMPUTE,step1.layer34.attention,8689.654400000,3.109440000,8692.763840000,step1.layer34.attention,attention output projection
1,34,step1.layer34.residual1,residual,GPU_COMPUTE,step1.layer34.o_proj,8692.763840000,1.012288000,8693.776128000,step1.layer34.o_proj,residual add
1,34,step1.layer34.norm2,norm,GPU_COMPUTE,step1.layer34.residual1,8693.776128000,1.008192000,8694.784320000,step1.layer34.residual1,RMSNorm
1,34,step1.layer34.router,router,GPU_COMPUTE,step1.layer34.norm2,8694.784320000,2.069888000,8696.854208000,step1.layer34.norm2,MoE router
1,34,step1.layer34.metadata,metadata,GPU_COMPUTE,step1.layer34.router,8696.854208000,1.000128000,8697.854336000,step1.layer34.router,routing metadata
1,34,step1.layer34.dispatch,dispatch,,step1.layer34.metadata,8697.854336000,0.000000000,8697.854336000,step1.layer34.metadata,single-GPU dispatch placeholder
1,34,step1.layer34.scheduler,scheduler,GPU_COMPUTE,step1.layer34.metadata,8697.854336000,20.000000000,8717.854336000,step1.layer34.metadata,sieve-fixed-16-cycle-v1 placement policy
1,34,step1.layer34.gpu_weight_load,gpu_weight_load,,step1.layer34.scheduler,8717.854336000,47.121984000,8764.976320000,step1.layer34.scheduler,ordinary GPU HBM reads from mixed Ramulator cycle-v1 run
1,34,step1.layer34.gpu_expert_compute,gpu_expert,GPU_COMPUTE,step1.layer34.gpu_weight_load;step1.layer34.dispatch,8764.976320000,3.130023424,8768.106343424,step1.layer34.gpu_weight_load,grouped expert GEMM
1,34,step1.layer34.pim_gwrite,pim_write,,step1.layer34.scheduler;step1.layer34.dispatch,8717.854336000,9.951864000,8727.806200000,step1.layer34.scheduler,PIM_GWRITE milestone from mixed Ramulator cycle-v1 run
1,34,step1.layer34.pim_expert_compute,pim_expert,,step1.layer34.pim_gwrite,8727.806200000,40.823640000,8768.629840000,step1.layer34.pim_gwrite,PIM_MAC milestone delta from mixed Ramulator cycle-v1 run
1,34,step1.layer34.pim_read,pim_read,,step1.layer34.pim_expert_compute,8768.629840000,0.069264000,8768.699104000,step1.layer34.pim_expert_compute,PIM_READ milestone delta from mixed Ramulator cycle-v1 run
1,34,step1.layer34.combine,combine,GPU_COMPUTE,step1.layer34.gpu_expert_compute;step1.layer34.pim_read,8768.699104000,1.036864000,8769.735968000,step1.layer34.pim_read,weighted expert combine
1,34,step1.layer34.residual2,residual,GPU_COMPUTE,step1.layer34.combine,8769.735968000,1.012288000,8770.748256000,step1.layer34.combine,residual add
1,35,step1.layer35.norm1,norm,GPU_COMPUTE,step1.layer34.residual2,8770.748256000,1.008192000,8771.756448000,step1.layer34.residual2,RMSNorm
1,35,step1.layer35.qkv,qkv,GPU_COMPUTE,step1.layer35.norm1,8771.756448000,3.635776000,8775.392224000,step1.layer35.norm1,QKV projection
1,35,step1.layer35.rope,rope,GPU_COMPUTE,step1.layer35.qkv,8775.392224000,1.018432000,8776.410656000,step1.layer35.qkv,QK norm and RoPE
1,35,step1.layer35.attention,attention,PIM_COMPUTE,step1.layer35.rope,8776.410656000,18.929664000,8795.340320000,step1.layer35.rope,decode attention from Ramulator cycle-v0 table
1,35,step1.layer35.o_proj,attention_output,GPU_COMPUTE,step1.layer35.attention,8795.340320000,3.109440000,8798.449760000,step1.layer35.attention,attention output projection
1,35,step1.layer35.residual1,residual,GPU_COMPUTE,step1.layer35.o_proj,8798.449760000,1.012288000,8799.462048000,step1.layer35.o_proj,residual add
1,35,step1.layer35.norm2,norm,GPU_COMPUTE,step1.layer35.residual1,8799.462048000,1.008192000,8800.470240000,step1.layer35.residual1,RMSNorm
1,35,step1.layer35.router,router,GPU_COMPUTE,step1.layer35.norm2,8800.470240000,2.069888000,8802.540128000,step1.layer35.norm2,MoE router
1,35,step1.layer35.metadata,metadata,GPU_COMPUTE,step1.layer35.router,8802.540128000,1.000128000,8803.540256000,step1.layer35.router,routing metadata
1,35,step1.layer35.dispatch,dispatch,,step1.layer35.metadata,8803.540256000,0.000000000,8803.540256000,step1.layer35.metadata,single-GPU dispatch placeholder
1,35,step1.layer35.scheduler,scheduler,GPU_COMPUTE,step1.layer35.metadata,8803.540256000,20.000000000,8823.540256000,step1.layer35.metadata,sieve-fixed-16-cycle-v1 placement policy
1,35,step1.layer35.gpu_weight_load,gpu_weight_load,,step1.layer35.scheduler,8823.540256000,47.121984000,8870.662240000,step1.layer35.scheduler,ordinary GPU HBM reads from mixed Ramulator cycle-v1 run
1,35,step1.layer35.gpu_expert_compute,gpu_expert,GPU_COMPUTE,step1.layer35.gpu_weight_load;step1.layer35.dispatch,8870.662240000,3.130023424,8873.792263424,step1.layer35.gpu_weight_load,grouped expert GEMM
1,35,step1.layer35.pim_gwrite,pim_write,,step1.layer35.scheduler;step1.layer35.dispatch,8823.540256000,9.951864000,8833.492120000,step1.layer35.scheduler,PIM_GWRITE milestone from mixed Ramulator cycle-v1 run
1,35,step1.layer35.pim_expert_compute,pim_expert,,step1.layer35.pim_gwrite,8833.492120000,40.823640000,8874.315760000,step1.layer35.pim_gwrite,PIM_MAC milestone delta from mixed Ramulator cycle-v1 run
1,35,step1.layer35.pim_read,pim_read,,step1.layer35.pim_expert_compute,8874.315760000,0.069264000,8874.385024000,step1.layer35.pim_expert_compute,PIM_READ milestone delta from mixed Ramulator cycle-v1 run
1,35,step1.layer35.combine,combine,GPU_COMPUTE,step1.layer35.gpu_expert_compute;step1.layer35.pim_read,8874.385024000,1.036864000,8875.421888000,step1.layer35.pim_read,weighted expert combine
1,35,step1.layer35.residual2,residual,GPU_COMPUTE,step1.layer35.combine,8875.421888000,1.012288000,8876.434176000,step1.layer35.combine,residual add
1,36,step1.layer36.norm1,norm,GPU_COMPUTE,step1.layer35.residual2,8876.434176000,1.008192000,8877.442368000,step1.layer35.residual2,RMSNorm
1,36,step1.layer36.qkv,qkv,GPU_COMPUTE,step1.layer36.norm1,8877.442368000,3.635776000,8881.078144000,step1.layer36.norm1,QKV projection
1,36,step1.layer36.rope,rope,GPU_COMPUTE,step1.layer36.qkv,8881.078144000,1.018432000,8882.096576000,step1.layer36.qkv,QK norm and RoPE
1,36,step1.layer36.attention,attention,PIM_COMPUTE,step1.layer36.rope,8882.096576000,18.929664000,8901.026240000,step1.layer36.rope,decode attention from Ramulator cycle-v0 table
1,36,step1.layer36.o_proj,attention_output,GPU_COMPUTE,step1.layer36.attention,8901.026240000,3.109440000,8904.135680000,step1.layer36.attention,attention output projection
1,36,step1.layer36.residual1,residual,GPU_COMPUTE,step1.layer36.o_proj,8904.135680000,1.012288000,8905.147968000,step1.layer36.o_proj,residual add
1,36,step1.layer36.norm2,norm,GPU_COMPUTE,step1.layer36.residual1,8905.147968000,1.008192000,8906.156160000,step1.layer36.residual1,RMSNorm
1,36,step1.layer36.router,router,GPU_COMPUTE,step1.layer36.norm2,8906.156160000,2.069888000,8908.226048000,step1.layer36.norm2,MoE router
1,36,step1.layer36.metadata,metadata,GPU_COMPUTE,step1.layer36.router,8908.226048000,1.000128000,8909.226176000,step1.layer36.router,routing metadata
1,36,step1.layer36.dispatch,dispatch,,step1.layer36.metadata,8909.226176000,0.000000000,8909.226176000,step1.layer36.metadata,single-GPU dispatch placeholder
1,36,step1.layer36.scheduler,scheduler,GPU_COMPUTE,step1.layer36.metadata,8909.226176000,20.000000000,8929.226176000,step1.layer36.metadata,sieve-fixed-16-cycle-v1 placement policy
1,36,step1.layer36.gpu_weight_load,gpu_weight_load,,step1.layer36.scheduler,8929.226176000,47.121984000,8976.348160000,step1.layer36.scheduler,ordinary GPU HBM reads from mixed Ramulator cycle-v1 run
1,36,step1.layer36.gpu_expert_compute,gpu_expert,GPU_COMPUTE,step1.layer36.gpu_weight_load;step1.layer36.dispatch,8976.348160000,3.130023424,8979.478183424,step1.layer36.gpu_weight_load,grouped expert GEMM
1,36,step1.layer36.pim_gwrite,pim_write,,step1.layer36.scheduler;step1.layer36.dispatch,8929.226176000,9.951864000,8939.178040000,step1.layer36.scheduler,PIM_GWRITE milestone from mixed Ramulator cycle-v1 run
1,36,step1.layer36.pim_expert_compute,pim_expert,,step1.layer36.pim_gwrite,8939.178040000,40.823640000,8980.001680000,step1.layer36.pim_gwrite,PIM_MAC milestone delta from mixed Ramulator cycle-v1 run
1,36,step1.layer36.pim_read,pim_read,,step1.layer36.pim_expert_compute,8980.001680000,0.069264000,8980.070944000,step1.layer36.pim_expert_compute,PIM_READ milestone delta from mixed Ramulator cycle-v1 run
1,36,step1.layer36.combine,combine,GPU_COMPUTE,step1.layer36.gpu_expert_compute;step1.layer36.pim_read,8980.070944000,1.036864000,8981.107808000,step1.layer36.pim_read,weighted expert combine
1,36,step1.layer36.residual2,residual,GPU_COMPUTE,step1.layer36.combine,8981.107808000,1.012288000,8982.120096000,step1.layer36.combine,residual add
1,37,step1.layer37.norm1,norm,GPU_COMPUTE,step1.layer36.residual2,8982.120096000,1.008192000,8983.128288000,step1.layer36.residual2,RMSNorm
1,37,step1.layer37.qkv,qkv,GPU_COMPUTE,step1.layer37.norm1,8983.128288000,3.635776000,8986.764064000,step1.layer37.norm1,QKV projection
1,37,step1.layer37.rope,rope,GPU_COMPUTE,step1.layer37.qkv,8986.764064000,1.018432000,8987.782496000,step1.layer37.qkv,QK norm and RoPE
1,37,step1.layer37.attention,attention,PIM_COMPUTE,step1.layer37.rope,8987.782496000,18.929664000,9006.712160000,step1.layer37.rope,decode attention from Ramulator cycle-v0 table
1,37,step1.layer37.o_proj,attention_output,GPU_COMPUTE,step1.layer37.attention,9006.712160000,3.109440000,9009.821600000,step1.layer37.attention,attention output projection
1,37,step1.layer37.residual1,residual,GPU_COMPUTE,step1.layer37.o_proj,9009.821600000,1.012288000,9010.833888000,step1.layer37.o_proj,residual add
1,37,step1.layer37.norm2,norm,GPU_COMPUTE,step1.layer37.residual1,9010.833888000,1.008192000,9011.842080000,step1.layer37.residual1,RMSNorm
1,37,step1.layer37.router,router,GPU_COMPUTE,step1.layer37.norm2,9011.842080000,2.069888000,9013.911968000,step1.layer37.norm2,MoE router
1,37,step1.layer37.metadata,metadata,GPU_COMPUTE,step1.layer37.router,9013.911968000,1.000128000,9014.912096000,step1.layer37.router,routing metadata
1,37,step1.layer37.dispatch,dispatch,,step1.layer37.metadata,9014.912096000,0.000000000,9014.912096000,step1.layer37.metadata,single-GPU dispatch placeholder
1,37,step1.layer37.scheduler,scheduler,GPU_COMPUTE,step1.layer37.metadata,9014.912096000,20.000000000,9034.912096000,step1.layer37.metadata,sieve-fixed-16-cycle-v1 placement policy
1,37,step1.layer37.gpu_weight_load,gpu_weight_load,,step1.layer37.scheduler,9034.912096000,47.121984000,9082.034080000,step1.layer37.scheduler,ordinary GPU HBM reads from mixed Ramulator cycle-v1 run
1,37,step1.layer37.gpu_expert_compute,gpu_expert,GPU_COMPUTE,step1.layer37.gpu_weight_load;step1.layer37.dispatch,9082.034080000,3.130023424,9085.164103424,step1.layer37.gpu_weight_load,grouped expert GEMM
1,37,step1.layer37.pim_gwrite,pim_write,,step1.layer37.scheduler;step1.layer37.dispatch,9034.912096000,9.951864000,9044.863960000,step1.layer37.scheduler,PIM_GWRITE milestone from mixed Ramulator cycle-v1 run
1,37,step1.layer37.pim_expert_compute,pim_expert,,step1.layer37.pim_gwrite,9044.863960000,40.823640000,9085.687600000,step1.layer37.pim_gwrite,PIM_MAC milestone delta from mixed Ramulator cycle-v1 run
1,37,step1.layer37.pim_read,pim_read,,step1.layer37.pim_expert_compute,9085.687600000,0.069264000,9085.756864000,step1.layer37.pim_expert_compute,PIM_READ milestone delta from mixed Ramulator cycle-v1 run
1,37,step1.layer37.combine,combine,GPU_COMPUTE,step1.layer37.gpu_expert_compute;step1.layer37.pim_read,9085.756864000,1.036864000,9086.793728000,step1.layer37.pim_read,weighted expert combine
1,37,step1.layer37.residual2,residual,GPU_COMPUTE,step1.layer37.combine,9086.793728000,1.012288000,9087.806016000,step1.layer37.combine,residual add
1,38,step1.layer38.norm1,norm,GPU_COMPUTE,step1.layer37.residual2,9087.806016000,1.008192000,9088.814208000,step1.layer37.residual2,RMSNorm
1,38,step1.layer38.qkv,qkv,GPU_COMPUTE,step1.layer38.norm1,9088.814208000,3.635776000,9092.449984000,step1.layer38.norm1,QKV projection
1,38,step1.layer38.rope,rope,GPU_COMPUTE,step1.layer38.qkv,9092.449984000,1.018432000,9093.468416000,step1.layer38.qkv,QK norm and RoPE
1,38,step1.layer38.attention,attention,PIM_COMPUTE,step1.layer38.rope,9093.468416000,18.929664000,9112.398080000,step1.layer38.rope,decode attention from Ramulator cycle-v0 table
1,38,step1.layer38.o_proj,attention_output,GPU_COMPUTE,step1.layer38.attention,9112.398080000,3.109440000,9115.507520000,step1.layer38.attention,attention output projection
1,38,step1.layer38.residual1,residual,GPU_COMPUTE,step1.layer38.o_proj,9115.507520000,1.012288000,9116.519808000,step1.layer38.o_proj,residual add
1,38,step1.layer38.norm2,norm,GPU_COMPUTE,step1.layer38.residual1,9116.519808000,1.008192000,9117.528000000,step1.layer38.residual1,RMSNorm
1,38,step1.layer38.router,router,GPU_COMPUTE,step1.layer38.norm2,9117.528000000,2.069888000,9119.597888000,step1.layer38.norm2,MoE router
1,38,step1.layer38.metadata,metadata,GPU_COMPUTE,step1.layer38.router,9119.597888000,1.000128000,9120.598016000,step1.layer38.router,routing metadata
1,38,step1.layer38.dispatch,dispatch,,step1.layer38.metadata,9120.598016000,0.000000000,9120.598016000,step1.layer38.metadata,single-GPU dispatch placeholder
1,38,step1.layer38.scheduler,scheduler,GPU_COMPUTE,step1.layer38.metadata,9120.598016000,20.000000000,9140.598016000,step1.layer38.metadata,sieve-fixed-16-cycle-v1 placement policy
1,38,step1.layer38.gpu_weight_load,gpu_weight_load,,step1.layer38.scheduler,9140.598016000,47.121984000,9187.720000000,step1.layer38.scheduler,ordinary GPU HBM reads from mixed Ramulator cycle-v1 run
1,38,step1.layer38.gpu_expert_compute,gpu_expert,GPU_COMPUTE,step1.layer38.gpu_weight_load;step1.layer38.dispatch,9187.720000000,3.130023424,9190.850023424,step1.layer38.gpu_weight_load,grouped expert GEMM
1,38,step1.layer38.pim_gwrite,pim_write,,step1.layer38.scheduler;step1.layer38.dispatch,9140.598016000,9.951864000,9150.549880000,step1.layer38.scheduler,PIM_GWRITE milestone from mixed Ramulator cycle-v1 run
1,38,step1.layer38.pim_expert_compute,pim_expert,,step1.layer38.pim_gwrite,9150.549880000,40.823640000,9191.373520000,step1.layer38.pim_gwrite,PIM_MAC milestone delta from mixed Ramulator cycle-v1 run
1,38,step1.layer38.pim_read,pim_read,,step1.layer38.pim_expert_compute,9191.373520000,0.069264000,9191.442784000,step1.layer38.pim_expert_compute,PIM_READ milestone delta from mixed Ramulator cycle-v1 run
1,38,step1.layer38.combine,combine,GPU_COMPUTE,step1.layer38.gpu_expert_compute;step1.layer38.pim_read,9191.442784000,1.036864000,9192.479648000,step1.layer38.pim_read,weighted expert combine
1,38,step1.layer38.residual2,residual,GPU_COMPUTE,step1.layer38.combine,9192.479648000,1.012288000,9193.491936000,step1.layer38.combine,residual add
1,39,step1.layer39.norm1,norm,GPU_COMPUTE,step1.layer38.residual2,9193.491936000,1.008192000,9194.500128000,step1.layer38.residual2,RMSNorm
1,39,step1.layer39.qkv,qkv,GPU_COMPUTE,step1.layer39.norm1,9194.500128000,3.635776000,9198.135904000,step1.layer39.norm1,QKV projection
1,39,step1.layer39.rope,rope,GPU_COMPUTE,step1.layer39.qkv,9198.135904000,1.018432000,9199.154336000,step1.layer39.qkv,QK norm and RoPE
1,39,step1.layer39.attention,attention,PIM_COMPUTE,step1.layer39.rope,9199.154336000,18.929664000,9218.084000000,step1.layer39.rope,decode attention from Ramulator cycle-v0 table
1,39,step1.layer39.o_proj,attention_output,GPU_COMPUTE,step1.layer39.attention,9218.084000000,3.109440000,9221.193440000,step1.layer39.attention,attention output projection
1,39,step1.layer39.residual1,residual,GPU_COMPUTE,step1.layer39.o_proj,9221.193440000,1.012288000,9222.205728000,step1.layer39.o_proj,residual add
1,39,step1.layer39.norm2,norm,GPU_COMPUTE,step1.layer39.residual1,9222.205728000,1.008192000,9223.213920000,step1.layer39.residual1,RMSNorm
1,39,step1.layer39.router,router,GPU_COMPUTE,step1.layer39.norm2,9223.213920000,2.069888000,9225.283808000,step1.layer39.norm2,MoE router
1,39,step1.layer39.metadata,metadata,GPU_COMPUTE,step1.layer39.router,9225.283808000,1.000128000,9226.283936000,step1.layer39.router,routing metadata
1,39,step1.layer39.dispatch,dispatch,,step1.layer39.metadata,9226.283936000,0.000000000,9226.283936000,step1.layer39.metadata,single-GPU dispatch placeholder
1,39,step1.layer39.scheduler,scheduler,GPU_COMPUTE,step1.layer39.metadata,9226.283936000,20.000000000,9246.283936000,step1.layer39.metadata,sieve-fixed-16-cycle-v1 placement policy
1,39,step1.layer39.gpu_weight_load,gpu_weight_load,,step1.layer39.scheduler,9246.283936000,47.121984000,9293.405920000,step1.layer39.scheduler,ordinary GPU HBM reads from mixed Ramulator cycle-v1 run
1,39,step1.layer39.gpu_expert_compute,gpu_expert,GPU_COMPUTE,step1.layer39.gpu_weight_load;step1.layer39.dispatch,9293.405920000,3.130023424,9296.535943424,step1.layer39.gpu_weight_load,grouped expert GEMM
1,39,step1.layer39.pim_gwrite,pim_write,,step1.layer39.scheduler;step1.layer39.dispatch,9246.283936000,9.951864000,9256.235800000,step1.layer39.scheduler,PIM_GWRITE milestone from mixed Ramulator cycle-v1 run
1,39,step1.layer39.pim_expert_compute,pim_expert,,step1.layer39.pim_gwrite,9256.235800000,40.823640000,9297.059440000,step1.layer39.pim_gwrite,PIM_MAC milestone delta from mixed Ramulator cycle-v1 run
1,39,step1.layer39.pim_read,pim_read,,step1.layer39.pim_expert_compute,9297.059440000,0.069264000,9297.128704000,step1.layer39.pim_expert_compute,PIM_READ milestone delta from mixed Ramulator cycle-v1 run
1,39,step1.layer39.combine,combine,GPU_COMPUTE,step1.layer39.gpu_expert_compute;step1.layer39.pim_read,9297.128704000,1.036864000,9298.165568000,step1.layer39.pim_read,weighted expert combine
1,39,step1.layer39.residual2,residual,GPU_COMPUTE,step1.layer39.combine,9298.165568000,1.012288000,9299.177856000,step1.layer39.combine,residual add
1,40,step1.layer40.norm1,norm,GPU_COMPUTE,step1.layer39.residual2,9299.177856000,1.008192000,9300.186048000,step1.layer39.residual2,RMSNorm
1,40,step1.layer40.qkv,qkv,GPU_COMPUTE,step1.layer40.norm1,9300.186048000,3.635776000,9303.821824000,step1.layer40.norm1,QKV projection
1,40,step1.layer40.rope,rope,GPU_COMPUTE,step1.layer40.qkv,9303.821824000,1.018432000,9304.840256000,step1.layer40.qkv,QK norm and RoPE
1,40,step1.layer40.attention,attention,PIM_COMPUTE,step1.layer40.rope,9304.840256000,18.929664000,9323.769920000,step1.layer40.rope,decode attention from Ramulator cycle-v0 table
1,40,step1.layer40.o_proj,attention_output,GPU_COMPUTE,step1.layer40.attention,9323.769920000,3.109440000,9326.879360000,step1.layer40.attention,attention output projection
1,40,step1.layer40.residual1,residual,GPU_COMPUTE,step1.layer40.o_proj,9326.879360000,1.012288000,9327.891648000,step1.layer40.o_proj,residual add
1,40,step1.layer40.norm2,norm,GPU_COMPUTE,step1.layer40.residual1,9327.891648000,1.008192000,9328.899840000,step1.layer40.residual1,RMSNorm
1,40,step1.layer40.router,router,GPU_COMPUTE,step1.layer40.norm2,9328.899840000,2.069888000,9330.969728000,step1.layer40.norm2,MoE router
1,40,step1.layer40.metadata,metadata,GPU_COMPUTE,step1.layer40.router,9330.969728000,1.000128000,9331.969856000,step1.layer40.router,routing metadata
1,40,step1.layer40.dispatch,dispatch,,step1.layer40.metadata,9331.969856000,0.000000000,9331.969856000,step1.layer40.metadata,single-GPU dispatch placeholder
1,40,step1.layer40.scheduler,scheduler,GPU_COMPUTE,step1.layer40.metadata,9331.969856000,20.000000000,9351.969856000,step1.layer40.metadata,sieve-fixed-16-cycle-v1 placement policy
1,40,step1.layer40.gpu_weight_load,gpu_weight_load,,step1.layer40.scheduler,9351.969856000,47.121984000,9399.091840000,step1.layer40.scheduler,ordinary GPU HBM reads from mixed Ramulator cycle-v1 run
1,40,step1.layer40.gpu_expert_compute,gpu_expert,GPU_COMPUTE,step1.layer40.gpu_weight_load;step1.layer40.dispatch,9399.091840000,3.130023424,9402.221863424,step1.layer40.gpu_weight_load,grouped expert GEMM
1,40,step1.layer40.pim_gwrite,pim_write,,step1.layer40.scheduler;step1.layer40.dispatch,9351.969856000,9.951864000,9361.921720000,step1.layer40.scheduler,PIM_GWRITE milestone from mixed Ramulator cycle-v1 run
1,40,step1.layer40.pim_expert_compute,pim_expert,,step1.layer40.pim_gwrite,9361.921720000,40.823640000,9402.745360000,step1.layer40.pim_gwrite,PIM_MAC milestone delta from mixed Ramulator cycle-v1 run
1,40,step1.layer40.pim_read,pim_read,,step1.layer40.pim_expert_compute,9402.745360000,0.069264000,9402.814624000,step1.layer40.pim_expert_compute,PIM_READ milestone delta from mixed Ramulator cycle-v1 run
1,40,step1.layer40.combine,combine,GPU_COMPUTE,step1.layer40.gpu_expert_compute;step1.layer40.pim_read,9402.814624000,1.036864000,9403.851488000,step1.layer40.pim_read,weighted expert combine
1,40,step1.layer40.residual2,residual,GPU_COMPUTE,step1.layer40.combine,9403.851488000,1.012288000,9404.863776000,step1.layer40.combine,residual add
1,41,step1.layer41.norm1,norm,GPU_COMPUTE,step1.layer40.residual2,9404.863776000,1.008192000,9405.871968000,step1.layer40.residual2,RMSNorm
1,41,step1.layer41.qkv,qkv,GPU_COMPUTE,step1.layer41.norm1,9405.871968000,3.635776000,9409.507744000,step1.layer41.norm1,QKV projection
1,41,step1.layer41.rope,rope,GPU_COMPUTE,step1.layer41.qkv,9409.507744000,1.018432000,9410.526176000,step1.layer41.qkv,QK norm and RoPE
1,41,step1.layer41.attention,attention,PIM_COMPUTE,step1.layer41.rope,9410.526176000,18.929664000,9429.455840000,step1.layer41.rope,decode attention from Ramulator cycle-v0 table
1,41,step1.layer41.o_proj,attention_output,GPU_COMPUTE,step1.layer41.attention,9429.455840000,3.109440000,9432.565280000,step1.layer41.attention,attention output projection
1,41,step1.layer41.residual1,residual,GPU_COMPUTE,step1.layer41.o_proj,9432.565280000,1.012288000,9433.577568000,step1.layer41.o_proj,residual add
1,41,step1.layer41.norm2,norm,GPU_COMPUTE,step1.layer41.residual1,9433.577568000,1.008192000,9434.585760000,step1.layer41.residual1,RMSNorm
1,41,step1.layer41.router,router,GPU_COMPUTE,step1.layer41.norm2,9434.585760000,2.069888000,9436.655648000,step1.layer41.norm2,MoE router
1,41,step1.layer41.metadata,metadata,GPU_COMPUTE,step1.layer41.router,9436.655648000,1.000128000,9437.655776000,step1.layer41.router,routing metadata
1,41,step1.layer41.dispatch,dispatch,,step1.layer41.metadata,9437.655776000,0.000000000,9437.655776000,step1.layer41.metadata,single-GPU dispatch placeholder
1,41,step1.layer41.scheduler,scheduler,GPU_COMPUTE,step1.layer41.metadata,9437.655776000,20.000000000,9457.655776000,step1.layer41.metadata,sieve-fixed-16-cycle-v1 placement policy
1,41,step1.layer41.gpu_weight_load,gpu_weight_load,,step1.layer41.scheduler,9457.655776000,47.121984000,9504.777760000,step1.layer41.scheduler,ordinary GPU HBM reads from mixed Ramulator cycle-v1 run
1,41,step1.layer41.gpu_expert_compute,gpu_expert,GPU_COMPUTE,step1.layer41.gpu_weight_load;step1.layer41.dispatch,9504.777760000,3.130023424,9507.907783424,step1.layer41.gpu_weight_load,grouped expert GEMM
1,41,step1.layer41.pim_gwrite,pim_write,,step1.layer41.scheduler;step1.layer41.dispatch,9457.655776000,9.951864000,9467.607640000,step1.layer41.scheduler,PIM_GWRITE milestone from mixed Ramulator cycle-v1 run
1,41,step1.layer41.pim_expert_compute,pim_expert,,step1.layer41.pim_gwrite,9467.607640000,40.823640000,9508.431280000,step1.layer41.pim_gwrite,PIM_MAC milestone delta from mixed Ramulator cycle-v1 run
1,41,step1.layer41.pim_read,pim_read,,step1.layer41.pim_expert_compute,9508.431280000,0.069264000,9508.500544000,step1.layer41.pim_expert_compute,PIM_READ milestone delta from mixed Ramulator cycle-v1 run
1,41,step1.layer41.combine,combine,GPU_COMPUTE,step1.layer41.gpu_expert_compute;step1.layer41.pim_read,9508.500544000,1.036864000,9509.537408000,step1.layer41.pim_read,weighted expert combine
1,41,step1.layer41.residual2,residual,GPU_COMPUTE,step1.layer41.combine,9509.537408000,1.012288000,9510.549696000,step1.layer41.combine,residual add
1,42,step1.layer42.norm1,norm,GPU_COMPUTE,step1.layer41.residual2,9510.549696000,1.008192000,9511.557888000,step1.layer41.residual2,RMSNorm
1,42,step1.layer42.qkv,qkv,GPU_COMPUTE,step1.layer42.norm1,9511.557888000,3.635776000,9515.193664000,step1.layer42.norm1,QKV projection
1,42,step1.layer42.rope,rope,GPU_COMPUTE,step1.layer42.qkv,9515.193664000,1.018432000,9516.212096000,step1.layer42.qkv,QK norm and RoPE
1,42,step1.layer42.attention,attention,PIM_COMPUTE,step1.layer42.rope,9516.212096000,18.929664000,9535.141760000,step1.layer42.rope,decode attention from Ramulator cycle-v0 table
1,42,step1.layer42.o_proj,attention_output,GPU_COMPUTE,step1.layer42.attention,9535.141760000,3.109440000,9538.251200000,step1.layer42.attention,attention output projection
1,42,step1.layer42.residual1,residual,GPU_COMPUTE,step1.layer42.o_proj,9538.251200000,1.012288000,9539.263488000,step1.layer42.o_proj,residual add
1,42,step1.layer42.norm2,norm,GPU_COMPUTE,step1.layer42.residual1,9539.263488000,1.008192000,9540.271680000,step1.layer42.residual1,RMSNorm
1,42,step1.layer42.router,router,GPU_COMPUTE,step1.layer42.norm2,9540.271680000,2.069888000,9542.341568000,step1.layer42.norm2,MoE router
1,42,step1.layer42.metadata,metadata,GPU_COMPUTE,step1.layer42.router,9542.341568000,1.000128000,9543.341696000,step1.layer42.router,routing metadata
1,42,step1.layer42.dispatch,dispatch,,step1.layer42.metadata,9543.341696000,0.000000000,9543.341696000,step1.layer42.metadata,single-GPU dispatch placeholder
1,42,step1.layer42.scheduler,scheduler,GPU_COMPUTE,step1.layer42.metadata,9543.341696000,20.000000000,9563.341696000,step1.layer42.metadata,sieve-fixed-16-cycle-v1 placement policy
1,42,step1.layer42.gpu_weight_load,gpu_weight_load,,step1.layer42.scheduler,9563.341696000,47.121984000,9610.463680000,step1.layer42.scheduler,ordinary GPU HBM reads from mixed Ramulator cycle-v1 run
1,42,step1.layer42.gpu_expert_compute,gpu_expert,GPU_COMPUTE,step1.layer42.gpu_weight_load;step1.layer42.dispatch,9610.463680000,3.130023424,9613.593703424,step1.layer42.gpu_weight_load,grouped expert GEMM
1,42,step1.layer42.pim_gwrite,pim_write,,step1.layer42.scheduler;step1.layer42.dispatch,9563.341696000,9.951864000,9573.293560000,step1.layer42.scheduler,PIM_GWRITE milestone from mixed Ramulator cycle-v1 run
1,42,step1.layer42.pim_expert_compute,pim_expert,,step1.layer42.pim_gwrite,9573.293560000,40.823640000,9614.117200000,step1.layer42.pim_gwrite,PIM_MAC milestone delta from mixed Ramulator cycle-v1 run
1,42,step1.layer42.pim_read,pim_read,,step1.layer42.pim_expert_compute,9614.117200000,0.069264000,9614.186464000,step1.layer42.pim_expert_compute,PIM_READ milestone delta from mixed Ramulator cycle-v1 run
1,42,step1.layer42.combine,combine,GPU_COMPUTE,step1.layer42.gpu_expert_compute;step1.layer42.pim_read,9614.186464000,1.036864000,9615.223328000,step1.layer42.pim_read,weighted expert combine
1,42,step1.layer42.residual2,residual,GPU_COMPUTE,step1.layer42.combine,9615.223328000,1.012288000,9616.235616000,step1.layer42.combine,residual add
1,43,step1.layer43.norm1,norm,GPU_COMPUTE,step1.layer42.residual2,9616.235616000,1.008192000,9617.243808000,step1.layer42.residual2,RMSNorm
1,43,step1.layer43.qkv,qkv,GPU_COMPUTE,step1.layer43.norm1,9617.243808000,3.635776000,9620.879584000,step1.layer43.norm1,QKV projection
1,43,step1.layer43.rope,rope,GPU_COMPUTE,step1.layer43.qkv,9620.879584000,1.018432000,9621.898016000,step1.layer43.qkv,QK norm and RoPE
1,43,step1.layer43.attention,attention,PIM_COMPUTE,step1.layer43.rope,9621.898016000,18.929664000,9640.827680000,step1.layer43.rope,decode attention from Ramulator cycle-v0 table
1,43,step1.layer43.o_proj,attention_output,GPU_COMPUTE,step1.layer43.attention,9640.827680000,3.109440000,9643.937120000,step1.layer43.attention,attention output projection
1,43,step1.layer43.residual1,residual,GPU_COMPUTE,step1.layer43.o_proj,9643.937120000,1.012288000,9644.949408000,step1.layer43.o_proj,residual add
1,43,step1.layer43.norm2,norm,GPU_COMPUTE,step1.layer43.residual1,9644.949408000,1.008192000,9645.957600000,step1.layer43.residual1,RMSNorm
1,43,step1.layer43.router,router,GPU_COMPUTE,step1.layer43.norm2,9645.957600000,2.069888000,9648.027488000,step1.layer43.norm2,MoE router
1,43,step1.layer43.metadata,metadata,GPU_COMPUTE,step1.layer43.router,9648.027488000,1.000128000,9649.027616000,step1.layer43.router,routing metadata
1,43,step1.layer43.dispatch,dispatch,,step1.layer43.metadata,9649.027616000,0.000000000,9649.027616000,step1.layer43.metadata,single-GPU dispatch placeholder
1,43,step1.layer43.scheduler,scheduler,GPU_COMPUTE,step1.layer43.metadata,9649.027616000,20.000000000,9669.027616000,step1.layer43.metadata,sieve-fixed-16-cycle-v1 placement policy
1,43,step1.layer43.gpu_weight_load,gpu_weight_load,,step1.layer43.scheduler,9669.027616000,47.121984000,9716.149600000,step1.layer43.scheduler,ordinary GPU HBM reads from mixed Ramulator cycle-v1 run
1,43,step1.layer43.gpu_expert_compute,gpu_expert,GPU_COMPUTE,step1.layer43.gpu_weight_load;step1.layer43.dispatch,9716.149600000,3.130023424,9719.279623424,step1.layer43.gpu_weight_load,grouped expert GEMM
1,43,step1.layer43.pim_gwrite,pim_write,,step1.layer43.scheduler;step1.layer43.dispatch,9669.027616000,9.951864000,9678.979480000,step1.layer43.scheduler,PIM_GWRITE milestone from mixed Ramulator cycle-v1 run
1,43,step1.layer43.pim_expert_compute,pim_expert,,step1.layer43.pim_gwrite,9678.979480000,40.823640000,9719.803120000,step1.layer43.pim_gwrite,PIM_MAC milestone delta from mixed Ramulator cycle-v1 run
1,43,step1.layer43.pim_read,pim_read,,step1.layer43.pim_expert_compute,9719.803120000,0.069264000,9719.872384000,step1.layer43.pim_expert_compute,PIM_READ milestone delta from mixed Ramulator cycle-v1 run
1,43,step1.layer43.combine,combine,GPU_COMPUTE,step1.layer43.gpu_expert_compute;step1.layer43.pim_read,9719.872384000,1.036864000,9720.909248000,step1.layer43.pim_read,weighted expert combine
1,43,step1.layer43.residual2,residual,GPU_COMPUTE,step1.layer43.combine,9720.909248000,1.012288000,9721.921536000,step1.layer43.combine,residual add
1,44,step1.layer44.norm1,norm,GPU_COMPUTE,step1.layer43.residual2,9721.921536000,1.008192000,9722.929728000,step1.layer43.residual2,RMSNorm
1,44,step1.layer44.qkv,qkv,GPU_COMPUTE,step1.layer44.norm1,9722.929728000,3.635776000,9726.565504000,step1.layer44.norm1,QKV projection
1,44,step1.layer44.rope,rope,GPU_COMPUTE,step1.layer44.qkv,9726.565504000,1.018432000,9727.583936000,step1.layer44.qkv,QK norm and RoPE
1,44,step1.layer44.attention,attention,PIM_COMPUTE,step1.layer44.rope,9727.583936000,18.929664000,9746.513600000,step1.layer44.rope,decode attention from Ramulator cycle-v0 table
1,44,step1.layer44.o_proj,attention_output,GPU_COMPUTE,step1.layer44.attention,9746.513600000,3.109440000,9749.623040000,step1.layer44.attention,attention output projection
1,44,step1.layer44.residual1,residual,GPU_COMPUTE,step1.layer44.o_proj,9749.623040000,1.012288000,9750.635328000,step1.layer44.o_proj,residual add
1,44,step1.layer44.norm2,norm,GPU_COMPUTE,step1.layer44.residual1,9750.635328000,1.008192000,9751.643520000,step1.layer44.residual1,RMSNorm
1,44,step1.layer44.router,router,GPU_COMPUTE,step1.layer44.norm2,9751.643520000,2.069888000,9753.713408000,step1.layer44.norm2,MoE router
1,44,step1.layer44.metadata,metadata,GPU_COMPUTE,step1.layer44.router,9753.713408000,1.000128000,9754.713536000,step1.layer44.router,routing metadata
1,44,step1.layer44.dispatch,dispatch,,step1.layer44.metadata,9754.713536000,0.000000000,9754.713536000,step1.layer44.metadata,single-GPU dispatch placeholder
1,44,step1.layer44.scheduler,scheduler,GPU_COMPUTE,step1.layer44.metadata,9754.713536000,20.000000000,9774.713536000,step1.layer44.metadata,sieve-fixed-16-cycle-v1 placement policy
1,44,step1.layer44.gpu_weight_load,gpu_weight_load,,step1.layer44.scheduler,9774.713536000,47.121984000,9821.835520000,step1.layer44.scheduler,ordinary GPU HBM reads from mixed Ramulator cycle-v1 run
1,44,step1.layer44.gpu_expert_compute,gpu_expert,GPU_COMPUTE,step1.layer44.gpu_weight_load;step1.layer44.dispatch,9821.835520000,3.130023424,9824.965543424,step1.layer44.gpu_weight_load,grouped expert GEMM
1,44,step1.layer44.pim_gwrite,pim_write,,step1.layer44.scheduler;step1.layer44.dispatch,9774.713536000,9.951864000,9784.665400000,step1.layer44.scheduler,PIM_GWRITE milestone from mixed Ramulator cycle-v1 run
1,44,step1.layer44.pim_expert_compute,pim_expert,,step1.layer44.pim_gwrite,9784.665400000,40.823640000,9825.489040000,step1.layer44.pim_gwrite,PIM_MAC milestone delta from mixed Ramulator cycle-v1 run
1,44,step1.layer44.pim_read,pim_read,,step1.layer44.pim_expert_compute,9825.489040000,0.069264000,9825.558304000,step1.layer44.pim_expert_compute,PIM_READ milestone delta from mixed Ramulator cycle-v1 run
1,44,step1.layer44.combine,combine,GPU_COMPUTE,step1.layer44.gpu_expert_compute;step1.layer44.pim_read,9825.558304000,1.036864000,9826.595168000,step1.layer44.pim_read,weighted expert combine
1,44,step1.layer44.residual2,residual,GPU_COMPUTE,step1.layer44.combine,9826.595168000,1.012288000,9827.607456000,step1.layer44.combine,residual add
1,45,step1.layer45.norm1,norm,GPU_COMPUTE,step1.layer44.residual2,9827.607456000,1.008192000,9828.615648000,step1.layer44.residual2,RMSNorm
1,45,step1.layer45.qkv,qkv,GPU_COMPUTE,step1.layer45.norm1,9828.615648000,3.635776000,9832.251424000,step1.layer45.norm1,QKV projection
1,45,step1.layer45.rope,rope,GPU_COMPUTE,step1.layer45.qkv,9832.251424000,1.018432000,9833.269856000,step1.layer45.qkv,QK norm and RoPE
1,45,step1.layer45.attention,attention,PIM_COMPUTE,step1.layer45.rope,9833.269856000,18.929664000,9852.199520000,step1.layer45.rope,decode attention from Ramulator cycle-v0 table
1,45,step1.layer45.o_proj,attention_output,GPU_COMPUTE,step1.layer45.attention,9852.199520000,3.109440000,9855.308960000,step1.layer45.attention,attention output projection
1,45,step1.layer45.residual1,residual,GPU_COMPUTE,step1.layer45.o_proj,9855.308960000,1.012288000,9856.321248000,step1.layer45.o_proj,residual add
1,45,step1.layer45.norm2,norm,GPU_COMPUTE,step1.layer45.residual1,9856.321248000,1.008192000,9857.329440000,step1.layer45.residual1,RMSNorm
1,45,step1.layer45.router,router,GPU_COMPUTE,step1.layer45.norm2,9857.329440000,2.069888000,9859.399328000,step1.layer45.norm2,MoE router
1,45,step1.layer45.metadata,metadata,GPU_COMPUTE,step1.layer45.router,9859.399328000,1.000128000,9860.399456000,step1.layer45.router,routing metadata
1,45,step1.layer45.dispatch,dispatch,,step1.layer45.metadata,9860.399456000,0.000000000,9860.399456000,step1.layer45.metadata,single-GPU dispatch placeholder
1,45,step1.layer45.scheduler,scheduler,GPU_COMPUTE,step1.layer45.metadata,9860.399456000,20.000000000,9880.399456000,step1.layer45.metadata,sieve-fixed-16-cycle-v1 placement policy
1,45,step1.layer45.gpu_weight_load,gpu_weight_load,,step1.layer45.scheduler,9880.399456000,47.121984000,9927.521440000,step1.layer45.scheduler,ordinary GPU HBM reads from mixed Ramulator cycle-v1 run
1,45,step1.layer45.gpu_expert_compute,gpu_expert,GPU_COMPUTE,step1.layer45.gpu_weight_load;step1.layer45.dispatch,9927.521440000,3.130023424,9930.651463424,step1.layer45.gpu_weight_load,grouped expert GEMM
1,45,step1.layer45.pim_gwrite,pim_write,,step1.layer45.scheduler;step1.layer45.dispatch,9880.399456000,9.951864000,9890.351320000,step1.layer45.scheduler,PIM_GWRITE milestone from mixed Ramulator cycle-v1 run
1,45,step1.layer45.pim_expert_compute,pim_expert,,step1.layer45.pim_gwrite,9890.351320000,40.823640000,9931.174960000,step1.layer45.pim_gwrite,PIM_MAC milestone delta from mixed Ramulator cycle-v1 run
1,45,step1.layer45.pim_read,pim_read,,step1.layer45.pim_expert_compute,9931.174960000,0.069264000,9931.244224000,step1.layer45.pim_expert_compute,PIM_READ milestone delta from mixed Ramulator cycle-v1 run
1,45,step1.layer45.combine,combine,GPU_COMPUTE,step1.layer45.gpu_expert_compute;step1.layer45.pim_read,9931.244224000,1.036864000,9932.281088000,step1.layer45.pim_read,weighted expert combine
1,45,step1.layer45.residual2,residual,GPU_COMPUTE,step1.layer45.combine,9932.281088000,1.012288000,9933.293376000,step1.layer45.combine,residual add
1,46,step1.layer46.norm1,norm,GPU_COMPUTE,step1.layer45.residual2,9933.293376000,1.008192000,9934.301568000,step1.layer45.residual2,RMSNorm
1,46,step1.layer46.qkv,qkv,GPU_COMPUTE,step1.layer46.norm1,9934.301568000,3.635776000,9937.937344000,step1.layer46.norm1,QKV projection
1,46,step1.layer46.rope,rope,GPU_COMPUTE,step1.layer46.qkv,9937.937344000,1.018432000,9938.955776000,step1.layer46.qkv,QK norm and RoPE
1,46,step1.layer46.attention,attention,PIM_COMPUTE,step1.layer46.rope,9938.955776000,18.929664000,9957.885440000,step1.layer46.rope,decode attention from Ramulator cycle-v0 table
1,46,step1.layer46.o_proj,attention_output,GPU_COMPUTE,step1.layer46.attention,9957.885440000,3.109440000,9960.994880000,step1.layer46.attention,attention output projection
1,46,step1.layer46.residual1,residual,GPU_COMPUTE,step1.layer46.o_proj,9960.994880000,1.012288000,9962.007168000,step1.layer46.o_proj,residual add
1,46,step1.layer46.norm2,norm,GPU_COMPUTE,step1.layer46.residual1,9962.007168000,1.008192000,9963.015360000,step1.layer46.residual1,RMSNorm
1,46,step1.layer46.router,router,GPU_COMPUTE,step1.layer46.norm2,9963.015360000,2.069888000,9965.085248000,step1.layer46.norm2,MoE router
1,46,step1.layer46.metadata,metadata,GPU_COMPUTE,step1.layer46.router,9965.085248000,1.000128000,9966.085376000,step1.layer46.router,routing metadata
1,46,step1.layer46.dispatch,dispatch,,step1.layer46.metadata,9966.085376000,0.000000000,9966.085376000,step1.layer46.metadata,single-GPU dispatch placeholder
1,46,step1.layer46.scheduler,scheduler,GPU_COMPUTE,step1.layer46.metadata,9966.085376000,20.000000000,9986.085376000,step1.layer46.metadata,sieve-fixed-16-cycle-v1 placement policy
1,46,step1.layer46.gpu_weight_load,gpu_weight_load,,step1.layer46.scheduler,9986.085376000,47.121984000,10033.207360000,step1.layer46.scheduler,ordinary GPU HBM reads from mixed Ramulator cycle-v1 run
1,46,step1.layer46.gpu_expert_compute,gpu_expert,GPU_COMPUTE,step1.layer46.gpu_weight_load;step1.layer46.dispatch,10033.207360000,3.130023424,10036.337383424,step1.layer46.gpu_weight_load,grouped expert GEMM
1,46,step1.layer46.pim_gwrite,pim_write,,step1.layer46.scheduler;step1.layer46.dispatch,9986.085376000,9.951864000,9996.037240000,step1.layer46.scheduler,PIM_GWRITE milestone from mixed Ramulator cycle-v1 run
1,46,step1.layer46.pim_expert_compute,pim_expert,,step1.layer46.pim_gwrite,9996.037240000,40.823640000,10036.860880000,step1.layer46.pim_gwrite,PIM_MAC milestone delta from mixed Ramulator cycle-v1 run
1,46,step1.layer46.pim_read,pim_read,,step1.layer46.pim_expert_compute,10036.860880000,0.069264000,10036.930144000,step1.layer46.pim_expert_compute,PIM_READ milestone delta from mixed Ramulator cycle-v1 run
1,46,step1.layer46.combine,combine,GPU_COMPUTE,step1.layer46.gpu_expert_compute;step1.layer46.pim_read,10036.930144000,1.036864000,10037.967008000,step1.layer46.pim_read,weighted expert combine
1,46,step1.layer46.residual2,residual,GPU_COMPUTE,step1.layer46.combine,10037.967008000,1.012288000,10038.979296000,step1.layer46.combine,residual add
1,47,step1.layer47.norm1,norm,GPU_COMPUTE,step1.layer46.residual2,10038.979296000,1.008192000,10039.987488000,step1.layer46.residual2,RMSNorm
1,47,step1.layer47.qkv,qkv,GPU_COMPUTE,step1.layer47.norm1,10039.987488000,3.635776000,10043.623264000,step1.layer47.norm1,QKV projection
1,47,step1.layer47.rope,rope,GPU_COMPUTE,step1.layer47.qkv,10043.623264000,1.018432000,10044.641696000,step1.layer47.qkv,QK norm and RoPE
1,47,step1.layer47.attention,attention,PIM_COMPUTE,step1.layer47.rope,10044.641696000,18.929664000,10063.571360000,step1.layer47.rope,decode attention from Ramulator cycle-v0 table
1,47,step1.layer47.o_proj,attention_output,GPU_COMPUTE,step1.layer47.attention,10063.571360000,3.109440000,10066.680800000,step1.layer47.attention,attention output projection
1,47,step1.layer47.residual1,residual,GPU_COMPUTE,step1.layer47.o_proj,10066.680800000,1.012288000,10067.693088000,step1.layer47.o_proj,residual add
1,47,step1.layer47.norm2,norm,GPU_COMPUTE,step1.layer47.residual1,10067.693088000,1.008192000,10068.701280000,step1.layer47.residual1,RMSNorm
1,47,step1.layer47.router,router,GPU_COMPUTE,step1.layer47.norm2,10068.701280000,2.069888000,10070.771168000,step1.layer47.norm2,MoE router
1,47,step1.layer47.metadata,metadata,GPU_COMPUTE,step1.layer47.router,10070.771168000,1.000128000,10071.771296000,step1.layer47.router,routing metadata
1,47,step1.layer47.dispatch,dispatch,,step1.layer47.metadata,10071.771296000,0.000000000,10071.771296000,step1.layer47.metadata,single-GPU dispatch placeholder
1,47,step1.layer47.scheduler,scheduler,GPU_COMPUTE,step1.layer47.metadata,10071.771296000,20.000000000,10091.771296000,step1.layer47.metadata,sieve-fixed-16-cycle-v1 placement policy
1,47,step1.layer47.gpu_weight_load,gpu_weight_load,,step1.layer47.scheduler,10091.771296000,47.121984000,10138.893280000,step1.layer47.scheduler,ordinary GPU HBM reads from mixed Ramulator cycle-v1 run
1,47,step1.layer47.gpu_expert_compute,gpu_expert,GPU_COMPUTE,step1.layer47.gpu_weight_load;step1.layer47.dispatch,10138.893280000,3.130023424,10142.023303424,step1.layer47.gpu_weight_load,grouped expert GEMM
1,47,step1.layer47.pim_gwrite,pim_write,,step1.layer47.scheduler;step1.layer47.dispatch,10091.771296000,9.951864000,10101.723160000,step1.layer47.scheduler,PIM_GWRITE milestone from mixed Ramulator cycle-v1 run
1,47,step1.layer47.pim_expert_compute,pim_expert,,step1.layer47.pim_gwrite,10101.723160000,40.823640000,10142.546800000,step1.layer47.pim_gwrite,PIM_MAC milestone delta from mixed Ramulator cycle-v1 run
1,47,step1.layer47.pim_read,pim_read,,step1.layer47.pim_expert_compute,10142.546800000,0.069264000,10142.616064000,step1.layer47.pim_expert_compute,PIM_READ milestone delta from mixed Ramulator cycle-v1 run
1,47,step1.layer47.combine,combine,GPU_COMPUTE,step1.layer47.gpu_expert_compute;step1.layer47.pim_read,10142.616064000,1.036864000,10143.652928000,step1.layer47.pim_read,weighted expert combine
1,47,step1.layer47.residual2,residual,GPU_COMPUTE,step1.layer47.combine,10143.652928000,1.012288000,10144.665216000,step1.layer47.combine,residual add
