step,layer,name,category,resources,dependencies,start_us,duration_us,end_us,blocking_event,description
0,0,step0.layer0.norm1,norm,GPU_COMPUTE,,0.000000000,1.008192000,1.008192000,,RMSNorm
0,0,step0.layer0.qkv,qkv,GPU_COMPUTE,step0.layer0.norm1,1.008192000,3.635776000,4.643968000,step0.layer0.norm1,QKV projection
0,0,step0.layer0.rope,rope,GPU_COMPUTE,step0.layer0.qkv,4.643968000,1.018432000,5.662400000,step0.layer0.qkv,QK norm and RoPE
0,0,step0.layer0.attention,attention,PIM_COMPUTE,step0.layer0.rope,5.662400000,18.905016000,24.567416000,step0.layer0.rope,decode attention from Ramulator cycle-v0 table
0,0,step0.layer0.o_proj,attention_output,GPU_COMPUTE,step0.layer0.attention,24.567416000,3.109440000,27.676856000,step0.layer0.attention,attention output projection
0,0,step0.layer0.residual1,residual,GPU_COMPUTE,step0.layer0.o_proj,27.676856000,1.012288000,28.689144000,step0.layer0.o_proj,residual add
0,0,step0.layer0.norm2,norm,GPU_COMPUTE,step0.layer0.residual1,28.689144000,1.008192000,29.697336000,step0.layer0.residual1,RMSNorm
0,0,step0.layer0.router,router,GPU_COMPUTE,step0.layer0.norm2,29.697336000,2.069888000,31.767224000,step0.layer0.norm2,MoE router
0,0,step0.layer0.metadata,metadata,GPU_COMPUTE,step0.layer0.router,31.767224000,1.000128000,32.767352000,step0.layer0.router,routing metadata
0,0,step0.layer0.dispatch,dispatch,,step0.layer0.metadata,32.767352000,0.000000000,32.767352000,step0.layer0.metadata,single-GPU dispatch placeholder
0,0,step0.layer0.scheduler,scheduler,GPU_COMPUTE,step0.layer0.metadata,32.767352000,20.000000000,52.767352000,step0.layer0.metadata,sieve placement policy
0,0,step0.layer0.gpu_weight_load,gpu_weight_load,HBM_MEM_PATH,step0.layer0.scheduler,52.767352000,37.748736000,90.516088000,step0.layer0.scheduler,expert weights HBM to GPU
0,0,step0.layer0.gpu_expert_compute,gpu_expert,GPU_COMPUTE,step0.layer0.gpu_weight_load;step0.layer0.dispatch,90.516088000,3.197132288,93.713220288,step0.layer0.gpu_weight_load,grouped expert GEMM
0,0,step0.layer0.pim_gwrite,pim_write,GPU_PIM_IO,step0.layer0.scheduler;step0.layer0.dispatch,52.767352000,2.228928000,54.996280000,step0.layer0.scheduler,PIM_GWRITE from Ramulator cycle-v0 table
0,0,step0.layer0.pim_expert_compute,pim_expert,PIM_COMPUTE,step0.layer0.pim_gwrite,54.996280000,20.054424000,75.050704000,step0.layer0.pim_gwrite,expert GEMV from Ramulator cycle-v0 table
0,0,step0.layer0.pim_read,pim_read,GPU_PIM_IO,step0.layer0.pim_expert_compute,75.050704000,0.022464000,75.073168000,step0.layer0.pim_expert_compute,PIM result read from Ramulator cycle-v0 table
0,0,step0.layer0.combine,combine,GPU_COMPUTE,step0.layer0.gpu_expert_compute;step0.layer0.pim_read,93.713220288,1.036864000,94.750084288,step0.layer0.gpu_expert_compute,weighted expert combine
0,0,step0.layer0.residual2,residual,GPU_COMPUTE,step0.layer0.combine,94.750084288,1.012288000,95.762372288,step0.layer0.combine,residual add
0,1,step0.layer1.norm1,norm,GPU_COMPUTE,step0.layer0.residual2,95.762372288,1.008192000,96.770564288,step0.layer0.residual2,RMSNorm
0,1,step0.layer1.qkv,qkv,GPU_COMPUTE,step0.layer1.norm1,96.770564288,3.635776000,100.406340288,step0.layer1.norm1,QKV projection
0,1,step0.layer1.rope,rope,GPU_COMPUTE,step0.layer1.qkv,100.406340288,1.018432000,101.424772288,step0.layer1.qkv,QK norm and RoPE
0,1,step0.layer1.attention,attention,PIM_COMPUTE,step0.layer1.rope,101.424772288,18.905016000,120.329788288,step0.layer1.rope,decode attention from Ramulator cycle-v0 table
0,1,step0.layer1.o_proj,attention_output,GPU_COMPUTE,step0.layer1.attention,120.329788288,3.109440000,123.439228288,step0.layer1.attention,attention output projection
0,1,step0.layer1.residual1,residual,GPU_COMPUTE,step0.layer1.o_proj,123.439228288,1.012288000,124.451516288,step0.layer1.o_proj,residual add
0,1,step0.layer1.norm2,norm,GPU_COMPUTE,step0.layer1.residual1,124.451516288,1.008192000,125.459708288,step0.layer1.residual1,RMSNorm
0,1,step0.layer1.router,router,GPU_COMPUTE,step0.layer1.norm2,125.459708288,2.069888000,127.529596288,step0.layer1.norm2,MoE router
0,1,step0.layer1.metadata,metadata,GPU_COMPUTE,step0.layer1.router,127.529596288,1.000128000,128.529724288,step0.layer1.router,routing metadata
0,1,step0.layer1.dispatch,dispatch,,step0.layer1.metadata,128.529724288,0.000000000,128.529724288,step0.layer1.metadata,single-GPU dispatch placeholder
0,1,step0.layer1.scheduler,scheduler,GPU_COMPUTE,step0.layer1.metadata,128.529724288,20.000000000,148.529724288,step0.layer1.metadata,sieve placement policy
0,1,step0.layer1.gpu_weight_load,gpu_weight_load,HBM_MEM_PATH,step0.layer1.scheduler,148.529724288,37.748736000,186.278460288,step0.layer1.scheduler,expert weights HBM to GPU
0,1,step0.layer1.gpu_expert_compute,gpu_expert,GPU_COMPUTE,step0.layer1.gpu_weight_load;step0.layer1.dispatch,186.278460288,3.197132288,189.475592576,step0.layer1.gpu_weight_load,grouped expert GEMM
0,1,step0.layer1.pim_gwrite,pim_write,GPU_PIM_IO,step0.layer1.scheduler;step0.layer1.dispatch,148.529724288,2.228928000,150.758652288,step0.layer1.scheduler,PIM_GWRITE from Ramulator cycle-v0 table
0,1,step0.layer1.pim_expert_compute,pim_expert,PIM_COMPUTE,step0.layer1.pim_gwrite,150.758652288,20.054424000,170.813076288,step0.layer1.pim_gwrite,expert GEMV from Ramulator cycle-v0 table
0,1,step0.layer1.pim_read,pim_read,GPU_PIM_IO,step0.layer1.pim_expert_compute,170.813076288,0.022464000,170.835540288,step0.layer1.pim_expert_compute,PIM result read from Ramulator cycle-v0 table
0,1,step0.layer1.combine,combine,GPU_COMPUTE,step0.layer1.gpu_expert_compute;step0.layer1.pim_read,189.475592576,1.036864000,190.512456576,step0.layer1.gpu_expert_compute,weighted expert combine
0,1,step0.layer1.residual2,residual,GPU_COMPUTE,step0.layer1.combine,190.512456576,1.012288000,191.524744576,step0.layer1.combine,residual add
0,2,step0.layer2.norm1,norm,GPU_COMPUTE,step0.layer1.residual2,191.524744576,1.008192000,192.532936576,step0.layer1.residual2,RMSNorm
0,2,step0.layer2.qkv,qkv,GPU_COMPUTE,step0.layer2.norm1,192.532936576,3.635776000,196.168712576,step0.layer2.norm1,QKV projection
0,2,step0.layer2.rope,rope,GPU_COMPUTE,step0.layer2.qkv,196.168712576,1.018432000,197.187144576,step0.layer2.qkv,QK norm and RoPE
0,2,step0.layer2.attention,attention,PIM_COMPUTE,step0.layer2.rope,197.187144576,18.905016000,216.092160576,step0.layer2.rope,decode attention from Ramulator cycle-v0 table
0,2,step0.layer2.o_proj,attention_output,GPU_COMPUTE,step0.layer2.attention,216.092160576,3.109440000,219.201600576,step0.layer2.attention,attention output projection
0,2,step0.layer2.residual1,residual,GPU_COMPUTE,step0.layer2.o_proj,219.201600576,1.012288000,220.213888576,step0.layer2.o_proj,residual add
0,2,step0.layer2.norm2,norm,GPU_COMPUTE,step0.layer2.residual1,220.213888576,1.008192000,221.222080576,step0.layer2.residual1,RMSNorm
0,2,step0.layer2.router,router,GPU_COMPUTE,step0.layer2.norm2,221.222080576,2.069888000,223.291968576,step0.layer2.norm2,MoE router
0,2,step0.layer2.metadata,metadata,GPU_COMPUTE,step0.layer2.router,223.291968576,1.000128000,224.292096576,step0.layer2.router,routing metadata
0,2,step0.layer2.dispatch,dispatch,,step0.layer2.metadata,224.292096576,0.000000000,224.292096576,step0.layer2.metadata,single-GPU dispatch placeholder
0,2,step0.layer2.scheduler,scheduler,GPU_COMPUTE,step0.layer2.metadata,224.292096576,20.000000000,244.292096576,step0.layer2.metadata,sieve placement policy
0,2,step0.layer2.gpu_weight_load,gpu_weight_load,HBM_MEM_PATH,step0.layer2.scheduler,244.292096576,37.748736000,282.040832576,step0.layer2.scheduler,expert weights HBM to GPU
0,2,step0.layer2.gpu_expert_compute,gpu_expert,GPU_COMPUTE,step0.layer2.gpu_weight_load;step0.layer2.dispatch,282.040832576,3.197132288,285.237964864,step0.layer2.gpu_weight_load,grouped expert GEMM
0,2,step0.layer2.pim_gwrite,pim_write,GPU_PIM_IO,step0.layer2.scheduler;step0.layer2.dispatch,244.292096576,2.228928000,246.521024576,step0.layer2.scheduler,PIM_GWRITE from Ramulator cycle-v0 table
0,2,step0.layer2.pim_expert_compute,pim_expert,PIM_COMPUTE,step0.layer2.pim_gwrite,246.521024576,20.054424000,266.575448576,step0.layer2.pim_gwrite,expert GEMV from Ramulator cycle-v0 table
0,2,step0.layer2.pim_read,pim_read,GPU_PIM_IO,step0.layer2.pim_expert_compute,266.575448576,0.022464000,266.597912576,step0.layer2.pim_expert_compute,PIM result read from Ramulator cycle-v0 table
0,2,step0.layer2.combine,combine,GPU_COMPUTE,step0.layer2.gpu_expert_compute;step0.layer2.pim_read,285.237964864,1.036864000,286.274828864,step0.layer2.gpu_expert_compute,weighted expert combine
0,2,step0.layer2.residual2,residual,GPU_COMPUTE,step0.layer2.combine,286.274828864,1.012288000,287.287116864,step0.layer2.combine,residual add
0,3,step0.layer3.norm1,norm,GPU_COMPUTE,step0.layer2.residual2,287.287116864,1.008192000,288.295308864,step0.layer2.residual2,RMSNorm
0,3,step0.layer3.qkv,qkv,GPU_COMPUTE,step0.layer3.norm1,288.295308864,3.635776000,291.931084864,step0.layer3.norm1,QKV projection
0,3,step0.layer3.rope,rope,GPU_COMPUTE,step0.layer3.qkv,291.931084864,1.018432000,292.949516864,step0.layer3.qkv,QK norm and RoPE
0,3,step0.layer3.attention,attention,PIM_COMPUTE,step0.layer3.rope,292.949516864,18.905016000,311.854532864,step0.layer3.rope,decode attention from Ramulator cycle-v0 table
0,3,step0.layer3.o_proj,attention_output,GPU_COMPUTE,step0.layer3.attention,311.854532864,3.109440000,314.963972864,step0.layer3.attention,attention output projection
0,3,step0.layer3.residual1,residual,GPU_COMPUTE,step0.layer3.o_proj,314.963972864,1.012288000,315.976260864,step0.layer3.o_proj,residual add
0,3,step0.layer3.norm2,norm,GPU_COMPUTE,step0.layer3.residual1,315.976260864,1.008192000,316.984452864,step0.layer3.residual1,RMSNorm
0,3,step0.layer3.router,router,GPU_COMPUTE,step0.layer3.norm2,316.984452864,2.069888000,319.054340864,step0.layer3.norm2,MoE router
0,3,step0.layer3.metadata,metadata,GPU_COMPUTE,step0.layer3.router,319.054340864,1.000128000,320.054468864,step0.layer3.router,routing metadata
0,3,step0.layer3.dispatch,dispatch,,step0.layer3.metadata,320.054468864,0.000000000,320.054468864,step0.layer3.metadata,single-GPU dispatch placeholder
0,3,step0.layer3.scheduler,scheduler,GPU_COMPUTE,step0.layer3.metadata,320.054468864,20.000000000,340.054468864,step0.layer3.metadata,sieve placement policy
0,3,step0.layer3.gpu_weight_load,gpu_weight_load,HBM_MEM_PATH,step0.layer3.scheduler,340.054468864,37.748736000,377.803204864,step0.layer3.scheduler,expert weights HBM to GPU
0,3,step0.layer3.gpu_expert_compute,gpu_expert,GPU_COMPUTE,step0.layer3.gpu_weight_load;step0.layer3.dispatch,377.803204864,3.197132288,381.000337152,step0.layer3.gpu_weight_load,grouped expert GEMM
0,3,step0.layer3.pim_gwrite,pim_write,GPU_PIM_IO,step0.layer3.scheduler;step0.layer3.dispatch,340.054468864,2.228928000,342.283396864,step0.layer3.scheduler,PIM_GWRITE from Ramulator cycle-v0 table
0,3,step0.layer3.pim_expert_compute,pim_expert,PIM_COMPUTE,step0.layer3.pim_gwrite,342.283396864,20.054424000,362.337820864,step0.layer3.pim_gwrite,expert GEMV from Ramulator cycle-v0 table
0,3,step0.layer3.pim_read,pim_read,GPU_PIM_IO,step0.layer3.pim_expert_compute,362.337820864,0.022464000,362.360284864,step0.layer3.pim_expert_compute,PIM result read from Ramulator cycle-v0 table
0,3,step0.layer3.combine,combine,GPU_COMPUTE,step0.layer3.gpu_expert_compute;step0.layer3.pim_read,381.000337152,1.036864000,382.037201152,step0.layer3.gpu_expert_compute,weighted expert combine
0,3,step0.layer3.residual2,residual,GPU_COMPUTE,step0.layer3.combine,382.037201152,1.012288000,383.049489152,step0.layer3.combine,residual add
0,4,step0.layer4.norm1,norm,GPU_COMPUTE,step0.layer3.residual2,383.049489152,1.008192000,384.057681152,step0.layer3.residual2,RMSNorm
0,4,step0.layer4.qkv,qkv,GPU_COMPUTE,step0.layer4.norm1,384.057681152,3.635776000,387.693457152,step0.layer4.norm1,QKV projection
0,4,step0.layer4.rope,rope,GPU_COMPUTE,step0.layer4.qkv,387.693457152,1.018432000,388.711889152,step0.layer4.qkv,QK norm and RoPE
0,4,step0.layer4.attention,attention,PIM_COMPUTE,step0.layer4.rope,388.711889152,18.905016000,407.616905152,step0.layer4.rope,decode attention from Ramulator cycle-v0 table
0,4,step0.layer4.o_proj,attention_output,GPU_COMPUTE,step0.layer4.attention,407.616905152,3.109440000,410.726345152,step0.layer4.attention,attention output projection
0,4,step0.layer4.residual1,residual,GPU_COMPUTE,step0.layer4.o_proj,410.726345152,1.012288000,411.738633152,step0.layer4.o_proj,residual add
0,4,step0.layer4.norm2,norm,GPU_COMPUTE,step0.layer4.residual1,411.738633152,1.008192000,412.746825152,step0.layer4.residual1,RMSNorm
0,4,step0.layer4.router,router,GPU_COMPUTE,step0.layer4.norm2,412.746825152,2.069888000,414.816713152,step0.layer4.norm2,MoE router
0,4,step0.layer4.metadata,metadata,GPU_COMPUTE,step0.layer4.router,414.816713152,1.000128000,415.816841152,step0.layer4.router,routing metadata
0,4,step0.layer4.dispatch,dispatch,,step0.layer4.metadata,415.816841152,0.000000000,415.816841152,step0.layer4.metadata,single-GPU dispatch placeholder
0,4,step0.layer4.scheduler,scheduler,GPU_COMPUTE,step0.layer4.metadata,415.816841152,20.000000000,435.816841152,step0.layer4.metadata,sieve placement policy
0,4,step0.layer4.gpu_weight_load,gpu_weight_load,HBM_MEM_PATH,step0.layer4.scheduler,435.816841152,37.748736000,473.565577152,step0.layer4.scheduler,expert weights HBM to GPU
0,4,step0.layer4.gpu_expert_compute,gpu_expert,GPU_COMPUTE,step0.layer4.gpu_weight_load;step0.layer4.dispatch,473.565577152,3.197132288,476.762709440,step0.layer4.gpu_weight_load,grouped expert GEMM
0,4,step0.layer4.pim_gwrite,pim_write,GPU_PIM_IO,step0.layer4.scheduler;step0.layer4.dispatch,435.816841152,2.228928000,438.045769152,step0.layer4.scheduler,PIM_GWRITE from Ramulator cycle-v0 table
0,4,step0.layer4.pim_expert_compute,pim_expert,PIM_COMPUTE,step0.layer4.pim_gwrite,438.045769152,20.054424000,458.100193152,step0.layer4.pim_gwrite,expert GEMV from Ramulator cycle-v0 table
0,4,step0.layer4.pim_read,pim_read,GPU_PIM_IO,step0.layer4.pim_expert_compute,458.100193152,0.022464000,458.122657152,step0.layer4.pim_expert_compute,PIM result read from Ramulator cycle-v0 table
0,4,step0.layer4.combine,combine,GPU_COMPUTE,step0.layer4.gpu_expert_compute;step0.layer4.pim_read,476.762709440,1.036864000,477.799573440,step0.layer4.gpu_expert_compute,weighted expert combine
0,4,step0.layer4.residual2,residual,GPU_COMPUTE,step0.layer4.combine,477.799573440,1.012288000,478.811861440,step0.layer4.combine,residual add
0,5,step0.layer5.norm1,norm,GPU_COMPUTE,step0.layer4.residual2,478.811861440,1.008192000,479.820053440,step0.layer4.residual2,RMSNorm
0,5,step0.layer5.qkv,qkv,GPU_COMPUTE,step0.layer5.norm1,479.820053440,3.635776000,483.455829440,step0.layer5.norm1,QKV projection
0,5,step0.layer5.rope,rope,GPU_COMPUTE,step0.layer5.qkv,483.455829440,1.018432000,484.474261440,step0.layer5.qkv,QK norm and RoPE
0,5,step0.layer5.attention,attention,PIM_COMPUTE,step0.layer5.rope,484.474261440,18.905016000,503.379277440,step0.layer5.rope,decode attention from Ramulator cycle-v0 table
0,5,step0.layer5.o_proj,attention_output,GPU_COMPUTE,step0.layer5.attention,503.379277440,3.109440000,506.488717440,step0.layer5.attention,attention output projection
0,5,step0.layer5.residual1,residual,GPU_COMPUTE,step0.layer5.o_proj,506.488717440,1.012288000,507.501005440,step0.layer5.o_proj,residual add
0,5,step0.layer5.norm2,norm,GPU_COMPUTE,step0.layer5.residual1,507.501005440,1.008192000,508.509197440,step0.layer5.residual1,RMSNorm
0,5,step0.layer5.router,router,GPU_COMPUTE,step0.layer5.norm2,508.509197440,2.069888000,510.579085440,step0.layer5.norm2,MoE router
0,5,step0.layer5.metadata,metadata,GPU_COMPUTE,step0.layer5.router,510.579085440,1.000128000,511.579213440,step0.layer5.router,routing metadata
0,5,step0.layer5.dispatch,dispatch,,step0.layer5.metadata,511.579213440,0.000000000,511.579213440,step0.layer5.metadata,single-GPU dispatch placeholder
0,5,step0.layer5.scheduler,scheduler,GPU_COMPUTE,step0.layer5.metadata,511.579213440,20.000000000,531.579213440,step0.layer5.metadata,sieve placement policy
0,5,step0.layer5.gpu_weight_load,gpu_weight_load,HBM_MEM_PATH,step0.layer5.scheduler,531.579213440,37.748736000,569.327949440,step0.layer5.scheduler,expert weights HBM to GPU
0,5,step0.layer5.gpu_expert_compute,gpu_expert,GPU_COMPUTE,step0.layer5.gpu_weight_load;step0.layer5.dispatch,569.327949440,3.197132288,572.525081728,step0.layer5.gpu_weight_load,grouped expert GEMM
0,5,step0.layer5.pim_gwrite,pim_write,GPU_PIM_IO,step0.layer5.scheduler;step0.layer5.dispatch,531.579213440,2.228928000,533.808141440,step0.layer5.scheduler,PIM_GWRITE from Ramulator cycle-v0 table
0,5,step0.layer5.pim_expert_compute,pim_expert,PIM_COMPUTE,step0.layer5.pim_gwrite,533.808141440,20.054424000,553.862565440,step0.layer5.pim_gwrite,expert GEMV from Ramulator cycle-v0 table
0,5,step0.layer5.pim_read,pim_read,GPU_PIM_IO,step0.layer5.pim_expert_compute,553.862565440,0.022464000,553.885029440,step0.layer5.pim_expert_compute,PIM result read from Ramulator cycle-v0 table
0,5,step0.layer5.combine,combine,GPU_COMPUTE,step0.layer5.gpu_expert_compute;step0.layer5.pim_read,572.525081728,1.036864000,573.561945728,step0.layer5.gpu_expert_compute,weighted expert combine
0,5,step0.layer5.residual2,residual,GPU_COMPUTE,step0.layer5.combine,573.561945728,1.012288000,574.574233728,step0.layer5.combine,residual add
0,6,step0.layer6.norm1,norm,GPU_COMPUTE,step0.layer5.residual2,574.574233728,1.008192000,575.582425728,step0.layer5.residual2,RMSNorm
0,6,step0.layer6.qkv,qkv,GPU_COMPUTE,step0.layer6.norm1,575.582425728,3.635776000,579.218201728,step0.layer6.norm1,QKV projection
0,6,step0.layer6.rope,rope,GPU_COMPUTE,step0.layer6.qkv,579.218201728,1.018432000,580.236633728,step0.layer6.qkv,QK norm and RoPE
0,6,step0.layer6.attention,attention,PIM_COMPUTE,step0.layer6.rope,580.236633728,18.905016000,599.141649728,step0.layer6.rope,decode attention from Ramulator cycle-v0 table
0,6,step0.layer6.o_proj,attention_output,GPU_COMPUTE,step0.layer6.attention,599.141649728,3.109440000,602.251089728,step0.layer6.attention,attention output projection
0,6,step0.layer6.residual1,residual,GPU_COMPUTE,step0.layer6.o_proj,602.251089728,1.012288000,603.263377728,step0.layer6.o_proj,residual add
0,6,step0.layer6.norm2,norm,GPU_COMPUTE,step0.layer6.residual1,603.263377728,1.008192000,604.271569728,step0.layer6.residual1,RMSNorm
0,6,step0.layer6.router,router,GPU_COMPUTE,step0.layer6.norm2,604.271569728,2.069888000,606.341457728,step0.layer6.norm2,MoE router
0,6,step0.layer6.metadata,metadata,GPU_COMPUTE,step0.layer6.router,606.341457728,1.000128000,607.341585728,step0.layer6.router,routing metadata
0,6,step0.layer6.dispatch,dispatch,,step0.layer6.metadata,607.341585728,0.000000000,607.341585728,step0.layer6.metadata,single-GPU dispatch placeholder
0,6,step0.layer6.scheduler,scheduler,GPU_COMPUTE,step0.layer6.metadata,607.341585728,20.000000000,627.341585728,step0.layer6.metadata,sieve placement policy
0,6,step0.layer6.gpu_weight_load,gpu_weight_load,HBM_MEM_PATH,step0.layer6.scheduler,627.341585728,37.748736000,665.090321728,step0.layer6.scheduler,expert weights HBM to GPU
0,6,step0.layer6.gpu_expert_compute,gpu_expert,GPU_COMPUTE,step0.layer6.gpu_weight_load;step0.layer6.dispatch,665.090321728,3.197132288,668.287454016,step0.layer6.gpu_weight_load,grouped expert GEMM
0,6,step0.layer6.pim_gwrite,pim_write,GPU_PIM_IO,step0.layer6.scheduler;step0.layer6.dispatch,627.341585728,2.228928000,629.570513728,step0.layer6.scheduler,PIM_GWRITE from Ramulator cycle-v0 table
0,6,step0.layer6.pim_expert_compute,pim_expert,PIM_COMPUTE,step0.layer6.pim_gwrite,629.570513728,20.054424000,649.624937728,step0.layer6.pim_gwrite,expert GEMV from Ramulator cycle-v0 table
0,6,step0.layer6.pim_read,pim_read,GPU_PIM_IO,step0.layer6.pim_expert_compute,649.624937728,0.022464000,649.647401728,step0.layer6.pim_expert_compute,PIM result read from Ramulator cycle-v0 table
0,6,step0.layer6.combine,combine,GPU_COMPUTE,step0.layer6.gpu_expert_compute;step0.layer6.pim_read,668.287454016,1.036864000,669.324318016,step0.layer6.gpu_expert_compute,weighted expert combine
0,6,step0.layer6.residual2,residual,GPU_COMPUTE,step0.layer6.combine,669.324318016,1.012288000,670.336606016,step0.layer6.combine,residual add
0,7,step0.layer7.norm1,norm,GPU_COMPUTE,step0.layer6.residual2,670.336606016,1.008192000,671.344798016,step0.layer6.residual2,RMSNorm
0,7,step0.layer7.qkv,qkv,GPU_COMPUTE,step0.layer7.norm1,671.344798016,3.635776000,674.980574016,step0.layer7.norm1,QKV projection
0,7,step0.layer7.rope,rope,GPU_COMPUTE,step0.layer7.qkv,674.980574016,1.018432000,675.999006016,step0.layer7.qkv,QK norm and RoPE
0,7,step0.layer7.attention,attention,PIM_COMPUTE,step0.layer7.rope,675.999006016,18.905016000,694.904022016,step0.layer7.rope,decode attention from Ramulator cycle-v0 table
0,7,step0.layer7.o_proj,attention_output,GPU_COMPUTE,step0.layer7.attention,694.904022016,3.109440000,698.013462016,step0.layer7.attention,attention output projection
0,7,step0.layer7.residual1,residual,GPU_COMPUTE,step0.layer7.o_proj,698.013462016,1.012288000,699.025750016,step0.layer7.o_proj,residual add
0,7,step0.layer7.norm2,norm,GPU_COMPUTE,step0.layer7.residual1,699.025750016,1.008192000,700.033942016,step0.layer7.residual1,RMSNorm
0,7,step0.layer7.router,router,GPU_COMPUTE,step0.layer7.norm2,700.033942016,2.069888000,702.103830016,step0.layer7.norm2,MoE router
0,7,step0.layer7.metadata,metadata,GPU_COMPUTE,step0.layer7.router,702.103830016,1.000128000,703.103958016,step0.layer7.router,routing metadata
0,7,step0.layer7.dispatch,dispatch,,step0.layer7.metadata,703.103958016,0.000000000,703.103958016,step0.layer7.metadata,single-GPU dispatch placeholder
0,7,step0.layer7.scheduler,scheduler,GPU_COMPUTE,step0.layer7.metadata,703.103958016,20.000000000,723.103958016,step0.layer7.metadata,sieve placement policy
0,7,step0.layer7.gpu_weight_load,gpu_weight_load,HBM_MEM_PATH,step0.layer7.scheduler,723.103958016,37.748736000,760.852694016,step0.layer7.scheduler,expert weights HBM to GPU
0,7,step0.layer7.gpu_expert_compute,gpu_expert,GPU_COMPUTE,step0.layer7.gpu_weight_load;step0.layer7.dispatch,760.852694016,3.197132288,764.049826304,step0.layer7.gpu_weight_load,grouped expert GEMM
0,7,step0.layer7.pim_gwrite,pim_write,GPU_PIM_IO,step0.layer7.scheduler;step0.layer7.dispatch,723.103958016,2.228928000,725.332886016,step0.layer7.scheduler,PIM_GWRITE from Ramulator cycle-v0 table
0,7,step0.layer7.pim_expert_compute,pim_expert,PIM_COMPUTE,step0.layer7.pim_gwrite,725.332886016,20.054424000,745.387310016,step0.layer7.pim_gwrite,expert GEMV from Ramulator cycle-v0 table
0,7,step0.layer7.pim_read,pim_read,GPU_PIM_IO,step0.layer7.pim_expert_compute,745.387310016,0.022464000,745.409774016,step0.layer7.pim_expert_compute,PIM result read from Ramulator cycle-v0 table
0,7,step0.layer7.combine,combine,GPU_COMPUTE,step0.layer7.gpu_expert_compute;step0.layer7.pim_read,764.049826304,1.036864000,765.086690304,step0.layer7.gpu_expert_compute,weighted expert combine
0,7,step0.layer7.residual2,residual,GPU_COMPUTE,step0.layer7.combine,765.086690304,1.012288000,766.098978304,step0.layer7.combine,residual add
0,8,step0.layer8.norm1,norm,GPU_COMPUTE,step0.layer7.residual2,766.098978304,1.008192000,767.107170304,step0.layer7.residual2,RMSNorm
0,8,step0.layer8.qkv,qkv,GPU_COMPUTE,step0.layer8.norm1,767.107170304,3.635776000,770.742946304,step0.layer8.norm1,QKV projection
0,8,step0.layer8.rope,rope,GPU_COMPUTE,step0.layer8.qkv,770.742946304,1.018432000,771.761378304,step0.layer8.qkv,QK norm and RoPE
0,8,step0.layer8.attention,attention,PIM_COMPUTE,step0.layer8.rope,771.761378304,18.905016000,790.666394304,step0.layer8.rope,decode attention from Ramulator cycle-v0 table
0,8,step0.layer8.o_proj,attention_output,GPU_COMPUTE,step0.layer8.attention,790.666394304,3.109440000,793.775834304,step0.layer8.attention,attention output projection
0,8,step0.layer8.residual1,residual,GPU_COMPUTE,step0.layer8.o_proj,793.775834304,1.012288000,794.788122304,step0.layer8.o_proj,residual add
0,8,step0.layer8.norm2,norm,GPU_COMPUTE,step0.layer8.residual1,794.788122304,1.008192000,795.796314304,step0.layer8.residual1,RMSNorm
0,8,step0.layer8.router,router,GPU_COMPUTE,step0.layer8.norm2,795.796314304,2.069888000,797.866202304,step0.layer8.norm2,MoE router
0,8,step0.layer8.metadata,metadata,GPU_COMPUTE,step0.layer8.router,797.866202304,1.000128000,798.866330304,step0.layer8.router,routing metadata
0,8,step0.layer8.dispatch,dispatch,,step0.layer8.metadata,798.866330304,0.000000000,798.866330304,step0.layer8.metadata,single-GPU dispatch placeholder
0,8,step0.layer8.scheduler,scheduler,GPU_COMPUTE,step0.layer8.metadata,798.866330304,20.000000000,818.866330304,step0.layer8.metadata,sieve placement policy
0,8,step0.layer8.gpu_weight_load,gpu_weight_load,HBM_MEM_PATH,step0.layer8.scheduler,818.866330304,37.748736000,856.615066304,step0.layer8.scheduler,expert weights HBM to GPU
0,8,step0.layer8.gpu_expert_compute,gpu_expert,GPU_COMPUTE,step0.layer8.gpu_weight_load;step0.layer8.dispatch,856.615066304,3.197132288,859.812198592,step0.layer8.gpu_weight_load,grouped expert GEMM
0,8,step0.layer8.pim_gwrite,pim_write,GPU_PIM_IO,step0.layer8.scheduler;step0.layer8.dispatch,818.866330304,2.228928000,821.095258304,step0.layer8.scheduler,PIM_GWRITE from Ramulator cycle-v0 table
0,8,step0.layer8.pim_expert_compute,pim_expert,PIM_COMPUTE,step0.layer8.pim_gwrite,821.095258304,20.054424000,841.149682304,step0.layer8.pim_gwrite,expert GEMV from Ramulator cycle-v0 table
0,8,step0.layer8.pim_read,pim_read,GPU_PIM_IO,step0.layer8.pim_expert_compute,841.149682304,0.022464000,841.172146304,step0.layer8.pim_expert_compute,PIM result read from Ramulator cycle-v0 table
0,8,step0.layer8.combine,combine,GPU_COMPUTE,step0.layer8.gpu_expert_compute;step0.layer8.pim_read,859.812198592,1.036864000,860.849062592,step0.layer8.gpu_expert_compute,weighted expert combine
0,8,step0.layer8.residual2,residual,GPU_COMPUTE,step0.layer8.combine,860.849062592,1.012288000,861.861350592,step0.layer8.combine,residual add
0,9,step0.layer9.norm1,norm,GPU_COMPUTE,step0.layer8.residual2,861.861350592,1.008192000,862.869542592,step0.layer8.residual2,RMSNorm
0,9,step0.layer9.qkv,qkv,GPU_COMPUTE,step0.layer9.norm1,862.869542592,3.635776000,866.505318592,step0.layer9.norm1,QKV projection
0,9,step0.layer9.rope,rope,GPU_COMPUTE,step0.layer9.qkv,866.505318592,1.018432000,867.523750592,step0.layer9.qkv,QK norm and RoPE
0,9,step0.layer9.attention,attention,PIM_COMPUTE,step0.layer9.rope,867.523750592,18.905016000,886.428766592,step0.layer9.rope,decode attention from Ramulator cycle-v0 table
0,9,step0.layer9.o_proj,attention_output,GPU_COMPUTE,step0.layer9.attention,886.428766592,3.109440000,889.538206592,step0.layer9.attention,attention output projection
0,9,step0.layer9.residual1,residual,GPU_COMPUTE,step0.layer9.o_proj,889.538206592,1.012288000,890.550494592,step0.layer9.o_proj,residual add
0,9,step0.layer9.norm2,norm,GPU_COMPUTE,step0.layer9.residual1,890.550494592,1.008192000,891.558686592,step0.layer9.residual1,RMSNorm
0,9,step0.layer9.router,router,GPU_COMPUTE,step0.layer9.norm2,891.558686592,2.069888000,893.628574592,step0.layer9.norm2,MoE router
0,9,step0.layer9.metadata,metadata,GPU_COMPUTE,step0.layer9.router,893.628574592,1.000128000,894.628702592,step0.layer9.router,routing metadata
0,9,step0.layer9.dispatch,dispatch,,step0.layer9.metadata,894.628702592,0.000000000,894.628702592,step0.layer9.metadata,single-GPU dispatch placeholder
0,9,step0.layer9.scheduler,scheduler,GPU_COMPUTE,step0.layer9.metadata,894.628702592,20.000000000,914.628702592,step0.layer9.metadata,sieve placement policy
0,9,step0.layer9.gpu_weight_load,gpu_weight_load,HBM_MEM_PATH,step0.layer9.scheduler,914.628702592,37.748736000,952.377438592,step0.layer9.scheduler,expert weights HBM to GPU
0,9,step0.layer9.gpu_expert_compute,gpu_expert,GPU_COMPUTE,step0.layer9.gpu_weight_load;step0.layer9.dispatch,952.377438592,3.197132288,955.574570880,step0.layer9.gpu_weight_load,grouped expert GEMM
0,9,step0.layer9.pim_gwrite,pim_write,GPU_PIM_IO,step0.layer9.scheduler;step0.layer9.dispatch,914.628702592,2.228928000,916.857630592,step0.layer9.scheduler,PIM_GWRITE from Ramulator cycle-v0 table
0,9,step0.layer9.pim_expert_compute,pim_expert,PIM_COMPUTE,step0.layer9.pim_gwrite,916.857630592,20.054424000,936.912054592,step0.layer9.pim_gwrite,expert GEMV from Ramulator cycle-v0 table
0,9,step0.layer9.pim_read,pim_read,GPU_PIM_IO,step0.layer9.pim_expert_compute,936.912054592,0.022464000,936.934518592,step0.layer9.pim_expert_compute,PIM result read from Ramulator cycle-v0 table
0,9,step0.layer9.combine,combine,GPU_COMPUTE,step0.layer9.gpu_expert_compute;step0.layer9.pim_read,955.574570880,1.036864000,956.611434880,step0.layer9.gpu_expert_compute,weighted expert combine
0,9,step0.layer9.residual2,residual,GPU_COMPUTE,step0.layer9.combine,956.611434880,1.012288000,957.623722880,step0.layer9.combine,residual add
0,10,step0.layer10.norm1,norm,GPU_COMPUTE,step0.layer9.residual2,957.623722880,1.008192000,958.631914880,step0.layer9.residual2,RMSNorm
0,10,step0.layer10.qkv,qkv,GPU_COMPUTE,step0.layer10.norm1,958.631914880,3.635776000,962.267690880,step0.layer10.norm1,QKV projection
0,10,step0.layer10.rope,rope,GPU_COMPUTE,step0.layer10.qkv,962.267690880,1.018432000,963.286122880,step0.layer10.qkv,QK norm and RoPE
0,10,step0.layer10.attention,attention,PIM_COMPUTE,step0.layer10.rope,963.286122880,18.905016000,982.191138880,step0.layer10.rope,decode attention from Ramulator cycle-v0 table
0,10,step0.layer10.o_proj,attention_output,GPU_COMPUTE,step0.layer10.attention,982.191138880,3.109440000,985.300578880,step0.layer10.attention,attention output projection
0,10,step0.layer10.residual1,residual,GPU_COMPUTE,step0.layer10.o_proj,985.300578880,1.012288000,986.312866880,step0.layer10.o_proj,residual add
0,10,step0.layer10.norm2,norm,GPU_COMPUTE,step0.layer10.residual1,986.312866880,1.008192000,987.321058880,step0.layer10.residual1,RMSNorm
0,10,step0.layer10.router,router,GPU_COMPUTE,step0.layer10.norm2,987.321058880,2.069888000,989.390946880,step0.layer10.norm2,MoE router
0,10,step0.layer10.metadata,metadata,GPU_COMPUTE,step0.layer10.router,989.390946880,1.000128000,990.391074880,step0.layer10.router,routing metadata
0,10,step0.layer10.dispatch,dispatch,,step0.layer10.metadata,990.391074880,0.000000000,990.391074880,step0.layer10.metadata,single-GPU dispatch placeholder
0,10,step0.layer10.scheduler,scheduler,GPU_COMPUTE,step0.layer10.metadata,990.391074880,20.000000000,1010.391074880,step0.layer10.metadata,sieve placement policy
0,10,step0.layer10.gpu_weight_load,gpu_weight_load,HBM_MEM_PATH,step0.layer10.scheduler,1010.391074880,37.748736000,1048.139810880,step0.layer10.scheduler,expert weights HBM to GPU
0,10,step0.layer10.gpu_expert_compute,gpu_expert,GPU_COMPUTE,step0.layer10.gpu_weight_load;step0.layer10.dispatch,1048.139810880,3.197132288,1051.336943168,step0.layer10.gpu_weight_load,grouped expert GEMM
0,10,step0.layer10.pim_gwrite,pim_write,GPU_PIM_IO,step0.layer10.scheduler;step0.layer10.dispatch,1010.391074880,2.228928000,1012.620002880,step0.layer10.scheduler,PIM_GWRITE from Ramulator cycle-v0 table
0,10,step0.layer10.pim_expert_compute,pim_expert,PIM_COMPUTE,step0.layer10.pim_gwrite,1012.620002880,20.054424000,1032.674426880,step0.layer10.pim_gwrite,expert GEMV from Ramulator cycle-v0 table
0,10,step0.layer10.pim_read,pim_read,GPU_PIM_IO,step0.layer10.pim_expert_compute,1032.674426880,0.022464000,1032.696890880,step0.layer10.pim_expert_compute,PIM result read from Ramulator cycle-v0 table
0,10,step0.layer10.combine,combine,GPU_COMPUTE,step0.layer10.gpu_expert_compute;step0.layer10.pim_read,1051.336943168,1.036864000,1052.373807168,step0.layer10.gpu_expert_compute,weighted expert combine
0,10,step0.layer10.residual2,residual,GPU_COMPUTE,step0.layer10.combine,1052.373807168,1.012288000,1053.386095168,step0.layer10.combine,residual add
0,11,step0.layer11.norm1,norm,GPU_COMPUTE,step0.layer10.residual2,1053.386095168,1.008192000,1054.394287168,step0.layer10.residual2,RMSNorm
0,11,step0.layer11.qkv,qkv,GPU_COMPUTE,step0.layer11.norm1,1054.394287168,3.635776000,1058.030063168,step0.layer11.norm1,QKV projection
0,11,step0.layer11.rope,rope,GPU_COMPUTE,step0.layer11.qkv,1058.030063168,1.018432000,1059.048495168,step0.layer11.qkv,QK norm and RoPE
0,11,step0.layer11.attention,attention,PIM_COMPUTE,step0.layer11.rope,1059.048495168,18.905016000,1077.953511168,step0.layer11.rope,decode attention from Ramulator cycle-v0 table
0,11,step0.layer11.o_proj,attention_output,GPU_COMPUTE,step0.layer11.attention,1077.953511168,3.109440000,1081.062951168,step0.layer11.attention,attention output projection
0,11,step0.layer11.residual1,residual,GPU_COMPUTE,step0.layer11.o_proj,1081.062951168,1.012288000,1082.075239168,step0.layer11.o_proj,residual add
0,11,step0.layer11.norm2,norm,GPU_COMPUTE,step0.layer11.residual1,1082.075239168,1.008192000,1083.083431168,step0.layer11.residual1,RMSNorm
0,11,step0.layer11.router,router,GPU_COMPUTE,step0.layer11.norm2,1083.083431168,2.069888000,1085.153319168,step0.layer11.norm2,MoE router
0,11,step0.layer11.metadata,metadata,GPU_COMPUTE,step0.layer11.router,1085.153319168,1.000128000,1086.153447168,step0.layer11.router,routing metadata
0,11,step0.layer11.dispatch,dispatch,,step0.layer11.metadata,1086.153447168,0.000000000,1086.153447168,step0.layer11.metadata,single-GPU dispatch placeholder
0,11,step0.layer11.scheduler,scheduler,GPU_COMPUTE,step0.layer11.metadata,1086.153447168,20.000000000,1106.153447168,step0.layer11.metadata,sieve placement policy
0,11,step0.layer11.gpu_weight_load,gpu_weight_load,HBM_MEM_PATH,step0.layer11.scheduler,1106.153447168,37.748736000,1143.902183168,step0.layer11.scheduler,expert weights HBM to GPU
0,11,step0.layer11.gpu_expert_compute,gpu_expert,GPU_COMPUTE,step0.layer11.gpu_weight_load;step0.layer11.dispatch,1143.902183168,3.197132288,1147.099315456,step0.layer11.gpu_weight_load,grouped expert GEMM
0,11,step0.layer11.pim_gwrite,pim_write,GPU_PIM_IO,step0.layer11.scheduler;step0.layer11.dispatch,1106.153447168,2.228928000,1108.382375168,step0.layer11.scheduler,PIM_GWRITE from Ramulator cycle-v0 table
0,11,step0.layer11.pim_expert_compute,pim_expert,PIM_COMPUTE,step0.layer11.pim_gwrite,1108.382375168,20.054424000,1128.436799168,step0.layer11.pim_gwrite,expert GEMV from Ramulator cycle-v0 table
0,11,step0.layer11.pim_read,pim_read,GPU_PIM_IO,step0.layer11.pim_expert_compute,1128.436799168,0.022464000,1128.459263168,step0.layer11.pim_expert_compute,PIM result read from Ramulator cycle-v0 table
0,11,step0.layer11.combine,combine,GPU_COMPUTE,step0.layer11.gpu_expert_compute;step0.layer11.pim_read,1147.099315456,1.036864000,1148.136179456,step0.layer11.gpu_expert_compute,weighted expert combine
0,11,step0.layer11.residual2,residual,GPU_COMPUTE,step0.layer11.combine,1148.136179456,1.012288000,1149.148467456,step0.layer11.combine,residual add
0,12,step0.layer12.norm1,norm,GPU_COMPUTE,step0.layer11.residual2,1149.148467456,1.008192000,1150.156659456,step0.layer11.residual2,RMSNorm
0,12,step0.layer12.qkv,qkv,GPU_COMPUTE,step0.layer12.norm1,1150.156659456,3.635776000,1153.792435456,step0.layer12.norm1,QKV projection
0,12,step0.layer12.rope,rope,GPU_COMPUTE,step0.layer12.qkv,1153.792435456,1.018432000,1154.810867456,step0.layer12.qkv,QK norm and RoPE
0,12,step0.layer12.attention,attention,PIM_COMPUTE,step0.layer12.rope,1154.810867456,18.905016000,1173.715883456,step0.layer12.rope,decode attention from Ramulator cycle-v0 table
0,12,step0.layer12.o_proj,attention_output,GPU_COMPUTE,step0.layer12.attention,1173.715883456,3.109440000,1176.825323456,step0.layer12.attention,attention output projection
0,12,step0.layer12.residual1,residual,GPU_COMPUTE,step0.layer12.o_proj,1176.825323456,1.012288000,1177.837611456,step0.layer12.o_proj,residual add
0,12,step0.layer12.norm2,norm,GPU_COMPUTE,step0.layer12.residual1,1177.837611456,1.008192000,1178.845803456,step0.layer12.residual1,RMSNorm
0,12,step0.layer12.router,router,GPU_COMPUTE,step0.layer12.norm2,1178.845803456,2.069888000,1180.915691456,step0.layer12.norm2,MoE router
0,12,step0.layer12.metadata,metadata,GPU_COMPUTE,step0.layer12.router,1180.915691456,1.000128000,1181.915819456,step0.layer12.router,routing metadata
0,12,step0.layer12.dispatch,dispatch,,step0.layer12.metadata,1181.915819456,0.000000000,1181.915819456,step0.layer12.metadata,single-GPU dispatch placeholder
0,12,step0.layer12.scheduler,scheduler,GPU_COMPUTE,step0.layer12.metadata,1181.915819456,20.000000000,1201.915819456,step0.layer12.metadata,sieve placement policy
0,12,step0.layer12.gpu_weight_load,gpu_weight_load,HBM_MEM_PATH,step0.layer12.scheduler,1201.915819456,37.748736000,1239.664555456,step0.layer12.scheduler,expert weights HBM to GPU
0,12,step0.layer12.gpu_expert_compute,gpu_expert,GPU_COMPUTE,step0.layer12.gpu_weight_load;step0.layer12.dispatch,1239.664555456,3.197132288,1242.861687744,step0.layer12.gpu_weight_load,grouped expert GEMM
0,12,step0.layer12.pim_gwrite,pim_write,GPU_PIM_IO,step0.layer12.scheduler;step0.layer12.dispatch,1201.915819456,2.228928000,1204.144747456,step0.layer12.scheduler,PIM_GWRITE from Ramulator cycle-v0 table
0,12,step0.layer12.pim_expert_compute,pim_expert,PIM_COMPUTE,step0.layer12.pim_gwrite,1204.144747456,20.054424000,1224.199171456,step0.layer12.pim_gwrite,expert GEMV from Ramulator cycle-v0 table
0,12,step0.layer12.pim_read,pim_read,GPU_PIM_IO,step0.layer12.pim_expert_compute,1224.199171456,0.022464000,1224.221635456,step0.layer12.pim_expert_compute,PIM result read from Ramulator cycle-v0 table
0,12,step0.layer12.combine,combine,GPU_COMPUTE,step0.layer12.gpu_expert_compute;step0.layer12.pim_read,1242.861687744,1.036864000,1243.898551744,step0.layer12.gpu_expert_compute,weighted expert combine
0,12,step0.layer12.residual2,residual,GPU_COMPUTE,step0.layer12.combine,1243.898551744,1.012288000,1244.910839744,step0.layer12.combine,residual add
0,13,step0.layer13.norm1,norm,GPU_COMPUTE,step0.layer12.residual2,1244.910839744,1.008192000,1245.919031744,step0.layer12.residual2,RMSNorm
0,13,step0.layer13.qkv,qkv,GPU_COMPUTE,step0.layer13.norm1,1245.919031744,3.635776000,1249.554807744,step0.layer13.norm1,QKV projection
0,13,step0.layer13.rope,rope,GPU_COMPUTE,step0.layer13.qkv,1249.554807744,1.018432000,1250.573239744,step0.layer13.qkv,QK norm and RoPE
0,13,step0.layer13.attention,attention,PIM_COMPUTE,step0.layer13.rope,1250.573239744,18.905016000,1269.478255744,step0.layer13.rope,decode attention from Ramulator cycle-v0 table
0,13,step0.layer13.o_proj,attention_output,GPU_COMPUTE,step0.layer13.attention,1269.478255744,3.109440000,1272.587695744,step0.layer13.attention,attention output projection
0,13,step0.layer13.residual1,residual,GPU_COMPUTE,step0.layer13.o_proj,1272.587695744,1.012288000,1273.599983744,step0.layer13.o_proj,residual add
0,13,step0.layer13.norm2,norm,GPU_COMPUTE,step0.layer13.residual1,1273.599983744,1.008192000,1274.608175744,step0.layer13.residual1,RMSNorm
0,13,step0.layer13.router,router,GPU_COMPUTE,step0.layer13.norm2,1274.608175744,2.069888000,1276.678063744,step0.layer13.norm2,MoE router
0,13,step0.layer13.metadata,metadata,GPU_COMPUTE,step0.layer13.router,1276.678063744,1.000128000,1277.678191744,step0.layer13.router,routing metadata
0,13,step0.layer13.dispatch,dispatch,,step0.layer13.metadata,1277.678191744,0.000000000,1277.678191744,step0.layer13.metadata,single-GPU dispatch placeholder
0,13,step0.layer13.scheduler,scheduler,GPU_COMPUTE,step0.layer13.metadata,1277.678191744,20.000000000,1297.678191744,step0.layer13.metadata,sieve placement policy
0,13,step0.layer13.gpu_weight_load,gpu_weight_load,HBM_MEM_PATH,step0.layer13.scheduler,1297.678191744,37.748736000,1335.426927744,step0.layer13.scheduler,expert weights HBM to GPU
0,13,step0.layer13.gpu_expert_compute,gpu_expert,GPU_COMPUTE,step0.layer13.gpu_weight_load;step0.layer13.dispatch,1335.426927744,3.197132288,1338.624060032,step0.layer13.gpu_weight_load,grouped expert GEMM
0,13,step0.layer13.pim_gwrite,pim_write,GPU_PIM_IO,step0.layer13.scheduler;step0.layer13.dispatch,1297.678191744,2.228928000,1299.907119744,step0.layer13.scheduler,PIM_GWRITE from Ramulator cycle-v0 table
0,13,step0.layer13.pim_expert_compute,pim_expert,PIM_COMPUTE,step0.layer13.pim_gwrite,1299.907119744,20.054424000,1319.961543744,step0.layer13.pim_gwrite,expert GEMV from Ramulator cycle-v0 table
0,13,step0.layer13.pim_read,pim_read,GPU_PIM_IO,step0.layer13.pim_expert_compute,1319.961543744,0.022464000,1319.984007744,step0.layer13.pim_expert_compute,PIM result read from Ramulator cycle-v0 table
0,13,step0.layer13.combine,combine,GPU_COMPUTE,step0.layer13.gpu_expert_compute;step0.layer13.pim_read,1338.624060032,1.036864000,1339.660924032,step0.layer13.gpu_expert_compute,weighted expert combine
0,13,step0.layer13.residual2,residual,GPU_COMPUTE,step0.layer13.combine,1339.660924032,1.012288000,1340.673212032,step0.layer13.combine,residual add
0,14,step0.layer14.norm1,norm,GPU_COMPUTE,step0.layer13.residual2,1340.673212032,1.008192000,1341.681404032,step0.layer13.residual2,RMSNorm
0,14,step0.layer14.qkv,qkv,GPU_COMPUTE,step0.layer14.norm1,1341.681404032,3.635776000,1345.317180032,step0.layer14.norm1,QKV projection
0,14,step0.layer14.rope,rope,GPU_COMPUTE,step0.layer14.qkv,1345.317180032,1.018432000,1346.335612032,step0.layer14.qkv,QK norm and RoPE
0,14,step0.layer14.attention,attention,PIM_COMPUTE,step0.layer14.rope,1346.335612032,18.905016000,1365.240628032,step0.layer14.rope,decode attention from Ramulator cycle-v0 table
0,14,step0.layer14.o_proj,attention_output,GPU_COMPUTE,step0.layer14.attention,1365.240628032,3.109440000,1368.350068032,step0.layer14.attention,attention output projection
0,14,step0.layer14.residual1,residual,GPU_COMPUTE,step0.layer14.o_proj,1368.350068032,1.012288000,1369.362356032,step0.layer14.o_proj,residual add
0,14,step0.layer14.norm2,norm,GPU_COMPUTE,step0.layer14.residual1,1369.362356032,1.008192000,1370.370548032,step0.layer14.residual1,RMSNorm
0,14,step0.layer14.router,router,GPU_COMPUTE,step0.layer14.norm2,1370.370548032,2.069888000,1372.440436032,step0.layer14.norm2,MoE router
0,14,step0.layer14.metadata,metadata,GPU_COMPUTE,step0.layer14.router,1372.440436032,1.000128000,1373.440564032,step0.layer14.router,routing metadata
0,14,step0.layer14.dispatch,dispatch,,step0.layer14.metadata,1373.440564032,0.000000000,1373.440564032,step0.layer14.metadata,single-GPU dispatch placeholder
0,14,step0.layer14.scheduler,scheduler,GPU_COMPUTE,step0.layer14.metadata,1373.440564032,20.000000000,1393.440564032,step0.layer14.metadata,sieve placement policy
0,14,step0.layer14.gpu_weight_load,gpu_weight_load,HBM_MEM_PATH,step0.layer14.scheduler,1393.440564032,37.748736000,1431.189300032,step0.layer14.scheduler,expert weights HBM to GPU
0,14,step0.layer14.gpu_expert_compute,gpu_expert,GPU_COMPUTE,step0.layer14.gpu_weight_load;step0.layer14.dispatch,1431.189300032,3.197132288,1434.386432320,step0.layer14.gpu_weight_load,grouped expert GEMM
0,14,step0.layer14.pim_gwrite,pim_write,GPU_PIM_IO,step0.layer14.scheduler;step0.layer14.dispatch,1393.440564032,2.228928000,1395.669492032,step0.layer14.scheduler,PIM_GWRITE from Ramulator cycle-v0 table
0,14,step0.layer14.pim_expert_compute,pim_expert,PIM_COMPUTE,step0.layer14.pim_gwrite,1395.669492032,20.054424000,1415.723916032,step0.layer14.pim_gwrite,expert GEMV from Ramulator cycle-v0 table
0,14,step0.layer14.pim_read,pim_read,GPU_PIM_IO,step0.layer14.pim_expert_compute,1415.723916032,0.022464000,1415.746380032,step0.layer14.pim_expert_compute,PIM result read from Ramulator cycle-v0 table
0,14,step0.layer14.combine,combine,GPU_COMPUTE,step0.layer14.gpu_expert_compute;step0.layer14.pim_read,1434.386432320,1.036864000,1435.423296320,step0.layer14.gpu_expert_compute,weighted expert combine
0,14,step0.layer14.residual2,residual,GPU_COMPUTE,step0.layer14.combine,1435.423296320,1.012288000,1436.435584320,step0.layer14.combine,residual add
0,15,step0.layer15.norm1,norm,GPU_COMPUTE,step0.layer14.residual2,1436.435584320,1.008192000,1437.443776320,step0.layer14.residual2,RMSNorm
0,15,step0.layer15.qkv,qkv,GPU_COMPUTE,step0.layer15.norm1,1437.443776320,3.635776000,1441.079552320,step0.layer15.norm1,QKV projection
0,15,step0.layer15.rope,rope,GPU_COMPUTE,step0.layer15.qkv,1441.079552320,1.018432000,1442.097984320,step0.layer15.qkv,QK norm and RoPE
0,15,step0.layer15.attention,attention,PIM_COMPUTE,step0.layer15.rope,1442.097984320,18.905016000,1461.003000320,step0.layer15.rope,decode attention from Ramulator cycle-v0 table
0,15,step0.layer15.o_proj,attention_output,GPU_COMPUTE,step0.layer15.attention,1461.003000320,3.109440000,1464.112440320,step0.layer15.attention,attention output projection
0,15,step0.layer15.residual1,residual,GPU_COMPUTE,step0.layer15.o_proj,1464.112440320,1.012288000,1465.124728320,step0.layer15.o_proj,residual add
0,15,step0.layer15.norm2,norm,GPU_COMPUTE,step0.layer15.residual1,1465.124728320,1.008192000,1466.132920320,step0.layer15.residual1,RMSNorm
0,15,step0.layer15.router,router,GPU_COMPUTE,step0.layer15.norm2,1466.132920320,2.069888000,1468.202808320,step0.layer15.norm2,MoE router
0,15,step0.layer15.metadata,metadata,GPU_COMPUTE,step0.layer15.router,1468.202808320,1.000128000,1469.202936320,step0.layer15.router,routing metadata
0,15,step0.layer15.dispatch,dispatch,,step0.layer15.metadata,1469.202936320,0.000000000,1469.202936320,step0.layer15.metadata,single-GPU dispatch placeholder
0,15,step0.layer15.scheduler,scheduler,GPU_COMPUTE,step0.layer15.metadata,1469.202936320,20.000000000,1489.202936320,step0.layer15.metadata,sieve placement policy
0,15,step0.layer15.gpu_weight_load,gpu_weight_load,HBM_MEM_PATH,step0.layer15.scheduler,1489.202936320,37.748736000,1526.951672320,step0.layer15.scheduler,expert weights HBM to GPU
0,15,step0.layer15.gpu_expert_compute,gpu_expert,GPU_COMPUTE,step0.layer15.gpu_weight_load;step0.layer15.dispatch,1526.951672320,3.197132288,1530.148804608,step0.layer15.gpu_weight_load,grouped expert GEMM
0,15,step0.layer15.pim_gwrite,pim_write,GPU_PIM_IO,step0.layer15.scheduler;step0.layer15.dispatch,1489.202936320,2.228928000,1491.431864320,step0.layer15.scheduler,PIM_GWRITE from Ramulator cycle-v0 table
0,15,step0.layer15.pim_expert_compute,pim_expert,PIM_COMPUTE,step0.layer15.pim_gwrite,1491.431864320,20.054424000,1511.486288320,step0.layer15.pim_gwrite,expert GEMV from Ramulator cycle-v0 table
0,15,step0.layer15.pim_read,pim_read,GPU_PIM_IO,step0.layer15.pim_expert_compute,1511.486288320,0.022464000,1511.508752320,step0.layer15.pim_expert_compute,PIM result read from Ramulator cycle-v0 table
0,15,step0.layer15.combine,combine,GPU_COMPUTE,step0.layer15.gpu_expert_compute;step0.layer15.pim_read,1530.148804608,1.036864000,1531.185668608,step0.layer15.gpu_expert_compute,weighted expert combine
0,15,step0.layer15.residual2,residual,GPU_COMPUTE,step0.layer15.combine,1531.185668608,1.012288000,1532.197956608,step0.layer15.combine,residual add
0,16,step0.layer16.norm1,norm,GPU_COMPUTE,step0.layer15.residual2,1532.197956608,1.008192000,1533.206148608,step0.layer15.residual2,RMSNorm
0,16,step0.layer16.qkv,qkv,GPU_COMPUTE,step0.layer16.norm1,1533.206148608,3.635776000,1536.841924608,step0.layer16.norm1,QKV projection
0,16,step0.layer16.rope,rope,GPU_COMPUTE,step0.layer16.qkv,1536.841924608,1.018432000,1537.860356608,step0.layer16.qkv,QK norm and RoPE
0,16,step0.layer16.attention,attention,PIM_COMPUTE,step0.layer16.rope,1537.860356608,18.905016000,1556.765372608,step0.layer16.rope,decode attention from Ramulator cycle-v0 table
0,16,step0.layer16.o_proj,attention_output,GPU_COMPUTE,step0.layer16.attention,1556.765372608,3.109440000,1559.874812608,step0.layer16.attention,attention output projection
0,16,step0.layer16.residual1,residual,GPU_COMPUTE,step0.layer16.o_proj,1559.874812608,1.012288000,1560.887100608,step0.layer16.o_proj,residual add
0,16,step0.layer16.norm2,norm,GPU_COMPUTE,step0.layer16.residual1,1560.887100608,1.008192000,1561.895292608,step0.layer16.residual1,RMSNorm
0,16,step0.layer16.router,router,GPU_COMPUTE,step0.layer16.norm2,1561.895292608,2.069888000,1563.965180608,step0.layer16.norm2,MoE router
0,16,step0.layer16.metadata,metadata,GPU_COMPUTE,step0.layer16.router,1563.965180608,1.000128000,1564.965308608,step0.layer16.router,routing metadata
0,16,step0.layer16.dispatch,dispatch,,step0.layer16.metadata,1564.965308608,0.000000000,1564.965308608,step0.layer16.metadata,single-GPU dispatch placeholder
0,16,step0.layer16.scheduler,scheduler,GPU_COMPUTE,step0.layer16.metadata,1564.965308608,20.000000000,1584.965308608,step0.layer16.metadata,sieve placement policy
0,16,step0.layer16.gpu_weight_load,gpu_weight_load,HBM_MEM_PATH,step0.layer16.scheduler,1584.965308608,37.748736000,1622.714044608,step0.layer16.scheduler,expert weights HBM to GPU
0,16,step0.layer16.gpu_expert_compute,gpu_expert,GPU_COMPUTE,step0.layer16.gpu_weight_load;step0.layer16.dispatch,1622.714044608,3.197132288,1625.911176896,step0.layer16.gpu_weight_load,grouped expert GEMM
0,16,step0.layer16.pim_gwrite,pim_write,GPU_PIM_IO,step0.layer16.scheduler;step0.layer16.dispatch,1584.965308608,2.228928000,1587.194236608,step0.layer16.scheduler,PIM_GWRITE from Ramulator cycle-v0 table
0,16,step0.layer16.pim_expert_compute,pim_expert,PIM_COMPUTE,step0.layer16.pim_gwrite,1587.194236608,20.054424000,1607.248660608,step0.layer16.pim_gwrite,expert GEMV from Ramulator cycle-v0 table
0,16,step0.layer16.pim_read,pim_read,GPU_PIM_IO,step0.layer16.pim_expert_compute,1607.248660608,0.022464000,1607.271124608,step0.layer16.pim_expert_compute,PIM result read from Ramulator cycle-v0 table
0,16,step0.layer16.combine,combine,GPU_COMPUTE,step0.layer16.gpu_expert_compute;step0.layer16.pim_read,1625.911176896,1.036864000,1626.948040896,step0.layer16.gpu_expert_compute,weighted expert combine
0,16,step0.layer16.residual2,residual,GPU_COMPUTE,step0.layer16.combine,1626.948040896,1.012288000,1627.960328896,step0.layer16.combine,residual add
0,17,step0.layer17.norm1,norm,GPU_COMPUTE,step0.layer16.residual2,1627.960328896,1.008192000,1628.968520896,step0.layer16.residual2,RMSNorm
0,17,step0.layer17.qkv,qkv,GPU_COMPUTE,step0.layer17.norm1,1628.968520896,3.635776000,1632.604296896,step0.layer17.norm1,QKV projection
0,17,step0.layer17.rope,rope,GPU_COMPUTE,step0.layer17.qkv,1632.604296896,1.018432000,1633.622728896,step0.layer17.qkv,QK norm and RoPE
0,17,step0.layer17.attention,attention,PIM_COMPUTE,step0.layer17.rope,1633.622728896,18.905016000,1652.527744896,step0.layer17.rope,decode attention from Ramulator cycle-v0 table
0,17,step0.layer17.o_proj,attention_output,GPU_COMPUTE,step0.layer17.attention,1652.527744896,3.109440000,1655.637184896,step0.layer17.attention,attention output projection
0,17,step0.layer17.residual1,residual,GPU_COMPUTE,step0.layer17.o_proj,1655.637184896,1.012288000,1656.649472896,step0.layer17.o_proj,residual add
0,17,step0.layer17.norm2,norm,GPU_COMPUTE,step0.layer17.residual1,1656.649472896,1.008192000,1657.657664896,step0.layer17.residual1,RMSNorm
0,17,step0.layer17.router,router,GPU_COMPUTE,step0.layer17.norm2,1657.657664896,2.069888000,1659.727552896,step0.layer17.norm2,MoE router
0,17,step0.layer17.metadata,metadata,GPU_COMPUTE,step0.layer17.router,1659.727552896,1.000128000,1660.727680896,step0.layer17.router,routing metadata
0,17,step0.layer17.dispatch,dispatch,,step0.layer17.metadata,1660.727680896,0.000000000,1660.727680896,step0.layer17.metadata,single-GPU dispatch placeholder
0,17,step0.layer17.scheduler,scheduler,GPU_COMPUTE,step0.layer17.metadata,1660.727680896,20.000000000,1680.727680896,step0.layer17.metadata,sieve placement policy
0,17,step0.layer17.gpu_weight_load,gpu_weight_load,HBM_MEM_PATH,step0.layer17.scheduler,1680.727680896,37.748736000,1718.476416896,step0.layer17.scheduler,expert weights HBM to GPU
0,17,step0.layer17.gpu_expert_compute,gpu_expert,GPU_COMPUTE,step0.layer17.gpu_weight_load;step0.layer17.dispatch,1718.476416896,3.197132288,1721.673549184,step0.layer17.gpu_weight_load,grouped expert GEMM
0,17,step0.layer17.pim_gwrite,pim_write,GPU_PIM_IO,step0.layer17.scheduler;step0.layer17.dispatch,1680.727680896,2.228928000,1682.956608896,step0.layer17.scheduler,PIM_GWRITE from Ramulator cycle-v0 table
0,17,step0.layer17.pim_expert_compute,pim_expert,PIM_COMPUTE,step0.layer17.pim_gwrite,1682.956608896,20.054424000,1703.011032896,step0.layer17.pim_gwrite,expert GEMV from Ramulator cycle-v0 table
0,17,step0.layer17.pim_read,pim_read,GPU_PIM_IO,step0.layer17.pim_expert_compute,1703.011032896,0.022464000,1703.033496896,step0.layer17.pim_expert_compute,PIM result read from Ramulator cycle-v0 table
0,17,step0.layer17.combine,combine,GPU_COMPUTE,step0.layer17.gpu_expert_compute;step0.layer17.pim_read,1721.673549184,1.036864000,1722.710413184,step0.layer17.gpu_expert_compute,weighted expert combine
0,17,step0.layer17.residual2,residual,GPU_COMPUTE,step0.layer17.combine,1722.710413184,1.012288000,1723.722701184,step0.layer17.combine,residual add
0,18,step0.layer18.norm1,norm,GPU_COMPUTE,step0.layer17.residual2,1723.722701184,1.008192000,1724.730893184,step0.layer17.residual2,RMSNorm
0,18,step0.layer18.qkv,qkv,GPU_COMPUTE,step0.layer18.norm1,1724.730893184,3.635776000,1728.366669184,step0.layer18.norm1,QKV projection
0,18,step0.layer18.rope,rope,GPU_COMPUTE,step0.layer18.qkv,1728.366669184,1.018432000,1729.385101184,step0.layer18.qkv,QK norm and RoPE
0,18,step0.layer18.attention,attention,PIM_COMPUTE,step0.layer18.rope,1729.385101184,18.905016000,1748.290117184,step0.layer18.rope,decode attention from Ramulator cycle-v0 table
0,18,step0.layer18.o_proj,attention_output,GPU_COMPUTE,step0.layer18.attention,1748.290117184,3.109440000,1751.399557184,step0.layer18.attention,attention output projection
0,18,step0.layer18.residual1,residual,GPU_COMPUTE,step0.layer18.o_proj,1751.399557184,1.012288000,1752.411845184,step0.layer18.o_proj,residual add
0,18,step0.layer18.norm2,norm,GPU_COMPUTE,step0.layer18.residual1,1752.411845184,1.008192000,1753.420037184,step0.layer18.residual1,RMSNorm
0,18,step0.layer18.router,router,GPU_COMPUTE,step0.layer18.norm2,1753.420037184,2.069888000,1755.489925184,step0.layer18.norm2,MoE router
0,18,step0.layer18.metadata,metadata,GPU_COMPUTE,step0.layer18.router,1755.489925184,1.000128000,1756.490053184,step0.layer18.router,routing metadata
0,18,step0.layer18.dispatch,dispatch,,step0.layer18.metadata,1756.490053184,0.000000000,1756.490053184,step0.layer18.metadata,single-GPU dispatch placeholder
0,18,step0.layer18.scheduler,scheduler,GPU_COMPUTE,step0.layer18.metadata,1756.490053184,20.000000000,1776.490053184,step0.layer18.metadata,sieve placement policy
0,18,step0.layer18.gpu_weight_load,gpu_weight_load,HBM_MEM_PATH,step0.layer18.scheduler,1776.490053184,37.748736000,1814.238789184,step0.layer18.scheduler,expert weights HBM to GPU
0,18,step0.layer18.gpu_expert_compute,gpu_expert,GPU_COMPUTE,step0.layer18.gpu_weight_load;step0.layer18.dispatch,1814.238789184,3.197132288,1817.435921472,step0.layer18.gpu_weight_load,grouped expert GEMM
0,18,step0.layer18.pim_gwrite,pim_write,GPU_PIM_IO,step0.layer18.scheduler;step0.layer18.dispatch,1776.490053184,2.228928000,1778.718981184,step0.layer18.scheduler,PIM_GWRITE from Ramulator cycle-v0 table
0,18,step0.layer18.pim_expert_compute,pim_expert,PIM_COMPUTE,step0.layer18.pim_gwrite,1778.718981184,20.054424000,1798.773405184,step0.layer18.pim_gwrite,expert GEMV from Ramulator cycle-v0 table
0,18,step0.layer18.pim_read,pim_read,GPU_PIM_IO,step0.layer18.pim_expert_compute,1798.773405184,0.022464000,1798.795869184,step0.layer18.pim_expert_compute,PIM result read from Ramulator cycle-v0 table
0,18,step0.layer18.combine,combine,GPU_COMPUTE,step0.layer18.gpu_expert_compute;step0.layer18.pim_read,1817.435921472,1.036864000,1818.472785472,step0.layer18.gpu_expert_compute,weighted expert combine
0,18,step0.layer18.residual2,residual,GPU_COMPUTE,step0.layer18.combine,1818.472785472,1.012288000,1819.485073472,step0.layer18.combine,residual add
0,19,step0.layer19.norm1,norm,GPU_COMPUTE,step0.layer18.residual2,1819.485073472,1.008192000,1820.493265472,step0.layer18.residual2,RMSNorm
0,19,step0.layer19.qkv,qkv,GPU_COMPUTE,step0.layer19.norm1,1820.493265472,3.635776000,1824.129041472,step0.layer19.norm1,QKV projection
0,19,step0.layer19.rope,rope,GPU_COMPUTE,step0.layer19.qkv,1824.129041472,1.018432000,1825.147473472,step0.layer19.qkv,QK norm and RoPE
0,19,step0.layer19.attention,attention,PIM_COMPUTE,step0.layer19.rope,1825.147473472,18.905016000,1844.052489472,step0.layer19.rope,decode attention from Ramulator cycle-v0 table
0,19,step0.layer19.o_proj,attention_output,GPU_COMPUTE,step0.layer19.attention,1844.052489472,3.109440000,1847.161929472,step0.layer19.attention,attention output projection
0,19,step0.layer19.residual1,residual,GPU_COMPUTE,step0.layer19.o_proj,1847.161929472,1.012288000,1848.174217472,step0.layer19.o_proj,residual add
0,19,step0.layer19.norm2,norm,GPU_COMPUTE,step0.layer19.residual1,1848.174217472,1.008192000,1849.182409472,step0.layer19.residual1,RMSNorm
0,19,step0.layer19.router,router,GPU_COMPUTE,step0.layer19.norm2,1849.182409472,2.069888000,1851.252297472,step0.layer19.norm2,MoE router
0,19,step0.layer19.metadata,metadata,GPU_COMPUTE,step0.layer19.router,1851.252297472,1.000128000,1852.252425472,step0.layer19.router,routing metadata
0,19,step0.layer19.dispatch,dispatch,,step0.layer19.metadata,1852.252425472,0.000000000,1852.252425472,step0.layer19.metadata,single-GPU dispatch placeholder
0,19,step0.layer19.scheduler,scheduler,GPU_COMPUTE,step0.layer19.metadata,1852.252425472,20.000000000,1872.252425472,step0.layer19.metadata,sieve placement policy
0,19,step0.layer19.gpu_weight_load,gpu_weight_load,HBM_MEM_PATH,step0.layer19.scheduler,1872.252425472,37.748736000,1910.001161472,step0.layer19.scheduler,expert weights HBM to GPU
0,19,step0.layer19.gpu_expert_compute,gpu_expert,GPU_COMPUTE,step0.layer19.gpu_weight_load;step0.layer19.dispatch,1910.001161472,3.197132288,1913.198293760,step0.layer19.gpu_weight_load,grouped expert GEMM
0,19,step0.layer19.pim_gwrite,pim_write,GPU_PIM_IO,step0.layer19.scheduler;step0.layer19.dispatch,1872.252425472,2.228928000,1874.481353472,step0.layer19.scheduler,PIM_GWRITE from Ramulator cycle-v0 table
0,19,step0.layer19.pim_expert_compute,pim_expert,PIM_COMPUTE,step0.layer19.pim_gwrite,1874.481353472,20.054424000,1894.535777472,step0.layer19.pim_gwrite,expert GEMV from Ramulator cycle-v0 table
0,19,step0.layer19.pim_read,pim_read,GPU_PIM_IO,step0.layer19.pim_expert_compute,1894.535777472,0.022464000,1894.558241472,step0.layer19.pim_expert_compute,PIM result read from Ramulator cycle-v0 table
0,19,step0.layer19.combine,combine,GPU_COMPUTE,step0.layer19.gpu_expert_compute;step0.layer19.pim_read,1913.198293760,1.036864000,1914.235157760,step0.layer19.gpu_expert_compute,weighted expert combine
0,19,step0.layer19.residual2,residual,GPU_COMPUTE,step0.layer19.combine,1914.235157760,1.012288000,1915.247445760,step0.layer19.combine,residual add
0,20,step0.layer20.norm1,norm,GPU_COMPUTE,step0.layer19.residual2,1915.247445760,1.008192000,1916.255637760,step0.layer19.residual2,RMSNorm
0,20,step0.layer20.qkv,qkv,GPU_COMPUTE,step0.layer20.norm1,1916.255637760,3.635776000,1919.891413760,step0.layer20.norm1,QKV projection
0,20,step0.layer20.rope,rope,GPU_COMPUTE,step0.layer20.qkv,1919.891413760,1.018432000,1920.909845760,step0.layer20.qkv,QK norm and RoPE
0,20,step0.layer20.attention,attention,PIM_COMPUTE,step0.layer20.rope,1920.909845760,18.905016000,1939.814861760,step0.layer20.rope,decode attention from Ramulator cycle-v0 table
0,20,step0.layer20.o_proj,attention_output,GPU_COMPUTE,step0.layer20.attention,1939.814861760,3.109440000,1942.924301760,step0.layer20.attention,attention output projection
0,20,step0.layer20.residual1,residual,GPU_COMPUTE,step0.layer20.o_proj,1942.924301760,1.012288000,1943.936589760,step0.layer20.o_proj,residual add
0,20,step0.layer20.norm2,norm,GPU_COMPUTE,step0.layer20.residual1,1943.936589760,1.008192000,1944.944781760,step0.layer20.residual1,RMSNorm
0,20,step0.layer20.router,router,GPU_COMPUTE,step0.layer20.norm2,1944.944781760,2.069888000,1947.014669760,step0.layer20.norm2,MoE router
0,20,step0.layer20.metadata,metadata,GPU_COMPUTE,step0.layer20.router,1947.014669760,1.000128000,1948.014797760,step0.layer20.router,routing metadata
0,20,step0.layer20.dispatch,dispatch,,step0.layer20.metadata,1948.014797760,0.000000000,1948.014797760,step0.layer20.metadata,single-GPU dispatch placeholder
0,20,step0.layer20.scheduler,scheduler,GPU_COMPUTE,step0.layer20.metadata,1948.014797760,20.000000000,1968.014797760,step0.layer20.metadata,sieve placement policy
0,20,step0.layer20.gpu_weight_load,gpu_weight_load,HBM_MEM_PATH,step0.layer20.scheduler,1968.014797760,37.748736000,2005.763533760,step0.layer20.scheduler,expert weights HBM to GPU
0,20,step0.layer20.gpu_expert_compute,gpu_expert,GPU_COMPUTE,step0.layer20.gpu_weight_load;step0.layer20.dispatch,2005.763533760,3.197132288,2008.960666048,step0.layer20.gpu_weight_load,grouped expert GEMM
0,20,step0.layer20.pim_gwrite,pim_write,GPU_PIM_IO,step0.layer20.scheduler;step0.layer20.dispatch,1968.014797760,2.228928000,1970.243725760,step0.layer20.scheduler,PIM_GWRITE from Ramulator cycle-v0 table
0,20,step0.layer20.pim_expert_compute,pim_expert,PIM_COMPUTE,step0.layer20.pim_gwrite,1970.243725760,20.054424000,1990.298149760,step0.layer20.pim_gwrite,expert GEMV from Ramulator cycle-v0 table
0,20,step0.layer20.pim_read,pim_read,GPU_PIM_IO,step0.layer20.pim_expert_compute,1990.298149760,0.022464000,1990.320613760,step0.layer20.pim_expert_compute,PIM result read from Ramulator cycle-v0 table
0,20,step0.layer20.combine,combine,GPU_COMPUTE,step0.layer20.gpu_expert_compute;step0.layer20.pim_read,2008.960666048,1.036864000,2009.997530048,step0.layer20.gpu_expert_compute,weighted expert combine
0,20,step0.layer20.residual2,residual,GPU_COMPUTE,step0.layer20.combine,2009.997530048,1.012288000,2011.009818048,step0.layer20.combine,residual add
0,21,step0.layer21.norm1,norm,GPU_COMPUTE,step0.layer20.residual2,2011.009818048,1.008192000,2012.018010048,step0.layer20.residual2,RMSNorm
0,21,step0.layer21.qkv,qkv,GPU_COMPUTE,step0.layer21.norm1,2012.018010048,3.635776000,2015.653786048,step0.layer21.norm1,QKV projection
0,21,step0.layer21.rope,rope,GPU_COMPUTE,step0.layer21.qkv,2015.653786048,1.018432000,2016.672218048,step0.layer21.qkv,QK norm and RoPE
0,21,step0.layer21.attention,attention,PIM_COMPUTE,step0.layer21.rope,2016.672218048,18.905016000,2035.577234048,step0.layer21.rope,decode attention from Ramulator cycle-v0 table
0,21,step0.layer21.o_proj,attention_output,GPU_COMPUTE,step0.layer21.attention,2035.577234048,3.109440000,2038.686674048,step0.layer21.attention,attention output projection
0,21,step0.layer21.residual1,residual,GPU_COMPUTE,step0.layer21.o_proj,2038.686674048,1.012288000,2039.698962048,step0.layer21.o_proj,residual add
0,21,step0.layer21.norm2,norm,GPU_COMPUTE,step0.layer21.residual1,2039.698962048,1.008192000,2040.707154048,step0.layer21.residual1,RMSNorm
0,21,step0.layer21.router,router,GPU_COMPUTE,step0.layer21.norm2,2040.707154048,2.069888000,2042.777042048,step0.layer21.norm2,MoE router
0,21,step0.layer21.metadata,metadata,GPU_COMPUTE,step0.layer21.router,2042.777042048,1.000128000,2043.777170048,step0.layer21.router,routing metadata
0,21,step0.layer21.dispatch,dispatch,,step0.layer21.metadata,2043.777170048,0.000000000,2043.777170048,step0.layer21.metadata,single-GPU dispatch placeholder
0,21,step0.layer21.scheduler,scheduler,GPU_COMPUTE,step0.layer21.metadata,2043.777170048,20.000000000,2063.777170048,step0.layer21.metadata,sieve placement policy
0,21,step0.layer21.gpu_weight_load,gpu_weight_load,HBM_MEM_PATH,step0.layer21.scheduler,2063.777170048,37.748736000,2101.525906048,step0.layer21.scheduler,expert weights HBM to GPU
0,21,step0.layer21.gpu_expert_compute,gpu_expert,GPU_COMPUTE,step0.layer21.gpu_weight_load;step0.layer21.dispatch,2101.525906048,3.197132288,2104.723038336,step0.layer21.gpu_weight_load,grouped expert GEMM
0,21,step0.layer21.pim_gwrite,pim_write,GPU_PIM_IO,step0.layer21.scheduler;step0.layer21.dispatch,2063.777170048,2.228928000,2066.006098048,step0.layer21.scheduler,PIM_GWRITE from Ramulator cycle-v0 table
0,21,step0.layer21.pim_expert_compute,pim_expert,PIM_COMPUTE,step0.layer21.pim_gwrite,2066.006098048,20.054424000,2086.060522048,step0.layer21.pim_gwrite,expert GEMV from Ramulator cycle-v0 table
0,21,step0.layer21.pim_read,pim_read,GPU_PIM_IO,step0.layer21.pim_expert_compute,2086.060522048,0.022464000,2086.082986048,step0.layer21.pim_expert_compute,PIM result read from Ramulator cycle-v0 table
0,21,step0.layer21.combine,combine,GPU_COMPUTE,step0.layer21.gpu_expert_compute;step0.layer21.pim_read,2104.723038336,1.036864000,2105.759902336,step0.layer21.gpu_expert_compute,weighted expert combine
0,21,step0.layer21.residual2,residual,GPU_COMPUTE,step0.layer21.combine,2105.759902336,1.012288000,2106.772190336,step0.layer21.combine,residual add
0,22,step0.layer22.norm1,norm,GPU_COMPUTE,step0.layer21.residual2,2106.772190336,1.008192000,2107.780382336,step0.layer21.residual2,RMSNorm
0,22,step0.layer22.qkv,qkv,GPU_COMPUTE,step0.layer22.norm1,2107.780382336,3.635776000,2111.416158336,step0.layer22.norm1,QKV projection
0,22,step0.layer22.rope,rope,GPU_COMPUTE,step0.layer22.qkv,2111.416158336,1.018432000,2112.434590336,step0.layer22.qkv,QK norm and RoPE
0,22,step0.layer22.attention,attention,PIM_COMPUTE,step0.layer22.rope,2112.434590336,18.905016000,2131.339606336,step0.layer22.rope,decode attention from Ramulator cycle-v0 table
0,22,step0.layer22.o_proj,attention_output,GPU_COMPUTE,step0.layer22.attention,2131.339606336,3.109440000,2134.449046336,step0.layer22.attention,attention output projection
0,22,step0.layer22.residual1,residual,GPU_COMPUTE,step0.layer22.o_proj,2134.449046336,1.012288000,2135.461334336,step0.layer22.o_proj,residual add
0,22,step0.layer22.norm2,norm,GPU_COMPUTE,step0.layer22.residual1,2135.461334336,1.008192000,2136.469526336,step0.layer22.residual1,RMSNorm
0,22,step0.layer22.router,router,GPU_COMPUTE,step0.layer22.norm2,2136.469526336,2.069888000,2138.539414336,step0.layer22.norm2,MoE router
0,22,step0.layer22.metadata,metadata,GPU_COMPUTE,step0.layer22.router,2138.539414336,1.000128000,2139.539542336,step0.layer22.router,routing metadata
0,22,step0.layer22.dispatch,dispatch,,step0.layer22.metadata,2139.539542336,0.000000000,2139.539542336,step0.layer22.metadata,single-GPU dispatch placeholder
0,22,step0.layer22.scheduler,scheduler,GPU_COMPUTE,step0.layer22.metadata,2139.539542336,20.000000000,2159.539542336,step0.layer22.metadata,sieve placement policy
0,22,step0.layer22.gpu_weight_load,gpu_weight_load,HBM_MEM_PATH,step0.layer22.scheduler,2159.539542336,37.748736000,2197.288278336,step0.layer22.scheduler,expert weights HBM to GPU
0,22,step0.layer22.gpu_expert_compute,gpu_expert,GPU_COMPUTE,step0.layer22.gpu_weight_load;step0.layer22.dispatch,2197.288278336,3.197132288,2200.485410624,step0.layer22.gpu_weight_load,grouped expert GEMM
0,22,step0.layer22.pim_gwrite,pim_write,GPU_PIM_IO,step0.layer22.scheduler;step0.layer22.dispatch,2159.539542336,2.228928000,2161.768470336,step0.layer22.scheduler,PIM_GWRITE from Ramulator cycle-v0 table
0,22,step0.layer22.pim_expert_compute,pim_expert,PIM_COMPUTE,step0.layer22.pim_gwrite,2161.768470336,20.054424000,2181.822894336,step0.layer22.pim_gwrite,expert GEMV from Ramulator cycle-v0 table
0,22,step0.layer22.pim_read,pim_read,GPU_PIM_IO,step0.layer22.pim_expert_compute,2181.822894336,0.022464000,2181.845358336,step0.layer22.pim_expert_compute,PIM result read from Ramulator cycle-v0 table
0,22,step0.layer22.combine,combine,GPU_COMPUTE,step0.layer22.gpu_expert_compute;step0.layer22.pim_read,2200.485410624,1.036864000,2201.522274624,step0.layer22.gpu_expert_compute,weighted expert combine
0,22,step0.layer22.residual2,residual,GPU_COMPUTE,step0.layer22.combine,2201.522274624,1.012288000,2202.534562624,step0.layer22.combine,residual add
0,23,step0.layer23.norm1,norm,GPU_COMPUTE,step0.layer22.residual2,2202.534562624,1.008192000,2203.542754624,step0.layer22.residual2,RMSNorm
0,23,step0.layer23.qkv,qkv,GPU_COMPUTE,step0.layer23.norm1,2203.542754624,3.635776000,2207.178530624,step0.layer23.norm1,QKV projection
0,23,step0.layer23.rope,rope,GPU_COMPUTE,step0.layer23.qkv,2207.178530624,1.018432000,2208.196962624,step0.layer23.qkv,QK norm and RoPE
0,23,step0.layer23.attention,attention,PIM_COMPUTE,step0.layer23.rope,2208.196962624,18.905016000,2227.101978624,step0.layer23.rope,decode attention from Ramulator cycle-v0 table
0,23,step0.layer23.o_proj,attention_output,GPU_COMPUTE,step0.layer23.attention,2227.101978624,3.109440000,2230.211418624,step0.layer23.attention,attention output projection
0,23,step0.layer23.residual1,residual,GPU_COMPUTE,step0.layer23.o_proj,2230.211418624,1.012288000,2231.223706624,step0.layer23.o_proj,residual add
0,23,step0.layer23.norm2,norm,GPU_COMPUTE,step0.layer23.residual1,2231.223706624,1.008192000,2232.231898624,step0.layer23.residual1,RMSNorm
0,23,step0.layer23.router,router,GPU_COMPUTE,step0.layer23.norm2,2232.231898624,2.069888000,2234.301786624,step0.layer23.norm2,MoE router
0,23,step0.layer23.metadata,metadata,GPU_COMPUTE,step0.layer23.router,2234.301786624,1.000128000,2235.301914624,step0.layer23.router,routing metadata
0,23,step0.layer23.dispatch,dispatch,,step0.layer23.metadata,2235.301914624,0.000000000,2235.301914624,step0.layer23.metadata,single-GPU dispatch placeholder
0,23,step0.layer23.scheduler,scheduler,GPU_COMPUTE,step0.layer23.metadata,2235.301914624,20.000000000,2255.301914624,step0.layer23.metadata,sieve placement policy
0,23,step0.layer23.gpu_weight_load,gpu_weight_load,HBM_MEM_PATH,step0.layer23.scheduler,2255.301914624,37.748736000,2293.050650624,step0.layer23.scheduler,expert weights HBM to GPU
0,23,step0.layer23.gpu_expert_compute,gpu_expert,GPU_COMPUTE,step0.layer23.gpu_weight_load;step0.layer23.dispatch,2293.050650624,3.197132288,2296.247782912,step0.layer23.gpu_weight_load,grouped expert GEMM
0,23,step0.layer23.pim_gwrite,pim_write,GPU_PIM_IO,step0.layer23.scheduler;step0.layer23.dispatch,2255.301914624,2.228928000,2257.530842624,step0.layer23.scheduler,PIM_GWRITE from Ramulator cycle-v0 table
0,23,step0.layer23.pim_expert_compute,pim_expert,PIM_COMPUTE,step0.layer23.pim_gwrite,2257.530842624,20.054424000,2277.585266624,step0.layer23.pim_gwrite,expert GEMV from Ramulator cycle-v0 table
0,23,step0.layer23.pim_read,pim_read,GPU_PIM_IO,step0.layer23.pim_expert_compute,2277.585266624,0.022464000,2277.607730624,step0.layer23.pim_expert_compute,PIM result read from Ramulator cycle-v0 table
0,23,step0.layer23.combine,combine,GPU_COMPUTE,step0.layer23.gpu_expert_compute;step0.layer23.pim_read,2296.247782912,1.036864000,2297.284646912,step0.layer23.gpu_expert_compute,weighted expert combine
0,23,step0.layer23.residual2,residual,GPU_COMPUTE,step0.layer23.combine,2297.284646912,1.012288000,2298.296934912,step0.layer23.combine,residual add
0,24,step0.layer24.norm1,norm,GPU_COMPUTE,step0.layer23.residual2,2298.296934912,1.008192000,2299.305126912,step0.layer23.residual2,RMSNorm
0,24,step0.layer24.qkv,qkv,GPU_COMPUTE,step0.layer24.norm1,2299.305126912,3.635776000,2302.940902912,step0.layer24.norm1,QKV projection
0,24,step0.layer24.rope,rope,GPU_COMPUTE,step0.layer24.qkv,2302.940902912,1.018432000,2303.959334912,step0.layer24.qkv,QK norm and RoPE
0,24,step0.layer24.attention,attention,PIM_COMPUTE,step0.layer24.rope,2303.959334912,18.905016000,2322.864350912,step0.layer24.rope,decode attention from Ramulator cycle-v0 table
0,24,step0.layer24.o_proj,attention_output,GPU_COMPUTE,step0.layer24.attention,2322.864350912,3.109440000,2325.973790912,step0.layer24.attention,attention output projection
0,24,step0.layer24.residual1,residual,GPU_COMPUTE,step0.layer24.o_proj,2325.973790912,1.012288000,2326.986078912,step0.layer24.o_proj,residual add
0,24,step0.layer24.norm2,norm,GPU_COMPUTE,step0.layer24.residual1,2326.986078912,1.008192000,2327.994270912,step0.layer24.residual1,RMSNorm
0,24,step0.layer24.router,router,GPU_COMPUTE,step0.layer24.norm2,2327.994270912,2.069888000,2330.064158912,step0.layer24.norm2,MoE router
0,24,step0.layer24.metadata,metadata,GPU_COMPUTE,step0.layer24.router,2330.064158912,1.000128000,2331.064286912,step0.layer24.router,routing metadata
0,24,step0.layer24.dispatch,dispatch,,step0.layer24.metadata,2331.064286912,0.000000000,2331.064286912,step0.layer24.metadata,single-GPU dispatch placeholder
0,24,step0.layer24.scheduler,scheduler,GPU_COMPUTE,step0.layer24.metadata,2331.064286912,20.000000000,2351.064286912,step0.layer24.metadata,sieve placement policy
0,24,step0.layer24.gpu_weight_load,gpu_weight_load,HBM_MEM_PATH,step0.layer24.scheduler,2351.064286912,37.748736000,2388.813022912,step0.layer24.scheduler,expert weights HBM to GPU
0,24,step0.layer24.gpu_expert_compute,gpu_expert,GPU_COMPUTE,step0.layer24.gpu_weight_load;step0.layer24.dispatch,2388.813022912,3.197132288,2392.010155200,step0.layer24.gpu_weight_load,grouped expert GEMM
0,24,step0.layer24.pim_gwrite,pim_write,GPU_PIM_IO,step0.layer24.scheduler;step0.layer24.dispatch,2351.064286912,2.228928000,2353.293214912,step0.layer24.scheduler,PIM_GWRITE from Ramulator cycle-v0 table
0,24,step0.layer24.pim_expert_compute,pim_expert,PIM_COMPUTE,step0.layer24.pim_gwrite,2353.293214912,20.054424000,2373.347638912,step0.layer24.pim_gwrite,expert GEMV from Ramulator cycle-v0 table
0,24,step0.layer24.pim_read,pim_read,GPU_PIM_IO,step0.layer24.pim_expert_compute,2373.347638912,0.022464000,2373.370102912,step0.layer24.pim_expert_compute,PIM result read from Ramulator cycle-v0 table
0,24,step0.layer24.combine,combine,GPU_COMPUTE,step0.layer24.gpu_expert_compute;step0.layer24.pim_read,2392.010155200,1.036864000,2393.047019200,step0.layer24.gpu_expert_compute,weighted expert combine
0,24,step0.layer24.residual2,residual,GPU_COMPUTE,step0.layer24.combine,2393.047019200,1.012288000,2394.059307200,step0.layer24.combine,residual add
0,25,step0.layer25.norm1,norm,GPU_COMPUTE,step0.layer24.residual2,2394.059307200,1.008192000,2395.067499200,step0.layer24.residual2,RMSNorm
0,25,step0.layer25.qkv,qkv,GPU_COMPUTE,step0.layer25.norm1,2395.067499200,3.635776000,2398.703275200,step0.layer25.norm1,QKV projection
0,25,step0.layer25.rope,rope,GPU_COMPUTE,step0.layer25.qkv,2398.703275200,1.018432000,2399.721707200,step0.layer25.qkv,QK norm and RoPE
0,25,step0.layer25.attention,attention,PIM_COMPUTE,step0.layer25.rope,2399.721707200,18.905016000,2418.626723200,step0.layer25.rope,decode attention from Ramulator cycle-v0 table
0,25,step0.layer25.o_proj,attention_output,GPU_COMPUTE,step0.layer25.attention,2418.626723200,3.109440000,2421.736163200,step0.layer25.attention,attention output projection
0,25,step0.layer25.residual1,residual,GPU_COMPUTE,step0.layer25.o_proj,2421.736163200,1.012288000,2422.748451200,step0.layer25.o_proj,residual add
0,25,step0.layer25.norm2,norm,GPU_COMPUTE,step0.layer25.residual1,2422.748451200,1.008192000,2423.756643200,step0.layer25.residual1,RMSNorm
0,25,step0.layer25.router,router,GPU_COMPUTE,step0.layer25.norm2,2423.756643200,2.069888000,2425.826531200,step0.layer25.norm2,MoE router
0,25,step0.layer25.metadata,metadata,GPU_COMPUTE,step0.layer25.router,2425.826531200,1.000128000,2426.826659200,step0.layer25.router,routing metadata
0,25,step0.layer25.dispatch,dispatch,,step0.layer25.metadata,2426.826659200,0.000000000,2426.826659200,step0.layer25.metadata,single-GPU dispatch placeholder
0,25,step0.layer25.scheduler,scheduler,GPU_COMPUTE,step0.layer25.metadata,2426.826659200,20.000000000,2446.826659200,step0.layer25.metadata,sieve placement policy
0,25,step0.layer25.gpu_weight_load,gpu_weight_load,HBM_MEM_PATH,step0.layer25.scheduler,2446.826659200,37.748736000,2484.575395200,step0.layer25.scheduler,expert weights HBM to GPU
0,25,step0.layer25.gpu_expert_compute,gpu_expert,GPU_COMPUTE,step0.layer25.gpu_weight_load;step0.layer25.dispatch,2484.575395200,3.197132288,2487.772527488,step0.layer25.gpu_weight_load,grouped expert GEMM
0,25,step0.layer25.pim_gwrite,pim_write,GPU_PIM_IO,step0.layer25.scheduler;step0.layer25.dispatch,2446.826659200,2.228928000,2449.055587200,step0.layer25.scheduler,PIM_GWRITE from Ramulator cycle-v0 table
0,25,step0.layer25.pim_expert_compute,pim_expert,PIM_COMPUTE,step0.layer25.pim_gwrite,2449.055587200,20.054424000,2469.110011200,step0.layer25.pim_gwrite,expert GEMV from Ramulator cycle-v0 table
0,25,step0.layer25.pim_read,pim_read,GPU_PIM_IO,step0.layer25.pim_expert_compute,2469.110011200,0.022464000,2469.132475200,step0.layer25.pim_expert_compute,PIM result read from Ramulator cycle-v0 table
0,25,step0.layer25.combine,combine,GPU_COMPUTE,step0.layer25.gpu_expert_compute;step0.layer25.pim_read,2487.772527488,1.036864000,2488.809391488,step0.layer25.gpu_expert_compute,weighted expert combine
0,25,step0.layer25.residual2,residual,GPU_COMPUTE,step0.layer25.combine,2488.809391488,1.012288000,2489.821679488,step0.layer25.combine,residual add
0,26,step0.layer26.norm1,norm,GPU_COMPUTE,step0.layer25.residual2,2489.821679488,1.008192000,2490.829871488,step0.layer25.residual2,RMSNorm
0,26,step0.layer26.qkv,qkv,GPU_COMPUTE,step0.layer26.norm1,2490.829871488,3.635776000,2494.465647488,step0.layer26.norm1,QKV projection
0,26,step0.layer26.rope,rope,GPU_COMPUTE,step0.layer26.qkv,2494.465647488,1.018432000,2495.484079488,step0.layer26.qkv,QK norm and RoPE
0,26,step0.layer26.attention,attention,PIM_COMPUTE,step0.layer26.rope,2495.484079488,18.905016000,2514.389095488,step0.layer26.rope,decode attention from Ramulator cycle-v0 table
0,26,step0.layer26.o_proj,attention_output,GPU_COMPUTE,step0.layer26.attention,2514.389095488,3.109440000,2517.498535488,step0.layer26.attention,attention output projection
0,26,step0.layer26.residual1,residual,GPU_COMPUTE,step0.layer26.o_proj,2517.498535488,1.012288000,2518.510823488,step0.layer26.o_proj,residual add
0,26,step0.layer26.norm2,norm,GPU_COMPUTE,step0.layer26.residual1,2518.510823488,1.008192000,2519.519015488,step0.layer26.residual1,RMSNorm
0,26,step0.layer26.router,router,GPU_COMPUTE,step0.layer26.norm2,2519.519015488,2.069888000,2521.588903488,step0.layer26.norm2,MoE router
0,26,step0.layer26.metadata,metadata,GPU_COMPUTE,step0.layer26.router,2521.588903488,1.000128000,2522.589031488,step0.layer26.router,routing metadata
0,26,step0.layer26.dispatch,dispatch,,step0.layer26.metadata,2522.589031488,0.000000000,2522.589031488,step0.layer26.metadata,single-GPU dispatch placeholder
0,26,step0.layer26.scheduler,scheduler,GPU_COMPUTE,step0.layer26.metadata,2522.589031488,20.000000000,2542.589031488,step0.layer26.metadata,sieve placement policy
0,26,step0.layer26.gpu_weight_load,gpu_weight_load,HBM_MEM_PATH,step0.layer26.scheduler,2542.589031488,37.748736000,2580.337767488,step0.layer26.scheduler,expert weights HBM to GPU
0,26,step0.layer26.gpu_expert_compute,gpu_expert,GPU_COMPUTE,step0.layer26.gpu_weight_load;step0.layer26.dispatch,2580.337767488,3.197132288,2583.534899776,step0.layer26.gpu_weight_load,grouped expert GEMM
0,26,step0.layer26.pim_gwrite,pim_write,GPU_PIM_IO,step0.layer26.scheduler;step0.layer26.dispatch,2542.589031488,2.228928000,2544.817959488,step0.layer26.scheduler,PIM_GWRITE from Ramulator cycle-v0 table
0,26,step0.layer26.pim_expert_compute,pim_expert,PIM_COMPUTE,step0.layer26.pim_gwrite,2544.817959488,20.054424000,2564.872383488,step0.layer26.pim_gwrite,expert GEMV from Ramulator cycle-v0 table
0,26,step0.layer26.pim_read,pim_read,GPU_PIM_IO,step0.layer26.pim_expert_compute,2564.872383488,0.022464000,2564.894847488,step0.layer26.pim_expert_compute,PIM result read from Ramulator cycle-v0 table
0,26,step0.layer26.combine,combine,GPU_COMPUTE,step0.layer26.gpu_expert_compute;step0.layer26.pim_read,2583.534899776,1.036864000,2584.571763776,step0.layer26.gpu_expert_compute,weighted expert combine
0,26,step0.layer26.residual2,residual,GPU_COMPUTE,step0.layer26.combine,2584.571763776,1.012288000,2585.584051776,step0.layer26.combine,residual add
0,27,step0.layer27.norm1,norm,GPU_COMPUTE,step0.layer26.residual2,2585.584051776,1.008192000,2586.592243776,step0.layer26.residual2,RMSNorm
0,27,step0.layer27.qkv,qkv,GPU_COMPUTE,step0.layer27.norm1,2586.592243776,3.635776000,2590.228019776,step0.layer27.norm1,QKV projection
0,27,step0.layer27.rope,rope,GPU_COMPUTE,step0.layer27.qkv,2590.228019776,1.018432000,2591.246451776,step0.layer27.qkv,QK norm and RoPE
0,27,step0.layer27.attention,attention,PIM_COMPUTE,step0.layer27.rope,2591.246451776,18.905016000,2610.151467776,step0.layer27.rope,decode attention from Ramulator cycle-v0 table
0,27,step0.layer27.o_proj,attention_output,GPU_COMPUTE,step0.layer27.attention,2610.151467776,3.109440000,2613.260907776,step0.layer27.attention,attention output projection
0,27,step0.layer27.residual1,residual,GPU_COMPUTE,step0.layer27.o_proj,2613.260907776,1.012288000,2614.273195776,step0.layer27.o_proj,residual add
0,27,step0.layer27.norm2,norm,GPU_COMPUTE,step0.layer27.residual1,2614.273195776,1.008192000,2615.281387776,step0.layer27.residual1,RMSNorm
0,27,step0.layer27.router,router,GPU_COMPUTE,step0.layer27.norm2,2615.281387776,2.069888000,2617.351275776,step0.layer27.norm2,MoE router
0,27,step0.layer27.metadata,metadata,GPU_COMPUTE,step0.layer27.router,2617.351275776,1.000128000,2618.351403776,step0.layer27.router,routing metadata
0,27,step0.layer27.dispatch,dispatch,,step0.layer27.metadata,2618.351403776,0.000000000,2618.351403776,step0.layer27.metadata,single-GPU dispatch placeholder
0,27,step0.layer27.scheduler,scheduler,GPU_COMPUTE,step0.layer27.metadata,2618.351403776,20.000000000,2638.351403776,step0.layer27.metadata,sieve placement policy
0,27,step0.layer27.gpu_weight_load,gpu_weight_load,HBM_MEM_PATH,step0.layer27.scheduler,2638.351403776,37.748736000,2676.100139776,step0.layer27.scheduler,expert weights HBM to GPU
0,27,step0.layer27.gpu_expert_compute,gpu_expert,GPU_COMPUTE,step0.layer27.gpu_weight_load;step0.layer27.dispatch,2676.100139776,3.197132288,2679.297272064,step0.layer27.gpu_weight_load,grouped expert GEMM
0,27,step0.layer27.pim_gwrite,pim_write,GPU_PIM_IO,step0.layer27.scheduler;step0.layer27.dispatch,2638.351403776,2.228928000,2640.580331776,step0.layer27.scheduler,PIM_GWRITE from Ramulator cycle-v0 table
0,27,step0.layer27.pim_expert_compute,pim_expert,PIM_COMPUTE,step0.layer27.pim_gwrite,2640.580331776,20.054424000,2660.634755776,step0.layer27.pim_gwrite,expert GEMV from Ramulator cycle-v0 table
0,27,step0.layer27.pim_read,pim_read,GPU_PIM_IO,step0.layer27.pim_expert_compute,2660.634755776,0.022464000,2660.657219776,step0.layer27.pim_expert_compute,PIM result read from Ramulator cycle-v0 table
0,27,step0.layer27.combine,combine,GPU_COMPUTE,step0.layer27.gpu_expert_compute;step0.layer27.pim_read,2679.297272064,1.036864000,2680.334136064,step0.layer27.gpu_expert_compute,weighted expert combine
0,27,step0.layer27.residual2,residual,GPU_COMPUTE,step0.layer27.combine,2680.334136064,1.012288000,2681.346424064,step0.layer27.combine,residual add
0,28,step0.layer28.norm1,norm,GPU_COMPUTE,step0.layer27.residual2,2681.346424064,1.008192000,2682.354616064,step0.layer27.residual2,RMSNorm
0,28,step0.layer28.qkv,qkv,GPU_COMPUTE,step0.layer28.norm1,2682.354616064,3.635776000,2685.990392064,step0.layer28.norm1,QKV projection
0,28,step0.layer28.rope,rope,GPU_COMPUTE,step0.layer28.qkv,2685.990392064,1.018432000,2687.008824064,step0.layer28.qkv,QK norm and RoPE
0,28,step0.layer28.attention,attention,PIM_COMPUTE,step0.layer28.rope,2687.008824064,18.905016000,2705.913840064,step0.layer28.rope,decode attention from Ramulator cycle-v0 table
0,28,step0.layer28.o_proj,attention_output,GPU_COMPUTE,step0.layer28.attention,2705.913840064,3.109440000,2709.023280064,step0.layer28.attention,attention output projection
0,28,step0.layer28.residual1,residual,GPU_COMPUTE,step0.layer28.o_proj,2709.023280064,1.012288000,2710.035568064,step0.layer28.o_proj,residual add
0,28,step0.layer28.norm2,norm,GPU_COMPUTE,step0.layer28.residual1,2710.035568064,1.008192000,2711.043760064,step0.layer28.residual1,RMSNorm
0,28,step0.layer28.router,router,GPU_COMPUTE,step0.layer28.norm2,2711.043760064,2.069888000,2713.113648064,step0.layer28.norm2,MoE router
0,28,step0.layer28.metadata,metadata,GPU_COMPUTE,step0.layer28.router,2713.113648064,1.000128000,2714.113776064,step0.layer28.router,routing metadata
0,28,step0.layer28.dispatch,dispatch,,step0.layer28.metadata,2714.113776064,0.000000000,2714.113776064,step0.layer28.metadata,single-GPU dispatch placeholder
0,28,step0.layer28.scheduler,scheduler,GPU_COMPUTE,step0.layer28.metadata,2714.113776064,20.000000000,2734.113776064,step0.layer28.metadata,sieve placement policy
0,28,step0.layer28.gpu_weight_load,gpu_weight_load,HBM_MEM_PATH,step0.layer28.scheduler,2734.113776064,37.748736000,2771.862512064,step0.layer28.scheduler,expert weights HBM to GPU
0,28,step0.layer28.gpu_expert_compute,gpu_expert,GPU_COMPUTE,step0.layer28.gpu_weight_load;step0.layer28.dispatch,2771.862512064,3.197132288,2775.059644352,step0.layer28.gpu_weight_load,grouped expert GEMM
0,28,step0.layer28.pim_gwrite,pim_write,GPU_PIM_IO,step0.layer28.scheduler;step0.layer28.dispatch,2734.113776064,2.228928000,2736.342704064,step0.layer28.scheduler,PIM_GWRITE from Ramulator cycle-v0 table
0,28,step0.layer28.pim_expert_compute,pim_expert,PIM_COMPUTE,step0.layer28.pim_gwrite,2736.342704064,20.054424000,2756.397128064,step0.layer28.pim_gwrite,expert GEMV from Ramulator cycle-v0 table
0,28,step0.layer28.pim_read,pim_read,GPU_PIM_IO,step0.layer28.pim_expert_compute,2756.397128064,0.022464000,2756.419592064,step0.layer28.pim_expert_compute,PIM result read from Ramulator cycle-v0 table
0,28,step0.layer28.combine,combine,GPU_COMPUTE,step0.layer28.gpu_expert_compute;step0.layer28.pim_read,2775.059644352,1.036864000,2776.096508352,step0.layer28.gpu_expert_compute,weighted expert combine
0,28,step0.layer28.residual2,residual,GPU_COMPUTE,step0.layer28.combine,2776.096508352,1.012288000,2777.108796352,step0.layer28.combine,residual add
0,29,step0.layer29.norm1,norm,GPU_COMPUTE,step0.layer28.residual2,2777.108796352,1.008192000,2778.116988352,step0.layer28.residual2,RMSNorm
0,29,step0.layer29.qkv,qkv,GPU_COMPUTE,step0.layer29.norm1,2778.116988352,3.635776000,2781.752764352,step0.layer29.norm1,QKV projection
0,29,step0.layer29.rope,rope,GPU_COMPUTE,step0.layer29.qkv,2781.752764352,1.018432000,2782.771196352,step0.layer29.qkv,QK norm and RoPE
0,29,step0.layer29.attention,attention,PIM_COMPUTE,step0.layer29.rope,2782.771196352,18.905016000,2801.676212352,step0.layer29.rope,decode attention from Ramulator cycle-v0 table
0,29,step0.layer29.o_proj,attention_output,GPU_COMPUTE,step0.layer29.attention,2801.676212352,3.109440000,2804.785652352,step0.layer29.attention,attention output projection
0,29,step0.layer29.residual1,residual,GPU_COMPUTE,step0.layer29.o_proj,2804.785652352,1.012288000,2805.797940352,step0.layer29.o_proj,residual add
0,29,step0.layer29.norm2,norm,GPU_COMPUTE,step0.layer29.residual1,2805.797940352,1.008192000,2806.806132352,step0.layer29.residual1,RMSNorm
0,29,step0.layer29.router,router,GPU_COMPUTE,step0.layer29.norm2,2806.806132352,2.069888000,2808.876020352,step0.layer29.norm2,MoE router
0,29,step0.layer29.metadata,metadata,GPU_COMPUTE,step0.layer29.router,2808.876020352,1.000128000,2809.876148352,step0.layer29.router,routing metadata
0,29,step0.layer29.dispatch,dispatch,,step0.layer29.metadata,2809.876148352,0.000000000,2809.876148352,step0.layer29.metadata,single-GPU dispatch placeholder
0,29,step0.layer29.scheduler,scheduler,GPU_COMPUTE,step0.layer29.metadata,2809.876148352,20.000000000,2829.876148352,step0.layer29.metadata,sieve placement policy
0,29,step0.layer29.gpu_weight_load,gpu_weight_load,HBM_MEM_PATH,step0.layer29.scheduler,2829.876148352,37.748736000,2867.624884352,step0.layer29.scheduler,expert weights HBM to GPU
0,29,step0.layer29.gpu_expert_compute,gpu_expert,GPU_COMPUTE,step0.layer29.gpu_weight_load;step0.layer29.dispatch,2867.624884352,3.197132288,2870.822016640,step0.layer29.gpu_weight_load,grouped expert GEMM
0,29,step0.layer29.pim_gwrite,pim_write,GPU_PIM_IO,step0.layer29.scheduler;step0.layer29.dispatch,2829.876148352,2.228928000,2832.105076352,step0.layer29.scheduler,PIM_GWRITE from Ramulator cycle-v0 table
0,29,step0.layer29.pim_expert_compute,pim_expert,PIM_COMPUTE,step0.layer29.pim_gwrite,2832.105076352,20.054424000,2852.159500352,step0.layer29.pim_gwrite,expert GEMV from Ramulator cycle-v0 table
0,29,step0.layer29.pim_read,pim_read,GPU_PIM_IO,step0.layer29.pim_expert_compute,2852.159500352,0.022464000,2852.181964352,step0.layer29.pim_expert_compute,PIM result read from Ramulator cycle-v0 table
0,29,step0.layer29.combine,combine,GPU_COMPUTE,step0.layer29.gpu_expert_compute;step0.layer29.pim_read,2870.822016640,1.036864000,2871.858880640,step0.layer29.gpu_expert_compute,weighted expert combine
0,29,step0.layer29.residual2,residual,GPU_COMPUTE,step0.layer29.combine,2871.858880640,1.012288000,2872.871168640,step0.layer29.combine,residual add
0,30,step0.layer30.norm1,norm,GPU_COMPUTE,step0.layer29.residual2,2872.871168640,1.008192000,2873.879360640,step0.layer29.residual2,RMSNorm
0,30,step0.layer30.qkv,qkv,GPU_COMPUTE,step0.layer30.norm1,2873.879360640,3.635776000,2877.515136640,step0.layer30.norm1,QKV projection
0,30,step0.layer30.rope,rope,GPU_COMPUTE,step0.layer30.qkv,2877.515136640,1.018432000,2878.533568640,step0.layer30.qkv,QK norm and RoPE
0,30,step0.layer30.attention,attention,PIM_COMPUTE,step0.layer30.rope,2878.533568640,18.905016000,2897.438584640,step0.layer30.rope,decode attention from Ramulator cycle-v0 table
0,30,step0.layer30.o_proj,attention_output,GPU_COMPUTE,step0.layer30.attention,2897.438584640,3.109440000,2900.548024640,step0.layer30.attention,attention output projection
0,30,step0.layer30.residual1,residual,GPU_COMPUTE,step0.layer30.o_proj,2900.548024640,1.012288000,2901.560312640,step0.layer30.o_proj,residual add
0,30,step0.layer30.norm2,norm,GPU_COMPUTE,step0.layer30.residual1,2901.560312640,1.008192000,2902.568504640,step0.layer30.residual1,RMSNorm
0,30,step0.layer30.router,router,GPU_COMPUTE,step0.layer30.norm2,2902.568504640,2.069888000,2904.638392640,step0.layer30.norm2,MoE router
0,30,step0.layer30.metadata,metadata,GPU_COMPUTE,step0.layer30.router,2904.638392640,1.000128000,2905.638520640,step0.layer30.router,routing metadata
0,30,step0.layer30.dispatch,dispatch,,step0.layer30.metadata,2905.638520640,0.000000000,2905.638520640,step0.layer30.metadata,single-GPU dispatch placeholder
0,30,step0.layer30.scheduler,scheduler,GPU_COMPUTE,step0.layer30.metadata,2905.638520640,20.000000000,2925.638520640,step0.layer30.metadata,sieve placement policy
0,30,step0.layer30.gpu_weight_load,gpu_weight_load,HBM_MEM_PATH,step0.layer30.scheduler,2925.638520640,37.748736000,2963.387256640,step0.layer30.scheduler,expert weights HBM to GPU
0,30,step0.layer30.gpu_expert_compute,gpu_expert,GPU_COMPUTE,step0.layer30.gpu_weight_load;step0.layer30.dispatch,2963.387256640,3.197132288,2966.584388928,step0.layer30.gpu_weight_load,grouped expert GEMM
0,30,step0.layer30.pim_gwrite,pim_write,GPU_PIM_IO,step0.layer30.scheduler;step0.layer30.dispatch,2925.638520640,2.228928000,2927.867448640,step0.layer30.scheduler,PIM_GWRITE from Ramulator cycle-v0 table
0,30,step0.layer30.pim_expert_compute,pim_expert,PIM_COMPUTE,step0.layer30.pim_gwrite,2927.867448640,20.054424000,2947.921872640,step0.layer30.pim_gwrite,expert GEMV from Ramulator cycle-v0 table
0,30,step0.layer30.pim_read,pim_read,GPU_PIM_IO,step0.layer30.pim_expert_compute,2947.921872640,0.022464000,2947.944336640,step0.layer30.pim_expert_compute,PIM result read from Ramulator cycle-v0 table
0,30,step0.layer30.combine,combine,GPU_COMPUTE,step0.layer30.gpu_expert_compute;step0.layer30.pim_read,2966.584388928,1.036864000,2967.621252928,step0.layer30.gpu_expert_compute,weighted expert combine
0,30,step0.layer30.residual2,residual,GPU_COMPUTE,step0.layer30.combine,2967.621252928,1.012288000,2968.633540928,step0.layer30.combine,residual add
0,31,step0.layer31.norm1,norm,GPU_COMPUTE,step0.layer30.residual2,2968.633540928,1.008192000,2969.641732928,step0.layer30.residual2,RMSNorm
0,31,step0.layer31.qkv,qkv,GPU_COMPUTE,step0.layer31.norm1,2969.641732928,3.635776000,2973.277508928,step0.layer31.norm1,QKV projection
0,31,step0.layer31.rope,rope,GPU_COMPUTE,step0.layer31.qkv,2973.277508928,1.018432000,2974.295940928,step0.layer31.qkv,QK norm and RoPE
0,31,step0.layer31.attention,attention,PIM_COMPUTE,step0.layer31.rope,2974.295940928,18.905016000,2993.200956928,step0.layer31.rope,decode attention from Ramulator cycle-v0 table
0,31,step0.layer31.o_proj,attention_output,GPU_COMPUTE,step0.layer31.attention,2993.200956928,3.109440000,2996.310396928,step0.layer31.attention,attention output projection
0,31,step0.layer31.residual1,residual,GPU_COMPUTE,step0.layer31.o_proj,2996.310396928,1.012288000,2997.322684928,step0.layer31.o_proj,residual add
0,31,step0.layer31.norm2,norm,GPU_COMPUTE,step0.layer31.residual1,2997.322684928,1.008192000,2998.330876928,step0.layer31.residual1,RMSNorm
0,31,step0.layer31.router,router,GPU_COMPUTE,step0.layer31.norm2,2998.330876928,2.069888000,3000.400764928,step0.layer31.norm2,MoE router
0,31,step0.layer31.metadata,metadata,GPU_COMPUTE,step0.layer31.router,3000.400764928,1.000128000,3001.400892928,step0.layer31.router,routing metadata
0,31,step0.layer31.dispatch,dispatch,,step0.layer31.metadata,3001.400892928,0.000000000,3001.400892928,step0.layer31.metadata,single-GPU dispatch placeholder
0,31,step0.layer31.scheduler,scheduler,GPU_COMPUTE,step0.layer31.metadata,3001.400892928,20.000000000,3021.400892928,step0.layer31.metadata,sieve placement policy
0,31,step0.layer31.gpu_weight_load,gpu_weight_load,HBM_MEM_PATH,step0.layer31.scheduler,3021.400892928,37.748736000,3059.149628928,step0.layer31.scheduler,expert weights HBM to GPU
0,31,step0.layer31.gpu_expert_compute,gpu_expert,GPU_COMPUTE,step0.layer31.gpu_weight_load;step0.layer31.dispatch,3059.149628928,3.197132288,3062.346761216,step0.layer31.gpu_weight_load,grouped expert GEMM
0,31,step0.layer31.pim_gwrite,pim_write,GPU_PIM_IO,step0.layer31.scheduler;step0.layer31.dispatch,3021.400892928,2.228928000,3023.629820928,step0.layer31.scheduler,PIM_GWRITE from Ramulator cycle-v0 table
0,31,step0.layer31.pim_expert_compute,pim_expert,PIM_COMPUTE,step0.layer31.pim_gwrite,3023.629820928,20.054424000,3043.684244928,step0.layer31.pim_gwrite,expert GEMV from Ramulator cycle-v0 table
0,31,step0.layer31.pim_read,pim_read,GPU_PIM_IO,step0.layer31.pim_expert_compute,3043.684244928,0.022464000,3043.706708928,step0.layer31.pim_expert_compute,PIM result read from Ramulator cycle-v0 table
0,31,step0.layer31.combine,combine,GPU_COMPUTE,step0.layer31.gpu_expert_compute;step0.layer31.pim_read,3062.346761216,1.036864000,3063.383625216,step0.layer31.gpu_expert_compute,weighted expert combine
0,31,step0.layer31.residual2,residual,GPU_COMPUTE,step0.layer31.combine,3063.383625216,1.012288000,3064.395913216,step0.layer31.combine,residual add
0,32,step0.layer32.norm1,norm,GPU_COMPUTE,step0.layer31.residual2,3064.395913216,1.008192000,3065.404105216,step0.layer31.residual2,RMSNorm
0,32,step0.layer32.qkv,qkv,GPU_COMPUTE,step0.layer32.norm1,3065.404105216,3.635776000,3069.039881216,step0.layer32.norm1,QKV projection
0,32,step0.layer32.rope,rope,GPU_COMPUTE,step0.layer32.qkv,3069.039881216,1.018432000,3070.058313216,step0.layer32.qkv,QK norm and RoPE
0,32,step0.layer32.attention,attention,PIM_COMPUTE,step0.layer32.rope,3070.058313216,18.905016000,3088.963329216,step0.layer32.rope,decode attention from Ramulator cycle-v0 table
0,32,step0.layer32.o_proj,attention_output,GPU_COMPUTE,step0.layer32.attention,3088.963329216,3.109440000,3092.072769216,step0.layer32.attention,attention output projection
0,32,step0.layer32.residual1,residual,GPU_COMPUTE,step0.layer32.o_proj,3092.072769216,1.012288000,3093.085057216,step0.layer32.o_proj,residual add
0,32,step0.layer32.norm2,norm,GPU_COMPUTE,step0.layer32.residual1,3093.085057216,1.008192000,3094.093249216,step0.layer32.residual1,RMSNorm
0,32,step0.layer32.router,router,GPU_COMPUTE,step0.layer32.norm2,3094.093249216,2.069888000,3096.163137216,step0.layer32.norm2,MoE router
0,32,step0.layer32.metadata,metadata,GPU_COMPUTE,step0.layer32.router,3096.163137216,1.000128000,3097.163265216,step0.layer32.router,routing metadata
0,32,step0.layer32.dispatch,dispatch,,step0.layer32.metadata,3097.163265216,0.000000000,3097.163265216,step0.layer32.metadata,single-GPU dispatch placeholder
0,32,step0.layer32.scheduler,scheduler,GPU_COMPUTE,step0.layer32.metadata,3097.163265216,20.000000000,3117.163265216,step0.layer32.metadata,sieve placement policy
0,32,step0.layer32.gpu_weight_load,gpu_weight_load,HBM_MEM_PATH,step0.layer32.scheduler,3117.163265216,37.748736000,3154.912001216,step0.layer32.scheduler,expert weights HBM to GPU
0,32,step0.layer32.gpu_expert_compute,gpu_expert,GPU_COMPUTE,step0.layer32.gpu_weight_load;step0.layer32.dispatch,3154.912001216,3.197132288,3158.109133504,step0.layer32.gpu_weight_load,grouped expert GEMM
0,32,step0.layer32.pim_gwrite,pim_write,GPU_PIM_IO,step0.layer32.scheduler;step0.layer32.dispatch,3117.163265216,2.228928000,3119.392193216,step0.layer32.scheduler,PIM_GWRITE from Ramulator cycle-v0 table
0,32,step0.layer32.pim_expert_compute,pim_expert,PIM_COMPUTE,step0.layer32.pim_gwrite,3119.392193216,20.054424000,3139.446617216,step0.layer32.pim_gwrite,expert GEMV from Ramulator cycle-v0 table
0,32,step0.layer32.pim_read,pim_read,GPU_PIM_IO,step0.layer32.pim_expert_compute,3139.446617216,0.022464000,3139.469081216,step0.layer32.pim_expert_compute,PIM result read from Ramulator cycle-v0 table
0,32,step0.layer32.combine,combine,GPU_COMPUTE,step0.layer32.gpu_expert_compute;step0.layer32.pim_read,3158.109133504,1.036864000,3159.145997504,step0.layer32.gpu_expert_compute,weighted expert combine
0,32,step0.layer32.residual2,residual,GPU_COMPUTE,step0.layer32.combine,3159.145997504,1.012288000,3160.158285504,step0.layer32.combine,residual add
0,33,step0.layer33.norm1,norm,GPU_COMPUTE,step0.layer32.residual2,3160.158285504,1.008192000,3161.166477504,step0.layer32.residual2,RMSNorm
0,33,step0.layer33.qkv,qkv,GPU_COMPUTE,step0.layer33.norm1,3161.166477504,3.635776000,3164.802253504,step0.layer33.norm1,QKV projection
0,33,step0.layer33.rope,rope,GPU_COMPUTE,step0.layer33.qkv,3164.802253504,1.018432000,3165.820685504,step0.layer33.qkv,QK norm and RoPE
0,33,step0.layer33.attention,attention,PIM_COMPUTE,step0.layer33.rope,3165.820685504,18.905016000,3184.725701504,step0.layer33.rope,decode attention from Ramulator cycle-v0 table
0,33,step0.layer33.o_proj,attention_output,GPU_COMPUTE,step0.layer33.attention,3184.725701504,3.109440000,3187.835141504,step0.layer33.attention,attention output projection
0,33,step0.layer33.residual1,residual,GPU_COMPUTE,step0.layer33.o_proj,3187.835141504,1.012288000,3188.847429504,step0.layer33.o_proj,residual add
0,33,step0.layer33.norm2,norm,GPU_COMPUTE,step0.layer33.residual1,3188.847429504,1.008192000,3189.855621504,step0.layer33.residual1,RMSNorm
0,33,step0.layer33.router,router,GPU_COMPUTE,step0.layer33.norm2,3189.855621504,2.069888000,3191.925509504,step0.layer33.norm2,MoE router
0,33,step0.layer33.metadata,metadata,GPU_COMPUTE,step0.layer33.router,3191.925509504,1.000128000,3192.925637504,step0.layer33.router,routing metadata
0,33,step0.layer33.dispatch,dispatch,,step0.layer33.metadata,3192.925637504,0.000000000,3192.925637504,step0.layer33.metadata,single-GPU dispatch placeholder
0,33,step0.layer33.scheduler,scheduler,GPU_COMPUTE,step0.layer33.metadata,3192.925637504,20.000000000,3212.925637504,step0.layer33.metadata,sieve placement policy
0,33,step0.layer33.gpu_weight_load,gpu_weight_load,HBM_MEM_PATH,step0.layer33.scheduler,3212.925637504,37.748736000,3250.674373504,step0.layer33.scheduler,expert weights HBM to GPU
0,33,step0.layer33.gpu_expert_compute,gpu_expert,GPU_COMPUTE,step0.layer33.gpu_weight_load;step0.layer33.dispatch,3250.674373504,3.197132288,3253.871505792,step0.layer33.gpu_weight_load,grouped expert GEMM
0,33,step0.layer33.pim_gwrite,pim_write,GPU_PIM_IO,step0.layer33.scheduler;step0.layer33.dispatch,3212.925637504,2.228928000,3215.154565504,step0.layer33.scheduler,PIM_GWRITE from Ramulator cycle-v0 table
0,33,step0.layer33.pim_expert_compute,pim_expert,PIM_COMPUTE,step0.layer33.pim_gwrite,3215.154565504,20.054424000,3235.208989504,step0.layer33.pim_gwrite,expert GEMV from Ramulator cycle-v0 table
0,33,step0.layer33.pim_read,pim_read,GPU_PIM_IO,step0.layer33.pim_expert_compute,3235.208989504,0.022464000,3235.231453504,step0.layer33.pim_expert_compute,PIM result read from Ramulator cycle-v0 table
0,33,step0.layer33.combine,combine,GPU_COMPUTE,step0.layer33.gpu_expert_compute;step0.layer33.pim_read,3253.871505792,1.036864000,3254.908369792,step0.layer33.gpu_expert_compute,weighted expert combine
0,33,step0.layer33.residual2,residual,GPU_COMPUTE,step0.layer33.combine,3254.908369792,1.012288000,3255.920657792,step0.layer33.combine,residual add
0,34,step0.layer34.norm1,norm,GPU_COMPUTE,step0.layer33.residual2,3255.920657792,1.008192000,3256.928849792,step0.layer33.residual2,RMSNorm
0,34,step0.layer34.qkv,qkv,GPU_COMPUTE,step0.layer34.norm1,3256.928849792,3.635776000,3260.564625792,step0.layer34.norm1,QKV projection
0,34,step0.layer34.rope,rope,GPU_COMPUTE,step0.layer34.qkv,3260.564625792,1.018432000,3261.583057792,step0.layer34.qkv,QK norm and RoPE
0,34,step0.layer34.attention,attention,PIM_COMPUTE,step0.layer34.rope,3261.583057792,18.905016000,3280.488073792,step0.layer34.rope,decode attention from Ramulator cycle-v0 table
0,34,step0.layer34.o_proj,attention_output,GPU_COMPUTE,step0.layer34.attention,3280.488073792,3.109440000,3283.597513792,step0.layer34.attention,attention output projection
0,34,step0.layer34.residual1,residual,GPU_COMPUTE,step0.layer34.o_proj,3283.597513792,1.012288000,3284.609801792,step0.layer34.o_proj,residual add
0,34,step0.layer34.norm2,norm,GPU_COMPUTE,step0.layer34.residual1,3284.609801792,1.008192000,3285.617993792,step0.layer34.residual1,RMSNorm
0,34,step0.layer34.router,router,GPU_COMPUTE,step0.layer34.norm2,3285.617993792,2.069888000,3287.687881792,step0.layer34.norm2,MoE router
0,34,step0.layer34.metadata,metadata,GPU_COMPUTE,step0.layer34.router,3287.687881792,1.000128000,3288.688009792,step0.layer34.router,routing metadata
0,34,step0.layer34.dispatch,dispatch,,step0.layer34.metadata,3288.688009792,0.000000000,3288.688009792,step0.layer34.metadata,single-GPU dispatch placeholder
0,34,step0.layer34.scheduler,scheduler,GPU_COMPUTE,step0.layer34.metadata,3288.688009792,20.000000000,3308.688009792,step0.layer34.metadata,sieve placement policy
0,34,step0.layer34.gpu_weight_load,gpu_weight_load,HBM_MEM_PATH,step0.layer34.scheduler,3308.688009792,37.748736000,3346.436745792,step0.layer34.scheduler,expert weights HBM to GPU
0,34,step0.layer34.gpu_expert_compute,gpu_expert,GPU_COMPUTE,step0.layer34.gpu_weight_load;step0.layer34.dispatch,3346.436745792,3.197132288,3349.633878080,step0.layer34.gpu_weight_load,grouped expert GEMM
0,34,step0.layer34.pim_gwrite,pim_write,GPU_PIM_IO,step0.layer34.scheduler;step0.layer34.dispatch,3308.688009792,2.228928000,3310.916937792,step0.layer34.scheduler,PIM_GWRITE from Ramulator cycle-v0 table
0,34,step0.layer34.pim_expert_compute,pim_expert,PIM_COMPUTE,step0.layer34.pim_gwrite,3310.916937792,20.054424000,3330.971361792,step0.layer34.pim_gwrite,expert GEMV from Ramulator cycle-v0 table
0,34,step0.layer34.pim_read,pim_read,GPU_PIM_IO,step0.layer34.pim_expert_compute,3330.971361792,0.022464000,3330.993825792,step0.layer34.pim_expert_compute,PIM result read from Ramulator cycle-v0 table
0,34,step0.layer34.combine,combine,GPU_COMPUTE,step0.layer34.gpu_expert_compute;step0.layer34.pim_read,3349.633878080,1.036864000,3350.670742080,step0.layer34.gpu_expert_compute,weighted expert combine
0,34,step0.layer34.residual2,residual,GPU_COMPUTE,step0.layer34.combine,3350.670742080,1.012288000,3351.683030080,step0.layer34.combine,residual add
0,35,step0.layer35.norm1,norm,GPU_COMPUTE,step0.layer34.residual2,3351.683030080,1.008192000,3352.691222080,step0.layer34.residual2,RMSNorm
0,35,step0.layer35.qkv,qkv,GPU_COMPUTE,step0.layer35.norm1,3352.691222080,3.635776000,3356.326998080,step0.layer35.norm1,QKV projection
0,35,step0.layer35.rope,rope,GPU_COMPUTE,step0.layer35.qkv,3356.326998080,1.018432000,3357.345430080,step0.layer35.qkv,QK norm and RoPE
0,35,step0.layer35.attention,attention,PIM_COMPUTE,step0.layer35.rope,3357.345430080,18.905016000,3376.250446080,step0.layer35.rope,decode attention from Ramulator cycle-v0 table
0,35,step0.layer35.o_proj,attention_output,GPU_COMPUTE,step0.layer35.attention,3376.250446080,3.109440000,3379.359886080,step0.layer35.attention,attention output projection
0,35,step0.layer35.residual1,residual,GPU_COMPUTE,step0.layer35.o_proj,3379.359886080,1.012288000,3380.372174080,step0.layer35.o_proj,residual add
0,35,step0.layer35.norm2,norm,GPU_COMPUTE,step0.layer35.residual1,3380.372174080,1.008192000,3381.380366080,step0.layer35.residual1,RMSNorm
0,35,step0.layer35.router,router,GPU_COMPUTE,step0.layer35.norm2,3381.380366080,2.069888000,3383.450254080,step0.layer35.norm2,MoE router
0,35,step0.layer35.metadata,metadata,GPU_COMPUTE,step0.layer35.router,3383.450254080,1.000128000,3384.450382080,step0.layer35.router,routing metadata
0,35,step0.layer35.dispatch,dispatch,,step0.layer35.metadata,3384.450382080,0.000000000,3384.450382080,step0.layer35.metadata,single-GPU dispatch placeholder
0,35,step0.layer35.scheduler,scheduler,GPU_COMPUTE,step0.layer35.metadata,3384.450382080,20.000000000,3404.450382080,step0.layer35.metadata,sieve placement policy
0,35,step0.layer35.gpu_weight_load,gpu_weight_load,HBM_MEM_PATH,step0.layer35.scheduler,3404.450382080,37.748736000,3442.199118080,step0.layer35.scheduler,expert weights HBM to GPU
0,35,step0.layer35.gpu_expert_compute,gpu_expert,GPU_COMPUTE,step0.layer35.gpu_weight_load;step0.layer35.dispatch,3442.199118080,3.197132288,3445.396250368,step0.layer35.gpu_weight_load,grouped expert GEMM
0,35,step0.layer35.pim_gwrite,pim_write,GPU_PIM_IO,step0.layer35.scheduler;step0.layer35.dispatch,3404.450382080,2.228928000,3406.679310080,step0.layer35.scheduler,PIM_GWRITE from Ramulator cycle-v0 table
0,35,step0.layer35.pim_expert_compute,pim_expert,PIM_COMPUTE,step0.layer35.pim_gwrite,3406.679310080,20.054424000,3426.733734080,step0.layer35.pim_gwrite,expert GEMV from Ramulator cycle-v0 table
0,35,step0.layer35.pim_read,pim_read,GPU_PIM_IO,step0.layer35.pim_expert_compute,3426.733734080,0.022464000,3426.756198080,step0.layer35.pim_expert_compute,PIM result read from Ramulator cycle-v0 table
0,35,step0.layer35.combine,combine,GPU_COMPUTE,step0.layer35.gpu_expert_compute;step0.layer35.pim_read,3445.396250368,1.036864000,3446.433114368,step0.layer35.gpu_expert_compute,weighted expert combine
0,35,step0.layer35.residual2,residual,GPU_COMPUTE,step0.layer35.combine,3446.433114368,1.012288000,3447.445402368,step0.layer35.combine,residual add
0,36,step0.layer36.norm1,norm,GPU_COMPUTE,step0.layer35.residual2,3447.445402368,1.008192000,3448.453594368,step0.layer35.residual2,RMSNorm
0,36,step0.layer36.qkv,qkv,GPU_COMPUTE,step0.layer36.norm1,3448.453594368,3.635776000,3452.089370368,step0.layer36.norm1,QKV projection
0,36,step0.layer36.rope,rope,GPU_COMPUTE,step0.layer36.qkv,3452.089370368,1.018432000,3453.107802368,step0.layer36.qkv,QK norm and RoPE
0,36,step0.layer36.attention,attention,PIM_COMPUTE,step0.layer36.rope,3453.107802368,18.905016000,3472.012818368,step0.layer36.rope,decode attention from Ramulator cycle-v0 table
0,36,step0.layer36.o_proj,attention_output,GPU_COMPUTE,step0.layer36.attention,3472.012818368,3.109440000,3475.122258368,step0.layer36.attention,attention output projection
0,36,step0.layer36.residual1,residual,GPU_COMPUTE,step0.layer36.o_proj,3475.122258368,1.012288000,3476.134546368,step0.layer36.o_proj,residual add
0,36,step0.layer36.norm2,norm,GPU_COMPUTE,step0.layer36.residual1,3476.134546368,1.008192000,3477.142738368,step0.layer36.residual1,RMSNorm
0,36,step0.layer36.router,router,GPU_COMPUTE,step0.layer36.norm2,3477.142738368,2.069888000,3479.212626368,step0.layer36.norm2,MoE router
0,36,step0.layer36.metadata,metadata,GPU_COMPUTE,step0.layer36.router,3479.212626368,1.000128000,3480.212754368,step0.layer36.router,routing metadata
0,36,step0.layer36.dispatch,dispatch,,step0.layer36.metadata,3480.212754368,0.000000000,3480.212754368,step0.layer36.metadata,single-GPU dispatch placeholder
0,36,step0.layer36.scheduler,scheduler,GPU_COMPUTE,step0.layer36.metadata,3480.212754368,20.000000000,3500.212754368,step0.layer36.metadata,sieve placement policy
0,36,step0.layer36.gpu_weight_load,gpu_weight_load,HBM_MEM_PATH,step0.layer36.scheduler,3500.212754368,37.748736000,3537.961490368,step0.layer36.scheduler,expert weights HBM to GPU
0,36,step0.layer36.gpu_expert_compute,gpu_expert,GPU_COMPUTE,step0.layer36.gpu_weight_load;step0.layer36.dispatch,3537.961490368,3.197132288,3541.158622656,step0.layer36.gpu_weight_load,grouped expert GEMM
0,36,step0.layer36.pim_gwrite,pim_write,GPU_PIM_IO,step0.layer36.scheduler;step0.layer36.dispatch,3500.212754368,2.228928000,3502.441682368,step0.layer36.scheduler,PIM_GWRITE from Ramulator cycle-v0 table
0,36,step0.layer36.pim_expert_compute,pim_expert,PIM_COMPUTE,step0.layer36.pim_gwrite,3502.441682368,20.054424000,3522.496106368,step0.layer36.pim_gwrite,expert GEMV from Ramulator cycle-v0 table
0,36,step0.layer36.pim_read,pim_read,GPU_PIM_IO,step0.layer36.pim_expert_compute,3522.496106368,0.022464000,3522.518570368,step0.layer36.pim_expert_compute,PIM result read from Ramulator cycle-v0 table
0,36,step0.layer36.combine,combine,GPU_COMPUTE,step0.layer36.gpu_expert_compute;step0.layer36.pim_read,3541.158622656,1.036864000,3542.195486656,step0.layer36.gpu_expert_compute,weighted expert combine
0,36,step0.layer36.residual2,residual,GPU_COMPUTE,step0.layer36.combine,3542.195486656,1.012288000,3543.207774656,step0.layer36.combine,residual add
0,37,step0.layer37.norm1,norm,GPU_COMPUTE,step0.layer36.residual2,3543.207774656,1.008192000,3544.215966656,step0.layer36.residual2,RMSNorm
0,37,step0.layer37.qkv,qkv,GPU_COMPUTE,step0.layer37.norm1,3544.215966656,3.635776000,3547.851742656,step0.layer37.norm1,QKV projection
0,37,step0.layer37.rope,rope,GPU_COMPUTE,step0.layer37.qkv,3547.851742656,1.018432000,3548.870174656,step0.layer37.qkv,QK norm and RoPE
0,37,step0.layer37.attention,attention,PIM_COMPUTE,step0.layer37.rope,3548.870174656,18.905016000,3567.775190656,step0.layer37.rope,decode attention from Ramulator cycle-v0 table
0,37,step0.layer37.o_proj,attention_output,GPU_COMPUTE,step0.layer37.attention,3567.775190656,3.109440000,3570.884630656,step0.layer37.attention,attention output projection
0,37,step0.layer37.residual1,residual,GPU_COMPUTE,step0.layer37.o_proj,3570.884630656,1.012288000,3571.896918656,step0.layer37.o_proj,residual add
0,37,step0.layer37.norm2,norm,GPU_COMPUTE,step0.layer37.residual1,3571.896918656,1.008192000,3572.905110656,step0.layer37.residual1,RMSNorm
0,37,step0.layer37.router,router,GPU_COMPUTE,step0.layer37.norm2,3572.905110656,2.069888000,3574.974998656,step0.layer37.norm2,MoE router
0,37,step0.layer37.metadata,metadata,GPU_COMPUTE,step0.layer37.router,3574.974998656,1.000128000,3575.975126656,step0.layer37.router,routing metadata
0,37,step0.layer37.dispatch,dispatch,,step0.layer37.metadata,3575.975126656,0.000000000,3575.975126656,step0.layer37.metadata,single-GPU dispatch placeholder
0,37,step0.layer37.scheduler,scheduler,GPU_COMPUTE,step0.layer37.metadata,3575.975126656,20.000000000,3595.975126656,step0.layer37.metadata,sieve placement policy
0,37,step0.layer37.gpu_weight_load,gpu_weight_load,HBM_MEM_PATH,step0.layer37.scheduler,3595.975126656,37.748736000,3633.723862656,step0.layer37.scheduler,expert weights HBM to GPU
0,37,step0.layer37.gpu_expert_compute,gpu_expert,GPU_COMPUTE,step0.layer37.gpu_weight_load;step0.layer37.dispatch,3633.723862656,3.197132288,3636.920994944,step0.layer37.gpu_weight_load,grouped expert GEMM
0,37,step0.layer37.pim_gwrite,pim_write,GPU_PIM_IO,step0.layer37.scheduler;step0.layer37.dispatch,3595.975126656,2.228928000,3598.204054656,step0.layer37.scheduler,PIM_GWRITE from Ramulator cycle-v0 table
0,37,step0.layer37.pim_expert_compute,pim_expert,PIM_COMPUTE,step0.layer37.pim_gwrite,3598.204054656,20.054424000,3618.258478656,step0.layer37.pim_gwrite,expert GEMV from Ramulator cycle-v0 table
0,37,step0.layer37.pim_read,pim_read,GPU_PIM_IO,step0.layer37.pim_expert_compute,3618.258478656,0.022464000,3618.280942656,step0.layer37.pim_expert_compute,PIM result read from Ramulator cycle-v0 table
0,37,step0.layer37.combine,combine,GPU_COMPUTE,step0.layer37.gpu_expert_compute;step0.layer37.pim_read,3636.920994944,1.036864000,3637.957858944,step0.layer37.gpu_expert_compute,weighted expert combine
0,37,step0.layer37.residual2,residual,GPU_COMPUTE,step0.layer37.combine,3637.957858944,1.012288000,3638.970146944,step0.layer37.combine,residual add
0,38,step0.layer38.norm1,norm,GPU_COMPUTE,step0.layer37.residual2,3638.970146944,1.008192000,3639.978338944,step0.layer37.residual2,RMSNorm
0,38,step0.layer38.qkv,qkv,GPU_COMPUTE,step0.layer38.norm1,3639.978338944,3.635776000,3643.614114944,step0.layer38.norm1,QKV projection
0,38,step0.layer38.rope,rope,GPU_COMPUTE,step0.layer38.qkv,3643.614114944,1.018432000,3644.632546944,step0.layer38.qkv,QK norm and RoPE
0,38,step0.layer38.attention,attention,PIM_COMPUTE,step0.layer38.rope,3644.632546944,18.905016000,3663.537562944,step0.layer38.rope,decode attention from Ramulator cycle-v0 table
0,38,step0.layer38.o_proj,attention_output,GPU_COMPUTE,step0.layer38.attention,3663.537562944,3.109440000,3666.647002944,step0.layer38.attention,attention output projection
0,38,step0.layer38.residual1,residual,GPU_COMPUTE,step0.layer38.o_proj,3666.647002944,1.012288000,3667.659290944,step0.layer38.o_proj,residual add
0,38,step0.layer38.norm2,norm,GPU_COMPUTE,step0.layer38.residual1,3667.659290944,1.008192000,3668.667482944,step0.layer38.residual1,RMSNorm
0,38,step0.layer38.router,router,GPU_COMPUTE,step0.layer38.norm2,3668.667482944,2.069888000,3670.737370944,step0.layer38.norm2,MoE router
0,38,step0.layer38.metadata,metadata,GPU_COMPUTE,step0.layer38.router,3670.737370944,1.000128000,3671.737498944,step0.layer38.router,routing metadata
0,38,step0.layer38.dispatch,dispatch,,step0.layer38.metadata,3671.737498944,0.000000000,3671.737498944,step0.layer38.metadata,single-GPU dispatch placeholder
0,38,step0.layer38.scheduler,scheduler,GPU_COMPUTE,step0.layer38.metadata,3671.737498944,20.000000000,3691.737498944,step0.layer38.metadata,sieve placement policy
0,38,step0.layer38.gpu_weight_load,gpu_weight_load,HBM_MEM_PATH,step0.layer38.scheduler,3691.737498944,37.748736000,3729.486234944,step0.layer38.scheduler,expert weights HBM to GPU
0,38,step0.layer38.gpu_expert_compute,gpu_expert,GPU_COMPUTE,step0.layer38.gpu_weight_load;step0.layer38.dispatch,3729.486234944,3.197132288,3732.683367232,step0.layer38.gpu_weight_load,grouped expert GEMM
0,38,step0.layer38.pim_gwrite,pim_write,GPU_PIM_IO,step0.layer38.scheduler;step0.layer38.dispatch,3691.737498944,2.228928000,3693.966426944,step0.layer38.scheduler,PIM_GWRITE from Ramulator cycle-v0 table
0,38,step0.layer38.pim_expert_compute,pim_expert,PIM_COMPUTE,step0.layer38.pim_gwrite,3693.966426944,20.054424000,3714.020850944,step0.layer38.pim_gwrite,expert GEMV from Ramulator cycle-v0 table
0,38,step0.layer38.pim_read,pim_read,GPU_PIM_IO,step0.layer38.pim_expert_compute,3714.020850944,0.022464000,3714.043314944,step0.layer38.pim_expert_compute,PIM result read from Ramulator cycle-v0 table
0,38,step0.layer38.combine,combine,GPU_COMPUTE,step0.layer38.gpu_expert_compute;step0.layer38.pim_read,3732.683367232,1.036864000,3733.720231232,step0.layer38.gpu_expert_compute,weighted expert combine
0,38,step0.layer38.residual2,residual,GPU_COMPUTE,step0.layer38.combine,3733.720231232,1.012288000,3734.732519232,step0.layer38.combine,residual add
0,39,step0.layer39.norm1,norm,GPU_COMPUTE,step0.layer38.residual2,3734.732519232,1.008192000,3735.740711232,step0.layer38.residual2,RMSNorm
0,39,step0.layer39.qkv,qkv,GPU_COMPUTE,step0.layer39.norm1,3735.740711232,3.635776000,3739.376487232,step0.layer39.norm1,QKV projection
0,39,step0.layer39.rope,rope,GPU_COMPUTE,step0.layer39.qkv,3739.376487232,1.018432000,3740.394919232,step0.layer39.qkv,QK norm and RoPE
0,39,step0.layer39.attention,attention,PIM_COMPUTE,step0.layer39.rope,3740.394919232,18.905016000,3759.299935232,step0.layer39.rope,decode attention from Ramulator cycle-v0 table
0,39,step0.layer39.o_proj,attention_output,GPU_COMPUTE,step0.layer39.attention,3759.299935232,3.109440000,3762.409375232,step0.layer39.attention,attention output projection
0,39,step0.layer39.residual1,residual,GPU_COMPUTE,step0.layer39.o_proj,3762.409375232,1.012288000,3763.421663232,step0.layer39.o_proj,residual add
0,39,step0.layer39.norm2,norm,GPU_COMPUTE,step0.layer39.residual1,3763.421663232,1.008192000,3764.429855232,step0.layer39.residual1,RMSNorm
0,39,step0.layer39.router,router,GPU_COMPUTE,step0.layer39.norm2,3764.429855232,2.069888000,3766.499743232,step0.layer39.norm2,MoE router
0,39,step0.layer39.metadata,metadata,GPU_COMPUTE,step0.layer39.router,3766.499743232,1.000128000,3767.499871232,step0.layer39.router,routing metadata
0,39,step0.layer39.dispatch,dispatch,,step0.layer39.metadata,3767.499871232,0.000000000,3767.499871232,step0.layer39.metadata,single-GPU dispatch placeholder
0,39,step0.layer39.scheduler,scheduler,GPU_COMPUTE,step0.layer39.metadata,3767.499871232,20.000000000,3787.499871232,step0.layer39.metadata,sieve placement policy
0,39,step0.layer39.gpu_weight_load,gpu_weight_load,HBM_MEM_PATH,step0.layer39.scheduler,3787.499871232,37.748736000,3825.248607232,step0.layer39.scheduler,expert weights HBM to GPU
0,39,step0.layer39.gpu_expert_compute,gpu_expert,GPU_COMPUTE,step0.layer39.gpu_weight_load;step0.layer39.dispatch,3825.248607232,3.197132288,3828.445739520,step0.layer39.gpu_weight_load,grouped expert GEMM
0,39,step0.layer39.pim_gwrite,pim_write,GPU_PIM_IO,step0.layer39.scheduler;step0.layer39.dispatch,3787.499871232,2.228928000,3789.728799232,step0.layer39.scheduler,PIM_GWRITE from Ramulator cycle-v0 table
0,39,step0.layer39.pim_expert_compute,pim_expert,PIM_COMPUTE,step0.layer39.pim_gwrite,3789.728799232,20.054424000,3809.783223232,step0.layer39.pim_gwrite,expert GEMV from Ramulator cycle-v0 table
0,39,step0.layer39.pim_read,pim_read,GPU_PIM_IO,step0.layer39.pim_expert_compute,3809.783223232,0.022464000,3809.805687232,step0.layer39.pim_expert_compute,PIM result read from Ramulator cycle-v0 table
0,39,step0.layer39.combine,combine,GPU_COMPUTE,step0.layer39.gpu_expert_compute;step0.layer39.pim_read,3828.445739520,1.036864000,3829.482603520,step0.layer39.gpu_expert_compute,weighted expert combine
0,39,step0.layer39.residual2,residual,GPU_COMPUTE,step0.layer39.combine,3829.482603520,1.012288000,3830.494891520,step0.layer39.combine,residual add
0,40,step0.layer40.norm1,norm,GPU_COMPUTE,step0.layer39.residual2,3830.494891520,1.008192000,3831.503083520,step0.layer39.residual2,RMSNorm
0,40,step0.layer40.qkv,qkv,GPU_COMPUTE,step0.layer40.norm1,3831.503083520,3.635776000,3835.138859520,step0.layer40.norm1,QKV projection
0,40,step0.layer40.rope,rope,GPU_COMPUTE,step0.layer40.qkv,3835.138859520,1.018432000,3836.157291520,step0.layer40.qkv,QK norm and RoPE
0,40,step0.layer40.attention,attention,PIM_COMPUTE,step0.layer40.rope,3836.157291520,18.905016000,3855.062307520,step0.layer40.rope,decode attention from Ramulator cycle-v0 table
0,40,step0.layer40.o_proj,attention_output,GPU_COMPUTE,step0.layer40.attention,3855.062307520,3.109440000,3858.171747520,step0.layer40.attention,attention output projection
0,40,step0.layer40.residual1,residual,GPU_COMPUTE,step0.layer40.o_proj,3858.171747520,1.012288000,3859.184035520,step0.layer40.o_proj,residual add
0,40,step0.layer40.norm2,norm,GPU_COMPUTE,step0.layer40.residual1,3859.184035520,1.008192000,3860.192227520,step0.layer40.residual1,RMSNorm
0,40,step0.layer40.router,router,GPU_COMPUTE,step0.layer40.norm2,3860.192227520,2.069888000,3862.262115520,step0.layer40.norm2,MoE router
0,40,step0.layer40.metadata,metadata,GPU_COMPUTE,step0.layer40.router,3862.262115520,1.000128000,3863.262243520,step0.layer40.router,routing metadata
0,40,step0.layer40.dispatch,dispatch,,step0.layer40.metadata,3863.262243520,0.000000000,3863.262243520,step0.layer40.metadata,single-GPU dispatch placeholder
0,40,step0.layer40.scheduler,scheduler,GPU_COMPUTE,step0.layer40.metadata,3863.262243520,20.000000000,3883.262243520,step0.layer40.metadata,sieve placement policy
0,40,step0.layer40.gpu_weight_load,gpu_weight_load,HBM_MEM_PATH,step0.layer40.scheduler,3883.262243520,37.748736000,3921.010979520,step0.layer40.scheduler,expert weights HBM to GPU
0,40,step0.layer40.gpu_expert_compute,gpu_expert,GPU_COMPUTE,step0.layer40.gpu_weight_load;step0.layer40.dispatch,3921.010979520,3.197132288,3924.208111808,step0.layer40.gpu_weight_load,grouped expert GEMM
0,40,step0.layer40.pim_gwrite,pim_write,GPU_PIM_IO,step0.layer40.scheduler;step0.layer40.dispatch,3883.262243520,2.228928000,3885.491171520,step0.layer40.scheduler,PIM_GWRITE from Ramulator cycle-v0 table
0,40,step0.layer40.pim_expert_compute,pim_expert,PIM_COMPUTE,step0.layer40.pim_gwrite,3885.491171520,20.054424000,3905.545595520,step0.layer40.pim_gwrite,expert GEMV from Ramulator cycle-v0 table
0,40,step0.layer40.pim_read,pim_read,GPU_PIM_IO,step0.layer40.pim_expert_compute,3905.545595520,0.022464000,3905.568059520,step0.layer40.pim_expert_compute,PIM result read from Ramulator cycle-v0 table
0,40,step0.layer40.combine,combine,GPU_COMPUTE,step0.layer40.gpu_expert_compute;step0.layer40.pim_read,3924.208111808,1.036864000,3925.244975808,step0.layer40.gpu_expert_compute,weighted expert combine
0,40,step0.layer40.residual2,residual,GPU_COMPUTE,step0.layer40.combine,3925.244975808,1.012288000,3926.257263808,step0.layer40.combine,residual add
0,41,step0.layer41.norm1,norm,GPU_COMPUTE,step0.layer40.residual2,3926.257263808,1.008192000,3927.265455808,step0.layer40.residual2,RMSNorm
0,41,step0.layer41.qkv,qkv,GPU_COMPUTE,step0.layer41.norm1,3927.265455808,3.635776000,3930.901231808,step0.layer41.norm1,QKV projection
0,41,step0.layer41.rope,rope,GPU_COMPUTE,step0.layer41.qkv,3930.901231808,1.018432000,3931.919663808,step0.layer41.qkv,QK norm and RoPE
0,41,step0.layer41.attention,attention,PIM_COMPUTE,step0.layer41.rope,3931.919663808,18.905016000,3950.824679808,step0.layer41.rope,decode attention from Ramulator cycle-v0 table
0,41,step0.layer41.o_proj,attention_output,GPU_COMPUTE,step0.layer41.attention,3950.824679808,3.109440000,3953.934119808,step0.layer41.attention,attention output projection
0,41,step0.layer41.residual1,residual,GPU_COMPUTE,step0.layer41.o_proj,3953.934119808,1.012288000,3954.946407808,step0.layer41.o_proj,residual add
0,41,step0.layer41.norm2,norm,GPU_COMPUTE,step0.layer41.residual1,3954.946407808,1.008192000,3955.954599808,step0.layer41.residual1,RMSNorm
0,41,step0.layer41.router,router,GPU_COMPUTE,step0.layer41.norm2,3955.954599808,2.069888000,3958.024487808,step0.layer41.norm2,MoE router
0,41,step0.layer41.metadata,metadata,GPU_COMPUTE,step0.layer41.router,3958.024487808,1.000128000,3959.024615808,step0.layer41.router,routing metadata
0,41,step0.layer41.dispatch,dispatch,,step0.layer41.metadata,3959.024615808,0.000000000,3959.024615808,step0.layer41.metadata,single-GPU dispatch placeholder
0,41,step0.layer41.scheduler,scheduler,GPU_COMPUTE,step0.layer41.metadata,3959.024615808,20.000000000,3979.024615808,step0.layer41.metadata,sieve placement policy
0,41,step0.layer41.gpu_weight_load,gpu_weight_load,HBM_MEM_PATH,step0.layer41.scheduler,3979.024615808,37.748736000,4016.773351808,step0.layer41.scheduler,expert weights HBM to GPU
0,41,step0.layer41.gpu_expert_compute,gpu_expert,GPU_COMPUTE,step0.layer41.gpu_weight_load;step0.layer41.dispatch,4016.773351808,3.197132288,4019.970484096,step0.layer41.gpu_weight_load,grouped expert GEMM
0,41,step0.layer41.pim_gwrite,pim_write,GPU_PIM_IO,step0.layer41.scheduler;step0.layer41.dispatch,3979.024615808,2.228928000,3981.253543808,step0.layer41.scheduler,PIM_GWRITE from Ramulator cycle-v0 table
0,41,step0.layer41.pim_expert_compute,pim_expert,PIM_COMPUTE,step0.layer41.pim_gwrite,3981.253543808,20.054424000,4001.307967808,step0.layer41.pim_gwrite,expert GEMV from Ramulator cycle-v0 table
0,41,step0.layer41.pim_read,pim_read,GPU_PIM_IO,step0.layer41.pim_expert_compute,4001.307967808,0.022464000,4001.330431808,step0.layer41.pim_expert_compute,PIM result read from Ramulator cycle-v0 table
0,41,step0.layer41.combine,combine,GPU_COMPUTE,step0.layer41.gpu_expert_compute;step0.layer41.pim_read,4019.970484096,1.036864000,4021.007348096,step0.layer41.gpu_expert_compute,weighted expert combine
0,41,step0.layer41.residual2,residual,GPU_COMPUTE,step0.layer41.combine,4021.007348096,1.012288000,4022.019636096,step0.layer41.combine,residual add
0,42,step0.layer42.norm1,norm,GPU_COMPUTE,step0.layer41.residual2,4022.019636096,1.008192000,4023.027828096,step0.layer41.residual2,RMSNorm
0,42,step0.layer42.qkv,qkv,GPU_COMPUTE,step0.layer42.norm1,4023.027828096,3.635776000,4026.663604096,step0.layer42.norm1,QKV projection
0,42,step0.layer42.rope,rope,GPU_COMPUTE,step0.layer42.qkv,4026.663604096,1.018432000,4027.682036096,step0.layer42.qkv,QK norm and RoPE
0,42,step0.layer42.attention,attention,PIM_COMPUTE,step0.layer42.rope,4027.682036096,18.905016000,4046.587052096,step0.layer42.rope,decode attention from Ramulator cycle-v0 table
0,42,step0.layer42.o_proj,attention_output,GPU_COMPUTE,step0.layer42.attention,4046.587052096,3.109440000,4049.696492096,step0.layer42.attention,attention output projection
0,42,step0.layer42.residual1,residual,GPU_COMPUTE,step0.layer42.o_proj,4049.696492096,1.012288000,4050.708780096,step0.layer42.o_proj,residual add
0,42,step0.layer42.norm2,norm,GPU_COMPUTE,step0.layer42.residual1,4050.708780096,1.008192000,4051.716972096,step0.layer42.residual1,RMSNorm
0,42,step0.layer42.router,router,GPU_COMPUTE,step0.layer42.norm2,4051.716972096,2.069888000,4053.786860096,step0.layer42.norm2,MoE router
0,42,step0.layer42.metadata,metadata,GPU_COMPUTE,step0.layer42.router,4053.786860096,1.000128000,4054.786988096,step0.layer42.router,routing metadata
0,42,step0.layer42.dispatch,dispatch,,step0.layer42.metadata,4054.786988096,0.000000000,4054.786988096,step0.layer42.metadata,single-GPU dispatch placeholder
0,42,step0.layer42.scheduler,scheduler,GPU_COMPUTE,step0.layer42.metadata,4054.786988096,20.000000000,4074.786988096,step0.layer42.metadata,sieve placement policy
0,42,step0.layer42.gpu_weight_load,gpu_weight_load,HBM_MEM_PATH,step0.layer42.scheduler,4074.786988096,37.748736000,4112.535724096,step0.layer42.scheduler,expert weights HBM to GPU
0,42,step0.layer42.gpu_expert_compute,gpu_expert,GPU_COMPUTE,step0.layer42.gpu_weight_load;step0.layer42.dispatch,4112.535724096,3.197132288,4115.732856384,step0.layer42.gpu_weight_load,grouped expert GEMM
0,42,step0.layer42.pim_gwrite,pim_write,GPU_PIM_IO,step0.layer42.scheduler;step0.layer42.dispatch,4074.786988096,2.228928000,4077.015916096,step0.layer42.scheduler,PIM_GWRITE from Ramulator cycle-v0 table
0,42,step0.layer42.pim_expert_compute,pim_expert,PIM_COMPUTE,step0.layer42.pim_gwrite,4077.015916096,20.054424000,4097.070340096,step0.layer42.pim_gwrite,expert GEMV from Ramulator cycle-v0 table
0,42,step0.layer42.pim_read,pim_read,GPU_PIM_IO,step0.layer42.pim_expert_compute,4097.070340096,0.022464000,4097.092804096,step0.layer42.pim_expert_compute,PIM result read from Ramulator cycle-v0 table
0,42,step0.layer42.combine,combine,GPU_COMPUTE,step0.layer42.gpu_expert_compute;step0.layer42.pim_read,4115.732856384,1.036864000,4116.769720384,step0.layer42.gpu_expert_compute,weighted expert combine
0,42,step0.layer42.residual2,residual,GPU_COMPUTE,step0.layer42.combine,4116.769720384,1.012288000,4117.782008384,step0.layer42.combine,residual add
0,43,step0.layer43.norm1,norm,GPU_COMPUTE,step0.layer42.residual2,4117.782008384,1.008192000,4118.790200384,step0.layer42.residual2,RMSNorm
0,43,step0.layer43.qkv,qkv,GPU_COMPUTE,step0.layer43.norm1,4118.790200384,3.635776000,4122.425976384,step0.layer43.norm1,QKV projection
0,43,step0.layer43.rope,rope,GPU_COMPUTE,step0.layer43.qkv,4122.425976384,1.018432000,4123.444408384,step0.layer43.qkv,QK norm and RoPE
0,43,step0.layer43.attention,attention,PIM_COMPUTE,step0.layer43.rope,4123.444408384,18.905016000,4142.349424384,step0.layer43.rope,decode attention from Ramulator cycle-v0 table
0,43,step0.layer43.o_proj,attention_output,GPU_COMPUTE,step0.layer43.attention,4142.349424384,3.109440000,4145.458864384,step0.layer43.attention,attention output projection
0,43,step0.layer43.residual1,residual,GPU_COMPUTE,step0.layer43.o_proj,4145.458864384,1.012288000,4146.471152384,step0.layer43.o_proj,residual add
0,43,step0.layer43.norm2,norm,GPU_COMPUTE,step0.layer43.residual1,4146.471152384,1.008192000,4147.479344384,step0.layer43.residual1,RMSNorm
0,43,step0.layer43.router,router,GPU_COMPUTE,step0.layer43.norm2,4147.479344384,2.069888000,4149.549232384,step0.layer43.norm2,MoE router
0,43,step0.layer43.metadata,metadata,GPU_COMPUTE,step0.layer43.router,4149.549232384,1.000128000,4150.549360384,step0.layer43.router,routing metadata
0,43,step0.layer43.dispatch,dispatch,,step0.layer43.metadata,4150.549360384,0.000000000,4150.549360384,step0.layer43.metadata,single-GPU dispatch placeholder
0,43,step0.layer43.scheduler,scheduler,GPU_COMPUTE,step0.layer43.metadata,4150.549360384,20.000000000,4170.549360384,step0.layer43.metadata,sieve placement policy
0,43,step0.layer43.gpu_weight_load,gpu_weight_load,HBM_MEM_PATH,step0.layer43.scheduler,4170.549360384,37.748736000,4208.298096384,step0.layer43.scheduler,expert weights HBM to GPU
0,43,step0.layer43.gpu_expert_compute,gpu_expert,GPU_COMPUTE,step0.layer43.gpu_weight_load;step0.layer43.dispatch,4208.298096384,3.197132288,4211.495228672,step0.layer43.gpu_weight_load,grouped expert GEMM
0,43,step0.layer43.pim_gwrite,pim_write,GPU_PIM_IO,step0.layer43.scheduler;step0.layer43.dispatch,4170.549360384,2.228928000,4172.778288384,step0.layer43.scheduler,PIM_GWRITE from Ramulator cycle-v0 table
0,43,step0.layer43.pim_expert_compute,pim_expert,PIM_COMPUTE,step0.layer43.pim_gwrite,4172.778288384,20.054424000,4192.832712384,step0.layer43.pim_gwrite,expert GEMV from Ramulator cycle-v0 table
0,43,step0.layer43.pim_read,pim_read,GPU_PIM_IO,step0.layer43.pim_expert_compute,4192.832712384,0.022464000,4192.855176384,step0.layer43.pim_expert_compute,PIM result read from Ramulator cycle-v0 table
0,43,step0.layer43.combine,combine,GPU_COMPUTE,step0.layer43.gpu_expert_compute;step0.layer43.pim_read,4211.495228672,1.036864000,4212.532092672,step0.layer43.gpu_expert_compute,weighted expert combine
0,43,step0.layer43.residual2,residual,GPU_COMPUTE,step0.layer43.combine,4212.532092672,1.012288000,4213.544380672,step0.layer43.combine,residual add
0,44,step0.layer44.norm1,norm,GPU_COMPUTE,step0.layer43.residual2,4213.544380672,1.008192000,4214.552572672,step0.layer43.residual2,RMSNorm
0,44,step0.layer44.qkv,qkv,GPU_COMPUTE,step0.layer44.norm1,4214.552572672,3.635776000,4218.188348672,step0.layer44.norm1,QKV projection
0,44,step0.layer44.rope,rope,GPU_COMPUTE,step0.layer44.qkv,4218.188348672,1.018432000,4219.206780672,step0.layer44.qkv,QK norm and RoPE
0,44,step0.layer44.attention,attention,PIM_COMPUTE,step0.layer44.rope,4219.206780672,18.905016000,4238.111796672,step0.layer44.rope,decode attention from Ramulator cycle-v0 table
0,44,step0.layer44.o_proj,attention_output,GPU_COMPUTE,step0.layer44.attention,4238.111796672,3.109440000,4241.221236672,step0.layer44.attention,attention output projection
0,44,step0.layer44.residual1,residual,GPU_COMPUTE,step0.layer44.o_proj,4241.221236672,1.012288000,4242.233524672,step0.layer44.o_proj,residual add
0,44,step0.layer44.norm2,norm,GPU_COMPUTE,step0.layer44.residual1,4242.233524672,1.008192000,4243.241716672,step0.layer44.residual1,RMSNorm
0,44,step0.layer44.router,router,GPU_COMPUTE,step0.layer44.norm2,4243.241716672,2.069888000,4245.311604672,step0.layer44.norm2,MoE router
0,44,step0.layer44.metadata,metadata,GPU_COMPUTE,step0.layer44.router,4245.311604672,1.000128000,4246.311732672,step0.layer44.router,routing metadata
0,44,step0.layer44.dispatch,dispatch,,step0.layer44.metadata,4246.311732672,0.000000000,4246.311732672,step0.layer44.metadata,single-GPU dispatch placeholder
0,44,step0.layer44.scheduler,scheduler,GPU_COMPUTE,step0.layer44.metadata,4246.311732672,20.000000000,4266.311732672,step0.layer44.metadata,sieve placement policy
0,44,step0.layer44.gpu_weight_load,gpu_weight_load,HBM_MEM_PATH,step0.layer44.scheduler,4266.311732672,37.748736000,4304.060468672,step0.layer44.scheduler,expert weights HBM to GPU
0,44,step0.layer44.gpu_expert_compute,gpu_expert,GPU_COMPUTE,step0.layer44.gpu_weight_load;step0.layer44.dispatch,4304.060468672,3.197132288,4307.257600960,step0.layer44.gpu_weight_load,grouped expert GEMM
0,44,step0.layer44.pim_gwrite,pim_write,GPU_PIM_IO,step0.layer44.scheduler;step0.layer44.dispatch,4266.311732672,2.228928000,4268.540660672,step0.layer44.scheduler,PIM_GWRITE from Ramulator cycle-v0 table
0,44,step0.layer44.pim_expert_compute,pim_expert,PIM_COMPUTE,step0.layer44.pim_gwrite,4268.540660672,20.054424000,4288.595084672,step0.layer44.pim_gwrite,expert GEMV from Ramulator cycle-v0 table
0,44,step0.layer44.pim_read,pim_read,GPU_PIM_IO,step0.layer44.pim_expert_compute,4288.595084672,0.022464000,4288.617548672,step0.layer44.pim_expert_compute,PIM result read from Ramulator cycle-v0 table
0,44,step0.layer44.combine,combine,GPU_COMPUTE,step0.layer44.gpu_expert_compute;step0.layer44.pim_read,4307.257600960,1.036864000,4308.294464960,step0.layer44.gpu_expert_compute,weighted expert combine
0,44,step0.layer44.residual2,residual,GPU_COMPUTE,step0.layer44.combine,4308.294464960,1.012288000,4309.306752960,step0.layer44.combine,residual add
0,45,step0.layer45.norm1,norm,GPU_COMPUTE,step0.layer44.residual2,4309.306752960,1.008192000,4310.314944960,step0.layer44.residual2,RMSNorm
0,45,step0.layer45.qkv,qkv,GPU_COMPUTE,step0.layer45.norm1,4310.314944960,3.635776000,4313.950720960,step0.layer45.norm1,QKV projection
0,45,step0.layer45.rope,rope,GPU_COMPUTE,step0.layer45.qkv,4313.950720960,1.018432000,4314.969152960,step0.layer45.qkv,QK norm and RoPE
0,45,step0.layer45.attention,attention,PIM_COMPUTE,step0.layer45.rope,4314.969152960,18.905016000,4333.874168960,step0.layer45.rope,decode attention from Ramulator cycle-v0 table
0,45,step0.layer45.o_proj,attention_output,GPU_COMPUTE,step0.layer45.attention,4333.874168960,3.109440000,4336.983608960,step0.layer45.attention,attention output projection
0,45,step0.layer45.residual1,residual,GPU_COMPUTE,step0.layer45.o_proj,4336.983608960,1.012288000,4337.995896960,step0.layer45.o_proj,residual add
0,45,step0.layer45.norm2,norm,GPU_COMPUTE,step0.layer45.residual1,4337.995896960,1.008192000,4339.004088960,step0.layer45.residual1,RMSNorm
0,45,step0.layer45.router,router,GPU_COMPUTE,step0.layer45.norm2,4339.004088960,2.069888000,4341.073976960,step0.layer45.norm2,MoE router
0,45,step0.layer45.metadata,metadata,GPU_COMPUTE,step0.layer45.router,4341.073976960,1.000128000,4342.074104960,step0.layer45.router,routing metadata
0,45,step0.layer45.dispatch,dispatch,,step0.layer45.metadata,4342.074104960,0.000000000,4342.074104960,step0.layer45.metadata,single-GPU dispatch placeholder
0,45,step0.layer45.scheduler,scheduler,GPU_COMPUTE,step0.layer45.metadata,4342.074104960,20.000000000,4362.074104960,step0.layer45.metadata,sieve placement policy
0,45,step0.layer45.gpu_weight_load,gpu_weight_load,HBM_MEM_PATH,step0.layer45.scheduler,4362.074104960,37.748736000,4399.822840960,step0.layer45.scheduler,expert weights HBM to GPU
0,45,step0.layer45.gpu_expert_compute,gpu_expert,GPU_COMPUTE,step0.layer45.gpu_weight_load;step0.layer45.dispatch,4399.822840960,3.197132288,4403.019973248,step0.layer45.gpu_weight_load,grouped expert GEMM
0,45,step0.layer45.pim_gwrite,pim_write,GPU_PIM_IO,step0.layer45.scheduler;step0.layer45.dispatch,4362.074104960,2.228928000,4364.303032960,step0.layer45.scheduler,PIM_GWRITE from Ramulator cycle-v0 table
0,45,step0.layer45.pim_expert_compute,pim_expert,PIM_COMPUTE,step0.layer45.pim_gwrite,4364.303032960,20.054424000,4384.357456960,step0.layer45.pim_gwrite,expert GEMV from Ramulator cycle-v0 table
0,45,step0.layer45.pim_read,pim_read,GPU_PIM_IO,step0.layer45.pim_expert_compute,4384.357456960,0.022464000,4384.379920960,step0.layer45.pim_expert_compute,PIM result read from Ramulator cycle-v0 table
0,45,step0.layer45.combine,combine,GPU_COMPUTE,step0.layer45.gpu_expert_compute;step0.layer45.pim_read,4403.019973248,1.036864000,4404.056837248,step0.layer45.gpu_expert_compute,weighted expert combine
0,45,step0.layer45.residual2,residual,GPU_COMPUTE,step0.layer45.combine,4404.056837248,1.012288000,4405.069125248,step0.layer45.combine,residual add
0,46,step0.layer46.norm1,norm,GPU_COMPUTE,step0.layer45.residual2,4405.069125248,1.008192000,4406.077317248,step0.layer45.residual2,RMSNorm
0,46,step0.layer46.qkv,qkv,GPU_COMPUTE,step0.layer46.norm1,4406.077317248,3.635776000,4409.713093248,step0.layer46.norm1,QKV projection
0,46,step0.layer46.rope,rope,GPU_COMPUTE,step0.layer46.qkv,4409.713093248,1.018432000,4410.731525248,step0.layer46.qkv,QK norm and RoPE
0,46,step0.layer46.attention,attention,PIM_COMPUTE,step0.layer46.rope,4410.731525248,18.905016000,4429.636541248,step0.layer46.rope,decode attention from Ramulator cycle-v0 table
0,46,step0.layer46.o_proj,attention_output,GPU_COMPUTE,step0.layer46.attention,4429.636541248,3.109440000,4432.745981248,step0.layer46.attention,attention output projection
0,46,step0.layer46.residual1,residual,GPU_COMPUTE,step0.layer46.o_proj,4432.745981248,1.012288000,4433.758269248,step0.layer46.o_proj,residual add
0,46,step0.layer46.norm2,norm,GPU_COMPUTE,step0.layer46.residual1,4433.758269248,1.008192000,4434.766461248,step0.layer46.residual1,RMSNorm
0,46,step0.layer46.router,router,GPU_COMPUTE,step0.layer46.norm2,4434.766461248,2.069888000,4436.836349248,step0.layer46.norm2,MoE router
0,46,step0.layer46.metadata,metadata,GPU_COMPUTE,step0.layer46.router,4436.836349248,1.000128000,4437.836477248,step0.layer46.router,routing metadata
0,46,step0.layer46.dispatch,dispatch,,step0.layer46.metadata,4437.836477248,0.000000000,4437.836477248,step0.layer46.metadata,single-GPU dispatch placeholder
0,46,step0.layer46.scheduler,scheduler,GPU_COMPUTE,step0.layer46.metadata,4437.836477248,20.000000000,4457.836477248,step0.layer46.metadata,sieve placement policy
0,46,step0.layer46.gpu_weight_load,gpu_weight_load,HBM_MEM_PATH,step0.layer46.scheduler,4457.836477248,37.748736000,4495.585213248,step0.layer46.scheduler,expert weights HBM to GPU
0,46,step0.layer46.gpu_expert_compute,gpu_expert,GPU_COMPUTE,step0.layer46.gpu_weight_load;step0.layer46.dispatch,4495.585213248,3.197132288,4498.782345536,step0.layer46.gpu_weight_load,grouped expert GEMM
0,46,step0.layer46.pim_gwrite,pim_write,GPU_PIM_IO,step0.layer46.scheduler;step0.layer46.dispatch,4457.836477248,2.228928000,4460.065405248,step0.layer46.scheduler,PIM_GWRITE from Ramulator cycle-v0 table
0,46,step0.layer46.pim_expert_compute,pim_expert,PIM_COMPUTE,step0.layer46.pim_gwrite,4460.065405248,20.054424000,4480.119829248,step0.layer46.pim_gwrite,expert GEMV from Ramulator cycle-v0 table
0,46,step0.layer46.pim_read,pim_read,GPU_PIM_IO,step0.layer46.pim_expert_compute,4480.119829248,0.022464000,4480.142293248,step0.layer46.pim_expert_compute,PIM result read from Ramulator cycle-v0 table
0,46,step0.layer46.combine,combine,GPU_COMPUTE,step0.layer46.gpu_expert_compute;step0.layer46.pim_read,4498.782345536,1.036864000,4499.819209536,step0.layer46.gpu_expert_compute,weighted expert combine
0,46,step0.layer46.residual2,residual,GPU_COMPUTE,step0.layer46.combine,4499.819209536,1.012288000,4500.831497536,step0.layer46.combine,residual add
0,47,step0.layer47.norm1,norm,GPU_COMPUTE,step0.layer46.residual2,4500.831497536,1.008192000,4501.839689536,step0.layer46.residual2,RMSNorm
0,47,step0.layer47.qkv,qkv,GPU_COMPUTE,step0.layer47.norm1,4501.839689536,3.635776000,4505.475465536,step0.layer47.norm1,QKV projection
0,47,step0.layer47.rope,rope,GPU_COMPUTE,step0.layer47.qkv,4505.475465536,1.018432000,4506.493897536,step0.layer47.qkv,QK norm and RoPE
0,47,step0.layer47.attention,attention,PIM_COMPUTE,step0.layer47.rope,4506.493897536,18.905016000,4525.398913536,step0.layer47.rope,decode attention from Ramulator cycle-v0 table
0,47,step0.layer47.o_proj,attention_output,GPU_COMPUTE,step0.layer47.attention,4525.398913536,3.109440000,4528.508353536,step0.layer47.attention,attention output projection
0,47,step0.layer47.residual1,residual,GPU_COMPUTE,step0.layer47.o_proj,4528.508353536,1.012288000,4529.520641536,step0.layer47.o_proj,residual add
0,47,step0.layer47.norm2,norm,GPU_COMPUTE,step0.layer47.residual1,4529.520641536,1.008192000,4530.528833536,step0.layer47.residual1,RMSNorm
0,47,step0.layer47.router,router,GPU_COMPUTE,step0.layer47.norm2,4530.528833536,2.069888000,4532.598721536,step0.layer47.norm2,MoE router
0,47,step0.layer47.metadata,metadata,GPU_COMPUTE,step0.layer47.router,4532.598721536,1.000128000,4533.598849536,step0.layer47.router,routing metadata
0,47,step0.layer47.dispatch,dispatch,,step0.layer47.metadata,4533.598849536,0.000000000,4533.598849536,step0.layer47.metadata,single-GPU dispatch placeholder
0,47,step0.layer47.scheduler,scheduler,GPU_COMPUTE,step0.layer47.metadata,4533.598849536,20.000000000,4553.598849536,step0.layer47.metadata,sieve placement policy
0,47,step0.layer47.gpu_weight_load,gpu_weight_load,HBM_MEM_PATH,step0.layer47.scheduler,4553.598849536,37.748736000,4591.347585536,step0.layer47.scheduler,expert weights HBM to GPU
0,47,step0.layer47.gpu_expert_compute,gpu_expert,GPU_COMPUTE,step0.layer47.gpu_weight_load;step0.layer47.dispatch,4591.347585536,3.197132288,4594.544717824,step0.layer47.gpu_weight_load,grouped expert GEMM
0,47,step0.layer47.pim_gwrite,pim_write,GPU_PIM_IO,step0.layer47.scheduler;step0.layer47.dispatch,4553.598849536,2.228928000,4555.827777536,step0.layer47.scheduler,PIM_GWRITE from Ramulator cycle-v0 table
0,47,step0.layer47.pim_expert_compute,pim_expert,PIM_COMPUTE,step0.layer47.pim_gwrite,4555.827777536,20.054424000,4575.882201536,step0.layer47.pim_gwrite,expert GEMV from Ramulator cycle-v0 table
0,47,step0.layer47.pim_read,pim_read,GPU_PIM_IO,step0.layer47.pim_expert_compute,4575.882201536,0.022464000,4575.904665536,step0.layer47.pim_expert_compute,PIM result read from Ramulator cycle-v0 table
0,47,step0.layer47.combine,combine,GPU_COMPUTE,step0.layer47.gpu_expert_compute;step0.layer47.pim_read,4594.544717824,1.036864000,4595.581581824,step0.layer47.gpu_expert_compute,weighted expert combine
0,47,step0.layer47.residual2,residual,GPU_COMPUTE,step0.layer47.combine,4595.581581824,1.012288000,4596.593869824,step0.layer47.combine,residual add
1,0,step1.layer0.norm1,norm,GPU_COMPUTE,step0.layer47.residual2,4596.593869824,1.008192000,4597.602061824,step0.layer47.residual2,RMSNorm
1,0,step1.layer0.qkv,qkv,GPU_COMPUTE,step1.layer0.norm1,4597.602061824,3.635776000,4601.237837824,step1.layer0.norm1,QKV projection
1,0,step1.layer0.rope,rope,GPU_COMPUTE,step1.layer0.qkv,4601.237837824,1.018432000,4602.256269824,step1.layer0.qkv,QK norm and RoPE
1,0,step1.layer0.attention,attention,PIM_COMPUTE,step1.layer0.rope,4602.256269824,18.929664000,4621.185933824,step1.layer0.rope,decode attention from Ramulator cycle-v0 table
1,0,step1.layer0.o_proj,attention_output,GPU_COMPUTE,step1.layer0.attention,4621.185933824,3.109440000,4624.295373824,step1.layer0.attention,attention output projection
1,0,step1.layer0.residual1,residual,GPU_COMPUTE,step1.layer0.o_proj,4624.295373824,1.012288000,4625.307661824,step1.layer0.o_proj,residual add
1,0,step1.layer0.norm2,norm,GPU_COMPUTE,step1.layer0.residual1,4625.307661824,1.008192000,4626.315853824,step1.layer0.residual1,RMSNorm
1,0,step1.layer0.router,router,GPU_COMPUTE,step1.layer0.norm2,4626.315853824,2.069888000,4628.385741824,step1.layer0.norm2,MoE router
1,0,step1.layer0.metadata,metadata,GPU_COMPUTE,step1.layer0.router,4628.385741824,1.000128000,4629.385869824,step1.layer0.router,routing metadata
1,0,step1.layer0.dispatch,dispatch,,step1.layer0.metadata,4629.385869824,0.000000000,4629.385869824,step1.layer0.metadata,single-GPU dispatch placeholder
1,0,step1.layer0.scheduler,scheduler,GPU_COMPUTE,step1.layer0.metadata,4629.385869824,20.000000000,4649.385869824,step1.layer0.metadata,sieve placement policy
1,0,step1.layer0.gpu_weight_load,gpu_weight_load,HBM_MEM_PATH,step1.layer0.scheduler,4649.385869824,37.748736000,4687.134605824,step1.layer0.scheduler,expert weights HBM to GPU
1,0,step1.layer0.gpu_expert_compute,gpu_expert,GPU_COMPUTE,step1.layer0.gpu_weight_load;step1.layer0.dispatch,4687.134605824,3.197132288,4690.331738112,step1.layer0.gpu_weight_load,grouped expert GEMM
1,0,step1.layer0.pim_gwrite,pim_write,GPU_PIM_IO,step1.layer0.scheduler;step1.layer0.dispatch,4649.385869824,2.228928000,4651.614797824,step1.layer0.scheduler,PIM_GWRITE from Ramulator cycle-v0 table
1,0,step1.layer0.pim_expert_compute,pim_expert,PIM_COMPUTE,step1.layer0.pim_gwrite,4651.614797824,20.054424000,4671.669221824,step1.layer0.pim_gwrite,expert GEMV from Ramulator cycle-v0 table
1,0,step1.layer0.pim_read,pim_read,GPU_PIM_IO,step1.layer0.pim_expert_compute,4671.669221824,0.022464000,4671.691685824,step1.layer0.pim_expert_compute,PIM result read from Ramulator cycle-v0 table
1,0,step1.layer0.combine,combine,GPU_COMPUTE,step1.layer0.gpu_expert_compute;step1.layer0.pim_read,4690.331738112,1.036864000,4691.368602112,step1.layer0.gpu_expert_compute,weighted expert combine
1,0,step1.layer0.residual2,residual,GPU_COMPUTE,step1.layer0.combine,4691.368602112,1.012288000,4692.380890112,step1.layer0.combine,residual add
1,1,step1.layer1.norm1,norm,GPU_COMPUTE,step1.layer0.residual2,4692.380890112,1.008192000,4693.389082112,step1.layer0.residual2,RMSNorm
1,1,step1.layer1.qkv,qkv,GPU_COMPUTE,step1.layer1.norm1,4693.389082112,3.635776000,4697.024858112,step1.layer1.norm1,QKV projection
1,1,step1.layer1.rope,rope,GPU_COMPUTE,step1.layer1.qkv,4697.024858112,1.018432000,4698.043290112,step1.layer1.qkv,QK norm and RoPE
1,1,step1.layer1.attention,attention,PIM_COMPUTE,step1.layer1.rope,4698.043290112,18.929664000,4716.972954112,step1.layer1.rope,decode attention from Ramulator cycle-v0 table
1,1,step1.layer1.o_proj,attention_output,GPU_COMPUTE,step1.layer1.attention,4716.972954112,3.109440000,4720.082394112,step1.layer1.attention,attention output projection
1,1,step1.layer1.residual1,residual,GPU_COMPUTE,step1.layer1.o_proj,4720.082394112,1.012288000,4721.094682112,step1.layer1.o_proj,residual add
1,1,step1.layer1.norm2,norm,GPU_COMPUTE,step1.layer1.residual1,4721.094682112,1.008192000,4722.102874112,step1.layer1.residual1,RMSNorm
1,1,step1.layer1.router,router,GPU_COMPUTE,step1.layer1.norm2,4722.102874112,2.069888000,4724.172762112,step1.layer1.norm2,MoE router
1,1,step1.layer1.metadata,metadata,GPU_COMPUTE,step1.layer1.router,4724.172762112,1.000128000,4725.172890112,step1.layer1.router,routing metadata
1,1,step1.layer1.dispatch,dispatch,,step1.layer1.metadata,4725.172890112,0.000000000,4725.172890112,step1.layer1.metadata,single-GPU dispatch placeholder
1,1,step1.layer1.scheduler,scheduler,GPU_COMPUTE,step1.layer1.metadata,4725.172890112,20.000000000,4745.172890112,step1.layer1.metadata,sieve placement policy
1,1,step1.layer1.gpu_weight_load,gpu_weight_load,HBM_MEM_PATH,step1.layer1.scheduler,4745.172890112,37.748736000,4782.921626112,step1.layer1.scheduler,expert weights HBM to GPU
1,1,step1.layer1.gpu_expert_compute,gpu_expert,GPU_COMPUTE,step1.layer1.gpu_weight_load;step1.layer1.dispatch,4782.921626112,3.197132288,4786.118758400,step1.layer1.gpu_weight_load,grouped expert GEMM
1,1,step1.layer1.pim_gwrite,pim_write,GPU_PIM_IO,step1.layer1.scheduler;step1.layer1.dispatch,4745.172890112,2.228928000,4747.401818112,step1.layer1.scheduler,PIM_GWRITE from Ramulator cycle-v0 table
1,1,step1.layer1.pim_expert_compute,pim_expert,PIM_COMPUTE,step1.layer1.pim_gwrite,4747.401818112,20.054424000,4767.456242112,step1.layer1.pim_gwrite,expert GEMV from Ramulator cycle-v0 table
1,1,step1.layer1.pim_read,pim_read,GPU_PIM_IO,step1.layer1.pim_expert_compute,4767.456242112,0.022464000,4767.478706112,step1.layer1.pim_expert_compute,PIM result read from Ramulator cycle-v0 table
1,1,step1.layer1.combine,combine,GPU_COMPUTE,step1.layer1.gpu_expert_compute;step1.layer1.pim_read,4786.118758400,1.036864000,4787.155622400,step1.layer1.gpu_expert_compute,weighted expert combine
1,1,step1.layer1.residual2,residual,GPU_COMPUTE,step1.layer1.combine,4787.155622400,1.012288000,4788.167910400,step1.layer1.combine,residual add
1,2,step1.layer2.norm1,norm,GPU_COMPUTE,step1.layer1.residual2,4788.167910400,1.008192000,4789.176102400,step1.layer1.residual2,RMSNorm
1,2,step1.layer2.qkv,qkv,GPU_COMPUTE,step1.layer2.norm1,4789.176102400,3.635776000,4792.811878400,step1.layer2.norm1,QKV projection
1,2,step1.layer2.rope,rope,GPU_COMPUTE,step1.layer2.qkv,4792.811878400,1.018432000,4793.830310400,step1.layer2.qkv,QK norm and RoPE
1,2,step1.layer2.attention,attention,PIM_COMPUTE,step1.layer2.rope,4793.830310400,18.929664000,4812.759974400,step1.layer2.rope,decode attention from Ramulator cycle-v0 table
1,2,step1.layer2.o_proj,attention_output,GPU_COMPUTE,step1.layer2.attention,4812.759974400,3.109440000,4815.869414400,step1.layer2.attention,attention output projection
1,2,step1.layer2.residual1,residual,GPU_COMPUTE,step1.layer2.o_proj,4815.869414400,1.012288000,4816.881702400,step1.layer2.o_proj,residual add
1,2,step1.layer2.norm2,norm,GPU_COMPUTE,step1.layer2.residual1,4816.881702400,1.008192000,4817.889894400,step1.layer2.residual1,RMSNorm
1,2,step1.layer2.router,router,GPU_COMPUTE,step1.layer2.norm2,4817.889894400,2.069888000,4819.959782400,step1.layer2.norm2,MoE router
1,2,step1.layer2.metadata,metadata,GPU_COMPUTE,step1.layer2.router,4819.959782400,1.000128000,4820.959910400,step1.layer2.router,routing metadata
1,2,step1.layer2.dispatch,dispatch,,step1.layer2.metadata,4820.959910400,0.000000000,4820.959910400,step1.layer2.metadata,single-GPU dispatch placeholder
1,2,step1.layer2.scheduler,scheduler,GPU_COMPUTE,step1.layer2.metadata,4820.959910400,20.000000000,4840.959910400,step1.layer2.metadata,sieve placement policy
1,2,step1.layer2.gpu_weight_load,gpu_weight_load,HBM_MEM_PATH,step1.layer2.scheduler,4840.959910400,37.748736000,4878.708646400,step1.layer2.scheduler,expert weights HBM to GPU
1,2,step1.layer2.gpu_expert_compute,gpu_expert,GPU_COMPUTE,step1.layer2.gpu_weight_load;step1.layer2.dispatch,4878.708646400,3.197132288,4881.905778688,step1.layer2.gpu_weight_load,grouped expert GEMM
1,2,step1.layer2.pim_gwrite,pim_write,GPU_PIM_IO,step1.layer2.scheduler;step1.layer2.dispatch,4840.959910400,2.228928000,4843.188838400,step1.layer2.scheduler,PIM_GWRITE from Ramulator cycle-v0 table
1,2,step1.layer2.pim_expert_compute,pim_expert,PIM_COMPUTE,step1.layer2.pim_gwrite,4843.188838400,20.054424000,4863.243262400,step1.layer2.pim_gwrite,expert GEMV from Ramulator cycle-v0 table
1,2,step1.layer2.pim_read,pim_read,GPU_PIM_IO,step1.layer2.pim_expert_compute,4863.243262400,0.022464000,4863.265726400,step1.layer2.pim_expert_compute,PIM result read from Ramulator cycle-v0 table
1,2,step1.layer2.combine,combine,GPU_COMPUTE,step1.layer2.gpu_expert_compute;step1.layer2.pim_read,4881.905778688,1.036864000,4882.942642688,step1.layer2.gpu_expert_compute,weighted expert combine
1,2,step1.layer2.residual2,residual,GPU_COMPUTE,step1.layer2.combine,4882.942642688,1.012288000,4883.954930688,step1.layer2.combine,residual add
1,3,step1.layer3.norm1,norm,GPU_COMPUTE,step1.layer2.residual2,4883.954930688,1.008192000,4884.963122688,step1.layer2.residual2,RMSNorm
1,3,step1.layer3.qkv,qkv,GPU_COMPUTE,step1.layer3.norm1,4884.963122688,3.635776000,4888.598898688,step1.layer3.norm1,QKV projection
1,3,step1.layer3.rope,rope,GPU_COMPUTE,step1.layer3.qkv,4888.598898688,1.018432000,4889.617330688,step1.layer3.qkv,QK norm and RoPE
1,3,step1.layer3.attention,attention,PIM_COMPUTE,step1.layer3.rope,4889.617330688,18.929664000,4908.546994688,step1.layer3.rope,decode attention from Ramulator cycle-v0 table
1,3,step1.layer3.o_proj,attention_output,GPU_COMPUTE,step1.layer3.attention,4908.546994688,3.109440000,4911.656434688,step1.layer3.attention,attention output projection
1,3,step1.layer3.residual1,residual,GPU_COMPUTE,step1.layer3.o_proj,4911.656434688,1.012288000,4912.668722688,step1.layer3.o_proj,residual add
1,3,step1.layer3.norm2,norm,GPU_COMPUTE,step1.layer3.residual1,4912.668722688,1.008192000,4913.676914688,step1.layer3.residual1,RMSNorm
1,3,step1.layer3.router,router,GPU_COMPUTE,step1.layer3.norm2,4913.676914688,2.069888000,4915.746802688,step1.layer3.norm2,MoE router
1,3,step1.layer3.metadata,metadata,GPU_COMPUTE,step1.layer3.router,4915.746802688,1.000128000,4916.746930688,step1.layer3.router,routing metadata
1,3,step1.layer3.dispatch,dispatch,,step1.layer3.metadata,4916.746930688,0.000000000,4916.746930688,step1.layer3.metadata,single-GPU dispatch placeholder
1,3,step1.layer3.scheduler,scheduler,GPU_COMPUTE,step1.layer3.metadata,4916.746930688,20.000000000,4936.746930688,step1.layer3.metadata,sieve placement policy
1,3,step1.layer3.gpu_weight_load,gpu_weight_load,HBM_MEM_PATH,step1.layer3.scheduler,4936.746930688,37.748736000,4974.495666688,step1.layer3.scheduler,expert weights HBM to GPU
1,3,step1.layer3.gpu_expert_compute,gpu_expert,GPU_COMPUTE,step1.layer3.gpu_weight_load;step1.layer3.dispatch,4974.495666688,3.197132288,4977.692798976,step1.layer3.gpu_weight_load,grouped expert GEMM
1,3,step1.layer3.pim_gwrite,pim_write,GPU_PIM_IO,step1.layer3.scheduler;step1.layer3.dispatch,4936.746930688,2.228928000,4938.975858688,step1.layer3.scheduler,PIM_GWRITE from Ramulator cycle-v0 table
1,3,step1.layer3.pim_expert_compute,pim_expert,PIM_COMPUTE,step1.layer3.pim_gwrite,4938.975858688,20.054424000,4959.030282688,step1.layer3.pim_gwrite,expert GEMV from Ramulator cycle-v0 table
1,3,step1.layer3.pim_read,pim_read,GPU_PIM_IO,step1.layer3.pim_expert_compute,4959.030282688,0.022464000,4959.052746688,step1.layer3.pim_expert_compute,PIM result read from Ramulator cycle-v0 table
1,3,step1.layer3.combine,combine,GPU_COMPUTE,step1.layer3.gpu_expert_compute;step1.layer3.pim_read,4977.692798976,1.036864000,4978.729662976,step1.layer3.gpu_expert_compute,weighted expert combine
1,3,step1.layer3.residual2,residual,GPU_COMPUTE,step1.layer3.combine,4978.729662976,1.012288000,4979.741950976,step1.layer3.combine,residual add
1,4,step1.layer4.norm1,norm,GPU_COMPUTE,step1.layer3.residual2,4979.741950976,1.008192000,4980.750142976,step1.layer3.residual2,RMSNorm
1,4,step1.layer4.qkv,qkv,GPU_COMPUTE,step1.layer4.norm1,4980.750142976,3.635776000,4984.385918976,step1.layer4.norm1,QKV projection
1,4,step1.layer4.rope,rope,GPU_COMPUTE,step1.layer4.qkv,4984.385918976,1.018432000,4985.404350976,step1.layer4.qkv,QK norm and RoPE
1,4,step1.layer4.attention,attention,PIM_COMPUTE,step1.layer4.rope,4985.404350976,18.929664000,5004.334014976,step1.layer4.rope,decode attention from Ramulator cycle-v0 table
1,4,step1.layer4.o_proj,attention_output,GPU_COMPUTE,step1.layer4.attention,5004.334014976,3.109440000,5007.443454976,step1.layer4.attention,attention output projection
1,4,step1.layer4.residual1,residual,GPU_COMPUTE,step1.layer4.o_proj,5007.443454976,1.012288000,5008.455742976,step1.layer4.o_proj,residual add
1,4,step1.layer4.norm2,norm,GPU_COMPUTE,step1.layer4.residual1,5008.455742976,1.008192000,5009.463934976,step1.layer4.residual1,RMSNorm
1,4,step1.layer4.router,router,GPU_COMPUTE,step1.layer4.norm2,5009.463934976,2.069888000,5011.533822976,step1.layer4.norm2,MoE router
1,4,step1.layer4.metadata,metadata,GPU_COMPUTE,step1.layer4.router,5011.533822976,1.000128000,5012.533950976,step1.layer4.router,routing metadata
1,4,step1.layer4.dispatch,dispatch,,step1.layer4.metadata,5012.533950976,0.000000000,5012.533950976,step1.layer4.metadata,single-GPU dispatch placeholder
1,4,step1.layer4.scheduler,scheduler,GPU_COMPUTE,step1.layer4.metadata,5012.533950976,20.000000000,5032.533950976,step1.layer4.metadata,sieve placement policy
1,4,step1.layer4.gpu_weight_load,gpu_weight_load,HBM_MEM_PATH,step1.layer4.scheduler,5032.533950976,37.748736000,5070.282686976,step1.layer4.scheduler,expert weights HBM to GPU
1,4,step1.layer4.gpu_expert_compute,gpu_expert,GPU_COMPUTE,step1.layer4.gpu_weight_load;step1.layer4.dispatch,5070.282686976,3.197132288,5073.479819264,step1.layer4.gpu_weight_load,grouped expert GEMM
1,4,step1.layer4.pim_gwrite,pim_write,GPU_PIM_IO,step1.layer4.scheduler;step1.layer4.dispatch,5032.533950976,2.228928000,5034.762878976,step1.layer4.scheduler,PIM_GWRITE from Ramulator cycle-v0 table
1,4,step1.layer4.pim_expert_compute,pim_expert,PIM_COMPUTE,step1.layer4.pim_gwrite,5034.762878976,20.054424000,5054.817302976,step1.layer4.pim_gwrite,expert GEMV from Ramulator cycle-v0 table
1,4,step1.layer4.pim_read,pim_read,GPU_PIM_IO,step1.layer4.pim_expert_compute,5054.817302976,0.022464000,5054.839766976,step1.layer4.pim_expert_compute,PIM result read from Ramulator cycle-v0 table
1,4,step1.layer4.combine,combine,GPU_COMPUTE,step1.layer4.gpu_expert_compute;step1.layer4.pim_read,5073.479819264,1.036864000,5074.516683264,step1.layer4.gpu_expert_compute,weighted expert combine
1,4,step1.layer4.residual2,residual,GPU_COMPUTE,step1.layer4.combine,5074.516683264,1.012288000,5075.528971264,step1.layer4.combine,residual add
1,5,step1.layer5.norm1,norm,GPU_COMPUTE,step1.layer4.residual2,5075.528971264,1.008192000,5076.537163264,step1.layer4.residual2,RMSNorm
1,5,step1.layer5.qkv,qkv,GPU_COMPUTE,step1.layer5.norm1,5076.537163264,3.635776000,5080.172939264,step1.layer5.norm1,QKV projection
1,5,step1.layer5.rope,rope,GPU_COMPUTE,step1.layer5.qkv,5080.172939264,1.018432000,5081.191371264,step1.layer5.qkv,QK norm and RoPE
1,5,step1.layer5.attention,attention,PIM_COMPUTE,step1.layer5.rope,5081.191371264,18.929664000,5100.121035264,step1.layer5.rope,decode attention from Ramulator cycle-v0 table
1,5,step1.layer5.o_proj,attention_output,GPU_COMPUTE,step1.layer5.attention,5100.121035264,3.109440000,5103.230475264,step1.layer5.attention,attention output projection
1,5,step1.layer5.residual1,residual,GPU_COMPUTE,step1.layer5.o_proj,5103.230475264,1.012288000,5104.242763264,step1.layer5.o_proj,residual add
1,5,step1.layer5.norm2,norm,GPU_COMPUTE,step1.layer5.residual1,5104.242763264,1.008192000,5105.250955264,step1.layer5.residual1,RMSNorm
1,5,step1.layer5.router,router,GPU_COMPUTE,step1.layer5.norm2,5105.250955264,2.069888000,5107.320843264,step1.layer5.norm2,MoE router
1,5,step1.layer5.metadata,metadata,GPU_COMPUTE,step1.layer5.router,5107.320843264,1.000128000,5108.320971264,step1.layer5.router,routing metadata
1,5,step1.layer5.dispatch,dispatch,,step1.layer5.metadata,5108.320971264,0.000000000,5108.320971264,step1.layer5.metadata,single-GPU dispatch placeholder
1,5,step1.layer5.scheduler,scheduler,GPU_COMPUTE,step1.layer5.metadata,5108.320971264,20.000000000,5128.320971264,step1.layer5.metadata,sieve placement policy
1,5,step1.layer5.gpu_weight_load,gpu_weight_load,HBM_MEM_PATH,step1.layer5.scheduler,5128.320971264,37.748736000,5166.069707264,step1.layer5.scheduler,expert weights HBM to GPU
1,5,step1.layer5.gpu_expert_compute,gpu_expert,GPU_COMPUTE,step1.layer5.gpu_weight_load;step1.layer5.dispatch,5166.069707264,3.197132288,5169.266839552,step1.layer5.gpu_weight_load,grouped expert GEMM
1,5,step1.layer5.pim_gwrite,pim_write,GPU_PIM_IO,step1.layer5.scheduler;step1.layer5.dispatch,5128.320971264,2.228928000,5130.549899264,step1.layer5.scheduler,PIM_GWRITE from Ramulator cycle-v0 table
1,5,step1.layer5.pim_expert_compute,pim_expert,PIM_COMPUTE,step1.layer5.pim_gwrite,5130.549899264,20.054424000,5150.604323264,step1.layer5.pim_gwrite,expert GEMV from Ramulator cycle-v0 table
1,5,step1.layer5.pim_read,pim_read,GPU_PIM_IO,step1.layer5.pim_expert_compute,5150.604323264,0.022464000,5150.626787264,step1.layer5.pim_expert_compute,PIM result read from Ramulator cycle-v0 table
1,5,step1.layer5.combine,combine,GPU_COMPUTE,step1.layer5.gpu_expert_compute;step1.layer5.pim_read,5169.266839552,1.036864000,5170.303703552,step1.layer5.gpu_expert_compute,weighted expert combine
1,5,step1.layer5.residual2,residual,GPU_COMPUTE,step1.layer5.combine,5170.303703552,1.012288000,5171.315991552,step1.layer5.combine,residual add
1,6,step1.layer6.norm1,norm,GPU_COMPUTE,step1.layer5.residual2,5171.315991552,1.008192000,5172.324183552,step1.layer5.residual2,RMSNorm
1,6,step1.layer6.qkv,qkv,GPU_COMPUTE,step1.layer6.norm1,5172.324183552,3.635776000,5175.959959552,step1.layer6.norm1,QKV projection
1,6,step1.layer6.rope,rope,GPU_COMPUTE,step1.layer6.qkv,5175.959959552,1.018432000,5176.978391552,step1.layer6.qkv,QK norm and RoPE
1,6,step1.layer6.attention,attention,PIM_COMPUTE,step1.layer6.rope,5176.978391552,18.929664000,5195.908055552,step1.layer6.rope,decode attention from Ramulator cycle-v0 table
1,6,step1.layer6.o_proj,attention_output,GPU_COMPUTE,step1.layer6.attention,5195.908055552,3.109440000,5199.017495552,step1.layer6.attention,attention output projection
1,6,step1.layer6.residual1,residual,GPU_COMPUTE,step1.layer6.o_proj,5199.017495552,1.012288000,5200.029783552,step1.layer6.o_proj,residual add
1,6,step1.layer6.norm2,norm,GPU_COMPUTE,step1.layer6.residual1,5200.029783552,1.008192000,5201.037975552,step1.layer6.residual1,RMSNorm
1,6,step1.layer6.router,router,GPU_COMPUTE,step1.layer6.norm2,5201.037975552,2.069888000,5203.107863552,step1.layer6.norm2,MoE router
1,6,step1.layer6.metadata,metadata,GPU_COMPUTE,step1.layer6.router,5203.107863552,1.000128000,5204.107991552,step1.layer6.router,routing metadata
1,6,step1.layer6.dispatch,dispatch,,step1.layer6.metadata,5204.107991552,0.000000000,5204.107991552,step1.layer6.metadata,single-GPU dispatch placeholder
1,6,step1.layer6.scheduler,scheduler,GPU_COMPUTE,step1.layer6.metadata,5204.107991552,20.000000000,5224.107991552,step1.layer6.metadata,sieve placement policy
1,6,step1.layer6.gpu_weight_load,gpu_weight_load,HBM_MEM_PATH,step1.layer6.scheduler,5224.107991552,37.748736000,5261.856727552,step1.layer6.scheduler,expert weights HBM to GPU
1,6,step1.layer6.gpu_expert_compute,gpu_expert,GPU_COMPUTE,step1.layer6.gpu_weight_load;step1.layer6.dispatch,5261.856727552,3.197132288,5265.053859840,step1.layer6.gpu_weight_load,grouped expert GEMM
1,6,step1.layer6.pim_gwrite,pim_write,GPU_PIM_IO,step1.layer6.scheduler;step1.layer6.dispatch,5224.107991552,2.228928000,5226.336919552,step1.layer6.scheduler,PIM_GWRITE from Ramulator cycle-v0 table
1,6,step1.layer6.pim_expert_compute,pim_expert,PIM_COMPUTE,step1.layer6.pim_gwrite,5226.336919552,20.054424000,5246.391343552,step1.layer6.pim_gwrite,expert GEMV from Ramulator cycle-v0 table
1,6,step1.layer6.pim_read,pim_read,GPU_PIM_IO,step1.layer6.pim_expert_compute,5246.391343552,0.022464000,5246.413807552,step1.layer6.pim_expert_compute,PIM result read from Ramulator cycle-v0 table
1,6,step1.layer6.combine,combine,GPU_COMPUTE,step1.layer6.gpu_expert_compute;step1.layer6.pim_read,5265.053859840,1.036864000,5266.090723840,step1.layer6.gpu_expert_compute,weighted expert combine
1,6,step1.layer6.residual2,residual,GPU_COMPUTE,step1.layer6.combine,5266.090723840,1.012288000,5267.103011840,step1.layer6.combine,residual add
1,7,step1.layer7.norm1,norm,GPU_COMPUTE,step1.layer6.residual2,5267.103011840,1.008192000,5268.111203840,step1.layer6.residual2,RMSNorm
1,7,step1.layer7.qkv,qkv,GPU_COMPUTE,step1.layer7.norm1,5268.111203840,3.635776000,5271.746979840,step1.layer7.norm1,QKV projection
1,7,step1.layer7.rope,rope,GPU_COMPUTE,step1.layer7.qkv,5271.746979840,1.018432000,5272.765411840,step1.layer7.qkv,QK norm and RoPE
1,7,step1.layer7.attention,attention,PIM_COMPUTE,step1.layer7.rope,5272.765411840,18.929664000,5291.695075840,step1.layer7.rope,decode attention from Ramulator cycle-v0 table
1,7,step1.layer7.o_proj,attention_output,GPU_COMPUTE,step1.layer7.attention,5291.695075840,3.109440000,5294.804515840,step1.layer7.attention,attention output projection
1,7,step1.layer7.residual1,residual,GPU_COMPUTE,step1.layer7.o_proj,5294.804515840,1.012288000,5295.816803840,step1.layer7.o_proj,residual add
1,7,step1.layer7.norm2,norm,GPU_COMPUTE,step1.layer7.residual1,5295.816803840,1.008192000,5296.824995840,step1.layer7.residual1,RMSNorm
1,7,step1.layer7.router,router,GPU_COMPUTE,step1.layer7.norm2,5296.824995840,2.069888000,5298.894883840,step1.layer7.norm2,MoE router
1,7,step1.layer7.metadata,metadata,GPU_COMPUTE,step1.layer7.router,5298.894883840,1.000128000,5299.895011840,step1.layer7.router,routing metadata
1,7,step1.layer7.dispatch,dispatch,,step1.layer7.metadata,5299.895011840,0.000000000,5299.895011840,step1.layer7.metadata,single-GPU dispatch placeholder
1,7,step1.layer7.scheduler,scheduler,GPU_COMPUTE,step1.layer7.metadata,5299.895011840,20.000000000,5319.895011840,step1.layer7.metadata,sieve placement policy
1,7,step1.layer7.gpu_weight_load,gpu_weight_load,HBM_MEM_PATH,step1.layer7.scheduler,5319.895011840,37.748736000,5357.643747840,step1.layer7.scheduler,expert weights HBM to GPU
1,7,step1.layer7.gpu_expert_compute,gpu_expert,GPU_COMPUTE,step1.layer7.gpu_weight_load;step1.layer7.dispatch,5357.643747840,3.197132288,5360.840880128,step1.layer7.gpu_weight_load,grouped expert GEMM
1,7,step1.layer7.pim_gwrite,pim_write,GPU_PIM_IO,step1.layer7.scheduler;step1.layer7.dispatch,5319.895011840,2.228928000,5322.123939840,step1.layer7.scheduler,PIM_GWRITE from Ramulator cycle-v0 table
1,7,step1.layer7.pim_expert_compute,pim_expert,PIM_COMPUTE,step1.layer7.pim_gwrite,5322.123939840,20.054424000,5342.178363840,step1.layer7.pim_gwrite,expert GEMV from Ramulator cycle-v0 table
1,7,step1.layer7.pim_read,pim_read,GPU_PIM_IO,step1.layer7.pim_expert_compute,5342.178363840,0.022464000,5342.200827840,step1.layer7.pim_expert_compute,PIM result read from Ramulator cycle-v0 table
1,7,step1.layer7.combine,combine,GPU_COMPUTE,step1.layer7.gpu_expert_compute;step1.layer7.pim_read,5360.840880128,1.036864000,5361.877744128,step1.layer7.gpu_expert_compute,weighted expert combine
1,7,step1.layer7.residual2,residual,GPU_COMPUTE,step1.layer7.combine,5361.877744128,1.012288000,5362.890032128,step1.layer7.combine,residual add
1,8,step1.layer8.norm1,norm,GPU_COMPUTE,step1.layer7.residual2,5362.890032128,1.008192000,5363.898224128,step1.layer7.residual2,RMSNorm
1,8,step1.layer8.qkv,qkv,GPU_COMPUTE,step1.layer8.norm1,5363.898224128,3.635776000,5367.534000128,step1.layer8.norm1,QKV projection
1,8,step1.layer8.rope,rope,GPU_COMPUTE,step1.layer8.qkv,5367.534000128,1.018432000,5368.552432128,step1.layer8.qkv,QK norm and RoPE
1,8,step1.layer8.attention,attention,PIM_COMPUTE,step1.layer8.rope,5368.552432128,18.929664000,5387.482096128,step1.layer8.rope,decode attention from Ramulator cycle-v0 table
1,8,step1.layer8.o_proj,attention_output,GPU_COMPUTE,step1.layer8.attention,5387.482096128,3.109440000,5390.591536128,step1.layer8.attention,attention output projection
1,8,step1.layer8.residual1,residual,GPU_COMPUTE,step1.layer8.o_proj,5390.591536128,1.012288000,5391.603824128,step1.layer8.o_proj,residual add
1,8,step1.layer8.norm2,norm,GPU_COMPUTE,step1.layer8.residual1,5391.603824128,1.008192000,5392.612016128,step1.layer8.residual1,RMSNorm
1,8,step1.layer8.router,router,GPU_COMPUTE,step1.layer8.norm2,5392.612016128,2.069888000,5394.681904128,step1.layer8.norm2,MoE router
1,8,step1.layer8.metadata,metadata,GPU_COMPUTE,step1.layer8.router,5394.681904128,1.000128000,5395.682032128,step1.layer8.router,routing metadata
1,8,step1.layer8.dispatch,dispatch,,step1.layer8.metadata,5395.682032128,0.000000000,5395.682032128,step1.layer8.metadata,single-GPU dispatch placeholder
1,8,step1.layer8.scheduler,scheduler,GPU_COMPUTE,step1.layer8.metadata,5395.682032128,20.000000000,5415.682032128,step1.layer8.metadata,sieve placement policy
1,8,step1.layer8.gpu_weight_load,gpu_weight_load,HBM_MEM_PATH,step1.layer8.scheduler,5415.682032128,37.748736000,5453.430768128,step1.layer8.scheduler,expert weights HBM to GPU
1,8,step1.layer8.gpu_expert_compute,gpu_expert,GPU_COMPUTE,step1.layer8.gpu_weight_load;step1.layer8.dispatch,5453.430768128,3.197132288,5456.627900416,step1.layer8.gpu_weight_load,grouped expert GEMM
1,8,step1.layer8.pim_gwrite,pim_write,GPU_PIM_IO,step1.layer8.scheduler;step1.layer8.dispatch,5415.682032128,2.228928000,5417.910960128,step1.layer8.scheduler,PIM_GWRITE from Ramulator cycle-v0 table
1,8,step1.layer8.pim_expert_compute,pim_expert,PIM_COMPUTE,step1.layer8.pim_gwrite,5417.910960128,20.054424000,5437.965384128,step1.layer8.pim_gwrite,expert GEMV from Ramulator cycle-v0 table
1,8,step1.layer8.pim_read,pim_read,GPU_PIM_IO,step1.layer8.pim_expert_compute,5437.965384128,0.022464000,5437.987848128,step1.layer8.pim_expert_compute,PIM result read from Ramulator cycle-v0 table
1,8,step1.layer8.combine,combine,GPU_COMPUTE,step1.layer8.gpu_expert_compute;step1.layer8.pim_read,5456.627900416,1.036864000,5457.664764416,step1.layer8.gpu_expert_compute,weighted expert combine
1,8,step1.layer8.residual2,residual,GPU_COMPUTE,step1.layer8.combine,5457.664764416,1.012288000,5458.677052416,step1.layer8.combine,residual add
1,9,step1.layer9.norm1,norm,GPU_COMPUTE,step1.layer8.residual2,5458.677052416,1.008192000,5459.685244416,step1.layer8.residual2,RMSNorm
1,9,step1.layer9.qkv,qkv,GPU_COMPUTE,step1.layer9.norm1,5459.685244416,3.635776000,5463.321020416,step1.layer9.norm1,QKV projection
1,9,step1.layer9.rope,rope,GPU_COMPUTE,step1.layer9.qkv,5463.321020416,1.018432000,5464.339452416,step1.layer9.qkv,QK norm and RoPE
1,9,step1.layer9.attention,attention,PIM_COMPUTE,step1.layer9.rope,5464.339452416,18.929664000,5483.269116416,step1.layer9.rope,decode attention from Ramulator cycle-v0 table
1,9,step1.layer9.o_proj,attention_output,GPU_COMPUTE,step1.layer9.attention,5483.269116416,3.109440000,5486.378556416,step1.layer9.attention,attention output projection
1,9,step1.layer9.residual1,residual,GPU_COMPUTE,step1.layer9.o_proj,5486.378556416,1.012288000,5487.390844416,step1.layer9.o_proj,residual add
1,9,step1.layer9.norm2,norm,GPU_COMPUTE,step1.layer9.residual1,5487.390844416,1.008192000,5488.399036416,step1.layer9.residual1,RMSNorm
1,9,step1.layer9.router,router,GPU_COMPUTE,step1.layer9.norm2,5488.399036416,2.069888000,5490.468924416,step1.layer9.norm2,MoE router
1,9,step1.layer9.metadata,metadata,GPU_COMPUTE,step1.layer9.router,5490.468924416,1.000128000,5491.469052416,step1.layer9.router,routing metadata
1,9,step1.layer9.dispatch,dispatch,,step1.layer9.metadata,5491.469052416,0.000000000,5491.469052416,step1.layer9.metadata,single-GPU dispatch placeholder
1,9,step1.layer9.scheduler,scheduler,GPU_COMPUTE,step1.layer9.metadata,5491.469052416,20.000000000,5511.469052416,step1.layer9.metadata,sieve placement policy
1,9,step1.layer9.gpu_weight_load,gpu_weight_load,HBM_MEM_PATH,step1.layer9.scheduler,5511.469052416,37.748736000,5549.217788416,step1.layer9.scheduler,expert weights HBM to GPU
1,9,step1.layer9.gpu_expert_compute,gpu_expert,GPU_COMPUTE,step1.layer9.gpu_weight_load;step1.layer9.dispatch,5549.217788416,3.197132288,5552.414920704,step1.layer9.gpu_weight_load,grouped expert GEMM
1,9,step1.layer9.pim_gwrite,pim_write,GPU_PIM_IO,step1.layer9.scheduler;step1.layer9.dispatch,5511.469052416,2.228928000,5513.697980416,step1.layer9.scheduler,PIM_GWRITE from Ramulator cycle-v0 table
1,9,step1.layer9.pim_expert_compute,pim_expert,PIM_COMPUTE,step1.layer9.pim_gwrite,5513.697980416,20.054424000,5533.752404416,step1.layer9.pim_gwrite,expert GEMV from Ramulator cycle-v0 table
1,9,step1.layer9.pim_read,pim_read,GPU_PIM_IO,step1.layer9.pim_expert_compute,5533.752404416,0.022464000,5533.774868416,step1.layer9.pim_expert_compute,PIM result read from Ramulator cycle-v0 table
1,9,step1.layer9.combine,combine,GPU_COMPUTE,step1.layer9.gpu_expert_compute;step1.layer9.pim_read,5552.414920704,1.036864000,5553.451784704,step1.layer9.gpu_expert_compute,weighted expert combine
1,9,step1.layer9.residual2,residual,GPU_COMPUTE,step1.layer9.combine,5553.451784704,1.012288000,5554.464072704,step1.layer9.combine,residual add
1,10,step1.layer10.norm1,norm,GPU_COMPUTE,step1.layer9.residual2,5554.464072704,1.008192000,5555.472264704,step1.layer9.residual2,RMSNorm
1,10,step1.layer10.qkv,qkv,GPU_COMPUTE,step1.layer10.norm1,5555.472264704,3.635776000,5559.108040704,step1.layer10.norm1,QKV projection
1,10,step1.layer10.rope,rope,GPU_COMPUTE,step1.layer10.qkv,5559.108040704,1.018432000,5560.126472704,step1.layer10.qkv,QK norm and RoPE
1,10,step1.layer10.attention,attention,PIM_COMPUTE,step1.layer10.rope,5560.126472704,18.929664000,5579.056136704,step1.layer10.rope,decode attention from Ramulator cycle-v0 table
1,10,step1.layer10.o_proj,attention_output,GPU_COMPUTE,step1.layer10.attention,5579.056136704,3.109440000,5582.165576704,step1.layer10.attention,attention output projection
1,10,step1.layer10.residual1,residual,GPU_COMPUTE,step1.layer10.o_proj,5582.165576704,1.012288000,5583.177864704,step1.layer10.o_proj,residual add
1,10,step1.layer10.norm2,norm,GPU_COMPUTE,step1.layer10.residual1,5583.177864704,1.008192000,5584.186056704,step1.layer10.residual1,RMSNorm
1,10,step1.layer10.router,router,GPU_COMPUTE,step1.layer10.norm2,5584.186056704,2.069888000,5586.255944704,step1.layer10.norm2,MoE router
1,10,step1.layer10.metadata,metadata,GPU_COMPUTE,step1.layer10.router,5586.255944704,1.000128000,5587.256072704,step1.layer10.router,routing metadata
1,10,step1.layer10.dispatch,dispatch,,step1.layer10.metadata,5587.256072704,0.000000000,5587.256072704,step1.layer10.metadata,single-GPU dispatch placeholder
1,10,step1.layer10.scheduler,scheduler,GPU_COMPUTE,step1.layer10.metadata,5587.256072704,20.000000000,5607.256072704,step1.layer10.metadata,sieve placement policy
1,10,step1.layer10.gpu_weight_load,gpu_weight_load,HBM_MEM_PATH,step1.layer10.scheduler,5607.256072704,37.748736000,5645.004808704,step1.layer10.scheduler,expert weights HBM to GPU
1,10,step1.layer10.gpu_expert_compute,gpu_expert,GPU_COMPUTE,step1.layer10.gpu_weight_load;step1.layer10.dispatch,5645.004808704,3.197132288,5648.201940992,step1.layer10.gpu_weight_load,grouped expert GEMM
1,10,step1.layer10.pim_gwrite,pim_write,GPU_PIM_IO,step1.layer10.scheduler;step1.layer10.dispatch,5607.256072704,2.228928000,5609.485000704,step1.layer10.scheduler,PIM_GWRITE from Ramulator cycle-v0 table
1,10,step1.layer10.pim_expert_compute,pim_expert,PIM_COMPUTE,step1.layer10.pim_gwrite,5609.485000704,20.054424000,5629.539424704,step1.layer10.pim_gwrite,expert GEMV from Ramulator cycle-v0 table
1,10,step1.layer10.pim_read,pim_read,GPU_PIM_IO,step1.layer10.pim_expert_compute,5629.539424704,0.022464000,5629.561888704,step1.layer10.pim_expert_compute,PIM result read from Ramulator cycle-v0 table
1,10,step1.layer10.combine,combine,GPU_COMPUTE,step1.layer10.gpu_expert_compute;step1.layer10.pim_read,5648.201940992,1.036864000,5649.238804992,step1.layer10.gpu_expert_compute,weighted expert combine
1,10,step1.layer10.residual2,residual,GPU_COMPUTE,step1.layer10.combine,5649.238804992,1.012288000,5650.251092992,step1.layer10.combine,residual add
1,11,step1.layer11.norm1,norm,GPU_COMPUTE,step1.layer10.residual2,5650.251092992,1.008192000,5651.259284992,step1.layer10.residual2,RMSNorm
1,11,step1.layer11.qkv,qkv,GPU_COMPUTE,step1.layer11.norm1,5651.259284992,3.635776000,5654.895060992,step1.layer11.norm1,QKV projection
1,11,step1.layer11.rope,rope,GPU_COMPUTE,step1.layer11.qkv,5654.895060992,1.018432000,5655.913492992,step1.layer11.qkv,QK norm and RoPE
1,11,step1.layer11.attention,attention,PIM_COMPUTE,step1.layer11.rope,5655.913492992,18.929664000,5674.843156992,step1.layer11.rope,decode attention from Ramulator cycle-v0 table
1,11,step1.layer11.o_proj,attention_output,GPU_COMPUTE,step1.layer11.attention,5674.843156992,3.109440000,5677.952596992,step1.layer11.attention,attention output projection
1,11,step1.layer11.residual1,residual,GPU_COMPUTE,step1.layer11.o_proj,5677.952596992,1.012288000,5678.964884992,step1.layer11.o_proj,residual add
1,11,step1.layer11.norm2,norm,GPU_COMPUTE,step1.layer11.residual1,5678.964884992,1.008192000,5679.973076992,step1.layer11.residual1,RMSNorm
1,11,step1.layer11.router,router,GPU_COMPUTE,step1.layer11.norm2,5679.973076992,2.069888000,5682.042964992,step1.layer11.norm2,MoE router
1,11,step1.layer11.metadata,metadata,GPU_COMPUTE,step1.layer11.router,5682.042964992,1.000128000,5683.043092992,step1.layer11.router,routing metadata
1,11,step1.layer11.dispatch,dispatch,,step1.layer11.metadata,5683.043092992,0.000000000,5683.043092992,step1.layer11.metadata,single-GPU dispatch placeholder
1,11,step1.layer11.scheduler,scheduler,GPU_COMPUTE,step1.layer11.metadata,5683.043092992,20.000000000,5703.043092992,step1.layer11.metadata,sieve placement policy
1,11,step1.layer11.gpu_weight_load,gpu_weight_load,HBM_MEM_PATH,step1.layer11.scheduler,5703.043092992,37.748736000,5740.791828992,step1.layer11.scheduler,expert weights HBM to GPU
1,11,step1.layer11.gpu_expert_compute,gpu_expert,GPU_COMPUTE,step1.layer11.gpu_weight_load;step1.layer11.dispatch,5740.791828992,3.197132288,5743.988961280,step1.layer11.gpu_weight_load,grouped expert GEMM
1,11,step1.layer11.pim_gwrite,pim_write,GPU_PIM_IO,step1.layer11.scheduler;step1.layer11.dispatch,5703.043092992,2.228928000,5705.272020992,step1.layer11.scheduler,PIM_GWRITE from Ramulator cycle-v0 table
1,11,step1.layer11.pim_expert_compute,pim_expert,PIM_COMPUTE,step1.layer11.pim_gwrite,5705.272020992,20.054424000,5725.326444992,step1.layer11.pim_gwrite,expert GEMV from Ramulator cycle-v0 table
1,11,step1.layer11.pim_read,pim_read,GPU_PIM_IO,step1.layer11.pim_expert_compute,5725.326444992,0.022464000,5725.348908992,step1.layer11.pim_expert_compute,PIM result read from Ramulator cycle-v0 table
1,11,step1.layer11.combine,combine,GPU_COMPUTE,step1.layer11.gpu_expert_compute;step1.layer11.pim_read,5743.988961280,1.036864000,5745.025825280,step1.layer11.gpu_expert_compute,weighted expert combine
1,11,step1.layer11.residual2,residual,GPU_COMPUTE,step1.layer11.combine,5745.025825280,1.012288000,5746.038113280,step1.layer11.combine,residual add
1,12,step1.layer12.norm1,norm,GPU_COMPUTE,step1.layer11.residual2,5746.038113280,1.008192000,5747.046305280,step1.layer11.residual2,RMSNorm
1,12,step1.layer12.qkv,qkv,GPU_COMPUTE,step1.layer12.norm1,5747.046305280,3.635776000,5750.682081280,step1.layer12.norm1,QKV projection
1,12,step1.layer12.rope,rope,GPU_COMPUTE,step1.layer12.qkv,5750.682081280,1.018432000,5751.700513280,step1.layer12.qkv,QK norm and RoPE
1,12,step1.layer12.attention,attention,PIM_COMPUTE,step1.layer12.rope,5751.700513280,18.929664000,5770.630177280,step1.layer12.rope,decode attention from Ramulator cycle-v0 table
1,12,step1.layer12.o_proj,attention_output,GPU_COMPUTE,step1.layer12.attention,5770.630177280,3.109440000,5773.739617280,step1.layer12.attention,attention output projection
1,12,step1.layer12.residual1,residual,GPU_COMPUTE,step1.layer12.o_proj,5773.739617280,1.012288000,5774.751905280,step1.layer12.o_proj,residual add
1,12,step1.layer12.norm2,norm,GPU_COMPUTE,step1.layer12.residual1,5774.751905280,1.008192000,5775.760097280,step1.layer12.residual1,RMSNorm
1,12,step1.layer12.router,router,GPU_COMPUTE,step1.layer12.norm2,5775.760097280,2.069888000,5777.829985280,step1.layer12.norm2,MoE router
1,12,step1.layer12.metadata,metadata,GPU_COMPUTE,step1.layer12.router,5777.829985280,1.000128000,5778.830113280,step1.layer12.router,routing metadata
1,12,step1.layer12.dispatch,dispatch,,step1.layer12.metadata,5778.830113280,0.000000000,5778.830113280,step1.layer12.metadata,single-GPU dispatch placeholder
1,12,step1.layer12.scheduler,scheduler,GPU_COMPUTE,step1.layer12.metadata,5778.830113280,20.000000000,5798.830113280,step1.layer12.metadata,sieve placement policy
1,12,step1.layer12.gpu_weight_load,gpu_weight_load,HBM_MEM_PATH,step1.layer12.scheduler,5798.830113280,37.748736000,5836.578849280,step1.layer12.scheduler,expert weights HBM to GPU
1,12,step1.layer12.gpu_expert_compute,gpu_expert,GPU_COMPUTE,step1.layer12.gpu_weight_load;step1.layer12.dispatch,5836.578849280,3.197132288,5839.775981568,step1.layer12.gpu_weight_load,grouped expert GEMM
1,12,step1.layer12.pim_gwrite,pim_write,GPU_PIM_IO,step1.layer12.scheduler;step1.layer12.dispatch,5798.830113280,2.228928000,5801.059041280,step1.layer12.scheduler,PIM_GWRITE from Ramulator cycle-v0 table
1,12,step1.layer12.pim_expert_compute,pim_expert,PIM_COMPUTE,step1.layer12.pim_gwrite,5801.059041280,20.054424000,5821.113465280,step1.layer12.pim_gwrite,expert GEMV from Ramulator cycle-v0 table
1,12,step1.layer12.pim_read,pim_read,GPU_PIM_IO,step1.layer12.pim_expert_compute,5821.113465280,0.022464000,5821.135929280,step1.layer12.pim_expert_compute,PIM result read from Ramulator cycle-v0 table
1,12,step1.layer12.combine,combine,GPU_COMPUTE,step1.layer12.gpu_expert_compute;step1.layer12.pim_read,5839.775981568,1.036864000,5840.812845568,step1.layer12.gpu_expert_compute,weighted expert combine
1,12,step1.layer12.residual2,residual,GPU_COMPUTE,step1.layer12.combine,5840.812845568,1.012288000,5841.825133568,step1.layer12.combine,residual add
1,13,step1.layer13.norm1,norm,GPU_COMPUTE,step1.layer12.residual2,5841.825133568,1.008192000,5842.833325568,step1.layer12.residual2,RMSNorm
1,13,step1.layer13.qkv,qkv,GPU_COMPUTE,step1.layer13.norm1,5842.833325568,3.635776000,5846.469101568,step1.layer13.norm1,QKV projection
1,13,step1.layer13.rope,rope,GPU_COMPUTE,step1.layer13.qkv,5846.469101568,1.018432000,5847.487533568,step1.layer13.qkv,QK norm and RoPE
1,13,step1.layer13.attention,attention,PIM_COMPUTE,step1.layer13.rope,5847.487533568,18.929664000,5866.417197568,step1.layer13.rope,decode attention from Ramulator cycle-v0 table
1,13,step1.layer13.o_proj,attention_output,GPU_COMPUTE,step1.layer13.attention,5866.417197568,3.109440000,5869.526637568,step1.layer13.attention,attention output projection
1,13,step1.layer13.residual1,residual,GPU_COMPUTE,step1.layer13.o_proj,5869.526637568,1.012288000,5870.538925568,step1.layer13.o_proj,residual add
1,13,step1.layer13.norm2,norm,GPU_COMPUTE,step1.layer13.residual1,5870.538925568,1.008192000,5871.547117568,step1.layer13.residual1,RMSNorm
1,13,step1.layer13.router,router,GPU_COMPUTE,step1.layer13.norm2,5871.547117568,2.069888000,5873.617005568,step1.layer13.norm2,MoE router
1,13,step1.layer13.metadata,metadata,GPU_COMPUTE,step1.layer13.router,5873.617005568,1.000128000,5874.617133568,step1.layer13.router,routing metadata
1,13,step1.layer13.dispatch,dispatch,,step1.layer13.metadata,5874.617133568,0.000000000,5874.617133568,step1.layer13.metadata,single-GPU dispatch placeholder
1,13,step1.layer13.scheduler,scheduler,GPU_COMPUTE,step1.layer13.metadata,5874.617133568,20.000000000,5894.617133568,step1.layer13.metadata,sieve placement policy
1,13,step1.layer13.gpu_weight_load,gpu_weight_load,HBM_MEM_PATH,step1.layer13.scheduler,5894.617133568,37.748736000,5932.365869568,step1.layer13.scheduler,expert weights HBM to GPU
1,13,step1.layer13.gpu_expert_compute,gpu_expert,GPU_COMPUTE,step1.layer13.gpu_weight_load;step1.layer13.dispatch,5932.365869568,3.197132288,5935.563001856,step1.layer13.gpu_weight_load,grouped expert GEMM
1,13,step1.layer13.pim_gwrite,pim_write,GPU_PIM_IO,step1.layer13.scheduler;step1.layer13.dispatch,5894.617133568,2.228928000,5896.846061568,step1.layer13.scheduler,PIM_GWRITE from Ramulator cycle-v0 table
1,13,step1.layer13.pim_expert_compute,pim_expert,PIM_COMPUTE,step1.layer13.pim_gwrite,5896.846061568,20.054424000,5916.900485568,step1.layer13.pim_gwrite,expert GEMV from Ramulator cycle-v0 table
1,13,step1.layer13.pim_read,pim_read,GPU_PIM_IO,step1.layer13.pim_expert_compute,5916.900485568,0.022464000,5916.922949568,step1.layer13.pim_expert_compute,PIM result read from Ramulator cycle-v0 table
1,13,step1.layer13.combine,combine,GPU_COMPUTE,step1.layer13.gpu_expert_compute;step1.layer13.pim_read,5935.563001856,1.036864000,5936.599865856,step1.layer13.gpu_expert_compute,weighted expert combine
1,13,step1.layer13.residual2,residual,GPU_COMPUTE,step1.layer13.combine,5936.599865856,1.012288000,5937.612153856,step1.layer13.combine,residual add
1,14,step1.layer14.norm1,norm,GPU_COMPUTE,step1.layer13.residual2,5937.612153856,1.008192000,5938.620345856,step1.layer13.residual2,RMSNorm
1,14,step1.layer14.qkv,qkv,GPU_COMPUTE,step1.layer14.norm1,5938.620345856,3.635776000,5942.256121856,step1.layer14.norm1,QKV projection
1,14,step1.layer14.rope,rope,GPU_COMPUTE,step1.layer14.qkv,5942.256121856,1.018432000,5943.274553856,step1.layer14.qkv,QK norm and RoPE
1,14,step1.layer14.attention,attention,PIM_COMPUTE,step1.layer14.rope,5943.274553856,18.929664000,5962.204217856,step1.layer14.rope,decode attention from Ramulator cycle-v0 table
1,14,step1.layer14.o_proj,attention_output,GPU_COMPUTE,step1.layer14.attention,5962.204217856,3.109440000,5965.313657856,step1.layer14.attention,attention output projection
1,14,step1.layer14.residual1,residual,GPU_COMPUTE,step1.layer14.o_proj,5965.313657856,1.012288000,5966.325945856,step1.layer14.o_proj,residual add
1,14,step1.layer14.norm2,norm,GPU_COMPUTE,step1.layer14.residual1,5966.325945856,1.008192000,5967.334137856,step1.layer14.residual1,RMSNorm
1,14,step1.layer14.router,router,GPU_COMPUTE,step1.layer14.norm2,5967.334137856,2.069888000,5969.404025856,step1.layer14.norm2,MoE router
1,14,step1.layer14.metadata,metadata,GPU_COMPUTE,step1.layer14.router,5969.404025856,1.000128000,5970.404153856,step1.layer14.router,routing metadata
1,14,step1.layer14.dispatch,dispatch,,step1.layer14.metadata,5970.404153856,0.000000000,5970.404153856,step1.layer14.metadata,single-GPU dispatch placeholder
1,14,step1.layer14.scheduler,scheduler,GPU_COMPUTE,step1.layer14.metadata,5970.404153856,20.000000000,5990.404153856,step1.layer14.metadata,sieve placement policy
1,14,step1.layer14.gpu_weight_load,gpu_weight_load,HBM_MEM_PATH,step1.layer14.scheduler,5990.404153856,37.748736000,6028.152889856,step1.layer14.scheduler,expert weights HBM to GPU
1,14,step1.layer14.gpu_expert_compute,gpu_expert,GPU_COMPUTE,step1.layer14.gpu_weight_load;step1.layer14.dispatch,6028.152889856,3.197132288,6031.350022144,step1.layer14.gpu_weight_load,grouped expert GEMM
1,14,step1.layer14.pim_gwrite,pim_write,GPU_PIM_IO,step1.layer14.scheduler;step1.layer14.dispatch,5990.404153856,2.228928000,5992.633081856,step1.layer14.scheduler,PIM_GWRITE from Ramulator cycle-v0 table
1,14,step1.layer14.pim_expert_compute,pim_expert,PIM_COMPUTE,step1.layer14.pim_gwrite,5992.633081856,20.054424000,6012.687505856,step1.layer14.pim_gwrite,expert GEMV from Ramulator cycle-v0 table
1,14,step1.layer14.pim_read,pim_read,GPU_PIM_IO,step1.layer14.pim_expert_compute,6012.687505856,0.022464000,6012.709969856,step1.layer14.pim_expert_compute,PIM result read from Ramulator cycle-v0 table
1,14,step1.layer14.combine,combine,GPU_COMPUTE,step1.layer14.gpu_expert_compute;step1.layer14.pim_read,6031.350022144,1.036864000,6032.386886144,step1.layer14.gpu_expert_compute,weighted expert combine
1,14,step1.layer14.residual2,residual,GPU_COMPUTE,step1.layer14.combine,6032.386886144,1.012288000,6033.399174144,step1.layer14.combine,residual add
1,15,step1.layer15.norm1,norm,GPU_COMPUTE,step1.layer14.residual2,6033.399174144,1.008192000,6034.407366144,step1.layer14.residual2,RMSNorm
1,15,step1.layer15.qkv,qkv,GPU_COMPUTE,step1.layer15.norm1,6034.407366144,3.635776000,6038.043142144,step1.layer15.norm1,QKV projection
1,15,step1.layer15.rope,rope,GPU_COMPUTE,step1.layer15.qkv,6038.043142144,1.018432000,6039.061574144,step1.layer15.qkv,QK norm and RoPE
1,15,step1.layer15.attention,attention,PIM_COMPUTE,step1.layer15.rope,6039.061574144,18.929664000,6057.991238144,step1.layer15.rope,decode attention from Ramulator cycle-v0 table
1,15,step1.layer15.o_proj,attention_output,GPU_COMPUTE,step1.layer15.attention,6057.991238144,3.109440000,6061.100678144,step1.layer15.attention,attention output projection
1,15,step1.layer15.residual1,residual,GPU_COMPUTE,step1.layer15.o_proj,6061.100678144,1.012288000,6062.112966144,step1.layer15.o_proj,residual add
1,15,step1.layer15.norm2,norm,GPU_COMPUTE,step1.layer15.residual1,6062.112966144,1.008192000,6063.121158144,step1.layer15.residual1,RMSNorm
1,15,step1.layer15.router,router,GPU_COMPUTE,step1.layer15.norm2,6063.121158144,2.069888000,6065.191046144,step1.layer15.norm2,MoE router
1,15,step1.layer15.metadata,metadata,GPU_COMPUTE,step1.layer15.router,6065.191046144,1.000128000,6066.191174144,step1.layer15.router,routing metadata
1,15,step1.layer15.dispatch,dispatch,,step1.layer15.metadata,6066.191174144,0.000000000,6066.191174144,step1.layer15.metadata,single-GPU dispatch placeholder
1,15,step1.layer15.scheduler,scheduler,GPU_COMPUTE,step1.layer15.metadata,6066.191174144,20.000000000,6086.191174144,step1.layer15.metadata,sieve placement policy
1,15,step1.layer15.gpu_weight_load,gpu_weight_load,HBM_MEM_PATH,step1.layer15.scheduler,6086.191174144,37.748736000,6123.939910144,step1.layer15.scheduler,expert weights HBM to GPU
1,15,step1.layer15.gpu_expert_compute,gpu_expert,GPU_COMPUTE,step1.layer15.gpu_weight_load;step1.layer15.dispatch,6123.939910144,3.197132288,6127.137042432,step1.layer15.gpu_weight_load,grouped expert GEMM
1,15,step1.layer15.pim_gwrite,pim_write,GPU_PIM_IO,step1.layer15.scheduler;step1.layer15.dispatch,6086.191174144,2.228928000,6088.420102144,step1.layer15.scheduler,PIM_GWRITE from Ramulator cycle-v0 table
1,15,step1.layer15.pim_expert_compute,pim_expert,PIM_COMPUTE,step1.layer15.pim_gwrite,6088.420102144,20.054424000,6108.474526144,step1.layer15.pim_gwrite,expert GEMV from Ramulator cycle-v0 table
1,15,step1.layer15.pim_read,pim_read,GPU_PIM_IO,step1.layer15.pim_expert_compute,6108.474526144,0.022464000,6108.496990144,step1.layer15.pim_expert_compute,PIM result read from Ramulator cycle-v0 table
1,15,step1.layer15.combine,combine,GPU_COMPUTE,step1.layer15.gpu_expert_compute;step1.layer15.pim_read,6127.137042432,1.036864000,6128.173906432,step1.layer15.gpu_expert_compute,weighted expert combine
1,15,step1.layer15.residual2,residual,GPU_COMPUTE,step1.layer15.combine,6128.173906432,1.012288000,6129.186194432,step1.layer15.combine,residual add
1,16,step1.layer16.norm1,norm,GPU_COMPUTE,step1.layer15.residual2,6129.186194432,1.008192000,6130.194386432,step1.layer15.residual2,RMSNorm
1,16,step1.layer16.qkv,qkv,GPU_COMPUTE,step1.layer16.norm1,6130.194386432,3.635776000,6133.830162432,step1.layer16.norm1,QKV projection
1,16,step1.layer16.rope,rope,GPU_COMPUTE,step1.layer16.qkv,6133.830162432,1.018432000,6134.848594432,step1.layer16.qkv,QK norm and RoPE
1,16,step1.layer16.attention,attention,PIM_COMPUTE,step1.layer16.rope,6134.848594432,18.929664000,6153.778258432,step1.layer16.rope,decode attention from Ramulator cycle-v0 table
1,16,step1.layer16.o_proj,attention_output,GPU_COMPUTE,step1.layer16.attention,6153.778258432,3.109440000,6156.887698432,step1.layer16.attention,attention output projection
1,16,step1.layer16.residual1,residual,GPU_COMPUTE,step1.layer16.o_proj,6156.887698432,1.012288000,6157.899986432,step1.layer16.o_proj,residual add
1,16,step1.layer16.norm2,norm,GPU_COMPUTE,step1.layer16.residual1,6157.899986432,1.008192000,6158.908178432,step1.layer16.residual1,RMSNorm
1,16,step1.layer16.router,router,GPU_COMPUTE,step1.layer16.norm2,6158.908178432,2.069888000,6160.978066432,step1.layer16.norm2,MoE router
1,16,step1.layer16.metadata,metadata,GPU_COMPUTE,step1.layer16.router,6160.978066432,1.000128000,6161.978194432,step1.layer16.router,routing metadata
1,16,step1.layer16.dispatch,dispatch,,step1.layer16.metadata,6161.978194432,0.000000000,6161.978194432,step1.layer16.metadata,single-GPU dispatch placeholder
1,16,step1.layer16.scheduler,scheduler,GPU_COMPUTE,step1.layer16.metadata,6161.978194432,20.000000000,6181.978194432,step1.layer16.metadata,sieve placement policy
1,16,step1.layer16.gpu_weight_load,gpu_weight_load,HBM_MEM_PATH,step1.layer16.scheduler,6181.978194432,37.748736000,6219.726930432,step1.layer16.scheduler,expert weights HBM to GPU
1,16,step1.layer16.gpu_expert_compute,gpu_expert,GPU_COMPUTE,step1.layer16.gpu_weight_load;step1.layer16.dispatch,6219.726930432,3.197132288,6222.924062720,step1.layer16.gpu_weight_load,grouped expert GEMM
1,16,step1.layer16.pim_gwrite,pim_write,GPU_PIM_IO,step1.layer16.scheduler;step1.layer16.dispatch,6181.978194432,2.228928000,6184.207122432,step1.layer16.scheduler,PIM_GWRITE from Ramulator cycle-v0 table
1,16,step1.layer16.pim_expert_compute,pim_expert,PIM_COMPUTE,step1.layer16.pim_gwrite,6184.207122432,20.054424000,6204.261546432,step1.layer16.pim_gwrite,expert GEMV from Ramulator cycle-v0 table
1,16,step1.layer16.pim_read,pim_read,GPU_PIM_IO,step1.layer16.pim_expert_compute,6204.261546432,0.022464000,6204.284010432,step1.layer16.pim_expert_compute,PIM result read from Ramulator cycle-v0 table
1,16,step1.layer16.combine,combine,GPU_COMPUTE,step1.layer16.gpu_expert_compute;step1.layer16.pim_read,6222.924062720,1.036864000,6223.960926720,step1.layer16.gpu_expert_compute,weighted expert combine
1,16,step1.layer16.residual2,residual,GPU_COMPUTE,step1.layer16.combine,6223.960926720,1.012288000,6224.973214720,step1.layer16.combine,residual add
1,17,step1.layer17.norm1,norm,GPU_COMPUTE,step1.layer16.residual2,6224.973214720,1.008192000,6225.981406720,step1.layer16.residual2,RMSNorm
1,17,step1.layer17.qkv,qkv,GPU_COMPUTE,step1.layer17.norm1,6225.981406720,3.635776000,6229.617182720,step1.layer17.norm1,QKV projection
1,17,step1.layer17.rope,rope,GPU_COMPUTE,step1.layer17.qkv,6229.617182720,1.018432000,6230.635614720,step1.layer17.qkv,QK norm and RoPE
1,17,step1.layer17.attention,attention,PIM_COMPUTE,step1.layer17.rope,6230.635614720,18.929664000,6249.565278720,step1.layer17.rope,decode attention from Ramulator cycle-v0 table
1,17,step1.layer17.o_proj,attention_output,GPU_COMPUTE,step1.layer17.attention,6249.565278720,3.109440000,6252.674718720,step1.layer17.attention,attention output projection
1,17,step1.layer17.residual1,residual,GPU_COMPUTE,step1.layer17.o_proj,6252.674718720,1.012288000,6253.687006720,step1.layer17.o_proj,residual add
1,17,step1.layer17.norm2,norm,GPU_COMPUTE,step1.layer17.residual1,6253.687006720,1.008192000,6254.695198720,step1.layer17.residual1,RMSNorm
1,17,step1.layer17.router,router,GPU_COMPUTE,step1.layer17.norm2,6254.695198720,2.069888000,6256.765086720,step1.layer17.norm2,MoE router
1,17,step1.layer17.metadata,metadata,GPU_COMPUTE,step1.layer17.router,6256.765086720,1.000128000,6257.765214720,step1.layer17.router,routing metadata
1,17,step1.layer17.dispatch,dispatch,,step1.layer17.metadata,6257.765214720,0.000000000,6257.765214720,step1.layer17.metadata,single-GPU dispatch placeholder
1,17,step1.layer17.scheduler,scheduler,GPU_COMPUTE,step1.layer17.metadata,6257.765214720,20.000000000,6277.765214720,step1.layer17.metadata,sieve placement policy
1,17,step1.layer17.gpu_weight_load,gpu_weight_load,HBM_MEM_PATH,step1.layer17.scheduler,6277.765214720,37.748736000,6315.513950720,step1.layer17.scheduler,expert weights HBM to GPU
1,17,step1.layer17.gpu_expert_compute,gpu_expert,GPU_COMPUTE,step1.layer17.gpu_weight_load;step1.layer17.dispatch,6315.513950720,3.197132288,6318.711083008,step1.layer17.gpu_weight_load,grouped expert GEMM
1,17,step1.layer17.pim_gwrite,pim_write,GPU_PIM_IO,step1.layer17.scheduler;step1.layer17.dispatch,6277.765214720,2.228928000,6279.994142720,step1.layer17.scheduler,PIM_GWRITE from Ramulator cycle-v0 table
1,17,step1.layer17.pim_expert_compute,pim_expert,PIM_COMPUTE,step1.layer17.pim_gwrite,6279.994142720,20.054424000,6300.048566720,step1.layer17.pim_gwrite,expert GEMV from Ramulator cycle-v0 table
1,17,step1.layer17.pim_read,pim_read,GPU_PIM_IO,step1.layer17.pim_expert_compute,6300.048566720,0.022464000,6300.071030720,step1.layer17.pim_expert_compute,PIM result read from Ramulator cycle-v0 table
1,17,step1.layer17.combine,combine,GPU_COMPUTE,step1.layer17.gpu_expert_compute;step1.layer17.pim_read,6318.711083008,1.036864000,6319.747947008,step1.layer17.gpu_expert_compute,weighted expert combine
1,17,step1.layer17.residual2,residual,GPU_COMPUTE,step1.layer17.combine,6319.747947008,1.012288000,6320.760235008,step1.layer17.combine,residual add
1,18,step1.layer18.norm1,norm,GPU_COMPUTE,step1.layer17.residual2,6320.760235008,1.008192000,6321.768427008,step1.layer17.residual2,RMSNorm
1,18,step1.layer18.qkv,qkv,GPU_COMPUTE,step1.layer18.norm1,6321.768427008,3.635776000,6325.404203008,step1.layer18.norm1,QKV projection
1,18,step1.layer18.rope,rope,GPU_COMPUTE,step1.layer18.qkv,6325.404203008,1.018432000,6326.422635008,step1.layer18.qkv,QK norm and RoPE
1,18,step1.layer18.attention,attention,PIM_COMPUTE,step1.layer18.rope,6326.422635008,18.929664000,6345.352299008,step1.layer18.rope,decode attention from Ramulator cycle-v0 table
1,18,step1.layer18.o_proj,attention_output,GPU_COMPUTE,step1.layer18.attention,6345.352299008,3.109440000,6348.461739008,step1.layer18.attention,attention output projection
1,18,step1.layer18.residual1,residual,GPU_COMPUTE,step1.layer18.o_proj,6348.461739008,1.012288000,6349.474027008,step1.layer18.o_proj,residual add
1,18,step1.layer18.norm2,norm,GPU_COMPUTE,step1.layer18.residual1,6349.474027008,1.008192000,6350.482219008,step1.layer18.residual1,RMSNorm
1,18,step1.layer18.router,router,GPU_COMPUTE,step1.layer18.norm2,6350.482219008,2.069888000,6352.552107008,step1.layer18.norm2,MoE router
1,18,step1.layer18.metadata,metadata,GPU_COMPUTE,step1.layer18.router,6352.552107008,1.000128000,6353.552235008,step1.layer18.router,routing metadata
1,18,step1.layer18.dispatch,dispatch,,step1.layer18.metadata,6353.552235008,0.000000000,6353.552235008,step1.layer18.metadata,single-GPU dispatch placeholder
1,18,step1.layer18.scheduler,scheduler,GPU_COMPUTE,step1.layer18.metadata,6353.552235008,20.000000000,6373.552235008,step1.layer18.metadata,sieve placement policy
1,18,step1.layer18.gpu_weight_load,gpu_weight_load,HBM_MEM_PATH,step1.layer18.scheduler,6373.552235008,37.748736000,6411.300971008,step1.layer18.scheduler,expert weights HBM to GPU
1,18,step1.layer18.gpu_expert_compute,gpu_expert,GPU_COMPUTE,step1.layer18.gpu_weight_load;step1.layer18.dispatch,6411.300971008,3.197132288,6414.498103296,step1.layer18.gpu_weight_load,grouped expert GEMM
1,18,step1.layer18.pim_gwrite,pim_write,GPU_PIM_IO,step1.layer18.scheduler;step1.layer18.dispatch,6373.552235008,2.228928000,6375.781163008,step1.layer18.scheduler,PIM_GWRITE from Ramulator cycle-v0 table
1,18,step1.layer18.pim_expert_compute,pim_expert,PIM_COMPUTE,step1.layer18.pim_gwrite,6375.781163008,20.054424000,6395.835587008,step1.layer18.pim_gwrite,expert GEMV from Ramulator cycle-v0 table
1,18,step1.layer18.pim_read,pim_read,GPU_PIM_IO,step1.layer18.pim_expert_compute,6395.835587008,0.022464000,6395.858051008,step1.layer18.pim_expert_compute,PIM result read from Ramulator cycle-v0 table
1,18,step1.layer18.combine,combine,GPU_COMPUTE,step1.layer18.gpu_expert_compute;step1.layer18.pim_read,6414.498103296,1.036864000,6415.534967296,step1.layer18.gpu_expert_compute,weighted expert combine
1,18,step1.layer18.residual2,residual,GPU_COMPUTE,step1.layer18.combine,6415.534967296,1.012288000,6416.547255296,step1.layer18.combine,residual add
1,19,step1.layer19.norm1,norm,GPU_COMPUTE,step1.layer18.residual2,6416.547255296,1.008192000,6417.555447296,step1.layer18.residual2,RMSNorm
1,19,step1.layer19.qkv,qkv,GPU_COMPUTE,step1.layer19.norm1,6417.555447296,3.635776000,6421.191223296,step1.layer19.norm1,QKV projection
1,19,step1.layer19.rope,rope,GPU_COMPUTE,step1.layer19.qkv,6421.191223296,1.018432000,6422.209655296,step1.layer19.qkv,QK norm and RoPE
1,19,step1.layer19.attention,attention,PIM_COMPUTE,step1.layer19.rope,6422.209655296,18.929664000,6441.139319296,step1.layer19.rope,decode attention from Ramulator cycle-v0 table
1,19,step1.layer19.o_proj,attention_output,GPU_COMPUTE,step1.layer19.attention,6441.139319296,3.109440000,6444.248759296,step1.layer19.attention,attention output projection
1,19,step1.layer19.residual1,residual,GPU_COMPUTE,step1.layer19.o_proj,6444.248759296,1.012288000,6445.261047296,step1.layer19.o_proj,residual add
1,19,step1.layer19.norm2,norm,GPU_COMPUTE,step1.layer19.residual1,6445.261047296,1.008192000,6446.269239296,step1.layer19.residual1,RMSNorm
1,19,step1.layer19.router,router,GPU_COMPUTE,step1.layer19.norm2,6446.269239296,2.069888000,6448.339127296,step1.layer19.norm2,MoE router
1,19,step1.layer19.metadata,metadata,GPU_COMPUTE,step1.layer19.router,6448.339127296,1.000128000,6449.339255296,step1.layer19.router,routing metadata
1,19,step1.layer19.dispatch,dispatch,,step1.layer19.metadata,6449.339255296,0.000000000,6449.339255296,step1.layer19.metadata,single-GPU dispatch placeholder
1,19,step1.layer19.scheduler,scheduler,GPU_COMPUTE,step1.layer19.metadata,6449.339255296,20.000000000,6469.339255296,step1.layer19.metadata,sieve placement policy
1,19,step1.layer19.gpu_weight_load,gpu_weight_load,HBM_MEM_PATH,step1.layer19.scheduler,6469.339255296,37.748736000,6507.087991296,step1.layer19.scheduler,expert weights HBM to GPU
1,19,step1.layer19.gpu_expert_compute,gpu_expert,GPU_COMPUTE,step1.layer19.gpu_weight_load;step1.layer19.dispatch,6507.087991296,3.197132288,6510.285123584,step1.layer19.gpu_weight_load,grouped expert GEMM
1,19,step1.layer19.pim_gwrite,pim_write,GPU_PIM_IO,step1.layer19.scheduler;step1.layer19.dispatch,6469.339255296,2.228928000,6471.568183296,step1.layer19.scheduler,PIM_GWRITE from Ramulator cycle-v0 table
1,19,step1.layer19.pim_expert_compute,pim_expert,PIM_COMPUTE,step1.layer19.pim_gwrite,6471.568183296,20.054424000,6491.622607296,step1.layer19.pim_gwrite,expert GEMV from Ramulator cycle-v0 table
1,19,step1.layer19.pim_read,pim_read,GPU_PIM_IO,step1.layer19.pim_expert_compute,6491.622607296,0.022464000,6491.645071296,step1.layer19.pim_expert_compute,PIM result read from Ramulator cycle-v0 table
1,19,step1.layer19.combine,combine,GPU_COMPUTE,step1.layer19.gpu_expert_compute;step1.layer19.pim_read,6510.285123584,1.036864000,6511.321987584,step1.layer19.gpu_expert_compute,weighted expert combine
1,19,step1.layer19.residual2,residual,GPU_COMPUTE,step1.layer19.combine,6511.321987584,1.012288000,6512.334275584,step1.layer19.combine,residual add
1,20,step1.layer20.norm1,norm,GPU_COMPUTE,step1.layer19.residual2,6512.334275584,1.008192000,6513.342467584,step1.layer19.residual2,RMSNorm
1,20,step1.layer20.qkv,qkv,GPU_COMPUTE,step1.layer20.norm1,6513.342467584,3.635776000,6516.978243584,step1.layer20.norm1,QKV projection
1,20,step1.layer20.rope,rope,GPU_COMPUTE,step1.layer20.qkv,6516.978243584,1.018432000,6517.996675584,step1.layer20.qkv,QK norm and RoPE
1,20,step1.layer20.attention,attention,PIM_COMPUTE,step1.layer20.rope,6517.996675584,18.929664000,6536.926339584,step1.layer20.rope,decode attention from Ramulator cycle-v0 table
1,20,step1.layer20.o_proj,attention_output,GPU_COMPUTE,step1.layer20.attention,6536.926339584,3.109440000,6540.035779584,step1.layer20.attention,attention output projection
1,20,step1.layer20.residual1,residual,GPU_COMPUTE,step1.layer20.o_proj,6540.035779584,1.012288000,6541.048067584,step1.layer20.o_proj,residual add
1,20,step1.layer20.norm2,norm,GPU_COMPUTE,step1.layer20.residual1,6541.048067584,1.008192000,6542.056259584,step1.layer20.residual1,RMSNorm
1,20,step1.layer20.router,router,GPU_COMPUTE,step1.layer20.norm2,6542.056259584,2.069888000,6544.126147584,step1.layer20.norm2,MoE router
1,20,step1.layer20.metadata,metadata,GPU_COMPUTE,step1.layer20.router,6544.126147584,1.000128000,6545.126275584,step1.layer20.router,routing metadata
1,20,step1.layer20.dispatch,dispatch,,step1.layer20.metadata,6545.126275584,0.000000000,6545.126275584,step1.layer20.metadata,single-GPU dispatch placeholder
1,20,step1.layer20.scheduler,scheduler,GPU_COMPUTE,step1.layer20.metadata,6545.126275584,20.000000000,6565.126275584,step1.layer20.metadata,sieve placement policy
1,20,step1.layer20.gpu_weight_load,gpu_weight_load,HBM_MEM_PATH,step1.layer20.scheduler,6565.126275584,37.748736000,6602.875011584,step1.layer20.scheduler,expert weights HBM to GPU
1,20,step1.layer20.gpu_expert_compute,gpu_expert,GPU_COMPUTE,step1.layer20.gpu_weight_load;step1.layer20.dispatch,6602.875011584,3.197132288,6606.072143872,step1.layer20.gpu_weight_load,grouped expert GEMM
1,20,step1.layer20.pim_gwrite,pim_write,GPU_PIM_IO,step1.layer20.scheduler;step1.layer20.dispatch,6565.126275584,2.228928000,6567.355203584,step1.layer20.scheduler,PIM_GWRITE from Ramulator cycle-v0 table
1,20,step1.layer20.pim_expert_compute,pim_expert,PIM_COMPUTE,step1.layer20.pim_gwrite,6567.355203584,20.054424000,6587.409627584,step1.layer20.pim_gwrite,expert GEMV from Ramulator cycle-v0 table
1,20,step1.layer20.pim_read,pim_read,GPU_PIM_IO,step1.layer20.pim_expert_compute,6587.409627584,0.022464000,6587.432091584,step1.layer20.pim_expert_compute,PIM result read from Ramulator cycle-v0 table
1,20,step1.layer20.combine,combine,GPU_COMPUTE,step1.layer20.gpu_expert_compute;step1.layer20.pim_read,6606.072143872,1.036864000,6607.109007872,step1.layer20.gpu_expert_compute,weighted expert combine
1,20,step1.layer20.residual2,residual,GPU_COMPUTE,step1.layer20.combine,6607.109007872,1.012288000,6608.121295872,step1.layer20.combine,residual add
1,21,step1.layer21.norm1,norm,GPU_COMPUTE,step1.layer20.residual2,6608.121295872,1.008192000,6609.129487872,step1.layer20.residual2,RMSNorm
1,21,step1.layer21.qkv,qkv,GPU_COMPUTE,step1.layer21.norm1,6609.129487872,3.635776000,6612.765263872,step1.layer21.norm1,QKV projection
1,21,step1.layer21.rope,rope,GPU_COMPUTE,step1.layer21.qkv,6612.765263872,1.018432000,6613.783695872,step1.layer21.qkv,QK norm and RoPE
1,21,step1.layer21.attention,attention,PIM_COMPUTE,step1.layer21.rope,6613.783695872,18.929664000,6632.713359872,step1.layer21.rope,decode attention from Ramulator cycle-v0 table
1,21,step1.layer21.o_proj,attention_output,GPU_COMPUTE,step1.layer21.attention,6632.713359872,3.109440000,6635.822799872,step1.layer21.attention,attention output projection
1,21,step1.layer21.residual1,residual,GPU_COMPUTE,step1.layer21.o_proj,6635.822799872,1.012288000,6636.835087872,step1.layer21.o_proj,residual add
1,21,step1.layer21.norm2,norm,GPU_COMPUTE,step1.layer21.residual1,6636.835087872,1.008192000,6637.843279872,step1.layer21.residual1,RMSNorm
1,21,step1.layer21.router,router,GPU_COMPUTE,step1.layer21.norm2,6637.843279872,2.069888000,6639.913167872,step1.layer21.norm2,MoE router
1,21,step1.layer21.metadata,metadata,GPU_COMPUTE,step1.layer21.router,6639.913167872,1.000128000,6640.913295872,step1.layer21.router,routing metadata
1,21,step1.layer21.dispatch,dispatch,,step1.layer21.metadata,6640.913295872,0.000000000,6640.913295872,step1.layer21.metadata,single-GPU dispatch placeholder
1,21,step1.layer21.scheduler,scheduler,GPU_COMPUTE,step1.layer21.metadata,6640.913295872,20.000000000,6660.913295872,step1.layer21.metadata,sieve placement policy
1,21,step1.layer21.gpu_weight_load,gpu_weight_load,HBM_MEM_PATH,step1.layer21.scheduler,6660.913295872,37.748736000,6698.662031872,step1.layer21.scheduler,expert weights HBM to GPU
1,21,step1.layer21.gpu_expert_compute,gpu_expert,GPU_COMPUTE,step1.layer21.gpu_weight_load;step1.layer21.dispatch,6698.662031872,3.197132288,6701.859164160,step1.layer21.gpu_weight_load,grouped expert GEMM
1,21,step1.layer21.pim_gwrite,pim_write,GPU_PIM_IO,step1.layer21.scheduler;step1.layer21.dispatch,6660.913295872,2.228928000,6663.142223872,step1.layer21.scheduler,PIM_GWRITE from Ramulator cycle-v0 table
1,21,step1.layer21.pim_expert_compute,pim_expert,PIM_COMPUTE,step1.layer21.pim_gwrite,6663.142223872,20.054424000,6683.196647872,step1.layer21.pim_gwrite,expert GEMV from Ramulator cycle-v0 table
1,21,step1.layer21.pim_read,pim_read,GPU_PIM_IO,step1.layer21.pim_expert_compute,6683.196647872,0.022464000,6683.219111872,step1.layer21.pim_expert_compute,PIM result read from Ramulator cycle-v0 table
1,21,step1.layer21.combine,combine,GPU_COMPUTE,step1.layer21.gpu_expert_compute;step1.layer21.pim_read,6701.859164160,1.036864000,6702.896028160,step1.layer21.gpu_expert_compute,weighted expert combine
1,21,step1.layer21.residual2,residual,GPU_COMPUTE,step1.layer21.combine,6702.896028160,1.012288000,6703.908316160,step1.layer21.combine,residual add
1,22,step1.layer22.norm1,norm,GPU_COMPUTE,step1.layer21.residual2,6703.908316160,1.008192000,6704.916508160,step1.layer21.residual2,RMSNorm
1,22,step1.layer22.qkv,qkv,GPU_COMPUTE,step1.layer22.norm1,6704.916508160,3.635776000,6708.552284160,step1.layer22.norm1,QKV projection
1,22,step1.layer22.rope,rope,GPU_COMPUTE,step1.layer22.qkv,6708.552284160,1.018432000,6709.570716160,step1.layer22.qkv,QK norm and RoPE
1,22,step1.layer22.attention,attention,PIM_COMPUTE,step1.layer22.rope,6709.570716160,18.929664000,6728.500380160,step1.layer22.rope,decode attention from Ramulator cycle-v0 table
1,22,step1.layer22.o_proj,attention_output,GPU_COMPUTE,step1.layer22.attention,6728.500380160,3.109440000,6731.609820160,step1.layer22.attention,attention output projection
1,22,step1.layer22.residual1,residual,GPU_COMPUTE,step1.layer22.o_proj,6731.609820160,1.012288000,6732.622108160,step1.layer22.o_proj,residual add
1,22,step1.layer22.norm2,norm,GPU_COMPUTE,step1.layer22.residual1,6732.622108160,1.008192000,6733.630300160,step1.layer22.residual1,RMSNorm
1,22,step1.layer22.router,router,GPU_COMPUTE,step1.layer22.norm2,6733.630300160,2.069888000,6735.700188160,step1.layer22.norm2,MoE router
1,22,step1.layer22.metadata,metadata,GPU_COMPUTE,step1.layer22.router,6735.700188160,1.000128000,6736.700316160,step1.layer22.router,routing metadata
1,22,step1.layer22.dispatch,dispatch,,step1.layer22.metadata,6736.700316160,0.000000000,6736.700316160,step1.layer22.metadata,single-GPU dispatch placeholder
1,22,step1.layer22.scheduler,scheduler,GPU_COMPUTE,step1.layer22.metadata,6736.700316160,20.000000000,6756.700316160,step1.layer22.metadata,sieve placement policy
1,22,step1.layer22.gpu_weight_load,gpu_weight_load,HBM_MEM_PATH,step1.layer22.scheduler,6756.700316160,37.748736000,6794.449052160,step1.layer22.scheduler,expert weights HBM to GPU
1,22,step1.layer22.gpu_expert_compute,gpu_expert,GPU_COMPUTE,step1.layer22.gpu_weight_load;step1.layer22.dispatch,6794.449052160,3.197132288,6797.646184448,step1.layer22.gpu_weight_load,grouped expert GEMM
1,22,step1.layer22.pim_gwrite,pim_write,GPU_PIM_IO,step1.layer22.scheduler;step1.layer22.dispatch,6756.700316160,2.228928000,6758.929244160,step1.layer22.scheduler,PIM_GWRITE from Ramulator cycle-v0 table
1,22,step1.layer22.pim_expert_compute,pim_expert,PIM_COMPUTE,step1.layer22.pim_gwrite,6758.929244160,20.054424000,6778.983668160,step1.layer22.pim_gwrite,expert GEMV from Ramulator cycle-v0 table
1,22,step1.layer22.pim_read,pim_read,GPU_PIM_IO,step1.layer22.pim_expert_compute,6778.983668160,0.022464000,6779.006132160,step1.layer22.pim_expert_compute,PIM result read from Ramulator cycle-v0 table
1,22,step1.layer22.combine,combine,GPU_COMPUTE,step1.layer22.gpu_expert_compute;step1.layer22.pim_read,6797.646184448,1.036864000,6798.683048448,step1.layer22.gpu_expert_compute,weighted expert combine
1,22,step1.layer22.residual2,residual,GPU_COMPUTE,step1.layer22.combine,6798.683048448,1.012288000,6799.695336448,step1.layer22.combine,residual add
1,23,step1.layer23.norm1,norm,GPU_COMPUTE,step1.layer22.residual2,6799.695336448,1.008192000,6800.703528448,step1.layer22.residual2,RMSNorm
1,23,step1.layer23.qkv,qkv,GPU_COMPUTE,step1.layer23.norm1,6800.703528448,3.635776000,6804.339304448,step1.layer23.norm1,QKV projection
1,23,step1.layer23.rope,rope,GPU_COMPUTE,step1.layer23.qkv,6804.339304448,1.018432000,6805.357736448,step1.layer23.qkv,QK norm and RoPE
1,23,step1.layer23.attention,attention,PIM_COMPUTE,step1.layer23.rope,6805.357736448,18.929664000,6824.287400448,step1.layer23.rope,decode attention from Ramulator cycle-v0 table
1,23,step1.layer23.o_proj,attention_output,GPU_COMPUTE,step1.layer23.attention,6824.287400448,3.109440000,6827.396840448,step1.layer23.attention,attention output projection
1,23,step1.layer23.residual1,residual,GPU_COMPUTE,step1.layer23.o_proj,6827.396840448,1.012288000,6828.409128448,step1.layer23.o_proj,residual add
1,23,step1.layer23.norm2,norm,GPU_COMPUTE,step1.layer23.residual1,6828.409128448,1.008192000,6829.417320448,step1.layer23.residual1,RMSNorm
1,23,step1.layer23.router,router,GPU_COMPUTE,step1.layer23.norm2,6829.417320448,2.069888000,6831.487208448,step1.layer23.norm2,MoE router
1,23,step1.layer23.metadata,metadata,GPU_COMPUTE,step1.layer23.router,6831.487208448,1.000128000,6832.487336448,step1.layer23.router,routing metadata
1,23,step1.layer23.dispatch,dispatch,,step1.layer23.metadata,6832.487336448,0.000000000,6832.487336448,step1.layer23.metadata,single-GPU dispatch placeholder
1,23,step1.layer23.scheduler,scheduler,GPU_COMPUTE,step1.layer23.metadata,6832.487336448,20.000000000,6852.487336448,step1.layer23.metadata,sieve placement policy
1,23,step1.layer23.gpu_weight_load,gpu_weight_load,HBM_MEM_PATH,step1.layer23.scheduler,6852.487336448,37.748736000,6890.236072448,step1.layer23.scheduler,expert weights HBM to GPU
1,23,step1.layer23.gpu_expert_compute,gpu_expert,GPU_COMPUTE,step1.layer23.gpu_weight_load;step1.layer23.dispatch,6890.236072448,3.197132288,6893.433204736,step1.layer23.gpu_weight_load,grouped expert GEMM
1,23,step1.layer23.pim_gwrite,pim_write,GPU_PIM_IO,step1.layer23.scheduler;step1.layer23.dispatch,6852.487336448,2.228928000,6854.716264448,step1.layer23.scheduler,PIM_GWRITE from Ramulator cycle-v0 table
1,23,step1.layer23.pim_expert_compute,pim_expert,PIM_COMPUTE,step1.layer23.pim_gwrite,6854.716264448,20.054424000,6874.770688448,step1.layer23.pim_gwrite,expert GEMV from Ramulator cycle-v0 table
1,23,step1.layer23.pim_read,pim_read,GPU_PIM_IO,step1.layer23.pim_expert_compute,6874.770688448,0.022464000,6874.793152448,step1.layer23.pim_expert_compute,PIM result read from Ramulator cycle-v0 table
1,23,step1.layer23.combine,combine,GPU_COMPUTE,step1.layer23.gpu_expert_compute;step1.layer23.pim_read,6893.433204736,1.036864000,6894.470068736,step1.layer23.gpu_expert_compute,weighted expert combine
1,23,step1.layer23.residual2,residual,GPU_COMPUTE,step1.layer23.combine,6894.470068736,1.012288000,6895.482356736,step1.layer23.combine,residual add
1,24,step1.layer24.norm1,norm,GPU_COMPUTE,step1.layer23.residual2,6895.482356736,1.008192000,6896.490548736,step1.layer23.residual2,RMSNorm
1,24,step1.layer24.qkv,qkv,GPU_COMPUTE,step1.layer24.norm1,6896.490548736,3.635776000,6900.126324736,step1.layer24.norm1,QKV projection
1,24,step1.layer24.rope,rope,GPU_COMPUTE,step1.layer24.qkv,6900.126324736,1.018432000,6901.144756736,step1.layer24.qkv,QK norm and RoPE
1,24,step1.layer24.attention,attention,PIM_COMPUTE,step1.layer24.rope,6901.144756736,18.929664000,6920.074420736,step1.layer24.rope,decode attention from Ramulator cycle-v0 table
1,24,step1.layer24.o_proj,attention_output,GPU_COMPUTE,step1.layer24.attention,6920.074420736,3.109440000,6923.183860736,step1.layer24.attention,attention output projection
1,24,step1.layer24.residual1,residual,GPU_COMPUTE,step1.layer24.o_proj,6923.183860736,1.012288000,6924.196148736,step1.layer24.o_proj,residual add
1,24,step1.layer24.norm2,norm,GPU_COMPUTE,step1.layer24.residual1,6924.196148736,1.008192000,6925.204340736,step1.layer24.residual1,RMSNorm
1,24,step1.layer24.router,router,GPU_COMPUTE,step1.layer24.norm2,6925.204340736,2.069888000,6927.274228736,step1.layer24.norm2,MoE router
1,24,step1.layer24.metadata,metadata,GPU_COMPUTE,step1.layer24.router,6927.274228736,1.000128000,6928.274356736,step1.layer24.router,routing metadata
1,24,step1.layer24.dispatch,dispatch,,step1.layer24.metadata,6928.274356736,0.000000000,6928.274356736,step1.layer24.metadata,single-GPU dispatch placeholder
1,24,step1.layer24.scheduler,scheduler,GPU_COMPUTE,step1.layer24.metadata,6928.274356736,20.000000000,6948.274356736,step1.layer24.metadata,sieve placement policy
1,24,step1.layer24.gpu_weight_load,gpu_weight_load,HBM_MEM_PATH,step1.layer24.scheduler,6948.274356736,37.748736000,6986.023092736,step1.layer24.scheduler,expert weights HBM to GPU
1,24,step1.layer24.gpu_expert_compute,gpu_expert,GPU_COMPUTE,step1.layer24.gpu_weight_load;step1.layer24.dispatch,6986.023092736,3.197132288,6989.220225024,step1.layer24.gpu_weight_load,grouped expert GEMM
1,24,step1.layer24.pim_gwrite,pim_write,GPU_PIM_IO,step1.layer24.scheduler;step1.layer24.dispatch,6948.274356736,2.228928000,6950.503284736,step1.layer24.scheduler,PIM_GWRITE from Ramulator cycle-v0 table
1,24,step1.layer24.pim_expert_compute,pim_expert,PIM_COMPUTE,step1.layer24.pim_gwrite,6950.503284736,20.054424000,6970.557708736,step1.layer24.pim_gwrite,expert GEMV from Ramulator cycle-v0 table
1,24,step1.layer24.pim_read,pim_read,GPU_PIM_IO,step1.layer24.pim_expert_compute,6970.557708736,0.022464000,6970.580172736,step1.layer24.pim_expert_compute,PIM result read from Ramulator cycle-v0 table
1,24,step1.layer24.combine,combine,GPU_COMPUTE,step1.layer24.gpu_expert_compute;step1.layer24.pim_read,6989.220225024,1.036864000,6990.257089024,step1.layer24.gpu_expert_compute,weighted expert combine
1,24,step1.layer24.residual2,residual,GPU_COMPUTE,step1.layer24.combine,6990.257089024,1.012288000,6991.269377024,step1.layer24.combine,residual add
1,25,step1.layer25.norm1,norm,GPU_COMPUTE,step1.layer24.residual2,6991.269377024,1.008192000,6992.277569024,step1.layer24.residual2,RMSNorm
1,25,step1.layer25.qkv,qkv,GPU_COMPUTE,step1.layer25.norm1,6992.277569024,3.635776000,6995.913345024,step1.layer25.norm1,QKV projection
1,25,step1.layer25.rope,rope,GPU_COMPUTE,step1.layer25.qkv,6995.913345024,1.018432000,6996.931777024,step1.layer25.qkv,QK norm and RoPE
1,25,step1.layer25.attention,attention,PIM_COMPUTE,step1.layer25.rope,6996.931777024,18.929664000,7015.861441024,step1.layer25.rope,decode attention from Ramulator cycle-v0 table
1,25,step1.layer25.o_proj,attention_output,GPU_COMPUTE,step1.layer25.attention,7015.861441024,3.109440000,7018.970881024,step1.layer25.attention,attention output projection
1,25,step1.layer25.residual1,residual,GPU_COMPUTE,step1.layer25.o_proj,7018.970881024,1.012288000,7019.983169024,step1.layer25.o_proj,residual add
1,25,step1.layer25.norm2,norm,GPU_COMPUTE,step1.layer25.residual1,7019.983169024,1.008192000,7020.991361024,step1.layer25.residual1,RMSNorm
1,25,step1.layer25.router,router,GPU_COMPUTE,step1.layer25.norm2,7020.991361024,2.069888000,7023.061249024,step1.layer25.norm2,MoE router
1,25,step1.layer25.metadata,metadata,GPU_COMPUTE,step1.layer25.router,7023.061249024,1.000128000,7024.061377024,step1.layer25.router,routing metadata
1,25,step1.layer25.dispatch,dispatch,,step1.layer25.metadata,7024.061377024,0.000000000,7024.061377024,step1.layer25.metadata,single-GPU dispatch placeholder
1,25,step1.layer25.scheduler,scheduler,GPU_COMPUTE,step1.layer25.metadata,7024.061377024,20.000000000,7044.061377024,step1.layer25.metadata,sieve placement policy
1,25,step1.layer25.gpu_weight_load,gpu_weight_load,HBM_MEM_PATH,step1.layer25.scheduler,7044.061377024,37.748736000,7081.810113024,step1.layer25.scheduler,expert weights HBM to GPU
1,25,step1.layer25.gpu_expert_compute,gpu_expert,GPU_COMPUTE,step1.layer25.gpu_weight_load;step1.layer25.dispatch,7081.810113024,3.197132288,7085.007245312,step1.layer25.gpu_weight_load,grouped expert GEMM
1,25,step1.layer25.pim_gwrite,pim_write,GPU_PIM_IO,step1.layer25.scheduler;step1.layer25.dispatch,7044.061377024,2.228928000,7046.290305024,step1.layer25.scheduler,PIM_GWRITE from Ramulator cycle-v0 table
1,25,step1.layer25.pim_expert_compute,pim_expert,PIM_COMPUTE,step1.layer25.pim_gwrite,7046.290305024,20.054424000,7066.344729024,step1.layer25.pim_gwrite,expert GEMV from Ramulator cycle-v0 table
1,25,step1.layer25.pim_read,pim_read,GPU_PIM_IO,step1.layer25.pim_expert_compute,7066.344729024,0.022464000,7066.367193024,step1.layer25.pim_expert_compute,PIM result read from Ramulator cycle-v0 table
1,25,step1.layer25.combine,combine,GPU_COMPUTE,step1.layer25.gpu_expert_compute;step1.layer25.pim_read,7085.007245312,1.036864000,7086.044109312,step1.layer25.gpu_expert_compute,weighted expert combine
1,25,step1.layer25.residual2,residual,GPU_COMPUTE,step1.layer25.combine,7086.044109312,1.012288000,7087.056397312,step1.layer25.combine,residual add
1,26,step1.layer26.norm1,norm,GPU_COMPUTE,step1.layer25.residual2,7087.056397312,1.008192000,7088.064589312,step1.layer25.residual2,RMSNorm
1,26,step1.layer26.qkv,qkv,GPU_COMPUTE,step1.layer26.norm1,7088.064589312,3.635776000,7091.700365312,step1.layer26.norm1,QKV projection
1,26,step1.layer26.rope,rope,GPU_COMPUTE,step1.layer26.qkv,7091.700365312,1.018432000,7092.718797312,step1.layer26.qkv,QK norm and RoPE
1,26,step1.layer26.attention,attention,PIM_COMPUTE,step1.layer26.rope,7092.718797312,18.929664000,7111.648461312,step1.layer26.rope,decode attention from Ramulator cycle-v0 table
1,26,step1.layer26.o_proj,attention_output,GPU_COMPUTE,step1.layer26.attention,7111.648461312,3.109440000,7114.757901312,step1.layer26.attention,attention output projection
1,26,step1.layer26.residual1,residual,GPU_COMPUTE,step1.layer26.o_proj,7114.757901312,1.012288000,7115.770189312,step1.layer26.o_proj,residual add
1,26,step1.layer26.norm2,norm,GPU_COMPUTE,step1.layer26.residual1,7115.770189312,1.008192000,7116.778381312,step1.layer26.residual1,RMSNorm
1,26,step1.layer26.router,router,GPU_COMPUTE,step1.layer26.norm2,7116.778381312,2.069888000,7118.848269312,step1.layer26.norm2,MoE router
1,26,step1.layer26.metadata,metadata,GPU_COMPUTE,step1.layer26.router,7118.848269312,1.000128000,7119.848397312,step1.layer26.router,routing metadata
1,26,step1.layer26.dispatch,dispatch,,step1.layer26.metadata,7119.848397312,0.000000000,7119.848397312,step1.layer26.metadata,single-GPU dispatch placeholder
1,26,step1.layer26.scheduler,scheduler,GPU_COMPUTE,step1.layer26.metadata,7119.848397312,20.000000000,7139.848397312,step1.layer26.metadata,sieve placement policy
1,26,step1.layer26.gpu_weight_load,gpu_weight_load,HBM_MEM_PATH,step1.layer26.scheduler,7139.848397312,37.748736000,7177.597133312,step1.layer26.scheduler,expert weights HBM to GPU
1,26,step1.layer26.gpu_expert_compute,gpu_expert,GPU_COMPUTE,step1.layer26.gpu_weight_load;step1.layer26.dispatch,7177.597133312,3.197132288,7180.794265600,step1.layer26.gpu_weight_load,grouped expert GEMM
1,26,step1.layer26.pim_gwrite,pim_write,GPU_PIM_IO,step1.layer26.scheduler;step1.layer26.dispatch,7139.848397312,2.228928000,7142.077325312,step1.layer26.scheduler,PIM_GWRITE from Ramulator cycle-v0 table
1,26,step1.layer26.pim_expert_compute,pim_expert,PIM_COMPUTE,step1.layer26.pim_gwrite,7142.077325312,20.054424000,7162.131749312,step1.layer26.pim_gwrite,expert GEMV from Ramulator cycle-v0 table
1,26,step1.layer26.pim_read,pim_read,GPU_PIM_IO,step1.layer26.pim_expert_compute,7162.131749312,0.022464000,7162.154213312,step1.layer26.pim_expert_compute,PIM result read from Ramulator cycle-v0 table
1,26,step1.layer26.combine,combine,GPU_COMPUTE,step1.layer26.gpu_expert_compute;step1.layer26.pim_read,7180.794265600,1.036864000,7181.831129600,step1.layer26.gpu_expert_compute,weighted expert combine
1,26,step1.layer26.residual2,residual,GPU_COMPUTE,step1.layer26.combine,7181.831129600,1.012288000,7182.843417600,step1.layer26.combine,residual add
1,27,step1.layer27.norm1,norm,GPU_COMPUTE,step1.layer26.residual2,7182.843417600,1.008192000,7183.851609600,step1.layer26.residual2,RMSNorm
1,27,step1.layer27.qkv,qkv,GPU_COMPUTE,step1.layer27.norm1,7183.851609600,3.635776000,7187.487385600,step1.layer27.norm1,QKV projection
1,27,step1.layer27.rope,rope,GPU_COMPUTE,step1.layer27.qkv,7187.487385600,1.018432000,7188.505817600,step1.layer27.qkv,QK norm and RoPE
1,27,step1.layer27.attention,attention,PIM_COMPUTE,step1.layer27.rope,7188.505817600,18.929664000,7207.435481600,step1.layer27.rope,decode attention from Ramulator cycle-v0 table
1,27,step1.layer27.o_proj,attention_output,GPU_COMPUTE,step1.layer27.attention,7207.435481600,3.109440000,7210.544921600,step1.layer27.attention,attention output projection
1,27,step1.layer27.residual1,residual,GPU_COMPUTE,step1.layer27.o_proj,7210.544921600,1.012288000,7211.557209600,step1.layer27.o_proj,residual add
1,27,step1.layer27.norm2,norm,GPU_COMPUTE,step1.layer27.residual1,7211.557209600,1.008192000,7212.565401600,step1.layer27.residual1,RMSNorm
1,27,step1.layer27.router,router,GPU_COMPUTE,step1.layer27.norm2,7212.565401600,2.069888000,7214.635289600,step1.layer27.norm2,MoE router
1,27,step1.layer27.metadata,metadata,GPU_COMPUTE,step1.layer27.router,7214.635289600,1.000128000,7215.635417600,step1.layer27.router,routing metadata
1,27,step1.layer27.dispatch,dispatch,,step1.layer27.metadata,7215.635417600,0.000000000,7215.635417600,step1.layer27.metadata,single-GPU dispatch placeholder
1,27,step1.layer27.scheduler,scheduler,GPU_COMPUTE,step1.layer27.metadata,7215.635417600,20.000000000,7235.635417600,step1.layer27.metadata,sieve placement policy
1,27,step1.layer27.gpu_weight_load,gpu_weight_load,HBM_MEM_PATH,step1.layer27.scheduler,7235.635417600,37.748736000,7273.384153600,step1.layer27.scheduler,expert weights HBM to GPU
1,27,step1.layer27.gpu_expert_compute,gpu_expert,GPU_COMPUTE,step1.layer27.gpu_weight_load;step1.layer27.dispatch,7273.384153600,3.197132288,7276.581285888,step1.layer27.gpu_weight_load,grouped expert GEMM
1,27,step1.layer27.pim_gwrite,pim_write,GPU_PIM_IO,step1.layer27.scheduler;step1.layer27.dispatch,7235.635417600,2.228928000,7237.864345600,step1.layer27.scheduler,PIM_GWRITE from Ramulator cycle-v0 table
1,27,step1.layer27.pim_expert_compute,pim_expert,PIM_COMPUTE,step1.layer27.pim_gwrite,7237.864345600,20.054424000,7257.918769600,step1.layer27.pim_gwrite,expert GEMV from Ramulator cycle-v0 table
1,27,step1.layer27.pim_read,pim_read,GPU_PIM_IO,step1.layer27.pim_expert_compute,7257.918769600,0.022464000,7257.941233600,step1.layer27.pim_expert_compute,PIM result read from Ramulator cycle-v0 table
1,27,step1.layer27.combine,combine,GPU_COMPUTE,step1.layer27.gpu_expert_compute;step1.layer27.pim_read,7276.581285888,1.036864000,7277.618149888,step1.layer27.gpu_expert_compute,weighted expert combine
1,27,step1.layer27.residual2,residual,GPU_COMPUTE,step1.layer27.combine,7277.618149888,1.012288000,7278.630437888,step1.layer27.combine,residual add
1,28,step1.layer28.norm1,norm,GPU_COMPUTE,step1.layer27.residual2,7278.630437888,1.008192000,7279.638629888,step1.layer27.residual2,RMSNorm
1,28,step1.layer28.qkv,qkv,GPU_COMPUTE,step1.layer28.norm1,7279.638629888,3.635776000,7283.274405888,step1.layer28.norm1,QKV projection
1,28,step1.layer28.rope,rope,GPU_COMPUTE,step1.layer28.qkv,7283.274405888,1.018432000,7284.292837888,step1.layer28.qkv,QK norm and RoPE
1,28,step1.layer28.attention,attention,PIM_COMPUTE,step1.layer28.rope,7284.292837888,18.929664000,7303.222501888,step1.layer28.rope,decode attention from Ramulator cycle-v0 table
1,28,step1.layer28.o_proj,attention_output,GPU_COMPUTE,step1.layer28.attention,7303.222501888,3.109440000,7306.331941888,step1.layer28.attention,attention output projection
1,28,step1.layer28.residual1,residual,GPU_COMPUTE,step1.layer28.o_proj,7306.331941888,1.012288000,7307.344229888,step1.layer28.o_proj,residual add
1,28,step1.layer28.norm2,norm,GPU_COMPUTE,step1.layer28.residual1,7307.344229888,1.008192000,7308.352421888,step1.layer28.residual1,RMSNorm
1,28,step1.layer28.router,router,GPU_COMPUTE,step1.layer28.norm2,7308.352421888,2.069888000,7310.422309888,step1.layer28.norm2,MoE router
1,28,step1.layer28.metadata,metadata,GPU_COMPUTE,step1.layer28.router,7310.422309888,1.000128000,7311.422437888,step1.layer28.router,routing metadata
1,28,step1.layer28.dispatch,dispatch,,step1.layer28.metadata,7311.422437888,0.000000000,7311.422437888,step1.layer28.metadata,single-GPU dispatch placeholder
1,28,step1.layer28.scheduler,scheduler,GPU_COMPUTE,step1.layer28.metadata,7311.422437888,20.000000000,7331.422437888,step1.layer28.metadata,sieve placement policy
1,28,step1.layer28.gpu_weight_load,gpu_weight_load,HBM_MEM_PATH,step1.layer28.scheduler,7331.422437888,37.748736000,7369.171173888,step1.layer28.scheduler,expert weights HBM to GPU
1,28,step1.layer28.gpu_expert_compute,gpu_expert,GPU_COMPUTE,step1.layer28.gpu_weight_load;step1.layer28.dispatch,7369.171173888,3.197132288,7372.368306176,step1.layer28.gpu_weight_load,grouped expert GEMM
1,28,step1.layer28.pim_gwrite,pim_write,GPU_PIM_IO,step1.layer28.scheduler;step1.layer28.dispatch,7331.422437888,2.228928000,7333.651365888,step1.layer28.scheduler,PIM_GWRITE from Ramulator cycle-v0 table
1,28,step1.layer28.pim_expert_compute,pim_expert,PIM_COMPUTE,step1.layer28.pim_gwrite,7333.651365888,20.054424000,7353.705789888,step1.layer28.pim_gwrite,expert GEMV from Ramulator cycle-v0 table
1,28,step1.layer28.pim_read,pim_read,GPU_PIM_IO,step1.layer28.pim_expert_compute,7353.705789888,0.022464000,7353.728253888,step1.layer28.pim_expert_compute,PIM result read from Ramulator cycle-v0 table
1,28,step1.layer28.combine,combine,GPU_COMPUTE,step1.layer28.gpu_expert_compute;step1.layer28.pim_read,7372.368306176,1.036864000,7373.405170176,step1.layer28.gpu_expert_compute,weighted expert combine
1,28,step1.layer28.residual2,residual,GPU_COMPUTE,step1.layer28.combine,7373.405170176,1.012288000,7374.417458176,step1.layer28.combine,residual add
1,29,step1.layer29.norm1,norm,GPU_COMPUTE,step1.layer28.residual2,7374.417458176,1.008192000,7375.425650176,step1.layer28.residual2,RMSNorm
1,29,step1.layer29.qkv,qkv,GPU_COMPUTE,step1.layer29.norm1,7375.425650176,3.635776000,7379.061426176,step1.layer29.norm1,QKV projection
1,29,step1.layer29.rope,rope,GPU_COMPUTE,step1.layer29.qkv,7379.061426176,1.018432000,7380.079858176,step1.layer29.qkv,QK norm and RoPE
1,29,step1.layer29.attention,attention,PIM_COMPUTE,step1.layer29.rope,7380.079858176,18.929664000,7399.009522176,step1.layer29.rope,decode attention from Ramulator cycle-v0 table
1,29,step1.layer29.o_proj,attention_output,GPU_COMPUTE,step1.layer29.attention,7399.009522176,3.109440000,7402.118962176,step1.layer29.attention,attention output projection
1,29,step1.layer29.residual1,residual,GPU_COMPUTE,step1.layer29.o_proj,7402.118962176,1.012288000,7403.131250176,step1.layer29.o_proj,residual add
1,29,step1.layer29.norm2,norm,GPU_COMPUTE,step1.layer29.residual1,7403.131250176,1.008192000,7404.139442176,step1.layer29.residual1,RMSNorm
1,29,step1.layer29.router,router,GPU_COMPUTE,step1.layer29.norm2,7404.139442176,2.069888000,7406.209330176,step1.layer29.norm2,MoE router
1,29,step1.layer29.metadata,metadata,GPU_COMPUTE,step1.layer29.router,7406.209330176,1.000128000,7407.209458176,step1.layer29.router,routing metadata
1,29,step1.layer29.dispatch,dispatch,,step1.layer29.metadata,7407.209458176,0.000000000,7407.209458176,step1.layer29.metadata,single-GPU dispatch placeholder
1,29,step1.layer29.scheduler,scheduler,GPU_COMPUTE,step1.layer29.metadata,7407.209458176,20.000000000,7427.209458176,step1.layer29.metadata,sieve placement policy
1,29,step1.layer29.gpu_weight_load,gpu_weight_load,HBM_MEM_PATH,step1.layer29.scheduler,7427.209458176,37.748736000,7464.958194176,step1.layer29.scheduler,expert weights HBM to GPU
1,29,step1.layer29.gpu_expert_compute,gpu_expert,GPU_COMPUTE,step1.layer29.gpu_weight_load;step1.layer29.dispatch,7464.958194176,3.197132288,7468.155326464,step1.layer29.gpu_weight_load,grouped expert GEMM
1,29,step1.layer29.pim_gwrite,pim_write,GPU_PIM_IO,step1.layer29.scheduler;step1.layer29.dispatch,7427.209458176,2.228928000,7429.438386176,step1.layer29.scheduler,PIM_GWRITE from Ramulator cycle-v0 table
1,29,step1.layer29.pim_expert_compute,pim_expert,PIM_COMPUTE,step1.layer29.pim_gwrite,7429.438386176,20.054424000,7449.492810176,step1.layer29.pim_gwrite,expert GEMV from Ramulator cycle-v0 table
1,29,step1.layer29.pim_read,pim_read,GPU_PIM_IO,step1.layer29.pim_expert_compute,7449.492810176,0.022464000,7449.515274176,step1.layer29.pim_expert_compute,PIM result read from Ramulator cycle-v0 table
1,29,step1.layer29.combine,combine,GPU_COMPUTE,step1.layer29.gpu_expert_compute;step1.layer29.pim_read,7468.155326464,1.036864000,7469.192190464,step1.layer29.gpu_expert_compute,weighted expert combine
1,29,step1.layer29.residual2,residual,GPU_COMPUTE,step1.layer29.combine,7469.192190464,1.012288000,7470.204478464,step1.layer29.combine,residual add
1,30,step1.layer30.norm1,norm,GPU_COMPUTE,step1.layer29.residual2,7470.204478464,1.008192000,7471.212670464,step1.layer29.residual2,RMSNorm
1,30,step1.layer30.qkv,qkv,GPU_COMPUTE,step1.layer30.norm1,7471.212670464,3.635776000,7474.848446464,step1.layer30.norm1,QKV projection
1,30,step1.layer30.rope,rope,GPU_COMPUTE,step1.layer30.qkv,7474.848446464,1.018432000,7475.866878464,step1.layer30.qkv,QK norm and RoPE
1,30,step1.layer30.attention,attention,PIM_COMPUTE,step1.layer30.rope,7475.866878464,18.929664000,7494.796542464,step1.layer30.rope,decode attention from Ramulator cycle-v0 table
1,30,step1.layer30.o_proj,attention_output,GPU_COMPUTE,step1.layer30.attention,7494.796542464,3.109440000,7497.905982464,step1.layer30.attention,attention output projection
1,30,step1.layer30.residual1,residual,GPU_COMPUTE,step1.layer30.o_proj,7497.905982464,1.012288000,7498.918270464,step1.layer30.o_proj,residual add
1,30,step1.layer30.norm2,norm,GPU_COMPUTE,step1.layer30.residual1,7498.918270464,1.008192000,7499.926462464,step1.layer30.residual1,RMSNorm
1,30,step1.layer30.router,router,GPU_COMPUTE,step1.layer30.norm2,7499.926462464,2.069888000,7501.996350464,step1.layer30.norm2,MoE router
1,30,step1.layer30.metadata,metadata,GPU_COMPUTE,step1.layer30.router,7501.996350464,1.000128000,7502.996478464,step1.layer30.router,routing metadata
1,30,step1.layer30.dispatch,dispatch,,step1.layer30.metadata,7502.996478464,0.000000000,7502.996478464,step1.layer30.metadata,single-GPU dispatch placeholder
1,30,step1.layer30.scheduler,scheduler,GPU_COMPUTE,step1.layer30.metadata,7502.996478464,20.000000000,7522.996478464,step1.layer30.metadata,sieve placement policy
1,30,step1.layer30.gpu_weight_load,gpu_weight_load,HBM_MEM_PATH,step1.layer30.scheduler,7522.996478464,37.748736000,7560.745214464,step1.layer30.scheduler,expert weights HBM to GPU
1,30,step1.layer30.gpu_expert_compute,gpu_expert,GPU_COMPUTE,step1.layer30.gpu_weight_load;step1.layer30.dispatch,7560.745214464,3.197132288,7563.942346752,step1.layer30.gpu_weight_load,grouped expert GEMM
1,30,step1.layer30.pim_gwrite,pim_write,GPU_PIM_IO,step1.layer30.scheduler;step1.layer30.dispatch,7522.996478464,2.228928000,7525.225406464,step1.layer30.scheduler,PIM_GWRITE from Ramulator cycle-v0 table
1,30,step1.layer30.pim_expert_compute,pim_expert,PIM_COMPUTE,step1.layer30.pim_gwrite,7525.225406464,20.054424000,7545.279830464,step1.layer30.pim_gwrite,expert GEMV from Ramulator cycle-v0 table
1,30,step1.layer30.pim_read,pim_read,GPU_PIM_IO,step1.layer30.pim_expert_compute,7545.279830464,0.022464000,7545.302294464,step1.layer30.pim_expert_compute,PIM result read from Ramulator cycle-v0 table
1,30,step1.layer30.combine,combine,GPU_COMPUTE,step1.layer30.gpu_expert_compute;step1.layer30.pim_read,7563.942346752,1.036864000,7564.979210752,step1.layer30.gpu_expert_compute,weighted expert combine
1,30,step1.layer30.residual2,residual,GPU_COMPUTE,step1.layer30.combine,7564.979210752,1.012288000,7565.991498752,step1.layer30.combine,residual add
1,31,step1.layer31.norm1,norm,GPU_COMPUTE,step1.layer30.residual2,7565.991498752,1.008192000,7566.999690752,step1.layer30.residual2,RMSNorm
1,31,step1.layer31.qkv,qkv,GPU_COMPUTE,step1.layer31.norm1,7566.999690752,3.635776000,7570.635466752,step1.layer31.norm1,QKV projection
1,31,step1.layer31.rope,rope,GPU_COMPUTE,step1.layer31.qkv,7570.635466752,1.018432000,7571.653898752,step1.layer31.qkv,QK norm and RoPE
1,31,step1.layer31.attention,attention,PIM_COMPUTE,step1.layer31.rope,7571.653898752,18.929664000,7590.583562752,step1.layer31.rope,decode attention from Ramulator cycle-v0 table
1,31,step1.layer31.o_proj,attention_output,GPU_COMPUTE,step1.layer31.attention,7590.583562752,3.109440000,7593.693002752,step1.layer31.attention,attention output projection
1,31,step1.layer31.residual1,residual,GPU_COMPUTE,step1.layer31.o_proj,7593.693002752,1.012288000,7594.705290752,step1.layer31.o_proj,residual add
1,31,step1.layer31.norm2,norm,GPU_COMPUTE,step1.layer31.residual1,7594.705290752,1.008192000,7595.713482752,step1.layer31.residual1,RMSNorm
1,31,step1.layer31.router,router,GPU_COMPUTE,step1.layer31.norm2,7595.713482752,2.069888000,7597.783370752,step1.layer31.norm2,MoE router
1,31,step1.layer31.metadata,metadata,GPU_COMPUTE,step1.layer31.router,7597.783370752,1.000128000,7598.783498752,step1.layer31.router,routing metadata
1,31,step1.layer31.dispatch,dispatch,,step1.layer31.metadata,7598.783498752,0.000000000,7598.783498752,step1.layer31.metadata,single-GPU dispatch placeholder
1,31,step1.layer31.scheduler,scheduler,GPU_COMPUTE,step1.layer31.metadata,7598.783498752,20.000000000,7618.783498752,step1.layer31.metadata,sieve placement policy
1,31,step1.layer31.gpu_weight_load,gpu_weight_load,HBM_MEM_PATH,step1.layer31.scheduler,7618.783498752,37.748736000,7656.532234752,step1.layer31.scheduler,expert weights HBM to GPU
1,31,step1.layer31.gpu_expert_compute,gpu_expert,GPU_COMPUTE,step1.layer31.gpu_weight_load;step1.layer31.dispatch,7656.532234752,3.197132288,7659.729367040,step1.layer31.gpu_weight_load,grouped expert GEMM
1,31,step1.layer31.pim_gwrite,pim_write,GPU_PIM_IO,step1.layer31.scheduler;step1.layer31.dispatch,7618.783498752,2.228928000,7621.012426752,step1.layer31.scheduler,PIM_GWRITE from Ramulator cycle-v0 table
1,31,step1.layer31.pim_expert_compute,pim_expert,PIM_COMPUTE,step1.layer31.pim_gwrite,7621.012426752,20.054424000,7641.066850752,step1.layer31.pim_gwrite,expert GEMV from Ramulator cycle-v0 table
1,31,step1.layer31.pim_read,pim_read,GPU_PIM_IO,step1.layer31.pim_expert_compute,7641.066850752,0.022464000,7641.089314752,step1.layer31.pim_expert_compute,PIM result read from Ramulator cycle-v0 table
1,31,step1.layer31.combine,combine,GPU_COMPUTE,step1.layer31.gpu_expert_compute;step1.layer31.pim_read,7659.729367040,1.036864000,7660.766231040,step1.layer31.gpu_expert_compute,weighted expert combine
1,31,step1.layer31.residual2,residual,GPU_COMPUTE,step1.layer31.combine,7660.766231040,1.012288000,7661.778519040,step1.layer31.combine,residual add
1,32,step1.layer32.norm1,norm,GPU_COMPUTE,step1.layer31.residual2,7661.778519040,1.008192000,7662.786711040,step1.layer31.residual2,RMSNorm
1,32,step1.layer32.qkv,qkv,GPU_COMPUTE,step1.layer32.norm1,7662.786711040,3.635776000,7666.422487040,step1.layer32.norm1,QKV projection
1,32,step1.layer32.rope,rope,GPU_COMPUTE,step1.layer32.qkv,7666.422487040,1.018432000,7667.440919040,step1.layer32.qkv,QK norm and RoPE
1,32,step1.layer32.attention,attention,PIM_COMPUTE,step1.layer32.rope,7667.440919040,18.929664000,7686.370583040,step1.layer32.rope,decode attention from Ramulator cycle-v0 table
1,32,step1.layer32.o_proj,attention_output,GPU_COMPUTE,step1.layer32.attention,7686.370583040,3.109440000,7689.480023040,step1.layer32.attention,attention output projection
1,32,step1.layer32.residual1,residual,GPU_COMPUTE,step1.layer32.o_proj,7689.480023040,1.012288000,7690.492311040,step1.layer32.o_proj,residual add
1,32,step1.layer32.norm2,norm,GPU_COMPUTE,step1.layer32.residual1,7690.492311040,1.008192000,7691.500503040,step1.layer32.residual1,RMSNorm
1,32,step1.layer32.router,router,GPU_COMPUTE,step1.layer32.norm2,7691.500503040,2.069888000,7693.570391040,step1.layer32.norm2,MoE router
1,32,step1.layer32.metadata,metadata,GPU_COMPUTE,step1.layer32.router,7693.570391040,1.000128000,7694.570519040,step1.layer32.router,routing metadata
1,32,step1.layer32.dispatch,dispatch,,step1.layer32.metadata,7694.570519040,0.000000000,7694.570519040,step1.layer32.metadata,single-GPU dispatch placeholder
1,32,step1.layer32.scheduler,scheduler,GPU_COMPUTE,step1.layer32.metadata,7694.570519040,20.000000000,7714.570519040,step1.layer32.metadata,sieve placement policy
1,32,step1.layer32.gpu_weight_load,gpu_weight_load,HBM_MEM_PATH,step1.layer32.scheduler,7714.570519040,37.748736000,7752.319255040,step1.layer32.scheduler,expert weights HBM to GPU
1,32,step1.layer32.gpu_expert_compute,gpu_expert,GPU_COMPUTE,step1.layer32.gpu_weight_load;step1.layer32.dispatch,7752.319255040,3.197132288,7755.516387328,step1.layer32.gpu_weight_load,grouped expert GEMM
1,32,step1.layer32.pim_gwrite,pim_write,GPU_PIM_IO,step1.layer32.scheduler;step1.layer32.dispatch,7714.570519040,2.228928000,7716.799447040,step1.layer32.scheduler,PIM_GWRITE from Ramulator cycle-v0 table
1,32,step1.layer32.pim_expert_compute,pim_expert,PIM_COMPUTE,step1.layer32.pim_gwrite,7716.799447040,20.054424000,7736.853871040,step1.layer32.pim_gwrite,expert GEMV from Ramulator cycle-v0 table
1,32,step1.layer32.pim_read,pim_read,GPU_PIM_IO,step1.layer32.pim_expert_compute,7736.853871040,0.022464000,7736.876335040,step1.layer32.pim_expert_compute,PIM result read from Ramulator cycle-v0 table
1,32,step1.layer32.combine,combine,GPU_COMPUTE,step1.layer32.gpu_expert_compute;step1.layer32.pim_read,7755.516387328,1.036864000,7756.553251328,step1.layer32.gpu_expert_compute,weighted expert combine
1,32,step1.layer32.residual2,residual,GPU_COMPUTE,step1.layer32.combine,7756.553251328,1.012288000,7757.565539328,step1.layer32.combine,residual add
1,33,step1.layer33.norm1,norm,GPU_COMPUTE,step1.layer32.residual2,7757.565539328,1.008192000,7758.573731328,step1.layer32.residual2,RMSNorm
1,33,step1.layer33.qkv,qkv,GPU_COMPUTE,step1.layer33.norm1,7758.573731328,3.635776000,7762.209507328,step1.layer33.norm1,QKV projection
1,33,step1.layer33.rope,rope,GPU_COMPUTE,step1.layer33.qkv,7762.209507328,1.018432000,7763.227939328,step1.layer33.qkv,QK norm and RoPE
1,33,step1.layer33.attention,attention,PIM_COMPUTE,step1.layer33.rope,7763.227939328,18.929664000,7782.157603328,step1.layer33.rope,decode attention from Ramulator cycle-v0 table
1,33,step1.layer33.o_proj,attention_output,GPU_COMPUTE,step1.layer33.attention,7782.157603328,3.109440000,7785.267043328,step1.layer33.attention,attention output projection
1,33,step1.layer33.residual1,residual,GPU_COMPUTE,step1.layer33.o_proj,7785.267043328,1.012288000,7786.279331328,step1.layer33.o_proj,residual add
1,33,step1.layer33.norm2,norm,GPU_COMPUTE,step1.layer33.residual1,7786.279331328,1.008192000,7787.287523328,step1.layer33.residual1,RMSNorm
1,33,step1.layer33.router,router,GPU_COMPUTE,step1.layer33.norm2,7787.287523328,2.069888000,7789.357411328,step1.layer33.norm2,MoE router
1,33,step1.layer33.metadata,metadata,GPU_COMPUTE,step1.layer33.router,7789.357411328,1.000128000,7790.357539328,step1.layer33.router,routing metadata
1,33,step1.layer33.dispatch,dispatch,,step1.layer33.metadata,7790.357539328,0.000000000,7790.357539328,step1.layer33.metadata,single-GPU dispatch placeholder
1,33,step1.layer33.scheduler,scheduler,GPU_COMPUTE,step1.layer33.metadata,7790.357539328,20.000000000,7810.357539328,step1.layer33.metadata,sieve placement policy
1,33,step1.layer33.gpu_weight_load,gpu_weight_load,HBM_MEM_PATH,step1.layer33.scheduler,7810.357539328,37.748736000,7848.106275328,step1.layer33.scheduler,expert weights HBM to GPU
1,33,step1.layer33.gpu_expert_compute,gpu_expert,GPU_COMPUTE,step1.layer33.gpu_weight_load;step1.layer33.dispatch,7848.106275328,3.197132288,7851.303407616,step1.layer33.gpu_weight_load,grouped expert GEMM
1,33,step1.layer33.pim_gwrite,pim_write,GPU_PIM_IO,step1.layer33.scheduler;step1.layer33.dispatch,7810.357539328,2.228928000,7812.586467328,step1.layer33.scheduler,PIM_GWRITE from Ramulator cycle-v0 table
1,33,step1.layer33.pim_expert_compute,pim_expert,PIM_COMPUTE,step1.layer33.pim_gwrite,7812.586467328,20.054424000,7832.640891328,step1.layer33.pim_gwrite,expert GEMV from Ramulator cycle-v0 table
1,33,step1.layer33.pim_read,pim_read,GPU_PIM_IO,step1.layer33.pim_expert_compute,7832.640891328,0.022464000,7832.663355328,step1.layer33.pim_expert_compute,PIM result read from Ramulator cycle-v0 table
1,33,step1.layer33.combine,combine,GPU_COMPUTE,step1.layer33.gpu_expert_compute;step1.layer33.pim_read,7851.303407616,1.036864000,7852.340271616,step1.layer33.gpu_expert_compute,weighted expert combine
1,33,step1.layer33.residual2,residual,GPU_COMPUTE,step1.layer33.combine,7852.340271616,1.012288000,7853.352559616,step1.layer33.combine,residual add
1,34,step1.layer34.norm1,norm,GPU_COMPUTE,step1.layer33.residual2,7853.352559616,1.008192000,7854.360751616,step1.layer33.residual2,RMSNorm
1,34,step1.layer34.qkv,qkv,GPU_COMPUTE,step1.layer34.norm1,7854.360751616,3.635776000,7857.996527616,step1.layer34.norm1,QKV projection
1,34,step1.layer34.rope,rope,GPU_COMPUTE,step1.layer34.qkv,7857.996527616,1.018432000,7859.014959616,step1.layer34.qkv,QK norm and RoPE
1,34,step1.layer34.attention,attention,PIM_COMPUTE,step1.layer34.rope,7859.014959616,18.929664000,7877.944623616,step1.layer34.rope,decode attention from Ramulator cycle-v0 table
1,34,step1.layer34.o_proj,attention_output,GPU_COMPUTE,step1.layer34.attention,7877.944623616,3.109440000,7881.054063616,step1.layer34.attention,attention output projection
1,34,step1.layer34.residual1,residual,GPU_COMPUTE,step1.layer34.o_proj,7881.054063616,1.012288000,7882.066351616,step1.layer34.o_proj,residual add
1,34,step1.layer34.norm2,norm,GPU_COMPUTE,step1.layer34.residual1,7882.066351616,1.008192000,7883.074543616,step1.layer34.residual1,RMSNorm
1,34,step1.layer34.router,router,GPU_COMPUTE,step1.layer34.norm2,7883.074543616,2.069888000,7885.144431616,step1.layer34.norm2,MoE router
1,34,step1.layer34.metadata,metadata,GPU_COMPUTE,step1.layer34.router,7885.144431616,1.000128000,7886.144559616,step1.layer34.router,routing metadata
1,34,step1.layer34.dispatch,dispatch,,step1.layer34.metadata,7886.144559616,0.000000000,7886.144559616,step1.layer34.metadata,single-GPU dispatch placeholder
1,34,step1.layer34.scheduler,scheduler,GPU_COMPUTE,step1.layer34.metadata,7886.144559616,20.000000000,7906.144559616,step1.layer34.metadata,sieve placement policy
1,34,step1.layer34.gpu_weight_load,gpu_weight_load,HBM_MEM_PATH,step1.layer34.scheduler,7906.144559616,37.748736000,7943.893295616,step1.layer34.scheduler,expert weights HBM to GPU
1,34,step1.layer34.gpu_expert_compute,gpu_expert,GPU_COMPUTE,step1.layer34.gpu_weight_load;step1.layer34.dispatch,7943.893295616,3.197132288,7947.090427904,step1.layer34.gpu_weight_load,grouped expert GEMM
1,34,step1.layer34.pim_gwrite,pim_write,GPU_PIM_IO,step1.layer34.scheduler;step1.layer34.dispatch,7906.144559616,2.228928000,7908.373487616,step1.layer34.scheduler,PIM_GWRITE from Ramulator cycle-v0 table
1,34,step1.layer34.pim_expert_compute,pim_expert,PIM_COMPUTE,step1.layer34.pim_gwrite,7908.373487616,20.054424000,7928.427911616,step1.layer34.pim_gwrite,expert GEMV from Ramulator cycle-v0 table
1,34,step1.layer34.pim_read,pim_read,GPU_PIM_IO,step1.layer34.pim_expert_compute,7928.427911616,0.022464000,7928.450375616,step1.layer34.pim_expert_compute,PIM result read from Ramulator cycle-v0 table
1,34,step1.layer34.combine,combine,GPU_COMPUTE,step1.layer34.gpu_expert_compute;step1.layer34.pim_read,7947.090427904,1.036864000,7948.127291904,step1.layer34.gpu_expert_compute,weighted expert combine
1,34,step1.layer34.residual2,residual,GPU_COMPUTE,step1.layer34.combine,7948.127291904,1.012288000,7949.139579904,step1.layer34.combine,residual add
1,35,step1.layer35.norm1,norm,GPU_COMPUTE,step1.layer34.residual2,7949.139579904,1.008192000,7950.147771904,step1.layer34.residual2,RMSNorm
1,35,step1.layer35.qkv,qkv,GPU_COMPUTE,step1.layer35.norm1,7950.147771904,3.635776000,7953.783547904,step1.layer35.norm1,QKV projection
1,35,step1.layer35.rope,rope,GPU_COMPUTE,step1.layer35.qkv,7953.783547904,1.018432000,7954.801979904,step1.layer35.qkv,QK norm and RoPE
1,35,step1.layer35.attention,attention,PIM_COMPUTE,step1.layer35.rope,7954.801979904,18.929664000,7973.731643904,step1.layer35.rope,decode attention from Ramulator cycle-v0 table
1,35,step1.layer35.o_proj,attention_output,GPU_COMPUTE,step1.layer35.attention,7973.731643904,3.109440000,7976.841083904,step1.layer35.attention,attention output projection
1,35,step1.layer35.residual1,residual,GPU_COMPUTE,step1.layer35.o_proj,7976.841083904,1.012288000,7977.853371904,step1.layer35.o_proj,residual add
1,35,step1.layer35.norm2,norm,GPU_COMPUTE,step1.layer35.residual1,7977.853371904,1.008192000,7978.861563904,step1.layer35.residual1,RMSNorm
1,35,step1.layer35.router,router,GPU_COMPUTE,step1.layer35.norm2,7978.861563904,2.069888000,7980.931451904,step1.layer35.norm2,MoE router
1,35,step1.layer35.metadata,metadata,GPU_COMPUTE,step1.layer35.router,7980.931451904,1.000128000,7981.931579904,step1.layer35.router,routing metadata
1,35,step1.layer35.dispatch,dispatch,,step1.layer35.metadata,7981.931579904,0.000000000,7981.931579904,step1.layer35.metadata,single-GPU dispatch placeholder
1,35,step1.layer35.scheduler,scheduler,GPU_COMPUTE,step1.layer35.metadata,7981.931579904,20.000000000,8001.931579904,step1.layer35.metadata,sieve placement policy
1,35,step1.layer35.gpu_weight_load,gpu_weight_load,HBM_MEM_PATH,step1.layer35.scheduler,8001.931579904,37.748736000,8039.680315904,step1.layer35.scheduler,expert weights HBM to GPU
1,35,step1.layer35.gpu_expert_compute,gpu_expert,GPU_COMPUTE,step1.layer35.gpu_weight_load;step1.layer35.dispatch,8039.680315904,3.197132288,8042.877448192,step1.layer35.gpu_weight_load,grouped expert GEMM
1,35,step1.layer35.pim_gwrite,pim_write,GPU_PIM_IO,step1.layer35.scheduler;step1.layer35.dispatch,8001.931579904,2.228928000,8004.160507904,step1.layer35.scheduler,PIM_GWRITE from Ramulator cycle-v0 table
1,35,step1.layer35.pim_expert_compute,pim_expert,PIM_COMPUTE,step1.layer35.pim_gwrite,8004.160507904,20.054424000,8024.214931904,step1.layer35.pim_gwrite,expert GEMV from Ramulator cycle-v0 table
1,35,step1.layer35.pim_read,pim_read,GPU_PIM_IO,step1.layer35.pim_expert_compute,8024.214931904,0.022464000,8024.237395904,step1.layer35.pim_expert_compute,PIM result read from Ramulator cycle-v0 table
1,35,step1.layer35.combine,combine,GPU_COMPUTE,step1.layer35.gpu_expert_compute;step1.layer35.pim_read,8042.877448192,1.036864000,8043.914312192,step1.layer35.gpu_expert_compute,weighted expert combine
1,35,step1.layer35.residual2,residual,GPU_COMPUTE,step1.layer35.combine,8043.914312192,1.012288000,8044.926600192,step1.layer35.combine,residual add
1,36,step1.layer36.norm1,norm,GPU_COMPUTE,step1.layer35.residual2,8044.926600192,1.008192000,8045.934792192,step1.layer35.residual2,RMSNorm
1,36,step1.layer36.qkv,qkv,GPU_COMPUTE,step1.layer36.norm1,8045.934792192,3.635776000,8049.570568192,step1.layer36.norm1,QKV projection
1,36,step1.layer36.rope,rope,GPU_COMPUTE,step1.layer36.qkv,8049.570568192,1.018432000,8050.589000192,step1.layer36.qkv,QK norm and RoPE
1,36,step1.layer36.attention,attention,PIM_COMPUTE,step1.layer36.rope,8050.589000192,18.929664000,8069.518664192,step1.layer36.rope,decode attention from Ramulator cycle-v0 table
1,36,step1.layer36.o_proj,attention_output,GPU_COMPUTE,step1.layer36.attention,8069.518664192,3.109440000,8072.628104192,step1.layer36.attention,attention output projection
1,36,step1.layer36.residual1,residual,GPU_COMPUTE,step1.layer36.o_proj,8072.628104192,1.012288000,8073.640392192,step1.layer36.o_proj,residual add
1,36,step1.layer36.norm2,norm,GPU_COMPUTE,step1.layer36.residual1,8073.640392192,1.008192000,8074.648584192,step1.layer36.residual1,RMSNorm
1,36,step1.layer36.router,router,GPU_COMPUTE,step1.layer36.norm2,8074.648584192,2.069888000,8076.718472192,step1.layer36.norm2,MoE router
1,36,step1.layer36.metadata,metadata,GPU_COMPUTE,step1.layer36.router,8076.718472192,1.000128000,8077.718600192,step1.layer36.router,routing metadata
1,36,step1.layer36.dispatch,dispatch,,step1.layer36.metadata,8077.718600192,0.000000000,8077.718600192,step1.layer36.metadata,single-GPU dispatch placeholder
1,36,step1.layer36.scheduler,scheduler,GPU_COMPUTE,step1.layer36.metadata,8077.718600192,20.000000000,8097.718600192,step1.layer36.metadata,sieve placement policy
1,36,step1.layer36.gpu_weight_load,gpu_weight_load,HBM_MEM_PATH,step1.layer36.scheduler,8097.718600192,37.748736000,8135.467336192,step1.layer36.scheduler,expert weights HBM to GPU
1,36,step1.layer36.gpu_expert_compute,gpu_expert,GPU_COMPUTE,step1.layer36.gpu_weight_load;step1.layer36.dispatch,8135.467336192,3.197132288,8138.664468480,step1.layer36.gpu_weight_load,grouped expert GEMM
1,36,step1.layer36.pim_gwrite,pim_write,GPU_PIM_IO,step1.layer36.scheduler;step1.layer36.dispatch,8097.718600192,2.228928000,8099.947528192,step1.layer36.scheduler,PIM_GWRITE from Ramulator cycle-v0 table
1,36,step1.layer36.pim_expert_compute,pim_expert,PIM_COMPUTE,step1.layer36.pim_gwrite,8099.947528192,20.054424000,8120.001952192,step1.layer36.pim_gwrite,expert GEMV from Ramulator cycle-v0 table
1,36,step1.layer36.pim_read,pim_read,GPU_PIM_IO,step1.layer36.pim_expert_compute,8120.001952192,0.022464000,8120.024416192,step1.layer36.pim_expert_compute,PIM result read from Ramulator cycle-v0 table
1,36,step1.layer36.combine,combine,GPU_COMPUTE,step1.layer36.gpu_expert_compute;step1.layer36.pim_read,8138.664468480,1.036864000,8139.701332480,step1.layer36.gpu_expert_compute,weighted expert combine
1,36,step1.layer36.residual2,residual,GPU_COMPUTE,step1.layer36.combine,8139.701332480,1.012288000,8140.713620480,step1.layer36.combine,residual add
1,37,step1.layer37.norm1,norm,GPU_COMPUTE,step1.layer36.residual2,8140.713620480,1.008192000,8141.721812480,step1.layer36.residual2,RMSNorm
1,37,step1.layer37.qkv,qkv,GPU_COMPUTE,step1.layer37.norm1,8141.721812480,3.635776000,8145.357588480,step1.layer37.norm1,QKV projection
1,37,step1.layer37.rope,rope,GPU_COMPUTE,step1.layer37.qkv,8145.357588480,1.018432000,8146.376020480,step1.layer37.qkv,QK norm and RoPE
1,37,step1.layer37.attention,attention,PIM_COMPUTE,step1.layer37.rope,8146.376020480,18.929664000,8165.305684480,step1.layer37.rope,decode attention from Ramulator cycle-v0 table
1,37,step1.layer37.o_proj,attention_output,GPU_COMPUTE,step1.layer37.attention,8165.305684480,3.109440000,8168.415124480,step1.layer37.attention,attention output projection
1,37,step1.layer37.residual1,residual,GPU_COMPUTE,step1.layer37.o_proj,8168.415124480,1.012288000,8169.427412480,step1.layer37.o_proj,residual add
1,37,step1.layer37.norm2,norm,GPU_COMPUTE,step1.layer37.residual1,8169.427412480,1.008192000,8170.435604480,step1.layer37.residual1,RMSNorm
1,37,step1.layer37.router,router,GPU_COMPUTE,step1.layer37.norm2,8170.435604480,2.069888000,8172.505492480,step1.layer37.norm2,MoE router
1,37,step1.layer37.metadata,metadata,GPU_COMPUTE,step1.layer37.router,8172.505492480,1.000128000,8173.505620480,step1.layer37.router,routing metadata
1,37,step1.layer37.dispatch,dispatch,,step1.layer37.metadata,8173.505620480,0.000000000,8173.505620480,step1.layer37.metadata,single-GPU dispatch placeholder
1,37,step1.layer37.scheduler,scheduler,GPU_COMPUTE,step1.layer37.metadata,8173.505620480,20.000000000,8193.505620480,step1.layer37.metadata,sieve placement policy
1,37,step1.layer37.gpu_weight_load,gpu_weight_load,HBM_MEM_PATH,step1.layer37.scheduler,8193.505620480,37.748736000,8231.254356480,step1.layer37.scheduler,expert weights HBM to GPU
1,37,step1.layer37.gpu_expert_compute,gpu_expert,GPU_COMPUTE,step1.layer37.gpu_weight_load;step1.layer37.dispatch,8231.254356480,3.197132288,8234.451488768,step1.layer37.gpu_weight_load,grouped expert GEMM
1,37,step1.layer37.pim_gwrite,pim_write,GPU_PIM_IO,step1.layer37.scheduler;step1.layer37.dispatch,8193.505620480,2.228928000,8195.734548480,step1.layer37.scheduler,PIM_GWRITE from Ramulator cycle-v0 table
1,37,step1.layer37.pim_expert_compute,pim_expert,PIM_COMPUTE,step1.layer37.pim_gwrite,8195.734548480,20.054424000,8215.788972480,step1.layer37.pim_gwrite,expert GEMV from Ramulator cycle-v0 table
1,37,step1.layer37.pim_read,pim_read,GPU_PIM_IO,step1.layer37.pim_expert_compute,8215.788972480,0.022464000,8215.811436480,step1.layer37.pim_expert_compute,PIM result read from Ramulator cycle-v0 table
1,37,step1.layer37.combine,combine,GPU_COMPUTE,step1.layer37.gpu_expert_compute;step1.layer37.pim_read,8234.451488768,1.036864000,8235.488352768,step1.layer37.gpu_expert_compute,weighted expert combine
1,37,step1.layer37.residual2,residual,GPU_COMPUTE,step1.layer37.combine,8235.488352768,1.012288000,8236.500640768,step1.layer37.combine,residual add
1,38,step1.layer38.norm1,norm,GPU_COMPUTE,step1.layer37.residual2,8236.500640768,1.008192000,8237.508832768,step1.layer37.residual2,RMSNorm
1,38,step1.layer38.qkv,qkv,GPU_COMPUTE,step1.layer38.norm1,8237.508832768,3.635776000,8241.144608768,step1.layer38.norm1,QKV projection
1,38,step1.layer38.rope,rope,GPU_COMPUTE,step1.layer38.qkv,8241.144608768,1.018432000,8242.163040768,step1.layer38.qkv,QK norm and RoPE
1,38,step1.layer38.attention,attention,PIM_COMPUTE,step1.layer38.rope,8242.163040768,18.929664000,8261.092704768,step1.layer38.rope,decode attention from Ramulator cycle-v0 table
1,38,step1.layer38.o_proj,attention_output,GPU_COMPUTE,step1.layer38.attention,8261.092704768,3.109440000,8264.202144768,step1.layer38.attention,attention output projection
1,38,step1.layer38.residual1,residual,GPU_COMPUTE,step1.layer38.o_proj,8264.202144768,1.012288000,8265.214432768,step1.layer38.o_proj,residual add
1,38,step1.layer38.norm2,norm,GPU_COMPUTE,step1.layer38.residual1,8265.214432768,1.008192000,8266.222624768,step1.layer38.residual1,RMSNorm
1,38,step1.layer38.router,router,GPU_COMPUTE,step1.layer38.norm2,8266.222624768,2.069888000,8268.292512768,step1.layer38.norm2,MoE router
1,38,step1.layer38.metadata,metadata,GPU_COMPUTE,step1.layer38.router,8268.292512768,1.000128000,8269.292640768,step1.layer38.router,routing metadata
1,38,step1.layer38.dispatch,dispatch,,step1.layer38.metadata,8269.292640768,0.000000000,8269.292640768,step1.layer38.metadata,single-GPU dispatch placeholder
1,38,step1.layer38.scheduler,scheduler,GPU_COMPUTE,step1.layer38.metadata,8269.292640768,20.000000000,8289.292640768,step1.layer38.metadata,sieve placement policy
1,38,step1.layer38.gpu_weight_load,gpu_weight_load,HBM_MEM_PATH,step1.layer38.scheduler,8289.292640768,37.748736000,8327.041376768,step1.layer38.scheduler,expert weights HBM to GPU
1,38,step1.layer38.gpu_expert_compute,gpu_expert,GPU_COMPUTE,step1.layer38.gpu_weight_load;step1.layer38.dispatch,8327.041376768,3.197132288,8330.238509056,step1.layer38.gpu_weight_load,grouped expert GEMM
1,38,step1.layer38.pim_gwrite,pim_write,GPU_PIM_IO,step1.layer38.scheduler;step1.layer38.dispatch,8289.292640768,2.228928000,8291.521568768,step1.layer38.scheduler,PIM_GWRITE from Ramulator cycle-v0 table
1,38,step1.layer38.pim_expert_compute,pim_expert,PIM_COMPUTE,step1.layer38.pim_gwrite,8291.521568768,20.054424000,8311.575992768,step1.layer38.pim_gwrite,expert GEMV from Ramulator cycle-v0 table
1,38,step1.layer38.pim_read,pim_read,GPU_PIM_IO,step1.layer38.pim_expert_compute,8311.575992768,0.022464000,8311.598456768,step1.layer38.pim_expert_compute,PIM result read from Ramulator cycle-v0 table
1,38,step1.layer38.combine,combine,GPU_COMPUTE,step1.layer38.gpu_expert_compute;step1.layer38.pim_read,8330.238509056,1.036864000,8331.275373056,step1.layer38.gpu_expert_compute,weighted expert combine
1,38,step1.layer38.residual2,residual,GPU_COMPUTE,step1.layer38.combine,8331.275373056,1.012288000,8332.287661056,step1.layer38.combine,residual add
1,39,step1.layer39.norm1,norm,GPU_COMPUTE,step1.layer38.residual2,8332.287661056,1.008192000,8333.295853056,step1.layer38.residual2,RMSNorm
1,39,step1.layer39.qkv,qkv,GPU_COMPUTE,step1.layer39.norm1,8333.295853056,3.635776000,8336.931629056,step1.layer39.norm1,QKV projection
1,39,step1.layer39.rope,rope,GPU_COMPUTE,step1.layer39.qkv,8336.931629056,1.018432000,8337.950061056,step1.layer39.qkv,QK norm and RoPE
1,39,step1.layer39.attention,attention,PIM_COMPUTE,step1.layer39.rope,8337.950061056,18.929664000,8356.879725056,step1.layer39.rope,decode attention from Ramulator cycle-v0 table
1,39,step1.layer39.o_proj,attention_output,GPU_COMPUTE,step1.layer39.attention,8356.879725056,3.109440000,8359.989165056,step1.layer39.attention,attention output projection
1,39,step1.layer39.residual1,residual,GPU_COMPUTE,step1.layer39.o_proj,8359.989165056,1.012288000,8361.001453056,step1.layer39.o_proj,residual add
1,39,step1.layer39.norm2,norm,GPU_COMPUTE,step1.layer39.residual1,8361.001453056,1.008192000,8362.009645056,step1.layer39.residual1,RMSNorm
1,39,step1.layer39.router,router,GPU_COMPUTE,step1.layer39.norm2,8362.009645056,2.069888000,8364.079533056,step1.layer39.norm2,MoE router
1,39,step1.layer39.metadata,metadata,GPU_COMPUTE,step1.layer39.router,8364.079533056,1.000128000,8365.079661056,step1.layer39.router,routing metadata
1,39,step1.layer39.dispatch,dispatch,,step1.layer39.metadata,8365.079661056,0.000000000,8365.079661056,step1.layer39.metadata,single-GPU dispatch placeholder
1,39,step1.layer39.scheduler,scheduler,GPU_COMPUTE,step1.layer39.metadata,8365.079661056,20.000000000,8385.079661056,step1.layer39.metadata,sieve placement policy
1,39,step1.layer39.gpu_weight_load,gpu_weight_load,HBM_MEM_PATH,step1.layer39.scheduler,8385.079661056,37.748736000,8422.828397056,step1.layer39.scheduler,expert weights HBM to GPU
1,39,step1.layer39.gpu_expert_compute,gpu_expert,GPU_COMPUTE,step1.layer39.gpu_weight_load;step1.layer39.dispatch,8422.828397056,3.197132288,8426.025529344,step1.layer39.gpu_weight_load,grouped expert GEMM
1,39,step1.layer39.pim_gwrite,pim_write,GPU_PIM_IO,step1.layer39.scheduler;step1.layer39.dispatch,8385.079661056,2.228928000,8387.308589056,step1.layer39.scheduler,PIM_GWRITE from Ramulator cycle-v0 table
1,39,step1.layer39.pim_expert_compute,pim_expert,PIM_COMPUTE,step1.layer39.pim_gwrite,8387.308589056,20.054424000,8407.363013056,step1.layer39.pim_gwrite,expert GEMV from Ramulator cycle-v0 table
1,39,step1.layer39.pim_read,pim_read,GPU_PIM_IO,step1.layer39.pim_expert_compute,8407.363013056,0.022464000,8407.385477056,step1.layer39.pim_expert_compute,PIM result read from Ramulator cycle-v0 table
1,39,step1.layer39.combine,combine,GPU_COMPUTE,step1.layer39.gpu_expert_compute;step1.layer39.pim_read,8426.025529344,1.036864000,8427.062393344,step1.layer39.gpu_expert_compute,weighted expert combine
1,39,step1.layer39.residual2,residual,GPU_COMPUTE,step1.layer39.combine,8427.062393344,1.012288000,8428.074681344,step1.layer39.combine,residual add
1,40,step1.layer40.norm1,norm,GPU_COMPUTE,step1.layer39.residual2,8428.074681344,1.008192000,8429.082873344,step1.layer39.residual2,RMSNorm
1,40,step1.layer40.qkv,qkv,GPU_COMPUTE,step1.layer40.norm1,8429.082873344,3.635776000,8432.718649344,step1.layer40.norm1,QKV projection
1,40,step1.layer40.rope,rope,GPU_COMPUTE,step1.layer40.qkv,8432.718649344,1.018432000,8433.737081344,step1.layer40.qkv,QK norm and RoPE
1,40,step1.layer40.attention,attention,PIM_COMPUTE,step1.layer40.rope,8433.737081344,18.929664000,8452.666745344,step1.layer40.rope,decode attention from Ramulator cycle-v0 table
1,40,step1.layer40.o_proj,attention_output,GPU_COMPUTE,step1.layer40.attention,8452.666745344,3.109440000,8455.776185344,step1.layer40.attention,attention output projection
1,40,step1.layer40.residual1,residual,GPU_COMPUTE,step1.layer40.o_proj,8455.776185344,1.012288000,8456.788473344,step1.layer40.o_proj,residual add
1,40,step1.layer40.norm2,norm,GPU_COMPUTE,step1.layer40.residual1,8456.788473344,1.008192000,8457.796665344,step1.layer40.residual1,RMSNorm
1,40,step1.layer40.router,router,GPU_COMPUTE,step1.layer40.norm2,8457.796665344,2.069888000,8459.866553344,step1.layer40.norm2,MoE router
1,40,step1.layer40.metadata,metadata,GPU_COMPUTE,step1.layer40.router,8459.866553344,1.000128000,8460.866681344,step1.layer40.router,routing metadata
1,40,step1.layer40.dispatch,dispatch,,step1.layer40.metadata,8460.866681344,0.000000000,8460.866681344,step1.layer40.metadata,single-GPU dispatch placeholder
1,40,step1.layer40.scheduler,scheduler,GPU_COMPUTE,step1.layer40.metadata,8460.866681344,20.000000000,8480.866681344,step1.layer40.metadata,sieve placement policy
1,40,step1.layer40.gpu_weight_load,gpu_weight_load,HBM_MEM_PATH,step1.layer40.scheduler,8480.866681344,37.748736000,8518.615417344,step1.layer40.scheduler,expert weights HBM to GPU
1,40,step1.layer40.gpu_expert_compute,gpu_expert,GPU_COMPUTE,step1.layer40.gpu_weight_load;step1.layer40.dispatch,8518.615417344,3.197132288,8521.812549632,step1.layer40.gpu_weight_load,grouped expert GEMM
1,40,step1.layer40.pim_gwrite,pim_write,GPU_PIM_IO,step1.layer40.scheduler;step1.layer40.dispatch,8480.866681344,2.228928000,8483.095609344,step1.layer40.scheduler,PIM_GWRITE from Ramulator cycle-v0 table
1,40,step1.layer40.pim_expert_compute,pim_expert,PIM_COMPUTE,step1.layer40.pim_gwrite,8483.095609344,20.054424000,8503.150033344,step1.layer40.pim_gwrite,expert GEMV from Ramulator cycle-v0 table
1,40,step1.layer40.pim_read,pim_read,GPU_PIM_IO,step1.layer40.pim_expert_compute,8503.150033344,0.022464000,8503.172497344,step1.layer40.pim_expert_compute,PIM result read from Ramulator cycle-v0 table
1,40,step1.layer40.combine,combine,GPU_COMPUTE,step1.layer40.gpu_expert_compute;step1.layer40.pim_read,8521.812549632,1.036864000,8522.849413632,step1.layer40.gpu_expert_compute,weighted expert combine
1,40,step1.layer40.residual2,residual,GPU_COMPUTE,step1.layer40.combine,8522.849413632,1.012288000,8523.861701632,step1.layer40.combine,residual add
1,41,step1.layer41.norm1,norm,GPU_COMPUTE,step1.layer40.residual2,8523.861701632,1.008192000,8524.869893632,step1.layer40.residual2,RMSNorm
1,41,step1.layer41.qkv,qkv,GPU_COMPUTE,step1.layer41.norm1,8524.869893632,3.635776000,8528.505669632,step1.layer41.norm1,QKV projection
1,41,step1.layer41.rope,rope,GPU_COMPUTE,step1.layer41.qkv,8528.505669632,1.018432000,8529.524101632,step1.layer41.qkv,QK norm and RoPE
1,41,step1.layer41.attention,attention,PIM_COMPUTE,step1.layer41.rope,8529.524101632,18.929664000,8548.453765632,step1.layer41.rope,decode attention from Ramulator cycle-v0 table
1,41,step1.layer41.o_proj,attention_output,GPU_COMPUTE,step1.layer41.attention,8548.453765632,3.109440000,8551.563205632,step1.layer41.attention,attention output projection
1,41,step1.layer41.residual1,residual,GPU_COMPUTE,step1.layer41.o_proj,8551.563205632,1.012288000,8552.575493632,step1.layer41.o_proj,residual add
1,41,step1.layer41.norm2,norm,GPU_COMPUTE,step1.layer41.residual1,8552.575493632,1.008192000,8553.583685632,step1.layer41.residual1,RMSNorm
1,41,step1.layer41.router,router,GPU_COMPUTE,step1.layer41.norm2,8553.583685632,2.069888000,8555.653573632,step1.layer41.norm2,MoE router
1,41,step1.layer41.metadata,metadata,GPU_COMPUTE,step1.layer41.router,8555.653573632,1.000128000,8556.653701632,step1.layer41.router,routing metadata
1,41,step1.layer41.dispatch,dispatch,,step1.layer41.metadata,8556.653701632,0.000000000,8556.653701632,step1.layer41.metadata,single-GPU dispatch placeholder
1,41,step1.layer41.scheduler,scheduler,GPU_COMPUTE,step1.layer41.metadata,8556.653701632,20.000000000,8576.653701632,step1.layer41.metadata,sieve placement policy
1,41,step1.layer41.gpu_weight_load,gpu_weight_load,HBM_MEM_PATH,step1.layer41.scheduler,8576.653701632,37.748736000,8614.402437632,step1.layer41.scheduler,expert weights HBM to GPU
1,41,step1.layer41.gpu_expert_compute,gpu_expert,GPU_COMPUTE,step1.layer41.gpu_weight_load;step1.layer41.dispatch,8614.402437632,3.197132288,8617.599569920,step1.layer41.gpu_weight_load,grouped expert GEMM
1,41,step1.layer41.pim_gwrite,pim_write,GPU_PIM_IO,step1.layer41.scheduler;step1.layer41.dispatch,8576.653701632,2.228928000,8578.882629632,step1.layer41.scheduler,PIM_GWRITE from Ramulator cycle-v0 table
1,41,step1.layer41.pim_expert_compute,pim_expert,PIM_COMPUTE,step1.layer41.pim_gwrite,8578.882629632,20.054424000,8598.937053632,step1.layer41.pim_gwrite,expert GEMV from Ramulator cycle-v0 table
1,41,step1.layer41.pim_read,pim_read,GPU_PIM_IO,step1.layer41.pim_expert_compute,8598.937053632,0.022464000,8598.959517632,step1.layer41.pim_expert_compute,PIM result read from Ramulator cycle-v0 table
1,41,step1.layer41.combine,combine,GPU_COMPUTE,step1.layer41.gpu_expert_compute;step1.layer41.pim_read,8617.599569920,1.036864000,8618.636433920,step1.layer41.gpu_expert_compute,weighted expert combine
1,41,step1.layer41.residual2,residual,GPU_COMPUTE,step1.layer41.combine,8618.636433920,1.012288000,8619.648721920,step1.layer41.combine,residual add
1,42,step1.layer42.norm1,norm,GPU_COMPUTE,step1.layer41.residual2,8619.648721920,1.008192000,8620.656913920,step1.layer41.residual2,RMSNorm
1,42,step1.layer42.qkv,qkv,GPU_COMPUTE,step1.layer42.norm1,8620.656913920,3.635776000,8624.292689920,step1.layer42.norm1,QKV projection
1,42,step1.layer42.rope,rope,GPU_COMPUTE,step1.layer42.qkv,8624.292689920,1.018432000,8625.311121920,step1.layer42.qkv,QK norm and RoPE
1,42,step1.layer42.attention,attention,PIM_COMPUTE,step1.layer42.rope,8625.311121920,18.929664000,8644.240785920,step1.layer42.rope,decode attention from Ramulator cycle-v0 table
1,42,step1.layer42.o_proj,attention_output,GPU_COMPUTE,step1.layer42.attention,8644.240785920,3.109440000,8647.350225920,step1.layer42.attention,attention output projection
1,42,step1.layer42.residual1,residual,GPU_COMPUTE,step1.layer42.o_proj,8647.350225920,1.012288000,8648.362513920,step1.layer42.o_proj,residual add
1,42,step1.layer42.norm2,norm,GPU_COMPUTE,step1.layer42.residual1,8648.362513920,1.008192000,8649.370705920,step1.layer42.residual1,RMSNorm
1,42,step1.layer42.router,router,GPU_COMPUTE,step1.layer42.norm2,8649.370705920,2.069888000,8651.440593920,step1.layer42.norm2,MoE router
1,42,step1.layer42.metadata,metadata,GPU_COMPUTE,step1.layer42.router,8651.440593920,1.000128000,8652.440721920,step1.layer42.router,routing metadata
1,42,step1.layer42.dispatch,dispatch,,step1.layer42.metadata,8652.440721920,0.000000000,8652.440721920,step1.layer42.metadata,single-GPU dispatch placeholder
1,42,step1.layer42.scheduler,scheduler,GPU_COMPUTE,step1.layer42.metadata,8652.440721920,20.000000000,8672.440721920,step1.layer42.metadata,sieve placement policy
1,42,step1.layer42.gpu_weight_load,gpu_weight_load,HBM_MEM_PATH,step1.layer42.scheduler,8672.440721920,37.748736000,8710.189457920,step1.layer42.scheduler,expert weights HBM to GPU
1,42,step1.layer42.gpu_expert_compute,gpu_expert,GPU_COMPUTE,step1.layer42.gpu_weight_load;step1.layer42.dispatch,8710.189457920,3.197132288,8713.386590208,step1.layer42.gpu_weight_load,grouped expert GEMM
1,42,step1.layer42.pim_gwrite,pim_write,GPU_PIM_IO,step1.layer42.scheduler;step1.layer42.dispatch,8672.440721920,2.228928000,8674.669649920,step1.layer42.scheduler,PIM_GWRITE from Ramulator cycle-v0 table
1,42,step1.layer42.pim_expert_compute,pim_expert,PIM_COMPUTE,step1.layer42.pim_gwrite,8674.669649920,20.054424000,8694.724073920,step1.layer42.pim_gwrite,expert GEMV from Ramulator cycle-v0 table
1,42,step1.layer42.pim_read,pim_read,GPU_PIM_IO,step1.layer42.pim_expert_compute,8694.724073920,0.022464000,8694.746537920,step1.layer42.pim_expert_compute,PIM result read from Ramulator cycle-v0 table
1,42,step1.layer42.combine,combine,GPU_COMPUTE,step1.layer42.gpu_expert_compute;step1.layer42.pim_read,8713.386590208,1.036864000,8714.423454208,step1.layer42.gpu_expert_compute,weighted expert combine
1,42,step1.layer42.residual2,residual,GPU_COMPUTE,step1.layer42.combine,8714.423454208,1.012288000,8715.435742208,step1.layer42.combine,residual add
1,43,step1.layer43.norm1,norm,GPU_COMPUTE,step1.layer42.residual2,8715.435742208,1.008192000,8716.443934208,step1.layer42.residual2,RMSNorm
1,43,step1.layer43.qkv,qkv,GPU_COMPUTE,step1.layer43.norm1,8716.443934208,3.635776000,8720.079710208,step1.layer43.norm1,QKV projection
1,43,step1.layer43.rope,rope,GPU_COMPUTE,step1.layer43.qkv,8720.079710208,1.018432000,8721.098142208,step1.layer43.qkv,QK norm and RoPE
1,43,step1.layer43.attention,attention,PIM_COMPUTE,step1.layer43.rope,8721.098142208,18.929664000,8740.027806208,step1.layer43.rope,decode attention from Ramulator cycle-v0 table
1,43,step1.layer43.o_proj,attention_output,GPU_COMPUTE,step1.layer43.attention,8740.027806208,3.109440000,8743.137246208,step1.layer43.attention,attention output projection
1,43,step1.layer43.residual1,residual,GPU_COMPUTE,step1.layer43.o_proj,8743.137246208,1.012288000,8744.149534208,step1.layer43.o_proj,residual add
1,43,step1.layer43.norm2,norm,GPU_COMPUTE,step1.layer43.residual1,8744.149534208,1.008192000,8745.157726208,step1.layer43.residual1,RMSNorm
1,43,step1.layer43.router,router,GPU_COMPUTE,step1.layer43.norm2,8745.157726208,2.069888000,8747.227614208,step1.layer43.norm2,MoE router
1,43,step1.layer43.metadata,metadata,GPU_COMPUTE,step1.layer43.router,8747.227614208,1.000128000,8748.227742208,step1.layer43.router,routing metadata
1,43,step1.layer43.dispatch,dispatch,,step1.layer43.metadata,8748.227742208,0.000000000,8748.227742208,step1.layer43.metadata,single-GPU dispatch placeholder
1,43,step1.layer43.scheduler,scheduler,GPU_COMPUTE,step1.layer43.metadata,8748.227742208,20.000000000,8768.227742208,step1.layer43.metadata,sieve placement policy
1,43,step1.layer43.gpu_weight_load,gpu_weight_load,HBM_MEM_PATH,step1.layer43.scheduler,8768.227742208,37.748736000,8805.976478208,step1.layer43.scheduler,expert weights HBM to GPU
1,43,step1.layer43.gpu_expert_compute,gpu_expert,GPU_COMPUTE,step1.layer43.gpu_weight_load;step1.layer43.dispatch,8805.976478208,3.197132288,8809.173610496,step1.layer43.gpu_weight_load,grouped expert GEMM
1,43,step1.layer43.pim_gwrite,pim_write,GPU_PIM_IO,step1.layer43.scheduler;step1.layer43.dispatch,8768.227742208,2.228928000,8770.456670208,step1.layer43.scheduler,PIM_GWRITE from Ramulator cycle-v0 table
1,43,step1.layer43.pim_expert_compute,pim_expert,PIM_COMPUTE,step1.layer43.pim_gwrite,8770.456670208,20.054424000,8790.511094208,step1.layer43.pim_gwrite,expert GEMV from Ramulator cycle-v0 table
1,43,step1.layer43.pim_read,pim_read,GPU_PIM_IO,step1.layer43.pim_expert_compute,8790.511094208,0.022464000,8790.533558208,step1.layer43.pim_expert_compute,PIM result read from Ramulator cycle-v0 table
1,43,step1.layer43.combine,combine,GPU_COMPUTE,step1.layer43.gpu_expert_compute;step1.layer43.pim_read,8809.173610496,1.036864000,8810.210474496,step1.layer43.gpu_expert_compute,weighted expert combine
1,43,step1.layer43.residual2,residual,GPU_COMPUTE,step1.layer43.combine,8810.210474496,1.012288000,8811.222762496,step1.layer43.combine,residual add
1,44,step1.layer44.norm1,norm,GPU_COMPUTE,step1.layer43.residual2,8811.222762496,1.008192000,8812.230954496,step1.layer43.residual2,RMSNorm
1,44,step1.layer44.qkv,qkv,GPU_COMPUTE,step1.layer44.norm1,8812.230954496,3.635776000,8815.866730496,step1.layer44.norm1,QKV projection
1,44,step1.layer44.rope,rope,GPU_COMPUTE,step1.layer44.qkv,8815.866730496,1.018432000,8816.885162496,step1.layer44.qkv,QK norm and RoPE
1,44,step1.layer44.attention,attention,PIM_COMPUTE,step1.layer44.rope,8816.885162496,18.929664000,8835.814826496,step1.layer44.rope,decode attention from Ramulator cycle-v0 table
1,44,step1.layer44.o_proj,attention_output,GPU_COMPUTE,step1.layer44.attention,8835.814826496,3.109440000,8838.924266496,step1.layer44.attention,attention output projection
1,44,step1.layer44.residual1,residual,GPU_COMPUTE,step1.layer44.o_proj,8838.924266496,1.012288000,8839.936554496,step1.layer44.o_proj,residual add
1,44,step1.layer44.norm2,norm,GPU_COMPUTE,step1.layer44.residual1,8839.936554496,1.008192000,8840.944746496,step1.layer44.residual1,RMSNorm
1,44,step1.layer44.router,router,GPU_COMPUTE,step1.layer44.norm2,8840.944746496,2.069888000,8843.014634496,step1.layer44.norm2,MoE router
1,44,step1.layer44.metadata,metadata,GPU_COMPUTE,step1.layer44.router,8843.014634496,1.000128000,8844.014762496,step1.layer44.router,routing metadata
1,44,step1.layer44.dispatch,dispatch,,step1.layer44.metadata,8844.014762496,0.000000000,8844.014762496,step1.layer44.metadata,single-GPU dispatch placeholder
1,44,step1.layer44.scheduler,scheduler,GPU_COMPUTE,step1.layer44.metadata,8844.014762496,20.000000000,8864.014762496,step1.layer44.metadata,sieve placement policy
1,44,step1.layer44.gpu_weight_load,gpu_weight_load,HBM_MEM_PATH,step1.layer44.scheduler,8864.014762496,37.748736000,8901.763498496,step1.layer44.scheduler,expert weights HBM to GPU
1,44,step1.layer44.gpu_expert_compute,gpu_expert,GPU_COMPUTE,step1.layer44.gpu_weight_load;step1.layer44.dispatch,8901.763498496,3.197132288,8904.960630784,step1.layer44.gpu_weight_load,grouped expert GEMM
1,44,step1.layer44.pim_gwrite,pim_write,GPU_PIM_IO,step1.layer44.scheduler;step1.layer44.dispatch,8864.014762496,2.228928000,8866.243690496,step1.layer44.scheduler,PIM_GWRITE from Ramulator cycle-v0 table
1,44,step1.layer44.pim_expert_compute,pim_expert,PIM_COMPUTE,step1.layer44.pim_gwrite,8866.243690496,20.054424000,8886.298114496,step1.layer44.pim_gwrite,expert GEMV from Ramulator cycle-v0 table
1,44,step1.layer44.pim_read,pim_read,GPU_PIM_IO,step1.layer44.pim_expert_compute,8886.298114496,0.022464000,8886.320578496,step1.layer44.pim_expert_compute,PIM result read from Ramulator cycle-v0 table
1,44,step1.layer44.combine,combine,GPU_COMPUTE,step1.layer44.gpu_expert_compute;step1.layer44.pim_read,8904.960630784,1.036864000,8905.997494784,step1.layer44.gpu_expert_compute,weighted expert combine
1,44,step1.layer44.residual2,residual,GPU_COMPUTE,step1.layer44.combine,8905.997494784,1.012288000,8907.009782784,step1.layer44.combine,residual add
1,45,step1.layer45.norm1,norm,GPU_COMPUTE,step1.layer44.residual2,8907.009782784,1.008192000,8908.017974784,step1.layer44.residual2,RMSNorm
1,45,step1.layer45.qkv,qkv,GPU_COMPUTE,step1.layer45.norm1,8908.017974784,3.635776000,8911.653750784,step1.layer45.norm1,QKV projection
1,45,step1.layer45.rope,rope,GPU_COMPUTE,step1.layer45.qkv,8911.653750784,1.018432000,8912.672182784,step1.layer45.qkv,QK norm and RoPE
1,45,step1.layer45.attention,attention,PIM_COMPUTE,step1.layer45.rope,8912.672182784,18.929664000,8931.601846784,step1.layer45.rope,decode attention from Ramulator cycle-v0 table
1,45,step1.layer45.o_proj,attention_output,GPU_COMPUTE,step1.layer45.attention,8931.601846784,3.109440000,8934.711286784,step1.layer45.attention,attention output projection
1,45,step1.layer45.residual1,residual,GPU_COMPUTE,step1.layer45.o_proj,8934.711286784,1.012288000,8935.723574784,step1.layer45.o_proj,residual add
1,45,step1.layer45.norm2,norm,GPU_COMPUTE,step1.layer45.residual1,8935.723574784,1.008192000,8936.731766784,step1.layer45.residual1,RMSNorm
1,45,step1.layer45.router,router,GPU_COMPUTE,step1.layer45.norm2,8936.731766784,2.069888000,8938.801654784,step1.layer45.norm2,MoE router
1,45,step1.layer45.metadata,metadata,GPU_COMPUTE,step1.layer45.router,8938.801654784,1.000128000,8939.801782784,step1.layer45.router,routing metadata
1,45,step1.layer45.dispatch,dispatch,,step1.layer45.metadata,8939.801782784,0.000000000,8939.801782784,step1.layer45.metadata,single-GPU dispatch placeholder
1,45,step1.layer45.scheduler,scheduler,GPU_COMPUTE,step1.layer45.metadata,8939.801782784,20.000000000,8959.801782784,step1.layer45.metadata,sieve placement policy
1,45,step1.layer45.gpu_weight_load,gpu_weight_load,HBM_MEM_PATH,step1.layer45.scheduler,8959.801782784,37.748736000,8997.550518784,step1.layer45.scheduler,expert weights HBM to GPU
1,45,step1.layer45.gpu_expert_compute,gpu_expert,GPU_COMPUTE,step1.layer45.gpu_weight_load;step1.layer45.dispatch,8997.550518784,3.197132288,9000.747651072,step1.layer45.gpu_weight_load,grouped expert GEMM
1,45,step1.layer45.pim_gwrite,pim_write,GPU_PIM_IO,step1.layer45.scheduler;step1.layer45.dispatch,8959.801782784,2.228928000,8962.030710784,step1.layer45.scheduler,PIM_GWRITE from Ramulator cycle-v0 table
1,45,step1.layer45.pim_expert_compute,pim_expert,PIM_COMPUTE,step1.layer45.pim_gwrite,8962.030710784,20.054424000,8982.085134784,step1.layer45.pim_gwrite,expert GEMV from Ramulator cycle-v0 table
1,45,step1.layer45.pim_read,pim_read,GPU_PIM_IO,step1.layer45.pim_expert_compute,8982.085134784,0.022464000,8982.107598784,step1.layer45.pim_expert_compute,PIM result read from Ramulator cycle-v0 table
1,45,step1.layer45.combine,combine,GPU_COMPUTE,step1.layer45.gpu_expert_compute;step1.layer45.pim_read,9000.747651072,1.036864000,9001.784515072,step1.layer45.gpu_expert_compute,weighted expert combine
1,45,step1.layer45.residual2,residual,GPU_COMPUTE,step1.layer45.combine,9001.784515072,1.012288000,9002.796803072,step1.layer45.combine,residual add
1,46,step1.layer46.norm1,norm,GPU_COMPUTE,step1.layer45.residual2,9002.796803072,1.008192000,9003.804995072,step1.layer45.residual2,RMSNorm
1,46,step1.layer46.qkv,qkv,GPU_COMPUTE,step1.layer46.norm1,9003.804995072,3.635776000,9007.440771072,step1.layer46.norm1,QKV projection
1,46,step1.layer46.rope,rope,GPU_COMPUTE,step1.layer46.qkv,9007.440771072,1.018432000,9008.459203072,step1.layer46.qkv,QK norm and RoPE
1,46,step1.layer46.attention,attention,PIM_COMPUTE,step1.layer46.rope,9008.459203072,18.929664000,9027.388867072,step1.layer46.rope,decode attention from Ramulator cycle-v0 table
1,46,step1.layer46.o_proj,attention_output,GPU_COMPUTE,step1.layer46.attention,9027.388867072,3.109440000,9030.498307072,step1.layer46.attention,attention output projection
1,46,step1.layer46.residual1,residual,GPU_COMPUTE,step1.layer46.o_proj,9030.498307072,1.012288000,9031.510595072,step1.layer46.o_proj,residual add
1,46,step1.layer46.norm2,norm,GPU_COMPUTE,step1.layer46.residual1,9031.510595072,1.008192000,9032.518787072,step1.layer46.residual1,RMSNorm
1,46,step1.layer46.router,router,GPU_COMPUTE,step1.layer46.norm2,9032.518787072,2.069888000,9034.588675072,step1.layer46.norm2,MoE router
1,46,step1.layer46.metadata,metadata,GPU_COMPUTE,step1.layer46.router,9034.588675072,1.000128000,9035.588803072,step1.layer46.router,routing metadata
1,46,step1.layer46.dispatch,dispatch,,step1.layer46.metadata,9035.588803072,0.000000000,9035.588803072,step1.layer46.metadata,single-GPU dispatch placeholder
1,46,step1.layer46.scheduler,scheduler,GPU_COMPUTE,step1.layer46.metadata,9035.588803072,20.000000000,9055.588803072,step1.layer46.metadata,sieve placement policy
1,46,step1.layer46.gpu_weight_load,gpu_weight_load,HBM_MEM_PATH,step1.layer46.scheduler,9055.588803072,37.748736000,9093.337539072,step1.layer46.scheduler,expert weights HBM to GPU
1,46,step1.layer46.gpu_expert_compute,gpu_expert,GPU_COMPUTE,step1.layer46.gpu_weight_load;step1.layer46.dispatch,9093.337539072,3.197132288,9096.534671360,step1.layer46.gpu_weight_load,grouped expert GEMM
1,46,step1.layer46.pim_gwrite,pim_write,GPU_PIM_IO,step1.layer46.scheduler;step1.layer46.dispatch,9055.588803072,2.228928000,9057.817731072,step1.layer46.scheduler,PIM_GWRITE from Ramulator cycle-v0 table
1,46,step1.layer46.pim_expert_compute,pim_expert,PIM_COMPUTE,step1.layer46.pim_gwrite,9057.817731072,20.054424000,9077.872155072,step1.layer46.pim_gwrite,expert GEMV from Ramulator cycle-v0 table
1,46,step1.layer46.pim_read,pim_read,GPU_PIM_IO,step1.layer46.pim_expert_compute,9077.872155072,0.022464000,9077.894619072,step1.layer46.pim_expert_compute,PIM result read from Ramulator cycle-v0 table
1,46,step1.layer46.combine,combine,GPU_COMPUTE,step1.layer46.gpu_expert_compute;step1.layer46.pim_read,9096.534671360,1.036864000,9097.571535360,step1.layer46.gpu_expert_compute,weighted expert combine
1,46,step1.layer46.residual2,residual,GPU_COMPUTE,step1.layer46.combine,9097.571535360,1.012288000,9098.583823360,step1.layer46.combine,residual add
1,47,step1.layer47.norm1,norm,GPU_COMPUTE,step1.layer46.residual2,9098.583823360,1.008192000,9099.592015360,step1.layer46.residual2,RMSNorm
1,47,step1.layer47.qkv,qkv,GPU_COMPUTE,step1.layer47.norm1,9099.592015360,3.635776000,9103.227791360,step1.layer47.norm1,QKV projection
1,47,step1.layer47.rope,rope,GPU_COMPUTE,step1.layer47.qkv,9103.227791360,1.018432000,9104.246223360,step1.layer47.qkv,QK norm and RoPE
1,47,step1.layer47.attention,attention,PIM_COMPUTE,step1.layer47.rope,9104.246223360,18.929664000,9123.175887360,step1.layer47.rope,decode attention from Ramulator cycle-v0 table
1,47,step1.layer47.o_proj,attention_output,GPU_COMPUTE,step1.layer47.attention,9123.175887360,3.109440000,9126.285327360,step1.layer47.attention,attention output projection
1,47,step1.layer47.residual1,residual,GPU_COMPUTE,step1.layer47.o_proj,9126.285327360,1.012288000,9127.297615360,step1.layer47.o_proj,residual add
1,47,step1.layer47.norm2,norm,GPU_COMPUTE,step1.layer47.residual1,9127.297615360,1.008192000,9128.305807360,step1.layer47.residual1,RMSNorm
1,47,step1.layer47.router,router,GPU_COMPUTE,step1.layer47.norm2,9128.305807360,2.069888000,9130.375695360,step1.layer47.norm2,MoE router
1,47,step1.layer47.metadata,metadata,GPU_COMPUTE,step1.layer47.router,9130.375695360,1.000128000,9131.375823360,step1.layer47.router,routing metadata
1,47,step1.layer47.dispatch,dispatch,,step1.layer47.metadata,9131.375823360,0.000000000,9131.375823360,step1.layer47.metadata,single-GPU dispatch placeholder
1,47,step1.layer47.scheduler,scheduler,GPU_COMPUTE,step1.layer47.metadata,9131.375823360,20.000000000,9151.375823360,step1.layer47.metadata,sieve placement policy
1,47,step1.layer47.gpu_weight_load,gpu_weight_load,HBM_MEM_PATH,step1.layer47.scheduler,9151.375823360,37.748736000,9189.124559360,step1.layer47.scheduler,expert weights HBM to GPU
1,47,step1.layer47.gpu_expert_compute,gpu_expert,GPU_COMPUTE,step1.layer47.gpu_weight_load;step1.layer47.dispatch,9189.124559360,3.197132288,9192.321691648,step1.layer47.gpu_weight_load,grouped expert GEMM
1,47,step1.layer47.pim_gwrite,pim_write,GPU_PIM_IO,step1.layer47.scheduler;step1.layer47.dispatch,9151.375823360,2.228928000,9153.604751360,step1.layer47.scheduler,PIM_GWRITE from Ramulator cycle-v0 table
1,47,step1.layer47.pim_expert_compute,pim_expert,PIM_COMPUTE,step1.layer47.pim_gwrite,9153.604751360,20.054424000,9173.659175360,step1.layer47.pim_gwrite,expert GEMV from Ramulator cycle-v0 table
1,47,step1.layer47.pim_read,pim_read,GPU_PIM_IO,step1.layer47.pim_expert_compute,9173.659175360,0.022464000,9173.681639360,step1.layer47.pim_expert_compute,PIM result read from Ramulator cycle-v0 table
1,47,step1.layer47.combine,combine,GPU_COMPUTE,step1.layer47.gpu_expert_compute;step1.layer47.pim_read,9192.321691648,1.036864000,9193.358555648,step1.layer47.gpu_expert_compute,weighted expert combine
1,47,step1.layer47.residual2,residual,GPU_COMPUTE,step1.layer47.combine,9193.358555648,1.012288000,9194.370843648,step1.layer47.combine,residual add
