gpu_prefix_length,gpu_experts,gpu_tokens,pim_tokens,gpu_memory_us,gpu_compute_us,gpu_path_us,pim_path_us,scheduler_us,objective_us,isolation_available,step,layer,selected
0,,0,64,0.0,0.0,0.0,98.534592,20.0,118.534592,True,0,0,False
1,14,8,56,2.461056,3.033554432,5.494610432,86.22276,20.0,106.22276,True,0,0,False
2,14;21,16,48,5.406336,3.067108864,8.473444864,73.909992,20.0,93.909992,True,0,0,False
3,14;21;50,24,40,8.421504,3.100663296,11.522167296,61.597224,20.0,81.597224,True,0,0,False
4,14;21;50;51,32,32,11.37396,3.134217728,14.508177728,49.28508,20.0,69.28508,True,0,0,False
5,14;21;50;51;57,40,24,14.41128,3.16777216,17.57905216,36.972624,20.0,56.972624,True,0,0,False
6,14;21;50;51;57;103,48,16,17.33004,3.201326592,20.531366592,24.660792,20.0,44.660792,True,0,0,False
7,14;21;50;51;57;103;106,56,8,20.298408,3.234881024,23.533289024,12.347712,20.0,43.533289024,True,0,0,True
8,14;21;50;51;57;103;106;110,64,0,23.288616,3.268435456,26.557051456,0.0,20.0,46.557051456,True,0,0,False
0,,0,64,0.0,0.0,0.0,98.534592,20.0,118.534592,True,0,1,False
1,3,8,56,2.461056,3.033554432,5.494610432,86.22276,20.0,106.22276,True,0,1,False
2,3;6,16,48,5.406336,3.067108864,8.473444864,73.909992,20.0,93.909992,True,0,1,False
3,3;6;9,24,40,8.421504,3.100663296,11.522167296,61.597224,20.0,81.597224,True,0,1,False
4,3;6;9;33,32,32,11.37396,3.134217728,14.508177728,49.28508,20.0,69.28508,True,0,1,False
5,3;6;9;33;42,40,24,14.41128,3.16777216,17.57905216,36.972624,20.0,56.972624,True,0,1,False
6,3;6;9;33;42;49,48,16,17.33004,3.201326592,20.531366592,24.660792,20.0,44.660792,True,0,1,False
7,3;6;9;33;42;49;51,56,8,20.298408,3.234881024,23.533289024,12.347712,20.0,43.533289024,True,0,1,True
8,3;6;9;33;42;49;51;95,64,0,23.288616,3.268435456,26.557051456,0.0,20.0,46.557051456,True,0,1,False
0,,0,64,0.0,0.0,0.0,98.534592,20.0,118.534592,True,0,2,False
1,56,8,56,2.461056,3.033554432,5.494610432,86.22276,20.0,106.22276,True,0,2,False
2,56;72,16,48,5.406336,3.067108864,8.473444864,73.909992,20.0,93.909992,True,0,2,False
3,56;72;82,24,40,8.421504,3.100663296,11.522167296,61.597224,20.0,81.597224,True,0,2,False
4,56;72;82;90,32,32,11.37396,3.134217728,14.508177728,49.28508,20.0,69.28508,True,0,2,False
5,56;72;82;90;92,40,24,14.41128,3.16777216,17.57905216,36.972624,20.0,56.972624,True,0,2,False
6,56;72;82;90;92;95,48,16,17.33004,3.201326592,20.531366592,24.660792,20.0,44.660792,True,0,2,False
7,56;72;82;90;92;95;122,56,8,20.298408,3.234881024,23.533289024,12.347712,20.0,43.533289024,True,0,2,True
8,56;72;82;90;92;95;122;123,64,0,23.288616,3.268435456,26.557051456,0.0,20.0,46.557051456,True,0,2,False
0,,0,64,0.0,0.0,0.0,98.534592,20.0,118.534592,True,0,3,False
1,30,8,56,2.461056,3.033554432,5.494610432,86.22276,20.0,106.22276,True,0,3,False
2,30;39,16,48,5.406336,3.067108864,8.473444864,73.909992,20.0,93.909992,True,0,3,False
3,30;39;56,24,40,8.421504,3.100663296,11.522167296,61.597224,20.0,81.597224,True,0,3,False
4,30;39;56;71,32,32,11.37396,3.134217728,14.508177728,49.28508,20.0,69.28508,True,0,3,False
5,30;39;56;71;87,40,24,14.41128,3.16777216,17.57905216,36.972624,20.0,56.972624,True,0,3,False
6,30;39;56;71;87;108,48,16,17.33004,3.201326592,20.531366592,24.660792,20.0,44.660792,True,0,3,False
7,30;39;56;71;87;108;114,56,8,20.298408,3.234881024,23.533289024,12.347712,20.0,43.533289024,True,0,3,True
8,30;39;56;71;87;108;114;117,64,0,23.288616,3.268435456,26.557051456,0.0,20.0,46.557051456,True,0,3,False
0,,0,64,0.0,0.0,0.0,98.534592,20.0,118.534592,True,0,4,False
1,12,8,56,2.461056,3.033554432,5.494610432,86.22276,20.0,106.22276,True,0,4,False
2,12;19,16,48,5.406336,3.067108864,8.473444864,73.909992,20.0,93.909992,True,0,4,False
3,12;19;64,24,40,8.421504,3.100663296,11.522167296,61.597224,20.0,81.597224,True,0,4,False
4,12;19;64;65,32,32,11.37396,3.134217728,14.508177728,49.28508,20.0,69.28508,True,0,4,False
5,12;19;64;65;100,40,24,14.41128,3.16777216,17.57905216,36.972624,20.0,56.972624,True,0,4,False
6,12;19;64;65;100;108,48,16,17.33004,3.201326592,20.531366592,24.660792,20.0,44.660792,True,0,4,False
7,12;19;64;65;100;108;110,56,8,20.298408,3.234881024,23.533289024,12.347712,20.0,43.533289024,True,0,4,True
8,12;19;64;65;100;108;110;114,64,0,23.288616,3.268435456,26.557051456,0.0,20.0,46.557051456,True,0,4,False
0,,0,64,0.0,0.0,0.0,98.534592,20.0,118.534592,True,0,5,False
1,4,8,56,2.461056,3.033554432,5.494610432,86.22276,20.0,106.22276,True,0,5,False
2,4;38,16,48,5.406336,3.067108864,8.473444864,73.909992,20.0,93.909992,True,0,5,False
3,4;38;46,24,40,8.421504,3.100663296,11.522167296,61.597224,20.0,81.597224,True,0,5,False
4,4;38;46;53,32,32,11.37396,3.134217728,14.508177728,49.28508,20.0,69.28508,True,0,5,False
5,4;38;46;53;65,40,24,14.41128,3.16777216,17.57905216,36.972624,20.0,56.972624,True,0,5,False
6,4;38;46;53;65;73,48,16,17.33004,3.201326592,20.531366592,24.660792,20.0,44.660792,True,0,5,False
7,4;38;46;53;65;73;84,56,8,20.298408,3.234881024,23.533289024,12.347712,20.0,43.533289024,True,0,5,True
8,4;38;46;53;65;73;84;104,64,0,23.288616,3.268435456,26.557051456,0.0,20.0,46.557051456,True,0,5,False
0,,0,64,0.0,0.0,0.0,98.534592,20.0,118.534592,True,0,6,False
1,33,8,56,2.461056,3.033554432,5.494610432,86.22276,20.0,106.22276,True,0,6,False
2,33;43,16,48,5.406336,3.067108864,8.473444864,73.909992,20.0,93.909992,True,0,6,False
3,33;43;49,24,40,8.421504,3.100663296,11.522167296,61.597224,20.0,81.597224,True,0,6,False
4,33;43;49;58,32,32,11.37396,3.134217728,14.508177728,49.28508,20.0,69.28508,True,0,6,False
5,33;43;49;58;82,40,24,14.41128,3.16777216,17.57905216,36.972624,20.0,56.972624,True,0,6,False
6,33;43;49;58;82;112,48,16,17.33004,3.201326592,20.531366592,24.660792,20.0,44.660792,True,0,6,False
7,33;43;49;58;82;112;116,56,8,20.298408,3.234881024,23.533289024,12.347712,20.0,43.533289024,True,0,6,True
8,33;43;49;58;82;112;116;126,64,0,23.288616,3.268435456,26.557051456,0.0,20.0,46.557051456,True,0,6,False
0,,0,64,0.0,0.0,0.0,98.534592,20.0,118.534592,True,0,7,False
1,15,8,56,2.461056,3.033554432,5.494610432,86.22276,20.0,106.22276,True,0,7,False
2,15;19,16,48,5.406336,3.067108864,8.473444864,73.909992,20.0,93.909992,True,0,7,False
3,15;19;29,24,40,8.421504,3.100663296,11.522167296,61.597224,20.0,81.597224,True,0,7,False
4,15;19;29;44,32,32,11.37396,3.134217728,14.508177728,49.28508,20.0,69.28508,True,0,7,False
5,15;19;29;44;52,40,24,14.41128,3.16777216,17.57905216,36.972624,20.0,56.972624,True,0,7,False
6,15;19;29;44;52;56,48,16,17.33004,3.201326592,20.531366592,24.660792,20.0,44.660792,True,0,7,False
7,15;19;29;44;52;56;75,56,8,20.298408,3.234881024,23.533289024,12.347712,20.0,43.533289024,True,0,7,True
8,15;19;29;44;52;56;75;114,64,0,23.288616,3.268435456,26.557051456,0.0,20.0,46.557051456,True,0,7,False
0,,0,64,0.0,0.0,0.0,98.534592,20.0,118.534592,True,0,8,False
1,11,8,56,2.461056,3.033554432,5.494610432,86.22276,20.0,106.22276,True,0,8,False
2,11;50,16,48,5.406336,3.067108864,8.473444864,73.909992,20.0,93.909992,True,0,8,False
3,11;50;53,24,40,8.421504,3.100663296,11.522167296,61.597224,20.0,81.597224,True,0,8,False
4,11;50;53;83,32,32,11.37396,3.134217728,14.508177728,49.28508,20.0,69.28508,True,0,8,False
5,11;50;53;83;85,40,24,14.41128,3.16777216,17.57905216,36.972624,20.0,56.972624,True,0,8,False
6,11;50;53;83;85;92,48,16,17.33004,3.201326592,20.531366592,24.660792,20.0,44.660792,True,0,8,False
7,11;50;53;83;85;92;102,56,8,20.298408,3.234881024,23.533289024,12.347712,20.0,43.533289024,True,0,8,True
8,11;50;53;83;85;92;102;123,64,0,23.288616,3.268435456,26.557051456,0.0,20.0,46.557051456,True,0,8,False
0,,0,64,0.0,0.0,0.0,98.534592,20.0,118.534592,True,0,9,False
1,2,8,56,2.461056,3.033554432,5.494610432,86.22276,20.0,106.22276,True,0,9,False
2,2;11,16,48,5.406336,3.067108864,8.473444864,73.909992,20.0,93.909992,True,0,9,False
3,2;11;13,24,40,8.421504,3.100663296,11.522167296,61.597224,20.0,81.597224,True,0,9,False
4,2;11;13;16,32,32,11.37396,3.134217728,14.508177728,49.28508,20.0,69.28508,True,0,9,False
5,2;11;13;16;38,40,24,14.41128,3.16777216,17.57905216,36.972624,20.0,56.972624,True,0,9,False
6,2;11;13;16;38;92,48,16,17.33004,3.201326592,20.531366592,24.660792,20.0,44.660792,True,0,9,False
7,2;11;13;16;38;92;124,56,8,20.298408,3.234881024,23.533289024,12.347712,20.0,43.533289024,True,0,9,True
8,2;11;13;16;38;92;124;125,64,0,23.288616,3.268435456,26.557051456,0.0,20.0,46.557051456,True,0,9,False
0,,0,64,0.0,0.0,0.0,98.534592,20.0,118.534592,True,0,10,False
1,1,8,56,2.461056,3.033554432,5.494610432,86.22276,20.0,106.22276,True,0,10,False
2,1;6,16,48,5.406336,3.067108864,8.473444864,73.909992,20.0,93.909992,True,0,10,False
3,1;6;9,24,40,8.421504,3.100663296,11.522167296,61.597224,20.0,81.597224,True,0,10,False
4,1;6;9;29,32,32,11.37396,3.134217728,14.508177728,49.28508,20.0,69.28508,True,0,10,False
5,1;6;9;29;42,40,24,14.41128,3.16777216,17.57905216,36.972624,20.0,56.972624,True,0,10,False
6,1;6;9;29;42;48,48,16,17.33004,3.201326592,20.531366592,24.660792,20.0,44.660792,True,0,10,False
7,1;6;9;29;42;48;84,56,8,20.298408,3.234881024,23.533289024,12.347712,20.0,43.533289024,True,0,10,True
8,1;6;9;29;42;48;84;98,64,0,23.288616,3.268435456,26.557051456,0.0,20.0,46.557051456,True,0,10,False
0,,0,64,0.0,0.0,0.0,98.534592,20.0,118.534592,True,0,11,False
1,3,8,56,2.461056,3.033554432,5.494610432,86.22276,20.0,106.22276,True,0,11,False
2,3;17,16,48,5.406336,3.067108864,8.473444864,73.909992,20.0,93.909992,True,0,11,False
3,3;17;62,24,40,8.421504,3.100663296,11.522167296,61.597224,20.0,81.597224,True,0,11,False
4,3;17;62;76,32,32,11.37396,3.134217728,14.508177728,49.28508,20.0,69.28508,True,0,11,False
5,3;17;62;76;81,40,24,14.41128,3.16777216,17.57905216,36.972624,20.0,56.972624,True,0,11,False
6,3;17;62;76;81;108,48,16,17.33004,3.201326592,20.531366592,24.660792,20.0,44.660792,True,0,11,False
7,3;17;62;76;81;108;109,56,8,20.298408,3.234881024,23.533289024,12.347712,20.0,43.533289024,True,0,11,True
8,3;17;62;76;81;108;109;121,63,1,23.276448,3.264241152,26.540689152,1.591512,20.0,46.540689152,True,0,11,False
9,3;17;52;62;76;81;108;109;121,64,0,26.303784,3.268435456,29.572219456,0.0,20.0,49.572219456,True,0,11,False
0,,0,64,0.0,0.0,0.0,98.534592,20.0,118.534592,True,0,12,False
1,11,8,56,2.461056,3.033554432,5.494610432,86.22276,20.0,106.22276,True,0,12,False
2,11;24,16,48,5.406336,3.067108864,8.473444864,73.909992,20.0,93.909992,True,0,12,False
3,11;24;41,24,40,8.421504,3.100663296,11.522167296,61.597224,20.0,81.597224,True,0,12,False
4,11;24;41;57,32,32,11.37396,3.134217728,14.508177728,49.28508,20.0,69.28508,True,0,12,False
5,11;24;41;57;78,40,24,14.41128,3.16777216,17.57905216,36.972624,20.0,56.972624,True,0,12,False
6,11;24;41;57;78;106,48,16,17.33004,3.201326592,20.531366592,24.660792,20.0,44.660792,True,0,12,False
7,11;24;41;57;78;106;111,56,8,20.298408,3.234881024,23.533289024,12.347712,20.0,43.533289024,True,0,12,True
8,11;24;41;57;78;106;111;125,64,0,23.288616,3.268435456,26.557051456,0.0,20.0,46.557051456,True,0,12,False
0,,0,64,0.0,0.0,0.0,98.534592,20.0,118.534592,True,0,13,False
1,11,8,56,2.461056,3.033554432,5.494610432,86.22276,20.0,106.22276,True,0,13,False
2,11;34,16,48,5.406336,3.067108864,8.473444864,73.909992,20.0,93.909992,True,0,13,False
3,11;34;93,24,40,8.421504,3.100663296,11.522167296,61.597224,20.0,81.597224,True,0,13,False
4,11;34;93;104,32,32,11.37396,3.134217728,14.508177728,49.28508,20.0,69.28508,True,0,13,False
5,11;34;93;104;110,40,24,14.41128,3.16777216,17.57905216,36.972624,20.0,56.972624,True,0,13,False
6,11;34;93;104;110;117,48,16,17.33004,3.201326592,20.531366592,24.660792,20.0,44.660792,True,0,13,False
7,11;34;93;104;110;117;119,56,8,20.298408,3.234881024,23.533289024,12.347712,20.0,43.533289024,True,0,13,True
8,11;31;34;93;104;110;117;119,60,4,23.221536,3.25165824,26.47319424,6.190392,20.0,46.47319424,True,0,13,False
9,11;31;33;34;93;104;110;117;119,64,0,26.303784,3.268435456,29.572219456,0.0,20.0,49.572219456,True,0,13,False
0,,0,64,0.0,0.0,0.0,98.534592,20.0,118.534592,True,0,14,False
1,2,8,56,2.461056,3.033554432,5.494610432,86.22276,20.0,106.22276,True,0,14,False
2,2;5,16,48,5.406336,3.067108864,8.473444864,73.909992,20.0,93.909992,True,0,14,False
3,2;5;61,24,40,8.421504,3.100663296,11.522167296,61.597224,20.0,81.597224,True,0,14,False
4,2;5;61;97,32,32,11.37396,3.134217728,14.508177728,49.28508,20.0,69.28508,True,0,14,False
5,2;5;61;97;105,40,24,14.41128,3.16777216,17.57905216,36.972624,20.0,56.972624,True,0,14,False
6,2;5;61;97;105;109,48,16,17.33004,3.201326592,20.531366592,24.660792,20.0,44.660792,True,0,14,False
7,2;5;61;97;105;109;121,56,8,20.298408,3.234881024,23.533289024,12.347712,20.0,43.533289024,True,0,14,True
8,2;5;61;97;105;109;113;121,63,1,23.276448,3.264241152,26.540689152,1.591512,20.0,46.540689152,True,0,14,False
9,2;5;14;61;97;105;109;113;121,64,0,26.303784,3.268435456,29.572219456,0.0,20.0,49.572219456,True,0,14,False
0,,0,64,0.0,0.0,0.0,98.534592,20.0,118.534592,True,0,15,False
1,15,8,56,2.461056,3.033554432,5.494610432,86.22276,20.0,106.22276,True,0,15,False
2,15;21,16,48,5.406336,3.067108864,8.473444864,73.909992,20.0,93.909992,True,0,15,False
3,15;21;58,24,40,8.421504,3.100663296,11.522167296,61.597224,20.0,81.597224,True,0,15,False
4,15;21;58;63,32,32,11.37396,3.134217728,14.508177728,49.28508,20.0,69.28508,True,0,15,False
5,15;21;58;63;64,40,24,14.41128,3.16777216,17.57905216,36.972624,20.0,56.972624,True,0,15,False
6,15;21;58;63;64;84,48,16,17.33004,3.201326592,20.531366592,24.660792,20.0,44.660792,True,0,15,False
7,15;21;58;63;64;84;122,56,8,20.298408,3.234881024,23.533289024,12.347712,20.0,43.533289024,True,0,15,True
8,15;21;58;63;64;84;122;127,64,0,23.288616,3.268435456,26.557051456,0.0,20.0,46.557051456,True,0,15,False
0,,0,64,0.0,0.0,0.0,98.534592,20.0,118.534592,True,0,16,False
1,12,8,56,2.461056,3.033554432,5.494610432,86.22276,20.0,106.22276,True,0,16,False
2,12;42,16,48,5.406336,3.067108864,8.473444864,73.909992,20.0,93.909992,True,0,16,False
3,12;42;48,24,40,8.421504,3.100663296,11.522167296,61.597224,20.0,81.597224,True,0,16,False
4,12;42;48;97,32,32,11.37396,3.134217728,14.508177728,49.28508,20.0,69.28508,True,0,16,False
5,12;42;48;97;98,40,24,14.41128,3.16777216,17.57905216,36.972624,20.0,56.972624,True,0,16,False
6,12;42;48;97;98;107,48,16,17.33004,3.201326592,20.531366592,24.660792,20.0,44.660792,True,0,16,False
7,12;42;48;97;98;107;119,56,8,20.298408,3.234881024,23.533289024,12.347712,20.0,43.533289024,True,0,16,True
8,12;42;48;53;97;98;107;119,59,5,23.189712,3.247463936,26.437175936,7.747896,20.0,46.437175936,True,0,16,False
9,12;42;48;53;91;97;98;107;119,62,2,26.263848,3.260046848,29.523894848,3.112512,20.0,49.523894848,True,0,16,False
10,12;42;48;53;91;97;98;107;119;122,64,0,29.249064,3.268435456,32.517499456,0.0,20.0,52.517499456,True,0,16,False
0,,0,64,0.0,0.0,0.0,98.534592,20.0,118.534592,True,0,17,False
1,75,8,56,2.461056,3.033554432,5.494610432,86.22276,20.0,106.22276,True,0,17,False
2,75;80,16,48,5.406336,3.067108864,8.473444864,73.909992,20.0,93.909992,True,0,17,False
3,75;80;90,24,40,8.421504,3.100663296,11.522167296,61.597224,20.0,81.597224,True,0,17,False
4,75;80;90;94,32,32,11.37396,3.134217728,14.508177728,49.28508,20.0,69.28508,True,0,17,False
5,75;80;90;94;105,40,24,14.41128,3.16777216,17.57905216,36.972624,20.0,56.972624,True,0,17,False
6,75;80;90;94;105;122,48,16,17.33004,3.201326592,20.531366592,24.660792,20.0,44.660792,True,0,17,False
7,75;80;90;94;105;122;124,56,8,20.298408,3.234881024,23.533289024,12.347712,20.0,43.533289024,True,0,17,True
8,73;75;80;90;94;105;122;124,60,4,23.221536,3.25165824,26.47319424,6.190392,20.0,46.47319424,True,0,17,False
9,73;75;80;90;94;105;122;123;124,64,0,26.303784,3.268435456,29.572219456,0.0,20.0,49.572219456,True,0,17,False
0,,0,64,0.0,0.0,0.0,98.534592,20.0,118.534592,True,0,18,False
1,12,8,56,2.461056,3.033554432,5.494610432,86.22276,20.0,106.22276,True,0,18,False
2,12;58,16,48,5.406336,3.067108864,8.473444864,73.909992,20.0,93.909992,True,0,18,False
3,12;58;82,24,40,8.421504,3.100663296,11.522167296,61.597224,20.0,81.597224,True,0,18,False
4,12;58;82;87,32,32,11.37396,3.134217728,14.508177728,49.28508,20.0,69.28508,True,0,18,False
5,12;58;82;87;91,40,24,14.41128,3.16777216,17.57905216,36.972624,20.0,56.972624,True,0,18,False
6,12;58;82;87;91;104,48,16,17.33004,3.201326592,20.531366592,24.660792,20.0,44.660792,True,0,18,False
7,12;58;82;87;91;104;112,56,8,20.298408,3.234881024,23.533289024,12.347712,20.0,43.533289024,True,0,18,True
8,12;58;82;87;91;104;112;126,64,0,23.288616,3.268435456,26.557051456,0.0,20.0,46.557051456,True,0,18,False
0,,0,64,0.0,0.0,0.0,98.534592,20.0,118.534592,True,0,19,False
1,10,8,56,2.461056,3.033554432,5.494610432,86.22276,20.0,106.22276,True,0,19,False
2,10;28,16,48,5.406336,3.067108864,8.473444864,73.909992,20.0,93.909992,True,0,19,False
3,10;28;29,24,40,8.421504,3.100663296,11.522167296,61.597224,20.0,81.597224,True,0,19,False
4,10;28;29;52,32,32,11.37396,3.134217728,14.508177728,49.28508,20.0,69.28508,True,0,19,False
5,10;28;29;52;56,40,24,14.41128,3.16777216,17.57905216,36.972624,20.0,56.972624,True,0,19,False
6,10;28;29;52;56;75,48,16,17.33004,3.201326592,20.531366592,24.660792,20.0,44.660792,True,0,19,False
7,10;28;29;52;56;75;119,56,8,20.298408,3.234881024,23.533289024,12.347712,20.0,43.533289024,True,0,19,True
8,10;28;29;52;56;75;114;119,63,1,23.276448,3.264241152,26.540689152,1.591512,20.0,46.540689152,True,0,19,False
9,10;28;29;52;56;75;92;114;119,64,0,26.303784,3.268435456,29.572219456,0.0,20.0,49.572219456,True,0,19,False
0,,0,64,0.0,0.0,0.0,98.534592,20.0,118.534592,True,0,20,False
1,9,8,56,2.461056,3.033554432,5.494610432,86.22276,20.0,106.22276,True,0,20,False
2,9;10,16,48,5.406336,3.067108864,8.473444864,73.909992,20.0,93.909992,True,0,20,False
3,9;10;48,24,40,8.421504,3.100663296,11.522167296,61.597224,20.0,81.597224,True,0,20,False
4,9;10;48;76,32,32,11.37396,3.134217728,14.508177728,49.28508,20.0,69.28508,True,0,20,False
5,9;10;48;76;85,40,24,14.41128,3.16777216,17.57905216,36.972624,20.0,56.972624,True,0,20,False
6,9;10;48;76;85;92,48,16,17.33004,3.201326592,20.531366592,24.660792,20.0,44.660792,True,0,20,False
7,9;10;48;76;85;92;114,56,8,20.298408,3.234881024,23.533289024,12.347712,20.0,43.533289024,True,0,20,True
8,9;10;48;76;85;92;114;123,64,0,23.288616,3.268435456,26.557051456,0.0,20.0,46.557051456,True,0,20,False
0,,0,64,0.0,0.0,0.0,98.534592,20.0,118.534592,True,0,21,False
1,11,8,56,2.461056,3.033554432,5.494610432,86.22276,20.0,106.22276,True,0,21,False
2,11;13,16,48,5.406336,3.067108864,8.473444864,73.909992,20.0,93.909992,True,0,21,False
3,11;13;38,24,40,8.421504,3.100663296,11.522167296,61.597224,20.0,81.597224,True,0,21,False
4,11;13;38;44,32,32,11.37396,3.134217728,14.508177728,49.28508,20.0,69.28508,True,0,21,False
5,11;13;38;44;63,40,24,14.41128,3.16777216,17.57905216,36.972624,20.0,56.972624,True,0,21,False
6,2;11;13;38;44;63,47,17,17.347512,3.197132288,20.544644288,26.217672,20.0,46.217672,True,0,21,False
7,2;11;13;32;38;44;63,54,10,20.251296,3.226492416,23.477788416,15.426216,20.0,43.477788416,True,0,21,True
8,2;11;13;32;38;44;53;63,61,3,23.247432,3.255852544,26.503284544,4.670016,20.0,46.503284544,True,0,21,False
9,2;11;13;32;38;44;53;63;124,64,0,26.303784,3.268435456,29.572219456,0.0,20.0,49.572219456,True,0,21,False
0,,0,64,0.0,0.0,0.0,98.534592,20.0,118.534592,True,0,22,False
1,1,8,56,2.461056,3.033554432,5.494610432,86.22276,20.0,106.22276,True,0,22,False
2,1;12,16,48,5.406336,3.067108864,8.473444864,73.909992,20.0,93.909992,True,0,22,False
3,1;12;29,24,40,8.421504,3.100663296,11.522167296,61.597224,20.0,81.597224,True,0,22,False
4,1;12;29;42,32,32,11.37396,3.134217728,14.508177728,49.28508,20.0,69.28508,True,0,22,False
5,1;12;29;42;48,40,24,14.41128,3.16777216,17.57905216,36.972624,20.0,56.972624,True,0,22,False
6,1;12;29;42;48;54,48,16,17.33004,3.201326592,20.531366592,24.660792,20.0,44.660792,True,0,22,False
7,1;12;29;42;48;54;75,56,8,20.298408,3.234881024,23.533289024,12.347712,20.0,43.533289024,True,0,22,True
8,1;12;29;42;48;54;75;84,64,0,23.288616,3.268435456,26.557051456,0.0,20.0,46.557051456,True,0,22,False
0,,0,64,0.0,0.0,0.0,98.534592,20.0,118.534592,True,0,23,False
1,4,8,56,2.461056,3.033554432,5.494610432,86.22276,20.0,106.22276,True,0,23,False
2,4;14,16,48,5.406336,3.067108864,8.473444864,73.909992,20.0,93.909992,True,0,23,False
3,4;14;31,24,40,8.421504,3.100663296,11.522167296,61.597224,20.0,81.597224,True,0,23,False
4,4;14;31;32,32,32,11.37396,3.134217728,14.508177728,49.28508,20.0,69.28508,True,0,23,False
5,4;14;31;32;36,40,24,14.41128,3.16777216,17.57905216,36.972624,20.0,56.972624,True,0,23,False
6,4;14;31;32;36;62,48,16,17.33004,3.201326592,20.531366592,24.660792,20.0,44.660792,True,0,23,False
7,4;14;31;32;36;62;76,56,8,20.298408,3.234881024,23.533289024,12.347712,20.0,43.533289024,True,0,23,True
8,4;14;31;32;36;62;76;109,64,0,23.288616,3.268435456,26.557051456,0.0,20.0,46.557051456,True,0,23,False
0,,0,64,0.0,0.0,0.0,98.534592,20.0,118.534592,True,0,24,False
1,11,8,56,2.461056,3.033554432,5.494610432,86.22276,20.0,106.22276,True,0,24,False
2,11;18,16,48,5.406336,3.067108864,8.473444864,73.909992,20.0,93.909992,True,0,24,False
3,11;18;20,24,40,8.421504,3.100663296,11.522167296,61.597224,20.0,81.597224,True,0,24,False
4,11;18;20;24,32,32,11.37396,3.134217728,14.508177728,49.28508,20.0,69.28508,True,0,24,False
5,11;18;20;24;54,40,24,14.41128,3.16777216,17.57905216,36.972624,20.0,56.972624,True,0,24,False
6,11;18;20;24;54;57,48,16,17.33004,3.201326592,20.531366592,24.660792,20.0,44.660792,True,0,24,False
7,11;18;20;24;54;57;111,56,8,20.298408,3.234881024,23.533289024,12.347712,20.0,43.533289024,True,0,24,True
8,11;18;20;24;54;57;111;125,64,0,23.288616,3.268435456,26.557051456,0.0,20.0,46.557051456,True,0,24,False
0,,0,64,0.0,0.0,0.0,98.534592,20.0,118.534592,True,0,25,False
1,13,8,56,2.461056,3.033554432,5.494610432,86.22276,20.0,106.22276,True,0,25,False
2,13;31,16,48,5.406336,3.067108864,8.473444864,73.909992,20.0,93.909992,True,0,25,False
3,13;31;34,24,40,8.421504,3.100663296,11.522167296,61.597224,20.0,81.597224,True,0,25,False
4,13;31;34;74,32,32,11.37396,3.134217728,14.508177728,49.28508,20.0,69.28508,True,0,25,False
5,13;31;34;74;110,40,24,14.41128,3.16777216,17.57905216,36.972624,20.0,56.972624,True,0,25,False
6,13;31;34;74;110;119,48,16,17.33004,3.201326592,20.531366592,24.660792,20.0,44.660792,True,0,25,False
7,13;31;34;74;110;119;126,56,8,20.298408,3.234881024,23.533289024,12.347712,20.0,43.533289024,True,0,25,True
8,13;31;34;72;74;110;119;126,62,2,23.24868,3.260046848,26.508726848,3.112512,20.0,46.508726848,True,0,25,False
9,13;31;34;72;74;87;110;119;126,64,0,26.303784,3.268435456,29.572219456,0.0,20.0,49.572219456,True,0,25,False
0,,0,64,0.0,0.0,0.0,98.534592,20.0,118.534592,True,0,26,False
1,61,8,56,2.461056,3.033554432,5.494610432,86.22276,20.0,106.22276,True,0,26,False
2,61;72,16,48,5.406336,3.067108864,8.473444864,73.909992,20.0,93.909992,True,0,26,False
3,61;72;81,24,40,8.421504,3.100663296,11.522167296,61.597224,20.0,81.597224,True,0,26,False
4,61;72;81;91,32,32,11.37396,3.134217728,14.508177728,49.28508,20.0,69.28508,True,0,26,False
5,61;72;81;91;97,40,24,14.41128,3.16777216,17.57905216,36.972624,20.0,56.972624,True,0,26,False
6,61;72;81;91;97;105,48,16,17.33004,3.201326592,20.531366592,24.660792,20.0,44.660792,True,0,26,False
7,61;72;81;91;97;105;121,56,8,20.298408,3.234881024,23.533289024,12.347712,20.0,43.533289024,True,0,26,True
8,61;72;81;87;91;97;105;121,60,4,23.221536,3.25165824,26.47319424,6.190392,20.0,46.47319424,True,0,26,False
9,61;72;81;87;91;97;105;113;121,64,0,26.303784,3.268435456,29.572219456,0.0,20.0,49.572219456,True,0,26,False
0,,0,64,0.0,0.0,0.0,98.534592,20.0,118.534592,True,0,27,False
1,26,8,56,2.461056,3.033554432,5.494610432,86.22276,20.0,106.22276,True,0,27,False
2,26;33,16,48,5.406336,3.067108864,8.473444864,73.909992,20.0,93.909992,True,0,27,False
3,26;33;63,24,40,8.421504,3.100663296,11.522167296,61.597224,20.0,81.597224,True,0,27,False
4,26;33;63;79,32,32,11.37396,3.134217728,14.508177728,49.28508,20.0,69.28508,True,0,27,False
5,26;33;63;79;84,40,24,14.41128,3.16777216,17.57905216,36.972624,20.0,56.972624,True,0,27,False
6,26;33;63;79;84;118,48,16,17.33004,3.201326592,20.531366592,24.660792,20.0,44.660792,True,0,27,False
7,26;33;63;79;84;118;122,56,8,20.298408,3.234881024,23.533289024,12.347712,20.0,43.533289024,True,0,27,True
8,26;33;63;64;79;84;118;122,60,4,23.221536,3.25165824,26.47319424,6.190392,20.0,46.47319424,True,0,27,False
9,15;26;33;63;64;79;84;118;122,63,1,26.291616,3.264241152,29.555857152,1.591512,20.0,49.555857152,True,0,27,False
10,15;26;33;63;64;72;79;84;118;122,64,0,29.249064,3.268435456,32.517499456,0.0,20.0,52.517499456,True,0,27,False
0,,0,64,0.0,0.0,0.0,98.534592,20.0,118.534592,True,0,28,False
1,12,8,56,2.461056,3.033554432,5.494610432,86.22276,20.0,106.22276,True,0,28,False
2,12;42,16,48,5.406336,3.067108864,8.473444864,73.909992,20.0,93.909992,True,0,28,False
3,12;42;91,24,40,8.421504,3.100663296,11.522167296,61.597224,20.0,81.597224,True,0,28,False
4,12;42;91;98,32,32,11.37396,3.134217728,14.508177728,49.28508,20.0,69.28508,True,0,28,False
5,12;42;91;98;119,40,24,14.41128,3.16777216,17.57905216,36.972624,20.0,56.972624,True,0,28,False
6,12;42;91;98;119;122,48,16,17.33004,3.201326592,20.531366592,24.660792,20.0,44.660792,True,0,28,False
7,12;42;53;91;98;119;122,55,9,20.309328,3.23068672,23.54001472,13.904904,20.0,43.54001472,True,0,28,True
8,12;42;53;91;98;107;119;122,59,5,23.189712,3.247463936,26.437175936,7.747896,20.0,46.437175936,True,0,28,False
9,12;42;48;53;91;98;107;119;122,61,3,26.2626,3.255852544,29.518452544,4.670016,20.0,49.518452544,True,0,28,False
10,12;34;42;48;53;91;98;107;119;122,62,2,29.209128,3.260046848,32.469174848,3.112512,20.0,52.469174848,True,0,28,False
11,12;34;42;48;53;58;91;98;107;119;122,63,1,32.252064,3.264241152,35.516305152,1.591512,20.0,55.516305152,True,0,28,False
12,12;34;42;48;53;58;91;97;98;107;119;122,64,0,35.209512,3.268435456,38.477947456,0.0,20.0,58.477947456,True,0,28,False
0,,0,64,0.0,0.0,0.0,98.534592,20.0,118.534592,True,0,29,False
1,3,8,56,2.461056,3.033554432,5.494610432,86.22276,20.0,106.22276,True,0,29,False
2,3;13,16,48,5.406336,3.067108864,8.473444864,73.909992,20.0,93.909992,True,0,29,False
3,3;13;34,24,40,8.421504,3.100663296,11.522167296,61.597224,20.0,81.597224,True,0,29,False
4,3;13;34;78,32,32,11.37396,3.134217728,14.508177728,49.28508,20.0,69.28508,True,0,29,False
5,3;13;34;78;94,40,24,14.41128,3.16777216,17.57905216,36.972624,20.0,56.972624,True,0,29,False
6,3;13;34;78;94;120,48,16,17.33004,3.201326592,20.531366592,24.660792,20.0,44.660792,True,0,29,False
7,3;13;34;78;94;120;124,56,8,20.298408,3.234881024,23.533289024,12.347712,20.0,43.533289024,True,0,29,True
8,3;13;34;78;94;105;120;124,62,2,23.24868,3.260046848,26.508726848,3.112512,20.0,46.508726848,True,0,29,False
9,3;13;34;78;94;99;105;120;124,64,0,26.303784,3.268435456,29.572219456,0.0,20.0,49.572219456,True,0,29,False
0,,0,64,0.0,0.0,0.0,98.534592,20.0,118.534592,True,0,30,False
1,6,8,56,2.461056,3.033554432,5.494610432,86.22276,20.0,106.22276,True,0,30,False
2,6;58,16,48,5.406336,3.067108864,8.473444864,73.909992,20.0,93.909992,True,0,30,False
3,6;58;82,24,40,8.421504,3.100663296,11.522167296,61.597224,20.0,81.597224,True,0,30,False
4,6;58;82;91,32,32,11.37396,3.134217728,14.508177728,49.28508,20.0,69.28508,True,0,30,False
5,6;58;82;91;107,40,24,14.41128,3.16777216,17.57905216,36.972624,20.0,56.972624,True,0,30,False
6,6;58;82;91;107;120,48,16,17.33004,3.201326592,20.531366592,24.660792,20.0,44.660792,True,0,30,False
7,6;58;82;91;107;120;125,56,8,20.298408,3.234881024,23.533289024,12.347712,20.0,43.533289024,True,0,30,True
8,6;58;82;91;107;120;125;126,64,0,23.288616,3.268435456,26.557051456,0.0,20.0,46.557051456,True,0,30,False
0,,0,64,0.0,0.0,0.0,98.534592,20.0,118.534592,True,0,31,False
1,24,8,56,2.461056,3.033554432,5.494610432,86.22276,20.0,106.22276,True,0,31,False
2,24;36,16,48,5.406336,3.067108864,8.473444864,73.909992,20.0,93.909992,True,0,31,False
3,24;36;41,24,40,8.421504,3.100663296,11.522167296,61.597224,20.0,81.597224,True,0,31,False
4,24;36;41;56,32,32,11.37396,3.134217728,14.508177728,49.28508,20.0,69.28508,True,0,31,False
5,24;36;41;56;59,40,24,14.41128,3.16777216,17.57905216,36.972624,20.0,56.972624,True,0,31,False
6,24;36;41;56;59;79,48,16,17.33004,3.201326592,20.531366592,24.660792,20.0,44.660792,True,0,31,False
7,24;29;36;41;56;59;79,54,10,20.251296,3.226492416,23.477788416,15.426216,20.0,43.477788416,True,0,31,True
8,24;28;29;36;41;56;59;79,59,5,23.189712,3.247463936,26.437175936,7.747896,20.0,46.437175936,True,0,31,False
9,24;28;29;36;38;41;56;59;79,62,2,26.263848,3.260046848,29.523894848,3.112512,20.0,49.523894848,True,0,31,False
10,10;24;28;29;36;38;41;56;59;79,63,1,29.236896,3.264241152,32.501137152,1.591512,20.0,52.501137152,True,0,31,False
11,10;24;28;29;36;38;41;56;59;79;88,64,0,32.264232,3.268435456,35.532667456,0.0,20.0,55.532667456,True,0,31,False
0,,0,64,0.0,0.0,0.0,98.534592,20.0,118.534592,True,0,32,False
1,5,8,56,2.461056,3.033554432,5.494610432,86.22276,20.0,106.22276,True,0,32,False
2,5;10,16,48,5.406336,3.067108864,8.473444864,73.909992,20.0,93.909992,True,0,32,False
3,5;10;11,24,40,8.421504,3.100663296,11.522167296,61.597224,20.0,81.597224,True,0,32,False
4,5;10;11;72,32,32,11.37396,3.134217728,14.508177728,49.28508,20.0,69.28508,True,0,32,False
5,5;10;11;72;78,40,24,14.41128,3.16777216,17.57905216,36.972624,20.0,56.972624,True,0,32,False
6,5;10;11;72;78;85,48,16,17.33004,3.201326592,20.531366592,24.660792,20.0,44.660792,True,0,32,False
7,5;10;11;72;78;85;92,56,8,20.298408,3.234881024,23.533289024,12.347712,20.0,43.533289024,True,0,32,True
8,5;10;11;72;78;85;90;92,60,4,23.221536,3.25165824,26.47319424,6.190392,20.0,46.47319424,True,0,32,False
9,5;10;11;48;72;78;85;90;92,62,2,26.263848,3.260046848,29.523894848,3.112512,20.0,49.523894848,True,0,32,False
10,5;10;11;48;72;78;85;90;92;118,64,0,29.249064,3.268435456,32.517499456,0.0,20.0,52.517499456,True,0,32,False
0,,0,64,0.0,0.0,0.0,98.534592,20.0,118.534592,True,0,33,False
1,11,8,56,2.461056,3.033554432,5.494610432,86.22276,20.0,106.22276,True,0,33,False
2,11;13,16,48,5.406336,3.067108864,8.473444864,73.909992,20.0,93.909992,True,0,33,False
3,11;13;32,24,40,8.421504,3.100663296,11.522167296,61.597224,20.0,81.597224,True,0,33,False
4,11;13;32;44,32,32,11.37396,3.134217728,14.508177728,49.28508,20.0,69.28508,True,0,33,False
5,11;13;32;44;53,40,24,14.41128,3.16777216,17.57905216,36.972624,20.0,56.972624,True,0,33,False
6,11;13;32;44;53;63,48,16,17.33004,3.201326592,20.531366592,24.660792,20.0,44.660792,True,0,33,False
7,2;11;13;32;44;53;63,54,10,20.251296,3.226492416,23.477788416,15.426216,20.0,43.477788416,True,0,33,True
8,2;11;13;32;44;53;63;115,60,4,23.221536,3.25165824,26.47319424,6.190392,20.0,46.47319424,True,0,33,False
9,2;11;13;14;32;44;53;63;115,64,0,26.303784,3.268435456,29.572219456,0.0,20.0,49.572219456,True,0,33,False
0,,0,64,0.0,0.0,0.0,98.534592,20.0,118.534592,True,0,34,False
1,1,8,56,2.461056,3.033554432,5.494610432,86.22276,20.0,106.22276,True,0,34,False
2,1;22,16,48,5.406336,3.067108864,8.473444864,73.909992,20.0,93.909992,True,0,34,False
3,1;22;29,24,40,8.421504,3.100663296,11.522167296,61.597224,20.0,81.597224,True,0,34,False
4,1;22;29;42,32,32,11.37396,3.134217728,14.508177728,49.28508,20.0,69.28508,True,0,34,False
5,1;22;29;42;54,40,24,14.41128,3.16777216,17.57905216,36.972624,20.0,56.972624,True,0,34,False
6,1;22;29;42;54;75,48,16,17.33004,3.201326592,20.531366592,24.660792,20.0,44.660792,True,0,34,False
7,1;22;29;42;54;75;84,56,8,20.298408,3.234881024,23.533289024,12.347712,20.0,43.533289024,True,0,34,True
8,1;22;29;42;54;75;84;92,64,0,23.288616,3.268435456,26.557051456,0.0,20.0,46.557051456,True,0,34,False
0,,0,64,0.0,0.0,0.0,98.534592,20.0,118.534592,True,0,35,False
1,28,8,56,2.461056,3.033554432,5.494610432,86.22276,20.0,106.22276,True,0,35,False
2,28;31,16,48,5.406336,3.067108864,8.473444864,73.909992,20.0,93.909992,True,0,35,False
3,28;31;32,24,40,8.421504,3.100663296,11.522167296,61.597224,20.0,81.597224,True,0,35,False
4,28;31;32;36,32,32,11.37396,3.134217728,14.508177728,49.28508,20.0,69.28508,True,0,35,False
5,28;31;32;36;62,40,24,14.41128,3.16777216,17.57905216,36.972624,20.0,56.972624,True,0,35,False
6,28;31;32;36;62;76,48,16,17.33004,3.201326592,20.531366592,24.660792,20.0,44.660792,True,0,35,False
7,28;31;32;36;62;76;109,56,8,20.298408,3.234881024,23.533289024,12.347712,20.0,43.533289024,True,0,35,True
8,28;31;32;36;62;76;109;120,64,0,23.288616,3.268435456,26.557051456,0.0,20.0,46.557051456,True,0,35,False
0,,0,64,0.0,0.0,0.0,98.534592,20.0,118.534592,True,0,36,False
1,11,8,56,2.461056,3.033554432,5.494610432,86.22276,20.0,106.22276,True,0,36,False
2,11;18,16,48,5.406336,3.067108864,8.473444864,73.909992,20.0,93.909992,True,0,36,False
3,11;18;20,24,40,8.421504,3.100663296,11.522167296,61.597224,20.0,81.597224,True,0,36,False
4,11;18;20;24,32,32,11.37396,3.134217728,14.508177728,49.28508,20.0,69.28508,True,0,36,False
5,11;18;20;24;54,40,24,14.41128,3.16777216,17.57905216,36.972624,20.0,56.972624,True,0,36,False
6,11;18;20;24;54;57,48,16,17.33004,3.201326592,20.531366592,24.660792,20.0,44.660792,True,0,36,False
7,11;18;20;24;54;57;62,56,8,20.298408,3.234881024,23.533289024,12.347712,20.0,43.533289024,True,0,36,True
8,11;18;20;24;54;57;62;125,64,0,23.288616,3.268435456,26.557051456,0.0,20.0,46.557051456,True,0,36,False
0,,0,64,0.0,0.0,0.0,98.534592,20.0,118.534592,True,0,37,False
1,11,8,56,2.461056,3.033554432,5.494610432,86.22276,20.0,106.22276,True,0,37,False
2,11;13,16,48,5.406336,3.067108864,8.473444864,73.909992,20.0,93.909992,True,0,37,False
3,11;13;27,24,40,8.421504,3.100663296,11.522167296,61.597224,20.0,81.597224,True,0,37,False
4,11;13;27;53,32,32,11.37396,3.134217728,14.508177728,49.28508,20.0,69.28508,True,0,37,False
5,11;13;27;53;82,40,24,14.41128,3.16777216,17.57905216,36.972624,20.0,56.972624,True,0,37,False
6,11;13;27;53;82;91,48,16,17.33004,3.201326592,20.531366592,24.660792,20.0,44.660792,True,0,37,False
7,11;13;27;53;82;91;110,56,8,20.298408,3.234881024,23.533289024,12.347712,20.0,43.533289024,True,0,37,True
8,11;13;27;53;82;91;110;119,64,0,23.288616,3.268435456,26.557051456,0.0,20.0,46.557051456,True,0,37,False
0,,0,64,0.0,0.0,0.0,98.534592,20.0,118.534592,True,0,38,False
1,2,8,56,2.461056,3.033554432,5.494610432,86.22276,20.0,106.22276,True,0,38,False
2,2;16,16,48,5.406336,3.067108864,8.473444864,73.909992,20.0,93.909992,True,0,38,False
3,2;16;91,24,40,8.421504,3.100663296,11.522167296,61.597224,20.0,81.597224,True,0,38,False
4,2;16;91;97,32,32,11.37396,3.134217728,14.508177728,49.28508,20.0,69.28508,True,0,38,False
5,2;16;91;97;105,40,24,14.41128,3.16777216,17.57905216,36.972624,20.0,56.972624,True,0,38,False
6,2;16;91;97;105;109,48,16,17.33004,3.201326592,20.531366592,24.660792,20.0,44.660792,True,0,38,False
7,2;16;91;97;105;109;110,56,8,20.298408,3.234881024,23.533289024,12.347712,20.0,43.533289024,True,0,38,True
8,2;5;16;91;97;105;109;110,63,1,23.276448,3.264241152,26.540689152,1.591512,20.0,46.540689152,True,0,38,False
9,2;5;16;81;91;97;105;109;110,64,0,26.303784,3.268435456,29.572219456,0.0,20.0,49.572219456,True,0,38,False
0,,0,64,0.0,0.0,0.0,98.534592,20.0,118.534592,True,0,39,False
1,5,8,56,2.461056,3.033554432,5.494610432,86.22276,20.0,106.22276,True,0,39,False
2,5;16,16,48,5.406336,3.067108864,8.473444864,73.909992,20.0,93.909992,True,0,39,False
3,5;16;48,24,40,8.421504,3.100663296,11.522167296,61.597224,20.0,81.597224,True,0,39,False
4,5;16;48;63,32,32,11.37396,3.134217728,14.508177728,49.28508,20.0,69.28508,True,0,39,False
5,5;16;48;63;72,40,24,14.41128,3.16777216,17.57905216,36.972624,20.0,56.972624,True,0,39,False
6,5;16;48;63;72;84,48,16,17.33004,3.201326592,20.531366592,24.660792,20.0,44.660792,True,0,39,False
7,5;16;48;63;72;84;118,56,8,20.298408,3.234881024,23.533289024,12.347712,20.0,43.533289024,True,0,39,True
8,5;16;48;59;63;72;84;118,62,2,23.24868,3.260046848,26.508726848,3.112512,20.0,46.508726848,True,0,39,False
9,5;16;48;49;59;63;72;84;118,64,0,26.303784,3.268435456,29.572219456,0.0,20.0,49.572219456,True,0,39,False
0,,0,64,0.0,0.0,0.0,98.534592,20.0,118.534592,True,0,40,False
1,12,8,56,2.461056,3.033554432,5.494610432,86.22276,20.0,106.22276,True,0,40,False
2,12;48,16,48,5.406336,3.067108864,8.473444864,73.909992,20.0,93.909992,True,0,40,False
3,12;48;91,24,40,8.421504,3.100663296,11.522167296,61.597224,20.0,81.597224,True,0,40,False
4,12;48;91;98,32,32,11.37396,3.134217728,14.508177728,49.28508,20.0,69.28508,True,0,40,False
5,12;48;91;98;115,40,24,14.41128,3.16777216,17.57905216,36.972624,20.0,56.972624,True,0,40,False
6,12;48;91;98;115;119,48,16,17.33004,3.201326592,20.531366592,24.660792,20.0,44.660792,True,0,40,False
7,12;48;91;98;115;119;122,56,8,20.298408,3.234881024,23.533289024,12.347712,20.0,43.533289024,True,0,40,True
8,12;34;48;91;98;115;119;122,62,2,23.24868,3.260046848,26.508726848,3.112512,20.0,46.508726848,True,0,40,False
9,12;34;48;53;91;98;115;119;122,64,0,26.303784,3.268435456,29.572219456,0.0,20.0,49.572219456,True,0,40,False
0,,0,64,0.0,0.0,0.0,98.534592,20.0,118.534592,True,0,41,False
1,78,8,56,2.461056,3.033554432,5.494610432,86.22276,20.0,106.22276,True,0,41,False
2,78;80,16,48,5.406336,3.067108864,8.473444864,73.909992,20.0,93.909992,True,0,41,False
3,78;80;82,24,40,8.421504,3.100663296,11.522167296,61.597224,20.0,81.597224,True,0,41,False
4,78;80;82;94,32,32,11.37396,3.134217728,14.508177728,49.28508,20.0,69.28508,True,0,41,False
5,78;80;82;94;120,40,24,14.41128,3.16777216,17.57905216,36.972624,20.0,56.972624,True,0,41,False
6,78;80;82;94;120;123,48,16,17.33004,3.201326592,20.531366592,24.660792,20.0,44.660792,True,0,41,False
7,78;80;82;94;120;123;124,56,8,20.298408,3.234881024,23.533289024,12.347712,20.0,43.533289024,True,0,41,True
8,78;80;82;94;100;120;123;124,62,2,23.24868,3.260046848,26.508726848,3.112512,20.0,46.508726848,True,0,41,False
9,49;78;80;82;94;100;120;123;124,64,0,26.303784,3.268435456,29.572219456,0.0,20.0,49.572219456,True,0,41,False
0,,0,64,0.0,0.0,0.0,98.534592,20.0,118.534592,True,0,42,False
1,14,8,56,2.461056,3.033554432,5.494610432,86.22276,20.0,106.22276,True,0,42,False
2,14;27,16,48,5.406336,3.067108864,8.473444864,73.909992,20.0,93.909992,True,0,42,False
3,14;27;30,24,40,8.421504,3.100663296,11.522167296,61.597224,20.0,81.597224,True,0,42,False
4,14;27;30;43,32,32,11.37396,3.134217728,14.508177728,49.28508,20.0,69.28508,True,0,42,False
5,14;27;30;43;60,40,24,14.41128,3.16777216,17.57905216,36.972624,20.0,56.972624,True,0,42,False
6,14;27;30;43;60;63,48,16,17.33004,3.201326592,20.531366592,24.660792,20.0,44.660792,True,0,42,False
7,14;27;30;43;60;63;76,56,8,20.298408,3.234881024,23.533289024,12.347712,20.0,43.533289024,True,0,42,True
8,14;27;30;43;60;63;76;109,64,0,23.288616,3.268435456,26.557051456,0.0,20.0,46.557051456,True,0,42,False
0,,0,64,0.0,0.0,0.0,98.534592,20.0,118.534592,True,0,43,False
1,6,8,56,2.461056,3.033554432,5.494610432,86.22276,20.0,106.22276,True,0,43,False
2,6;11,16,48,5.406336,3.067108864,8.473444864,73.909992,20.0,93.909992,True,0,43,False
3,6;11;29,24,40,8.421504,3.100663296,11.522167296,61.597224,20.0,81.597224,True,0,43,False
4,6;11;29;32,32,32,11.37396,3.134217728,14.508177728,49.28508,20.0,69.28508,True,0,43,False
5,6;11;29;32;45,40,24,14.41128,3.16777216,17.57905216,36.972624,20.0,56.972624,True,0,43,False
6,6;11;29;32;45;94,48,16,17.33004,3.201326592,20.531366592,24.660792,20.0,44.660792,True,0,43,False
7,6;11;29;32;45;94;98,56,8,20.298408,3.234881024,23.533289024,12.347712,20.0,43.533289024,True,0,43,True
8,6;11;29;32;45;94;98;106,60,4,23.221536,3.25165824,26.47319424,6.190392,20.0,46.47319424,True,0,43,False
9,6;11;29;32;45;94;98;106;120,63,1,26.291616,3.264241152,29.555857152,1.591512,20.0,49.555857152,True,0,43,False
10,6;11;29;32;37;45;94;98;106;120,64,0,29.249064,3.268435456,32.517499456,0.0,20.0,52.517499456,True,0,43,False
0,,0,64,0.0,0.0,0.0,98.534592,20.0,118.534592,True,0,44,False
1,15,8,56,2.461056,3.033554432,5.494610432,86.22276,20.0,106.22276,True,0,44,False
2,15;49,16,48,5.406336,3.067108864,8.473444864,73.909992,20.0,93.909992,True,0,44,False
3,15;49;50,24,40,8.421504,3.100663296,11.522167296,61.597224,20.0,81.597224,True,0,44,False
4,15;49;50;79,32,32,11.37396,3.134217728,14.508177728,49.28508,20.0,69.28508,True,0,44,False
5,15;49;50;79;108,40,24,14.41128,3.16777216,17.57905216,36.972624,20.0,56.972624,True,0,44,False
6,15;49;50;79;108;112,48,16,17.33004,3.201326592,20.531366592,24.660792,20.0,44.660792,True,0,44,False
7,15;49;50;79;108;112;127,56,8,20.298408,3.234881024,23.533289024,12.347712,20.0,43.533289024,True,0,44,True
8,2;15;49;50;79;108;112;127,61,3,23.247432,3.255852544,26.503284544,4.670016,20.0,46.503284544,True,0,44,False
9,2;15;49;50;79;82;108;112;127,63,1,26.291616,3.264241152,29.555857152,1.591512,20.0,49.555857152,True,0,44,False
10,2;15;49;50;79;82;96;108;112;127,64,0,29.249064,3.268435456,32.517499456,0.0,20.0,52.517499456,True,0,44,False
0,,0,64,0.0,0.0,0.0,98.534592,20.0,118.534592,True,0,45,False
1,1,8,56,2.461056,3.033554432,5.494610432,86.22276,20.0,106.22276,True,0,45,False
2,1;2,16,48,5.406336,3.067108864,8.473444864,73.909992,20.0,93.909992,True,0,45,False
3,1;2;4,24,40,8.421504,3.100663296,11.522167296,61.597224,20.0,81.597224,True,0,45,False
4,1;2;4;18,32,32,11.37396,3.134217728,14.508177728,49.28508,20.0,69.28508,True,0,45,False
5,1;2;4;18;53,40,24,14.41128,3.16777216,17.57905216,36.972624,20.0,56.972624,True,0,45,False
6,1;2;4;18;53;58,48,16,17.33004,3.201326592,20.531366592,24.660792,20.0,44.660792,True,0,45,False
7,1;2;4;18;53;58;107,55,9,20.309328,3.23068672,23.54001472,13.904904,20.0,43.54001472,True,0,45,True
8,1;2;4;18;53;54;58;107,60,4,23.221536,3.25165824,26.47319424,6.190392,20.0,46.47319424,True,0,45,False
9,1;2;4;18;53;54;58;107;126,64,0,26.303784,3.268435456,29.572219456,0.0,20.0,49.572219456,True,0,45,False
0,,0,64,0.0,0.0,0.0,98.534592,20.0,118.534592,True,0,46,False
1,4,8,56,2.461056,3.033554432,5.494610432,86.22276,20.0,106.22276,True,0,46,False
2,4;15,16,48,5.406336,3.067108864,8.473444864,73.909992,20.0,93.909992,True,0,46,False
3,4;15;64,24,40,8.421504,3.100663296,11.522167296,61.597224,20.0,81.597224,True,0,46,False
4,4;15;64;70,32,32,11.37396,3.134217728,14.508177728,49.28508,20.0,69.28508,True,0,46,False
5,4;15;64;70;76,40,24,14.41128,3.16777216,17.57905216,36.972624,20.0,56.972624,True,0,46,False
6,4;15;64;70;76;102,48,16,17.33004,3.201326592,20.531366592,24.660792,20.0,44.660792,True,0,46,False
7,4;15;64;70;76;102;107,56,8,20.298408,3.234881024,23.533289024,12.347712,20.0,43.533289024,True,0,46,True
8,4;15;64;70;76;102;107;112,64,0,23.288616,3.268435456,26.557051456,0.0,20.0,46.557051456,True,0,46,False
0,,0,64,0.0,0.0,0.0,98.534592,20.0,118.534592,True,0,47,False
1,7,8,56,2.461056,3.033554432,5.494610432,86.22276,20.0,106.22276,True,0,47,False
2,7;22,16,48,5.406336,3.067108864,8.473444864,73.909992,20.0,93.909992,True,0,47,False
3,7;22;36,24,40,8.421504,3.100663296,11.522167296,61.597224,20.0,81.597224,True,0,47,False
4,7;22;36;46,32,32,11.37396,3.134217728,14.508177728,49.28508,20.0,69.28508,True,0,47,False
5,7;22;36;46;48,40,24,14.41128,3.16777216,17.57905216,36.972624,20.0,56.972624,True,0,47,False
6,7;22;36;46;48;58,48,16,17.33004,3.201326592,20.531366592,24.660792,20.0,44.660792,True,0,47,False
7,7;22;36;46;48;58;110,56,8,20.298408,3.234881024,23.533289024,12.347712,20.0,43.533289024,True,0,47,True
8,7;22;36;46;48;58;110;112,64,0,23.288616,3.268435456,26.557051456,0.0,20.0,46.557051456,True,0,47,False
0,,0,64,0.0,0.0,0.0,98.534592,20.0,118.534592,True,1,0,False
1,23,8,56,2.461056,3.033554432,5.494610432,86.22276,20.0,106.22276,True,1,0,False
2,23;30,16,48,5.406336,3.067108864,8.473444864,73.909992,20.0,93.909992,True,1,0,False
3,23;30;41,24,40,8.421504,3.100663296,11.522167296,61.597224,20.0,81.597224,True,1,0,False
4,23;30;41;79,32,32,11.37396,3.134217728,14.508177728,49.28508,20.0,69.28508,True,1,0,False
5,23;30;41;79;86,40,24,14.41128,3.16777216,17.57905216,36.972624,20.0,56.972624,True,1,0,False
6,23;30;41;79;86;105,48,16,17.33004,3.201326592,20.531366592,24.660792,20.0,44.660792,True,1,0,False
7,23;30;41;79;86;105;112,56,8,20.298408,3.234881024,23.533289024,12.347712,20.0,43.533289024,True,1,0,True
8,23;30;41;79;86;105;112;125,64,0,23.288616,3.268435456,26.557051456,0.0,20.0,46.557051456,True,1,0,False
0,,0,64,0.0,0.0,0.0,98.534592,20.0,118.534592,True,1,1,False
1,9,8,56,2.461056,3.033554432,5.494610432,86.22276,20.0,106.22276,True,1,1,False
2,9;16,16,48,5.406336,3.067108864,8.473444864,73.909992,20.0,93.909992,True,1,1,False
3,9;16;28,24,40,8.421504,3.100663296,11.522167296,61.597224,20.0,81.597224,True,1,1,False
4,9;16;28;29,32,32,11.37396,3.134217728,14.508177728,49.28508,20.0,69.28508,True,1,1,False
5,9;16;28;29;48,40,24,14.41128,3.16777216,17.57905216,36.972624,20.0,56.972624,True,1,1,False
6,9;16;28;29;48;68,48,16,17.33004,3.201326592,20.531366592,24.660792,20.0,44.660792,True,1,1,False
7,9;16;28;29;48;68;88,56,8,20.298408,3.234881024,23.533289024,12.347712,20.0,43.533289024,True,1,1,True
8,9;16;28;29;48;68;88;101,64,0,23.288616,3.268435456,26.557051456,0.0,20.0,46.557051456,True,1,1,False
0,,0,64,0.0,0.0,0.0,98.534592,20.0,118.534592,True,1,2,False
1,23,8,56,2.461056,3.033554432,5.494610432,86.22276,20.0,106.22276,True,1,2,False
2,23;25,16,48,5.406336,3.067108864,8.473444864,73.909992,20.0,93.909992,True,1,2,False
3,23;25;44,24,40,8.421504,3.100663296,11.522167296,61.597224,20.0,81.597224,True,1,2,False
4,23;25;44;56,32,32,11.37396,3.134217728,14.508177728,49.28508,20.0,69.28508,True,1,2,False
5,23;25;44;56;71,40,24,14.41128,3.16777216,17.57905216,36.972624,20.0,56.972624,True,1,2,False
6,23;25;44;56;71;72,48,16,17.33004,3.201326592,20.531366592,24.660792,20.0,44.660792,True,1,2,False
7,23;25;44;56;71;72;74,56,8,20.298408,3.234881024,23.533289024,12.347712,20.0,43.533289024,True,1,2,True
8,23;25;44;56;71;72;74;126,64,0,23.288616,3.268435456,26.557051456,0.0,20.0,46.557051456,True,1,2,False
0,,0,64,0.0,0.0,0.0,98.534592,20.0,118.534592,True,1,3,False
1,3,8,56,2.461056,3.033554432,5.494610432,86.22276,20.0,106.22276,True,1,3,False
2,3;30,16,48,5.406336,3.067108864,8.473444864,73.909992,20.0,93.909992,True,1,3,False
3,3;30;32,24,40,8.421504,3.100663296,11.522167296,61.597224,20.0,81.597224,True,1,3,False
4,3;30;32;53,32,32,11.37396,3.134217728,14.508177728,49.28508,20.0,69.28508,True,1,3,False
5,3;30;32;53;56,40,24,14.41128,3.16777216,17.57905216,36.972624,20.0,56.972624,True,1,3,False
6,3;30;32;53;56;99,48,16,17.33004,3.201326592,20.531366592,24.660792,20.0,44.660792,True,1,3,False
7,3;30;32;53;56;99;101,56,8,20.298408,3.234881024,23.533289024,12.347712,20.0,43.533289024,True,1,3,True
8,3;30;32;53;56;99;101;114,64,0,23.288616,3.268435456,26.557051456,0.0,20.0,46.557051456,True,1,3,False
0,,0,64,0.0,0.0,0.0,98.534592,20.0,118.534592,True,1,4,False
1,12,8,56,2.461056,3.033554432,5.494610432,86.22276,20.0,106.22276,True,1,4,False
2,12;19,16,48,5.406336,3.067108864,8.473444864,73.909992,20.0,93.909992,True,1,4,False
3,12;19;26,24,40,8.421504,3.100663296,11.522167296,61.597224,20.0,81.597224,True,1,4,False
4,12;19;26;60,32,32,11.37396,3.134217728,14.508177728,49.28508,20.0,69.28508,True,1,4,False
5,12;19;26;60;64,40,24,14.41128,3.16777216,17.57905216,36.972624,20.0,56.972624,True,1,4,False
6,12;19;26;60;64;65,48,16,17.33004,3.201326592,20.531366592,24.660792,20.0,44.660792,True,1,4,False
7,12;19;26;60;64;65;100,56,8,20.298408,3.234881024,23.533289024,12.347712,20.0,43.533289024,True,1,4,True
8,12;19;26;60;64;65;100;108,64,0,23.288616,3.268435456,26.557051456,0.0,20.0,46.557051456,True,1,4,False
0,,0,64,0.0,0.0,0.0,98.534592,20.0,118.534592,True,1,5,False
1,4,8,56,2.461056,3.033554432,5.494610432,86.22276,20.0,106.22276,True,1,5,False
2,4;17,16,48,5.406336,3.067108864,8.473444864,73.909992,20.0,93.909992,True,1,5,False
3,4;17;20,24,40,8.421504,3.100663296,11.522167296,61.597224,20.0,81.597224,True,1,5,False
4,4;17;20;46,32,32,11.37396,3.134217728,14.508177728,49.28508,20.0,69.28508,True,1,5,False
5,4;17;20;46;63,40,24,14.41128,3.16777216,17.57905216,36.972624,20.0,56.972624,True,1,5,False
6,4;17;20;46;63;65,48,16,17.33004,3.201326592,20.531366592,24.660792,20.0,44.660792,True,1,5,False
7,4;17;20;46;63;65;73,56,8,20.298408,3.234881024,23.533289024,12.347712,20.0,43.533289024,True,1,5,True
8,4;17;20;46;63;65;73;104,64,0,23.288616,3.268435456,26.557051456,0.0,20.0,46.557051456,True,1,5,False
0,,0,64,0.0,0.0,0.0,98.534592,20.0,118.534592,True,1,6,False
1,22,8,56,2.461056,3.033554432,5.494610432,86.22276,20.0,106.22276,True,1,6,False
2,22;33,16,48,5.406336,3.067108864,8.473444864,73.909992,20.0,93.909992,True,1,6,False
3,22;33;39,24,40,8.421504,3.100663296,11.522167296,61.597224,20.0,81.597224,True,1,6,False
4,22;33;39;49,32,32,11.37396,3.134217728,14.508177728,49.28508,20.0,69.28508,True,1,6,False
5,22;33;39;49;58,40,24,14.41128,3.16777216,17.57905216,36.972624,20.0,56.972624,True,1,6,False
6,22;33;39;49;58;74,48,16,17.33004,3.201326592,20.531366592,24.660792,20.0,44.660792,True,1,6,False
7,22;33;39;49;58;74;82,56,8,20.298408,3.234881024,23.533289024,12.347712,20.0,43.533289024,True,1,6,True
8,22;33;39;49;58;74;82;112,64,0,23.288616,3.268435456,26.557051456,0.0,20.0,46.557051456,True,1,6,False
0,,0,64,0.0,0.0,0.0,98.534592,20.0,118.534592,True,1,7,False
1,15,8,56,2.461056,3.033554432,5.494610432,86.22276,20.0,106.22276,True,1,7,False
2,15;19,16,48,5.406336,3.067108864,8.473444864,73.909992,20.0,93.909992,True,1,7,False
3,15;19;29,24,40,8.421504,3.100663296,11.522167296,61.597224,20.0,81.597224,True,1,7,False
4,15;19;29;44,32,32,11.37396,3.134217728,14.508177728,49.28508,20.0,69.28508,True,1,7,False
5,15;19;29;44;56,40,24,14.41128,3.16777216,17.57905216,36.972624,20.0,56.972624,True,1,7,False
6,15;19;29;44;56;63,48,16,17.33004,3.201326592,20.531366592,24.660792,20.0,44.660792,True,1,7,False
7,15;19;29;44;56;63;114,56,8,20.298408,3.234881024,23.533289024,12.347712,20.0,43.533289024,True,1,7,True
8,15;19;29;44;56;63;114;115,64,0,23.288616,3.268435456,26.557051456,0.0,20.0,46.557051456,True,1,7,False
0,,0,64,0.0,0.0,0.0,98.534592,20.0,118.534592,True,1,8,False
1,11,8,56,2.461056,3.033554432,5.494610432,86.22276,20.0,106.22276,True,1,8,False
2,11;17,16,48,5.406336,3.067108864,8.473444864,73.909992,20.0,93.909992,True,1,8,False
3,11;17;22,24,40,8.421504,3.100663296,11.522167296,61.597224,20.0,81.597224,True,1,8,False
4,11;17;22;45,32,32,11.37396,3.134217728,14.508177728,49.28508,20.0,69.28508,True,1,8,False
5,11;17;22;45;50,40,24,14.41128,3.16777216,17.57905216,36.972624,20.0,56.972624,True,1,8,False
6,11;17;22;45;50;85,48,16,17.33004,3.201326592,20.531366592,24.660792,20.0,44.660792,True,1,8,False
7,11;17;22;45;50;85;100,56,8,20.298408,3.234881024,23.533289024,12.347712,20.0,43.533289024,True,1,8,True
8,11;17;22;45;50;85;100;124,64,0,23.288616,3.268435456,26.557051456,0.0,20.0,46.557051456,True,1,8,False
0,,0,64,0.0,0.0,0.0,98.534592,20.0,118.534592,True,1,9,False
1,6,8,56,2.461056,3.033554432,5.494610432,86.22276,20.0,106.22276,True,1,9,False
2,6;13,16,48,5.406336,3.067108864,8.473444864,73.909992,20.0,93.909992,True,1,9,False
3,6;13;23,24,40,8.421504,3.100663296,11.522167296,61.597224,20.0,81.597224,True,1,9,False
4,6;13;23;38,32,32,11.37396,3.134217728,14.508177728,49.28508,20.0,69.28508,True,1,9,False
5,6;13;23;38;63,40,24,14.41128,3.16777216,17.57905216,36.972624,20.0,56.972624,True,1,9,False
6,6;13;23;38;63;67,48,16,17.33004,3.201326592,20.531366592,24.660792,20.0,44.660792,True,1,9,False
7,6;13;23;38;63;67;92,56,8,20.298408,3.234881024,23.533289024,12.347712,20.0,43.533289024,True,1,9,True
8,6;13;23;38;63;66;67;92,62,2,23.24868,3.260046848,26.508726848,3.112512,20.0,46.508726848,True,1,9,False
9,6;13;23;38;39;63;66;67;92,64,0,26.303784,3.268435456,29.572219456,0.0,20.0,49.572219456,True,1,9,False
0,,0,64,0.0,0.0,0.0,98.534592,20.0,118.534592,True,1,10,False
1,1,8,56,2.461056,3.033554432,5.494610432,86.22276,20.0,106.22276,True,1,10,False
2,1;5,16,48,5.406336,3.067108864,8.473444864,73.909992,20.0,93.909992,True,1,10,False
3,1;5;6,24,40,8.421504,3.100663296,11.522167296,61.597224,20.0,81.597224,True,1,10,False
4,1;5;6;19,32,32,11.37396,3.134217728,14.508177728,49.28508,20.0,69.28508,True,1,10,False
5,1;5;6;19;36,40,24,14.41128,3.16777216,17.57905216,36.972624,20.0,56.972624,True,1,10,False
6,1;5;6;19;36;42,48,16,17.33004,3.201326592,20.531366592,24.660792,20.0,44.660792,True,1,10,False
7,1;5;6;19;36;42;48,56,8,20.298408,3.234881024,23.533289024,12.347712,20.0,43.533289024,True,1,10,True
8,1;5;6;19;36;42;48;92,62,2,23.24868,3.260046848,26.508726848,3.112512,20.0,46.508726848,True,1,10,False
9,1;5;6;19;36;42;48;66;92,64,0,26.303784,3.268435456,29.572219456,0.0,20.0,49.572219456,True,1,10,False
0,,0,64,0.0,0.0,0.0,98.534592,20.0,118.534592,True,1,11,False
1,14,8,56,2.461056,3.033554432,5.494610432,86.22276,20.0,106.22276,True,1,11,False
2,14;17,16,48,5.406336,3.067108864,8.473444864,73.909992,20.0,93.909992,True,1,11,False
3,14;17;22,24,40,8.421504,3.100663296,11.522167296,61.597224,20.0,81.597224,True,1,11,False
4,14;17;22;36,32,32,11.37396,3.134217728,14.508177728,49.28508,20.0,69.28508,True,1,11,False
5,14;17;22;36;52,40,24,14.41128,3.16777216,17.57905216,36.972624,20.0,56.972624,True,1,11,False
6,14;17;22;36;52;62,48,16,17.33004,3.201326592,20.531366592,24.660792,20.0,44.660792,True,1,11,False
7,14;17;22;36;52;62;117,56,8,20.298408,3.234881024,23.533289024,12.347712,20.0,43.533289024,True,1,11,True
8,14;17;22;36;52;62;117;121,64,0,23.288616,3.268435456,26.557051456,0.0,20.0,46.557051456,True,1,11,False
0,,0,64,0.0,0.0,0.0,98.534592,20.0,118.534592,True,1,12,False
1,11,8,56,2.461056,3.033554432,5.494610432,86.22276,20.0,106.22276,True,1,12,False
2,11;19,16,48,5.406336,3.067108864,8.473444864,73.909992,20.0,93.909992,True,1,12,False
3,11;19;20,24,40,8.421504,3.100663296,11.522167296,61.597224,20.0,81.597224,True,1,12,False
4,11;19;20;28,32,32,11.37396,3.134217728,14.508177728,49.28508,20.0,69.28508,True,1,12,False
5,11;19;20;28;41,40,24,14.41128,3.16777216,17.57905216,36.972624,20.0,56.972624,True,1,12,False
6,11;19;20;28;41;57,48,16,17.33004,3.201326592,20.531366592,24.660792,20.0,44.660792,True,1,12,False
7,11;19;20;28;41;57;59,56,8,20.298408,3.234881024,23.533289024,12.347712,20.0,43.533289024,True,1,12,True
8,11;19;20;28;41;57;59;111,64,0,23.288616,3.268435456,26.557051456,0.0,20.0,46.557051456,True,1,12,False
0,,0,64,0.0,0.0,0.0,98.534592,20.0,118.534592,True,1,13,False
1,13,8,56,2.461056,3.033554432,5.494610432,86.22276,20.0,106.22276,True,1,13,False
2,13;34,16,48,5.406336,3.067108864,8.473444864,73.909992,20.0,93.909992,True,1,13,False
3,13;34;52,24,40,8.421504,3.100663296,11.522167296,61.597224,20.0,81.597224,True,1,13,False
4,13;34;52;84,32,32,11.37396,3.134217728,14.508177728,49.28508,20.0,69.28508,True,1,13,False
5,13;34;52;84;93,40,24,14.41128,3.16777216,17.57905216,36.972624,20.0,56.972624,True,1,13,False
6,13;34;52;84;93;104,48,16,17.33004,3.201326592,20.531366592,24.660792,20.0,44.660792,True,1,13,False
7,13;34;52;84;93;104;110,56,8,20.298408,3.234881024,23.533289024,12.347712,20.0,43.533289024,True,1,13,True
8,13;34;52;84;93;104;110;117,62,2,23.24868,3.260046848,26.508726848,3.112512,20.0,46.508726848,True,1,13,False
9,13;27;34;52;84;93;104;110;117,64,0,26.303784,3.268435456,29.572219456,0.0,20.0,49.572219456,True,1,13,False
0,,0,64,0.0,0.0,0.0,98.534592,20.0,118.534592,True,1,14,False
1,2,8,56,2.461056,3.033554432,5.494610432,86.22276,20.0,106.22276,True,1,14,False
2,2;5,16,48,5.406336,3.067108864,8.473444864,73.909992,20.0,93.909992,True,1,14,False
3,2;5;24,24,40,8.421504,3.100663296,11.522167296,61.597224,20.0,81.597224,True,1,14,False
4,2;5;24;61,32,32,11.37396,3.134217728,14.508177728,49.28508,20.0,69.28508,True,1,14,False
5,2;5;24;61;97,40,24,14.41128,3.16777216,17.57905216,36.972624,20.0,56.972624,True,1,14,False
6,2;5;24;61;97;102,48,16,17.33004,3.201326592,20.531366592,24.660792,20.0,44.660792,True,1,14,False
7,2;5;24;61;97;102;109,56,8,20.298408,3.234881024,23.533289024,12.347712,20.0,43.533289024,True,1,14,True
8,2;5;14;24;61;97;102;109,63,1,23.276448,3.264241152,26.540689152,1.591512,20.0,46.540689152,True,1,14,False
9,2;5;14;24;61;66;97;102;109,64,0,26.303784,3.268435456,29.572219456,0.0,20.0,49.572219456,True,1,14,False
0,,0,64,0.0,0.0,0.0,98.534592,20.0,118.534592,True,1,15,False
1,58,8,56,2.461056,3.033554432,5.494610432,86.22276,20.0,106.22276,True,1,15,False
2,58;63,16,48,5.406336,3.067108864,8.473444864,73.909992,20.0,93.909992,True,1,15,False
3,58;63;64,24,40,8.421504,3.100663296,11.522167296,61.597224,20.0,81.597224,True,1,15,False
4,58;63;64;79,32,32,11.37396,3.134217728,14.508177728,49.28508,20.0,69.28508,True,1,15,False
5,58;63;64;79;84,40,24,14.41128,3.16777216,17.57905216,36.972624,20.0,56.972624,True,1,15,False
6,58;63;64;79;84;111,48,16,17.33004,3.201326592,20.531366592,24.660792,20.0,44.660792,True,1,15,False
7,58;63;64;79;84;111;127,56,8,20.298408,3.234881024,23.533289024,12.347712,20.0,43.533289024,True,1,15,True
8,58;63;64;79;84;111;122;127,62,2,23.24868,3.260046848,26.508726848,3.112512,20.0,46.508726848,True,1,15,False
9,2;58;63;64;79;84;111;122;127,64,0,26.303784,3.268435456,29.572219456,0.0,20.0,49.572219456,True,1,15,False
0,,0,64,0.0,0.0,0.0,98.534592,20.0,118.534592,True,1,16,False
1,42,8,56,2.461056,3.033554432,5.494610432,86.22276,20.0,106.22276,True,1,16,False
2,42;48,16,48,5.406336,3.067108864,8.473444864,73.909992,20.0,93.909992,True,1,16,False
3,42;48;70,24,40,8.421504,3.100663296,11.522167296,61.597224,20.0,81.597224,True,1,16,False
4,42;48;70;93,32,32,11.37396,3.134217728,14.508177728,49.28508,20.0,69.28508,True,1,16,False
5,42;48;70;93;97,40,24,14.41128,3.16777216,17.57905216,36.972624,20.0,56.972624,True,1,16,False
6,42;48;70;93;97;107,48,16,17.33004,3.201326592,20.531366592,24.660792,20.0,44.660792,True,1,16,False
7,42;48;70;93;97;107;122,56,8,20.298408,3.234881024,23.533289024,12.347712,20.0,43.533289024,True,1,16,True
8,42;48;70;93;97;107;116;122,63,1,23.276448,3.264241152,26.540689152,1.591512,20.0,46.540689152,True,1,16,False
9,6;42;48;70;93;97;107;116;122,64,0,26.303784,3.268435456,29.572219456,0.0,20.0,49.572219456,True,1,16,False
0,,0,64,0.0,0.0,0.0,98.534592,20.0,118.534592,True,1,17,False
1,73,8,56,2.461056,3.033554432,5.494610432,86.22276,20.0,106.22276,True,1,17,False
2,73;75,16,48,5.406336,3.067108864,8.473444864,73.909992,20.0,93.909992,True,1,17,False
3,73;75;80,24,40,8.421504,3.100663296,11.522167296,61.597224,20.0,81.597224,True,1,17,False
4,73;75;80;94,32,32,11.37396,3.134217728,14.508177728,49.28508,20.0,69.28508,True,1,17,False
5,73;75;80;94;122,40,24,14.41128,3.16777216,17.57905216,36.972624,20.0,56.972624,True,1,17,False
6,73;75;80;94;122;124,48,16,17.33004,3.201326592,20.531366592,24.660792,20.0,44.660792,True,1,17,False
7,73;75;80;94;105;122;124,55,9,20.309328,3.23068672,23.54001472,13.904904,20.0,43.54001472,True,1,17,True
8,73;75;80;94;105;122;123;124,62,2,23.24868,3.260046848,26.508726848,3.112512,20.0,46.508726848,True,1,17,False
9,73;75;80;90;94;105;122;123;124,64,0,26.303784,3.268435456,29.572219456,0.0,20.0,49.572219456,True,1,17,False
0,,0,64,0.0,0.0,0.0,98.534592,20.0,118.534592,True,1,18,False
1,32,8,56,2.461056,3.033554432,5.494610432,86.22276,20.0,106.22276,True,1,18,False
2,32;33,16,48,5.406336,3.067108864,8.473444864,73.909992,20.0,93.909992,True,1,18,False
3,32;33;58,24,40,8.421504,3.100663296,11.522167296,61.597224,20.0,81.597224,True,1,18,False
4,32;33;58;74,32,32,11.37396,3.134217728,14.508177728,49.28508,20.0,69.28508,True,1,18,False
5,32;33;58;74;82,40,24,14.41128,3.16777216,17.57905216,36.972624,20.0,56.972624,True,1,18,False
6,32;33;58;74;82;104,48,16,17.33004,3.201326592,20.531366592,24.660792,20.0,44.660792,True,1,18,False
7,32;33;58;74;82;104;112,56,8,20.298408,3.234881024,23.533289024,12.347712,20.0,43.533289024,True,1,18,True
8,32;33;58;74;82;104;112;126,64,0,23.288616,3.268435456,26.557051456,0.0,20.0,46.557051456,True,1,18,False
0,,0,64,0.0,0.0,0.0,98.534592,20.0,118.534592,True,1,19,False
1,10,8,56,2.461056,3.033554432,5.494610432,86.22276,20.0,106.22276,True,1,19,False
2,10;28,16,48,5.406336,3.067108864,8.473444864,73.909992,20.0,93.909992,True,1,19,False
3,10;28;29,24,40,8.421504,3.100663296,11.522167296,61.597224,20.0,81.597224,True,1,19,False
4,10;28;29;44,32,32,11.37396,3.134217728,14.508177728,49.28508,20.0,69.28508,True,1,19,False
5,10;28;29;44;52,40,24,14.41128,3.16777216,17.57905216,36.972624,20.0,56.972624,True,1,19,False
6,10;28;29;44;52;92,48,16,17.33004,3.201326592,20.531366592,24.660792,20.0,44.660792,True,1,19,False
7,10;28;29;44;52;63;92,55,9,20.309328,3.23068672,23.54001472,13.904904,20.0,43.54001472,True,1,19,True
8,10;28;29;44;52;56;63;92,60,4,23.221536,3.25165824,26.47319424,6.190392,20.0,46.47319424,True,1,19,False
9,10;28;29;44;52;56;63;75;92,63,1,26.291616,3.264241152,29.555857152,1.591512,20.0,49.555857152,True,1,19,False
10,10;28;29;32;44;52;56;63;75;92,64,0,29.249064,3.268435456,32.517499456,0.0,20.0,52.517499456,True,1,19,False
0,,0,64,0.0,0.0,0.0,98.534592,20.0,118.534592,True,1,20,False
1,0,8,56,2.461056,3.033554432,5.494610432,86.22276,20.0,106.22276,True,1,20,False
2,0;76,16,48,5.406336,3.067108864,8.473444864,73.909992,20.0,93.909992,True,1,20,False
3,0;76;85,24,40,8.421504,3.100663296,11.522167296,61.597224,20.0,81.597224,True,1,20,False
4,0;76;85;92,32,32,11.37396,3.134217728,14.508177728,49.28508,20.0,69.28508,True,1,20,False
5,0;76;85;92;123,40,24,14.41128,3.16777216,17.57905216,36.972624,20.0,56.972624,True,1,20,False
6,0;76;85;92;123;124,48,16,17.33004,3.201326592,20.531366592,24.660792,20.0,44.660792,True,1,20,False
7,0;45;76;85;92;123;124,55,9,20.309328,3.23068672,23.54001472,13.904904,20.0,43.54001472,True,1,20,True
8,0;45;76;85;92;114;123;124,62,2,23.24868,3.260046848,26.508726848,3.112512,20.0,46.508726848,True,1,20,False
9,0;45;48;76;85;92;114;123;124,64,0,26.303784,3.268435456,29.572219456,0.0,20.0,49.572219456,True,1,20,False
0,,0,64,0.0,0.0,0.0,98.534592,20.0,118.534592,True,1,21,False
1,2,8,56,2.461056,3.033554432,5.494610432,86.22276,20.0,106.22276,True,1,21,False
2,2;6,16,48,5.406336,3.067108864,8.473444864,73.909992,20.0,93.909992,True,1,21,False
3,2;6;11,24,40,8.421504,3.100663296,11.522167296,61.597224,20.0,81.597224,True,1,21,False
4,2;6;11;32,32,32,11.37396,3.134217728,14.508177728,49.28508,20.0,69.28508,True,1,21,False
5,2;6;11;32;38,40,24,14.41128,3.16777216,17.57905216,36.972624,20.0,56.972624,True,1,21,False
6,2;6;11;32;38;44,48,16,17.33004,3.201326592,20.531366592,24.660792,20.0,44.660792,True,1,21,False
7,2;6;11;32;38;44;63,56,8,20.298408,3.234881024,23.533289024,12.347712,20.0,43.533289024,True,1,21,True
8,2;6;11;32;38;39;44;63,63,1,23.276448,3.264241152,26.540689152,1.591512,20.0,46.540689152,True,1,21,False
9,2;6;11;13;32;38;39;44;63,64,0,26.303784,3.268435456,29.572219456,0.0,20.0,49.572219456,True,1,21,False
0,,0,64,0.0,0.0,0.0,98.534592,20.0,118.534592,True,1,22,False
1,1,8,56,2.461056,3.033554432,5.494610432,86.22276,20.0,106.22276,True,1,22,False
2,1;36,16,48,5.406336,3.067108864,8.473444864,73.909992,20.0,93.909992,True,1,22,False
3,1;36;42,24,40,8.421504,3.100663296,11.522167296,61.597224,20.0,81.597224,True,1,22,False
4,1;36;42;48,32,32,11.37396,3.134217728,14.508177728,49.28508,20.0,69.28508,True,1,22,False
5,1;36;42;48;71,40,24,14.41128,3.16777216,17.57905216,36.972624,20.0,56.972624,True,1,22,False
6,1;36;42;48;71;75,48,16,17.33004,3.201326592,20.531366592,24.660792,20.0,44.660792,True,1,22,False
7,1;36;42;48;71;75;89,56,8,20.298408,3.234881024,23.533289024,12.347712,20.0,43.533289024,True,1,22,True
8,1;36;42;48;71;75;89;122,62,2,23.24868,3.260046848,26.508726848,3.112512,20.0,46.508726848,True,1,22,False
9,1;12;36;42;48;71;75;89;122,64,0,26.303784,3.268435456,29.572219456,0.0,20.0,49.572219456,True,1,22,False
0,,0,64,0.0,0.0,0.0,98.534592,20.0,118.534592,True,1,23,False
1,14,8,56,2.461056,3.033554432,5.494610432,86.22276,20.0,106.22276,True,1,23,False
2,14;31,16,48,5.406336,3.067108864,8.473444864,73.909992,20.0,93.909992,True,1,23,False
3,14;31;36,24,40,8.421504,3.100663296,11.522167296,61.597224,20.0,81.597224,True,1,23,False
4,14;31;36;62,32,32,11.37396,3.134217728,14.508177728,49.28508,20.0,69.28508,True,1,23,False
5,14;31;36;62;65,40,24,14.41128,3.16777216,17.57905216,36.972624,20.0,56.972624,True,1,23,False
6,14;31;36;62;65;117,48,16,17.33004,3.201326592,20.531366592,24.660792,20.0,44.660792,True,1,23,False
7,14;31;36;62;65;76;117,55,9,20.309328,3.23068672,23.54001472,13.904904,20.0,43.54001472,True,1,23,True
8,4;14;31;36;62;65;76;117,61,3,23.247432,3.255852544,26.503284544,4.670016,20.0,46.503284544,True,1,23,False
9,4;14;31;36;62;65;76;108;117,64,0,26.303784,3.268435456,29.572219456,0.0,20.0,49.572219456,True,1,23,False
0,,0,64,0.0,0.0,0.0,98.534592,20.0,118.534592,True,1,24,False
1,11,8,56,2.461056,3.033554432,5.494610432,86.22276,20.0,106.22276,True,1,24,False
2,11;18,16,48,5.406336,3.067108864,8.473444864,73.909992,20.0,93.909992,True,1,24,False
3,11;18;19,24,40,8.421504,3.100663296,11.522167296,61.597224,20.0,81.597224,True,1,24,False
4,11;18;19;20,32,32,11.37396,3.134217728,14.508177728,49.28508,20.0,69.28508,True,1,24,False
5,11;18;19;20;28,40,24,14.41128,3.16777216,17.57905216,36.972624,20.0,56.972624,True,1,24,False
6,11;18;19;20;28;57,48,16,17.33004,3.201326592,20.531366592,24.660792,20.0,44.660792,True,1,24,False
7,11;18;19;20;28;57;59,56,8,20.298408,3.234881024,23.533289024,12.347712,20.0,43.533289024,True,1,24,True
8,11;18;19;20;28;57;59;108,64,0,23.288616,3.268435456,26.557051456,0.0,20.0,46.557051456,True,1,24,False
0,,0,64,0.0,0.0,0.0,98.534592,20.0,118.534592,True,1,25,False
1,13,8,56,2.461056,3.033554432,5.494610432,86.22276,20.0,106.22276,True,1,25,False
2,13;34,16,48,5.406336,3.067108864,8.473444864,73.909992,20.0,93.909992,True,1,25,False
3,13;34;50,24,40,8.421504,3.100663296,11.522167296,61.597224,20.0,81.597224,True,1,25,False
4,13;34;50;52,32,32,11.37396,3.134217728,14.508177728,49.28508,20.0,69.28508,True,1,25,False
5,13;34;50;52;72,40,24,14.41128,3.16777216,17.57905216,36.972624,20.0,56.972624,True,1,25,False
6,13;34;50;52;72;84,48,16,17.33004,3.201326592,20.531366592,24.660792,20.0,44.660792,True,1,25,False
7,13;34;50;52;72;84;87,56,8,20.298408,3.234881024,23.533289024,12.347712,20.0,43.533289024,True,1,25,True
8,13;34;50;52;72;84;87;110,64,0,23.288616,3.268435456,26.557051456,0.0,20.0,46.557051456,True,1,25,False
0,,0,64,0.0,0.0,0.0,98.534592,20.0,118.534592,True,1,26,False
1,5,8,56,2.461056,3.033554432,5.494610432,86.22276,20.0,106.22276,True,1,26,False
2,5;24,16,48,5.406336,3.067108864,8.473444864,73.909992,20.0,93.909992,True,1,26,False
3,5;24;27,24,40,8.421504,3.100663296,11.522167296,61.597224,20.0,81.597224,True,1,26,False
4,5;24;27;59,32,32,11.37396,3.134217728,14.508177728,49.28508,20.0,69.28508,True,1,26,False
5,5;24;27;59;72,40,24,14.41128,3.16777216,17.57905216,36.972624,20.0,56.972624,True,1,26,False
6,5;24;27;59;72;91,48,16,17.33004,3.201326592,20.531366592,24.660792,20.0,44.660792,True,1,26,False
7,5;24;27;59;72;91;97,56,8,20.298408,3.234881024,23.533289024,12.347712,20.0,43.533289024,True,1,26,True
8,5;24;27;59;72;91;97;113,64,0,23.288616,3.268435456,26.557051456,0.0,20.0,46.557051456,True,1,26,False
0,,0,64,0.0,0.0,0.0,98.534592,20.0,118.534592,True,1,27,False
1,15,8,56,2.461056,3.033554432,5.494610432,86.22276,20.0,106.22276,True,1,27,False
2,15;63,16,48,5.406336,3.067108864,8.473444864,73.909992,20.0,93.909992,True,1,27,False
3,15;63;64,24,40,8.421504,3.100663296,11.522167296,61.597224,20.0,81.597224,True,1,27,False
4,15;63;64;79,32,32,11.37396,3.134217728,14.508177728,49.28508,20.0,69.28508,True,1,27,False
5,15;63;64;79;84,40,24,14.41128,3.16777216,17.57905216,36.972624,20.0,56.972624,True,1,27,False
6,15;63;64;79;84;111,48,16,17.33004,3.201326592,20.531366592,24.660792,20.0,44.660792,True,1,27,False
7,15;63;64;79;84;111;118,56,8,20.298408,3.234881024,23.533289024,12.347712,20.0,43.533289024,True,1,27,True
8,15;63;64;79;84;111;118;122,64,0,23.288616,3.268435456,26.557051456,0.0,20.0,46.557051456,True,1,27,False
0,,0,64,0.0,0.0,0.0,98.534592,20.0,118.534592,True,1,28,False
1,6,8,56,2.461056,3.033554432,5.494610432,86.22276,20.0,106.22276,True,1,28,False
2,6;11,16,48,5.406336,3.067108864,8.473444864,73.909992,20.0,93.909992,True,1,28,False
3,6;11;42,24,40,8.421504,3.100663296,11.522167296,61.597224,20.0,81.597224,True,1,28,False
4,6;11;42;70,32,32,11.37396,3.134217728,14.508177728,49.28508,20.0,69.28508,True,1,28,False
5,6;11;42;70;91,40,24,14.41128,3.16777216,17.57905216,36.972624,20.0,56.972624,True,1,28,False
6,6;11;42;70;91;98,48,16,17.33004,3.201326592,20.531366592,24.660792,20.0,44.660792,True,1,28,False
7,6;11;42;70;91;98;122,56,8,20.298408,3.234881024,23.533289024,12.347712,20.0,43.533289024,True,1,28,True
8,6;11;42;70;91;98;116;122,60,4,23.221536,3.25165824,26.47319424,6.190392,20.0,46.47319424,True,1,28,False
9,6;11;42;70;91;97;98;116;122,62,2,26.263848,3.260046848,29.523894848,3.112512,20.0,49.523894848,True,1,28,False
10,6;11;42;70;91;97;98;107;116;122,64,0,29.249064,3.268435456,32.517499456,0.0,20.0,52.517499456,True,1,28,False
0,,0,64,0.0,0.0,0.0,98.534592,20.0,118.534592,True,1,29,False
1,13,8,56,2.461056,3.033554432,5.494610432,86.22276,20.0,106.22276,True,1,29,False
2,13;37,16,48,5.406336,3.067108864,8.473444864,73.909992,20.0,93.909992,True,1,29,False
3,13;37;46,24,40,8.421504,3.100663296,11.522167296,61.597224,20.0,81.597224,True,1,29,False
4,13;37;46;70,32,32,11.37396,3.134217728,14.508177728,49.28508,20.0,69.28508,True,1,29,False
5,13;37;46;70;94,40,24,14.41128,3.16777216,17.57905216,36.972624,20.0,56.972624,True,1,29,False
6,13;37;46;70;94;105,48,16,17.33004,3.201326592,20.531366592,24.660792,20.0,44.660792,True,1,29,False
7,13;37;46;70;94;105;120,56,8,20.298408,3.234881024,23.533289024,12.347712,20.0,43.533289024,True,1,29,True
8,13;37;46;70;94;105;120;124,64,0,23.288616,3.268435456,26.557051456,0.0,20.0,46.557051456,True,1,29,False
0,,0,64,0.0,0.0,0.0,98.534592,20.0,118.534592,True,1,30,False
1,6,8,56,2.461056,3.033554432,5.494610432,86.22276,20.0,106.22276,True,1,30,False
2,6;25,16,48,5.406336,3.067108864,8.473444864,73.909992,20.0,93.909992,True,1,30,False
3,6;25;58,24,40,8.421504,3.100663296,11.522167296,61.597224,20.0,81.597224,True,1,30,False
4,6;25;58;74,32,32,11.37396,3.134217728,14.508177728,49.28508,20.0,69.28508,True,1,30,False
5,6;25;58;74;82,40,24,14.41128,3.16777216,17.57905216,36.972624,20.0,56.972624,True,1,30,False
6,6;25;39;58;74;82,47,17,17.347512,3.197132288,20.544644288,26.217672,20.0,46.217672,True,1,30,False
7,6;25;39;58;74;82;98,54,10,20.251296,3.226492416,23.477788416,15.426216,20.0,43.477788416,True,1,30,True
8,6;25;33;39;58;74;82;98,60,4,23.221536,3.25165824,26.47319424,6.190392,20.0,46.47319424,True,1,30,False
9,6;25;33;39;48;58;74;82;98,64,0,26.303784,3.268435456,29.572219456,0.0,20.0,49.572219456,True,1,30,False
0,,0,64,0.0,0.0,0.0,98.534592,20.0,118.534592,True,1,31,False
1,24,8,56,2.461056,3.033554432,5.494610432,86.22276,20.0,106.22276,True,1,31,False
2,24;28,16,48,5.406336,3.067108864,8.473444864,73.909992,20.0,93.909992,True,1,31,False
3,24;28;29,24,40,8.421504,3.100663296,11.522167296,61.597224,20.0,81.597224,True,1,31,False
4,24;28;29;44,32,32,11.37396,3.134217728,14.508177728,49.28508,20.0,69.28508,True,1,31,False
5,24;28;29;44;63,40,24,14.41128,3.16777216,17.57905216,36.972624,20.0,56.972624,True,1,31,False
6,24;28;29;44;63;115,48,16,17.33004,3.201326592,20.531366592,24.660792,20.0,44.660792,True,1,31,False
7,2;24;28;29;44;63;115,54,10,20.251296,3.226492416,23.477788416,15.426216,20.0,43.477788416,True,1,31,True
8,2;24;28;29;41;44;63;115,58,6,23.228712,3.243269632,26.471981632,9.268896,20.0,46.471981632,True,1,31,False
9,2;24;28;29;41;44;59;63;115,62,2,26.263848,3.260046848,29.523894848,3.112512,20.0,49.523894848,True,1,31,False
10,2;10;24;28;29;41;44;59;63;115,63,1,29.236896,3.264241152,32.501137152,1.591512,20.0,52.501137152,True,1,31,False
11,2;10;24;28;29;36;41;44;59;63;115,64,0,32.264232,3.268435456,35.532667456,0.0,20.0,55.532667456,True,1,31,False
0,,0,64,0.0,0.0,0.0,98.534592,20.0,118.534592,True,1,32,False
1,0,8,56,2.461056,3.033554432,5.494610432,86.22276,20.0,106.22276,True,1,32,False
2,0;72,16,48,5.406336,3.067108864,8.473444864,73.909992,20.0,93.909992,True,1,32,False
3,0;72;85,24,40,8.421504,3.100663296,11.522167296,61.597224,20.0,81.597224,True,1,32,False
4,0;72;85;90,32,32,11.37396,3.134217728,14.508177728,49.28508,20.0,69.28508,True,1,32,False
5,0;72;85;90;108,40,24,14.41128,3.16777216,17.57905216,36.972624,20.0,56.972624,True,1,32,False
6,0;72;85;90;108;113,48,16,17.33004,3.201326592,20.531366592,24.660792,20.0,44.660792,True,1,32,False
7,0;72;85;90;108;113;124,56,8,20.298408,3.234881024,23.533289024,12.347712,20.0,43.533289024,True,1,32,True
8,0;10;72;85;90;108;113;124,63,1,23.276448,3.264241152,26.540689152,1.591512,20.0,46.540689152,True,1,32,False
9,0;10;48;72;85;90;108;113;124,64,0,26.303784,3.268435456,29.572219456,0.0,20.0,49.572219456,True,1,32,False
0,,0,64,0.0,0.0,0.0,98.534592,20.0,118.534592,True,1,33,False
1,2,8,56,2.461056,3.033554432,5.494610432,86.22276,20.0,106.22276,True,1,33,False
2,2;13,16,48,5.406336,3.067108864,8.473444864,73.909992,20.0,93.909992,True,1,33,False
3,2;13;32,24,40,8.421504,3.100663296,11.522167296,61.597224,20.0,81.597224,True,1,33,False
4,2;13;32;38,32,32,11.37396,3.134217728,14.508177728,49.28508,20.0,69.28508,True,1,33,False
5,2;13;32;38;53,40,24,14.41128,3.16777216,17.57905216,36.972624,20.0,56.972624,True,1,33,False
6,2;13;32;38;53;63,48,16,17.33004,3.201326592,20.531366592,24.660792,20.0,44.660792,True,1,33,False
7,2;13;32;38;53;63;115,56,8,20.298408,3.234881024,23.533289024,12.347712,20.0,43.533289024,True,1,33,True
8,2;6;13;32;38;53;63;115,63,1,23.276448,3.264241152,26.540689152,1.591512,20.0,46.540689152,True,1,33,False
9,2;6;13;32;38;39;53;63;115,64,0,26.303784,3.268435456,29.572219456,0.0,20.0,49.572219456,True,1,33,False
0,,0,64,0.0,0.0,0.0,98.534592,20.0,118.534592,True,1,34,False
1,1,8,56,2.461056,3.033554432,5.494610432,86.22276,20.0,106.22276,True,1,34,False
2,1;5,16,48,5.406336,3.067108864,8.473444864,73.909992,20.0,93.909992,True,1,34,False
3,1;5;29,24,40,8.421504,3.100663296,11.522167296,61.597224,20.0,81.597224,True,1,34,False
4,1;5;29;35,32,32,11.37396,3.134217728,14.508177728,49.28508,20.0,69.28508,True,1,34,False
5,1;5;29;35;36,40,24,14.41128,3.16777216,17.57905216,36.972624,20.0,56.972624,True,1,34,False
6,1;5;29;35;36;42,48,16,17.33004,3.201326592,20.531366592,24.660792,20.0,44.660792,True,1,34,False
7,1;5;29;35;36;42;75,56,8,20.298408,3.234881024,23.533289024,12.347712,20.0,43.533289024,True,1,34,True
8,1;5;29;35;36;42;75;89,64,0,23.288616,3.268435456,26.557051456,0.0,20.0,46.557051456,True,1,34,False
0,,0,64,0.0,0.0,0.0,98.534592,20.0,118.534592,True,1,35,False
1,6,8,56,2.461056,3.033554432,5.494610432,86.22276,20.0,106.22276,True,1,35,False
2,6;31,16,48,5.406336,3.067108864,8.473444864,73.909992,20.0,93.909992,True,1,35,False
3,6;31;36,24,40,8.421504,3.100663296,11.522167296,61.597224,20.0,81.597224,True,1,35,False
4,6;31;36;62,32,32,11.37396,3.134217728,14.508177728,49.28508,20.0,69.28508,True,1,35,False
5,6;31;36;62;110,40,24,14.41128,3.16777216,17.57905216,36.972624,20.0,56.972624,True,1,35,False
6,6;31;36;62;110;117,48,16,17.33004,3.201326592,20.531366592,24.660792,20.0,44.660792,True,1,35,False
7,6;31;36;62;110;117;120,55,9,20.309328,3.23068672,23.54001472,13.904904,20.0,43.54001472,True,1,35,True
8,6;31;32;36;62;110;117;120,60,4,23.221536,3.25165824,26.47319424,6.190392,20.0,46.47319424,True,1,35,False
9,6;31;32;36;62;104;110;117;120,63,1,26.291616,3.264241152,29.555857152,1.591512,20.0,49.555857152,True,1,35,False
10,6;17;31;32;36;62;104;110;117;120,64,0,29.249064,3.268435456,32.517499456,0.0,20.0,52.517499456,True,1,35,False
0,,0,64,0.0,0.0,0.0,98.534592,20.0,118.534592,True,1,36,False
1,11,8,56,2.461056,3.033554432,5.494610432,86.22276,20.0,106.22276,True,1,36,False
2,11;18,16,48,5.406336,3.067108864,8.473444864,73.909992,20.0,93.909992,True,1,36,False
3,11;18;19,24,40,8.421504,3.100663296,11.522167296,61.597224,20.0,81.597224,True,1,36,False
4,11;18;19;20,32,32,11.37396,3.134217728,14.508177728,49.28508,20.0,69.28508,True,1,36,False
5,11;18;19;20;57,40,24,14.41128,3.16777216,17.57905216,36.972624,20.0,56.972624,True,1,36,False
6,11;18;19;20;57;59,48,16,17.33004,3.201326592,20.531366592,24.660792,20.0,44.660792,True,1,36,False
7,11;18;19;20;57;59;62,56,8,20.298408,3.234881024,23.533289024,12.347712,20.0,43.533289024,True,1,36,True
8,11;18;19;20;57;59;62;101,63,1,23.276448,3.264241152,26.540689152,1.591512,20.0,46.540689152,True,1,36,False
9,11;18;19;20;28;57;59;62;101,64,0,26.303784,3.268435456,29.572219456,0.0,20.0,49.572219456,True,1,36,False
0,,0,64,0.0,0.0,0.0,98.534592,20.0,118.534592,True,1,37,False
1,2,8,56,2.461056,3.033554432,5.494610432,86.22276,20.0,106.22276,True,1,37,False
2,2;13,16,48,5.406336,3.067108864,8.473444864,73.909992,20.0,93.909992,True,1,37,False
3,2;13;27,24,40,8.421504,3.100663296,11.522167296,61.597224,20.0,81.597224,True,1,37,False
4,2;13;27;50,32,32,11.37396,3.134217728,14.508177728,49.28508,20.0,69.28508,True,1,37,False
5,2;13;27;50;82,40,24,14.41128,3.16777216,17.57905216,36.972624,20.0,56.972624,True,1,37,False
6,2;13;27;50;82;84,48,16,17.33004,3.201326592,20.531366592,24.660792,20.0,44.660792,True,1,37,False
7,2;13;27;50;82;84;91,56,8,20.298408,3.234881024,23.533289024,12.347712,20.0,43.533289024,True,1,37,True
8,2;13;27;50;82;84;91;110,64,0,23.288616,3.268435456,26.557051456,0.0,20.0,46.557051456,True,1,37,False
0,,0,64,0.0,0.0,0.0,98.534592,20.0,118.534592,True,1,38,False
1,2,8,56,2.461056,3.033554432,5.494610432,86.22276,20.0,106.22276,True,1,38,False
2,2;16,16,48,5.406336,3.067108864,8.473444864,73.909992,20.0,93.909992,True,1,38,False
3,2;16;24,24,40,8.421504,3.100663296,11.522167296,61.597224,20.0,81.597224,True,1,38,False
4,2;16;24;102,32,32,11.37396,3.134217728,14.508177728,49.28508,20.0,69.28508,True,1,38,False
5,2;16;24;102;109,40,24,14.41128,3.16777216,17.57905216,36.972624,20.0,56.972624,True,1,38,False
6,2;16;24;102;109;110,48,16,17.33004,3.201326592,20.531366592,24.660792,20.0,44.660792,True,1,38,False
7,2;16;24;102;109;110;113,56,8,20.298408,3.234881024,23.533289024,12.347712,20.0,43.533289024,True,1,38,True
8,2;16;24;91;102;109;110;113,62,2,23.24868,3.260046848,26.508726848,3.112512,20.0,46.508726848,True,1,38,False
9,2;16;24;27;91;102;109;110;113,63,1,26.291616,3.264241152,29.555857152,1.591512,20.0,49.555857152,True,1,38,False
10,2;16;24;27;91;102;108;109;110;113,64,0,29.249064,3.268435456,32.517499456,0.0,20.0,52.517499456,True,1,38,False
0,,0,64,0.0,0.0,0.0,98.534592,20.0,118.534592,True,1,39,False
1,5,8,56,2.461056,3.033554432,5.494610432,86.22276,20.0,106.22276,True,1,39,False
2,5;16,16,48,5.406336,3.067108864,8.473444864,73.909992,20.0,93.909992,True,1,39,False
3,5;16;48,24,40,8.421504,3.100663296,11.522167296,61.597224,20.0,81.597224,True,1,39,False
4,5;16;48;63,32,32,11.37396,3.134217728,14.508177728,49.28508,20.0,69.28508,True,1,39,False
5,5;16;48;63;72,40,24,14.41128,3.16777216,17.57905216,36.972624,20.0,56.972624,True,1,39,False
6,5;16;48;63;72;84,48,16,17.33004,3.201326592,20.531366592,24.660792,20.0,44.660792,True,1,39,False
7,5;16;48;63;72;84;118,56,8,20.298408,3.234881024,23.533289024,12.347712,20.0,43.533289024,True,1,39,True
8,5;16;48;58;63;72;84;118,63,1,23.276448,3.264241152,26.540689152,1.591512,20.0,46.540689152,True,1,39,False
9,5;14;16;48;58;63;72;84;118,64,0,26.303784,3.268435456,29.572219456,0.0,20.0,49.572219456,True,1,39,False
0,,0,64,0.0,0.0,0.0,98.534592,20.0,118.534592,True,1,40,False
1,11,8,56,2.461056,3.033554432,5.494610432,86.22276,20.0,106.22276,True,1,40,False
2,11;48,16,48,5.406336,3.067108864,8.473444864,73.909992,20.0,93.909992,True,1,40,False
3,11;48;69,24,40,8.421504,3.100663296,11.522167296,61.597224,20.0,81.597224,True,1,40,False
4,11;48;69;70,32,32,11.37396,3.134217728,14.508177728,49.28508,20.0,69.28508,True,1,40,False
5,11;48;69;70;91,40,24,14.41128,3.16777216,17.57905216,36.972624,20.0,56.972624,True,1,40,False
6,11;48;69;70;91;97,48,16,17.33004,3.201326592,20.531366592,24.660792,20.0,44.660792,True,1,40,False
7,11;48;69;70;91;97;98,56,8,20.298408,3.234881024,23.533289024,12.347712,20.0,43.533289024,True,1,40,True
8,11;48;69;70;91;97;98;122,64,0,23.288616,3.268435456,26.557051456,0.0,20.0,46.557051456,True,1,40,False
0,,0,64,0.0,0.0,0.0,98.534592,20.0,118.534592,True,1,41,False
1,37,8,56,2.461056,3.033554432,5.494610432,86.22276,20.0,106.22276,True,1,41,False
2,37;46,16,48,5.406336,3.067108864,8.473444864,73.909992,20.0,93.909992,True,1,41,False
3,37;46;80,24,40,8.421504,3.100663296,11.522167296,61.597224,20.0,81.597224,True,1,41,False
4,37;46;80;81,32,32,11.37396,3.134217728,14.508177728,49.28508,20.0,69.28508,True,1,41,False
5,37;46;80;81;94,40,24,14.41128,3.16777216,17.57905216,36.972624,20.0,56.972624,True,1,41,False
6,37;46;80;81;94;123,48,16,17.33004,3.201326592,20.531366592,24.660792,20.0,44.660792,True,1,41,False
7,37;46;80;81;94;123;124,56,8,20.298408,3.234881024,23.533289024,12.347712,20.0,43.533289024,True,1,41,True
8,37;46;80;81;94;105;123;124,63,1,23.276448,3.264241152,26.540689152,1.591512,20.0,46.540689152,True,1,41,False
9,37;46;80;81;94;105;116;123;124,64,0,26.303784,3.268435456,29.572219456,0.0,20.0,49.572219456,True,1,41,False
0,,0,64,0.0,0.0,0.0,98.534592,20.0,118.534592,True,1,42,False
1,0,8,56,2.461056,3.033554432,5.494610432,86.22276,20.0,106.22276,True,1,42,False
2,0;30,16,48,5.406336,3.067108864,8.473444864,73.909992,20.0,93.909992,True,1,42,False
3,0;30;60,24,40,8.421504,3.100663296,11.522167296,61.597224,20.0,81.597224,True,1,42,False
4,0;30;60;63,32,32,11.37396,3.134217728,14.508177728,49.28508,20.0,69.28508,True,1,42,False
5,0;30;60;63;70,40,24,14.41128,3.16777216,17.57905216,36.972624,20.0,56.972624,True,1,42,False
6,0;30;60;63;70;76,48,16,17.33004,3.201326592,20.531366592,24.660792,20.0,44.660792,True,1,42,False
7,0;30;60;63;70;76;109,56,8,20.298408,3.234881024,23.533289024,12.347712,20.0,43.533289024,True,1,42,True
8,0;30;58;60;63;70;76;109,63,1,23.276448,3.264241152,26.540689152,1.591512,20.0,46.540689152,True,1,42,False
9,0;14;30;58;60;63;70;76;109,64,0,26.303784,3.268435456,29.572219456,0.0,20.0,49.572219456,True,1,42,False
0,,0,64,0.0,0.0,0.0,98.534592,20.0,118.534592,True,1,43,False
1,11,8,56,2.461056,3.033554432,5.494610432,86.22276,20.0,106.22276,True,1,43,False
2,11;18,16,48,5.406336,3.067108864,8.473444864,73.909992,20.0,93.909992,True,1,43,False
3,11;18;45,24,40,8.421504,3.100663296,11.522167296,61.597224,20.0,81.597224,True,1,43,False
4,11;18;45;51,32,32,11.37396,3.134217728,14.508177728,49.28508,20.0,69.28508,True,1,43,False
5,11;18;45;51;56,40,24,14.41128,3.16777216,17.57905216,36.972624,20.0,56.972624,True,1,43,False
6,11;18;45;51;56;96,48,16,17.33004,3.201326592,20.531366592,24.660792,20.0,44.660792,True,1,43,False
7,11;18;45;51;56;96;99,56,8,20.298408,3.234881024,23.533289024,12.347712,20.0,43.533289024,True,1,43,True
8,11;18;45;51;56;80;96;99,63,1,23.276448,3.264241152,26.540689152,1.591512,20.0,46.540689152,True,1,43,False
9,11;18;45;51;56;80;96;98;99,64,0,26.303784,3.268435456,29.572219456,0.0,20.0,49.572219456,True,1,43,False
0,,0,64,0.0,0.0,0.0,98.534592,20.0,118.534592,True,1,44,False
1,7,8,56,2.461056,3.033554432,5.494610432,86.22276,20.0,106.22276,True,1,44,False
2,7;12,16,48,5.406336,3.067108864,8.473444864,73.909992,20.0,93.909992,True,1,44,False
3,7;12;15,24,40,8.421504,3.100663296,11.522167296,61.597224,20.0,81.597224,True,1,44,False
4,7;12;15;79,32,32,11.37396,3.134217728,14.508177728,49.28508,20.0,69.28508,True,1,44,False
5,7;12;15;79;99,40,24,14.41128,3.16777216,17.57905216,36.972624,20.0,56.972624,True,1,44,False
6,7;12;15;79;99;103,48,16,17.33004,3.201326592,20.531366592,24.660792,20.0,44.660792,True,1,44,False
7,7;12;15;79;99;103;104,56,8,20.298408,3.234881024,23.533289024,12.347712,20.0,43.533289024,True,1,44,True
8,7;12;15;79;99;103;104;119,63,1,23.276448,3.264241152,26.540689152,1.591512,20.0,46.540689152,True,1,44,False
9,2;7;12;15;79;99;103;104;119,64,0,26.303784,3.268435456,29.572219456,0.0,20.0,49.572219456,True,1,44,False
0,,0,64,0.0,0.0,0.0,98.534592,20.0,118.534592,True,1,45,False
1,1,8,56,2.461056,3.033554432,5.494610432,86.22276,20.0,106.22276,True,1,45,False
2,1;4,16,48,5.406336,3.067108864,8.473444864,73.909992,20.0,93.909992,True,1,45,False
3,1;4;16,24,40,8.421504,3.100663296,11.522167296,61.597224,20.0,81.597224,True,1,45,False
4,1;4;16;53,32,32,11.37396,3.134217728,14.508177728,49.28508,20.0,69.28508,True,1,45,False
5,1;4;16;53;58,40,24,14.41128,3.16777216,17.57905216,36.972624,20.0,56.972624,True,1,45,False
6,1;4;16;53;58;77,48,16,17.33004,3.201326592,20.531366592,24.660792,20.0,44.660792,True,1,45,False
7,1;4;16;53;58;77;92,56,8,20.298408,3.234881024,23.533289024,12.347712,20.0,43.533289024,True,1,45,True
8,1;4;16;53;58;76;77;92,62,2,23.24868,3.260046848,26.508726848,3.112512,20.0,46.508726848,True,1,45,False
9,1;4;13;16;53;58;76;77;92,63,1,26.291616,3.264241152,29.555857152,1.591512,20.0,49.555857152,True,1,45,False
10,1;4;13;16;36;53;58;76;77;92,64,0,29.249064,3.268435456,32.517499456,0.0,20.0,52.517499456,True,1,45,False
0,,0,64,0.0,0.0,0.0,98.534592,20.0,118.534592,True,1,46,False
1,4,8,56,2.461056,3.033554432,5.494610432,86.22276,20.0,106.22276,True,1,46,False
2,4;42,16,48,5.406336,3.067108864,8.473444864,73.909992,20.0,93.909992,True,1,46,False
3,4;42;46,24,40,8.421504,3.100663296,11.522167296,61.597224,20.0,81.597224,True,1,46,False
4,4;42;46;48,32,32,11.37396,3.134217728,14.508177728,49.28508,20.0,69.28508,True,1,46,False
5,4;42;46;48;81,40,24,14.41128,3.16777216,17.57905216,36.972624,20.0,56.972624,True,1,46,False
6,4;42;46;48;81;102,48,16,17.33004,3.201326592,20.531366592,24.660792,20.0,44.660792,True,1,46,False
7,4;29;42;46;48;81;102,55,9,20.309328,3.23068672,23.54001472,13.904904,20.0,43.54001472,True,1,46,True
8,4;29;40;42;46;48;81;102,61,3,23.247432,3.255852544,26.503284544,4.670016,20.0,46.503284544,True,1,46,False
9,4;13;29;40;42;46;48;81;102,64,0,26.303784,3.268435456,29.572219456,0.0,20.0,49.572219456,True,1,46,False
0,,0,64,0.0,0.0,0.0,98.534592,20.0,118.534592,True,1,47,False
1,10,8,56,2.461056,3.033554432,5.494610432,86.22276,20.0,106.22276,True,1,47,False
2,10;46,16,48,5.406336,3.067108864,8.473444864,73.909992,20.0,93.909992,True,1,47,False
3,10;46;58,24,40,8.421504,3.100663296,11.522167296,61.597224,20.0,81.597224,True,1,47,False
4,10;46;58;71,32,32,11.37396,3.134217728,14.508177728,49.28508,20.0,69.28508,True,1,47,False
5,10;46;58;71;108,40,24,14.41128,3.16777216,17.57905216,36.972624,20.0,56.972624,True,1,47,False
6,10;46;58;71;108;110,48,16,17.33004,3.201326592,20.531366592,24.660792,20.0,44.660792,True,1,47,False
7,10;46;58;71;83;108;110,54,10,20.251296,3.226492416,23.477788416,15.426216,20.0,43.477788416,True,1,47,True
8,10;46;58;67;71;83;108;110,59,5,23.189712,3.247463936,26.437175936,7.747896,20.0,46.437175936,True,1,47,False
9,10;41;46;58;67;71;83;108;110,62,2,26.263848,3.260046848,29.523894848,3.112512,20.0,49.523894848,True,1,47,False
10,10;41;46;51;58;67;71;83;108;110,64,0,29.249064,3.268435456,32.517499456,0.0,20.0,52.517499456,True,1,47,False
0,,0,64,0.0,0.0,0.0,98.534592,20.0,118.534592,True,2,0,False
1,23,8,56,2.461056,3.033554432,5.494610432,86.22276,20.0,106.22276,True,2,0,False
2,23;66,16,48,5.406336,3.067108864,8.473444864,73.909992,20.0,93.909992,True,2,0,False
3,23;66;70,24,40,8.421504,3.100663296,11.522167296,61.597224,20.0,81.597224,True,2,0,False
4,23;66;70;77,32,32,11.37396,3.134217728,14.508177728,49.28508,20.0,69.28508,True,2,0,False
5,23;66;70;77;86,40,24,14.41128,3.16777216,17.57905216,36.972624,20.0,56.972624,True,2,0,False
6,23;66;70;77;86;87,48,16,17.33004,3.201326592,20.531366592,24.660792,20.0,44.660792,True,2,0,False
7,23;66;70;77;86;87;91,56,8,20.298408,3.234881024,23.533289024,12.347712,20.0,43.533289024,True,2,0,True
8,23;66;70;77;86;87;91;112,64,0,23.288616,3.268435456,26.557051456,0.0,20.0,46.557051456,True,2,0,False
0,,0,64,0.0,0.0,0.0,98.534592,20.0,118.534592,True,2,1,False
1,13,8,56,2.461056,3.033554432,5.494610432,86.22276,20.0,106.22276,True,2,1,False
2,13;14,16,48,5.406336,3.067108864,8.473444864,73.909992,20.0,93.909992,True,2,1,False
3,13;14;29,24,40,8.421504,3.100663296,11.522167296,61.597224,20.0,81.597224,True,2,1,False
4,13;14;29;78,32,32,11.37396,3.134217728,14.508177728,49.28508,20.0,69.28508,True,2,1,False
5,13;14;29;78;86,40,24,14.41128,3.16777216,17.57905216,36.972624,20.0,56.972624,True,2,1,False
6,13;14;29;78;86;101,48,16,17.33004,3.201326592,20.531366592,24.660792,20.0,44.660792,True,2,1,False
7,13;14;29;78;86;101;104,56,8,20.298408,3.234881024,23.533289024,12.347712,20.0,43.533289024,True,2,1,True
8,13;14;29;78;86;101;104;107,64,0,23.288616,3.268435456,26.557051456,0.0,20.0,46.557051456,True,2,1,False
0,,0,64,0.0,0.0,0.0,98.534592,20.0,118.534592,True,2,2,False
1,15,8,56,2.461056,3.033554432,5.494610432,86.22276,20.0,106.22276,True,2,2,False
2,15;23,16,48,5.406336,3.067108864,8.473444864,73.909992,20.0,93.909992,True,2,2,False
3,15;23;56,24,40,8.421504,3.100663296,11.522167296,61.597224,20.0,81.597224,True,2,2,False
4,15;23;56;64,32,32,11.37396,3.134217728,14.508177728,49.28508,20.0,69.28508,True,2,2,False
5,15;23;56;64;71,40,24,14.41128,3.16777216,17.57905216,36.972624,20.0,56.972624,True,2,2,False
6,15;23;56;64;71;72,48,16,17.33004,3.201326592,20.531366592,24.660792,20.0,44.660792,True,2,2,False
7,15;23;56;64;71;72;115,56,8,20.298408,3.234881024,23.533289024,12.347712,20.0,43.533289024,True,2,2,True
8,15;23;56;64;71;72;115;119,64,0,23.288616,3.268435456,26.557051456,0.0,20.0,46.557051456,True,2,2,False
0,,0,64,0.0,0.0,0.0,98.534592,20.0,118.534592,True,2,3,False
1,23,8,56,2.461056,3.033554432,5.494610432,86.22276,20.0,106.22276,True,2,3,False
2,23;46,16,48,5.406336,3.067108864,8.473444864,73.909992,20.0,93.909992,True,2,3,False
3,23;46;53,24,40,8.421504,3.100663296,11.522167296,61.597224,20.0,81.597224,True,2,3,False
4,23;46;53;56,32,32,11.37396,3.134217728,14.508177728,49.28508,20.0,69.28508,True,2,3,False
5,23;46;53;56;80,40,24,14.41128,3.16777216,17.57905216,36.972624,20.0,56.972624,True,2,3,False
6,23;46;53;56;80;90,48,16,17.33004,3.201326592,20.531366592,24.660792,20.0,44.660792,True,2,3,False
7,23;46;53;56;80;90;117,56,8,20.298408,3.234881024,23.533289024,12.347712,20.0,43.533289024,True,2,3,True
8,23;46;53;56;80;90;117;119,64,0,23.288616,3.268435456,26.557051456,0.0,20.0,46.557051456,True,2,3,False
0,,0,64,0.0,0.0,0.0,98.534592,20.0,118.534592,True,2,4,False
1,12,8,56,2.461056,3.033554432,5.494610432,86.22276,20.0,106.22276,True,2,4,False
2,12;19,16,48,5.406336,3.067108864,8.473444864,73.909992,20.0,93.909992,True,2,4,False
3,12;19;64,24,40,8.421504,3.100663296,11.522167296,61.597224,20.0,81.597224,True,2,4,False
4,12;19;64;65,32,32,11.37396,3.134217728,14.508177728,49.28508,20.0,69.28508,True,2,4,False
5,12;19;64;65;93,40,24,14.41128,3.16777216,17.57905216,36.972624,20.0,56.972624,True,2,4,False
6,12;19;64;65;93;108,48,16,17.33004,3.201326592,20.531366592,24.660792,20.0,44.660792,True,2,4,False
7,12;19;64;65;93;108;110,56,8,20.298408,3.234881024,23.533289024,12.347712,20.0,43.533289024,True,2,4,True
8,12;19;64;65;93;108;110;127,64,0,23.288616,3.268435456,26.557051456,0.0,20.0,46.557051456,True,2,4,False
0,,0,64,0.0,0.0,0.0,98.534592,20.0,118.534592,True,2,5,False
1,4,8,56,2.461056,3.033554432,5.494610432,86.22276,20.0,106.22276,True,2,5,False
2,4;41,16,48,5.406336,3.067108864,8.473444864,73.909992,20.0,93.909992,True,2,5,False
3,4;41;45,24,40,8.421504,3.100663296,11.522167296,61.597224,20.0,81.597224,True,2,5,False
4,4;41;45;46,32,32,11.37396,3.134217728,14.508177728,49.28508,20.0,69.28508,True,2,5,False
5,4;41;45;46;53,40,24,14.41128,3.16777216,17.57905216,36.972624,20.0,56.972624,True,2,5,False
6,4;41;45;46;53;63,48,16,17.33004,3.201326592,20.531366592,24.660792,20.0,44.660792,True,2,5,False
7,4;41;45;46;53;63;65,56,8,20.298408,3.234881024,23.533289024,12.347712,20.0,43.533289024,True,2,5,True
8,4;41;45;46;53;63;65;120,64,0,23.288616,3.268435456,26.557051456,0.0,20.0,46.557051456,True,2,5,False
0,,0,64,0.0,0.0,0.0,98.534592,20.0,118.534592,True,2,6,False
1,22,8,56,2.461056,3.033554432,5.494610432,86.22276,20.0,106.22276,True,2,6,False
2,22;33,16,48,5.406336,3.067108864,8.473444864,73.909992,20.0,93.909992,True,2,6,False
3,22;33;49,24,40,8.421504,3.100663296,11.522167296,61.597224,20.0,81.597224,True,2,6,False
4,22;33;49;58,32,32,11.37396,3.134217728,14.508177728,49.28508,20.0,69.28508,True,2,6,False
5,22;33;49;58;74,40,24,14.41128,3.16777216,17.57905216,36.972624,20.0,56.972624,True,2,6,False
6,22;33;49;58;74;82,48,16,17.33004,3.201326592,20.531366592,24.660792,20.0,44.660792,True,2,6,False
7,22;33;49;58;74;82;116,56,8,20.298408,3.234881024,23.533289024,12.347712,20.0,43.533289024,True,2,6,True
8,22;33;49;58;74;82;116;121,61,3,23.247432,3.255852544,26.503284544,4.670016,20.0,46.503284544,True,2,6,False
9,22;33;49;58;74;82;101;116;121,64,0,26.303784,3.268435456,29.572219456,0.0,20.0,49.572219456,True,2,6,False
0,,0,64,0.0,0.0,0.0,98.534592,20.0,118.534592,True,2,7,False
1,15,8,56,2.461056,3.033554432,5.494610432,86.22276,20.0,106.22276,True,2,7,False
2,15;19,16,48,5.406336,3.067108864,8.473444864,73.909992,20.0,93.909992,True,2,7,False
3,15;19;24,24,40,8.421504,3.100663296,11.522167296,61.597224,20.0,81.597224,True,2,7,False
4,15;19;24;29,32,32,11.37396,3.134217728,14.508177728,49.28508,20.0,69.28508,True,2,7,False
5,15;19;24;29;44,40,24,14.41128,3.16777216,17.57905216,36.972624,20.0,56.972624,True,2,7,False
6,15;19;24;29;44;52,48,16,17.33004,3.201326592,20.531366592,24.660792,20.0,44.660792,True,2,7,False
7,15;19;24;29;44;52;63,56,8,20.298408,3.234881024,23.533289024,12.347712,20.0,43.533289024,True,2,7,True
8,15;19;24;29;44;52;63;114,64,0,23.288616,3.268435456,26.557051456,0.0,20.0,46.557051456,True,2,7,False
0,,0,64,0.0,0.0,0.0,98.534592,20.0,118.534592,True,2,8,False
1,22,8,56,2.461056,3.033554432,5.494610432,86.22276,20.0,106.22276,True,2,8,False
2,22;45,16,48,5.406336,3.067108864,8.473444864,73.909992,20.0,93.909992,True,2,8,False
3,22;45;68,24,40,8.421504,3.100663296,11.522167296,61.597224,20.0,81.597224,True,2,8,False
4,22;45;68;85,32,32,11.37396,3.134217728,14.508177728,49.28508,20.0,69.28508,True,2,8,False
5,22;45;68;85;92,40,24,14.41128,3.16777216,17.57905216,36.972624,20.0,56.972624,True,2,8,False
6,22;45;68;85;92;97,48,16,17.33004,3.201326592,20.531366592,24.660792,20.0,44.660792,True,2,8,False
7,22;45;68;85;92;97;123,56,8,20.298408,3.234881024,23.533289024,12.347712,20.0,43.533289024,True,2,8,True
8,22;45;68;85;92;97;123;124,64,0,23.288616,3.268435456,26.557051456,0.0,20.0,46.557051456,True,2,8,False
0,,0,64,0.0,0.0,0.0,98.534592,20.0,118.534592,True,2,9,False
1,6,8,56,2.461056,3.033554432,5.494610432,86.22276,20.0,106.22276,True,2,9,False
2,6;13,16,48,5.406336,3.067108864,8.473444864,73.909992,20.0,93.909992,True,2,9,False
3,6;13;23,24,40,8.421504,3.100663296,11.522167296,61.597224,20.0,81.597224,True,2,9,False
4,6;13;23;38,32,32,11.37396,3.134217728,14.508177728,49.28508,20.0,69.28508,True,2,9,False
5,6;13;23;38;44,40,24,14.41128,3.16777216,17.57905216,36.972624,20.0,56.972624,True,2,9,False
6,6;13;23;38;44;67,48,16,17.33004,3.201326592,20.531366592,24.660792,20.0,44.660792,True,2,9,False
7,6;13;23;38;44;67;69,56,8,20.298408,3.234881024,23.533289024,12.347712,20.0,43.533289024,True,2,9,True
8,6;13;23;38;44;67;69;92,64,0,23.288616,3.268435456,26.557051456,0.0,20.0,46.557051456,True,2,9,False
0,,0,64,0.0,0.0,0.0,98.534592,20.0,118.534592,True,2,10,False
1,0,8,56,2.461056,3.033554432,5.494610432,86.22276,20.0,106.22276,True,2,10,False
2,0;1,16,48,5.406336,3.067108864,8.473444864,73.909992,20.0,93.909992,True,2,10,False
3,0;1;5,24,40,8.421504,3.100663296,11.522167296,61.597224,20.0,81.597224,True,2,10,False
4,0;1;5;19,32,32,11.37396,3.134217728,14.508177728,49.28508,20.0,69.28508,True,2,10,False
5,0;1;5;19;36,40,24,14.41128,3.16777216,17.57905216,36.972624,20.0,56.972624,True,2,10,False
6,0;1;5;19;36;42,48,16,17.33004,3.201326592,20.531366592,24.660792,20.0,44.660792,True,2,10,False
7,0;1;5;19;36;42;48,56,8,20.298408,3.234881024,23.533289024,12.347712,20.0,43.533289024,True,2,10,True
8,0;1;5;19;36;42;48;92,64,0,23.288616,3.268435456,26.557051456,0.0,20.0,46.557051456,True,2,10,False
0,,0,64,0.0,0.0,0.0,98.534592,20.0,118.534592,True,2,11,False
1,14,8,56,2.461056,3.033554432,5.494610432,86.22276,20.0,106.22276,True,2,11,False
2,14;15,16,48,5.406336,3.067108864,8.473444864,73.909992,20.0,93.909992,True,2,11,False
3,14;15;17,24,40,8.421504,3.100663296,11.522167296,61.597224,20.0,81.597224,True,2,11,False
4,14;15;17;52,32,32,11.37396,3.134217728,14.508177728,49.28508,20.0,69.28508,True,2,11,False
5,14;15;17;52;62,40,24,14.41128,3.16777216,17.57905216,36.972624,20.0,56.972624,True,2,11,False
6,14;15;17;52;62;81,48,16,17.33004,3.201326592,20.531366592,24.660792,20.0,44.660792,True,2,11,False
7,14;15;17;52;62;81;110,56,8,20.298408,3.234881024,23.533289024,12.347712,20.0,43.533289024,True,2,11,True
8,14;15;17;52;62;81;110;121,64,0,23.288616,3.268435456,26.557051456,0.0,20.0,46.557051456,True,2,11,False
0,,0,64,0.0,0.0,0.0,98.534592,20.0,118.534592,True,2,12,False
1,11,8,56,2.461056,3.033554432,5.494610432,86.22276,20.0,106.22276,True,2,12,False
2,11;18,16,48,5.406336,3.067108864,8.473444864,73.909992,20.0,93.909992,True,2,12,False
3,11;18;37,24,40,8.421504,3.100663296,11.522167296,61.597224,20.0,81.597224,True,2,12,False
4,11;18;37;41,32,32,11.37396,3.134217728,14.508177728,49.28508,20.0,69.28508,True,2,12,False
5,11;18;37;41;57,40,24,14.41128,3.16777216,17.57905216,36.972624,20.0,56.972624,True,2,12,False
6,11;18;37;41;57;106,48,16,17.33004,3.201326592,20.531366592,24.660792,20.0,44.660792,True,2,12,False
7,11;18;37;41;57;106;125,56,8,20.298408,3.234881024,23.533289024,12.347712,20.0,43.533289024,True,2,12,True
8,11;18;27;37;41;57;106;125,62,2,23.24868,3.260046848,26.508726848,3.112512,20.0,46.508726848,True,2,12,False
9,11;18;27;37;41;57;85;106;125,64,0,26.303784,3.268435456,29.572219456,0.0,20.0,49.572219456,True,2,12,False
0,,0,64,0.0,0.0,0.0,98.534592,20.0,118.534592,True,2,13,False
1,20,8,56,2.461056,3.033554432,5.494610432,86.22276,20.0,106.22276,True,2,13,False
2,20;33,16,48,5.406336,3.067108864,8.473444864,73.909992,20.0,93.909992,True,2,13,False
3,20;33;37,24,40,8.421504,3.100663296,11.522167296,61.597224,20.0,81.597224,True,2,13,False
4,20;33;37;52,32,32,11.37396,3.134217728,14.508177728,49.28508,20.0,69.28508,True,2,13,False
5,20;33;37;52;92,40,24,14.41128,3.16777216,17.57905216,36.972624,20.0,56.972624,True,2,13,False
6,20;33;37;52;92;93,48,16,17.33004,3.201326592,20.531366592,24.660792,20.0,44.660792,True,2,13,False
7,20;33;37;52;92;93;104,56,8,20.298408,3.234881024,23.533289024,12.347712,20.0,43.533289024,True,2,13,True
8,20;33;37;52;92;93;104;110,64,0,23.288616,3.268435456,26.557051456,0.0,20.0,46.557051456,True,2,13,False
0,,0,64,0.0,0.0,0.0,98.534592,20.0,118.534592,True,2,14,False
1,2,8,56,2.461056,3.033554432,5.494610432,86.22276,20.0,106.22276,True,2,14,False
2,2;5,16,48,5.406336,3.067108864,8.473444864,73.909992,20.0,93.909992,True,2,14,False
3,2;5;9,24,40,8.421504,3.100663296,11.522167296,61.597224,20.0,81.597224,True,2,14,False
4,2;5;9;24,32,32,11.37396,3.134217728,14.508177728,49.28508,20.0,69.28508,True,2,14,False
5,2;5;9;24;29,40,24,14.41128,3.16777216,17.57905216,36.972624,20.0,56.972624,True,2,14,False
6,2;5;9;24;29;61,48,16,17.33004,3.201326592,20.531366592,24.660792,20.0,44.660792,True,2,14,False
7,2;5;9;24;29;61;92,56,8,20.298408,3.234881024,23.533289024,12.347712,20.0,43.533289024,True,2,14,True
8,2;5;9;24;29;61;92;109,64,0,23.288616,3.268435456,26.557051456,0.0,20.0,46.557051456,True,2,14,False
0,,0,64,0.0,0.0,0.0,98.534592,20.0,118.534592,True,2,15,False
1,0,8,56,2.461056,3.033554432,5.494610432,86.22276,20.0,106.22276,True,2,15,False
2,0;2,16,48,5.406336,3.067108864,8.473444864,73.909992,20.0,93.909992,True,2,15,False
3,0;2;51,24,40,8.421504,3.100663296,11.522167296,61.597224,20.0,81.597224,True,2,15,False
4,0;2;51;58,32,32,11.37396,3.134217728,14.508177728,49.28508,20.0,69.28508,True,2,15,False
5,0;2;51;58;79,40,24,14.41128,3.16777216,17.57905216,36.972624,20.0,56.972624,True,2,15,False
6,0;2;51;58;79;84,48,16,17.33004,3.201326592,20.531366592,24.660792,20.0,44.660792,True,2,15,False
7,0;2;51;58;79;84;122,56,8,20.298408,3.234881024,23.533289024,12.347712,20.0,43.533289024,True,2,15,True
8,0;2;51;58;79;84;122;127,64,0,23.288616,3.268435456,26.557051456,0.0,20.0,46.557051456,True,2,15,False
0,,0,64,0.0,0.0,0.0,98.534592,20.0,118.534592,True,2,16,False
1,23,8,56,2.461056,3.033554432,5.494610432,86.22276,20.0,106.22276,True,2,16,False
2,23;42,16,48,5.406336,3.067108864,8.473444864,73.909992,20.0,93.909992,True,2,16,False
3,23;42;48,24,40,8.421504,3.100663296,11.522167296,61.597224,20.0,81.597224,True,2,16,False
4,23;42;48;91,32,32,11.37396,3.134217728,14.508177728,49.28508,20.0,69.28508,True,2,16,False
5,23;42;48;91;93,40,24,14.41128,3.16777216,17.57905216,36.972624,20.0,56.972624,True,2,16,False
6,23;42;48;91;93;97,48,16,17.33004,3.201326592,20.531366592,24.660792,20.0,44.660792,True,2,16,False
7,23;42;48;91;93;97;98,56,8,20.298408,3.234881024,23.533289024,12.347712,20.0,43.533289024,True,2,16,True
8,23;42;48;91;93;97;98;122,64,0,23.288616,3.268435456,26.557051456,0.0,20.0,46.557051456,True,2,16,False
0,,0,64,0.0,0.0,0.0,98.534592,20.0,118.534592,True,2,17,False
1,70,8,56,2.461056,3.033554432,5.494610432,86.22276,20.0,106.22276,True,2,17,False
2,70;73,16,48,5.406336,3.067108864,8.473444864,73.909992,20.0,93.909992,True,2,17,False
3,70;73;80,24,40,8.421504,3.100663296,11.522167296,61.597224,20.0,81.597224,True,2,17,False
4,70;73;80;90,32,32,11.37396,3.134217728,14.508177728,49.28508,20.0,69.28508,True,2,17,False
5,70;73;80;90;116,40,24,14.41128,3.16777216,17.57905216,36.972624,20.0,56.972624,True,2,17,False
6,70;73;80;90;116;122,48,16,17.33004,3.201326592,20.531366592,24.660792,20.0,44.660792,True,2,17,False
7,70;73;80;90;116;122;123,56,8,20.298408,3.234881024,23.533289024,12.347712,20.0,43.533289024,True,2,17,True
8,70;73;80;90;116;122;123;124,64,0,23.288616,3.268435456,26.557051456,0.0,20.0,46.557051456,True,2,17,False
0,,0,64,0.0,0.0,0.0,98.534592,20.0,118.534592,True,2,18,False
1,25,8,56,2.461056,3.033554432,5.494610432,86.22276,20.0,106.22276,True,2,18,False
2,25;58,16,48,5.406336,3.067108864,8.473444864,73.909992,20.0,93.909992,True,2,18,False
3,25;58;74,24,40,8.421504,3.100663296,11.522167296,61.597224,20.0,81.597224,True,2,18,False
4,25;58;74;82,32,32,11.37396,3.134217728,14.508177728,49.28508,20.0,69.28508,True,2,18,False
5,25;58;74;82;91,40,24,14.41128,3.16777216,17.57905216,36.972624,20.0,56.972624,True,2,18,False
6,25;58;74;82;91;107,48,16,17.33004,3.201326592,20.531366592,24.660792,20.0,44.660792,True,2,18,False
7,25;58;74;82;91;107;112,56,8,20.298408,3.234881024,23.533289024,12.347712,20.0,43.533289024,True,2,18,True
8,25;58;74;82;91;107;112;126,64,0,23.288616,3.268435456,26.557051456,0.0,20.0,46.557051456,True,2,18,False
0,,0,64,0.0,0.0,0.0,98.534592,20.0,118.534592,True,2,19,False
1,15,8,56,2.461056,3.033554432,5.494610432,86.22276,20.0,106.22276,True,2,19,False
2,15;28,16,48,5.406336,3.067108864,8.473444864,73.909992,20.0,93.909992,True,2,19,False
3,15;28;29,24,40,8.421504,3.100663296,11.522167296,61.597224,20.0,81.597224,True,2,19,False
4,15;28;29;52,32,32,11.37396,3.134217728,14.508177728,49.28508,20.0,69.28508,True,2,19,False
5,15;28;29;52;56,40,24,14.41128,3.16777216,17.57905216,36.972624,20.0,56.972624,True,2,19,False
6,15;28;29;52;56;92,48,16,17.33004,3.201326592,20.531366592,24.660792,20.0,44.660792,True,2,19,False
7,15;28;29;52;56;92;102,56,8,20.298408,3.234881024,23.533289024,12.347712,20.0,43.533289024,True,2,19,True
8,15;28;29;52;56;92;102;114,64,0,23.288616,3.268435456,26.557051456,0.0,20.0,46.557051456,True,2,19,False
0,,0,64,0.0,0.0,0.0,98.534592,20.0,118.534592,True,2,20,False
1,45,8,56,2.461056,3.033554432,5.494610432,86.22276,20.0,106.22276,True,2,20,False
2,45;68,16,48,5.406336,3.067108864,8.473444864,73.909992,20.0,93.909992,True,2,20,False
3,45;68;72,24,40,8.421504,3.100663296,11.522167296,61.597224,20.0,81.597224,True,2,20,False
4,45;68;72;76,32,32,11.37396,3.134217728,14.508177728,49.28508,20.0,69.28508,True,2,20,False
5,45;68;72;76;85,40,24,14.41128,3.16777216,17.57905216,36.972624,20.0,56.972624,True,2,20,False
6,45;68;72;76;85;92,48,16,17.33004,3.201326592,20.531366592,24.660792,20.0,44.660792,True,2,20,False
7,45;68;72;76;85;92;114,56,8,20.298408,3.234881024,23.533289024,12.347712,20.0,43.533289024,True,2,20,True
8,45;68;72;76;85;92;114;123,64,0,23.288616,3.268435456,26.557051456,0.0,20.0,46.557051456,True,2,20,False
0,,0,64,0.0,0.0,0.0,98.534592,20.0,118.534592,True,2,21,False
1,2,8,56,2.461056,3.033554432,5.494610432,86.22276,20.0,106.22276,True,2,21,False
2,2;32,16,48,5.406336,3.067108864,8.473444864,73.909992,20.0,93.909992,True,2,21,False
3,2;32;38,24,40,8.421504,3.100663296,11.522167296,61.597224,20.0,81.597224,True,2,21,False
4,2;32;38;44,32,32,11.37396,3.134217728,14.508177728,49.28508,20.0,69.28508,True,2,21,False
5,2;32;38;44;51,40,24,14.41128,3.16777216,17.57905216,36.972624,20.0,56.972624,True,2,21,False
6,2;32;38;44;51;56,48,16,17.33004,3.201326592,20.531366592,24.660792,20.0,44.660792,True,2,21,False
7,2;32;38;44;51;56;63,56,8,20.298408,3.234881024,23.533289024,12.347712,20.0,43.533289024,True,2,21,True
8,2;32;38;44;51;56;63;67,64,0,23.288616,3.268435456,26.557051456,0.0,20.0,46.557051456,True,2,21,False
0,,0,64,0.0,0.0,0.0,98.534592,20.0,118.534592,True,2,22,False
1,0,8,56,2.461056,3.033554432,5.494610432,86.22276,20.0,106.22276,True,2,22,False
2,0;1,16,48,5.406336,3.067108864,8.473444864,73.909992,20.0,93.909992,True,2,22,False
3,0;1;36,24,40,8.421504,3.100663296,11.522167296,61.597224,20.0,81.597224,True,2,22,False
4,0;1;36;42,32,32,11.37396,3.134217728,14.508177728,49.28508,20.0,69.28508,True,2,22,False
5,0;1;36;42;48,40,24,14.41128,3.16777216,17.57905216,36.972624,20.0,56.972624,True,2,22,False
6,0;1;36;42;48;71,48,16,17.33004,3.201326592,20.531366592,24.660792,20.0,44.660792,True,2,22,False
7,0;1;36;42;48;71;75,56,8,20.298408,3.234881024,23.533289024,12.347712,20.0,43.533289024,True,2,22,True
8,0;1;36;42;48;71;75;77,64,0,23.288616,3.268435456,26.557051456,0.0,20.0,46.557051456,True,2,22,False
0,,0,64,0.0,0.0,0.0,98.534592,20.0,118.534592,True,2,23,False
1,6,8,56,2.461056,3.033554432,5.494610432,86.22276,20.0,106.22276,True,2,23,False
2,6;14,16,48,5.406336,3.067108864,8.473444864,73.909992,20.0,93.909992,True,2,23,False
3,6;14;15,24,40,8.421504,3.100663296,11.522167296,61.597224,20.0,81.597224,True,2,23,False
4,6;14;15;17,32,32,11.37396,3.134217728,14.508177728,49.28508,20.0,69.28508,True,2,23,False
5,6;14;15;17;31,40,24,14.41128,3.16777216,17.57905216,36.972624,20.0,56.972624,True,2,23,False
6,6;14;15;17;31;36,48,16,17.33004,3.201326592,20.531366592,24.660792,20.0,44.660792,True,2,23,False
7,6;14;15;17;31;36;110,56,8,20.298408,3.234881024,23.533289024,12.347712,20.0,43.533289024,True,2,23,True
8,6;14;15;17;31;36;110;121,64,0,23.288616,3.268435456,26.557051456,0.0,20.0,46.557051456,True,2,23,False
0,,0,64,0.0,0.0,0.0,98.534592,20.0,118.534592,True,2,24,False
1,11,8,56,2.461056,3.033554432,5.494610432,86.22276,20.0,106.22276,True,2,24,False
2,11;18,16,48,5.406336,3.067108864,8.473444864,73.909992,20.0,93.909992,True,2,24,False
3,11;18;28,24,40,8.421504,3.100663296,11.522167296,61.597224,20.0,81.597224,True,2,24,False
4,11;18;28;37,32,32,11.37396,3.134217728,14.508177728,49.28508,20.0,69.28508,True,2,24,False
5,11;18;28;37;62,40,24,14.41128,3.16777216,17.57905216,36.972624,20.0,56.972624,True,2,24,False
6,11;18;28;37;62;101,48,16,17.33004,3.201326592,20.531366592,24.660792,20.0,44.660792,True,2,24,False
7,11;18;28;37;62;101;106,56,8,20.298408,3.234881024,23.533289024,12.347712,20.0,43.533289024,True,2,24,True
8,11;18;28;37;62;101;106;125,64,0,23.288616,3.268435456,26.557051456,0.0,20.0,46.557051456,True,2,24,False
0,,0,64,0.0,0.0,0.0,98.534592,20.0,118.534592,True,2,25,False
1,37,8,56,2.461056,3.033554432,5.494610432,86.22276,20.0,106.22276,True,2,25,False
2,37;53,16,48,5.406336,3.067108864,8.473444864,73.909992,20.0,93.909992,True,2,25,False
3,37;53;72,24,40,8.421504,3.100663296,11.522167296,61.597224,20.0,81.597224,True,2,25,False
4,37;53;72;84,32,32,11.37396,3.134217728,14.508177728,49.28508,20.0,69.28508,True,2,25,False
5,37;53;72;84;91,40,24,14.41128,3.16777216,17.57905216,36.972624,20.0,56.972624,True,2,25,False
6,37;53;72;84;91;110,48,16,17.33004,3.201326592,20.531366592,24.660792,20.0,44.660792,True,2,25,False
7,37;53;72;84;91;110;122,56,8,20.298408,3.234881024,23.533289024,12.347712,20.0,43.533289024,True,2,25,True
8,37;52;53;72;84;91;110;122,62,2,23.24868,3.260046848,26.508726848,3.112512,20.0,46.508726848,True,2,25,False
9,37;52;53;72;84;91;110;122;126,64,0,26.303784,3.268435456,29.572219456,0.0,20.0,49.572219456,True,2,25,False
0,,0,64,0.0,0.0,0.0,98.534592,20.0,118.534592,True,2,26,False
1,5,8,56,2.461056,3.033554432,5.494610432,86.22276,20.0,106.22276,True,2,26,False
2,5;9,16,48,5.406336,3.067108864,8.473444864,73.909992,20.0,93.909992,True,2,26,False
3,5;9;24,24,40,8.421504,3.100663296,11.522167296,61.597224,20.0,81.597224,True,2,26,False
4,5;9;24;29,32,32,11.37396,3.134217728,14.508177728,49.28508,20.0,69.28508,True,2,26,False
5,5;9;24;29;72,40,24,14.41128,3.16777216,17.57905216,36.972624,20.0,56.972624,True,2,26,False
6,5;9;24;29;72;87,48,16,17.33004,3.201326592,20.531366592,24.660792,20.0,44.660792,True,2,26,False
7,5;9;24;29;72;87;97,56,8,20.298408,3.234881024,23.533289024,12.347712,20.0,43.533289024,True,2,26,True
8,5;9;24;29;72;87;97;109,64,0,23.288616,3.268435456,26.557051456,0.0,20.0,46.557051456,True,2,26,False
0,,0,64,0.0,0.0,0.0,98.534592,20.0,118.534592,True,2,27,False
1,2,8,56,2.461056,3.033554432,5.494610432,86.22276,20.0,106.22276,True,2,27,False
2,2;24,16,48,5.406336,3.067108864,8.473444864,73.909992,20.0,93.909992,True,2,27,False
3,2;24;51,24,40,8.421504,3.100663296,11.522167296,61.597224,20.0,81.597224,True,2,27,False
4,2;24;51;84,32,32,11.37396,3.134217728,14.508177728,49.28508,20.0,69.28508,True,2,27,False
5,2;24;51;84;99,40,24,14.41128,3.16777216,17.57905216,36.972624,20.0,56.972624,True,2,27,False
6,2;24;51;84;99;102,48,16,17.33004,3.201326592,20.531366592,24.660792,20.0,44.660792,True,2,27,False
7,2;24;51;84;99;102;118,56,8,20.298408,3.234881024,23.533289024,12.347712,20.0,43.533289024,True,2,27,True
8,2;14;24;51;84;99;102;118,62,2,23.24868,3.260046848,26.508726848,3.112512,20.0,46.508726848,True,2,27,False
9,2;14;24;33;51;84;99;102;118,64,0,26.303784,3.268435456,29.572219456,0.0,20.0,49.572219456,True,2,27,False
0,,0,64,0.0,0.0,0.0,98.534592,20.0,118.534592,True,2,28,False
1,23,8,56,2.461056,3.033554432,5.494610432,86.22276,20.0,106.22276,True,2,28,False
2,23;42,16,48,5.406336,3.067108864,8.473444864,73.909992,20.0,93.909992,True,2,28,False
3,23;42;63,24,40,8.421504,3.100663296,11.522167296,61.597224,20.0,81.597224,True,2,28,False
4,23;42;63;70,32,32,11.37396,3.134217728,14.508177728,49.28508,20.0,69.28508,True,2,28,False
5,23;42;63;70;91,40,24,14.41128,3.16777216,17.57905216,36.972624,20.0,56.972624,True,2,28,False
6,23;42;63;70;91;107,48,16,17.33004,3.201326592,20.531366592,24.660792,20.0,44.660792,True,2,28,False
7,23;42;63;70;91;107;122,56,8,20.298408,3.234881024,23.533289024,12.347712,20.0,43.533289024,True,2,28,True
8,23;42;63;70;91;97;107;122,63,1,23.276448,3.264241152,26.540689152,1.591512,20.0,46.540689152,True,2,28,False
9,23;42;48;63;70;91;97;107;122,64,0,26.303784,3.268435456,29.572219456,0.0,20.0,49.572219456,True,2,28,False
0,,0,64,0.0,0.0,0.0,98.534592,20.0,118.534592,True,2,29,False
1,13,8,56,2.461056,3.033554432,5.494610432,86.22276,20.0,106.22276,True,2,29,False
2,13;14,16,48,5.406336,3.067108864,8.473444864,73.909992,20.0,93.909992,True,2,29,False
3,13;14;34,24,40,8.421504,3.100663296,11.522167296,61.597224,20.0,81.597224,True,2,29,False
4,13;14;34;37,32,32,11.37396,3.134217728,14.508177728,49.28508,20.0,69.28508,True,2,29,False
5,13;14;34;37;51,40,24,14.41128,3.16777216,17.57905216,36.972624,20.0,56.972624,True,2,29,False
6,13;14;34;37;51;70,48,16,17.33004,3.201326592,20.531366592,24.660792,20.0,44.660792,True,2,29,False
7,13;14;34;37;51;70;120,56,8,20.298408,3.234881024,23.533289024,12.347712,20.0,43.533289024,True,2,29,True
8,13;14;34;37;51;70;120;124,64,0,23.288616,3.268435456,26.557051456,0.0,20.0,46.557051456,True,2,29,False
0,,0,64,0.0,0.0,0.0,98.534592,20.0,118.534592,True,2,30,False
1,6,8,56,2.461056,3.033554432,5.494610432,86.22276,20.0,106.22276,True,2,30,False
2,6;25,16,48,5.406336,3.067108864,8.473444864,73.909992,20.0,93.909992,True,2,30,False
3,6;25;48,24,40,8.421504,3.100663296,11.522167296,61.597224,20.0,81.597224,True,2,30,False
4,6;25;48;58,32,32,11.37396,3.134217728,14.508177728,49.28508,20.0,69.28508,True,2,30,False
5,6;25;48;58;79,40,24,14.41128,3.16777216,17.57905216,36.972624,20.0,56.972624,True,2,30,False
6,6;25;48;58;79;82,48,16,17.33004,3.201326592,20.531366592,24.660792,20.0,44.660792,True,2,30,False
7,6;25;48;58;79;82;107,54,10,20.251296,3.226492416,23.477788416,15.426216,20.0,43.477788416,True,2,30,True
8,6;25;48;58;79;82;94;107,59,5,23.189712,3.247463936,26.437175936,7.747896,20.0,46.437175936,True,2,30,False
9,6;25;39;48;58;79;82;94;107,62,2,26.263848,3.260046848,29.523894848,3.112512,20.0,49.523894848,True,2,30,False
10,6;25;33;39;48;58;79;82;94;107,64,0,29.249064,3.268435456,32.517499456,0.0,20.0,52.517499456,True,2,30,False
0,,0,64,0.0,0.0,0.0,98.534592,20.0,118.534592,True,2,31,False
1,24,8,56,2.461056,3.033554432,5.494610432,86.22276,20.0,106.22276,True,2,31,False
2,24;28,16,48,5.406336,3.067108864,8.473444864,73.909992,20.0,93.909992,True,2,31,False
3,24;28;29,24,40,8.421504,3.100663296,11.522167296,61.597224,20.0,81.597224,True,2,31,False
4,24;28;29;39,32,32,11.37396,3.134217728,14.508177728,49.28508,20.0,69.28508,True,2,31,False
5,24;28;29;39;59,40,24,14.41128,3.16777216,17.57905216,36.972624,20.0,56.972624,True,2,31,False
6,24;28;29;39;59;87,48,16,17.33004,3.201326592,20.531366592,24.660792,20.0,44.660792,True,2,31,False
7,24;28;29;39;59;87;115,56,8,20.298408,3.234881024,23.533289024,12.347712,20.0,43.533289024,True,2,31,True
8,24;28;29;39;59;63;87;115,61,3,23.247432,3.255852544,26.503284544,4.670016,20.0,46.503284544,True,2,31,False
9,24;28;29;38;39;59;63;87;115,64,0,26.303784,3.268435456,29.572219456,0.0,20.0,49.572219456,True,2,31,False
0,,0,64,0.0,0.0,0.0,98.534592,20.0,118.534592,True,2,32,False
1,5,8,56,2.461056,3.033554432,5.494610432,86.22276,20.0,106.22276,True,2,32,False
2,5;18,16,48,5.406336,3.067108864,8.473444864,73.909992,20.0,93.909992,True,2,32,False
3,5;18;24,24,40,8.421504,3.100663296,11.522167296,61.597224,20.0,81.597224,True,2,32,False
4,5;18;24;51,32,32,11.37396,3.134217728,14.508177728,49.28508,20.0,69.28508,True,2,32,False
5,5;18;24;51;85,40,24,14.41128,3.16777216,17.57905216,36.972624,20.0,56.972624,True,2,32,False
6,5;18;24;51;85;124,48,16,17.33004,3.201326592,20.531366592,24.660792,20.0,44.660792,True,2,32,False
7,5;18;24;48;51;85;124,55,9,20.309328,3.23068672,23.54001472,13.904904,20.0,43.54001472,True,2,32,True
8,5;6;18;24;48;51;85;124,60,4,23.221536,3.25165824,26.47319424,6.190392,20.0,46.47319424,True,2,32,False
9,5;6;18;24;48;51;72;85;124,64,0,26.303784,3.268435456,29.572219456,0.0,20.0,49.572219456,True,2,32,False
0,,0,64,0.0,0.0,0.0,98.534592,20.0,118.534592,True,2,33,False
1,13,8,56,2.461056,3.033554432,5.494610432,86.22276,20.0,106.22276,True,2,33,False
2,13;44,16,48,5.406336,3.067108864,8.473444864,73.909992,20.0,93.909992,True,2,33,False
3,13;44;53,24,40,8.421504,3.100663296,11.522167296,61.597224,20.0,81.597224,True,2,33,False
4,13;44;53;56,32,32,11.37396,3.134217728,14.508177728,49.28508,20.0,69.28508,True,2,33,False
5,13;44;53;56;63,40,24,14.41128,3.16777216,17.57905216,36.972624,20.0,56.972624,True,2,33,False
6,13;44;53;56;63;67,48,16,17.33004,3.201326592,20.531366592,24.660792,20.0,44.660792,True,2,33,False
7,13;44;53;56;63;67;115,56,8,20.298408,3.234881024,23.533289024,12.347712,20.0,43.533289024,True,2,33,True
8,6;13;44;53;56;63;67;115,60,4,23.221536,3.25165824,26.47319424,6.190392,20.0,46.47319424,True,2,33,False
9,6;13;38;44;53;56;63;67;115,64,0,26.303784,3.268435456,29.572219456,0.0,20.0,49.572219456,True,2,33,False
0,,0,64,0.0,0.0,0.0,98.534592,20.0,118.534592,True,2,34,False
1,1,8,56,2.461056,3.033554432,5.494610432,86.22276,20.0,106.22276,True,2,34,False
2,1;36,16,48,5.406336,3.067108864,8.473444864,73.909992,20.0,93.909992,True,2,34,False
3,1;36;42,24,40,8.421504,3.100663296,11.522167296,61.597224,20.0,81.597224,True,2,34,False
4,1;36;42;70,32,32,11.37396,3.134217728,14.508177728,49.28508,20.0,69.28508,True,2,34,False
5,1;36;42;70;75,40,24,14.41128,3.16777216,17.57905216,36.972624,20.0,56.972624,True,2,34,False
6,1;36;42;70;75;77,48,16,17.33004,3.201326592,20.531366592,24.660792,20.0,44.660792,True,2,34,False
7,1;36;42;70;75;77;92,56,8,20.298408,3.234881024,23.533289024,12.347712,20.0,43.533289024,True,2,34,True
8,1;5;36;42;70;75;77;92,62,2,23.24868,3.260046848,26.508726848,3.112512,20.0,46.508726848,True,2,34,False
9,1;5;35;36;42;70;75;77;92,64,0,26.303784,3.268435456,29.572219456,0.0,20.0,49.572219456,True,2,34,False
0,,0,64,0.0,0.0,0.0,98.534592,20.0,118.534592,True,2,35,False
1,6,8,56,2.461056,3.033554432,5.494610432,86.22276,20.0,106.22276,True,2,35,False
2,6;15,16,48,5.406336,3.067108864,8.473444864,73.909992,20.0,93.909992,True,2,35,False
3,6;15;17,24,40,8.421504,3.100663296,11.522167296,61.597224,20.0,81.597224,True,2,35,False
4,6;15;17;28,32,32,11.37396,3.134217728,14.508177728,49.28508,20.0,69.28508,True,2,35,False
5,6;15;17;28;31,40,24,14.41128,3.16777216,17.57905216,36.972624,20.0,56.972624,True,2,35,False
6,6;15;17;28;31;48,48,16,17.33004,3.201326592,20.531366592,24.660792,20.0,44.660792,True,2,35,False
7,6;15;17;28;31;48;110,56,8,20.298408,3.234881024,23.533289024,12.347712,20.0,43.533289024,True,2,35,True
8,6;15;17;28;31;48;87;110,62,2,23.24868,3.260046848,26.508726848,3.112512,20.0,46.508726848,True,2,35,False
9,6;15;17;28;31;48;62;87;110,63,1,26.291616,3.264241152,29.555857152,1.591512,20.0,49.555857152,True,2,35,False
10,6;15;17;28;31;48;62;77;87;110,64,0,29.249064,3.268435456,32.517499456,0.0,20.0,52.517499456,True,2,35,False
0,,0,64,0.0,0.0,0.0,98.534592,20.0,118.534592,True,2,36,False
1,11,8,56,2.461056,3.033554432,5.494610432,86.22276,20.0,106.22276,True,2,36,False
2,11;18,16,48,5.406336,3.067108864,8.473444864,73.909992,20.0,93.909992,True,2,36,False
3,11;18;37,24,40,8.421504,3.100663296,11.522167296,61.597224,20.0,81.597224,True,2,36,False
4,11;18;37;57,32,32,11.37396,3.134217728,14.508177728,49.28508,20.0,69.28508,True,2,36,False
5,11;18;37;57;62,40,24,14.41128,3.16777216,17.57905216,36.972624,20.0,56.972624,True,2,36,False
6,11;18;37;57;62;101,48,16,17.33004,3.201326592,20.531366592,24.660792,20.0,44.660792,True,2,36,False
7,11;18;37;57;62;101;106,56,8,20.298408,3.234881024,23.533289024,12.347712,20.0,43.533289024,True,2,36,True
8,11;18;37;57;62;85;101;106,61,3,23.247432,3.255852544,26.503284544,4.670016,20.0,46.503284544,True,2,36,False
9,11;18;37;57;62;85;101;106;125,64,0,26.303784,3.268435456,29.572219456,0.0,20.0,49.572219456,True,2,36,False
0,,0,64,0.0,0.0,0.0,98.534592,20.0,118.534592,True,2,37,False
1,13,8,56,2.461056,3.033554432,5.494610432,86.22276,20.0,106.22276,True,2,37,False
2,13;27,16,48,5.406336,3.067108864,8.473444864,73.909992,20.0,93.909992,True,2,37,False
3,13;27;36,24,40,8.421504,3.100663296,11.522167296,61.597224,20.0,81.597224,True,2,37,False
4,13;27;36;37,32,32,11.37396,3.134217728,14.508177728,49.28508,20.0,69.28508,True,2,37,False
5,13;27;36;37;72,40,24,14.41128,3.16777216,17.57905216,36.972624,20.0,56.972624,True,2,37,False
6,13;27;36;37;72;82,48,16,17.33004,3.201326592,20.531366592,24.660792,20.0,44.660792,True,2,37,False
7,13;27;36;37;72;82;91,56,8,20.298408,3.234881024,23.533289024,12.347712,20.0,43.533289024,True,2,37,True
8,13;27;36;37;72;82;91;110,64,0,23.288616,3.268435456,26.557051456,0.0,20.0,46.557051456,True,2,37,False
0,,0,64,0.0,0.0,0.0,98.534592,20.0,118.534592,True,2,38,False
1,2,8,56,2.461056,3.033554432,5.494610432,86.22276,20.0,106.22276,True,2,38,False
2,2;5,16,48,5.406336,3.067108864,8.473444864,73.909992,20.0,93.909992,True,2,38,False
3,2;5;24,24,40,8.421504,3.100663296,11.522167296,61.597224,20.0,81.597224,True,2,38,False
4,2;5;24;29,32,32,11.37396,3.134217728,14.508177728,49.28508,20.0,69.28508,True,2,38,False
5,2;5;24;29;62,40,24,14.41128,3.16777216,17.57905216,36.972624,20.0,56.972624,True,2,38,False
6,2;5;24;29;62;109,48,16,17.33004,3.201326592,20.531366592,24.660792,20.0,44.660792,True,2,38,False
7,2;5;24;29;62;109;110,56,8,20.298408,3.234881024,23.533289024,12.347712,20.0,43.533289024,True,2,38,True
8,2;5;24;29;62;97;109;110,60,4,23.221536,3.25165824,26.47319424,6.190392,20.0,46.47319424,True,2,38,False
9,2;5;9;24;29;62;97;109;110,62,2,26.263848,3.260046848,29.523894848,3.112512,20.0,49.523894848,True,2,38,False
10,2;5;9;24;29;62;72;97;109;110,64,0,29.249064,3.268435456,32.517499456,0.0,20.0,52.517499456,True,2,38,False
0,,0,64,0.0,0.0,0.0,98.534592,20.0,118.534592,True,2,39,False
1,5,8,56,2.461056,3.033554432,5.494610432,86.22276,20.0,106.22276,True,2,39,False
2,5;14,16,48,5.406336,3.067108864,8.473444864,73.909992,20.0,93.909992,True,2,39,False
3,5;14;16,24,40,8.421504,3.100663296,11.522167296,61.597224,20.0,81.597224,True,2,39,False
4,5;14;16;48,32,32,11.37396,3.134217728,14.508177728,49.28508,20.0,69.28508,True,2,39,False
5,5;14;16;48;51,40,24,14.41128,3.16777216,17.57905216,36.972624,20.0,56.972624,True,2,39,False
6,5;14;16;48;51;58,48,16,17.33004,3.201326592,20.531366592,24.660792,20.0,44.660792,True,2,39,False
7,5;14;16;48;51;58;84,56,8,20.298408,3.234881024,23.533289024,12.347712,20.0,43.533289024,True,2,39,True
8,5;14;16;48;51;58;84;118,63,1,23.276448,3.264241152,26.540689152,1.591512,20.0,46.540689152,True,2,39,False
9,5;14;16;48;49;51;58;84;118,64,0,26.303784,3.268435456,29.572219456,0.0,20.0,49.572219456,True,2,39,False
0,,0,64,0.0,0.0,0.0,98.534592,20.0,118.534592,True,2,40,False
1,19,8,56,2.461056,3.033554432,5.494610432,86.22276,20.0,106.22276,True,2,40,False
2,19;23,16,48,5.406336,3.067108864,8.473444864,73.909992,20.0,93.909992,True,2,40,False
3,19;23;48,24,40,8.421504,3.100663296,11.522167296,61.597224,20.0,81.597224,True,2,40,False
4,19;23;48;69,32,32,11.37396,3.134217728,14.508177728,49.28508,20.0,69.28508,True,2,40,False
5,19;23;48;69;91,40,24,14.41128,3.16777216,17.57905216,36.972624,20.0,56.972624,True,2,40,False
6,19;23;48;69;91;105,48,16,17.33004,3.201326592,20.531366592,24.660792,20.0,44.660792,True,2,40,False
7,19;23;48;69;91;105;122,56,8,20.298408,3.234881024,23.533289024,12.347712,20.0,43.533289024,True,2,40,True
8,19;23;48;69;91;105;122;123,62,2,23.24868,3.260046848,26.508726848,3.112512,20.0,46.508726848,True,2,40,False
9,19;23;48;50;69;91;105;122;123,64,0,26.303784,3.268435456,29.572219456,0.0,20.0,49.572219456,True,2,40,False
0,,0,64,0.0,0.0,0.0,98.534592,20.0,118.534592,True,2,41,False
1,49,8,56,2.461056,3.033554432,5.494610432,86.22276,20.0,106.22276,True,2,41,False
2,49;51,16,48,5.406336,3.067108864,8.473444864,73.909992,20.0,93.909992,True,2,41,False
3,49;51;58,24,40,8.421504,3.100663296,11.522167296,61.597224,20.0,81.597224,True,2,41,False
4,49;51;58;80,32,32,11.37396,3.134217728,14.508177728,49.28508,20.0,69.28508,True,2,41,False
5,49;51;58;80;81,40,24,14.41128,3.16777216,17.57905216,36.972624,20.0,56.972624,True,2,41,False
6,49;51;58;80;81;100,48,16,17.33004,3.201326592,20.531366592,24.660792,20.0,44.660792,True,2,41,False
7,49;51;58;80;81;100;116,56,8,20.298408,3.234881024,23.533289024,12.347712,20.0,43.533289024,True,2,41,True
8,49;51;58;80;81;100;116;124,64,0,23.288616,3.268435456,26.557051456,0.0,20.0,46.557051456,True,2,41,False
0,,0,64,0.0,0.0,0.0,98.534592,20.0,118.534592,True,2,42,False
1,25,8,56,2.461056,3.033554432,5.494610432,86.22276,20.0,106.22276,True,2,42,False
2,25;28,16,48,5.406336,3.067108864,8.473444864,73.909992,20.0,93.909992,True,2,42,False
3,25;28;30,24,40,8.421504,3.100663296,11.522167296,61.597224,20.0,81.597224,True,2,42,False
4,25;28;30;63,32,32,11.37396,3.134217728,14.508177728,49.28508,20.0,69.28508,True,2,42,False
5,25;28;30;63;76,40,24,14.41128,3.16777216,17.57905216,36.972624,20.0,56.972624,True,2,42,False
6,25;28;30;63;76;88,48,16,17.33004,3.201326592,20.531366592,24.660792,20.0,44.660792,True,2,42,False
7,25;28;30;63;76;88;119,56,8,20.298408,3.234881024,23.533289024,12.347712,20.0,43.533289024,True,2,42,True
8,25;28;30;43;63;76;88;119,60,4,23.221536,3.25165824,26.47319424,6.190392,20.0,46.47319424,True,2,42,False
9,25;28;30;43;63;76;88;115;119,64,0,26.303784,3.268435456,29.572219456,0.0,20.0,49.572219456,True,2,42,False
0,,0,64,0.0,0.0,0.0,98.534592,20.0,118.534592,True,2,43,False
1,2,8,56,2.461056,3.033554432,5.494610432,86.22276,20.0,106.22276,True,2,43,False
2,2;11,16,48,5.406336,3.067108864,8.473444864,73.909992,20.0,93.909992,True,2,43,False
3,2;11;18,24,40,8.421504,3.100663296,11.522167296,61.597224,20.0,81.597224,True,2,43,False
4,2;11;18;45,32,32,11.37396,3.134217728,14.508177728,49.28508,20.0,69.28508,True,2,43,False
5,2;11;18;45;46,40,24,14.41128,3.16777216,17.57905216,36.972624,20.0,56.972624,True,2,43,False
6,2;11;18;45;46;91,48,16,17.33004,3.201326592,20.531366592,24.660792,20.0,44.660792,True,2,43,False
7,2;11;18;45;46;86;91,55,9,20.309328,3.23068672,23.54001472,13.904904,20.0,43.54001472,True,2,43,True
8,2;11;18;45;46;86;91;96,61,3,23.247432,3.255852544,26.503284544,4.670016,20.0,46.503284544,True,2,43,False
9,2;11;18;29;45;46;86;91;96,64,0,26.303784,3.268435456,29.572219456,0.0,20.0,49.572219456,True,2,43,False
0,,0,64,0.0,0.0,0.0,98.534592,20.0,118.534592,True,2,44,False
1,2,8,56,2.461056,3.033554432,5.494610432,86.22276,20.0,106.22276,True,2,44,False
2,2;12,16,48,5.406336,3.067108864,8.473444864,73.909992,20.0,93.909992,True,2,44,False
3,2;12;15,24,40,8.421504,3.100663296,11.522167296,61.597224,20.0,81.597224,True,2,44,False
4,2;12;15;49,32,32,11.37396,3.134217728,14.508177728,49.28508,20.0,69.28508,True,2,44,False
5,2;12;15;49;79,40,24,14.41128,3.16777216,17.57905216,36.972624,20.0,56.972624,True,2,44,False
6,2;12;15;49;79;104,48,16,17.33004,3.201326592,20.531366592,24.660792,20.0,44.660792,True,2,44,False
7,2;12;15;49;79;104;112,56,8,20.298408,3.234881024,23.533289024,12.347712,20.0,43.533289024,True,2,44,True
8,2;12;15;49;79;104;112;113,64,0,23.288616,3.268435456,26.557051456,0.0,20.0,46.557051456,True,2,44,False
0,,0,64,0.0,0.0,0.0,98.534592,20.0,118.534592,True,2,45,False
1,1,8,56,2.461056,3.033554432,5.494610432,86.22276,20.0,106.22276,True,2,45,False
2,1;2,16,48,5.406336,3.067108864,8.473444864,73.909992,20.0,93.909992,True,2,45,False
3,1;2;3,24,40,8.421504,3.100663296,11.522167296,61.597224,20.0,81.597224,True,2,45,False
4,1;2;3;4,32,32,11.37396,3.134217728,14.508177728,49.28508,20.0,69.28508,True,2,45,False
5,1;2;3;4;53,40,24,14.41128,3.16777216,17.57905216,36.972624,20.0,56.972624,True,2,45,False
6,1;2;3;4;53;54,48,16,17.33004,3.201326592,20.531366592,24.660792,20.0,44.660792,True,2,45,False
7,1;2;3;4;53;54;65,56,8,20.298408,3.234881024,23.533289024,12.347712,20.0,43.533289024,True,2,45,True
8,1;2;3;4;53;54;65;127,64,0,23.288616,3.268435456,26.557051456,0.0,20.0,46.557051456,True,2,45,False
0,,0,64,0.0,0.0,0.0,98.534592,20.0,118.534592,True,2,46,False
1,4,8,56,2.461056,3.033554432,5.494610432,86.22276,20.0,106.22276,True,2,46,False
2,4;13,16,48,5.406336,3.067108864,8.473444864,73.909992,20.0,93.909992,True,2,46,False
3,4;13;17,24,40,8.421504,3.100663296,11.522167296,61.597224,20.0,81.597224,True,2,46,False
4,4;13;17;40,32,32,11.37396,3.134217728,14.508177728,49.28508,20.0,69.28508,True,2,46,False
5,4;13;17;40;48,40,24,14.41128,3.16777216,17.57905216,36.972624,20.0,56.972624,True,2,46,False
6,4;13;17;40;48;64,48,16,17.33004,3.201326592,20.531366592,24.660792,20.0,44.660792,True,2,46,False
7,4;13;17;40;48;64;74,56,8,20.298408,3.234881024,23.533289024,12.347712,20.0,43.533289024,True,2,46,True
8,4;13;17;40;48;64;74;102,64,0,23.288616,3.268435456,26.557051456,0.0,20.0,46.557051456,True,2,46,False
0,,0,64,0.0,0.0,0.0,98.534592,20.0,118.534592,True,2,47,False
1,39,8,56,2.461056,3.033554432,5.494610432,86.22276,20.0,106.22276,True,2,47,False
2,39;41,16,48,5.406336,3.067108864,8.473444864,73.909992,20.0,93.909992,True,2,47,False
3,39;41;45,24,40,8.421504,3.100663296,11.522167296,61.597224,20.0,81.597224,True,2,47,False
4,39;41;45;46,32,32,11.37396,3.134217728,14.508177728,49.28508,20.0,69.28508,True,2,47,False
5,39;41;45;46;54,40,24,14.41128,3.16777216,17.57905216,36.972624,20.0,56.972624,True,2,47,False
6,39;41;45;46;54;58,48,16,17.33004,3.201326592,20.531366592,24.660792,20.0,44.660792,True,2,47,False
7,39;41;45;46;54;58;79,56,8,20.298408,3.234881024,23.533289024,12.347712,20.0,43.533289024,True,2,47,True
8,39;41;45;46;54;58;79;110,64,0,23.288616,3.268435456,26.557051456,0.0,20.0,46.557051456,True,2,47,False
0,,0,64,0.0,0.0,0.0,98.534592,20.0,118.534592,True,3,0,False
1,0,8,56,2.461056,3.033554432,5.494610432,86.22276,20.0,106.22276,True,3,0,False
2,0;27,16,48,5.406336,3.067108864,8.473444864,73.909992,20.0,93.909992,True,3,0,False
3,0;27;33,24,40,8.421504,3.100663296,11.522167296,61.597224,20.0,81.597224,True,3,0,False
4,0;27;33;37,32,32,11.37396,3.134217728,14.508177728,49.28508,20.0,69.28508,True,3,0,False
5,0;27;33;37;64,40,24,14.41128,3.16777216,17.57905216,36.972624,20.0,56.972624,True,3,0,False
6,0;27;33;37;64;68,48,16,17.33004,3.201326592,20.531366592,24.660792,20.0,44.660792,True,3,0,False
7,0;27;33;37;64;68;72,56,8,20.298408,3.234881024,23.533289024,12.347712,20.0,43.533289024,True,3,0,True
8,0;27;33;37;64;68;72;79,64,0,23.288616,3.268435456,26.557051456,0.0,20.0,46.557051456,True,3,0,False
0,,0,64,0.0,0.0,0.0,98.534592,20.0,118.534592,True,3,1,False
1,14,8,56,2.461056,3.033554432,5.494610432,86.22276,20.0,106.22276,True,3,1,False
2,14;19,16,48,5.406336,3.067108864,8.473444864,73.909992,20.0,93.909992,True,3,1,False
3,14;19;28,24,40,8.421504,3.100663296,11.522167296,61.597224,20.0,81.597224,True,3,1,False
4,14;19;28;88,32,32,11.37396,3.134217728,14.508177728,49.28508,20.0,69.28508,True,3,1,False
5,14;19;28;88;90,40,24,14.41128,3.16777216,17.57905216,36.972624,20.0,56.972624,True,3,1,False
6,14;19;28;88;90;96,48,16,17.33004,3.201326592,20.531366592,24.660792,20.0,44.660792,True,3,1,False
7,14;19;28;88;90;96;101,56,8,20.298408,3.234881024,23.533289024,12.347712,20.0,43.533289024,True,3,1,True
8,14;19;28;88;90;96;101;111,64,0,23.288616,3.268435456,26.557051456,0.0,20.0,46.557051456,True,3,1,False
0,,0,64,0.0,0.0,0.0,98.534592,20.0,118.534592,True,3,2,False
1,46,8,56,2.461056,3.033554432,5.494610432,86.22276,20.0,106.22276,True,3,2,False
2,46;56,16,48,5.406336,3.067108864,8.473444864,73.909992,20.0,93.909992,True,3,2,False
3,46;56;71,24,40,8.421504,3.100663296,11.522167296,61.597224,20.0,81.597224,True,3,2,False
4,46;56;71;72,32,32,11.37396,3.134217728,14.508177728,49.28508,20.0,69.28508,True,3,2,False
5,46;56;71;72;74,40,24,14.41128,3.16777216,17.57905216,36.972624,20.0,56.972624,True,3,2,False
6,46;56;71;72;74;77,48,16,17.33004,3.201326592,20.531366592,24.660792,20.0,44.660792,True,3,2,False
7,46;56;71;72;74;77;94,56,8,20.298408,3.234881024,23.533289024,12.347712,20.0,43.533289024,True,3,2,True
8,46;56;71;72;74;77;94;107,64,0,23.288616,3.268435456,26.557051456,0.0,20.0,46.557051456,True,3,2,False
0,,0,64,0.0,0.0,0.0,98.534592,20.0,118.534592,True,3,3,False
1,3,8,56,2.461056,3.033554432,5.494610432,86.22276,20.0,106.22276,True,3,3,False
2,3;37,16,48,5.406336,3.067108864,8.473444864,73.909992,20.0,93.909992,True,3,3,False
3,3;37;51,24,40,8.421504,3.100663296,11.522167296,61.597224,20.0,81.597224,True,3,3,False
4,3;37;51;56,32,32,11.37396,3.134217728,14.508177728,49.28508,20.0,69.28508,True,3,3,False
5,3;37;51;56;71,40,24,14.41128,3.16777216,17.57905216,36.972624,20.0,56.972624,True,3,3,False
6,3;37;51;56;71;99,48,16,17.33004,3.201326592,20.531366592,24.660792,20.0,44.660792,True,3,3,False
7,3;37;51;56;71;99;101,56,8,20.298408,3.234881024,23.533289024,12.347712,20.0,43.533289024,True,3,3,True
8,3;37;51;56;71;99;101;109,64,0,23.288616,3.268435456,26.557051456,0.0,20.0,46.557051456,True,3,3,False
0,,0,64,0.0,0.0,0.0,98.534592,20.0,118.534592,True,3,4,False
1,12,8,56,2.461056,3.033554432,5.494610432,86.22276,20.0,106.22276,True,3,4,False
2,12;19,16,48,5.406336,3.067108864,8.473444864,73.909992,20.0,93.909992,True,3,4,False
3,12;19;52,24,40,8.421504,3.100663296,11.522167296,61.597224,20.0,81.597224,True,3,4,False
4,12;19;52;53,32,32,11.37396,3.134217728,14.508177728,49.28508,20.0,69.28508,True,3,4,False
5,12;19;52;53;65,40,24,14.41128,3.16777216,17.57905216,36.972624,20.0,56.972624,True,3,4,False
6,12;19;52;53;65;107,48,16,17.33004,3.201326592,20.531366592,24.660792,20.0,44.660792,True,3,4,False
7,12;19;52;53;65;107;108,56,8,20.298408,3.234881024,23.533289024,12.347712,20.0,43.533289024,True,3,4,True
8,12;19;52;53;65;107;108;110,64,0,23.288616,3.268435456,26.557051456,0.0,20.0,46.557051456,True,3,4,False
0,,0,64,0.0,0.0,0.0,98.534592,20.0,118.534592,True,3,5,False
1,4,8,56,2.461056,3.033554432,5.494610432,86.22276,20.0,106.22276,True,3,5,False
2,4;32,16,48,5.406336,3.067108864,8.473444864,73.909992,20.0,93.909992,True,3,5,False
3,4;32;41,24,40,8.421504,3.100663296,11.522167296,61.597224,20.0,81.597224,True,3,5,False
4,4;32;41;46,32,32,11.37396,3.134217728,14.508177728,49.28508,20.0,69.28508,True,3,5,False
5,4;32;41;46;63,40,24,14.41128,3.16777216,17.57905216,36.972624,20.0,56.972624,True,3,5,False
6,4;32;41;46;63;65,48,16,17.33004,3.201326592,20.531366592,24.660792,20.0,44.660792,True,3,5,False
7,4;32;41;46;63;65;73,56,8,20.298408,3.234881024,23.533289024,12.347712,20.0,43.533289024,True,3,5,True
8,4;32;41;46;63;65;73;84,64,0,23.288616,3.268435456,26.557051456,0.0,20.0,46.557051456,True,3,5,False
0,,0,64,0.0,0.0,0.0,98.534592,20.0,118.534592,True,3,6,False
1,33,8,56,2.461056,3.033554432,5.494610432,86.22276,20.0,106.22276,True,3,6,False
2,33;49,16,48,5.406336,3.067108864,8.473444864,73.909992,20.0,93.909992,True,3,6,False
3,33;49;58,24,40,8.421504,3.100663296,11.522167296,61.597224,20.0,81.597224,True,3,6,False
4,33;49;58;74,32,32,11.37396,3.134217728,14.508177728,49.28508,20.0,69.28508,True,3,6,False
5,33;49;58;74;82,40,24,14.41128,3.16777216,17.57905216,36.972624,20.0,56.972624,True,3,6,False
6,33;49;58;74;82;92,48,16,17.33004,3.201326592,20.531366592,24.660792,20.0,44.660792,True,3,6,False
7,33;49;58;74;82;92;112,56,8,20.298408,3.234881024,23.533289024,12.347712,20.0,43.533289024,True,3,6,True
8,33;49;58;74;82;92;112;116,64,0,23.288616,3.268435456,26.557051456,0.0,20.0,46.557051456,True,3,6,False
0,,0,64,0.0,0.0,0.0,98.534592,20.0,118.534592,True,3,7,False
1,15,8,56,2.461056,3.033554432,5.494610432,86.22276,20.0,106.22276,True,3,7,False
2,15;19,16,48,5.406336,3.067108864,8.473444864,73.909992,20.0,93.909992,True,3,7,False
3,15;19;24,24,40,8.421504,3.100663296,11.522167296,61.597224,20.0,81.597224,True,3,7,False
4,15;19;24;44,32,32,11.37396,3.134217728,14.508177728,49.28508,20.0,69.28508,True,3,7,False
5,15;19;24;44;52,40,24,14.41128,3.16777216,17.57905216,36.972624,20.0,56.972624,True,3,7,False
6,15;19;24;44;52;63,48,16,17.33004,3.201326592,20.531366592,24.660792,20.0,44.660792,True,3,7,False
7,15;19;24;44;52;63;114,56,8,20.298408,3.234881024,23.533289024,12.347712,20.0,43.533289024,True,3,7,True
8,15;19;24;44;52;56;63;114,62,2,23.24868,3.260046848,26.508726848,3.112512,20.0,46.508726848,True,3,7,False
9,15;19;24;44;52;56;63;114;125,64,0,26.303784,3.268435456,29.572219456,0.0,20.0,49.572219456,True,3,7,False
0,,0,64,0.0,0.0,0.0,98.534592,20.0,118.534592,True,3,8,False
1,22,8,56,2.461056,3.033554432,5.494610432,86.22276,20.0,106.22276,True,3,8,False
2,22;23,16,48,5.406336,3.067108864,8.473444864,73.909992,20.0,93.909992,True,3,8,False
3,22;23;50,24,40,8.421504,3.100663296,11.522167296,61.597224,20.0,81.597224,True,3,8,False
4,22;23;50;53,32,32,11.37396,3.134217728,14.508177728,49.28508,20.0,69.28508,True,3,8,False
5,22;23;50;53;68,40,24,14.41128,3.16777216,17.57905216,36.972624,20.0,56.972624,True,3,8,False
6,22;23;50;53;68;76,48,16,17.33004,3.201326592,20.531366592,24.660792,20.0,44.660792,True,3,8,False
7,22;23;50;53;68;76;100,56,8,20.298408,3.234881024,23.533289024,12.347712,20.0,43.533289024,True,3,8,True
8,22;23;50;53;68;76;100;123,62,2,23.24868,3.260046848,26.508726848,3.112512,20.0,46.508726848,True,3,8,False
9,22;23;50;53;54;68;76;100;123,64,0,26.303784,3.268435456,29.572219456,0.0,20.0,49.572219456,True,3,8,False
0,,0,64,0.0,0.0,0.0,98.534592,20.0,118.534592,True,3,9,False
1,2,8,56,2.461056,3.033554432,5.494610432,86.22276,20.0,106.22276,True,3,9,False
2,2;13,16,48,5.406336,3.067108864,8.473444864,73.909992,20.0,93.909992,True,3,9,False
3,2;13;23,24,40,8.421504,3.100663296,11.522167296,61.597224,20.0,81.597224,True,3,9,False
4,2;13;23;34,32,32,11.37396,3.134217728,14.508177728,49.28508,20.0,69.28508,True,3,9,False
5,2;13;23;34;39,40,24,14.41128,3.16777216,17.57905216,36.972624,20.0,56.972624,True,3,9,False
6,2;13;23;34;39;69,48,16,17.33004,3.201326592,20.531366592,24.660792,20.0,44.660792,True,3,9,False
7,2;13;23;34;39;69;82,56,8,20.298408,3.234881024,23.533289024,12.347712,20.0,43.533289024,True,3,9,True
8,2;13;23;34;39;69;82;95,64,0,23.288616,3.268435456,26.557051456,0.0,20.0,46.557051456,True,3,9,False
0,,0,64,0.0,0.0,0.0,98.534592,20.0,118.534592,True,3,10,False
1,0,8,56,2.461056,3.033554432,5.494610432,86.22276,20.0,106.22276,True,3,10,False
2,0;1,16,48,5.406336,3.067108864,8.473444864,73.909992,20.0,93.909992,True,3,10,False
3,0;1;6,24,40,8.421504,3.100663296,11.522167296,61.597224,20.0,81.597224,True,3,10,False
4,0;1;6;19,32,32,11.37396,3.134217728,14.508177728,49.28508,20.0,69.28508,True,3,10,False
5,0;1;6;19;36,40,24,14.41128,3.16777216,17.57905216,36.972624,20.0,56.972624,True,3,10,False
6,0;1;6;19;36;48,48,16,17.33004,3.201326592,20.531366592,24.660792,20.0,44.660792,True,3,10,False
7,0;1;6;19;36;48;67,56,8,20.298408,3.234881024,23.533289024,12.347712,20.0,43.533289024,True,3,10,True
8,0;1;6;19;36;48;67;92,64,0,23.288616,3.268435456,26.557051456,0.0,20.0,46.557051456,True,3,10,False
0,,0,64,0.0,0.0,0.0,98.534592,20.0,118.534592,True,3,11,False
1,3,8,56,2.461056,3.033554432,5.494610432,86.22276,20.0,106.22276,True,3,11,False
2,3;48,16,48,5.406336,3.067108864,8.473444864,73.909992,20.0,93.909992,True,3,11,False
3,3;48;52,24,40,8.421504,3.100663296,11.522167296,61.597224,20.0,81.597224,True,3,11,False
4,3;48;52;75,32,32,11.37396,3.134217728,14.508177728,49.28508,20.0,69.28508,True,3,11,False
5,3;48;52;75;81,40,24,14.41128,3.16777216,17.57905216,36.972624,20.0,56.972624,True,3,11,False
6,3;48;52;75;81;104,48,16,17.33004,3.201326592,20.531366592,24.660792,20.0,44.660792,True,3,11,False
7,3;48;52;75;81;104;121,56,8,20.298408,3.234881024,23.533289024,12.347712,20.0,43.533289024,True,3,11,True
8,3;48;52;75;81;104;110;121,63,1,23.276448,3.264241152,26.540689152,1.591512,20.0,46.540689152,True,3,11,False
9,3;48;52;72;75;81;104;110;121,64,0,26.303784,3.268435456,29.572219456,0.0,20.0,49.572219456,True,3,11,False
0,,0,64,0.0,0.0,0.0,98.534592,20.0,118.534592,True,3,12,False
1,11,8,56,2.461056,3.033554432,5.494610432,86.22276,20.0,106.22276,True,3,12,False
2,11;37,16,48,5.406336,3.067108864,8.473444864,73.909992,20.0,93.909992,True,3,12,False
3,11;37;41,24,40,8.421504,3.100663296,11.522167296,61.597224,20.0,81.597224,True,3,12,False
4,11;37;41;78,32,32,11.37396,3.134217728,14.508177728,49.28508,20.0,69.28508,True,3,12,False
5,11;37;41;78;92,40,24,14.41128,3.16777216,17.57905216,36.972624,20.0,56.972624,True,3,12,False
6,11;37;41;78;92;111,48,16,17.33004,3.201326592,20.531366592,24.660792,20.0,44.660792,True,3,12,False
7,11;37;41;78;92;111;122,56,8,20.298408,3.234881024,23.533289024,12.347712,20.0,43.533289024,True,3,12,True
8,11;18;37;41;78;92;111;122,63,1,23.276448,3.264241152,26.540689152,1.591512,20.0,46.540689152,True,3,12,False
9,11;18;37;39;41;78;92;111;122,64,0,26.303784,3.268435456,29.572219456,0.0,20.0,49.572219456,True,3,12,False
0,,0,64,0.0,0.0,0.0,98.534592,20.0,118.534592,True,3,13,False
1,1,8,56,2.461056,3.033554432,5.494610432,86.22276,20.0,106.22276,True,3,13,False
2,1;43,16,48,5.406336,3.067108864,8.473444864,73.909992,20.0,93.909992,True,3,13,False
3,1;43;52,24,40,8.421504,3.100663296,11.522167296,61.597224,20.0,81.597224,True,3,13,False
4,1;43;52;61,32,32,11.37396,3.134217728,14.508177728,49.28508,20.0,69.28508,True,3,13,False
5,1;43;52;61;63,40,24,14.41128,3.16777216,17.57905216,36.972624,20.0,56.972624,True,3,13,False
6,1;43;52;61;63;104,48,16,17.33004,3.201326592,20.531366592,24.660792,20.0,44.660792,True,3,13,False
7,1;43;52;61;63;104;117,56,8,20.298408,3.234881024,23.533289024,12.347712,20.0,43.533289024,True,3,13,True
8,1;27;43;52;61;63;104;117,63,1,23.276448,3.264241152,26.540689152,1.591512,20.0,46.540689152,True,3,13,False
9,1;27;31;43;52;61;63;104;117,64,0,26.303784,3.268435456,29.572219456,0.0,20.0,49.572219456,True,3,13,False
0,,0,64,0.0,0.0,0.0,98.534592,20.0,118.534592,True,3,14,False
1,2,8,56,2.461056,3.033554432,5.494610432,86.22276,20.0,106.22276,True,3,14,False
2,2;19,16,48,5.406336,3.067108864,8.473444864,73.909992,20.0,93.909992,True,3,14,False
3,2;19;49,24,40,8.421504,3.100663296,11.522167296,61.597224,20.0,81.597224,True,3,14,False
4,2;19;49;66,32,32,11.37396,3.134217728,14.508177728,49.28508,20.0,69.28508,True,3,14,False
5,2;19;49;66;92,40,24,14.41128,3.16777216,17.57905216,36.972624,20.0,56.972624,True,3,14,False
6,2;19;49;66;92;97,48,16,17.33004,3.201326592,20.531366592,24.660792,20.0,44.660792,True,3,14,False
7,2;19;49;66;92;97;109,56,8,20.298408,3.234881024,23.533289024,12.347712,20.0,43.533289024,True,3,14,True
8,2;19;49;66;92;97;109;113,64,0,23.288616,3.268435456,26.557051456,0.0,20.0,46.557051456,True,3,14,False
0,,0,64,0.0,0.0,0.0,98.534592,20.0,118.534592,True,3,15,False
1,0,8,56,2.461056,3.033554432,5.494610432,86.22276,20.0,106.22276,True,3,15,False
2,0;26,16,48,5.406336,3.067108864,8.473444864,73.909992,20.0,93.909992,True,3,15,False
3,0;26;58,24,40,8.421504,3.100663296,11.522167296,61.597224,20.0,81.597224,True,3,15,False
4,0;26;58;79,32,32,11.37396,3.134217728,14.508177728,49.28508,20.0,69.28508,True,3,15,False
5,0;26;58;79;84,40,24,14.41128,3.16777216,17.57905216,36.972624,20.0,56.972624,True,3,15,False
6,0;26;58;79;84;122,48,16,17.33004,3.201326592,20.531366592,24.660792,20.0,44.660792,True,3,15,False
7,0;26;58;79;84;122;125,56,8,20.298408,3.234881024,23.533289024,12.347712,20.0,43.533289024,True,3,15,True
8,0;26;58;79;84;122;125;127,64,0,23.288616,3.268435456,26.557051456,0.0,20.0,46.557051456,True,3,15,False
0,,0,64,0.0,0.0,0.0,98.534592,20.0,118.534592,True,3,16,False
1,35,8,56,2.461056,3.033554432,5.494610432,86.22276,20.0,106.22276,True,3,16,False
2,35;42,16,48,5.406336,3.067108864,8.473444864,73.909992,20.0,93.909992,True,3,16,False
3,35;42;48,24,40,8.421504,3.100663296,11.522167296,61.597224,20.0,81.597224,True,3,16,False
4,35;42;48;82,32,32,11.37396,3.134217728,14.508177728,49.28508,20.0,69.28508,True,3,16,False
5,35;42;48;82;91,40,24,14.41128,3.16777216,17.57905216,36.972624,20.0,56.972624,True,3,16,False
6,35;42;48;82;91;97,48,16,17.33004,3.201326592,20.531366592,24.660792,20.0,44.660792,True,3,16,False
7,35;42;48;82;91;97;107,56,8,20.298408,3.234881024,23.533289024,12.347712,20.0,43.533289024,True,3,16,True
8,35;42;48;82;91;97;107;122,64,0,23.288616,3.268435456,26.557051456,0.0,20.0,46.557051456,True,3,16,False
0,,0,64,0.0,0.0,0.0,98.534592,20.0,118.534592,True,3,17,False
1,73,8,56,2.461056,3.033554432,5.494610432,86.22276,20.0,106.22276,True,3,17,False
2,73;80,16,48,5.406336,3.067108864,8.473444864,73.909992,20.0,93.909992,True,3,17,False
3,73;80;90,24,40,8.421504,3.100663296,11.522167296,61.597224,20.0,81.597224,True,3,17,False
4,73;80;90;118,32,32,11.37396,3.134217728,14.508177728,49.28508,20.0,69.28508,True,3,17,False
5,73;80;90;118;122,40,24,14.41128,3.16777216,17.57905216,36.972624,20.0,56.972624,True,3,17,False
6,73;80;90;118;122;123,48,16,17.33004,3.201326592,20.531366592,24.660792,20.0,44.660792,True,3,17,False
7,73;80;90;118;122;123;124,56,8,20.298408,3.234881024,23.533289024,12.347712,20.0,43.533289024,True,3,17,True
8,54;73;80;90;118;122;123;124,61,3,23.247432,3.255852544,26.503284544,4.670016,20.0,46.503284544,True,3,17,False
9,13;54;73;80;90;118;122;123;124,64,0,26.303784,3.268435456,29.572219456,0.0,20.0,49.572219456,True,3,17,False
0,,0,64,0.0,0.0,0.0,98.534592,20.0,118.534592,True,3,18,False
1,58,8,56,2.461056,3.033554432,5.494610432,86.22276,20.0,106.22276,True,3,18,False
2,58;74,16,48,5.406336,3.067108864,8.473444864,73.909992,20.0,93.909992,True,3,18,False
3,58;74;82,24,40,8.421504,3.100663296,11.522167296,61.597224,20.0,81.597224,True,3,18,False
4,58;74;82;87,32,32,11.37396,3.134217728,14.508177728,49.28508,20.0,69.28508,True,3,18,False
5,58;74;82;87;104,40,24,14.41128,3.16777216,17.57905216,36.972624,20.0,56.972624,True,3,18,False
6,58;74;82;87;104;112,48,16,17.33004,3.201326592,20.531366592,24.660792,20.0,44.660792,True,3,18,False
7,58;74;82;87;104;112;126,56,8,20.298408,3.234881024,23.533289024,12.347712,20.0,43.533289024,True,3,18,True
8,58;74;82;87;104;112;122;126,62,2,23.24868,3.260046848,26.508726848,3.112512,20.0,46.508726848,True,3,18,False
9,49;58;74;82;87;104;112;122;126,64,0,26.303784,3.268435456,29.572219456,0.0,20.0,49.572219456,True,3,18,False
0,,0,64,0.0,0.0,0.0,98.534592,20.0,118.534592,True,3,19,False
1,10,8,56,2.461056,3.033554432,5.494610432,86.22276,20.0,106.22276,True,3,19,False
2,10;15,16,48,5.406336,3.067108864,8.473444864,73.909992,20.0,93.909992,True,3,19,False
3,10;15;24,24,40,8.421504,3.100663296,11.522167296,61.597224,20.0,81.597224,True,3,19,False
4,10;15;24;29,32,32,11.37396,3.134217728,14.508177728,49.28508,20.0,69.28508,True,3,19,False
5,10;15;24;29;52,40,24,14.41128,3.16777216,17.57905216,36.972624,20.0,56.972624,True,3,19,False
6,10;15;24;29;52;56,48,16,17.33004,3.201326592,20.531366592,24.660792,20.0,44.660792,True,3,19,False
7,10;15;24;29;52;56;114,56,8,20.298408,3.234881024,23.533289024,12.347712,20.0,43.533289024,True,3,19,True
8,10;15;24;29;52;56;114;119,64,0,23.288616,3.268435456,26.557051456,0.0,20.0,46.557051456,True,3,19,False
0,,0,64,0.0,0.0,0.0,98.534592,20.0,118.534592,True,3,20,False
1,10,8,56,2.461056,3.033554432,5.494610432,86.22276,20.0,106.22276,True,3,20,False
2,10;48,16,48,5.406336,3.067108864,8.473444864,73.909992,20.0,93.909992,True,3,20,False
3,10;48;76,24,40,8.421504,3.100663296,11.522167296,61.597224,20.0,81.597224,True,3,20,False
4,10;48;76;85,32,32,11.37396,3.134217728,14.508177728,49.28508,20.0,69.28508,True,3,20,False
5,10;48;76;85;92,40,24,14.41128,3.16777216,17.57905216,36.972624,20.0,56.972624,True,3,20,False
6,10;48;76;85;92;114,48,16,17.33004,3.201326592,20.531366592,24.660792,20.0,44.660792,True,3,20,False
7,10;48;76;85;92;114;123,56,8,20.298408,3.234881024,23.533289024,12.347712,20.0,43.533289024,True,3,20,True
8,10;45;48;76;85;92;114;123,60,4,23.221536,3.25165824,26.47319424,6.190392,20.0,46.47319424,True,3,20,False
9,10;45;48;53;76;85;92;114;123,64,0,26.303784,3.268435456,29.572219456,0.0,20.0,49.572219456,True,3,20,False
0,,0,64,0.0,0.0,0.0,98.534592,20.0,118.534592,True,3,21,False
1,2,8,56,2.461056,3.033554432,5.494610432,86.22276,20.0,106.22276,True,3,21,False
2,2;8,16,48,5.406336,3.067108864,8.473444864,73.909992,20.0,93.909992,True,3,21,False
3,2;8;13,24,40,8.421504,3.100663296,11.522167296,61.597224,20.0,81.597224,True,3,21,False
4,2;8;13;34,32,32,11.37396,3.134217728,14.508177728,49.28508,20.0,69.28508,True,3,21,False
5,2;8;13;34;39,40,24,14.41128,3.16777216,17.57905216,36.972624,20.0,56.972624,True,3,21,False
6,2;8;13;34;39;51,48,16,17.33004,3.201326592,20.531366592,24.660792,20.0,44.660792,True,3,21,False
7,2;8;13;34;39;51;63,56,8,20.298408,3.234881024,23.533289024,12.347712,20.0,43.533289024,True,3,21,True
8,2;8;13;34;39;51;63;67,64,0,23.288616,3.268435456,26.557051456,0.0,20.0,46.557051456,True,3,21,False
0,,0,64,0.0,0.0,0.0,98.534592,20.0,118.534592,True,3,22,False
1,0,8,56,2.461056,3.033554432,5.494610432,86.22276,20.0,106.22276,True,3,22,False
2,0;1,16,48,5.406336,3.067108864,8.473444864,73.909992,20.0,93.909992,True,3,22,False
3,0;1;9,24,40,8.421504,3.100663296,11.522167296,61.597224,20.0,81.597224,True,3,22,False
4,0;1;9;12,32,32,11.37396,3.134217728,14.508177728,49.28508,20.0,69.28508,True,3,22,False
5,0;1;9;12;36,40,24,14.41128,3.16777216,17.57905216,36.972624,20.0,56.972624,True,3,22,False
6,0;1;9;12;36;48,48,16,17.33004,3.201326592,20.531366592,24.660792,20.0,44.660792,True,3,22,False
7,0;1;9;12;36;48;67,56,8,20.298408,3.234881024,23.533289024,12.347712,20.0,43.533289024,True,3,22,True
8,0;1;9;12;36;48;67;122,61,3,23.247432,3.255852544,26.503284544,4.670016,20.0,46.503284544,True,3,22,False
9,0;1;9;12;36;48;67;118;122,64,0,26.303784,3.268435456,29.572219456,0.0,20.0,49.572219456,True,3,22,False
0,,0,64,0.0,0.0,0.0,98.534592,20.0,118.534592,True,3,23,False
1,5,8,56,2.461056,3.033554432,5.494610432,86.22276,20.0,106.22276,True,3,23,False
2,5;15,16,48,5.406336,3.067108864,8.473444864,73.909992,20.0,93.909992,True,3,23,False
3,5;15;31,24,40,8.421504,3.100663296,11.522167296,61.597224,20.0,81.597224,True,3,23,False
4,5;15;31;48,32,32,11.37396,3.134217728,14.508177728,49.28508,20.0,69.28508,True,3,23,False
5,5;15;31;48;75,40,24,14.41128,3.16777216,17.57905216,36.972624,20.0,56.972624,True,3,23,False
6,5;15;31;48;75;104,48,16,17.33004,3.201326592,20.531366592,24.660792,20.0,44.660792,True,3,23,False
7,5;15;31;48;75;104;117,56,8,20.298408,3.234881024,23.533289024,12.347712,20.0,43.533289024,True,3,23,True
8,5;6;15;31;48;75;104;117,60,4,23.221536,3.25165824,26.47319424,6.190392,20.0,46.47319424,True,3,23,False
9,5;6;15;31;36;48;75;104;117,62,2,26.263848,3.260046848,29.523894848,3.112512,20.0,49.523894848,True,3,23,False
10,5;6;14;15;31;36;48;75;104;117,63,1,29.236896,3.264241152,32.501137152,1.591512,20.0,52.501137152,True,3,23,False
11,5;6;14;15;31;36;48;75;104;110;117,64,0,32.264232,3.268435456,35.532667456,0.0,20.0,55.532667456,True,3,23,False
0,,0,64,0.0,0.0,0.0,98.534592,20.0,118.534592,True,3,24,False
1,11,8,56,2.461056,3.033554432,5.494610432,86.22276,20.0,106.22276,True,3,24,False
2,11;18,16,48,5.406336,3.067108864,8.473444864,73.909992,20.0,93.909992,True,3,24,False
3,11;18;28,24,40,8.421504,3.100663296,11.522167296,61.597224,20.0,81.597224,True,3,24,False
4,11;18;28;37,32,32,11.37396,3.134217728,14.508177728,49.28508,20.0,69.28508,True,3,24,False
5,11;18;28;37;57,40,24,14.41128,3.16777216,17.57905216,36.972624,20.0,56.972624,True,3,24,False
6,11;18;28;37;57;59,48,16,17.33004,3.201326592,20.531366592,24.660792,20.0,44.660792,True,3,24,False
7,11;18;28;37;57;59;101,56,8,20.298408,3.234881024,23.533289024,12.347712,20.0,43.533289024,True,3,24,True
8,11;18;28;37;57;59;101;122,64,0,23.288616,3.268435456,26.557051456,0.0,20.0,46.557051456,True,3,24,False
0,,0,64,0.0,0.0,0.0,98.534592,20.0,118.534592,True,3,25,False
1,1,8,56,2.461056,3.033554432,5.494610432,86.22276,20.0,106.22276,True,3,25,False
2,1;13,16,48,5.406336,3.067108864,8.473444864,73.909992,20.0,93.909992,True,3,25,False
3,1;13;43,24,40,8.421504,3.100663296,11.522167296,61.597224,20.0,81.597224,True,3,25,False
4,1;13;43;52,32,32,11.37396,3.134217728,14.508177728,49.28508,20.0,69.28508,True,3,25,False
5,1;13;43;52;72,40,24,14.41128,3.16777216,17.57905216,36.972624,20.0,56.972624,True,3,25,False
6,1;13;43;52;72;91,48,16,17.33004,3.201326592,20.531366592,24.660792,20.0,44.660792,True,3,25,False
7,1;13;43;52;72;91;108,56,8,20.298408,3.234881024,23.533289024,12.347712,20.0,43.533289024,True,3,25,True
8,1;13;43;52;72;91;108;110,64,0,23.288616,3.268435456,26.557051456,0.0,20.0,46.557051456,True,3,25,False
0,,0,64,0.0,0.0,0.0,98.534592,20.0,118.534592,True,3,26,False
1,2,8,56,2.461056,3.033554432,5.494610432,86.22276,20.0,106.22276,True,3,26,False
2,2;27,16,48,5.406336,3.067108864,8.473444864,73.909992,20.0,93.909992,True,3,26,False
3,2;27;29,24,40,8.421504,3.100663296,11.522167296,61.597224,20.0,81.597224,True,3,26,False
4,2;27;29;49,32,32,11.37396,3.134217728,14.508177728,49.28508,20.0,69.28508,True,3,26,False
5,2;27;29;49;59,40,24,14.41128,3.16777216,17.57905216,36.972624,20.0,56.972624,True,3,26,False
6,2;27;29;49;59;78,48,16,17.33004,3.201326592,20.531366592,24.660792,20.0,44.660792,True,3,26,False
7,2;27;29;49;59;78;113,56,8,20.298408,3.234881024,23.533289024,12.347712,20.0,43.533289024,True,3,26,True
8,2;19;27;29;49;59;78;113,63,1,23.276448,3.264241152,26.540689152,1.591512,20.0,46.540689152,True,3,26,False
9,2;19;27;29;49;59;78;97;113,64,0,26.303784,3.268435456,29.572219456,0.0,20.0,49.572219456,True,3,26,False
0,,0,64,0.0,0.0,0.0,98.534592,20.0,118.534592,True,3,27,False
1,0,8,56,2.461056,3.033554432,5.494610432,86.22276,20.0,106.22276,True,3,27,False
2,0;15,16,48,5.406336,3.067108864,8.473444864,73.909992,20.0,93.909992,True,3,27,False
3,0;15;26,24,40,8.421504,3.100663296,11.522167296,61.597224,20.0,81.597224,True,3,27,False
4,0;15;26;33,32,32,11.37396,3.134217728,14.508177728,49.28508,20.0,69.28508,True,3,27,False
5,0;15;26;33;63,40,24,14.41128,3.16777216,17.57905216,36.972624,20.0,56.972624,True,3,27,False
6,0;15;26;33;63;79,48,16,17.33004,3.201326592,20.531366592,24.660792,20.0,44.660792,True,3,27,False
7,0;15;26;33;63;79;84,56,8,20.298408,3.234881024,23.533289024,12.347712,20.0,43.533289024,True,3,27,True
8,0;15;26;33;63;79;84;111,63,1,23.276448,3.264241152,26.540689152,1.591512,20.0,46.540689152,True,3,27,False
9,0;15;26;33;63;79;84;88;111,64,0,26.303784,3.268435456,29.572219456,0.0,20.0,49.572219456,True,3,27,False
0,,0,64,0.0,0.0,0.0,98.534592,20.0,118.534592,True,3,28,False
1,10,8,56,2.461056,3.033554432,5.494610432,86.22276,20.0,106.22276,True,3,28,False
2,10;42,16,48,5.406336,3.067108864,8.473444864,73.909992,20.0,93.909992,True,3,28,False
3,10;42;70,24,40,8.421504,3.100663296,11.522167296,61.597224,20.0,81.597224,True,3,28,False
4,10;42;70;82,32,32,11.37396,3.134217728,14.508177728,49.28508,20.0,69.28508,True,3,28,False
5,10;42;70;82;91,40,24,14.41128,3.16777216,17.57905216,36.972624,20.0,56.972624,True,3,28,False
6,10;42;70;82;91;109,48,16,17.33004,3.201326592,20.531366592,24.660792,20.0,44.660792,True,3,28,False
7,10;42;70;82;91;109;116,56,8,20.298408,3.234881024,23.533289024,12.347712,20.0,43.533289024,True,3,28,True
8,10;42;70;82;91;109;116;122,64,0,23.288616,3.268435456,26.557051456,0.0,20.0,46.557051456,True,3,28,False
0,,0,64,0.0,0.0,0.0,98.534592,20.0,118.534592,True,3,29,False
1,3,8,56,2.461056,3.033554432,5.494610432,86.22276,20.0,106.22276,True,3,29,False
2,3;13,16,48,5.406336,3.067108864,8.473444864,73.909992,20.0,93.909992,True,3,29,False
3,3;13;51,24,40,8.421504,3.100663296,11.522167296,61.597224,20.0,81.597224,True,3,29,False
4,3;13;51;54,32,32,11.37396,3.134217728,14.508177728,49.28508,20.0,69.28508,True,3,29,False
5,3;13;51;54;105,40,24,14.41128,3.16777216,17.57905216,36.972624,20.0,56.972624,True,3,29,False
6,3;13;51;54;105;120,48,16,17.33004,3.201326592,20.531366592,24.660792,20.0,44.660792,True,3,29,False
7,3;13;51;54;105;120;124,56,8,20.298408,3.234881024,23.533289024,12.347712,20.0,43.533289024,True,3,29,True
8,3;13;51;54;59;105;120;124,63,1,23.276448,3.264241152,26.540689152,1.591512,20.0,46.540689152,True,3,29,False
9,3;13;37;51;54;59;105;120;124,64,0,26.303784,3.268435456,29.572219456,0.0,20.0,49.572219456,True,3,29,False
0,,0,64,0.0,0.0,0.0,98.534592,20.0,118.534592,True,3,30,False
1,6,8,56,2.461056,3.033554432,5.494610432,86.22276,20.0,106.22276,True,3,30,False
2,6;25,16,48,5.406336,3.067108864,8.473444864,73.909992,20.0,93.909992,True,3,30,False
3,6;25;48,24,40,8.421504,3.100663296,11.522167296,61.597224,20.0,81.597224,True,3,30,False
4,6;25;48;58,32,32,11.37396,3.134217728,14.508177728,49.28508,20.0,69.28508,True,3,30,False
5,6;25;48;58;82,40,24,14.41128,3.16777216,17.57905216,36.972624,20.0,56.972624,True,3,30,False
6,6;25;48;58;82;93,48,16,17.33004,3.201326592,20.531366592,24.660792,20.0,44.660792,True,3,30,False
7,6;25;48;58;82;93;98,56,8,20.298408,3.234881024,23.533289024,12.347712,20.0,43.533289024,True,3,30,True
8,6;25;48;58;82;93;98;111,63,1,23.276448,3.264241152,26.540689152,1.591512,20.0,46.540689152,True,3,30,False
9,6;25;48;58;79;82;93;98;111,64,0,26.303784,3.268435456,29.572219456,0.0,20.0,49.572219456,True,3,30,False
0,,0,64,0.0,0.0,0.0,98.534592,20.0,118.534592,True,3,31,False
1,24,8,56,2.461056,3.033554432,5.494610432,86.22276,20.0,106.22276,True,3,31,False
2,24;29,16,48,5.406336,3.067108864,8.473444864,73.909992,20.0,93.909992,True,3,31,False
3,24;29;38,24,40,8.421504,3.100663296,11.522167296,61.597224,20.0,81.597224,True,3,31,False
4,24;29;38;41,32,32,11.37396,3.134217728,14.508177728,49.28508,20.0,69.28508,True,3,31,False
5,24;29;38;41;47,40,24,14.41128,3.16777216,17.57905216,36.972624,20.0,56.972624,True,3,31,False
6,24;29;38;41;47;56,48,16,17.33004,3.201326592,20.531366592,24.660792,20.0,44.660792,True,3,31,False
7,24;29;38;41;47;56;87,56,8,20.298408,3.234881024,23.533289024,12.347712,20.0,43.533289024,True,3,31,True
8,24;29;38;41;47;56;87;114,64,0,23.288616,3.268435456,26.557051456,0.0,20.0,46.557051456,True,3,31,False
0,,0,64,0.0,0.0,0.0,98.534592,20.0,118.534592,True,3,32,False
1,10,8,56,2.461056,3.033554432,5.494610432,86.22276,20.0,106.22276,True,3,32,False
2,10;48,16,48,5.406336,3.067108864,8.473444864,73.909992,20.0,93.909992,True,3,32,False
3,10;48;50,24,40,8.421504,3.100663296,11.522167296,61.597224,20.0,81.597224,True,3,32,False
4,10;48;50;51,32,32,11.37396,3.134217728,14.508177728,49.28508,20.0,69.28508,True,3,32,False
5,10;48;50;51;85,40,24,14.41128,3.16777216,17.57905216,36.972624,20.0,56.972624,True,3,32,False
6,10;48;50;51;85;92,48,16,17.33004,3.201326592,20.531366592,24.660792,20.0,44.660792,True,3,32,False
7,10;48;50;51;85;92;108,54,10,20.251296,3.226492416,23.477788416,15.426216,20.0,43.477788416,True,3,32,True
8,4;10;48;50;51;85;92;108,59,5,23.189712,3.247463936,26.437175936,7.747896,20.0,46.437175936,True,3,32,False
9,4;10;48;50;51;78;85;92;108,64,0,26.303784,3.268435456,29.572219456,0.0,20.0,49.572219456,True,3,32,False
0,,0,64,0.0,0.0,0.0,98.534592,20.0,118.534592,True,3,33,False
1,13,8,56,2.461056,3.033554432,5.494610432,86.22276,20.0,106.22276,True,3,33,False
2,13;15,16,48,5.406336,3.067108864,8.473444864,73.909992,20.0,93.909992,True,3,33,False
3,13;15;34,24,40,8.421504,3.100663296,11.522167296,61.597224,20.0,81.597224,True,3,33,False
4,13;15;34;39,32,32,11.37396,3.134217728,14.508177728,49.28508,20.0,69.28508,True,3,33,False
5,13;15;34;39;51,40,24,14.41128,3.16777216,17.57905216,36.972624,20.0,56.972624,True,3,33,False
6,13;15;34;39;51;63,48,16,17.33004,3.201326592,20.531366592,24.660792,20.0,44.660792,True,3,33,False
7,13;15;34;39;51;63;67,56,8,20.298408,3.234881024,23.533289024,12.347712,20.0,43.533289024,True,3,33,True
8,4;13;15;34;39;51;63;67,63,1,23.276448,3.264241152,26.540689152,1.591512,20.0,46.540689152,True,3,33,False
9,2;4;13;15;34;39;51;63;67,64,0,26.303784,3.268435456,29.572219456,0.0,20.0,49.572219456,True,3,33,False
0,,0,64,0.0,0.0,0.0,98.534592,20.0,118.534592,True,3,34,False
1,0,8,56,2.461056,3.033554432,5.494610432,86.22276,20.0,106.22276,True,3,34,False
2,0;1,16,48,5.406336,3.067108864,8.473444864,73.909992,20.0,93.909992,True,3,34,False
3,0;1;9,24,40,8.421504,3.100663296,11.522167296,61.597224,20.0,81.597224,True,3,34,False
4,0;1;9;22,32,32,11.37396,3.134217728,14.508177728,49.28508,20.0,69.28508,True,3,34,False
5,0;1;9;22;67,40,24,14.41128,3.16777216,17.57905216,36.972624,20.0,56.972624,True,3,34,False
6,0;1;9;22;67;81,48,16,17.33004,3.201326592,20.531366592,24.660792,20.0,44.660792,True,3,34,False
7,0;1;9;22;67;81;92,56,8,20.298408,3.234881024,23.533289024,12.347712,20.0,43.533289024,True,3,34,True
8,0;1;9;22;67;81;92;118,64,0,23.288616,3.268435456,26.557051456,0.0,20.0,46.557051456,True,3,34,False
0,,0,64,0.0,0.0,0.0,98.534592,20.0,118.534592,True,3,35,False
1,5,8,56,2.461056,3.033554432,5.494610432,86.22276,20.0,106.22276,True,3,35,False
2,5;6,16,48,5.406336,3.067108864,8.473444864,73.909992,20.0,93.909992,True,3,35,False
3,5;6;15,24,40,8.421504,3.100663296,11.522167296,61.597224,20.0,81.597224,True,3,35,False
4,5;6;15;75,32,32,11.37396,3.134217728,14.508177728,49.28508,20.0,69.28508,True,3,35,False
5,5;6;15;75;77,40,24,14.41128,3.16777216,17.57905216,36.972624,20.0,56.972624,True,3,35,False
6,5;6;15;75;77;104,48,16,17.33004,3.201326592,20.531366592,24.660792,20.0,44.660792,True,3,35,False
7,5;6;15;75;77;104;110,56,8,20.298408,3.234881024,23.533289024,12.347712,20.0,43.533289024,True,3,35,True
8,5;6;15;31;75;77;104;110,61,3,23.247432,3.255852544,26.503284544,4.670016,20.0,46.503284544,True,3,35,False
9,5;6;15;31;51;75;77;104;110,64,0,26.303784,3.268435456,29.572219456,0.0,20.0,49.572219456,True,3,35,False
0,,0,64,0.0,0.0,0.0,98.534592,20.0,118.534592,True,3,36,False
1,11,8,56,2.461056,3.033554432,5.494610432,86.22276,20.0,106.22276,True,3,36,False
2,11;18,16,48,5.406336,3.067108864,8.473444864,73.909992,20.0,93.909992,True,3,36,False
3,11;18;28,24,40,8.421504,3.100663296,11.522167296,61.597224,20.0,81.597224,True,3,36,False
4,11;18;28;57,32,32,11.37396,3.134217728,14.508177728,49.28508,20.0,69.28508,True,3,36,False
5,11;18;28;57;59,40,24,14.41128,3.16777216,17.57905216,36.972624,20.0,56.972624,True,3,36,False
6,11;18;28;57;59;62,48,16,17.33004,3.201326592,20.531366592,24.660792,20.0,44.660792,True,3,36,False
7,11;18;28;57;59;62;101,56,8,20.298408,3.234881024,23.533289024,12.347712,20.0,43.533289024,True,3,36,True
8,11;18;28;57;59;62;101;122,64,0,23.288616,3.268435456,26.557051456,0.0,20.0,46.557051456,True,3,36,False
0,,0,64,0.0,0.0,0.0,98.534592,20.0,118.534592,True,3,37,False
1,1,8,56,2.461056,3.033554432,5.494610432,86.22276,20.0,106.22276,True,3,37,False
2,1;13,16,48,5.406336,3.067108864,8.473444864,73.909992,20.0,93.909992,True,3,37,False
3,1;13;27,24,40,8.421504,3.100663296,11.522167296,61.597224,20.0,81.597224,True,3,37,False
4,1;13;27;43,32,32,11.37396,3.134217728,14.508177728,49.28508,20.0,69.28508,True,3,37,False
5,1;13;27;43;86,40,24,14.41128,3.16777216,17.57905216,36.972624,20.0,56.972624,True,3,37,False
6,1;13;27;43;86;91,48,16,17.33004,3.201326592,20.531366592,24.660792,20.0,44.660792,True,3,37,False
7,1;13;27;43;86;91;110,56,8,20.298408,3.234881024,23.533289024,12.347712,20.0,43.533289024,True,3,37,True
8,1;13;27;43;61;86;91;110,62,2,23.24868,3.260046848,26.508726848,3.112512,20.0,46.508726848,True,3,37,False
9,1;13;27;43;52;61;86;91;110,64,0,26.303784,3.268435456,29.572219456,0.0,20.0,49.572219456,True,3,37,False
0,,0,64,0.0,0.0,0.0,98.534592,20.0,118.534592,True,3,38,False
1,2,8,56,2.461056,3.033554432,5.494610432,86.22276,20.0,106.22276,True,3,38,False
2,2;19,16,48,5.406336,3.067108864,8.473444864,73.909992,20.0,93.909992,True,3,38,False
3,2;19;26,24,40,8.421504,3.100663296,11.522167296,61.597224,20.0,81.597224,True,3,38,False
4,2;19;26;27,32,32,11.37396,3.134217728,14.508177728,49.28508,20.0,69.28508,True,3,38,False
5,2;19;26;27;49,40,24,14.41128,3.16777216,17.57905216,36.972624,20.0,56.972624,True,3,38,False
6,2;19;26;27;49;78,48,16,17.33004,3.201326592,20.531366592,24.660792,20.0,44.660792,True,3,38,False
7,2;19;26;27;49;78;92,56,8,20.298408,3.234881024,23.533289024,12.347712,20.0,43.533289024,True,3,38,True
8,2;19;26;27;49;78;92;113,64,0,23.288616,3.268435456,26.557051456,0.0,20.0,46.557051456,True,3,38,False
0,,0,64,0.0,0.0,0.0,98.534592,20.0,118.534592,True,3,39,False
1,0,8,56,2.461056,3.033554432,5.494610432,86.22276,20.0,106.22276,True,3,39,False
2,0;14,16,48,5.406336,3.067108864,8.473444864,73.909992,20.0,93.909992,True,3,39,False
3,0;14;25,24,40,8.421504,3.100663296,11.522167296,61.597224,20.0,81.597224,True,3,39,False
4,0;14;25;48,32,32,11.37396,3.134217728,14.508177728,49.28508,20.0,69.28508,True,3,39,False
5,0;14;25;48;63,40,24,14.41128,3.16777216,17.57905216,36.972624,20.0,56.972624,True,3,39,False
6,0;14;25;48;63;84,48,16,17.33004,3.201326592,20.531366592,24.660792,20.0,44.660792,True,3,39,False
7,0;14;25;48;51;63;84,55,9,20.309328,3.23068672,23.54001472,13.904904,20.0,43.54001472,True,3,39,True
8,0;14;25;26;48;51;63;84,61,3,23.247432,3.255852544,26.503284544,4.670016,20.0,46.503284544,True,3,39,False
9,0;14;25;26;48;50;51;63;84,64,0,26.303784,3.268435456,29.572219456,0.0,20.0,49.572219456,True,3,39,False
0,,0,64,0.0,0.0,0.0,98.534592,20.0,118.534592,True,3,40,False
1,35,8,56,2.461056,3.033554432,5.494610432,86.22276,20.0,106.22276,True,3,40,False
2,35;49,16,48,5.406336,3.067108864,8.473444864,73.909992,20.0,93.909992,True,3,40,False
3,35;49;82,24,40,8.421504,3.100663296,11.522167296,61.597224,20.0,81.597224,True,3,40,False
4,35;49;82;98,32,32,11.37396,3.134217728,14.508177728,49.28508,20.0,69.28508,True,3,40,False
5,35;49;82;98;109,40,24,14.41128,3.16777216,17.57905216,36.972624,20.0,56.972624,True,3,40,False
6,35;49;82;98;109;116,48,16,17.33004,3.201326592,20.531366592,24.660792,20.0,44.660792,True,3,40,False
7,35;49;82;98;109;116;122,56,8,20.298408,3.234881024,23.533289024,12.347712,20.0,43.533289024,True,3,40,True
8,19;35;49;82;98;109;116;122,62,2,23.24868,3.260046848,26.508726848,3.112512,20.0,46.508726848,True,3,40,False
9,19;28;35;49;82;98;109;116;122,64,0,26.303784,3.268435456,29.572219456,0.0,20.0,49.572219456,True,3,40,False
0,,0,64,0.0,0.0,0.0,98.534592,20.0,118.534592,True,3,41,False
1,6,8,56,2.461056,3.033554432,5.494610432,86.22276,20.0,106.22276,True,3,41,False
2,6;37,16,48,5.406336,3.067108864,8.473444864,73.909992,20.0,93.909992,True,3,41,False
3,6;37;54,24,40,8.421504,3.100663296,11.522167296,61.597224,20.0,81.597224,True,3,41,False
4,6;37;54;99,32,32,11.37396,3.134217728,14.508177728,49.28508,20.0,69.28508,True,3,41,False
5,6;37;54;99;116,40,24,14.41128,3.16777216,17.57905216,36.972624,20.0,56.972624,True,3,41,False
6,6;37;54;99;116;118,48,16,17.33004,3.201326592,20.531366592,24.660792,20.0,44.660792,True,3,41,False
7,6;37;54;99;116;118;123,56,8,20.298408,3.234881024,23.533289024,12.347712,20.0,43.533289024,True,3,41,True
8,6;37;54;99;116;118;123;124,64,0,23.288616,3.268435456,26.557051456,0.0,20.0,46.557051456,True,3,41,False
0,,0,64,0.0,0.0,0.0,98.534592,20.0,118.534592,True,3,42,False
1,4,8,56,2.461056,3.033554432,5.494610432,86.22276,20.0,106.22276,True,3,42,False
2,4;30,16,48,5.406336,3.067108864,8.473444864,73.909992,20.0,93.909992,True,3,42,False
3,4;30;33,24,40,8.421504,3.100663296,11.522167296,61.597224,20.0,81.597224,True,3,42,False
4,4;30;33;66,32,32,11.37396,3.134217728,14.508177728,49.28508,20.0,69.28508,True,3,42,False
5,4;30;33;66;70,40,24,14.41128,3.16777216,17.57905216,36.972624,20.0,56.972624,True,3,42,False
6,4;30;33;66;70;106,48,16,17.33004,3.201326592,20.531366592,24.660792,20.0,44.660792,True,3,42,False
7,4;30;33;66;70;106;116,56,8,20.298408,3.234881024,23.533289024,12.347712,20.0,43.533289024,True,3,42,True
8,4;30;33;66;70;76;106;116,60,4,23.221536,3.25165824,26.47319424,6.190392,20.0,46.47319424,True,3,42,False
9,4;30;33;66;70;71;76;106;116,63,1,26.291616,3.264241152,29.555857152,1.591512,20.0,49.555857152,True,3,42,False
10,4;30;33;47;66;70;71;76;106;116,64,0,29.249064,3.268435456,32.517499456,0.0,20.0,52.517499456,True,3,42,False
0,,0,64,0.0,0.0,0.0,98.534592,20.0,118.534592,True,3,43,False
1,41,8,56,2.461056,3.033554432,5.494610432,86.22276,20.0,106.22276,True,3,43,False
2,41;45,16,48,5.406336,3.067108864,8.473444864,73.909992,20.0,93.909992,True,3,43,False
3,41;45;61,24,40,8.421504,3.100663296,11.522167296,61.597224,20.0,81.597224,True,3,43,False
4,41;45;61;69,32,32,11.37396,3.134217728,14.508177728,49.28508,20.0,69.28508,True,3,43,False
5,41;45;61;69;86,40,24,14.41128,3.16777216,17.57905216,36.972624,20.0,56.972624,True,3,43,False
6,41;45;61;69;86;106,48,16,17.33004,3.201326592,20.531366592,24.660792,20.0,44.660792,True,3,43,False
7,41;45;61;69;86;106;111,56,8,20.298408,3.234881024,23.533289024,12.347712,20.0,43.533289024,True,3,43,True
8,41;45;61;69;86;106;111;119,64,0,23.288616,3.268435456,26.557051456,0.0,20.0,46.557051456,True,3,43,False
0,,0,64,0.0,0.0,0.0,98.534592,20.0,118.534592,True,3,44,False
1,24,8,56,2.461056,3.033554432,5.494610432,86.22276,20.0,106.22276,True,3,44,False
2,24;42,16,48,5.406336,3.067108864,8.473444864,73.909992,20.0,93.909992,True,3,44,False
3,24;42;49,24,40,8.421504,3.100663296,11.522167296,61.597224,20.0,81.597224,True,3,44,False
4,24;42;49;62,32,32,11.37396,3.134217728,14.508177728,49.28508,20.0,69.28508,True,3,44,False
5,24;42;49;62;79,40,24,14.41128,3.16777216,17.57905216,36.972624,20.0,56.972624,True,3,44,False
6,24;42;49;62;79;82,48,16,17.33004,3.201326592,20.531366592,24.660792,20.0,44.660792,True,3,44,False
7,24;42;49;62;79;82;96,56,8,20.298408,3.234881024,23.533289024,12.347712,20.0,43.533289024,True,3,44,True
8,24;42;49;62;79;82;96;103,64,0,23.288616,3.268435456,26.557051456,0.0,20.0,46.557051456,True,3,44,False
0,,0,64,0.0,0.0,0.0,98.534592,20.0,118.534592,True,3,45,False
1,1,8,56,2.461056,3.033554432,5.494610432,86.22276,20.0,106.22276,True,3,45,False
2,1;3,16,48,5.406336,3.067108864,8.473444864,73.909992,20.0,93.909992,True,3,45,False
3,1;3;34,24,40,8.421504,3.100663296,11.522167296,61.597224,20.0,81.597224,True,3,45,False
4,1;3;34;43,32,32,11.37396,3.134217728,14.508177728,49.28508,20.0,69.28508,True,3,45,False
5,1;3;34;43;48,40,24,14.41128,3.16777216,17.57905216,36.972624,20.0,56.972624,True,3,45,False
6,1;3;34;43;48;51,48,16,17.33004,3.201326592,20.531366592,24.660792,20.0,44.660792,True,3,45,False
7,1;3;34;43;48;51;67,56,8,20.298408,3.234881024,23.533289024,12.347712,20.0,43.533289024,True,3,45,True
8,1;3;34;43;48;51;67;88,64,0,23.288616,3.268435456,26.557051456,0.0,20.0,46.557051456,True,3,45,False
0,,0,64,0.0,0.0,0.0,98.534592,20.0,118.534592,True,3,46,False
1,4,8,56,2.461056,3.033554432,5.494610432,86.22276,20.0,106.22276,True,3,46,False
2,4;13,16,48,5.406336,3.067108864,8.473444864,73.909992,20.0,93.909992,True,3,46,False
3,4;13;26,24,40,8.421504,3.100663296,11.522167296,61.597224,20.0,81.597224,True,3,46,False
4,4;13;26;33,32,32,11.37396,3.134217728,14.508177728,49.28508,20.0,69.28508,True,3,46,False
5,4;13;26;33;40,40,24,14.41128,3.16777216,17.57905216,36.972624,20.0,56.972624,True,3,46,False
6,4;13;26;33;40;54,48,16,17.33004,3.201326592,20.531366592,24.660792,20.0,44.660792,True,3,46,False
7,4;13;26;33;40;54;79,56,8,20.298408,3.234881024,23.533289024,12.347712,20.0,43.533289024,True,3,46,True
8,4;13;26;33;40;54;79;102,64,0,23.288616,3.268435456,26.557051456,0.0,20.0,46.557051456,True,3,46,False
0,,0,64,0.0,0.0,0.0,98.534592,20.0,118.534592,True,3,47,False
1,0,8,56,2.461056,3.033554432,5.494610432,86.22276,20.0,106.22276,True,3,47,False
2,0;17,16,48,5.406336,3.067108864,8.473444864,73.909992,20.0,93.909992,True,3,47,False
3,0;17;23,24,40,8.421504,3.100663296,11.522167296,61.597224,20.0,81.597224,True,3,47,False
4,0;17;23;39,32,32,11.37396,3.134217728,14.508177728,49.28508,20.0,69.28508,True,3,47,False
5,0;17;23;39;42,40,24,14.41128,3.16777216,17.57905216,36.972624,20.0,56.972624,True,3,47,False
6,0;17;23;39;42;80,48,16,17.33004,3.201326592,20.531366592,24.660792,20.0,44.660792,True,3,47,False
7,0;17;23;39;42;80;106,56,8,20.298408,3.234881024,23.533289024,12.347712,20.0,43.533289024,True,3,47,True
8,0;17;23;39;42;80;96;106,62,2,23.24868,3.260046848,26.508726848,3.112512,20.0,46.508726848,True,3,47,False
9,0;17;23;39;42;80;96;106;119,64,0,26.303784,3.268435456,29.572219456,0.0,20.0,49.572219456,True,3,47,False
0,,0,64,0.0,0.0,0.0,98.534592,20.0,118.534592,True,4,0,False
1,4,8,56,2.461056,3.033554432,5.494610432,86.22276,20.0,106.22276,True,4,0,False
2,4;18,16,48,5.406336,3.067108864,8.473444864,73.909992,20.0,93.909992,True,4,0,False
3,4;18;38,24,40,8.421504,3.100663296,11.522167296,61.597224,20.0,81.597224,True,4,0,False
4,4;18;38;79,32,32,11.37396,3.134217728,14.508177728,49.28508,20.0,69.28508,True,4,0,False
5,4;18;38;79;86,40,24,14.41128,3.16777216,17.57905216,36.972624,20.0,56.972624,True,4,0,False
6,4;18;38;79;86;100,48,16,17.33004,3.201326592,20.531366592,24.660792,20.0,44.660792,True,4,0,False
7,4;18;38;79;86;100;101,56,8,20.298408,3.234881024,23.533289024,12.347712,20.0,43.533289024,True,4,0,True
8,4;18;38;79;86;100;101;118,64,0,23.288616,3.268435456,26.557051456,0.0,20.0,46.557051456,True,4,0,False
0,,0,64,0.0,0.0,0.0,98.534592,20.0,118.534592,True,4,1,False
1,2,8,56,2.461056,3.033554432,5.494610432,86.22276,20.0,106.22276,True,4,1,False
2,2;13,16,48,5.406336,3.067108864,8.473444864,73.909992,20.0,93.909992,True,4,1,False
3,2;13;21,24,40,8.421504,3.100663296,11.522167296,61.597224,20.0,81.597224,True,4,1,False
4,2;13;21;34,32,32,11.37396,3.134217728,14.508177728,49.28508,20.0,69.28508,True,4,1,False
5,2;13;21;34;67,40,24,14.41128,3.16777216,17.57905216,36.972624,20.0,56.972624,True,4,1,False
6,2;13;21;34;67;91,48,16,17.33004,3.201326592,20.531366592,24.660792,20.0,44.660792,True,4,1,False
7,2;13;21;34;67;91;101,56,8,20.298408,3.234881024,23.533289024,12.347712,20.0,43.533289024,True,4,1,True
8,2;13;21;34;36;67;91;101,62,2,23.24868,3.260046848,26.508726848,3.112512,20.0,46.508726848,True,4,1,False
9,2;13;21;34;36;67;91;101;109,64,0,26.303784,3.268435456,29.572219456,0.0,20.0,49.572219456,True,4,1,False
0,,0,64,0.0,0.0,0.0,98.534592,20.0,118.534592,True,4,2,False
1,46,8,56,2.461056,3.033554432,5.494610432,86.22276,20.0,106.22276,True,4,2,False
2,46;56,16,48,5.406336,3.067108864,8.473444864,73.909992,20.0,93.909992,True,4,2,False
3,46;56;64,24,40,8.421504,3.100663296,11.522167296,61.597224,20.0,81.597224,True,4,2,False
4,46;56;64;71,32,32,11.37396,3.134217728,14.508177728,49.28508,20.0,69.28508,True,4,2,False
5,46;56;64;71;72,40,24,14.41128,3.16777216,17.57905216,36.972624,20.0,56.972624,True,4,2,False
6,46;56;64;71;72;77,48,16,17.33004,3.201326592,20.531366592,24.660792,20.0,44.660792,True,4,2,False
7,46;56;64;71;72;77;81,56,8,20.298408,3.234881024,23.533289024,12.347712,20.0,43.533289024,True,4,2,True
8,46;56;64;71;72;77;81;95,64,0,23.288616,3.268435456,26.557051456,0.0,20.0,46.557051456,True,4,2,False
0,,0,64,0.0,0.0,0.0,98.534592,20.0,118.534592,True,4,3,False
1,3,8,56,2.461056,3.033554432,5.494610432,86.22276,20.0,106.22276,True,4,3,False
2,3;37,16,48,5.406336,3.067108864,8.473444864,73.909992,20.0,93.909992,True,4,3,False
3,3;37;56,24,40,8.421504,3.100663296,11.522167296,61.597224,20.0,81.597224,True,4,3,False
4,3;37;56;71,32,32,11.37396,3.134217728,14.508177728,49.28508,20.0,69.28508,True,4,3,False
5,3;37;56;71;97,40,24,14.41128,3.16777216,17.57905216,36.972624,20.0,56.972624,True,4,3,False
6,3;37;56;71;97;101,48,16,17.33004,3.201326592,20.531366592,24.660792,20.0,44.660792,True,4,3,False
7,3;37;56;71;97;101;108,56,8,20.298408,3.234881024,23.533289024,12.347712,20.0,43.533289024,True,4,3,True
8,3;37;56;71;97;101;108;118,64,0,23.288616,3.268435456,26.557051456,0.0,20.0,46.557051456,True,4,3,False
0,,0,64,0.0,0.0,0.0,98.534592,20.0,118.534592,True,4,4,False
1,12,8,56,2.461056,3.033554432,5.494610432,86.22276,20.0,106.22276,True,4,4,False
2,12;33,16,48,5.406336,3.067108864,8.473444864,73.909992,20.0,93.909992,True,4,4,False
3,12;33;52,24,40,8.421504,3.100663296,11.522167296,61.597224,20.0,81.597224,True,4,4,False
4,12;33;52;53,32,32,11.37396,3.134217728,14.508177728,49.28508,20.0,69.28508,True,4,4,False
5,12;33;52;53;107,40,24,14.41128,3.16777216,17.57905216,36.972624,20.0,56.972624,True,4,4,False
6,12;33;52;53;107;108,48,16,17.33004,3.201326592,20.531366592,24.660792,20.0,44.660792,True,4,4,False
7,12;33;52;53;107;108;121,56,8,20.298408,3.234881024,23.533289024,12.347712,20.0,43.533289024,True,4,4,True
8,12;33;52;53;60;107;108;121,60,4,23.221536,3.25165824,26.47319424,6.190392,20.0,46.47319424,True,4,4,False
9,12;33;52;53;60;82;107;108;121,64,0,26.303784,3.268435456,29.572219456,0.0,20.0,49.572219456,True,4,4,False
0,,0,64,0.0,0.0,0.0,98.534592,20.0,118.534592,True,4,5,False
1,4,8,56,2.461056,3.033554432,5.494610432,86.22276,20.0,106.22276,True,4,5,False
2,4;12,16,48,5.406336,3.067108864,8.473444864,73.909992,20.0,93.909992,True,4,5,False
3,4;12;17,24,40,8.421504,3.100663296,11.522167296,61.597224,20.0,81.597224,True,4,5,False
4,4;12;17;41,32,32,11.37396,3.134217728,14.508177728,49.28508,20.0,69.28508,True,4,5,False
5,4;12;17;41;63,40,24,14.41128,3.16777216,17.57905216,36.972624,20.0,56.972624,True,4,5,False
6,4;12;17;41;63;65,48,16,17.33004,3.201326592,20.531366592,24.660792,20.0,44.660792,True,4,5,False
7,4;12;17;41;63;65;73,56,8,20.298408,3.234881024,23.533289024,12.347712,20.0,43.533289024,True,4,5,True
8,4;12;17;41;63;65;73;104,64,0,23.288616,3.268435456,26.557051456,0.0,20.0,46.557051456,True,4,5,False
0,,0,64,0.0,0.0,0.0,98.534592,20.0,118.534592,True,4,6,False
1,25,8,56,2.461056,3.033554432,5.494610432,86.22276,20.0,106.22276,True,4,6,False
2,25;32,16,48,5.406336,3.067108864,8.473444864,73.909992,20.0,93.909992,True,4,6,False
3,25;32;33,24,40,8.421504,3.100663296,11.522167296,61.597224,20.0,81.597224,True,4,6,False
4,25;32;33;39,32,32,11.37396,3.134217728,14.508177728,49.28508,20.0,69.28508,True,4,6,False
5,25;32;33;39;58,40,24,14.41128,3.16777216,17.57905216,36.972624,20.0,56.972624,True,4,6,False
6,25;32;33;39;58;62,48,16,17.33004,3.201326592,20.531366592,24.660792,20.0,44.660792,True,4,6,False
7,25;32;33;39;58;62;74,56,8,20.298408,3.234881024,23.533289024,12.347712,20.0,43.533289024,True,4,6,True
8,25;32;33;39;58;62;74;112,64,0,23.288616,3.268435456,26.557051456,0.0,20.0,46.557051456,True,4,6,False
0,,0,64,0.0,0.0,0.0,98.534592,20.0,118.534592,True,4,7,False
1,19,8,56,2.461056,3.033554432,5.494610432,86.22276,20.0,106.22276,True,4,7,False
2,19;24,16,48,5.406336,3.067108864,8.473444864,73.909992,20.0,93.909992,True,4,7,False
3,19;24;44,24,40,8.421504,3.100663296,11.522167296,61.597224,20.0,81.597224,True,4,7,False
4,19;24;44;63,32,32,11.37396,3.134217728,14.508177728,49.28508,20.0,69.28508,True,4,7,False
5,19;24;44;63;88,40,24,14.41128,3.16777216,17.57905216,36.972624,20.0,56.972624,True,4,7,False
6,19;24;44;63;88;119,48,16,17.33004,3.201326592,20.531366592,24.660792,20.0,44.660792,True,4,7,False
7,19;24;44;63;88;119;125,56,8,20.298408,3.234881024,23.533289024,12.347712,20.0,43.533289024,True,4,7,True
8,19;24;44;52;63;88;119;125,60,4,23.221536,3.25165824,26.47319424,6.190392,20.0,46.47319424,True,4,7,False
9,19;24;44;52;63;75;88;119;125,64,0,26.303784,3.268435456,29.572219456,0.0,20.0,49.572219456,True,4,7,False
0,,0,64,0.0,0.0,0.0,98.534592,20.0,118.534592,True,4,8,False
1,22,8,56,2.461056,3.033554432,5.494610432,86.22276,20.0,106.22276,True,4,8,False
2,22;45,16,48,5.406336,3.067108864,8.473444864,73.909992,20.0,93.909992,True,4,8,False
3,22;45;53,24,40,8.421504,3.100663296,11.522167296,61.597224,20.0,81.597224,True,4,8,False
4,22;45;53;68,32,32,11.37396,3.134217728,14.508177728,49.28508,20.0,69.28508,True,4,8,False
5,22;45;53;68;92,40,24,14.41128,3.16777216,17.57905216,36.972624,20.0,56.972624,True,4,8,False
6,22;45;53;68;92;100,46,18,17.338152,3.192937984,20.531089984,27.73836,20.0,47.73836,True,4,8,False
7,9;22;45;53;68;92;100,51,13,20.314632,3.213909504,23.528541504,20.061912,20.0,43.528541504,True,4,8,True
8,9;22;23;45;53;68;92;100,55,9,23.25336,3.23068672,26.48404672,13.904904,20.0,46.48404672,True,4,8,False
9,9;22;23;45;53;68;92;100;118,59,5,26.20488,3.247463936,29.452343936,7.747896,20.0,49.452343936,True,4,8,False
10,9;17;22;23;45;53;68;92;100;118,62,2,29.209128,3.260046848,32.469174848,3.112512,20.0,52.469174848,True,4,8,False
11,9;17;22;23;38;45;53;68;92;100;118,64,0,32.264232,3.268435456,35.532667456,0.0,20.0,55.532667456,True,4,8,False
0,,0,64,0.0,0.0,0.0,98.534592,20.0,118.534592,True,4,9,False
1,2,8,56,2.461056,3.033554432,5.494610432,86.22276,20.0,106.22276,True,4,9,False
2,2;8,16,48,5.406336,3.067108864,8.473444864,73.909992,20.0,93.909992,True,4,9,False
3,2;8;13,24,40,8.421504,3.100663296,11.522167296,61.597224,20.0,81.597224,True,4,9,False
4,2;8;13;39,32,32,11.37396,3.134217728,14.508177728,49.28508,20.0,69.28508,True,4,9,False
5,2;8;13;39;69,40,24,14.41128,3.16777216,17.57905216,36.972624,20.0,56.972624,True,4,9,False
6,2;8;13;39;69;82,48,16,17.33004,3.201326592,20.531366592,24.660792,20.0,44.660792,True,4,9,False
7,0;2;8;13;39;69;82,54,10,20.251296,3.226492416,23.477788416,15.426216,20.0,43.477788416,True,4,9,True
8,0;2;6;8;13;39;69;82,60,4,23.221536,3.25165824,26.47319424,6.190392,20.0,46.47319424,True,4,9,False
9,0;2;6;8;13;39;69;82;95,64,0,26.303784,3.268435456,29.572219456,0.0,20.0,49.572219456,True,4,9,False
0,,0,64,0.0,0.0,0.0,98.534592,20.0,118.534592,True,4,10,False
1,1,8,56,2.461056,3.033554432,5.494610432,86.22276,20.0,106.22276,True,4,10,False
2,1;5,16,48,5.406336,3.067108864,8.473444864,73.909992,20.0,93.909992,True,4,10,False
3,1;5;6,24,40,8.421504,3.100663296,11.522167296,61.597224,20.0,81.597224,True,4,10,False
4,1;5;6;9,32,32,11.37396,3.134217728,14.508177728,49.28508,20.0,69.28508,True,4,10,False
5,1;5;6;9;19,40,24,14.41128,3.16777216,17.57905216,36.972624,20.0,56.972624,True,4,10,False
6,1;5;6;9;19;98,48,16,17.33004,3.201326592,20.531366592,24.660792,20.0,44.660792,True,4,10,False
7,1;5;6;9;19;92;98,54,10,20.251296,3.226492416,23.477788416,15.426216,20.0,43.477788416,True,4,10,True
8,1;5;6;9;19;36;92;98,58,6,23.228712,3.243269632,26.471981632,9.268896,20.0,46.471981632,True,4,10,False
9,1;5;6;9;19;36;78;92;98,62,2,26.263848,3.260046848,29.523894848,3.112512,20.0,49.523894848,True,4,10,False
10,1;5;6;9;19;36;54;78;92;98,64,0,29.249064,3.268435456,32.517499456,0.0,20.0,52.517499456,True,4,10,False
0,,0,64,0.0,0.0,0.0,98.534592,20.0,118.534592,True,4,11,False
1,3,8,56,2.461056,3.033554432,5.494610432,86.22276,20.0,106.22276,True,4,11,False
2,3;4,16,48,5.406336,3.067108864,8.473444864,73.909992,20.0,93.909992,True,4,11,False
3,3;4;25,24,40,8.421504,3.100663296,11.522167296,61.597224,20.0,81.597224,True,4,11,False
4,3;4;25;48,32,32,11.37396,3.134217728,14.508177728,49.28508,20.0,69.28508,True,4,11,False
5,3;4;25;48;52,40,24,14.41128,3.16777216,17.57905216,36.972624,20.0,56.972624,True,4,11,False
6,3;4;25;48;52;72,48,16,17.33004,3.201326592,20.531366592,24.660792,20.0,44.660792,True,4,11,False
7,3;4;25;48;52;72;108,56,8,20.298408,3.234881024,23.533289024,12.347712,20.0,43.533289024,True,4,11,True
8,3;4;25;48;52;72;108;121,64,0,23.288616,3.268435456,26.557051456,0.0,20.0,46.557051456,True,4,11,False
0,,0,64,0.0,0.0,0.0,98.534592,20.0,118.534592,True,4,12,False
1,8,8,56,2.461056,3.033554432,5.494610432,86.22276,20.0,106.22276,True,4,12,False
2,8;18,16,48,5.406336,3.067108864,8.473444864,73.909992,20.0,93.909992,True,4,12,False
3,8;18;28,24,40,8.421504,3.100663296,11.522167296,61.597224,20.0,81.597224,True,4,12,False
4,8;18;28;65,32,32,11.37396,3.134217728,14.508177728,49.28508,20.0,69.28508,True,4,12,False
5,8;18;28;65;78,40,24,14.41128,3.16777216,17.57905216,36.972624,20.0,56.972624,True,4,12,False
6,8;18;28;65;78;92,48,16,17.33004,3.201326592,20.531366592,24.660792,20.0,44.660792,True,4,12,False
7,8;18;28;65;78;91;92,54,10,20.251296,3.226492416,23.477788416,15.426216,20.0,43.477788416,True,4,12,True
8,8;18;28;41;65;78;91;92,59,5,23.189712,3.247463936,26.437175936,7.747896,20.0,46.437175936,True,4,12,False
9,8;18;28;41;65;78;85;91;92,64,0,26.303784,3.268435456,29.572219456,0.0,20.0,49.572219456,True,4,12,False
0,,0,64,0.0,0.0,0.0,98.534592,20.0,118.534592,True,4,13,False
1,20,8,56,2.461056,3.033554432,5.494610432,86.22276,20.0,106.22276,True,4,13,False
2,20;52,16,48,5.406336,3.067108864,8.473444864,73.909992,20.0,93.909992,True,4,13,False
3,20;52;91,24,40,8.421504,3.100663296,11.522167296,61.597224,20.0,81.597224,True,4,13,False
4,20;52;91;104,32,32,11.37396,3.134217728,14.508177728,49.28508,20.0,69.28508,True,4,13,False
5,20;52;91;104;117,40,24,14.41128,3.16777216,17.57905216,36.972624,20.0,56.972624,True,4,13,False
6,20;52;91;104;117;119,48,16,17.33004,3.201326592,20.531366592,24.660792,20.0,44.660792,True,4,13,False
7,20;52;91;92;104;117;119,53,11,20.277504,3.222298112,23.499802112,16.983096,20.0,43.499802112,True,4,13,True
8,20;52;58;91;92;104;117;119,57,7,23.186592,3.239075328,26.425667328,10.827336,20.0,46.425667328,True,4,13,False
9,20;52;58;61;91;92;104;117;119,61,3,26.2626,3.255852544,29.518452544,4.670016,20.0,49.518452544,True,4,13,False
10,0;20;52;58;61;91;92;104;117;119,64,0,29.249064,3.268435456,32.517499456,0.0,20.0,52.517499456,True,4,13,False
0,,0,64,0.0,0.0,0.0,98.534592,20.0,118.534592,True,4,14,False
1,2,8,56,2.461056,3.033554432,5.494610432,86.22276,20.0,106.22276,True,4,14,False
2,2;19,16,48,5.406336,3.067108864,8.473444864,73.909992,20.0,93.909992,True,4,14,False
3,2;19;49,24,40,8.421504,3.100663296,11.522167296,61.597224,20.0,81.597224,True,4,14,False
4,2;19;49;66,32,32,11.37396,3.134217728,14.508177728,49.28508,20.0,69.28508,True,4,14,False
5,2;19;49;66;92,40,24,14.41128,3.16777216,17.57905216,36.972624,20.0,56.972624,True,4,14,False
6,2;19;49;66;92;109,48,16,17.33004,3.201326592,20.531366592,24.660792,20.0,44.660792,True,4,14,False
7,2;14;19;49;66;92;109,54,10,20.251296,3.226492416,23.477788416,15.426216,20.0,43.477788416,True,4,14,True
8,2;14;19;49;66;92;109;113,60,4,23.221536,3.25165824,26.47319424,6.190392,20.0,46.47319424,True,4,14,False
9,2;5;14;19;49;66;92;109;113,64,0,26.303784,3.268435456,29.572219456,0.0,20.0,49.572219456,True,4,14,False
0,,0,64,0.0,0.0,0.0,98.534592,20.0,118.534592,True,4,15,False
1,0,8,56,2.461056,3.033554432,5.494610432,86.22276,20.0,106.22276,True,4,15,False
2,0;14,16,48,5.406336,3.067108864,8.473444864,73.909992,20.0,93.909992,True,4,15,False
3,0;14;25,24,40,8.421504,3.100663296,11.522167296,61.597224,20.0,81.597224,True,4,15,False
4,0;14;25;58,32,32,11.37396,3.134217728,14.508177728,49.28508,20.0,69.28508,True,4,15,False
5,0;14;25;58;84,40,24,14.41128,3.16777216,17.57905216,36.972624,20.0,56.972624,True,4,15,False
6,0;14;25;58;84;125,48,16,17.33004,3.201326592,20.531366592,24.660792,20.0,44.660792,True,4,15,False
7,0;14;25;58;84;125;127,56,8,20.298408,3.234881024,23.533289024,12.347712,20.0,43.533289024,True,4,15,True
8,0;14;25;49;58;84;125;127,60,4,23.221536,3.25165824,26.47319424,6.190392,20.0,46.47319424,True,4,15,False
9,0;14;25;49;50;58;84;125;127,64,0,26.303784,3.268435456,29.572219456,0.0,20.0,49.572219456,True,4,15,False
0,,0,64,0.0,0.0,0.0,98.534592,20.0,118.534592,True,4,16,False
1,35,8,56,2.461056,3.033554432,5.494610432,86.22276,20.0,106.22276,True,4,16,False
2,35;42,16,48,5.406336,3.067108864,8.473444864,73.909992,20.0,93.909992,True,4,16,False
3,35;42;48,24,40,8.421504,3.100663296,11.522167296,61.597224,20.0,81.597224,True,4,16,False
4,35;42;48;82,32,32,11.37396,3.134217728,14.508177728,49.28508,20.0,69.28508,True,4,16,False
5,35;42;48;82;93,40,24,14.41128,3.16777216,17.57905216,36.972624,20.0,56.972624,True,4,16,False
6,35;42;48;82;93;97,48,16,17.33004,3.201326592,20.531366592,24.660792,20.0,44.660792,True,4,16,False
7,35;42;48;82;93;97;100,56,8,20.298408,3.234881024,23.533289024,12.347712,20.0,43.533289024,True,4,16,True
8,35;42;48;82;93;97;100;107,64,0,23.288616,3.268435456,26.557051456,0.0,20.0,46.557051456,True,4,16,False
0,,0,64,0.0,0.0,0.0,98.534592,20.0,118.534592,True,4,17,False
1,73,8,56,2.461056,3.033554432,5.494610432,86.22276,20.0,106.22276,True,4,17,False
2,73;75,16,48,5.406336,3.067108864,8.473444864,73.909992,20.0,93.909992,True,4,17,False
3,73;75;80,24,40,8.421504,3.100663296,11.522167296,61.597224,20.0,81.597224,True,4,17,False
4,73;75;80;90,32,32,11.37396,3.134217728,14.508177728,49.28508,20.0,69.28508,True,4,17,False
5,73;75;80;90;100,40,24,14.41128,3.16777216,17.57905216,36.972624,20.0,56.972624,True,4,17,False
6,73;75;80;90;100;116,48,16,17.33004,3.201326592,20.531366592,24.660792,20.0,44.660792,True,4,17,False
7,73;75;80;90;100;116;124,56,8,20.298408,3.234881024,23.533289024,12.347712,20.0,43.533289024,True,4,17,True
8,22;73;75;80;90;100;116;124,61,3,23.247432,3.255852544,26.503284544,4.670016,20.0,46.503284544,True,4,17,False
9,21;22;73;75;80;90;100;116;124,64,0,26.303784,3.268435456,29.572219456,0.0,20.0,49.572219456,True,4,17,False
0,,0,64,0.0,0.0,0.0,98.534592,20.0,118.534592,True,4,18,False
1,25,8,56,2.461056,3.033554432,5.494610432,86.22276,20.0,106.22276,True,4,18,False
2,25;32,16,48,5.406336,3.067108864,8.473444864,73.909992,20.0,93.909992,True,4,18,False
3,25;32;58,24,40,8.421504,3.100663296,11.522167296,61.597224,20.0,81.597224,True,4,18,False
4,25;32;58;74,32,32,11.37396,3.134217728,14.508177728,49.28508,20.0,69.28508,True,4,18,False
5,25;32;58;74;82,40,24,14.41128,3.16777216,17.57905216,36.972624,20.0,56.972624,True,4,18,False
6,25;32;58;74;82;87,48,16,17.33004,3.201326592,20.531366592,24.660792,20.0,44.660792,True,4,18,False
7,25;32;58;74;82;87;112,56,8,20.298408,3.234881024,23.533289024,12.347712,20.0,43.533289024,True,4,18,True
8,20;25;32;58;74;82;87;112,62,2,23.24868,3.260046848,26.508726848,3.112512,20.0,46.508726848,True,4,18,False
9,12;20;25;32;58;74;82;87;112,64,0,26.303784,3.268435456,29.572219456,0.0,20.0,49.572219456,True,4,18,False
0,,0,64,0.0,0.0,0.0,98.534592,20.0,118.534592,True,4,19,False
1,19,8,56,2.461056,3.033554432,5.494610432,86.22276,20.0,106.22276,True,4,19,False
2,19;28,16,48,5.406336,3.067108864,8.473444864,73.909992,20.0,93.909992,True,4,19,False
3,19;28;29,24,40,8.421504,3.100663296,11.522167296,61.597224,20.0,81.597224,True,4,19,False
4,19;28;29;44,32,32,11.37396,3.134217728,14.508177728,49.28508,20.0,69.28508,True,4,19,False
5,19;28;29;44;52,40,24,14.41128,3.16777216,17.57905216,36.972624,20.0,56.972624,True,4,19,False
6,19;28;29;44;52;75,48,16,17.33004,3.201326592,20.531366592,24.660792,20.0,44.660792,True,4,19,False
7,19;28;29;44;52;63;75,55,9,20.309328,3.23068672,23.54001472,13.904904,20.0,43.54001472,True,4,19,True
8,19;28;29;44;52;63;75;114,61,3,23.247432,3.255852544,26.503284544,4.670016,20.0,46.503284544,True,4,19,False
9,19;28;29;44;52;63;75;88;114,63,1,26.291616,3.264241152,29.555857152,1.591512,20.0,49.555857152,True,4,19,False
10,19;28;29;44;52;59;63;75;88;114,64,0,29.249064,3.268435456,32.517499456,0.0,20.0,52.517499456,True,4,19,False
0,,0,64,0.0,0.0,0.0,98.534592,20.0,118.534592,True,4,20,False
1,9,8,56,2.461056,3.033554432,5.494610432,86.22276,20.0,106.22276,True,4,20,False
2,9;85,16,48,5.406336,3.067108864,8.473444864,73.909992,20.0,93.909992,True,4,20,False
3,9;85;118,24,40,8.421504,3.100663296,11.522167296,61.597224,20.0,81.597224,True,4,20,False
4,9;85;118;123,32,32,11.37396,3.134217728,14.508177728,49.28508,20.0,69.28508,True,4,20,False
5,9;85;118;123;124,40,24,14.41128,3.16777216,17.57905216,36.972624,20.0,56.972624,True,4,20,False
6,9;68;85;118;123;124,45,19,17.353752,3.18874368,20.54249568,29.295864,20.0,49.295864,True,4,20,False
7,9;68;76;85;118;123;124,50,14,20.29872,3.2097152,23.5084352,21.582288,20.0,43.5084352,True,4,20,True
8,9;65;68;76;85;118;123;124,54,10,23.20656,3.226492416,26.433052416,15.426216,20.0,46.433052416,True,4,20,False
9,9;65;68;76;85;92;118;123;124,58,6,26.24388,3.243269632,29.487149632,9.268896,20.0,49.487149632,True,4,20,False
10,9;45;65;68;76;85;92;118;123;124,61,3,29.20788,3.255852544,32.463732544,4.670016,20.0,52.463732544,True,4,20,False
11,9;45;65;68;76;85;92;114;118;123;124,64,0,32.264232,3.268435456,35.532667456,0.0,20.0,55.532667456,True,4,20,False
0,,0,64,0.0,0.0,0.0,98.534592,20.0,118.534592,True,4,21,False
1,2,8,56,2.461056,3.033554432,5.494610432,86.22276,20.0,106.22276,True,4,21,False
2,2;6,16,48,5.406336,3.067108864,8.473444864,73.909992,20.0,93.909992,True,4,21,False
3,2;6;8,24,40,8.421504,3.100663296,11.522167296,61.597224,20.0,81.597224,True,4,21,False
4,2;6;8;13,32,32,11.37396,3.134217728,14.508177728,49.28508,20.0,69.28508,True,4,21,False
5,2;6;8;13;39,40,24,14.41128,3.16777216,17.57905216,36.972624,20.0,56.972624,True,4,21,False
6,2;6;8;13;39;63,48,16,17.33004,3.201326592,20.531366592,24.660792,20.0,44.660792,True,4,21,False
7,2;6;8;11;13;39;63,55,9,20.309328,3.23068672,23.54001472,13.904904,20.0,43.54001472,True,4,21,True
8,2;6;8;11;13;39;63;69,59,5,23.189712,3.247463936,26.437175936,7.747896,20.0,46.437175936,True,4,21,False
9,2;6;8;11;13;39;63;69;84,61,3,26.2626,3.255852544,29.518452544,4.670016,20.0,49.518452544,True,4,21,False
10,2;6;8;11;13;14;39;63;69;84,62,2,29.209128,3.260046848,32.469174848,3.112512,20.0,52.469174848,True,4,21,False
11,2;6;8;11;13;14;38;39;63;69;84,63,1,32.252064,3.264241152,35.516305152,1.591512,20.0,55.516305152,True,4,21,False
12,2;6;8;11;13;14;38;39;51;63;69;84,64,0,35.209512,3.268435456,38.477947456,0.0,20.0,58.477947456,True,4,21,False
0,,0,64,0.0,0.0,0.0,98.534592,20.0,118.534592,True,4,22,False
1,1,8,56,2.461056,3.033554432,5.494610432,86.22276,20.0,106.22276,True,4,22,False
2,1;9,16,48,5.406336,3.067108864,8.473444864,73.909992,20.0,93.909992,True,4,22,False
3,1;9;71,24,40,8.421504,3.100663296,11.522167296,61.597224,20.0,81.597224,True,4,22,False
4,1;9;71;114,32,32,11.37396,3.134217728,14.508177728,49.28508,20.0,69.28508,True,4,22,False
5,1;9;54;71;114,38,26,14.424696,3.159383552,17.584079552,40.051128,20.0,60.051128,True,4,22,False
6,1;9;54;66;71;114,43,21,17.360928,3.180355072,20.541283072,32.374056,20.0,52.374056,True,4,22,False
7,1;9;54;66;71;92;114,48,16,20.327112,3.201326592,23.528438592,24.661104,20.0,44.661104,True,4,22,True
8,0;1;9;54;66;71;92;114,51,13,23.327304,3.213909504,26.541213504,20.060976,20.0,46.541213504,True,4,22,False
9,0;1;9;36;54;66;71;92;114,54,10,26.17524,3.226492416,29.401732416,15.426216,20.0,49.401732416,True,4,22,False
10,0;1;9;36;54;66;68;71;92;114,57,7,29.14704,3.239075328,32.386115328,10.827336,20.0,52.386115328,True,4,22,False
11,0;1;9;36;54;66;68;71;78;92;114,60,4,32.197152,3.25165824,35.44881024,6.190392,20.0,55.44881024,True,4,22,False
12,0;1;9;36;54;58;66;68;71;78;92;114,62,2,35.169576,3.260046848,38.429622848,3.112512,20.0,58.429622848,True,4,22,False
13,0;1;5;9;36;54;58;66;68;71;78;92;114,63,1,38.212512,3.264241152,41.476753152,1.591512,20.0,61.476753152,True,4,22,False
14,0;1;5;8;9;36;54;58;66;68;71;78;92;114,64,0,41.16996,3.268435456,44.438395456,0.0,20.0,64.438395456,True,4,22,False
0,,0,64,0.0,0.0,0.0,98.534592,20.0,118.534592,True,4,23,False
1,4,8,56,2.461056,3.033554432,5.494610432,86.22276,20.0,106.22276,True,4,23,False
2,4;14,16,48,5.406336,3.067108864,8.473444864,73.909992,20.0,93.909992,True,4,23,False
3,4;14;31,24,40,8.421504,3.100663296,11.522167296,61.597224,20.0,81.597224,True,4,23,False
4,4;14;31;65,32,32,11.37396,3.134217728,14.508177728,49.28508,20.0,69.28508,True,4,23,False
5,4;14;31;65;121,40,24,14.41128,3.16777216,17.57905216,36.972624,20.0,56.972624,True,4,23,False
6,4;14;31;65;120;121,46,18,17.338152,3.192937984,20.531089984,27.73836,20.0,47.73836,True,4,23,False
7,4;14;15;31;65;120;121,51,13,20.314632,3.213909504,23.528541504,20.061912,20.0,43.528541504,True,4,23,True
8,4;14;15;31;65;76;120;121,56,8,23.225904,3.234881024,26.460785024,12.347712,20.0,46.460785024,True,4,23,False
9,3;4;14;15;31;65;76;120;121,59,5,26.20488,3.247463936,29.452343936,7.747896,20.0,49.452343936,True,4,23,False
10,3;4;14;15;31;65;76;120;121;125,61,3,29.20788,3.255852544,32.463732544,4.670016,20.0,52.463732544,True,4,23,False
11,3;4;5;14;15;31;65;76;120;121;125,62,2,32.224296,3.260046848,35.484342848,3.112512,20.0,55.484342848,True,4,23,False
12,3;4;5;14;15;31;48;65;76;120;121;125,63,1,35.197344,3.264241152,38.461585152,1.591512,20.0,58.461585152,True,4,23,False
13,3;4;5;14;15;31;48;54;65;76;120;121;125,64,0,38.22468,3.268435456,41.493115456,0.0,20.0,61.493115456,True,4,23,False
0,,0,64,0.0,0.0,0.0,98.534592,20.0,118.534592,True,4,24,False
1,11,8,56,2.461056,3.033554432,5.494610432,86.22276,20.0,106.22276,True,4,24,False
2,11;28,16,48,5.406336,3.067108864,8.473444864,73.909992,20.0,93.909992,True,4,24,False
3,11;28;59,24,40,8.421504,3.100663296,11.522167296,61.597224,20.0,81.597224,True,4,24,False
4,11;28;59;92,32,32,11.37396,3.134217728,14.508177728,49.28508,20.0,69.28508,True,4,24,False
5,11;28;59;92;109,40,24,14.41128,3.16777216,17.57905216,36.972624,20.0,56.972624,True,4,24,False
6,11;28;37;59;92;109,47,17,17.347512,3.197132288,20.544644288,26.217672,20.0,46.217672,True,4,24,False
7,11;28;37;59;92;101;109,54,10,20.251296,3.226492416,23.477788416,15.426216,20.0,43.477788416,True,4,24,True
8,11;28;37;59;91;92;101;109,58,6,23.228712,3.243269632,26.471981632,9.268896,20.0,46.471981632,True,4,24,False
9,11;28;37;59;85;91;92;101;109,60,4,26.236704,3.25165824,29.48836224,6.190392,20.0,49.48836224,True,4,24,False
10,8;11;28;37;59;85;91;92;101;109,61,3,29.20788,3.255852544,32.463732544,4.670016,20.0,52.463732544,True,4,24,False
11,8;11;28;37;57;59;85;91;92;101;109,62,2,32.224296,3.260046848,35.484342848,3.112512,20.0,55.484342848,True,4,24,False
12,8;11;28;37;57;59;85;91;92;96;101;109,63,1,35.197344,3.264241152,38.461585152,1.591512,20.0,58.461585152,True,4,24,False
13,8;11;28;37;57;59;85;91;92;96;101;109;111,64,0,38.22468,3.268435456,41.493115456,0.0,20.0,61.493115456,True,4,24,False
0,,0,64,0.0,0.0,0.0,98.534592,20.0,118.534592,True,4,25,False
1,85,8,56,2.461056,3.033554432,5.494610432,86.22276,20.0,106.22276,True,4,25,False
2,85;99,16,48,5.406336,3.067108864,8.473444864,73.909992,20.0,93.909992,True,4,25,False
3,85;99;119,24,40,8.421504,3.100663296,11.522167296,61.597224,20.0,81.597224,True,4,25,False
4,13;85;99;119,31,33,11.381448,3.130023424,14.511471424,50.842896,20.0,70.842896,True,4,25,False
5,13;20;85;99;119,38,26,14.424696,3.159383552,17.584079552,40.051128,20.0,60.051128,True,4,25,False
6,13;20;85;86;99;119,43,21,17.360928,3.180355072,20.541283072,32.374056,20.0,52.374056,True,4,25,False
7,13;20;52;85;86;99;119,47,17,20.337096,3.197132288,23.534228288,26.217672,20.0,46.217672,True,4,25,True
8,13;20;52;72;85;86;99;119,51,13,23.327304,3.213909504,26.541213504,20.060976,20.0,46.541213504,True,4,25,False
9,13;20;31;52;72;85;86;99;119,54,10,26.17524,3.226492416,29.401732416,15.426216,20.0,49.401732416,True,4,25,False
10,13;20;31;52;72;85;86;93;99;119,57,7,29.14704,3.239075328,32.386115328,10.827336,20.0,52.386115328,True,4,25,False
11,13;20;31;52;72;85;86;92;93;99;119,59,5,32.165328,3.247463936,35.412791936,7.747896,20.0,55.412791936,True,4,25,False
12,13;20;31;52;72;85;86;92;93;99;110;119,61,3,35.168328,3.255852544,38.424180544,4.670016,20.0,58.424180544,True,4,25,False
13,0;13;20;31;52;72;85;86;92;93;99;110;119,62,2,38.184744,3.260046848,41.444790848,3.112512,20.0,61.444790848,True,4,25,False
14,0;13;20;31;52;72;85;86;92;93;99;104;110;119,63,1,41.157792,3.264241152,44.422033152,1.591512,20.0,64.422033152,True,4,25,False
15,0;13;20;31;52;72;85;86;92;93;99;104;110;119;122,64,0,44.185128,3.268435456,47.453563456,0.0,20.0,67.453563456,True,4,25,False
0,,0,64,0.0,0.0,0.0,98.534592,20.0,118.534592,True,4,26,False
1,19,8,56,2.461056,3.033554432,5.494610432,86.22276,20.0,106.22276,True,4,26,False
2,19;49,16,48,5.406336,3.067108864,8.473444864,73.909992,20.0,93.909992,True,4,26,False
3,19;49;91,24,40,8.421504,3.100663296,11.522167296,61.597224,20.0,81.597224,True,4,26,False
4,19;49;91;113,32,32,11.37396,3.134217728,14.508177728,49.28508,20.0,69.28508,True,4,26,False
5,19;49;91;113;116,40,24,14.41128,3.16777216,17.57905216,36.972624,20.0,56.972624,True,4,26,False
6,19;29;49;91;113;116,47,17,17.347512,3.197132288,20.544644288,26.217672,20.0,46.217672,True,4,26,False
7,19;29;49;59;91;113;116,54,10,20.251296,3.226492416,23.477788416,15.426216,20.0,43.477788416,True,4,26,True
8,2;19;29;49;59;91;113;116,60,4,23.221536,3.25165824,26.47319424,6.190392,20.0,46.47319424,True,4,26,False
9,2;19;29;49;59;66;91;113;116,61,3,26.2626,3.255852544,29.518452544,4.670016,20.0,49.518452544,True,4,26,False
10,2;19;29;49;59;66;81;91;113;116,62,2,29.209128,3.260046848,32.469174848,3.112512,20.0,52.469174848,True,4,26,False
11,2;19;29;49;59;66;81;91;94;113;116,63,1,32.252064,3.264241152,35.516305152,1.591512,20.0,55.516305152,True,4,26,False
12,2;19;29;49;59;66;81;91;94;109;113;116,64,0,35.209512,3.268435456,38.477947456,0.0,20.0,58.477947456,True,4,26,False
0,,0,64,0.0,0.0,0.0,98.534592,20.0,118.534592,True,4,27,False
1,15,8,56,2.461056,3.033554432,5.494610432,86.22276,20.0,106.22276,True,4,27,False
2,15;79,16,48,5.406336,3.067108864,8.473444864,73.909992,20.0,93.909992,True,4,27,False
3,15;79;84,24,40,8.421504,3.100663296,11.522167296,61.597224,20.0,81.597224,True,4,27,False
4,15;26;79;84,31,33,11.381448,3.130023424,14.511471424,50.842896,20.0,70.842896,True,4,27,False
5,15;26;50;79;84,38,26,14.424696,3.159383552,17.584079552,40.051128,20.0,60.051128,True,4,27,False
6,15;26;50;79;84;111,45,19,17.353752,3.18874368,20.54249568,29.295864,20.0,49.295864,True,4,27,False
7,15;26;50;63;79;84;111,51,13,20.314632,3.213909504,23.528541504,20.061912,20.0,43.528541504,True,4,27,True
8,15;21;26;50;63;79;84;111,55,9,23.25336,3.23068672,26.48404672,13.904904,20.0,46.48404672,True,4,27,False
9,15;21;26;50;63;79;84;88;111,58,6,26.24388,3.243269632,29.487149632,9.268896,20.0,49.487149632,True,4,27,False
10,11;15;21;26;50;63;79;84;88;111,60,4,29.181984,3.25165824,32.43364224,6.190392,20.0,52.43364224,True,4,27,False
11,11;15;21;26;50;63;79;84;88;111;122,62,2,32.224296,3.260046848,35.484342848,3.112512,20.0,55.484342848,True,4,27,False
12,11;15;21;26;49;50;63;79;84;88;111;122,63,1,35.197344,3.264241152,38.461585152,1.591512,20.0,58.461585152,True,4,27,False
13,11;15;21;26;49;50;63;79;84;88;111;122;125,64,0,38.22468,3.268435456,41.493115456,0.0,20.0,61.493115456,True,4,27,False
0,,0,64,0.0,0.0,0.0,98.534592,20.0,118.534592,True,4,28,False
1,42,8,56,2.461056,3.033554432,5.494610432,86.22276,20.0,106.22276,True,4,28,False
2,42;70,16,48,5.406336,3.067108864,8.473444864,73.909992,20.0,93.909992,True,4,28,False
3,42;70;82,24,40,8.421504,3.100663296,11.522167296,61.597224,20.0,81.597224,True,4,28,False
4,42;70;82;98,32,32,11.37396,3.134217728,14.508177728,49.28508,20.0,69.28508,True,4,28,False
5,42;70;82;98;122,40,24,14.41128,3.16777216,17.57905216,36.972624,20.0,56.972624,True,4,28,False
6,42;70;82;98;107;122,47,17,17.347512,3.197132288,20.544644288,26.217672,20.0,46.217672,True,4,28,False
7,42;49;70;82;98;107;122,53,11,20.277504,3.222298112,23.499802112,16.983096,20.0,43.499802112,True,4,28,True
8,10;42;49;70;82;98;107;122,57,7,23.186592,3.239075328,26.425667328,10.827336,20.0,46.425667328,True,4,28,False
9,10;42;49;53;70;82;98;107;122,61,3,26.2626,3.255852544,29.518452544,4.670016,20.0,49.518452544,True,4,28,False
10,10;42;49;53;70;82;97;98;107;122,63,1,29.236896,3.264241152,32.501137152,1.591512,20.0,52.501137152,True,4,28,False
11,10;42;48;49;53;70;82;97;98;107;122,64,0,32.264232,3.268435456,35.532667456,0.0,20.0,55.532667456,True,4,28,False
0,,0,64,0.0,0.0,0.0,98.534592,20.0,118.534592,True,4,29,False
1,50,8,56,2.461056,3.033554432,5.494610432,86.22276,20.0,106.22276,True,4,29,False
2,50;72,16,48,5.406336,3.067108864,8.473444864,73.909992,20.0,93.909992,True,4,29,False
3,50;72;75,24,40,8.421504,3.100663296,11.522167296,61.597224,20.0,81.597224,True,4,29,False
4,50;72;75;120,32,32,11.37396,3.134217728,14.508177728,49.28508,20.0,69.28508,True,4,29,False
5,50;72;75;120;124,40,24,14.41128,3.16777216,17.57905216,36.972624,20.0,56.972624,True,4,29,False
6,13;50;72;75;120;124,46,18,17.338152,3.192937984,20.531089984,27.73836,20.0,47.73836,True,4,29,False
7,13;50;72;75;116;120;124,51,13,20.314632,3.213909504,23.528541504,20.061912,20.0,43.528541504,True,4,29,True
8,13;50;61;72;75;116;120;124,55,9,23.25336,3.23068672,26.48404672,13.904904,20.0,46.48404672,True,4,29,False
9,13;50;61;72;75;93;116;120;124,58,6,26.24388,3.243269632,29.487149632,9.268896,20.0,49.487149632,True,4,29,False
10,13;37;50;61;72;75;93;116;120;124,60,4,29.181984,3.25165824,32.43364224,6.190392,20.0,52.43364224,True,4,29,False
11,13;22;37;50;61;72;75;93;116;120;124,61,3,32.223048,3.255852544,35.478900544,4.670016,20.0,55.478900544,True,4,29,False
12,13;22;30;37;50;61;72;75;93;116;120;124,62,2,35.169576,3.260046848,38.429622848,3.112512,20.0,58.429622848,True,4,29,False
13,13;22;30;37;50;61;72;75;93;99;116;120;124,63,1,38.212512,3.264241152,41.476753152,1.591512,20.0,61.476753152,True,4,29,False
14,13;22;30;37;50;61;72;75;93;99;116;120;123;124,64,0,41.16996,3.268435456,44.438395456,0.0,20.0,64.438395456,True,4,29,False
0,,0,64,0.0,0.0,0.0,98.534592,20.0,118.534592,True,4,30,False
1,58,8,56,2.461056,3.033554432,5.494610432,86.22276,20.0,106.22276,True,4,30,False
2,58;74,16,48,5.406336,3.067108864,8.473444864,73.909992,20.0,93.909992,True,4,30,False
3,58;74;82,23,41,8.421504,3.096468992,11.517972992,63.154728,20.0,83.154728,True,4,30,False
4,58;74;82;104,30,34,11.370528,3.12582912,14.49635712,52.363272,20.0,72.363272,True,4,30,False
5,55;58;74;82;104,36,28,14.398488,3.150994944,17.549482944,43.128696,20.0,63.128696,True,4,30,False
6,39;55;58;74;82;104,41,23,17.304456,3.171966464,20.476422464,35.451624,20.0,55.451624,True,4,30,False
7,39;55;58;74;82;104;120,46,18,20.296224,3.192937984,23.489161984,27.738672,20.0,47.738672,True,4,30,False
8,6;39;55;58;74;82;104;120,49,15,23.204064,3.205520896,26.409584896,23.140104,20.0,46.409584896,True,4,30,True
9,6;25;39;55;58;74;82;104;120,52,12,26.252616,3.218103808,29.470719808,18.503472,20.0,49.470719808,True,4,30,False
10,6;25;39;55;58;74;82;94;104;120,55,9,29.219736,3.23068672,32.45042272,13.904592,20.0,52.45042272,True,4,30,False
11,6;25;32;39;55;58;74;82;94;104;120,57,7,32.162208,3.239075328,35.401283328,10.827336,20.0,55.401283328,True,4,30,False
12,6;12;25;32;39;55;58;74;82;94;104;120,58,6,35.149608,3.243269632,38.392877632,9.268896,20.0,58.392877632,True,4,30,False
13,6;12;18;25;32;39;55;58;74;82;94;104;120,59,5,38.125776,3.247463936,41.373239936,7.747896,20.0,61.373239936,True,4,30,False
14,6;12;18;25;32;39;48;55;58;74;82;94;104;120,60,4,41.10288,3.25165824,44.35453824,6.190392,20.0,64.35453824,True,4,30,False
15,6;12;18;25;32;39;48;55;58;74;82;83;94;104;120,61,3,44.143944,3.255852544,47.399796544,4.670016,20.0,67.399796544,True,4,30,False
16,6;12;18;25;32;39;48;55;58;74;82;83;87;94;104;120,62,2,47.090472,3.260046848,50.350518848,3.112512,20.0,70.350518848,True,4,30,False
17,6;12;18;25;32;39;48;55;58;74;82;83;87;94;104;107;120,63,1,50.133408,3.264241152,53.397649152,1.591512,20.0,73.397649152,True,4,30,False
18,6;12;18;25;32;39;48;55;58;74;82;83;87;94;104;107;120;126,64,0,53.090856,3.268435456,56.359291456,0.0,20.0,76.359291456,True,4,30,False
0,,0,64,0.0,0.0,0.0,98.534592,20.0,118.534592,True,4,31,False
1,28,8,56,2.461056,3.033554432,5.494610432,86.22276,20.0,106.22276,True,4,31,False
2,28;63,16,48,5.406336,3.067108864,8.473444864,73.909992,20.0,93.909992,True,4,31,False
3,24;28;63,23,41,8.421504,3.096468992,11.517972992,63.154728,20.0,83.154728,True,4,31,False
4,24;28;44;63,30,34,11.370528,3.12582912,14.49635712,52.363272,20.0,72.363272,True,4,31,False
5,24;28;29;44;63,36,28,14.398488,3.150994944,17.549482944,43.128696,20.0,63.128696,True,4,31,False
6,10;24;28;29;44;63,41,23,17.304456,3.171966464,20.476422464,35.451624,20.0,55.451624,True,4,31,False
7,10;24;28;29;44;63;115,46,18,20.296224,3.192937984,23.489161984,27.738672,20.0,47.738672,True,4,31,False
8,10;19;24;28;29;44;63;115,50,14,23.30016,3.2097152,26.5098752,21.5826,20.0,46.5098752,True,4,31,True
9,10;19;24;28;29;44;56;63;115,54,10,26.17524,3.226492416,29.401732416,15.426216,20.0,49.401732416,True,4,31,False
10,10;19;24;28;29;31;44;56;63;115,56,8,29.148288,3.234881024,32.383169024,12.348024,20.0,52.383169024,True,4,31,False
11,10;19;24;28;29;31;39;44;56;63;115,58,6,32.204328,3.243269632,35.447597632,9.268896,20.0,55.447597632,True,4,31,False
12,10;19;24;28;29;31;39;44;56;63;106;115,60,4,35.142432,3.25165824,38.39409024,6.190392,20.0,58.39409024,True,4,31,False
13,10;19;24;28;29;31;36;39;44;56;63;106;115,61,3,38.183496,3.255852544,41.439348544,4.670016,20.0,61.439348544,True,4,31,False
14,10;19;24;28;29;31;36;39;44;56;59;63;106;115,62,2,41.130024,3.260046848,44.390070848,3.112512,20.0,64.390070848,True,4,31,False
15,10;19;24;28;29;31;36;39;44;56;59;63;79;106;115,63,1,44.17296,3.264241152,47.437201152,1.591512,20.0,67.437201152,True,4,31,False
16,10;19;24;28;29;31;36;39;44;56;59;63;79;106;114;115,64,0,47.130408,3.268435456,50.398843456,0.0,20.0,70.398843456,True,4,31,False
0,,0,64,0.0,0.0,0.0,98.534592,20.0,118.534592,True,4,32,False
1,118,8,56,2.461056,3.033554432,5.494610432,86.22276,20.0,106.22276,True,4,32,False
2,68;118,15,49,5.406336,3.06291456,8.46925056,75.467496,20.0,95.467496,True,4,32,False
3,68;85;118,22,42,8.421504,3.092274688,11.513778688,64.675416,20.0,84.675416,True,4,32,False
4,6;68;85;118,28,36,11.368656,3.117440512,14.486096512,55.441464,20.0,75.441464,True,4,32,False
5,6;9;68;85;118,34,30,14.410344,3.142606336,17.552950336,46.206888,20.0,66.206888,True,4,32,False
6,6;9;68;85;92;118,40,24,17.32068,3.16777216,20.48845216,36.972312,20.0,56.972312,True,4,32,False
7,6;9;68;85;90;92;118,45,19,20.378592,3.18874368,23.56733568,29.296488,20.0,49.296488,True,4,32,False
8,6;9;10;68;85;90;92;118,48,16,23.273016,3.201326592,26.474342592,24.660792,20.0,46.474342592,True,4,32,True
9,6;9;10;45;68;85;90;92;118,51,13,26.282568,3.213909504,29.496477504,20.061912,20.0,49.496477504,True,4,32,False
10,6;9;10;45;68;76;85;90;92;118,54,10,29.093688,3.226492416,32.320180416,15.426216,20.0,52.320180416,True,4,32,False
11,6;9;10;45;68;72;76;85;90;92;118,56,8,32.163456,3.234881024,35.398337024,12.348024,20.0,55.398337024,True,4,32,False
12,6;9;10;45;68;72;76;85;90;92;118;124,58,6,35.149608,3.243269632,38.392877632,9.268896,20.0,58.392877632,True,4,32,False
13,3;6;9;10;45;68;72;76;85;90;92;118;124,59,5,38.125776,3.247463936,41.373239936,7.747896,20.0,61.373239936,True,4,32,False
14,3;6;9;10;23;45;68;72;76;85;90;92;118;124,60,4,41.10288,3.25165824,44.35453824,6.190392,20.0,64.35453824,True,4,32,False
15,3;6;9;10;23;42;45;68;72;76;85;90;92;118;124,61,3,44.143944,3.255852544,47.399796544,4.670016,20.0,67.399796544,True,4,32,False
16,3;6;9;10;23;42;45;50;68;72;76;85;90;92;118;124,62,2,47.090472,3.260046848,50.350518848,3.112512,20.0,70.350518848,True,4,32,False
17,3;6;9;10;23;42;45;50;54;68;72;76;85;90;92;118;124,63,1,50.133408,3.264241152,53.397649152,1.591512,20.0,73.397649152,True,4,32,False
18,3;6;9;10;23;42;45;50;54;57;68;72;76;85;90;92;118;124,64,0,53.090856,3.268435456,56.359291456,0.0,20.0,76.359291456,True,4,32,False
0,,0,64,0.0,0.0,0.0,98.534592,20.0,118.534592,True,4,33,False
1,39,8,56,2.461056,3.033554432,5.494610432,86.22276,20.0,106.22276,True,4,33,False
2,8;39,15,49,5.406336,3.06291456,8.46925056,75.467496,20.0,95.467496,True,4,33,False
3,8;13;39,22,42,8.421504,3.092274688,11.513778688,64.675416,20.0,84.675416,True,4,33,False
4,8;13;14;39,28,36,11.368656,3.117440512,14.486096512,55.441464,20.0,75.441464,True,4,33,False
5,8;13;14;39;63,34,30,14.410344,3.142606336,17.552950336,46.206888,20.0,66.206888,True,4,33,False
6,8;11;13;14;39;63,39,25,17.357496,3.163577856,20.521073856,38.530752,20.0,58.530752,True,4,33,False
7,8;11;13;14;39;51;63,44,20,20.312136,3.184549376,23.496685376,30.816864,20.0,50.816864,True,4,33,False
8,8;11;13;14;39;51;63;69,49,15,23.204064,3.205520896,26.409584896,23.140104,20.0,46.409584896,True,4,33,True
9,6;8;11;13;14;39;51;63;69,53,11,26.224536,3.222298112,29.446834112,16.982784,20.0,49.446834112,True,4,33,False
10,2;6;8;11;13;14;39;51;63;69,56,8,29.148288,3.234881024,32.383169024,12.348024,20.0,52.383169024,True,4,33,False
11,2;6;8;11;13;14;39;51;56;63;69,59,5,32.165328,3.247463936,35.412791936,7.747896,20.0,55.412791936,True,4,33,False
12,2;6;8;11;13;14;15;39;51;56;63;69,61,3,35.168328,3.255852544,38.424180544,4.670016,20.0,58.424180544,True,4,33,False
13,2;6;8;11;13;14;15;25;39;51;56;63;69,62,2,38.184744,3.260046848,41.444790848,3.112512,20.0,61.444790848,True,4,33,False
14,2;6;8;11;13;14;15;25;39;51;56;63;69;81,63,1,41.157792,3.264241152,44.422033152,1.591512,20.0,64.422033152,True,4,33,False
15,2;6;8;11;13;14;15;25;39;51;56;63;69;81;84,64,0,44.185128,3.268435456,47.453563456,0.0,20.0,67.453563456,True,4,33,False
0,,0,64,0.0,0.0,0.0,98.534592,20.0,118.534592,True,4,34,False
1,114,8,56,2.461056,3.033554432,5.494610432,86.22276,20.0,106.22276,True,4,34,False
2,1;114,15,49,5.406336,3.06291456,8.46925056,75.467496,20.0,95.467496,True,4,34,False
3,1;92;114,22,42,8.421504,3.092274688,11.513778688,64.675416,20.0,84.675416,True,4,34,False
4,1;7;92;114,28,36,11.368656,3.117440512,14.486096512,55.441464,20.0,75.441464,True,4,34,False
5,1;5;7;92;114,33,31,14.393808,3.138412032,17.532220032,47.764392,20.0,67.764392,True,4,34,False
6,0;1;5;7;92;114,37,27,17.355,3.155189248,20.510189248,41.608008,20.0,61.608008,True,4,34,False
7,0;1;5;7;9;92;114,41,23,20.368296,3.171966464,23.540262464,35.451936,20.0,55.451936,True,4,34,False
8,0;1;5;7;9;22;92;114,45,19,23.30484,3.18874368,26.49358368,29.296488,20.0,49.296488,True,4,34,True
9,0;1;5;7;9;22;29;92;114,49,15,26.233272,3.205520896,29.438792896,23.14104,20.0,49.438792896,True,4,34,False
10,0;1;5;7;9;22;29;75;92;114,53,11,29.151096,3.222298112,32.373394112,16.982784,20.0,52.373394112,True,4,34,False
11,0;1;5;7;9;22;29;75;81;92;114,57,7,32.162208,3.239075328,35.401283328,10.827336,20.0,55.401283328,True,4,34,False
12,0;1;5;7;9;10;22;29;75;81;92;114,59,5,35.110608,3.247463936,38.358071936,7.747896,20.0,58.358071936,True,4,34,False
13,0;1;5;7;9;10;22;29;58;75;81;92;114,61,3,38.183496,3.255852544,41.439348544,4.670016,20.0,61.439348544,True,4,34,False
14,0;1;5;7;9;10;20;22;29;58;75;81;92;114,62,2,41.130024,3.260046848,44.390070848,3.112512,20.0,64.390070848,True,4,34,False
15,0;1;5;7;9;10;20;22;29;42;58;75;81;92;114,63,1,44.17296,3.264241152,47.437201152,1.591512,20.0,67.437201152,True,4,34,False
16,0;1;5;7;9;10;20;22;29;42;58;68;75;81;92;114,64,0,47.130408,3.268435456,50.398843456,0.0,20.0,70.398843456,True,4,34,False
0,,0,64,0.0,0.0,0.0,98.534592,20.0,118.534592,True,4,35,False
1,36,8,56,2.461056,3.033554432,5.494610432,86.22276,20.0,106.22276,True,4,35,False
2,4;36,14,50,5.406336,3.058720256,8.465056256,76.988184,20.0,96.988184,True,4,35,False
3,4;36;121,20,44,8.421504,3.08388608,11.50539008,67.753608,20.0,87.753608,True,4,35,False
4,4;15;36;121,25,39,11.366784,3.1048576,14.4716416,60.076536,20.0,80.076536,True,4,35,False
5,4;15;36;51;121,30,34,14.387256,3.12582912,17.51308512,52.363272,20.0,72.363272,True,4,35,False
6,4;15;36;51;120;121,35,29,17.37372,3.14680064,20.52052064,44.686824,20.0,64.686824,True,4,35,False
7,4;15;36;51;62;120;121,39,25,20.360184,3.163577856,23.523761856,38.530752,20.0,58.530752,True,4,35,False
8,4;15;36;51;62;94;120;121,43,21,23.311392,3.180355072,26.491747072,32.37468,20.0,52.37468,True,4,35,False
9,4;15;36;51;62;94;96;120;121,46,18,26.253864,3.192937984,29.446801984,27.73836,20.0,49.446801984,True,4,35,True
10,4;15;36;51;62;94;96;110;120;121,49,15,29.107104,3.205520896,32.312624896,23.140104,20.0,52.312624896,True,4,35,False
11,4;5;15;36;51;62;94;96;110;120;121,51,13,32.186544,3.213909504,35.400453504,20.0616,20.0,55.400453504,True,4,35,False
12,4;5;11;15;36;51;62;94;96;110;120;121,53,11,35.085648,3.222298112,38.307946112,16.983096,20.0,58.307946112,True,4,35,False
13,4;5;11;14;15;36;51;62;94;96;110;120;121,55,9,38.195352,3.23068672,41.42603872,13.904592,20.0,61.42603872,True,4,35,False
14,4;5;11;14;15;36;51;62;77;94;96;110;120;121,57,7,41.067936,3.239075328,44.307011328,10.827336,20.0,64.307011328,True,4,35,False
15,4;5;11;14;15;36;51;62;77;94;96;101;110;120;121,59,5,44.086224,3.247463936,47.333687936,7.747896,20.0,67.333687936,True,4,35,False
16,4;5;11;14;15;36;48;51;62;77;94;96;101;110;120;121,60,4,47.063328,3.25165824,50.31498624,6.190392,20.0,70.31498624,True,4,35,False
17,4;5;11;14;15;36;48;51;53;62;77;94;96;101;110;120;121,61,3,50.104392,3.255852544,53.360244544,4.670016,20.0,73.360244544,True,4,35,False
18,4;5;11;14;15;36;48;51;53;62;77;81;94;96;101;110;120;121,62,2,53.05092,3.260046848,56.310966848,3.112512,20.0,76.310966848,True,4,35,False
19,4;5;11;14;15;36;48;51;53;62;77;81;82;94;96;101;110;120;121,63,1,56.093856,3.264241152,59.358097152,1.591512,20.0,79.358097152,True,4,35,False
20,4;5;11;14;15;36;48;51;53;62;77;81;82;94;96;101;108;110;120;121,64,0,59.051304,3.268435456,62.319739456,0.0,20.0,82.319739456,True,4,35,False
0,,0,64,0.0,0.0,0.0,98.534592,20.0,118.534592,True,4,36,False
1,28,8,56,2.461056,3.033554432,5.494610432,86.22276,20.0,106.22276,True,4,36,False
2,28;59,16,48,5.406336,3.067108864,8.473444864,73.909992,20.0,93.909992,True,4,36,False
3,18;28;59,22,42,8.421504,3.092274688,11.513778688,64.675416,20.0,84.675416,True,4,36,False
4,18;28;59;108,28,36,11.368656,3.117440512,14.486096512,55.441464,20.0,75.441464,True,4,36,False
5,18;28;57;59;108,33,31,14.393808,3.138412032,17.532220032,47.764392,20.0,67.764392,True,4,36,False
6,18;28;57;59;92;108,37,27,17.355,3.155189248,20.510189248,41.608008,20.0,61.608008,True,4,36,False
7,11;18;28;57;59;92;108,40,24,20.3892,3.16777216,23.55697216,36.973248,20.0,56.973248,True,4,36,False
8,11;18;28;57;59;62;92;108,43,21,23.311392,3.180355072,26.491747072,32.37468,20.0,52.37468,True,4,36,False
9,11;18;28;57;59;62;85;92;108,46,18,26.253864,3.192937984,29.446801984,27.73836,20.0,49.446801984,True,4,36,True
10,11;18;28;57;59;62;85;91;92;108,49,15,29.107104,3.205520896,32.312624896,23.140104,20.0,52.312624896,True,4,36,False
11,11;18;28;57;59;62;85;91;92;108;115,52,12,32.189976,3.218103808,35.408079808,18.503784,20.0,55.408079808,True,4,36,False
12,11;18;28;50;57;59;62;85;91;92;108;115,54,10,35.033856,3.226492416,38.260348416,15.426216,20.0,58.260348416,True,4,36,False
13,11;18;28;50;57;59;62;85;91;92;101;108;115,56,8,38.123904,3.234881024,41.358785024,12.348024,20.0,61.358785024,True,4,36,False
14,11;18;28;50;57;59;62;85;91;92;101;108;111;115,58,6,41.110056,3.243269632,44.353325632,9.268896,20.0,64.353325632,True,4,36,False
15,11;18;28;50;57;59;62;85;91;92;101;108;111;115;122,60,4,44.118048,3.25165824,47.36970624,6.190392,20.0,67.36970624,True,4,36,False
16,11;14;18;28;50;57;59;62;85;91;92;101;108;111;115;122,61,3,47.089224,3.255852544,50.345076544,4.670016,20.0,70.345076544,True,4,36,False
17,11;14;17;18;28;50;57;59;62;85;91;92;101;108;111;115;122,62,2,50.10564,3.260046848,53.365686848,3.112512,20.0,73.365686848,True,4,36,False
18,11;14;17;18;28;41;50;57;59;62;85;91;92;101;108;111;115;122,63,1,53.078688,3.264241152,56.342929152,1.591512,20.0,76.342929152,True,4,36,False
19,11;14;17;18;28;41;50;57;59;62;85;91;92;101;108;109;111;115;122,64,0,56.106024,3.268435456,59.374459456,0.0,20.0,79.374459456,True,4,36,False
0,,0,64,0.0,0.0,0.0,98.534592,20.0,118.534592,True,4,37,False
1,27,8,56,2.461056,3.033554432,5.494610432,86.22276,20.0,106.22276,True,4,37,False
2,27;91,16,48,5.406336,3.067108864,8.473444864,73.909992,20.0,93.909992,True,4,37,False
3,27;91;119,24,40,8.421504,3.100663296,11.522167296,61.597224,20.0,81.597224,True,4,37,False
4,20;27;91;119,30,34,11.370528,3.12582912,14.49635712,52.363272,20.0,72.363272,True,4,37,False
5,20;27;91;110;119,36,28,14.398488,3.150994944,17.549482944,43.128696,20.0,63.128696,True,4,37,False
6,13;20;27;91;110;119,41,23,17.304456,3.171966464,20.476422464,35.451624,20.0,55.451624,True,4,37,False
7,13;20;27;52;91;110;119,45,19,20.378592,3.18874368,23.56733568,29.296488,20.0,49.296488,True,4,37,False
8,13;20;27;52;86;91;110;119,49,15,23.204064,3.205520896,26.409584896,23.140104,20.0,46.409584896,True,4,37,True
9,13;20;27;52;86;91;92;110;119,52,12,26.252616,3.218103808,29.470719808,18.503472,20.0,49.470719808,True,4,37,False
10,13;20;27;52;86;91;92;104;110;119,55,9,29.219736,3.23068672,32.45042272,13.904592,20.0,52.45042272,True,4,37,False
11,13;20;27;52;72;86;91;92;104;110;119,57,7,32.162208,3.239075328,35.401283328,10.827336,20.0,55.401283328,True,4,37,False
12,13;20;27;52;71;72;86;91;92;104;110;119,58,6,35.149608,3.243269632,38.392877632,9.268896,20.0,58.392877632,True,4,37,False
13,13;20;27;52;71;72;82;86;91;92;104;110;119,59,5,38.125776,3.247463936,41.373239936,7.747896,20.0,61.373239936,True,4,37,False
14,13;20;27;52;71;72;82;85;86;91;92;104;110;119,60,4,41.10288,3.25165824,44.35453824,6.190392,20.0,64.35453824,True,4,37,False
15,13;20;27;52;71;72;82;85;86;91;92;103;104;110;119,61,3,44.143944,3.255852544,47.399796544,4.670016,20.0,67.399796544,True,4,37,False
16,13;20;27;52;71;72;82;85;86;91;92;103;104;110;112;119,62,2,47.090472,3.260046848,50.350518848,3.112512,20.0,70.350518848,True,4,37,False
17,13;20;27;52;71;72;82;85;86;91;92;103;104;110;112;119;122,63,1,50.133408,3.264241152,53.397649152,1.591512,20.0,73.397649152,True,4,37,False
18,13;20;27;52;71;72;82;85;86;91;92;103;104;110;112;119;122;125,64,0,53.090856,3.268435456,56.359291456,0.0,20.0,76.359291456,True,4,37,False
0,,0,64,0.0,0.0,0.0,98.534592,20.0,118.534592,True,4,38,False
1,49,8,56,2.461056,3.033554432,5.494610432,86.22276,20.0,106.22276,True,4,38,False
2,2;49,14,50,5.406336,3.058720256,8.465056256,76.988184,20.0,96.988184,True,4,38,False
3,2;19;49,19,45,8.421504,3.079691776,11.501195776,69.311112,20.0,89.311112,True,4,38,False
4,2;19;27;49,24,40,11.366784,3.100663296,14.467447296,61.597224,20.0,81.597224,True,4,38,False
5,2;19;27;49;92,29,35,14.414088,3.121634816,17.535722816,53.921088,20.0,73.921088,True,4,38,False
6,2;19;27;49;92;113,34,30,17.342832,3.142606336,20.485438336,46.207824,20.0,66.207824,True,4,38,False
7,2;19;27;49;92;97;113,38,26,20.348952,3.159383552,23.508335552,40.051752,20.0,60.051752,True,4,38,False
8,2;19;27;49;92;97;113;125,42,22,23.276136,3.176160768,26.452296768,33.895368,20.0,53.895368,True,4,38,False
9,2;19;27;31;49;92;97;113;125,45,19,26.246064,3.18874368,29.43480768,29.296488,20.0,49.43480768,True,4,38,True
10,2;19;27;31;49;91;92;97;113;125,48,16,29.227536,3.201326592,32.428862592,24.661416,20.0,52.428862592,True,4,38,False
11,2;19;27;31;49;91;92;97;108;113;125,51,13,32.186544,3.213909504,35.400453504,20.0616,20.0,55.400453504,True,4,38,False
12,2;19;27;31;49;91;92;97;108;109;113;125,54,10,35.033856,3.226492416,38.260348416,15.426216,20.0,58.260348416,True,4,38,False
13,2;5;19;27;31;49;91;92;97;108;109;113;125,56,8,38.123904,3.234881024,41.358785024,12.348024,20.0,61.358785024,True,4,38,False
14,2;5;19;27;29;31;49;91;92;97;108;109;113;125,58,6,41.110056,3.243269632,44.353325632,9.268896,20.0,64.353325632,True,4,38,False
15,2;5;19;27;29;31;49;91;92;94;97;108;109;113;125,60,4,44.118048,3.25165824,47.36970624,6.190392,20.0,67.36970624,True,4,38,False
16,2;5;19;27;29;31;49;69;91;92;94;97;108;109;113;125,61,3,47.089224,3.255852544,50.345076544,4.670016,20.0,70.345076544,True,4,38,False
17,2;5;19;27;29;31;49;69;83;91;92;94;97;108;109;113;125,62,2,50.10564,3.260046848,53.365686848,3.112512,20.0,73.365686848,True,4,38,False
18,2;5;19;27;29;31;49;69;83;91;92;94;97;102;108;109;113;125,63,1,53.078688,3.264241152,56.342929152,1.591512,20.0,76.342929152,True,4,38,False
19,2;5;19;27;29;31;49;69;83;91;92;94;97;102;108;109;110;113;125,64,0,56.106024,3.268435456,59.374459456,0.0,20.0,79.374459456,True,4,38,False
0,,0,64,0.0,0.0,0.0,98.534592,20.0,118.534592,True,4,39,False
1,0,8,56,2.461056,3.033554432,5.494610432,86.22276,20.0,106.22276,True,4,39,False
2,0;25,16,48,5.406336,3.067108864,8.473444864,73.909992,20.0,93.909992,True,4,39,False
3,0;14;25,23,41,8.421504,3.096468992,11.517972992,63.154728,20.0,83.154728,True,4,39,False
4,0;14;25;125,30,34,11.370528,3.12582912,14.49635712,52.363272,20.0,72.363272,True,4,39,False
5,0;14;25;48;125,36,28,14.398488,3.150994944,17.549482944,43.128696,20.0,63.128696,True,4,39,False
6,0;14;25;48;84;125,42,22,17.350944,3.176160768,20.527104768,33.895056,20.0,53.895056,True,4,39,False
7,0;14;25;48;50;84;125,47,17,20.337096,3.197132288,23.534228288,26.217672,20.0,46.217672,True,4,39,True
8,0;11;14;25;48;50;84;125,51,13,23.327304,3.213909504,26.541213504,20.060976,20.0,46.541213504,True,4,39,False
9,0;11;14;25;48;50;75;84;125,55,9,26.264784,3.23068672,29.49547072,13.904904,20.0,49.49547072,True,4,39,False
10,0;11;14;25;48;50;75;84;110;125,59,5,29.15016,3.247463936,32.397623936,7.747896,20.0,52.397623936,True,4,39,False
11,0;11;14;15;25;48;50;75;84;110;125,61,3,32.223048,3.255852544,35.478900544,4.670016,20.0,55.478900544,True,4,39,False
12,0;11;14;15;25;32;48;50;75;84;110;125,62,2,35.169576,3.260046848,38.429622848,3.112512,20.0,58.429622848,True,4,39,False
13,0;11;14;15;25;32;48;49;50;75;84;110;125,63,1,38.212512,3.264241152,41.476753152,1.591512,20.0,61.476753152,True,4,39,False
14,0;11;14;15;25;32;48;49;50;75;84;91;110;125,64,0,41.16996,3.268435456,44.438395456,0.0,20.0,64.438395456,True,4,39,False
0,,0,64,0.0,0.0,0.0,98.534592,20.0,118.534592,True,4,40,False
1,35,8,56,2.461056,3.033554432,5.494610432,86.22276,20.0,106.22276,True,4,40,False
2,35;82,16,48,5.406336,3.067108864,8.473444864,73.909992,20.0,93.909992,True,4,40,False
3,35;42;82,23,41,8.421504,3.096468992,11.517972992,63.154728,20.0,83.154728,True,4,40,False
4,35;42;49;82,29,35,11.370216,3.121634816,14.491850816,53.920776,20.0,73.920776,True,4,40,False
5,35;42;48;49;82,34,30,14.410344,3.142606336,17.552950336,46.206888,20.0,66.206888,True,4,40,False
6,35;42;48;49;82;98,39,25,17.357496,3.163577856,20.521073856,38.530752,20.0,58.530752,True,4,40,False
7,28;35;42;48;49;82;98,43,21,20.380464,3.180355072,23.560819072,32.374368,20.0,52.374368,True,4,40,False
8,28;35;42;48;49;82;98;107,47,17,23.2284,3.197132288,26.425532288,26.217984,20.0,46.425532288,True,4,40,True
9,28;35;42;48;49;82;98;107;122,51,13,26.282568,3.213909504,29.496477504,20.061912,20.0,49.496477504,True,4,40,False
10,28;35;42;48;49;82;94;98;107;122,54,10,29.093688,3.226492416,32.320180416,15.426216,20.0,52.320180416,True,4,40,False
11,28;35;42;48;49;82;94;98;107;113;122,57,7,32.162208,3.239075328,35.401283328,10.827336,20.0,55.401283328,True,4,40,False
12,28;35;42;48;49;82;94;97;98;107;113;122,59,5,35.110608,3.247463936,38.358071936,7.747896,20.0,58.358071936,True,4,40,False
13,1;28;35;42;48;49;82;94;97;98;107;113;122,60,4,38.1576,3.25165824,41.40925824,6.190392,20.0,61.40925824,True,4,40,False
14,1;10;28;35;42;48;49;82;94;97;98;107;113;122,61,3,41.128776,3.255852544,44.384628544,4.670016,20.0,64.384628544,True,4,40,False
15,1;10;19;28;35;42;48;49;82;94;97;98;107;113;122,62,2,44.145192,3.260046848,47.405238848,3.112512,20.0,67.405238848,True,4,40,False
16,1;10;19;28;35;42;48;49;53;82;94;97;98;107;113;122,63,1,47.11824,3.264241152,50.382481152,1.591512,20.0,70.382481152,True,4,40,False
17,1;10;19;28;35;42;48;49;53;70;82;94;97;98;107;113;122,64,0,50.145576,3.268435456,53.414011456,0.0,20.0,73.414011456,True,4,40,False
0,,0,64,0.0,0.0,0.0,98.534592,20.0,118.534592,True,4,41,False
1,49,8,56,2.461056,3.033554432,5.494610432,86.22276,20.0,106.22276,True,4,41,False
2,49;116,15,49,5.406336,3.06291456,8.46925056,75.467496,20.0,95.467496,True,4,41,False
3,37;49;116,21,43,8.421504,3.088080384,11.509584384,66.23292,20.0,86.23292,True,4,41,False
4,37;49;99;116,27,37,11.367408,3.113246208,14.480654208,56.998968,20.0,76.998968,True,4,41,False
5,37;49;99;116;118,33,31,14.393808,3.138412032,17.532220032,47.764392,20.0,67.764392,True,4,41,False
6,37;49;80;99;116;118,38,26,17.362488,3.159383552,20.521871552,40.050816,20.0,60.050816,True,4,41,False
7,37;49;80;99;116;118;124,43,21,20.380464,3.180355072,23.560819072,32.374368,20.0,52.374368,True,4,41,False
8,37;49;61;80;99;116;118;124,47,17,23.2284,3.197132288,26.425532288,26.217984,20.0,46.425532288,True,4,41,True
9,34;37;49;61;80;99;116;118;124,50,14,26.277576,3.2097152,29.4872912,21.5826,20.0,49.4872912,True,4,41,False
10,34;37;49;59;61;80;99;116;118;124,53,11,29.151096,3.222298112,32.373394112,16.982784,20.0,52.373394112,True,4,41,False
11,34;37;49;59;61;80;88;99;116;118;124,56,8,32.163456,3.234881024,35.398337024,12.348024,20.0,55.398337024,True,4,41,False
12,34;37;49;50;59;61;80;88;99;116;118;124,58,6,35.149608,3.243269632,38.392877632,9.268896,20.0,58.392877632,True,4,41,False
13,34;37;49;50;59;61;80;88;99;105;116;118;124,60,4,38.1576,3.25165824,41.40925824,6.190392,20.0,61.40925824,True,4,41,False
14,34;37;49;50;59;61;80;88;99;105;116;118;123;124,62,2,41.130024,3.260046848,44.390070848,3.112512,20.0,64.390070848,True,4,41,False
15,6;34;37;49;50;59;61;80;88;99;105;116;118;123;124,63,1,44.17296,3.264241152,47.437201152,1.591512,20.0,67.437201152,True,4,41,False
16,6;34;37;49;50;59;61;75;80;88;99;105;116;118;123;124,64,0,47.130408,3.268435456,50.398843456,0.0,20.0,70.398843456,True,4,41,False
0,,0,64,0.0,0.0,0.0,98.534592,20.0,118.534592,True,4,42,False
1,4,8,56,2.461056,3.033554432,5.494610432,86.22276,20.0,106.22276,True,4,42,False
2,4;66,16,48,5.406336,3.067108864,8.473444864,73.909992,20.0,93.909992,True,4,42,False
3,4;66;70,24,40,8.421504,3.100663296,11.522167296,61.597224,20.0,81.597224,True,4,42,False
4,4;30;66;70,30,34,11.370528,3.12582912,14.49635712,52.363272,20.0,72.363272,True,4,42,False
5,4;30;66;70;106,36,28,14.398488,3.150994944,17.549482944,43.128696,20.0,63.128696,True,4,42,False
6,4;30;33;66;70;106,40,24,17.32068,3.16777216,20.48845216,36.972312,20.0,56.972312,True,4,42,False
7,4;30;33;63;66;70;106,44,20,20.312136,3.184549376,23.496685376,30.816864,20.0,50.816864,True,4,42,False
8,4;17;30;33;63;66;70;106,47,17,23.2284,3.197132288,26.425532288,26.217984,20.0,46.425532288,True,4,42,True
9,4;17;30;33;53;63;66;70;106,50,14,26.277576,3.2097152,29.4872912,21.5826,20.0,49.4872912,True,4,42,False
10,4;17;30;33;53;63;66;70;76;106,53,11,29.151096,3.222298112,32.373394112,16.982784,20.0,52.373394112,True,4,42,False
11,4;17;30;33;53;63;66;70;76;106;111,56,8,32.163456,3.234881024,35.398337024,12.348024,20.0,55.398337024,True,4,42,False
12,4;17;25;30;33;53;63;66;70;76;106;111,58,6,35.149608,3.243269632,38.392877632,9.268896,20.0,58.392877632,True,4,42,False
13,4;17;25;30;33;53;56;63;66;70;76;106;111,60,4,38.1576,3.25165824,41.40925824,6.190392,20.0,61.40925824,True,4,42,False
14,4;17;25;30;33;53;56;63;66;70;76;106;111;114,62,2,41.130024,3.260046848,44.390070848,3.112512,20.0,64.390070848,True,4,42,False
15,4;17;25;30;33;53;56;63;66;67;70;76;106;111;114,63,1,44.17296,3.264241152,47.437201152,1.591512,20.0,67.437201152,True,4,42,False
16,4;17;25;30;33;53;56;63;66;67;70;76;88;106;111;114,64,0,47.130408,3.268435456,50.398843456,0.0,20.0,70.398843456,True,4,42,False
0,,0,64,0.0,0.0,0.0,98.534592,20.0,118.534592,True,4,43,False
1,18,8,56,2.461056,3.033554432,5.494610432,86.22276,20.0,106.22276,True,4,43,False
2,18;80,16,48,5.406336,3.067108864,8.473444864,73.909992,20.0,93.909992,True,4,43,False
3,18;80;111,24,40,8.421504,3.100663296,11.522167296,61.597224,20.0,81.597224,True,4,43,False
4,18;45;80;111,31,33,11.381448,3.130023424,14.511471424,50.842896,20.0,70.842896,True,4,43,False
5,11;18;45;80;111,37,27,14.41284,3.155189248,17.568029248,41.60832,20.0,61.60832,True,4,43,False
6,11;18;45;61;80;111,43,21,17.360928,3.180355072,20.541283072,32.374056,20.0,52.374056,True,4,43,False
7,11;18;41;45;61;80;111,47,17,20.337096,3.197132288,23.534228288,26.217672,20.0,46.217672,True,4,43,True
8,11;18;41;45;61;75;80;111,51,13,23.327304,3.213909504,26.541213504,20.060976,20.0,46.541213504,True,4,43,False
9,11;18;41;45;61;75;80;83;111,55,9,26.264784,3.23068672,29.49547072,13.904904,20.0,49.49547072,True,4,43,False
10,11;18;41;45;61;75;80;83;86;111,58,6,29.18916,3.243269632,32.432429632,9.268896,20.0,52.432429632,True,4,43,False
11,10;11;18;41;45;61;75;80;83;86;111,59,5,32.165328,3.247463936,35.412791936,7.747896,20.0,55.412791936,True,4,43,False
12,10;11;18;39;41;45;61;75;80;83;86;111,60,4,35.142432,3.25165824,38.39409024,6.190392,20.0,58.39409024,True,4,43,False
13,10;11;18;39;41;45;61;74;75;80;83;86;111,61,3,38.183496,3.255852544,41.439348544,4.670016,20.0,61.439348544,True,4,43,False
14,10;11;18;39;41;45;61;74;75;80;83;86;91;111,62,2,41.130024,3.260046848,44.390070848,3.112512,20.0,64.390070848,True,4,43,False
15,10;11;18;39;41;45;61;74;75;80;83;86;91;98;111,63,1,44.17296,3.264241152,47.437201152,1.591512,20.0,67.437201152,True,4,43,False
16,10;11;18;39;41;45;61;74;75;80;83;86;91;98;99;111,64,0,47.130408,3.268435456,50.398843456,0.0,20.0,70.398843456,True,4,43,False
0,,0,64,0.0,0.0,0.0,98.534592,20.0,118.534592,True,4,44,False
1,15,8,56,2.461056,3.033554432,5.494610432,86.22276,20.0,106.22276,True,4,44,False
2,15;42,16,48,5.406336,3.067108864,8.473444864,73.909992,20.0,93.909992,True,4,44,False
3,15;42;62,24,40,8.421504,3.100663296,11.522167296,61.597224,20.0,81.597224,True,4,44,False
4,15;42;62;79,32,32,11.37396,3.134217728,14.508177728,49.28508,20.0,69.28508,True,4,44,False
5,15;42;62;79;96,40,24,14.41128,3.16777216,17.57905216,36.972624,20.0,56.972624,True,4,44,False
6,5;15;42;62;79;96,46,18,17.338152,3.192937984,20.531089984,27.73836,20.0,47.73836,True,4,44,False
7,5;15;42;50;62;79;96,52,12,20.30028,3.218103808,23.518383808,18.503784,20.0,43.518383808,True,4,44,True
8,5;15;42;49;50;62;79;96,56,8,23.225904,3.234881024,26.460785024,12.347712,20.0,46.460785024,True,4,44,False
9,5;15;40;42;49;50;62;79;96,58,6,26.24388,3.243269632,29.487149632,9.268896,20.0,49.487149632,True,4,44,False
10,5;15;40;42;49;50;62;79;96;103,60,4,29.181984,3.25165824,32.43364224,6.190392,20.0,52.43364224,True,4,44,False
11,5;15;40;42;49;50;62;79;96;103;127,62,2,32.224296,3.260046848,35.484342848,3.112512,20.0,55.484342848,True,4,44,False
12,5;12;15;40;42;49;50;62;79;96;103;127,63,1,35.197344,3.264241152,38.461585152,1.591512,20.0,58.461585152,True,4,44,False
13,5;12;15;24;40;42;49;50;62;79;96;103;127,64,0,38.22468,3.268435456,41.493115456,0.0,20.0,61.493115456,True,4,44,False
0,,0,64,0.0,0.0,0.0,98.534592,20.0,118.534592,True,4,45,False
1,48,8,56,2.461056,3.033554432,5.494610432,86.22276,20.0,106.22276,True,4,45,False
2,48;51,16,48,5.406336,3.067108864,8.473444864,73.909992,20.0,93.909992,True,4,45,False
3,48;51;89,24,40,8.421504,3.100663296,11.522167296,61.597224,20.0,81.597224,True,4,45,False
4,48;51;88;89,31,33,11.381448,3.130023424,14.511471424,50.842896,20.0,70.842896,True,4,45,False
5,1;48;51;88;89,37,27,14.41284,3.155189248,17.568029248,41.60832,20.0,61.60832,True,4,45,False
6,1;4;48;51;88;89,43,21,17.360928,3.180355072,20.541283072,32.374056,20.0,52.374056,True,4,45,False
7,1;4;34;48;51;88;89,47,17,20.337096,3.197132288,23.534228288,26.217672,20.0,46.217672,True,4,45,True
8,1;4;34;43;48;51;88;89,51,13,23.327304,3.213909504,26.541213504,20.060976,20.0,46.541213504,True,4,45,False
9,1;3;4;34;43;48;51;88;89,54,10,26.17524,3.226492416,29.401732416,15.426216,20.0,49.401732416,True,4,45,False
10,1;3;4;7;34;43;48;51;88;89,56,8,29.148288,3.234881024,32.383169024,12.348024,20.0,52.383169024,True,4,45,False
11,1;3;4;7;18;34;43;48;51;88;89,58,6,32.204328,3.243269632,35.447597632,9.268896,20.0,55.447597632,True,4,45,False
12,1;3;4;7;18;34;43;48;51;67;88;89,60,4,35.142432,3.25165824,38.39409024,6.190392,20.0,58.39409024,True,4,45,False
13,1;3;4;7;18;34;43;48;51;67;77;88;89,62,2,38.184744,3.260046848,41.444790848,3.112512,20.0,61.444790848,True,4,45,False
14,1;3;4;7;18;19;34;43;48;51;67;77;88;89,63,1,41.157792,3.264241152,44.422033152,1.591512,20.0,64.422033152,True,4,45,False
15,1;3;4;7;18;19;29;34;43;48;51;67;77;88;89,64,0,44.185128,3.268435456,47.453563456,0.0,20.0,67.453563456,True,4,45,False
0,,0,64,0.0,0.0,0.0,98.534592,20.0,118.534592,True,4,46,False
1,33,8,56,2.461056,3.033554432,5.494610432,86.22276,20.0,106.22276,True,4,46,False
2,33;40,16,48,5.406336,3.067108864,8.473444864,73.909992,20.0,93.909992,True,4,46,False
3,33;40;43,24,40,8.421504,3.100663296,11.522167296,61.597224,20.0,81.597224,True,4,46,False
4,33;40;43;54,32,32,11.37396,3.134217728,14.508177728,49.28508,20.0,69.28508,True,4,46,False
5,33;40;43;54;107,40,24,14.41128,3.16777216,17.57905216,36.972624,20.0,56.972624,True,4,46,False
6,33;40;43;54;102;107,46,18,17.338152,3.192937984,20.531089984,27.73836,20.0,47.73836,True,4,46,False
7,26;33;40;43;54;102;107,51,13,20.314632,3.213909504,23.528541504,20.061912,20.0,43.528541504,True,4,46,True
8,4;26;33;40;43;54;102;107,55,9,23.25336,3.23068672,26.48404672,13.904904,20.0,46.48404672,True,4,46,False
9,4;26;33;40;43;46;54;102;107,58,6,26.24388,3.243269632,29.487149632,9.268896,20.0,49.487149632,True,4,46,False
10,4;26;33;40;43;46;54;76;102;107,61,3,29.20788,3.255852544,32.463732544,4.670016,20.0,52.463732544,True,4,46,False
11,4;26;33;40;43;46;54;76;90;102;107,64,0,32.264232,3.268435456,35.532667456,0.0,20.0,55.532667456,True,4,46,False
0,,0,64,0.0,0.0,0.0,98.534592,20.0,118.534592,True,4,47,False
1,17,8,56,2.461056,3.033554432,5.494610432,86.22276,20.0,106.22276,True,4,47,False
2,17;23,16,48,5.406336,3.067108864,8.473444864,73.909992,20.0,93.909992,True,4,47,False
3,17;23;39,24,40,8.421504,3.100663296,11.522167296,61.597224,20.0,81.597224,True,4,47,False
4,17;23;39;42,32,32,11.37396,3.134217728,14.508177728,49.28508,20.0,69.28508,True,4,47,False
5,17;23;39;42;61,40,24,14.41128,3.16777216,17.57905216,36.972624,20.0,56.972624,True,4,47,False
6,17;23;39;42;61;80,48,16,17.33004,3.201326592,20.531366592,24.660792,20.0,44.660792,True,4,47,False
7,17;23;39;42;61;80;110,56,8,20.298408,3.234881024,23.533289024,12.347712,20.0,43.533289024,True,4,47,True
8,17;23;39;42;48;61;80;110,63,1,23.276448,3.264241152,26.540689152,1.591512,20.0,46.540689152,True,4,47,False
9,17;19;23;39;42;48;61;80;110,64,0,26.303784,3.268435456,29.572219456,0.0,20.0,49.572219456,True,4,47,False
0,,0,64,0.0,0.0,0.0,98.534592,20.0,118.534592,True,5,0,False
1,12,8,56,2.461056,3.033554432,5.494610432,86.22276,20.0,106.22276,True,5,0,False
2,12;24,16,48,5.406336,3.067108864,8.473444864,73.909992,20.0,93.909992,True,5,0,False
3,12;24;29,24,40,8.421504,3.100663296,11.522167296,61.597224,20.0,81.597224,True,5,0,False
4,12;24;29;47,32,32,11.37396,3.134217728,14.508177728,49.28508,20.0,69.28508,True,5,0,False
5,12;24;29;47;66,40,24,14.41128,3.16777216,17.57905216,36.972624,20.0,56.972624,True,5,0,False
6,12;24;29;47;66;67,48,16,17.33004,3.201326592,20.531366592,24.660792,20.0,44.660792,True,5,0,False
7,12;24;29;47;66;67;77,56,8,20.298408,3.234881024,23.533289024,12.347712,20.0,43.533289024,True,5,0,True
8,12;24;29;47;66;67;77;86,64,0,23.288616,3.268435456,26.557051456,0.0,20.0,46.557051456,True,5,0,False
0,,0,64,0.0,0.0,0.0,98.534592,20.0,118.534592,True,5,1,False
1,13,8,56,2.461056,3.033554432,5.494610432,86.22276,20.0,106.22276,True,5,1,False
2,13;14,16,48,5.406336,3.067108864,8.473444864,73.909992,20.0,93.909992,True,5,1,False
3,13;14;36,24,40,8.421504,3.100663296,11.522167296,61.597224,20.0,81.597224,True,5,1,False
4,13;14;36;38,32,32,11.37396,3.134217728,14.508177728,49.28508,20.0,69.28508,True,5,1,False
5,13;14;36;38;67,40,24,14.41128,3.16777216,17.57905216,36.972624,20.0,56.972624,True,5,1,False
6,13;14;36;38;67;91,48,16,17.33004,3.201326592,20.531366592,24.660792,20.0,44.660792,True,5,1,False
7,13;14;36;38;67;91;101,56,8,20.298408,3.234881024,23.533289024,12.347712,20.0,43.533289024,True,5,1,True
8,13;14;36;38;67;91;101;109,64,0,23.288616,3.268435456,26.557051456,0.0,20.0,46.557051456,True,5,1,False
0,,0,64,0.0,0.0,0.0,98.534592,20.0,118.534592,True,5,2,False
1,49,8,56,2.461056,3.033554432,5.494610432,86.22276,20.0,106.22276,True,5,2,False
2,49;56,16,48,5.406336,3.067108864,8.473444864,73.909992,20.0,93.909992,True,5,2,False
3,49;56;60,24,40,8.421504,3.100663296,11.522167296,61.597224,20.0,81.597224,True,5,2,False
4,49;56;60;70,32,32,11.37396,3.134217728,14.508177728,49.28508,20.0,69.28508,True,5,2,False
5,49;56;60;70;71,40,24,14.41128,3.16777216,17.57905216,36.972624,20.0,56.972624,True,5,2,False
6,49;56;60;70;71;72,48,16,17.33004,3.201326592,20.531366592,24.660792,20.0,44.660792,True,5,2,False
7,49;56;60;70;71;72;74,56,8,20.298408,3.234881024,23.533289024,12.347712,20.0,43.533289024,True,5,2,True
8,49;56;60;70;71;72;74;121,64,0,23.288616,3.268435456,26.557051456,0.0,20.0,46.557051456,True,5,2,False
0,,0,64,0.0,0.0,0.0,98.534592,20.0,118.534592,True,5,3,False
1,3,8,56,2.461056,3.033554432,5.494610432,86.22276,20.0,106.22276,True,5,3,False
2,3;37,16,48,5.406336,3.067108864,8.473444864,73.909992,20.0,93.909992,True,5,3,False
3,3;37;56,24,40,8.421504,3.100663296,11.522167296,61.597224,20.0,81.597224,True,5,3,False
4,3;37;56;71,32,32,11.37396,3.134217728,14.508177728,49.28508,20.0,69.28508,True,5,3,False
5,3;37;56;71;73,40,24,14.41128,3.16777216,17.57905216,36.972624,20.0,56.972624,True,5,3,False
6,3;37;56;71;73;97,48,16,17.33004,3.201326592,20.531366592,24.660792,20.0,44.660792,True,5,3,False
7,3;37;56;71;73;97;117,56,8,20.298408,3.234881024,23.533289024,12.347712,20.0,43.533289024,True,5,3,True
8,3;37;56;71;73;97;117;118,64,0,23.288616,3.268435456,26.557051456,0.0,20.0,46.557051456,True,5,3,False
0,,0,64,0.0,0.0,0.0,98.534592,20.0,118.534592,True,5,4,False
1,6,8,56,2.461056,3.033554432,5.494610432,86.22276,20.0,106.22276,True,5,4,False
2,6;12,16,48,5.406336,3.067108864,8.473444864,73.909992,20.0,93.909992,True,5,4,False
3,6;12;14,24,40,8.421504,3.100663296,11.522167296,61.597224,20.0,81.597224,True,5,4,False
4,6;12;14;37,32,32,11.37396,3.134217728,14.508177728,49.28508,20.0,69.28508,True,5,4,False
5,6;12;14;37;43,40,24,14.41128,3.16777216,17.57905216,36.972624,20.0,56.972624,True,5,4,False
6,6;12;14;37;43;60,48,16,17.33004,3.201326592,20.531366592,24.660792,20.0,44.660792,True,5,4,False
7,6;12;14;37;43;60;108,56,8,20.298408,3.234881024,23.533289024,12.347712,20.0,43.533289024,True,5,4,True
8,6;12;14;37;43;60;108;127,64,0,23.288616,3.268435456,26.557051456,0.0,20.0,46.557051456,True,5,4,False
0,,0,64,0.0,0.0,0.0,98.534592,20.0,118.534592,True,5,5,False
1,4,8,56,2.461056,3.033554432,5.494610432,86.22276,20.0,106.22276,True,5,5,False
2,4;6,16,48,5.406336,3.067108864,8.473444864,73.909992,20.0,93.909992,True,5,5,False
3,4;6;12,24,40,8.421504,3.100663296,11.522167296,61.597224,20.0,81.597224,True,5,5,False
4,4;6;12;46,32,32,11.37396,3.134217728,14.508177728,49.28508,20.0,69.28508,True,5,5,False
5,4;6;12;46;63,40,24,14.41128,3.16777216,17.57905216,36.972624,20.0,56.972624,True,5,5,False
6,4;6;12;46;63;65,48,16,17.33004,3.201326592,20.531366592,24.660792,20.0,44.660792,True,5,5,False
7,4;6;12;46;63;65;73,56,8,20.298408,3.234881024,23.533289024,12.347712,20.0,43.533289024,True,5,5,True
8,4;6;12;46;63;65;73;85,64,0,23.288616,3.268435456,26.557051456,0.0,20.0,46.557051456,True,5,5,False
0,,0,64,0.0,0.0,0.0,98.534592,20.0,118.534592,True,5,6,False
1,32,8,56,2.461056,3.033554432,5.494610432,86.22276,20.0,106.22276,True,5,6,False
2,32;33,16,48,5.406336,3.067108864,8.473444864,73.909992,20.0,93.909992,True,5,6,False
3,32;33;39,24,40,8.421504,3.100663296,11.522167296,61.597224,20.0,81.597224,True,5,6,False
4,32;33;39;49,32,32,11.37396,3.134217728,14.508177728,49.28508,20.0,69.28508,True,5,6,False
5,32;33;39;49;74,40,24,14.41128,3.16777216,17.57905216,36.972624,20.0,56.972624,True,5,6,False
6,32;33;39;49;74;82,48,16,17.33004,3.201326592,20.531366592,24.660792,20.0,44.660792,True,5,6,False
7,32;33;39;49;74;82;92,56,8,20.298408,3.234881024,23.533289024,12.347712,20.0,43.533289024,True,5,6,True
8,32;33;39;49;74;82;92;121,64,0,23.288616,3.268435456,26.557051456,0.0,20.0,46.557051456,True,5,6,False
0,,0,64,0.0,0.0,0.0,98.534592,20.0,118.534592,True,5,7,False
1,15,8,56,2.461056,3.033554432,5.494610432,86.22276,20.0,106.22276,True,5,7,False
2,15;19,16,48,5.406336,3.067108864,8.473444864,73.909992,20.0,93.909992,True,5,7,False
3,15;19;28,24,40,8.421504,3.100663296,11.522167296,61.597224,20.0,81.597224,True,5,7,False
4,15;19;28;29,32,32,11.37396,3.134217728,14.508177728,49.28508,20.0,69.28508,True,5,7,False
5,15;19;28;29;44,40,24,14.41128,3.16777216,17.57905216,36.972624,20.0,56.972624,True,5,7,False
6,15;19;28;29;44;63,48,16,17.33004,3.201326592,20.531366592,24.660792,20.0,44.660792,True,5,7,False
7,15;19;28;29;44;63;68,56,8,20.298408,3.234881024,23.533289024,12.347712,20.0,43.533289024,True,5,7,True
8,15;19;28;29;44;63;68;114,64,0,23.288616,3.268435456,26.557051456,0.0,20.0,46.557051456,True,5,7,False
0,,0,64,0.0,0.0,0.0,98.534592,20.0,118.534592,True,5,8,False
1,4,8,56,2.461056,3.033554432,5.494610432,86.22276,20.0,106.22276,True,5,8,False
2,4;22,16,48,5.406336,3.067108864,8.473444864,73.909992,20.0,93.909992,True,5,8,False
3,4;22;23,24,40,8.421504,3.100663296,11.522167296,61.597224,20.0,81.597224,True,5,8,False
4,4;22;23;50,32,32,11.37396,3.134217728,14.508177728,49.28508,20.0,69.28508,True,5,8,False
5,4;22;23;50;54,40,24,14.41128,3.16777216,17.57905216,36.972624,20.0,56.972624,True,5,8,False
6,4;22;23;50;54;68,48,16,17.33004,3.201326592,20.531366592,24.660792,20.0,44.660792,True,5,8,False
7,4;22;23;50;54;68;76,56,8,20.298408,3.234881024,23.533289024,12.347712,20.0,43.533289024,True,5,8,True
8,4;22;23;50;54;68;76;123,64,0,23.288616,3.268435456,26.557051456,0.0,20.0,46.557051456,True,5,8,False
0,,0,64,0.0,0.0,0.0,98.534592,20.0,118.534592,True,5,9,False
1,0,8,56,2.461056,3.033554432,5.494610432,86.22276,20.0,106.22276,True,5,9,False
2,0;7,16,48,5.406336,3.067108864,8.473444864,73.909992,20.0,93.909992,True,5,9,False
3,0;7;8,24,40,8.421504,3.100663296,11.522167296,61.597224,20.0,81.597224,True,5,9,False
4,0;7;8;23,32,32,11.37396,3.134217728,14.508177728,49.28508,20.0,69.28508,True,5,9,False
5,0;7;8;23;39,40,24,14.41128,3.16777216,17.57905216,36.972624,20.0,56.972624,True,5,9,False
6,0;7;8;23;39;67,48,16,17.33004,3.201326592,20.531366592,24.660792,20.0,44.660792,True,5,9,False
7,0;7;8;23;39;67;82,56,8,20.298408,3.234881024,23.533289024,12.347712,20.0,43.533289024,True,5,9,True
8,0;7;8;23;39;67;82;95,64,0,23.288616,3.268435456,26.557051456,0.0,20.0,46.557051456,True,5,9,False
0,,0,64,0.0,0.0,0.0,98.534592,20.0,118.534592,True,5,10,False
1,1,8,56,2.461056,3.033554432,5.494610432,86.22276,20.0,106.22276,True,5,10,False
2,1;6,16,48,5.406336,3.067108864,8.473444864,73.909992,20.0,93.909992,True,5,10,False
3,1;6;19,24,40,8.421504,3.100663296,11.522167296,61.597224,20.0,81.597224,True,5,10,False
4,1;6;19;36,32,32,11.37396,3.134217728,14.508177728,49.28508,20.0,69.28508,True,5,10,False
5,1;6;19;36;48,40,24,14.41128,3.16777216,17.57905216,36.972624,20.0,56.972624,True,5,10,False
6,1;6;19;36;48;71,48,16,17.33004,3.201326592,20.531366592,24.660792,20.0,44.660792,True,5,10,False
7,1;6;19;36;48;71;92,56,8,20.298408,3.234881024,23.533289024,12.347712,20.0,43.533289024,True,5,10,True
8,1;6;19;36;48;59;71;92,62,2,23.24868,3.260046848,26.508726848,3.112512,20.0,46.508726848,True,5,10,False
9,1;5;6;19;36;48;59;71;92,63,1,26.291616,3.264241152,29.555857152,1.591512,20.0,49.555857152,True,5,10,False
10,1;5;6;19;36;48;59;66;71;92,64,0,29.249064,3.268435456,32.517499456,0.0,20.0,52.517499456,True,5,10,False
0,,0,64,0.0,0.0,0.0,98.534592,20.0,118.534592,True,5,11,False
1,22,8,56,2.461056,3.033554432,5.494610432,86.22276,20.0,106.22276,True,5,11,False
2,22;25,16,48,5.406336,3.067108864,8.473444864,73.909992,20.0,93.909992,True,5,11,False
3,22;25;31,24,40,8.421504,3.100663296,11.522167296,61.597224,20.0,81.597224,True,5,11,False
4,22;25;31;48,32,32,11.37396,3.134217728,14.508177728,49.28508,20.0,69.28508,True,5,11,False
5,22;25;31;48;52,40,24,14.41128,3.16777216,17.57905216,36.972624,20.0,56.972624,True,5,11,False
6,22;25;31;48;52;75,48,16,17.33004,3.201326592,20.531366592,24.660792,20.0,44.660792,True,5,11,False
7,22;25;31;48;52;75;81,56,8,20.298408,3.234881024,23.533289024,12.347712,20.0,43.533289024,True,5,11,True
8,22;25;31;48;52;75;81;121,64,0,23.288616,3.268435456,26.557051456,0.0,20.0,46.557051456,True,5,11,False
0,,0,64,0.0,0.0,0.0,98.534592,20.0,118.534592,True,5,12,False
1,18,8,56,2.461056,3.033554432,5.494610432,86.22276,20.0,106.22276,True,5,12,False
2,18;28,16,48,5.406336,3.067108864,8.473444864,73.909992,20.0,93.909992,True,5,12,False
3,18;28;37,24,40,8.421504,3.100663296,11.522167296,61.597224,20.0,81.597224,True,5,12,False
4,18;28;37;41,32,32,11.37396,3.134217728,14.508177728,49.28508,20.0,69.28508,True,5,12,False
5,18;28;37;41;59,40,24,14.41128,3.16777216,17.57905216,36.972624,20.0,56.972624,True,5,12,False
6,18;28;37;41;59;92,48,16,17.33004,3.201326592,20.531366592,24.660792,20.0,44.660792,True,5,12,False
7,18;28;37;41;59;92;109,56,8,20.298408,3.234881024,23.533289024,12.347712,20.0,43.533289024,True,5,12,True
8,18;28;37;41;59;91;92;109,61,3,23.247432,3.255852544,26.503284544,4.670016,20.0,46.503284544,True,5,12,False
9,11;18;28;37;41;59;91;92;109,64,0,26.303784,3.268435456,29.572219456,0.0,20.0,49.572219456,True,5,12,False
0,,0,64,0.0,0.0,0.0,98.534592,20.0,118.534592,True,5,13,False
1,1,8,56,2.461056,3.033554432,5.494610432,86.22276,20.0,106.22276,True,5,13,False
2,1;20,16,48,5.406336,3.067108864,8.473444864,73.909992,20.0,93.909992,True,5,13,False
3,1;20;27,24,40,8.421504,3.100663296,11.522167296,61.597224,20.0,81.597224,True,5,13,False
4,1;20;27;52,32,32,11.37396,3.134217728,14.508177728,49.28508,20.0,69.28508,True,5,13,False
5,1;20;27;52;91,40,24,14.41128,3.16777216,17.57905216,36.972624,20.0,56.972624,True,5,13,False
6,1;20;27;52;91;92,48,16,17.33004,3.201326592,20.531366592,24.660792,20.0,44.660792,True,5,13,False
7,1;20;27;52;91;92;104,56,8,20.298408,3.234881024,23.533289024,12.347712,20.0,43.533289024,True,5,13,True
8,1;20;27;52;91;92;104;119,64,0,23.288616,3.268435456,26.557051456,0.0,20.0,46.557051456,True,5,13,False
0,,0,64,0.0,0.0,0.0,98.534592,20.0,118.534592,True,5,14,False
1,2,8,56,2.461056,3.033554432,5.494610432,86.22276,20.0,106.22276,True,5,14,False
2,2;5,16,48,5.406336,3.067108864,8.473444864,73.909992,20.0,93.909992,True,5,14,False
3,2;5;24,24,40,8.421504,3.100663296,11.522167296,61.597224,20.0,81.597224,True,5,14,False
4,2;5;24;61,32,32,11.37396,3.134217728,14.508177728,49.28508,20.0,69.28508,True,5,14,False
5,2;5;24;61;87,40,24,14.41128,3.16777216,17.57905216,36.972624,20.0,56.972624,True,5,14,False
6,2;5;24;61;87;113,48,16,17.33004,3.201326592,20.531366592,24.660792,20.0,44.660792,True,5,14,False
7,2;5;15;24;61;87;113,55,9,20.309328,3.23068672,23.54001472,13.904904,20.0,43.54001472,True,5,14,True
8,2;5;15;24;61;87;109;113,62,2,23.24868,3.260046848,26.508726848,3.112512,20.0,46.508726848,True,5,14,False
9,2;5;14;15;24;61;87;109;113,64,0,26.303784,3.268435456,29.572219456,0.0,20.0,49.572219456,True,5,14,False
0,,0,64,0.0,0.0,0.0,98.534592,20.0,118.534592,True,5,15,False
1,21,8,56,2.461056,3.033554432,5.494610432,86.22276,20.0,106.22276,True,5,15,False
2,21;26,16,48,5.406336,3.067108864,8.473444864,73.909992,20.0,93.909992,True,5,15,False
3,21;26;50,24,40,8.421504,3.100663296,11.522167296,61.597224,20.0,81.597224,True,5,15,False
4,21;26;50;58,32,32,11.37396,3.134217728,14.508177728,49.28508,20.0,69.28508,True,5,15,False
5,21;26;50;58;84,40,24,14.41128,3.16777216,17.57905216,36.972624,20.0,56.972624,True,5,15,False
6,21;26;50;58;84;106,48,16,17.33004,3.201326592,20.531366592,24.660792,20.0,44.660792,True,5,15,False
7,21;26;50;58;84;106;125,56,8,20.298408,3.234881024,23.533289024,12.347712,20.0,43.533289024,True,5,15,True
8,21;26;46;50;58;84;106;125,61,3,23.247432,3.255852544,26.503284544,4.670016,20.0,46.503284544,True,5,15,False
9,21;26;46;50;58;84;106;125;127,64,0,26.303784,3.268435456,29.572219456,0.0,20.0,49.572219456,True,5,15,False
0,,0,64,0.0,0.0,0.0,98.534592,20.0,118.534592,True,5,16,False
1,23,8,56,2.461056,3.033554432,5.494610432,86.22276,20.0,106.22276,True,5,16,False
2,23;42,16,48,5.406336,3.067108864,8.473444864,73.909992,20.0,93.909992,True,5,16,False
3,23;42;48,24,40,8.421504,3.100663296,11.522167296,61.597224,20.0,81.597224,True,5,16,False
4,23;42;48;93,32,32,11.37396,3.134217728,14.508177728,49.28508,20.0,69.28508,True,5,16,False
5,23;42;48;93;97,40,24,14.41128,3.16777216,17.57905216,36.972624,20.0,56.972624,True,5,16,False
6,23;42;48;93;97;109,48,16,17.33004,3.201326592,20.531366592,24.660792,20.0,44.660792,True,5,16,False
7,23;42;48;93;97;109;116,56,8,20.298408,3.234881024,23.533289024,12.347712,20.0,43.533289024,True,5,16,True
8,23;42;48;93;97;109;116;122,64,0,23.288616,3.268435456,26.557051456,0.0,20.0,46.557051456,True,5,16,False
0,,0,64,0.0,0.0,0.0,98.534592,20.0,118.534592,True,5,17,False
1,13,8,56,2.461056,3.033554432,5.494610432,86.22276,20.0,106.22276,True,5,17,False
2,13;26,16,48,5.406336,3.067108864,8.473444864,73.909992,20.0,93.909992,True,5,17,False
3,13;26;73,24,40,8.421504,3.100663296,11.522167296,61.597224,20.0,81.597224,True,5,17,False
4,13;26;73;75,32,32,11.37396,3.134217728,14.508177728,49.28508,20.0,69.28508,True,5,17,False
5,13;26;73;75;116,40,24,14.41128,3.16777216,17.57905216,36.972624,20.0,56.972624,True,5,17,False
6,13;26;73;75;116;118,48,16,17.33004,3.201326592,20.531366592,24.660792,20.0,44.660792,True,5,17,False
7,13;26;73;75;116;118;122,56,8,20.298408,3.234881024,23.533289024,12.347712,20.0,43.533289024,True,5,17,True
8,13;26;73;75;116;118;122;124,64,0,23.288616,3.268435456,26.557051456,0.0,20.0,46.557051456,True,5,17,False
0,,0,64,0.0,0.0,0.0,98.534592,20.0,118.534592,True,5,18,False
1,20,8,56,2.461056,3.033554432,5.494610432,86.22276,20.0,106.22276,True,5,18,False
2,20;32,16,48,5.406336,3.067108864,8.473444864,73.909992,20.0,93.909992,True,5,18,False
3,20;32;74,24,40,8.421504,3.100663296,11.522167296,61.597224,20.0,81.597224,True,5,18,False
4,20;32;74;82,32,32,11.37396,3.134217728,14.508177728,49.28508,20.0,69.28508,True,5,18,False
5,20;32;74;82;87,40,24,14.41128,3.16777216,17.57905216,36.972624,20.0,56.972624,True,5,18,False
6,20;32;74;82;87;90,48,16,17.33004,3.201326592,20.531366592,24.660792,20.0,44.660792,True,5,18,False
7,20;32;74;82;87;90;112,56,8,20.298408,3.234881024,23.533289024,12.347712,20.0,43.533289024,True,5,18,True
8,20;32;74;82;87;90;112;121,64,0,23.288616,3.268435456,26.557051456,0.0,20.0,46.557051456,True,5,18,False
0,,0,64,0.0,0.0,0.0,98.534592,20.0,118.534592,True,5,19,False
1,15,8,56,2.461056,3.033554432,5.494610432,86.22276,20.0,106.22276,True,5,19,False
2,15;19,16,48,5.406336,3.067108864,8.473444864,73.909992,20.0,93.909992,True,5,19,False
3,15;19;28,24,40,8.421504,3.100663296,11.522167296,61.597224,20.0,81.597224,True,5,19,False
4,15;19;28;44,32,32,11.37396,3.134217728,14.508177728,49.28508,20.0,69.28508,True,5,19,False
5,15;19;28;44;52,40,24,14.41128,3.16777216,17.57905216,36.972624,20.0,56.972624,True,5,19,False
6,15;19;28;44;52;63,48,16,17.33004,3.201326592,20.531366592,24.660792,20.0,44.660792,True,5,19,False
7,15;19;28;44;52;63;92,56,8,20.298408,3.234881024,23.533289024,12.347712,20.0,43.533289024,True,5,19,True
8,15;19;28;44;52;63;92;114,64,0,23.288616,3.268435456,26.557051456,0.0,20.0,46.557051456,True,5,19,False
0,,0,64,0.0,0.0,0.0,98.534592,20.0,118.534592,True,5,20,False
1,4,8,56,2.461056,3.033554432,5.494610432,86.22276,20.0,106.22276,True,5,20,False
2,4;10,16,48,5.406336,3.067108864,8.473444864,73.909992,20.0,93.909992,True,5,20,False
3,4;10;50,24,40,8.421504,3.100663296,11.522167296,61.597224,20.0,81.597224,True,5,20,False
4,4;10;50;68,32,32,11.37396,3.134217728,14.508177728,49.28508,20.0,69.28508,True,5,20,False
5,4;10;50;68;76,40,24,14.41128,3.16777216,17.57905216,36.972624,20.0,56.972624,True,5,20,False
6,4;10;50;68;76;85,48,16,17.33004,3.201326592,20.531366592,24.660792,20.0,44.660792,True,5,20,False
7,4;10;50;68;76;85;123,56,8,20.298408,3.234881024,23.533289024,12.347712,20.0,43.533289024,True,5,20,True
8,4;10;50;68;76;85;123;124,63,1,23.276448,3.264241152,26.540689152,1.591512,20.0,46.540689152,True,5,20,False
9,4;10;50;54;68;76;85;123;124,64,0,26.303784,3.268435456,29.572219456,0.0,20.0,49.572219456,True,5,20,False
0,,0,64,0.0,0.0,0.0,98.534592,20.0,118.534592,True,5,21,False
1,8,8,56,2.461056,3.033554432,5.494610432,86.22276,20.0,106.22276,True,5,21,False
2,8;13,16,48,5.406336,3.067108864,8.473444864,73.909992,20.0,93.909992,True,5,21,False
3,8;13;14,24,40,8.421504,3.100663296,11.522167296,61.597224,20.0,81.597224,True,5,21,False
4,8;13;14;39,32,32,11.37396,3.134217728,14.508177728,49.28508,20.0,69.28508,True,5,21,False
5,8;13;14;39;63,40,24,14.41128,3.16777216,17.57905216,36.972624,20.0,56.972624,True,5,21,False
6,8;13;14;39;63;67,48,16,17.33004,3.201326592,20.531366592,24.660792,20.0,44.660792,True,5,21,False
7,8;13;14;39;63;67;95,56,8,20.298408,3.234881024,23.533289024,12.347712,20.0,43.533289024,True,5,21,True
8,8;13;14;39;63;67;95;124,64,0,23.288616,3.268435456,26.557051456,0.0,20.0,46.557051456,True,5,21,False
0,,0,64,0.0,0.0,0.0,98.534592,20.0,118.534592,True,5,22,False
1,0,8,56,2.461056,3.033554432,5.494610432,86.22276,20.0,106.22276,True,5,22,False
2,0;1,16,48,5.406336,3.067108864,8.473444864,73.909992,20.0,93.909992,True,5,22,False
3,0;1;36,24,40,8.421504,3.100663296,11.522167296,61.597224,20.0,81.597224,True,5,22,False
4,0;1;36;48,32,32,11.37396,3.134217728,14.508177728,49.28508,20.0,69.28508,True,5,22,False
5,0;1;36;48;59,40,24,14.41128,3.16777216,17.57905216,36.972624,20.0,56.972624,True,5,22,False
6,0;1;36;48;59;71,48,16,17.33004,3.201326592,20.531366592,24.660792,20.0,44.660792,True,5,22,False
7,0;1;36;48;59;71;92,56,8,20.298408,3.234881024,23.533289024,12.347712,20.0,43.533289024,True,5,22,True
8,0;1;36;48;59;71;92;122,64,0,23.288616,3.268435456,26.557051456,0.0,20.0,46.557051456,True,5,22,False
0,,0,64,0.0,0.0,0.0,98.534592,20.0,118.534592,True,5,23,False
1,25,8,56,2.461056,3.033554432,5.494610432,86.22276,20.0,106.22276,True,5,23,False
2,25;31,16,48,5.406336,3.067108864,8.473444864,73.909992,20.0,93.909992,True,5,23,False
3,25;31;36,24,40,8.421504,3.100663296,11.522167296,61.597224,20.0,81.597224,True,5,23,False
4,25;31;36;38,32,32,11.37396,3.134217728,14.508177728,49.28508,20.0,69.28508,True,5,23,False
5,25;31;36;38;48,40,24,14.41128,3.16777216,17.57905216,36.972624,20.0,56.972624,True,5,23,False
6,25;31;36;38;48;51,48,16,17.33004,3.201326592,20.531366592,24.660792,20.0,44.660792,True,5,23,False
7,25;31;36;38;48;51;81,56,8,20.298408,3.234881024,23.533289024,12.347712,20.0,43.533289024,True,5,23,True
8,25;31;36;38;48;51;81;121,64,0,23.288616,3.268435456,26.557051456,0.0,20.0,46.557051456,True,5,23,False
0,,0,64,0.0,0.0,0.0,98.534592,20.0,118.534592,True,5,24,False
1,18,8,56,2.461056,3.033554432,5.494610432,86.22276,20.0,106.22276,True,5,24,False
2,18;28,16,48,5.406336,3.067108864,8.473444864,73.909992,20.0,93.909992,True,5,24,False
3,18;28;37,24,40,8.421504,3.100663296,11.522167296,61.597224,20.0,81.597224,True,5,24,False
4,18;28;37;91,32,32,11.37396,3.134217728,14.508177728,49.28508,20.0,69.28508,True,5,24,False
5,18;28;37;91;92,40,24,14.41128,3.16777216,17.57905216,36.972624,20.0,56.972624,True,5,24,False
6,18;28;37;91;92;109,48,16,17.33004,3.201326592,20.531366592,24.660792,20.0,44.660792,True,5,24,False
7,18;28;37;91;92;109;122,56,8,20.298408,3.234881024,23.533289024,12.347712,20.0,43.533289024,True,5,24,True
8,18;28;37;57;91;92;109;122,63,1,23.276448,3.264241152,26.540689152,1.591512,20.0,46.540689152,True,5,24,False
9,18;28;37;57;59;91;92;109;122,64,0,26.303784,3.268435456,29.572219456,0.0,20.0,49.572219456,True,5,24,False
0,,0,64,0.0,0.0,0.0,98.534592,20.0,118.534592,True,5,25,False
1,1,8,56,2.461056,3.033554432,5.494610432,86.22276,20.0,106.22276,True,5,25,False
2,1;52,16,48,5.406336,3.067108864,8.473444864,73.909992,20.0,93.909992,True,5,25,False
3,1;52;72,24,40,8.421504,3.100663296,11.522167296,61.597224,20.0,81.597224,True,5,25,False
4,1;52;72;91,32,32,11.37396,3.134217728,14.508177728,49.28508,20.0,69.28508,True,5,25,False
5,1;52;72;91;108,40,24,14.41128,3.16777216,17.57905216,36.972624,20.0,56.972624,True,5,25,False
6,1;52;72;91;108;110,48,16,17.33004,3.201326592,20.531366592,24.660792,20.0,44.660792,True,5,25,False
7,1;52;72;91;108;110;119,56,8,20.298408,3.234881024,23.533289024,12.347712,20.0,43.533289024,True,5,25,True
8,1;31;52;72;91;108;110;119,63,1,23.276448,3.264241152,26.540689152,1.591512,20.0,46.540689152,True,5,25,False
9,1;31;52;72;91;108;110;119;124,64,0,26.303784,3.268435456,29.572219456,0.0,20.0,49.572219456,True,5,25,False
0,,0,64,0.0,0.0,0.0,98.534592,20.0,118.534592,True,5,26,False
1,2,8,56,2.461056,3.033554432,5.494610432,86.22276,20.0,106.22276,True,5,26,False
2,2;24,16,48,5.406336,3.067108864,8.473444864,73.909992,20.0,93.909992,True,5,26,False
3,2;24;29,24,40,8.421504,3.100663296,11.522167296,61.597224,20.0,81.597224,True,5,26,False
4,2;24;29;31,32,32,11.37396,3.134217728,14.508177728,49.28508,20.0,69.28508,True,5,26,False
5,2;24;29;31;72,40,24,14.41128,3.16777216,17.57905216,36.972624,20.0,56.972624,True,5,26,False
6,2;24;29;31;72;87,48,16,17.33004,3.201326592,20.531366592,24.660792,20.0,44.660792,True,5,26,False
7,2;24;29;31;72;87;113,56,8,20.298408,3.234881024,23.533289024,12.347712,20.0,43.533289024,True,5,26,True
8,2;5;24;29;31;72;87;113,62,2,23.24868,3.260046848,26.508726848,3.112512,20.0,46.508726848,True,5,26,False
9,2;5;24;29;31;72;87;91;113,64,0,26.303784,3.268435456,29.572219456,0.0,20.0,49.572219456,True,5,26,False
0,,0,64,0.0,0.0,0.0,98.534592,20.0,118.534592,True,5,27,False
1,26,8,56,2.461056,3.033554432,5.494610432,86.22276,20.0,106.22276,True,5,27,False
2,26;27,16,48,5.406336,3.067108864,8.473444864,73.909992,20.0,93.909992,True,5,27,False
3,26;27;50,24,40,8.421504,3.100663296,11.522167296,61.597224,20.0,81.597224,True,5,27,False
4,26;27;50;84,32,32,11.37396,3.134217728,14.508177728,49.28508,20.0,69.28508,True,5,27,False
5,26;27;50;84;106,40,24,14.41128,3.16777216,17.57905216,36.972624,20.0,56.972624,True,5,27,False
6,26;27;50;84;106;118,48,16,17.33004,3.201326592,20.531366592,24.660792,20.0,44.660792,True,5,27,False
7,26;27;50;84;106;118;125,56,8,20.298408,3.234881024,23.533289024,12.347712,20.0,43.533289024,True,5,27,True
8,26;27;50;84;106;111;118;125,62,2,23.24868,3.260046848,26.508726848,3.112512,20.0,46.508726848,True,5,27,False
9,14;26;27;50;84;106;111;118;125,64,0,26.303784,3.268435456,29.572219456,0.0,20.0,49.572219456,True,5,27,False
0,,0,64,0.0,0.0,0.0,98.534592,20.0,118.534592,True,5,28,False
1,10,8,56,2.461056,3.033554432,5.494610432,86.22276,20.0,106.22276,True,5,28,False
2,10;42,16,48,5.406336,3.067108864,8.473444864,73.909992,20.0,93.909992,True,5,28,False
3,10;42;91,24,40,8.421504,3.100663296,11.522167296,61.597224,20.0,81.597224,True,5,28,False
4,10;42;91;98,32,32,11.37396,3.134217728,14.508177728,49.28508,20.0,69.28508,True,5,28,False
5,10;42;91;98;100,40,24,14.41128,3.16777216,17.57905216,36.972624,20.0,56.972624,True,5,28,False
6,10;42;91;98;100;107,48,16,17.33004,3.201326592,20.531366592,24.660792,20.0,44.660792,True,5,28,False
7,10;42;91;98;100;107;109,56,8,20.298408,3.234881024,23.533289024,12.347712,20.0,43.533289024,True,5,28,True
8,10;42;91;98;100;107;109;122,64,0,23.288616,3.268435456,26.557051456,0.0,20.0,46.557051456,True,5,28,False
0,,0,64,0.0,0.0,0.0,98.534592,20.0,118.534592,True,5,29,False
1,13,8,56,2.461056,3.033554432,5.494610432,86.22276,20.0,106.22276,True,5,29,False
2,13;26,16,48,5.406336,3.067108864,8.473444864,73.909992,20.0,93.909992,True,5,29,False
3,13;26;37,24,40,8.421504,3.100663296,11.522167296,61.597224,20.0,81.597224,True,5,29,False
4,13;26;37;50,32,32,11.37396,3.134217728,14.508177728,49.28508,20.0,69.28508,True,5,29,False
5,13;26;37;50;70,40,24,14.41128,3.16777216,17.57905216,36.972624,20.0,56.972624,True,5,29,False
6,13;26;37;50;70;105,48,16,17.33004,3.201326592,20.531366592,24.660792,20.0,44.660792,True,5,29,False
7,13;26;37;50;70;105;116,56,8,20.298408,3.234881024,23.533289024,12.347712,20.0,43.533289024,True,5,29,True
8,13;26;37;50;70;105;116;124,64,0,23.288616,3.268435456,26.557051456,0.0,20.0,46.557051456,True,5,29,False
0,,0,64,0.0,0.0,0.0,98.534592,20.0,118.534592,True,5,30,False
1,6,8,56,2.461056,3.033554432,5.494610432,86.22276,20.0,106.22276,True,5,30,False
2,6;18,16,48,5.406336,3.067108864,8.473444864,73.909992,20.0,93.909992,True,5,30,False
3,6;18;55,24,40,8.421504,3.100663296,11.522167296,61.597224,20.0,81.597224,True,5,30,False
4,6;18;55;58,32,32,11.37396,3.134217728,14.508177728,49.28508,20.0,69.28508,True,5,30,False
5,6;18;55;58;74,40,24,14.41128,3.16777216,17.57905216,36.972624,20.0,56.972624,True,5,30,False
6,6;18;55;58;74;82,48,16,17.33004,3.201326592,20.531366592,24.660792,20.0,44.660792,True,5,30,False
7,6;18;55;58;74;82;94,56,8,20.298408,3.234881024,23.533289024,12.347712,20.0,43.533289024,True,5,30,True
8,6;18;39;55;58;74;82;94,63,1,23.276448,3.264241152,26.540689152,1.591512,20.0,46.540689152,True,5,30,False
9,6;18;39;55;58;74;82;93;94,64,0,26.303784,3.268435456,29.572219456,0.0,20.0,49.572219456,True,5,30,False
0,,0,64,0.0,0.0,0.0,98.534592,20.0,118.534592,True,5,31,False
1,19,8,56,2.461056,3.033554432,5.494610432,86.22276,20.0,106.22276,True,5,31,False
2,19;24,16,48,5.406336,3.067108864,8.473444864,73.909992,20.0,93.909992,True,5,31,False
3,19;24;28,24,40,8.421504,3.100663296,11.522167296,61.597224,20.0,81.597224,True,5,31,False
4,19;24;28;38,32,32,11.37396,3.134217728,14.508177728,49.28508,20.0,69.28508,True,5,31,False
5,19;24;28;38;41,40,24,14.41128,3.16777216,17.57905216,36.972624,20.0,56.972624,True,5,31,False
6,19;24;28;38;41;63,48,16,17.33004,3.201326592,20.531366592,24.660792,20.0,44.660792,True,5,31,False
7,19;24;28;38;41;63;76,56,8,20.298408,3.234881024,23.533289024,12.347712,20.0,43.533289024,True,5,31,True
8,19;24;28;38;41;63;76;114,64,0,23.288616,3.268435456,26.557051456,0.0,20.0,46.557051456,True,5,31,False
0,,0,64,0.0,0.0,0.0,98.534592,20.0,118.534592,True,5,32,False
1,4,8,56,2.461056,3.033554432,5.494610432,86.22276,20.0,106.22276,True,5,32,False
2,4;10,16,48,5.406336,3.067108864,8.473444864,73.909992,20.0,93.909992,True,5,32,False
3,4;10;54,24,40,8.421504,3.100663296,11.522167296,61.597224,20.0,81.597224,True,5,32,False
4,4;10;54;68,32,32,11.37396,3.134217728,14.508177728,49.28508,20.0,69.28508,True,5,32,False
5,4;10;54;68;76,40,24,14.41128,3.16777216,17.57905216,36.972624,20.0,56.972624,True,5,32,False
6,4;10;54;68;76;85,48,16,17.33004,3.201326592,20.531366592,24.660792,20.0,44.660792,True,5,32,False
7,4;10;48;54;68;76;85,55,9,20.309328,3.23068672,23.54001472,13.904904,20.0,43.54001472,True,5,32,True
8,4;10;48;54;68;74;76;85,62,2,23.24868,3.260046848,26.508726848,3.112512,20.0,46.508726848,True,5,32,False
9,4;10;48;54;68;74;76;85;90,64,0,26.303784,3.268435456,29.572219456,0.0,20.0,49.572219456,True,5,32,False
0,,0,64,0.0,0.0,0.0,98.534592,20.0,118.534592,True,5,33,False
1,8,8,56,2.461056,3.033554432,5.494610432,86.22276,20.0,106.22276,True,5,33,False
2,8;13,16,48,5.406336,3.067108864,8.473444864,73.909992,20.0,93.909992,True,5,33,False
3,8;13;14,24,40,8.421504,3.100663296,11.522167296,61.597224,20.0,81.597224,True,5,33,False
4,8;13;14;39,32,32,11.37396,3.134217728,14.508177728,49.28508,20.0,69.28508,True,5,33,False
5,8;13;14;39;63,40,24,14.41128,3.16777216,17.57905216,36.972624,20.0,56.972624,True,5,33,False
6,8;13;14;39;63;67,48,16,17.33004,3.201326592,20.531366592,24.660792,20.0,44.660792,True,5,33,False
7,8;13;14;39;63;67;124,56,8,20.298408,3.234881024,23.533289024,12.347712,20.0,43.533289024,True,5,33,True
8,8;13;14;39;51;63;67;124,62,2,23.24868,3.260046848,26.508726848,3.112512,20.0,46.508726848,True,5,33,False
9,8;13;14;15;39;51;63;67;124,64,0,26.303784,3.268435456,29.572219456,0.0,20.0,49.572219456,True,5,33,False
0,,0,64,0.0,0.0,0.0,98.534592,20.0,118.534592,True,5,34,False
1,0,8,56,2.461056,3.033554432,5.494610432,86.22276,20.0,106.22276,True,5,34,False
2,0;1,16,48,5.406336,3.067108864,8.473444864,73.909992,20.0,93.909992,True,5,34,False
3,0;1;5,24,40,8.421504,3.100663296,11.522167296,61.597224,20.0,81.597224,True,5,34,False
4,0;1;5;36,32,32,11.37396,3.134217728,14.508177728,49.28508,20.0,69.28508,True,5,34,False
5,0;1;5;36;59,40,24,14.41128,3.16777216,17.57905216,36.972624,20.0,56.972624,True,5,34,False
6,0;1;5;36;59;75,48,16,17.33004,3.201326592,20.531366592,24.660792,20.0,44.660792,True,5,34,False
7,0;1;5;36;59;75;92,56,8,20.298408,3.234881024,23.533289024,12.347712,20.0,43.533289024,True,5,34,True
8,0;1;5;29;36;59;75;92,63,1,23.276448,3.264241152,26.540689152,1.591512,20.0,46.540689152,True,5,34,False
9,0;1;5;8;29;36;59;75;92,64,0,26.303784,3.268435456,29.572219456,0.0,20.0,49.572219456,True,5,34,False
0,,0,64,0.0,0.0,0.0,98.534592,20.0,118.534592,True,5,35,False
1,6,8,56,2.461056,3.033554432,5.494610432,86.22276,20.0,106.22276,True,5,35,False
2,6;15,16,48,5.406336,3.067108864,8.473444864,73.909992,20.0,93.909992,True,5,35,False
3,6;15;17,24,40,8.421504,3.100663296,11.522167296,61.597224,20.0,81.597224,True,5,35,False
4,6;15;17;31,32,32,11.37396,3.134217728,14.508177728,49.28508,20.0,69.28508,True,5,35,False
5,6;15;17;31;36,40,24,14.41128,3.16777216,17.57905216,36.972624,20.0,56.972624,True,5,35,False
6,6;15;17;31;36;48,48,16,17.33004,3.201326592,20.531366592,24.660792,20.0,44.660792,True,5,35,False
7,6;15;17;31;36;48;51,56,8,20.298408,3.234881024,23.533289024,12.347712,20.0,43.533289024,True,5,35,True
8,6;15;17;31;36;48;51;70,64,0,23.288616,3.268435456,26.557051456,0.0,20.0,46.557051456,True,5,35,False
0,,0,64,0.0,0.0,0.0,98.534592,20.0,118.534592,True,5,36,False
1,11,8,56,2.461056,3.033554432,5.494610432,86.22276,20.0,106.22276,True,5,36,False
2,11;18,16,48,5.406336,3.067108864,8.473444864,73.909992,20.0,93.909992,True,5,36,False
3,11;18;37,24,40,8.421504,3.100663296,11.522167296,61.597224,20.0,81.597224,True,5,36,False
4,11;18;37;57,32,32,11.37396,3.134217728,14.508177728,49.28508,20.0,69.28508,True,5,36,False
5,11;18;37;57;59,40,24,14.41128,3.16777216,17.57905216,36.972624,20.0,56.972624,True,5,36,False
6,11;18;37;57;59;62,48,16,17.33004,3.201326592,20.531366592,24.660792,20.0,44.660792,True,5,36,False
7,11;18;37;57;59;62;91,56,8,20.298408,3.234881024,23.533289024,12.347712,20.0,43.533289024,True,5,36,True
8,11;18;37;57;59;62;91;109,64,0,23.288616,3.268435456,26.557051456,0.0,20.0,46.557051456,True,5,36,False
0,,0,64,0.0,0.0,0.0,98.534592,20.0,118.534592,True,5,37,False
1,1,8,56,2.461056,3.033554432,5.494610432,86.22276,20.0,106.22276,True,5,37,False
2,1;27,16,48,5.406336,3.067108864,8.473444864,73.909992,20.0,93.909992,True,5,37,False
3,1;27;72,24,40,8.421504,3.100663296,11.522167296,61.597224,20.0,81.597224,True,5,37,False
4,1;27;72;86,32,32,11.37396,3.134217728,14.508177728,49.28508,20.0,69.28508,True,5,37,False
5,1;27;72;86;91,40,24,14.41128,3.16777216,17.57905216,36.972624,20.0,56.972624,True,5,37,False
6,1;27;72;86;91;110,48,16,17.33004,3.201326592,20.531366592,24.660792,20.0,44.660792,True,5,37,False
7,1;27;72;86;91;110;119,56,8,20.298408,3.234881024,23.533289024,12.347712,20.0,43.533289024,True,5,37,True
8,1;27;72;86;91;108;110;119,63,1,23.276448,3.264241152,26.540689152,1.591512,20.0,46.540689152,True,5,37,False
9,1;27;53;72;86;91;108;110;119,64,0,26.303784,3.268435456,29.572219456,0.0,20.0,49.572219456,True,5,37,False
0,,0,64,0.0,0.0,0.0,98.534592,20.0,118.534592,True,5,38,False
1,2,8,56,2.461056,3.033554432,5.494610432,86.22276,20.0,106.22276,True,5,38,False
2,2;24,16,48,5.406336,3.067108864,8.473444864,73.909992,20.0,93.909992,True,5,38,False
3,2;24;29,24,40,8.421504,3.100663296,11.522167296,61.597224,20.0,81.597224,True,5,38,False
4,2;24;29;31,32,32,11.37396,3.134217728,14.508177728,49.28508,20.0,69.28508,True,5,38,False
5,2;24;29;31;87,40,24,14.41128,3.16777216,17.57905216,36.972624,20.0,56.972624,True,5,38,False
6,2;24;29;31;87;91,48,16,17.33004,3.201326592,20.531366592,24.660792,20.0,44.660792,True,5,38,False
7,2;24;29;31;87;91;113,56,8,20.298408,3.234881024,23.533289024,12.347712,20.0,43.533289024,True,5,38,True
8,2;19;24;29;31;87;91;113,63,1,23.276448,3.264241152,26.540689152,1.591512,20.0,46.540689152,True,5,38,False
9,2;19;24;29;31;87;91;109;113,64,0,26.303784,3.268435456,29.572219456,0.0,20.0,49.572219456,True,5,38,False
0,,0,64,0.0,0.0,0.0,98.534592,20.0,118.534592,True,5,39,False
1,14,8,56,2.461056,3.033554432,5.494610432,86.22276,20.0,106.22276,True,5,39,False
2,14;26,16,48,5.406336,3.067108864,8.473444864,73.909992,20.0,93.909992,True,5,39,False
3,14;26;46,24,40,8.421504,3.100663296,11.522167296,61.597224,20.0,81.597224,True,5,39,False
4,14;26;46;48,32,32,11.37396,3.134217728,14.508177728,49.28508,20.0,69.28508,True,5,39,False
5,14;26;46;48;50,40,24,14.41128,3.16777216,17.57905216,36.972624,20.0,56.972624,True,5,39,False
6,14;26;46;48;50;84,48,16,17.33004,3.201326592,20.531366592,24.660792,20.0,44.660792,True,5,39,False
7,14;26;46;48;50;84;106,56,8,20.298408,3.234881024,23.533289024,12.347712,20.0,43.533289024,True,5,39,True
8,14;26;46;48;50;84;106;125,63,1,23.276448,3.264241152,26.540689152,1.591512,20.0,46.540689152,True,5,39,False
9,14;26;27;46;48;50;84;106;125,64,0,26.303784,3.268435456,29.572219456,0.0,20.0,49.572219456,True,5,39,False
0,,0,64,0.0,0.0,0.0,98.534592,20.0,118.534592,True,5,40,False
1,19,8,56,2.461056,3.033554432,5.494610432,86.22276,20.0,106.22276,True,5,40,False
2,19;46,16,48,5.406336,3.067108864,8.473444864,73.909992,20.0,93.909992,True,5,40,False
3,19;46;69,24,40,8.421504,3.100663296,11.522167296,61.597224,20.0,81.597224,True,5,40,False
4,19;46;69;91,32,32,11.37396,3.134217728,14.508177728,49.28508,20.0,69.28508,True,5,40,False
5,19;46;69;91;98,40,24,14.41128,3.16777216,17.57905216,36.972624,20.0,56.972624,True,5,40,False
6,19;46;69;91;98;109,48,16,17.33004,3.201326592,20.531366592,24.660792,20.0,44.660792,True,5,40,False
7,19;46;69;91;98;109;122,56,8,20.298408,3.234881024,23.533289024,12.347712,20.0,43.533289024,True,5,40,True
8,19;46;48;69;91;98;109;122,61,3,23.247432,3.255852544,26.503284544,4.670016,20.0,46.503284544,True,5,40,False
9,19;46;48;62;69;91;98;109;122,63,1,26.291616,3.264241152,29.555857152,1.591512,20.0,49.555857152,True,5,40,False
10,19;46;48;62;69;91;94;98;109;122,64,0,29.249064,3.268435456,32.517499456,0.0,20.0,52.517499456,True,5,40,False
0,,0,64,0.0,0.0,0.0,98.534592,20.0,118.534592,True,5,41,False
1,75,8,56,2.461056,3.033554432,5.494610432,86.22276,20.0,106.22276,True,5,41,False
2,75;80,16,48,5.406336,3.067108864,8.473444864,73.909992,20.0,93.909992,True,5,41,False
3,75;80;81,24,40,8.421504,3.100663296,11.522167296,61.597224,20.0,81.597224,True,5,41,False
4,75;80;81;100,32,32,11.37396,3.134217728,14.508177728,49.28508,20.0,69.28508,True,5,41,False
5,75;80;81;100;116,40,24,14.41128,3.16777216,17.57905216,36.972624,20.0,56.972624,True,5,41,False
6,75;80;81;100;116;124,48,16,17.33004,3.201326592,20.531366592,24.660792,20.0,44.660792,True,5,41,False
7,6;75;80;81;100;116;124,55,9,20.309328,3.23068672,23.54001472,13.904904,20.0,43.54001472,True,5,41,True
8,6;75;80;81;100;105;116;124,61,3,23.247432,3.255852544,26.503284544,4.670016,20.0,46.503284544,True,5,41,False
9,6;37;75;80;81;100;105;116;124,64,0,26.303784,3.268435456,29.572219456,0.0,20.0,49.572219456,True,5,41,False
0,,0,64,0.0,0.0,0.0,98.534592,20.0,118.534592,True,5,42,False
1,0,8,56,2.461056,3.033554432,5.494610432,86.22276,20.0,106.22276,True,5,42,False
2,0;30,16,48,5.406336,3.067108864,8.473444864,73.909992,20.0,93.909992,True,5,42,False
3,0;30;47,24,40,8.421504,3.100663296,11.522167296,61.597224,20.0,81.597224,True,5,42,False
4,0;30;47;66,32,32,11.37396,3.134217728,14.508177728,49.28508,20.0,69.28508,True,5,42,False
5,0;30;47;66;76,40,24,14.41128,3.16777216,17.57905216,36.972624,20.0,56.972624,True,5,42,False
6,0;30;47;66;76;88,48,16,17.33004,3.201326592,20.531366592,24.660792,20.0,44.660792,True,5,42,False
7,0;30;47;66;76;88;95,56,8,20.298408,3.234881024,23.533289024,12.347712,20.0,43.533289024,True,5,42,True
8,0;30;47;63;66;76;88;95,61,3,23.247432,3.255852544,26.503284544,4.670016,20.0,46.503284544,True,5,42,False
9,0;30;47;63;66;76;88;95;106,64,0,26.303784,3.268435456,29.572219456,0.0,20.0,49.572219456,True,5,42,False
0,,0,64,0.0,0.0,0.0,98.534592,20.0,118.534592,True,5,43,False
1,11,8,56,2.461056,3.033554432,5.494610432,86.22276,20.0,106.22276,True,5,43,False
2,11;32,16,48,5.406336,3.067108864,8.473444864,73.909992,20.0,93.909992,True,5,43,False
3,11;32;45,24,40,8.421504,3.100663296,11.522167296,61.597224,20.0,81.597224,True,5,43,False
4,11;32;45;61,32,32,11.37396,3.134217728,14.508177728,49.28508,20.0,69.28508,True,5,43,False
5,11;32;45;61;86,40,24,14.41128,3.16777216,17.57905216,36.972624,20.0,56.972624,True,5,43,False
6,11;32;45;61;86;91,48,16,17.33004,3.201326592,20.531366592,24.660792,20.0,44.660792,True,5,43,False
7,11;32;45;61;86;91;111,56,8,20.298408,3.234881024,23.533289024,12.347712,20.0,43.533289024,True,5,43,True
8,11;32;45;61;82;86;91;111,60,4,23.221536,3.25165824,26.47319424,6.190392,20.0,46.47319424,True,5,43,False
9,11;32;45;61;82;86;91;96;111,63,1,26.291616,3.264241152,29.555857152,1.591512,20.0,49.555857152,True,5,43,False
10,11;18;32;45;61;82;86;91;96;111,64,0,29.249064,3.268435456,32.517499456,0.0,20.0,52.517499456,True,5,43,False
0,,0,64,0.0,0.0,0.0,98.534592,20.0,118.534592,True,5,44,False
1,15,8,56,2.461056,3.033554432,5.494610432,86.22276,20.0,106.22276,True,5,44,False
2,15;50,16,48,5.406336,3.067108864,8.473444864,73.909992,20.0,93.909992,True,5,44,False
3,15;50;70,24,40,8.421504,3.100663296,11.522167296,61.597224,20.0,81.597224,True,5,44,False
4,15;50;70;79,32,32,11.37396,3.134217728,14.508177728,49.28508,20.0,69.28508,True,5,44,False
5,15;50;70;79;96,40,24,14.41128,3.16777216,17.57905216,36.972624,20.0,56.972624,True,5,44,False
6,15;50;70;79;96;112,48,16,17.33004,3.201326592,20.531366592,24.660792,20.0,44.660792,True,5,44,False
7,15;50;70;79;96;112;114,56,8,20.298408,3.234881024,23.533289024,12.347712,20.0,43.533289024,True,5,44,True
8,15;50;65;70;79;96;112;114,61,3,23.247432,3.255852544,26.503284544,4.670016,20.0,46.503284544,True,5,44,False
9,15;49;50;65;70;79;96;112;114,64,0,26.303784,3.268435456,29.572219456,0.0,20.0,49.572219456,True,5,44,False
0,,0,64,0.0,0.0,0.0,98.534592,20.0,118.534592,True,5,45,False
1,1,8,56,2.461056,3.033554432,5.494610432,86.22276,20.0,106.22276,True,5,45,False
2,1;7,16,48,5.406336,3.067108864,8.473444864,73.909992,20.0,93.909992,True,5,45,False
3,1;7;19,24,40,8.421504,3.100663296,11.522167296,61.597224,20.0,81.597224,True,5,45,False
4,1;7;19;64,32,32,11.37396,3.134217728,14.508177728,49.28508,20.0,69.28508,True,5,45,False
5,1;7;19;64;73,40,24,14.41128,3.16777216,17.57905216,36.972624,20.0,56.972624,True,5,45,False
6,1;7;19;64;73;98,48,16,17.33004,3.201326592,20.531366592,24.660792,20.0,44.660792,True,5,45,False
7,1;7;19;64;73;98;110,56,8,20.298408,3.234881024,23.533289024,12.347712,20.0,43.533289024,True,5,45,True
8,1;7;19;64;73;98;110;121,64,0,23.288616,3.268435456,26.557051456,0.0,20.0,46.557051456,True,5,45,False
0,,0,64,0.0,0.0,0.0,98.534592,20.0,118.534592,True,5,46,False
1,4,8,56,2.461056,3.033554432,5.494610432,86.22276,20.0,106.22276,True,5,46,False
2,4;18,16,48,5.406336,3.067108864,8.473444864,73.909992,20.0,93.909992,True,5,46,False
3,4;18;48,24,40,8.421504,3.100663296,11.522167296,61.597224,20.0,81.597224,True,5,46,False
4,4;18;48;102,32,32,11.37396,3.134217728,14.508177728,49.28508,20.0,69.28508,True,5,46,False
5,4;13;18;48;102,39,25,14.410968,3.163577856,17.574545856,38.53044,20.0,58.53044,True,5,46,False
6,4;13;18;48;62;102,46,18,17.338152,3.192937984,20.531089984,27.73836,20.0,47.73836,True,5,46,False
7,4;13;18;48;62;102;110,53,11,20.277504,3.222298112,23.499802112,16.983096,20.0,43.499802112,True,5,46,True
8,4;13;18;48;62;64;102;110,59,5,23.189712,3.247463936,26.437175936,7.747896,20.0,46.437175936,True,5,46,False
9,4;13;18;40;48;62;64;102;110,64,0,26.303784,3.268435456,29.572219456,0.0,20.0,49.572219456,True,5,46,False
0,,0,64,0.0,0.0,0.0,98.534592,20.0,118.534592,True,5,47,False
1,22,8,56,2.461056,3.033554432,5.494610432,86.22276,20.0,106.22276,True,5,47,False
2,22;24,16,48,5.406336,3.067108864,8.473444864,73.909992,20.0,93.909992,True,5,47,False
3,22;24;30,24,40,8.421504,3.100663296,11.522167296,61.597224,20.0,81.597224,True,5,47,False
4,22;24;30;38,32,32,11.37396,3.134217728,14.508177728,49.28508,20.0,69.28508,True,5,47,False
5,22;24;30;38;41,40,24,14.41128,3.16777216,17.57905216,36.972624,20.0,56.972624,True,5,47,False
6,22;24;30;38;41;46,48,16,17.33004,3.201326592,20.531366592,24.660792,20.0,44.660792,True,5,47,False
7,22;24;30;38;41;46;58,56,8,20.298408,3.234881024,23.533289024,12.347712,20.0,43.533289024,True,5,47,True
8,22;24;30;38;41;46;58;110,64,0,23.288616,3.268435456,26.557051456,0.0,20.0,46.557051456,True,5,47,False
0,,0,64,0.0,0.0,0.0,98.534592,20.0,118.534592,True,6,0,False
1,3,8,56,2.461056,3.033554432,5.494610432,86.22276,20.0,106.22276,True,6,0,False
2,3;12,16,48,5.406336,3.067108864,8.473444864,73.909992,20.0,93.909992,True,6,0,False
3,3;12;64,24,40,8.421504,3.100663296,11.522167296,61.597224,20.0,81.597224,True,6,0,False
4,3;12;64;67,32,32,11.37396,3.134217728,14.508177728,49.28508,20.0,69.28508,True,6,0,False
5,3;12;64;67;79,40,24,14.41128,3.16777216,17.57905216,36.972624,20.0,56.972624,True,6,0,False
6,3;12;64;67;79;112,48,16,17.33004,3.201326592,20.531366592,24.660792,20.0,44.660792,True,6,0,False
7,3;12;64;67;79;112;122,56,8,20.298408,3.234881024,23.533289024,12.347712,20.0,43.533289024,True,6,0,True
8,3;12;64;67;79;112;122;126,64,0,23.288616,3.268435456,26.557051456,0.0,20.0,46.557051456,True,6,0,False
0,,0,64,0.0,0.0,0.0,98.534592,20.0,118.534592,True,6,1,False
1,13,8,56,2.461056,3.033554432,5.494610432,86.22276,20.0,106.22276,True,6,1,False
2,13;14,16,48,5.406336,3.067108864,8.473444864,73.909992,20.0,93.909992,True,6,1,False
3,13;14;20,24,40,8.421504,3.100663296,11.522167296,61.597224,20.0,81.597224,True,6,1,False
4,13;14;20;36,32,32,11.37396,3.134217728,14.508177728,49.28508,20.0,69.28508,True,6,1,False
5,13;14;20;36;67,40,24,14.41128,3.16777216,17.57905216,36.972624,20.0,56.972624,True,6,1,False
6,13;14;20;36;67;68,48,16,17.33004,3.201326592,20.531366592,24.660792,20.0,44.660792,True,6,1,False
7,13;14;20;36;67;68;98,56,8,20.298408,3.234881024,23.533289024,12.347712,20.0,43.533289024,True,6,1,True
8,13;14;20;36;67;68;98;101,64,0,23.288616,3.268435456,26.557051456,0.0,20.0,46.557051456,True,6,1,False
0,,0,64,0.0,0.0,0.0,98.534592,20.0,118.534592,True,6,2,False
1,23,8,56,2.461056,3.033554432,5.494610432,86.22276,20.0,106.22276,True,6,2,False
2,23;44,16,48,5.406336,3.067108864,8.473444864,73.909992,20.0,93.909992,True,6,2,False
3,23;44;56,24,40,8.421504,3.100663296,11.522167296,61.597224,20.0,81.597224,True,6,2,False
4,23;44;56;62,32,32,11.37396,3.134217728,14.508177728,49.28508,20.0,69.28508,True,6,2,False
5,23;44;56;62;71,40,24,14.41128,3.16777216,17.57905216,36.972624,20.0,56.972624,True,6,2,False
6,23;44;56;62;71;72,48,16,17.33004,3.201326592,20.531366592,24.660792,20.0,44.660792,True,6,2,False
7,23;44;56;62;71;72;76,56,8,20.298408,3.234881024,23.533289024,12.347712,20.0,43.533289024,True,6,2,True
8,23;44;56;62;71;72;76;120,64,0,23.288616,3.268435456,26.557051456,0.0,20.0,46.557051456,True,6,2,False
0,,0,64,0.0,0.0,0.0,98.534592,20.0,118.534592,True,6,3,False
1,11,8,56,2.461056,3.033554432,5.494610432,86.22276,20.0,106.22276,True,6,3,False
2,11;42,16,48,5.406336,3.067108864,8.473444864,73.909992,20.0,93.909992,True,6,3,False
3,11;42;71,24,40,8.421504,3.100663296,11.522167296,61.597224,20.0,81.597224,True,6,3,False
4,11;42;71;90,32,32,11.37396,3.134217728,14.508177728,49.28508,20.0,69.28508,True,6,3,False
5,11;42;71;90;118,40,24,14.41128,3.16777216,17.57905216,36.972624,20.0,56.972624,True,6,3,False
6,11;42;71;90;118;119,48,16,17.33004,3.201326592,20.531366592,24.660792,20.0,44.660792,True,6,3,False
7,11;42;71;90;118;119;126,56,8,20.298408,3.234881024,23.533289024,12.347712,20.0,43.533289024,True,6,3,True
8,11;42;56;71;90;118;119;126,62,2,23.24868,3.260046848,26.508726848,3.112512,20.0,46.508726848,True,6,3,False
9,11;42;56;71;90;99;118;119;126,64,0,26.303784,3.268435456,29.572219456,0.0,20.0,49.572219456,True,6,3,False
0,,0,64,0.0,0.0,0.0,98.534592,20.0,118.534592,True,6,4,False
1,12,8,56,2.461056,3.033554432,5.494610432,86.22276,20.0,106.22276,True,6,4,False
2,12;14,16,48,5.406336,3.067108864,8.473444864,73.909992,20.0,93.909992,True,6,4,False
3,12;14;26,24,40,8.421504,3.100663296,11.522167296,61.597224,20.0,81.597224,True,6,4,False
4,12;14;26;33,32,32,11.37396,3.134217728,14.508177728,49.28508,20.0,69.28508,True,6,4,False
5,12;14;26;33;82,40,24,14.41128,3.16777216,17.57905216,36.972624,20.0,56.972624,True,6,4,False
6,12;14;26;33;82;100,48,16,17.33004,3.201326592,20.531366592,24.660792,20.0,44.660792,True,6,4,False
7,12;14;26;33;82;100;108,56,8,20.298408,3.234881024,23.533289024,12.347712,20.0,43.533289024,True,6,4,True
8,12;14;26;33;82;100;108;127,64,0,23.288616,3.268435456,26.557051456,0.0,20.0,46.557051456,True,6,4,False
0,,0,64,0.0,0.0,0.0,98.534592,20.0,118.534592,True,6,5,False
1,4,8,56,2.461056,3.033554432,5.494610432,86.22276,20.0,106.22276,True,6,5,False
2,4;12,16,48,5.406336,3.067108864,8.473444864,73.909992,20.0,93.909992,True,6,5,False
3,4;12;41,24,40,8.421504,3.100663296,11.522167296,61.597224,20.0,81.597224,True,6,5,False
4,4;12;41;46,32,32,11.37396,3.134217728,14.508177728,49.28508,20.0,69.28508,True,6,5,False
5,4;12;41;46;52,40,24,14.41128,3.16777216,17.57905216,36.972624,20.0,56.972624,True,6,5,False
6,4;12;41;46;52;53,48,16,17.33004,3.201326592,20.531366592,24.660792,20.0,44.660792,True,6,5,False
7,4;12;41;46;52;53;65,56,8,20.298408,3.234881024,23.533289024,12.347712,20.0,43.533289024,True,6,5,True
8,4;12;41;46;52;53;65;120,61,3,23.247432,3.255852544,26.503284544,4.670016,20.0,46.503284544,True,6,5,False
9,4;12;41;43;46;52;53;65;120,64,0,26.303784,3.268435456,29.572219456,0.0,20.0,49.572219456,True,6,5,False
0,,0,64,0.0,0.0,0.0,98.534592,20.0,118.534592,True,6,6,False
1,33,8,56,2.461056,3.033554432,5.494610432,86.22276,20.0,106.22276,True,6,6,False
2,33;49,16,48,5.406336,3.067108864,8.473444864,73.909992,20.0,93.909992,True,6,6,False
3,33;49;74,24,40,8.421504,3.100663296,11.522167296,61.597224,20.0,81.597224,True,6,6,False
4,33;49;74;82,32,32,11.37396,3.134217728,14.508177728,49.28508,20.0,69.28508,True,6,6,False
5,33;49;74;82;92,40,24,14.41128,3.16777216,17.57905216,36.972624,20.0,56.972624,True,6,6,False
6,33;49;74;82;92;101,48,16,17.33004,3.201326592,20.531366592,24.660792,20.0,44.660792,True,6,6,False
7,33;49;74;82;92;101;121,56,8,20.298408,3.234881024,23.533289024,12.347712,20.0,43.533289024,True,6,6,True
8,33;49;74;82;92;101;112;121,59,5,23.189712,3.247463936,26.437175936,7.747896,20.0,46.437175936,True,6,6,False
9,33;39;49;74;82;92;101;112;121,61,3,26.2626,3.255852544,29.518452544,4.670016,20.0,49.518452544,True,6,6,False
10,33;39;49;58;74;82;92;101;112;121,63,1,29.236896,3.264241152,32.501137152,1.591512,20.0,52.501137152,True,6,6,False
11,20;33;39;49;58;74;82;92;101;112;121,64,0,32.264232,3.268435456,35.532667456,0.0,20.0,55.532667456,True,6,6,False
0,,0,64,0.0,0.0,0.0,98.534592,20.0,118.534592,True,6,7,False
1,15,8,56,2.461056,3.033554432,5.494610432,86.22276,20.0,106.22276,True,6,7,False
2,15;19,16,48,5.406336,3.067108864,8.473444864,73.909992,20.0,93.909992,True,6,7,False
3,15;19;24,24,40,8.421504,3.100663296,11.522167296,61.597224,20.0,81.597224,True,6,7,False
4,15;19;24;56,32,32,11.37396,3.134217728,14.508177728,49.28508,20.0,69.28508,True,6,7,False
5,15;19;24;56;63,40,24,14.41128,3.16777216,17.57905216,36.972624,20.0,56.972624,True,6,7,False
6,15;19;24;56;63;114,48,16,17.33004,3.201326592,20.531366592,24.660792,20.0,44.660792,True,6,7,False
7,15;19;24;29;56;63;114,55,9,20.309328,3.23068672,23.54001472,13.904904,20.0,43.54001472,True,6,7,True
8,15;19;24;29;44;56;63;114,61,3,23.247432,3.255852544,26.503284544,4.670016,20.0,46.503284544,True,6,7,False
9,15;19;24;29;44;56;63;68;114,64,0,26.303784,3.268435456,29.572219456,0.0,20.0,49.572219456,True,6,7,False
0,,0,64,0.0,0.0,0.0,98.534592,20.0,118.534592,True,6,8,False
1,6,8,56,2.461056,3.033554432,5.494610432,86.22276,20.0,106.22276,True,6,8,False
2,6;23,16,48,5.406336,3.067108864,8.473444864,73.909992,20.0,93.909992,True,6,8,False
3,6;23;50,24,40,8.421504,3.100663296,11.522167296,61.597224,20.0,81.597224,True,6,8,False
4,6;23;50;54,32,32,11.37396,3.134217728,14.508177728,49.28508,20.0,69.28508,True,6,8,False
5,6;23;50;54;68,40,24,14.41128,3.16777216,17.57905216,36.972624,20.0,56.972624,True,6,8,False
6,6;23;50;54;68;78,48,16,17.33004,3.201326592,20.531366592,24.660792,20.0,44.660792,True,6,8,False
7,6;23;50;54;68;76;78,55,9,20.309328,3.23068672,23.54001472,13.904904,20.0,43.54001472,True,6,8,True
8,6;11;23;50;54;68;76;78,61,3,23.247432,3.255852544,26.503284544,4.670016,20.0,46.503284544,True,6,8,False
9,6;11;23;45;50;54;68;76;78,64,0,26.303784,3.268435456,29.572219456,0.0,20.0,49.572219456,True,6,8,False
0,,0,64,0.0,0.0,0.0,98.534592,20.0,118.534592,True,6,9,False
1,0,8,56,2.461056,3.033554432,5.494610432,86.22276,20.0,106.22276,True,6,9,False
2,0;11,16,48,5.406336,3.067108864,8.473444864,73.909992,20.0,93.909992,True,6,9,False
3,0;11;23,24,40,8.421504,3.100663296,11.522167296,61.597224,20.0,81.597224,True,6,9,False
4,0;11;23;39,32,32,11.37396,3.134217728,14.508177728,49.28508,20.0,69.28508,True,6,9,False
5,0;11;23;39;63,40,24,14.41128,3.16777216,17.57905216,36.972624,20.0,56.972624,True,6,9,False
6,0;11;23;39;63;67,48,16,17.33004,3.201326592,20.531366592,24.660792,20.0,44.660792,True,6,9,False
7,0;11;23;39;63;67;107,55,9,20.309328,3.23068672,23.54001472,13.904904,20.0,43.54001472,True,6,9,True
8,0;11;23;39;46;63;67;107,58,6,23.228712,3.243269632,26.471981632,9.268896,20.0,46.471981632,True,6,9,False
9,0;11;23;39;46;63;67;95;107,61,3,26.2626,3.255852544,29.518452544,4.670016,20.0,49.518452544,True,6,9,False
10,0;11;23;39;46;63;67;95;107;115,63,1,29.236896,3.264241152,32.501137152,1.591512,20.0,52.501137152,True,6,9,False
11,0;11;23;39;46;63;67;70;95;107;115,64,0,32.264232,3.268435456,35.532667456,0.0,20.0,55.532667456,True,6,9,False
0,,0,64,0.0,0.0,0.0,98.534592,20.0,118.534592,True,6,10,False
1,1,8,56,2.461056,3.033554432,5.494610432,86.22276,20.0,106.22276,True,6,10,False
2,1;6,16,48,5.406336,3.067108864,8.473444864,73.909992,20.0,93.909992,True,6,10,False
3,1;6;19,24,40,8.421504,3.100663296,11.522167296,61.597224,20.0,81.597224,True,6,10,False
4,1;6;19;36,32,32,11.37396,3.134217728,14.508177728,49.28508,20.0,69.28508,True,6,10,False
5,1;6;19;36;48,40,24,14.41128,3.16777216,17.57905216,36.972624,20.0,56.972624,True,6,10,False
6,1;6;19;36;48;59,48,16,17.33004,3.201326592,20.531366592,24.660792,20.0,44.660792,True,6,10,False
7,1;6;19;36;48;59;84,56,8,20.298408,3.234881024,23.533289024,12.347712,20.0,43.533289024,True,6,10,True
8,1;6;19;36;48;59;84;92,64,0,23.288616,3.268435456,26.557051456,0.0,20.0,46.557051456,True,6,10,False
0,,0,64,0.0,0.0,0.0,98.534592,20.0,118.534592,True,6,11,False
1,17,8,56,2.461056,3.033554432,5.494610432,86.22276,20.0,106.22276,True,6,11,False
2,17;22,16,48,5.406336,3.067108864,8.473444864,73.909992,20.0,93.909992,True,6,11,False
3,17;22;48,24,40,8.421504,3.100663296,11.522167296,61.597224,20.0,81.597224,True,6,11,False
4,17;22;48;52,32,32,11.37396,3.134217728,14.508177728,49.28508,20.0,69.28508,True,6,11,False
5,17;22;48;52;76,40,24,14.41128,3.16777216,17.57905216,36.972624,20.0,56.972624,True,6,11,False
6,17;22;48;52;76;81,48,16,17.33004,3.201326592,20.531366592,24.660792,20.0,44.660792,True,6,11,False
7,17;22;48;52;76;81;99,56,8,20.298408,3.234881024,23.533289024,12.347712,20.0,43.533289024,True,6,11,True
8,17;22;48;52;76;81;99;121,64,0,23.288616,3.268435456,26.557051456,0.0,20.0,46.557051456,True,6,11,False
0,,0,64,0.0,0.0,0.0,98.534592,20.0,118.534592,True,6,12,False
1,11,8,56,2.461056,3.033554432,5.494610432,86.22276,20.0,106.22276,True,6,12,False
2,11;18,16,48,5.406336,3.067108864,8.473444864,73.909992,20.0,93.909992,True,6,12,False
3,11;18;41,24,40,8.421504,3.100663296,11.522167296,61.597224,20.0,81.597224,True,6,12,False
4,11;18;41;49,32,32,11.37396,3.134217728,14.508177728,49.28508,20.0,69.28508,True,6,12,False
5,11;18;41;49;77,40,24,14.41128,3.16777216,17.57905216,36.972624,20.0,56.972624,True,6,12,False
6,11;18;41;49;77;109,48,16,17.33004,3.201326592,20.531366592,24.660792,20.0,44.660792,True,6,12,False
7,11;18;27;41;49;77;109,55,9,20.309328,3.23068672,23.54001472,13.904904,20.0,43.54001472,True,6,12,True
8,11;18;27;40;41;49;77;109,62,2,23.24868,3.260046848,26.508726848,3.112512,20.0,46.508726848,True,6,12,False
9,11;18;27;40;41;49;77;91;109,64,0,26.303784,3.268435456,29.572219456,0.0,20.0,49.572219456,True,6,12,False
0,,0,64,0.0,0.0,0.0,98.534592,20.0,118.534592,True,6,13,False
1,27,8,56,2.461056,3.033554432,5.494610432,86.22276,20.0,106.22276,True,6,13,False
2,27;49,16,48,5.406336,3.067108864,8.473444864,73.909992,20.0,93.909992,True,6,13,False
3,27;49;63,24,40,8.421504,3.100663296,11.522167296,61.597224,20.0,81.597224,True,6,13,False
4,27;49;63;92,32,32,11.37396,3.134217728,14.508177728,49.28508,20.0,69.28508,True,6,13,False
5,27;49;63;92;110,40,24,14.41128,3.16777216,17.57905216,36.972624,20.0,56.972624,True,6,13,False
6,27;49;63;92;110;119,47,17,17.347512,3.197132288,20.544644288,26.217672,20.0,46.217672,True,6,13,False
7,27;31;49;63;92;110;119,52,12,20.30028,3.218103808,23.518383808,18.503784,20.0,43.518383808,True,6,13,True
8,27;31;49;63;91;92;110;119,56,8,23.225904,3.234881024,26.460785024,12.347712,20.0,46.460785024,True,6,13,False
9,20;27;31;49;63;91;92;110;119,58,6,26.24388,3.243269632,29.487149632,9.268896,20.0,49.487149632,True,6,13,False
10,20;27;31;34;49;63;91;92;110;119,60,4,29.181984,3.25165824,32.43364224,6.190392,20.0,52.43364224,True,6,13,False
11,20;27;31;34;49;52;63;91;92;110;119,62,2,32.224296,3.260046848,35.484342848,3.112512,20.0,55.484342848,True,6,13,False
12,20;27;31;34;49;52;63;91;92;104;110;119,64,0,35.209512,3.268435456,38.477947456,0.0,20.0,58.477947456,True,6,13,False
0,,0,64,0.0,0.0,0.0,98.534592,20.0,118.534592,True,6,14,False
1,2,8,56,2.461056,3.033554432,5.494610432,86.22276,20.0,106.22276,True,6,14,False
2,2;5,16,48,5.406336,3.067108864,8.473444864,73.909992,20.0,93.909992,True,6,14,False
3,2;5;9,24,40,8.421504,3.100663296,11.522167296,61.597224,20.0,81.597224,True,6,14,False
4,2;5;9;59,32,32,11.37396,3.134217728,14.508177728,49.28508,20.0,69.28508,True,6,14,False
5,2;5;9;59;87,40,24,14.41128,3.16777216,17.57905216,36.972624,20.0,56.972624,True,6,14,False
6,2;5;9;59;87;97,48,16,17.33004,3.201326592,20.531366592,24.660792,20.0,44.660792,True,6,14,False
7,2;5;9;59;87;97;109,56,8,20.298408,3.234881024,23.533289024,12.347712,20.0,43.533289024,True,6,14,True
8,2;5;9;14;59;87;97;109,60,4,23.221536,3.25165824,26.47319424,6.190392,20.0,46.47319424,True,6,14,False
9,2;5;9;14;59;61;87;97;109,63,1,26.291616,3.264241152,29.555857152,1.591512,20.0,49.555857152,True,6,14,False
10,2;5;9;14;59;61;63;87;97;109,64,0,29.249064,3.268435456,32.517499456,0.0,20.0,52.517499456,True,6,14,False
0,,0,64,0.0,0.0,0.0,98.534592,20.0,118.534592,True,6,15,False
1,2,8,56,2.461056,3.033554432,5.494610432,86.22276,20.0,106.22276,True,6,15,False
2,2;15,16,48,5.406336,3.067108864,8.473444864,73.909992,20.0,93.909992,True,6,15,False
3,2;15;21,24,40,8.421504,3.100663296,11.522167296,61.597224,20.0,81.597224,True,6,15,False
4,2;15;21;50,32,32,11.37396,3.134217728,14.508177728,49.28508,20.0,69.28508,True,6,15,False
5,2;15;21;50;58,40,24,14.41128,3.16777216,17.57905216,36.972624,20.0,56.972624,True,6,15,False
6,2;15;21;50;58;79,48,16,17.33004,3.201326592,20.531366592,24.660792,20.0,44.660792,True,6,15,False
7,2;15;21;50;58;79;84,56,8,20.298408,3.234881024,23.533289024,12.347712,20.0,43.533289024,True,6,15,True
8,2;15;21;50;58;64;79;84,62,2,23.24868,3.260046848,26.508726848,3.112512,20.0,46.508726848,True,6,15,False
9,2;15;21;50;58;64;79;84;122,64,0,26.303784,3.268435456,29.572219456,0.0,20.0,49.572219456,True,6,15,False
0,,0,64,0.0,0.0,0.0,98.534592,20.0,118.534592,True,6,16,False
1,23,8,56,2.461056,3.033554432,5.494610432,86.22276,20.0,106.22276,True,6,16,False
2,23;42,16,48,5.406336,3.067108864,8.473444864,73.909992,20.0,93.909992,True,6,16,False
3,23;42;48,24,40,8.421504,3.100663296,11.522167296,61.597224,20.0,81.597224,True,6,16,False
4,23;42;48;70,32,32,11.37396,3.134217728,14.508177728,49.28508,20.0,69.28508,True,6,16,False
5,23;42;48;70;93,40,24,14.41128,3.16777216,17.57905216,36.972624,20.0,56.972624,True,6,16,False
6,23;42;48;70;93;97,48,16,17.33004,3.201326592,20.531366592,24.660792,20.0,44.660792,True,6,16,False
7,23;42;48;70;93;97;107,56,8,20.298408,3.234881024,23.533289024,12.347712,20.0,43.533289024,True,6,16,True
8,23;42;48;70;93;97;107;122,64,0,23.288616,3.268435456,26.557051456,0.0,20.0,46.557051456,True,6,16,False
0,,0,64,0.0,0.0,0.0,98.534592,20.0,118.534592,True,6,17,False
1,34,8,56,2.461056,3.033554432,5.494610432,86.22276,20.0,106.22276,True,6,17,False
2,34;54,16,48,5.406336,3.067108864,8.473444864,73.909992,20.0,93.909992,True,6,17,False
3,34;54;73,24,40,8.421504,3.100663296,11.522167296,61.597224,20.0,81.597224,True,6,17,False
4,34;54;73;80,32,32,11.37396,3.134217728,14.508177728,49.28508,20.0,69.28508,True,6,17,False
5,34;54;73;80;96,40,24,14.41128,3.16777216,17.57905216,36.972624,20.0,56.972624,True,6,17,False
6,34;54;73;80;96;116,48,16,17.33004,3.201326592,20.531366592,24.660792,20.0,44.660792,True,6,17,False
7,34;54;73;80;96;116;122,56,8,20.298408,3.234881024,23.533289024,12.347712,20.0,43.533289024,True,6,17,True
8,34;54;73;80;96;116;122;124,63,1,23.276448,3.264241152,26.540689152,1.591512,20.0,46.540689152,True,6,17,False
9,34;54;70;73;80;96;116;122;124,64,0,26.303784,3.268435456,29.572219456,0.0,20.0,49.572219456,True,6,17,False
0,,0,64,0.0,0.0,0.0,98.534592,20.0,118.534592,True,6,18,False
1,32,8,56,2.461056,3.033554432,5.494610432,86.22276,20.0,106.22276,True,6,18,False
2,32;33,16,48,5.406336,3.067108864,8.473444864,73.909992,20.0,93.909992,True,6,18,False
3,32;33;58,24,40,8.421504,3.100663296,11.522167296,61.597224,20.0,81.597224,True,6,18,False
4,32;33;58;74,32,32,11.37396,3.134217728,14.508177728,49.28508,20.0,69.28508,True,6,18,False
5,32;33;58;74;82,40,24,14.41128,3.16777216,17.57905216,36.972624,20.0,56.972624,True,6,18,False
6,32;33;58;74;82;87,48,16,17.33004,3.201326592,20.531366592,24.660792,20.0,44.660792,True,6,18,False
7,32;33;58;74;82;87;112,56,8,20.298408,3.234881024,23.533289024,12.347712,20.0,43.533289024,True,6,18,True
8,32;33;58;66;74;82;87;112,61,3,23.247432,3.255852544,26.503284544,4.670016,20.0,46.503284544,True,6,18,False
9,20;32;33;58;66;74;82;87;112,64,0,26.303784,3.268435456,29.572219456,0.0,20.0,49.572219456,True,6,18,False
0,,0,64,0.0,0.0,0.0,98.534592,20.0,118.534592,True,6,19,False
1,15,8,56,2.461056,3.033554432,5.494610432,86.22276,20.0,106.22276,True,6,19,False
2,15;28,16,48,5.406336,3.067108864,8.473444864,73.909992,20.0,93.909992,True,6,19,False
3,15;28;29,24,40,8.421504,3.100663296,11.522167296,61.597224,20.0,81.597224,True,6,19,False
4,15;28;29;44,32,32,11.37396,3.134217728,14.508177728,49.28508,20.0,69.28508,True,6,19,False
5,15;28;29;44;52,40,24,14.41128,3.16777216,17.57905216,36.972624,20.0,56.972624,True,6,19,False
6,15;28;29;44;52;56,48,16,17.33004,3.201326592,20.531366592,24.660792,20.0,44.660792,True,6,19,False
7,15;28;29;44;52;56;63,56,8,20.298408,3.234881024,23.533289024,12.347712,20.0,43.533289024,True,6,19,True
8,15;28;29;44;52;56;63;114,64,0,23.288616,3.268435456,26.557051456,0.0,20.0,46.557051456,True,6,19,False
0,,0,64,0.0,0.0,0.0,98.534592,20.0,118.534592,True,6,20,False
1,0,8,56,2.461056,3.033554432,5.494610432,86.22276,20.0,106.22276,True,6,20,False
2,0;6,16,48,5.406336,3.067108864,8.473444864,73.909992,20.0,93.909992,True,6,20,False
3,0;6;68,24,40,8.421504,3.100663296,11.522167296,61.597224,20.0,81.597224,True,6,20,False
4,0;6;68;76,32,32,11.37396,3.134217728,14.508177728,49.28508,20.0,69.28508,True,6,20,False
5,0;6;68;76;85,40,24,14.41128,3.16777216,17.57905216,36.972624,20.0,56.972624,True,6,20,False
6,0;6;68;76;85;92,48,16,17.33004,3.201326592,20.531366592,24.660792,20.0,44.660792,True,6,20,False
7,0;6;68;76;85;92;114,56,8,20.298408,3.234881024,23.533289024,12.347712,20.0,43.533289024,True,6,20,True
8,0;6;68;69;76;85;92;114,63,1,23.276448,3.264241152,26.540689152,1.591512,20.0,46.540689152,True,6,20,False
9,0;6;48;68;69;76;85;92;114,64,0,26.303784,3.268435456,29.572219456,0.0,20.0,49.572219456,True,6,20,False
0,,0,64,0.0,0.0,0.0,98.534592,20.0,118.534592,True,6,21,False
1,2,8,56,2.461056,3.033554432,5.494610432,86.22276,20.0,106.22276,True,6,21,False
2,2;11,16,48,5.406336,3.067108864,8.473444864,73.909992,20.0,93.909992,True,6,21,False
3,2;11;39,24,40,8.421504,3.100663296,11.522167296,61.597224,20.0,81.597224,True,6,21,False
4,2;11;39;51,32,32,11.37396,3.134217728,14.508177728,49.28508,20.0,69.28508,True,6,21,False
5,2;11;39;51;63,40,24,14.41128,3.16777216,17.57905216,36.972624,20.0,56.972624,True,6,21,False
6,2;11;39;51;63;67,48,16,17.33004,3.201326592,20.531366592,24.660792,20.0,44.660792,True,6,21,False
7,2;11;39;51;56;63;67,55,9,20.309328,3.23068672,23.54001472,13.904904,20.0,43.54001472,True,6,21,True
8,2;11;13;39;51;56;63;67,59,5,23.189712,3.247463936,26.437175936,7.747896,20.0,46.437175936,True,6,21,False
9,2;11;13;39;51;56;63;67;107,62,2,26.263848,3.260046848,29.523894848,3.112512,20.0,49.523894848,True,6,21,False
10,2;11;13;39;51;56;63;67;107;124,64,0,29.249064,3.268435456,32.517499456,0.0,20.0,52.517499456,True,6,21,False
0,,0,64,0.0,0.0,0.0,98.534592,20.0,118.534592,True,6,22,False
1,1,8,56,2.461056,3.033554432,5.494610432,86.22276,20.0,106.22276,True,6,22,False
2,1;36,16,48,5.406336,3.067108864,8.473444864,73.909992,20.0,93.909992,True,6,22,False
3,1;36;48,24,40,8.421504,3.100663296,11.522167296,61.597224,20.0,81.597224,True,6,22,False
4,1;36;48;59,32,32,11.37396,3.134217728,14.508177728,49.28508,20.0,69.28508,True,6,22,False
5,1;36;48;59;75,40,24,14.41128,3.16777216,17.57905216,36.972624,20.0,56.972624,True,6,22,False
6,1;36;48;59;75;84,48,16,17.33004,3.201326592,20.531366592,24.660792,20.0,44.660792,True,6,22,False
7,1;36;48;59;75;84;92,56,8,20.298408,3.234881024,23.533289024,12.347712,20.0,43.533289024,True,6,22,True
8,0;1;36;48;59;75;84;92,60,4,23.221536,3.25165824,26.47319424,6.190392,20.0,46.47319424,True,6,22,False
9,0;1;36;48;59;75;84;92;122,64,0,26.303784,3.268435456,29.572219456,0.0,20.0,49.572219456,True,6,22,False
0,,0,64,0.0,0.0,0.0,98.534592,20.0,118.534592,True,6,23,False
1,31,8,56,2.461056,3.033554432,5.494610432,86.22276,20.0,106.22276,True,6,23,False
2,31;38,16,48,5.406336,3.067108864,8.473444864,73.909992,20.0,93.909992,True,6,23,False
3,31;38;48,24,40,8.421504,3.100663296,11.522167296,61.597224,20.0,81.597224,True,6,23,False
4,31;38;48;52,32,32,11.37396,3.134217728,14.508177728,49.28508,20.0,69.28508,True,6,23,False
5,31;38;48;52;81,40,24,14.41128,3.16777216,17.57905216,36.972624,20.0,56.972624,True,6,23,False
6,31;38;48;52;81;121,48,16,17.33004,3.201326592,20.531366592,24.660792,20.0,44.660792,True,6,23,False
7,14;31;38;48;52;81;121,53,11,20.277504,3.222298112,23.499802112,16.983096,20.0,43.499802112,True,6,23,True
8,14;25;31;38;48;52;81;121,58,6,23.228712,3.243269632,26.471981632,9.268896,20.0,46.471981632,True,6,23,False
9,14;25;31;36;38;48;52;81;121,62,2,26.263848,3.260046848,29.523894848,3.112512,20.0,49.523894848,True,6,23,False
10,14;17;25;31;36;38;48;52;81;121,64,0,29.249064,3.268435456,32.517499456,0.0,20.0,52.517499456,True,6,23,False
0,,0,64,0.0,0.0,0.0,98.534592,20.0,118.534592,True,6,24,False
1,11,8,56,2.461056,3.033554432,5.494610432,86.22276,20.0,106.22276,True,6,24,False
2,11;18,16,48,5.406336,3.067108864,8.473444864,73.909992,20.0,93.909992,True,6,24,False
3,11;18;28,24,40,8.421504,3.100663296,11.522167296,61.597224,20.0,81.597224,True,6,24,False
4,11;18;28;77,32,32,11.37396,3.134217728,14.508177728,49.28508,20.0,69.28508,True,6,24,False
5,11;18;28;77;91,40,24,14.41128,3.16777216,17.57905216,36.972624,20.0,56.972624,True,6,24,False
6,11;18;28;77;91;101,48,16,17.33004,3.201326592,20.531366592,24.660792,20.0,44.660792,True,6,24,False
7,11;18;28;77;91;101;109,56,8,20.298408,3.234881024,23.533289024,12.347712,20.0,43.533289024,True,6,24,True
8,11;18;28;37;77;91;101;109,63,1,23.276448,3.264241152,26.540689152,1.591512,20.0,46.540689152,True,6,24,False
9,1;11;18;28;37;77;91;101;109,64,0,26.303784,3.268435456,29.572219456,0.0,20.0,49.572219456,True,6,24,False
0,,0,64,0.0,0.0,0.0,98.534592,20.0,118.534592,True,6,25,False
1,31,8,56,2.461056,3.033554432,5.494610432,86.22276,20.0,106.22276,True,6,25,False
2,31;49,16,48,5.406336,3.067108864,8.473444864,73.909992,20.0,93.909992,True,6,25,False
3,31;49;50,24,40,8.421504,3.100663296,11.522167296,61.597224,20.0,81.597224,True,6,25,False
4,31;49;50;72,32,32,11.37396,3.134217728,14.508177728,49.28508,20.0,69.28508,True,6,25,False
5,31;49;50;72;91,40,24,14.41128,3.16777216,17.57905216,36.972624,20.0,56.972624,True,6,25,False
6,31;49;50;72;91;110,48,16,17.33004,3.201326592,20.531366592,24.660792,20.0,44.660792,True,6,25,False
7,31;49;50;72;91;110;119,56,8,20.298408,3.234881024,23.533289024,12.347712,20.0,43.533289024,True,6,25,True
8,31;49;50;72;91;110;119;124,64,0,23.288616,3.268435456,26.557051456,0.0,20.0,46.557051456,True,6,25,False
0,,0,64,0.0,0.0,0.0,98.534592,20.0,118.534592,True,6,26,False
1,5,8,56,2.461056,3.033554432,5.494610432,86.22276,20.0,106.22276,True,6,26,False
2,5;29,16,48,5.406336,3.067108864,8.473444864,73.909992,20.0,93.909992,True,6,26,False
3,5;29;31,24,40,8.421504,3.100663296,11.522167296,61.597224,20.0,81.597224,True,6,26,False
4,5;29;31;59,32,32,11.37396,3.134217728,14.508177728,49.28508,20.0,69.28508,True,6,26,False
5,5;29;31;59;72,40,24,14.41128,3.16777216,17.57905216,36.972624,20.0,56.972624,True,6,26,False
6,5;29;31;59;72;87,48,16,17.33004,3.201326592,20.531366592,24.660792,20.0,44.660792,True,6,26,False
7,5;29;31;59;72;87;97,56,8,20.298408,3.234881024,23.533289024,12.347712,20.0,43.533289024,True,6,26,True
8,2;5;29;31;59;72;87;97,63,1,23.276448,3.264241152,26.540689152,1.591512,20.0,46.540689152,True,6,26,False
9,2;5;29;31;59;72;87;97;109,64,0,26.303784,3.268435456,29.572219456,0.0,20.0,49.572219456,True,6,26,False
0,,0,64,0.0,0.0,0.0,98.534592,20.0,118.534592,True,6,27,False
1,21,8,56,2.461056,3.033554432,5.494610432,86.22276,20.0,106.22276,True,6,27,False
2,21;50,16,48,5.406336,3.067108864,8.473444864,73.909992,20.0,93.909992,True,6,27,False
3,21;50;64,24,40,8.421504,3.100663296,11.522167296,61.597224,20.0,81.597224,True,6,27,False
4,21;50;64;84,32,32,11.37396,3.134217728,14.508177728,49.28508,20.0,69.28508,True,6,27,False
5,21;50;64;84;111,40,24,14.41128,3.16777216,17.57905216,36.972624,20.0,56.972624,True,6,27,False
6,21;50;64;84;111;118,48,16,17.33004,3.201326592,20.531366592,24.660792,20.0,44.660792,True,6,27,False
7,21;26;50;64;84;111;118,55,9,20.309328,3.23068672,23.54001472,13.904904,20.0,43.54001472,True,6,27,True
8,14;21;26;50;64;84;111;118,61,3,23.247432,3.255852544,26.503284544,4.670016,20.0,46.503284544,True,6,27,False
9,14;21;26;50;64;79;84;111;118,64,0,26.303784,3.268435456,29.572219456,0.0,20.0,49.572219456,True,6,27,False
0,,0,64,0.0,0.0,0.0,98.534592,20.0,118.534592,True,6,28,False
1,23,8,56,2.461056,3.033554432,5.494610432,86.22276,20.0,106.22276,True,6,28,False
2,23;42,16,48,5.406336,3.067108864,8.473444864,73.909992,20.0,93.909992,True,6,28,False
3,23;42;70,24,40,8.421504,3.100663296,11.522167296,61.597224,20.0,81.597224,True,6,28,False
4,23;42;70;91,32,32,11.37396,3.134217728,14.508177728,49.28508,20.0,69.28508,True,6,28,False
5,23;42;70;91;98,40,24,14.41128,3.16777216,17.57905216,36.972624,20.0,56.972624,True,6,28,False
6,23;42;70;91;98;107,48,16,17.33004,3.201326592,20.531366592,24.660792,20.0,44.660792,True,6,28,False
7,23;42;70;91;98;107;122,56,8,20.298408,3.234881024,23.533289024,12.347712,20.0,43.533289024,True,6,28,True
8,23;42;70;74;91;98;107;122,63,1,23.276448,3.264241152,26.540689152,1.591512,20.0,46.540689152,True,6,28,False
9,23;34;42;70;74;91;98;107;122,64,0,26.303784,3.268435456,29.572219456,0.0,20.0,49.572219456,True,6,28,False
0,,0,64,0.0,0.0,0.0,98.534592,20.0,118.534592,True,6,29,False
1,13,8,56,2.461056,3.033554432,5.494610432,86.22276,20.0,106.22276,True,6,29,False
2,13;34,16,48,5.406336,3.067108864,8.473444864,73.909992,20.0,93.909992,True,6,29,False
3,13;34;37,24,40,8.421504,3.100663296,11.522167296,61.597224,20.0,81.597224,True,6,29,False
4,13;34;37;70,32,32,11.37396,3.134217728,14.508177728,49.28508,20.0,69.28508,True,6,29,False
5,13;34;37;70;96,40,24,14.41128,3.16777216,17.57905216,36.972624,20.0,56.972624,True,6,29,False
6,13;34;37;70;96;120,48,16,17.33004,3.201326592,20.531366592,24.660792,20.0,44.660792,True,6,29,False
7,13;34;37;70;96;120;124,56,8,20.298408,3.234881024,23.533289024,12.347712,20.0,43.533289024,True,6,29,True
8,13;34;37;70;96;120;123;124,60,4,23.221536,3.25165824,26.47319424,6.190392,20.0,46.47319424,True,6,29,False
9,13;34;37;60;70;96;120;123;124,63,1,26.291616,3.264241152,29.555857152,1.591512,20.0,49.555857152,True,6,29,False
10,13;34;37;60;70;96;100;120;123;124,64,0,29.249064,3.268435456,32.517499456,0.0,20.0,52.517499456,True,6,29,False
0,,0,64,0.0,0.0,0.0,98.534592,20.0,118.534592,True,6,30,False
1,6,8,56,2.461056,3.033554432,5.494610432,86.22276,20.0,106.22276,True,6,30,False
2,6;18,16,48,5.406336,3.067108864,8.473444864,73.909992,20.0,93.909992,True,6,30,False
3,6;18;58,24,40,8.421504,3.100663296,11.522167296,61.597224,20.0,81.597224,True,6,30,False
4,6;18;58;63,32,32,11.37396,3.134217728,14.508177728,49.28508,20.0,69.28508,True,6,30,False
5,6;18;58;63;82,40,24,14.41128,3.16777216,17.57905216,36.972624,20.0,56.972624,True,6,30,False
6,6;18;58;63;82;94,48,16,17.33004,3.201326592,20.531366592,24.660792,20.0,44.660792,True,6,30,False
7,6;18;58;63;82;94;120,55,9,20.309328,3.23068672,23.54001472,13.904904,20.0,43.54001472,True,6,30,True
8,6;18;39;58;63;82;94;120,59,5,23.189712,3.247463936,26.437175936,7.747896,20.0,46.437175936,True,6,30,False
9,6;18;39;58;63;82;93;94;120,63,1,26.291616,3.264241152,29.555857152,1.591512,20.0,49.555857152,True,6,30,False
10,6;18;33;39;58;63;82;93;94;120,64,0,29.249064,3.268435456,32.517499456,0.0,20.0,52.517499456,True,6,30,False
0,,0,64,0.0,0.0,0.0,98.534592,20.0,118.534592,True,6,31,False
1,15,8,56,2.461056,3.033554432,5.494610432,86.22276,20.0,106.22276,True,6,31,False
2,15;24,16,48,5.406336,3.067108864,8.473444864,73.909992,20.0,93.909992,True,6,31,False
3,15;24;28,24,40,8.421504,3.100663296,11.522167296,61.597224,20.0,81.597224,True,6,31,False
4,15;24;28;29,32,32,11.37396,3.134217728,14.508177728,49.28508,20.0,69.28508,True,6,31,False
5,15;24;28;29;38,40,24,14.41128,3.16777216,17.57905216,36.972624,20.0,56.972624,True,6,31,False
6,15;24;28;29;38;41,48,16,17.33004,3.201326592,20.531366592,24.660792,20.0,44.660792,True,6,31,False
7,15;24;28;29;38;41;63,56,8,20.298408,3.234881024,23.533289024,12.347712,20.0,43.533289024,True,6,31,True
8,15;24;28;29;38;41;63;114,64,0,23.288616,3.268435456,26.557051456,0.0,20.0,46.557051456,True,6,31,False
0,,0,64,0.0,0.0,0.0,98.534592,20.0,118.534592,True,6,32,False
1,6,8,56,2.461056,3.033554432,5.494610432,86.22276,20.0,106.22276,True,6,32,False
2,6;48,16,48,5.406336,3.067108864,8.473444864,73.909992,20.0,93.909992,True,6,32,False
3,6;48;51,24,40,8.421504,3.100663296,11.522167296,61.597224,20.0,81.597224,True,6,32,False
4,6;48;51;68,32,32,11.37396,3.134217728,14.508177728,49.28508,20.0,69.28508,True,6,32,False
5,6;48;51;68;85,40,24,14.41128,3.16777216,17.57905216,36.972624,20.0,56.972624,True,6,32,False
6,6;48;51;68;85;124,48,16,17.33004,3.201326592,20.531366592,24.660792,20.0,44.660792,True,6,32,False
7,6;11;48;51;68;85;124,54,10,20.251296,3.226492416,23.477788416,15.426216,20.0,43.477788416,True,6,32,True
8,6;11;48;51;68;85;90;124,59,5,23.189712,3.247463936,26.437175936,7.747896,20.0,46.437175936,True,6,32,False
9,6;11;48;51;54;68;85;90;124,62,2,26.263848,3.260046848,29.523894848,3.112512,20.0,49.523894848,True,6,32,False
10,6;11;48;51;54;68;76;85;90;124,64,0,29.249064,3.268435456,32.517499456,0.0,20.0,52.517499456,True,6,32,False
0,,0,64,0.0,0.0,0.0,98.534592,20.0,118.534592,True,6,33,False
1,11,8,56,2.461056,3.033554432,5.494610432,86.22276,20.0,106.22276,True,6,33,False
2,11;39,16,48,5.406336,3.067108864,8.473444864,73.909992,20.0,93.909992,True,6,33,False
3,11;39;53,24,40,8.421504,3.100663296,11.522167296,61.597224,20.0,81.597224,True,6,33,False
4,11;39;53;63,32,32,11.37396,3.134217728,14.508177728,49.28508,20.0,69.28508,True,6,33,False
5,11;39;53;63;67,40,24,14.41128,3.16777216,17.57905216,36.972624,20.0,56.972624,True,6,33,False
6,11;39;53;63;67;124,48,16,17.33004,3.201326592,20.531366592,24.660792,20.0,44.660792,True,6,33,False
7,11;39;53;56;63;67;124,55,9,20.309328,3.23068672,23.54001472,13.904904,20.0,43.54001472,True,6,33,True
8,11;39;53;56;63;67;115;124,62,2,23.24868,3.260046848,26.508726848,3.112512,20.0,46.508726848,True,6,33,False
9,11;39;51;53;56;63;67;115;124,64,0,26.303784,3.268435456,29.572219456,0.0,20.0,49.572219456,True,6,33,False
0,,0,64,0.0,0.0,0.0,98.534592,20.0,118.534592,True,6,34,False
1,1,8,56,2.461056,3.033554432,5.494610432,86.22276,20.0,106.22276,True,6,34,False
2,1;8,16,48,5.406336,3.067108864,8.473444864,73.909992,20.0,93.909992,True,6,34,False
3,1;8;10,24,40,8.421504,3.100663296,11.522167296,61.597224,20.0,81.597224,True,6,34,False
4,1;8;10;29,32,32,11.37396,3.134217728,14.508177728,49.28508,20.0,69.28508,True,6,34,False
5,1;8;10;29;36,40,24,14.41128,3.16777216,17.57905216,36.972624,20.0,56.972624,True,6,34,False
6,1;8;10;29;36;75,48,16,17.33004,3.201326592,20.531366592,24.660792,20.0,44.660792,True,6,34,False
7,1;8;10;29;36;75;84,56,8,20.298408,3.234881024,23.533289024,12.347712,20.0,43.533289024,True,6,34,True
8,1;8;10;29;36;75;84;92,64,0,23.288616,3.268435456,26.557051456,0.0,20.0,46.557051456,True,6,34,False
0,,0,64,0.0,0.0,0.0,98.534592,20.0,118.534592,True,6,35,False
1,6,8,56,2.461056,3.033554432,5.494610432,86.22276,20.0,106.22276,True,6,35,False
2,6;17,16,48,5.406336,3.067108864,8.473444864,73.909992,20.0,93.909992,True,6,35,False
3,6;17;31,24,40,8.421504,3.100663296,11.522167296,61.597224,20.0,81.597224,True,6,35,False
4,6;17;31;48,32,32,11.37396,3.134217728,14.508177728,49.28508,20.0,69.28508,True,6,35,False
5,6;17;31;48;51,40,24,14.41128,3.16777216,17.57905216,36.972624,20.0,56.972624,True,6,35,False
6,6;17;31;48;51;70,48,16,17.33004,3.201326592,20.531366592,24.660792,20.0,44.660792,True,6,35,False
7,6;17;31;48;51;70;77,56,8,20.298408,3.234881024,23.533289024,12.347712,20.0,43.533289024,True,6,35,True
8,6;17;28;31;48;51;70;77,62,2,23.24868,3.260046848,26.508726848,3.112512,20.0,46.508726848,True,6,35,False
9,6;17;28;31;48;51;70;77;110,64,0,26.303784,3.268435456,29.572219456,0.0,20.0,49.572219456,True,6,35,False
0,,0,64,0.0,0.0,0.0,98.534592,20.0,118.534592,True,6,36,False
1,11,8,56,2.461056,3.033554432,5.494610432,86.22276,20.0,106.22276,True,6,36,False
2,11;18,16,48,5.406336,3.067108864,8.473444864,73.909992,20.0,93.909992,True,6,36,False
3,11;18;62,24,40,8.421504,3.100663296,11.522167296,61.597224,20.0,81.597224,True,6,36,False
4,11;18;62;77,32,32,11.37396,3.134217728,14.508177728,49.28508,20.0,69.28508,True,6,36,False
5,11;18;62;77;101,40,24,14.41128,3.16777216,17.57905216,36.972624,20.0,56.972624,True,6,36,False
6,11;18;62;77;101;109,48,16,17.33004,3.201326592,20.531366592,24.660792,20.0,44.660792,True,6,36,False
7,11;18;49;62;77;101;109,54,10,20.251296,3.226492416,23.477788416,15.426216,20.0,43.477788416,True,6,36,True
8,11;18;49;62;77;91;101;109,60,4,23.221536,3.25165824,26.47319424,6.190392,20.0,46.47319424,True,6,36,False
9,11;18;49;57;62;77;91;101;109,64,0,26.303784,3.268435456,29.572219456,0.0,20.0,49.572219456,True,6,36,False
0,,0,64,0.0,0.0,0.0,98.534592,20.0,118.534592,True,6,37,False
1,27,8,56,2.461056,3.033554432,5.494610432,86.22276,20.0,106.22276,True,6,37,False
2,27;34,16,48,5.406336,3.067108864,8.473444864,73.909992,20.0,93.909992,True,6,37,False
3,27;34;49,24,40,8.421504,3.100663296,11.522167296,61.597224,20.0,81.597224,True,6,37,False
4,27;34;49;50,32,32,11.37396,3.134217728,14.508177728,49.28508,20.0,69.28508,True,6,37,False
5,27;34;49;50;72,40,24,14.41128,3.16777216,17.57905216,36.972624,20.0,56.972624,True,6,37,False
6,27;34;49;50;72;91,48,16,17.33004,3.201326592,20.531366592,24.660792,20.0,44.660792,True,6,37,False
7,27;34;49;50;72;91;110,56,8,20.298408,3.234881024,23.533289024,12.347712,20.0,43.533289024,True,6,37,True
8,27;31;34;49;50;72;91;110,62,2,23.24868,3.260046848,26.508726848,3.112512,20.0,46.508726848,True,6,37,False
9,27;31;34;49;50;72;91;110;119,64,0,26.303784,3.268435456,29.572219456,0.0,20.0,49.572219456,True,6,37,False
0,,0,64,0.0,0.0,0.0,98.534592,20.0,118.534592,True,6,38,False
1,2,8,56,2.461056,3.033554432,5.494610432,86.22276,20.0,106.22276,True,6,38,False
2,2;29,16,48,5.406336,3.067108864,8.473444864,73.909992,20.0,93.909992,True,6,38,False
3,2;29;31,24,40,8.421504,3.100663296,11.522167296,61.597224,20.0,81.597224,True,6,38,False
4,2;29;31;87,32,32,11.37396,3.134217728,14.508177728,49.28508,20.0,69.28508,True,6,38,False
5,2;29;31;87;97,40,24,14.41128,3.16777216,17.57905216,36.972624,20.0,56.972624,True,6,38,False
6,2;29;31;87;97;109,48,16,17.33004,3.201326592,20.531366592,24.660792,20.0,44.660792,True,6,38,False
7,2;29;31;87;97;109;110,56,8,20.298408,3.234881024,23.533289024,12.347712,20.0,43.533289024,True,6,38,True
8,2;27;29;31;87;97;109;110,61,3,23.247432,3.255852544,26.503284544,4.670016,20.0,46.503284544,True,6,38,False
9,2;27;29;31;87;97;109;110;113,64,0,26.303784,3.268435456,29.572219456,0.0,20.0,49.572219456,True,6,38,False
0,,0,64,0.0,0.0,0.0,98.534592,20.0,118.534592,True,6,39,False
1,2,8,56,2.461056,3.033554432,5.494610432,86.22276,20.0,106.22276,True,6,39,False
2,2;14,16,48,5.406336,3.067108864,8.473444864,73.909992,20.0,93.909992,True,6,39,False
3,2;14;48,24,40,8.421504,3.100663296,11.522167296,61.597224,20.0,81.597224,True,6,39,False
4,2;14;48;63,32,32,11.37396,3.134217728,14.508177728,49.28508,20.0,69.28508,True,6,39,False
5,2;14;48;63;84,40,24,14.41128,3.16777216,17.57905216,36.972624,20.0,56.972624,True,6,39,False
6,2;14;48;63;84;110,48,16,17.33004,3.201326592,20.531366592,24.660792,20.0,44.660792,True,6,39,False
7,2;14;48;63;84;110;118,56,8,20.298408,3.234881024,23.533289024,12.347712,20.0,43.533289024,True,6,39,True
8,2;14;48;63;84;99;110;118,61,3,23.247432,3.255852544,26.503284544,4.670016,20.0,46.503284544,True,6,39,False
9,2;14;16;48;63;84;99;110;118,64,0,26.303784,3.268435456,29.572219456,0.0,20.0,49.572219456,True,6,39,False
0,,0,64,0.0,0.0,0.0,98.534592,20.0,118.534592,True,6,40,False
1,19,8,56,2.461056,3.033554432,5.494610432,86.22276,20.0,106.22276,True,6,40,False
2,19;23,16,48,5.406336,3.067108864,8.473444864,73.909992,20.0,93.909992,True,6,40,False
3,19;23;27,24,40,8.421504,3.100663296,11.522167296,61.597224,20.0,81.597224,True,6,40,False
4,19;23;27;70,32,32,11.37396,3.134217728,14.508177728,49.28508,20.0,69.28508,True,6,40,False
5,19;23;27;70;91,40,24,14.41128,3.16777216,17.57905216,36.972624,20.0,56.972624,True,6,40,False
6,19;23;27;70;91;94,48,16,17.33004,3.201326592,20.531366592,24.660792,20.0,44.660792,True,6,40,False
7,19;23;27;70;91;94;97,56,8,20.298408,3.234881024,23.533289024,12.347712,20.0,43.533289024,True,6,40,True
8,19;23;27;70;91;94;97;122,64,0,23.288616,3.268435456,26.557051456,0.0,20.0,46.557051456,True,6,40,False
0,,0,64,0.0,0.0,0.0,98.534592,20.0,118.534592,True,6,41,False
1,80,8,56,2.461056,3.033554432,5.494610432,86.22276,20.0,106.22276,True,6,41,False
2,80;81,16,48,5.406336,3.067108864,8.473444864,73.909992,20.0,93.909992,True,6,41,False
3,80;81;96,24,40,8.421504,3.100663296,11.522167296,61.597224,20.0,81.597224,True,6,41,False
4,80;81;96;100,32,32,11.37396,3.134217728,14.508177728,49.28508,20.0,69.28508,True,6,41,False
5,80;81;96;100;116,40,24,14.41128,3.16777216,17.57905216,36.972624,20.0,56.972624,True,6,41,False
6,80;81;96;100;116;118,48,16,17.33004,3.201326592,20.531366592,24.660792,20.0,44.660792,True,6,41,False
7,80;81;96;100;116;118;124,56,8,20.298408,3.234881024,23.533289024,12.347712,20.0,43.533289024,True,6,41,True
8,80;81;96;100;116;118;123;124,62,2,23.24868,3.260046848,26.508726848,3.112512,20.0,46.508726848,True,6,41,False
9,37;80;81;96;100;116;118;123;124,64,0,26.303784,3.268435456,29.572219456,0.0,20.0,49.572219456,True,6,41,False
0,,0,64,0.0,0.0,0.0,98.534592,20.0,118.534592,True,6,42,False
1,0,8,56,2.461056,3.033554432,5.494610432,86.22276,20.0,106.22276,True,6,42,False
2,0;30,16,48,5.406336,3.067108864,8.473444864,73.909992,20.0,93.909992,True,6,42,False
3,0;30;63,24,40,8.421504,3.100663296,11.522167296,61.597224,20.0,81.597224,True,6,42,False
4,0;30;63;66,32,32,11.37396,3.134217728,14.508177728,49.28508,20.0,69.28508,True,6,42,False
5,0;30;63;66;76,40,24,14.41128,3.16777216,17.57905216,36.972624,20.0,56.972624,True,6,42,False
6,0;30;63;66;76;88,48,16,17.33004,3.201326592,20.531366592,24.660792,20.0,44.660792,True,6,42,False
7,0;28;30;63;66;76;88,54,10,20.251296,3.226492416,23.477788416,15.426216,20.0,43.477788416,True,6,42,True
8,0;28;30;63;66;76;81;88,59,5,23.189712,3.247463936,26.437175936,7.747896,20.0,46.437175936,True,6,42,False
9,0;28;30;63;66;76;81;88;95,64,0,26.303784,3.268435456,29.572219456,0.0,20.0,49.572219456,True,6,42,False
0,,0,64,0.0,0.0,0.0,98.534592,20.0,118.534592,True,6,43,False
1,11,8,56,2.461056,3.033554432,5.494610432,86.22276,20.0,106.22276,True,6,43,False
2,11;72,16,48,5.406336,3.067108864,8.473444864,73.909992,20.0,93.909992,True,6,43,False
3,11;72;74,24,40,8.421504,3.100663296,11.522167296,61.597224,20.0,81.597224,True,6,43,False
4,11;72;74;94,32,32,11.37396,3.134217728,14.508177728,49.28508,20.0,69.28508,True,6,43,False
5,11;72;74;94;96,40,24,14.41128,3.16777216,17.57905216,36.972624,20.0,56.972624,True,6,43,False
6,11;72;74;94;96;98,48,16,17.33004,3.201326592,20.531366592,24.660792,20.0,44.660792,True,6,43,False
7,11;72;74;94;96;98;106,56,8,20.298408,3.234881024,23.533289024,12.347712,20.0,43.533289024,True,6,43,True
8,11;32;72;74;94;96;98;106,62,2,23.24868,3.260046848,26.508726848,3.112512,20.0,46.508726848,True,6,43,False
9,11;32;72;74;94;96;98;106;124,64,0,26.303784,3.268435456,29.572219456,0.0,20.0,49.572219456,True,6,43,False
0,,0,64,0.0,0.0,0.0,98.534592,20.0,118.534592,True,6,44,False
1,7,8,56,2.461056,3.033554432,5.494610432,86.22276,20.0,106.22276,True,6,44,False
2,7;15,16,48,5.406336,3.067108864,8.473444864,73.909992,20.0,93.909992,True,6,44,False
3,7;15;50,24,40,8.421504,3.100663296,11.522167296,61.597224,20.0,81.597224,True,6,44,False
4,7;15;50;60,32,32,11.37396,3.134217728,14.508177728,49.28508,20.0,69.28508,True,6,44,False
5,7;15;50;60;79,40,24,14.41128,3.16777216,17.57905216,36.972624,20.0,56.972624,True,6,44,False
6,7;15;50;60;79;94,48,16,17.33004,3.201326592,20.531366592,24.660792,20.0,44.660792,True,6,44,False
7,7;15;50;60;79;94;114,56,8,20.298408,3.234881024,23.533289024,12.347712,20.0,43.533289024,True,6,44,True
8,7;15;50;60;79;94;100;114,63,1,23.276448,3.264241152,26.540689152,1.591512,20.0,46.540689152,True,6,44,False
9,7;15;49;50;60;79;94;100;114,64,0,26.303784,3.268435456,29.572219456,0.0,20.0,49.572219456,True,6,44,False
0,,0,64,0.0,0.0,0.0,98.534592,20.0,118.534592,True,6,45,False
1,4,8,56,2.461056,3.033554432,5.494610432,86.22276,20.0,106.22276,True,6,45,False
2,4;41,16,48,5.406336,3.067108864,8.473444864,73.909992,20.0,93.909992,True,6,45,False
3,4;41;65,24,40,8.421504,3.100663296,11.522167296,61.597224,20.0,81.597224,True,6,45,False
4,4;41;65;67,32,32,11.37396,3.134217728,14.508177728,49.28508,20.0,69.28508,True,6,45,False
5,4;41;65;67;110,40,24,14.41128,3.16777216,17.57905216,36.972624,20.0,56.972624,True,6,45,False
6,4;41;65;67;110;113,48,16,17.33004,3.201326592,20.531366592,24.660792,20.0,44.660792,True,6,45,False
7,4;41;65;67;110;113;121,55,9,20.309328,3.23068672,23.54001472,13.904904,20.0,43.54001472,True,6,45,True
8,4;41;54;65;67;110;113;121,61,3,23.247432,3.255852544,26.503284544,4.670016,20.0,46.503284544,True,6,45,False
9,4;31;41;54;65;67;110;113;121,64,0,26.303784,3.268435456,29.572219456,0.0,20.0,49.572219456,True,6,45,False
0,,0,64,0.0,0.0,0.0,98.534592,20.0,118.534592,True,6,46,False
1,4,8,56,2.461056,3.033554432,5.494610432,86.22276,20.0,106.22276,True,6,46,False
2,4;15,16,48,5.406336,3.067108864,8.473444864,73.909992,20.0,93.909992,True,6,46,False
3,4;15;18,24,40,8.421504,3.100663296,11.522167296,61.597224,20.0,81.597224,True,6,46,False
4,4;15;18;20,32,32,11.37396,3.134217728,14.508177728,49.28508,20.0,69.28508,True,6,46,False
5,4;15;18;20;48,40,24,14.41128,3.16777216,17.57905216,36.972624,20.0,56.972624,True,6,46,False
6,4;15;18;20;48;70,48,16,17.33004,3.201326592,20.531366592,24.660792,20.0,44.660792,True,6,46,False
7,4;15;18;20;48;70;122,56,8,20.298408,3.234881024,23.533289024,12.347712,20.0,43.533289024,True,6,46,True
8,4;15;18;20;48;70;90;122,63,1,23.276448,3.264241152,26.540689152,1.591512,20.0,46.540689152,True,6,46,False
9,4;15;18;20;21;48;70;90;122,64,0,26.303784,3.268435456,29.572219456,0.0,20.0,49.572219456,True,6,46,False
0,,0,64,0.0,0.0,0.0,98.534592,20.0,118.534592,True,6,47,False
1,7,8,56,2.461056,3.033554432,5.494610432,86.22276,20.0,106.22276,True,6,47,False
2,7;30,16,48,5.406336,3.067108864,8.473444864,73.909992,20.0,93.909992,True,6,47,False
3,7;30;41,24,40,8.421504,3.100663296,11.522167296,61.597224,20.0,81.597224,True,6,47,False
4,7;30;41;46,32,32,11.37396,3.134217728,14.508177728,49.28508,20.0,69.28508,True,6,47,False
5,7;30;41;46;58,40,24,14.41128,3.16777216,17.57905216,36.972624,20.0,56.972624,True,6,47,False
6,7;30;41;46;58;65,48,16,17.33004,3.201326592,20.531366592,24.660792,20.0,44.660792,True,6,47,False
7,7;30;41;46;58;65;79,56,8,20.298408,3.234881024,23.533289024,12.347712,20.0,43.533289024,True,6,47,True
8,7;12;30;41;46;58;65;79,61,3,23.247432,3.255852544,26.503284544,4.670016,20.0,46.503284544,True,6,47,False
9,7;12;30;41;46;58;65;79;84,64,0,26.303784,3.268435456,29.572219456,0.0,20.0,49.572219456,True,6,47,False
0,,0,64,0.0,0.0,0.0,98.534592,20.0,118.534592,True,7,0,False
1,6,8,56,2.461056,3.033554432,5.494610432,86.22276,20.0,106.22276,True,7,0,False
2,6;26,16,48,5.406336,3.067108864,8.473444864,73.909992,20.0,93.909992,True,7,0,False
3,6;26;43,24,40,8.421504,3.100663296,11.522167296,61.597224,20.0,81.597224,True,7,0,False
4,6;26;43;44,32,32,11.37396,3.134217728,14.508177728,49.28508,20.0,69.28508,True,7,0,False
5,6;26;43;44;59,40,24,14.41128,3.16777216,17.57905216,36.972624,20.0,56.972624,True,7,0,False
6,6;26;43;44;59;65,48,16,17.33004,3.201326592,20.531366592,24.660792,20.0,44.660792,True,7,0,False
7,6;26;43;44;59;65;92,56,8,20.298408,3.234881024,23.533289024,12.347712,20.0,43.533289024,True,7,0,True
8,6;26;43;44;59;65;92;114,64,0,23.288616,3.268435456,26.557051456,0.0,20.0,46.557051456,True,7,0,False
0,,0,64,0.0,0.0,0.0,98.534592,20.0,118.534592,True,7,1,False
1,26,8,56,2.461056,3.033554432,5.494610432,86.22276,20.0,106.22276,True,7,1,False
2,26;33,16,48,5.406336,3.067108864,8.473444864,73.909992,20.0,93.909992,True,7,1,False
3,26;33;34,24,40,8.421504,3.100663296,11.522167296,61.597224,20.0,81.597224,True,7,1,False
4,26;33;34;49,32,32,11.37396,3.134217728,14.508177728,49.28508,20.0,69.28508,True,7,1,False
5,26;33;34;49;50,40,24,14.41128,3.16777216,17.57905216,36.972624,20.0,56.972624,True,7,1,False
6,26;33;34;49;50;94,48,16,17.33004,3.201326592,20.531366592,24.660792,20.0,44.660792,True,7,1,False
7,26;33;34;49;50;94;111,56,8,20.298408,3.234881024,23.533289024,12.347712,20.0,43.533289024,True,7,1,True
8,26;33;34;49;50;94;111;124,64,0,23.288616,3.268435456,26.557051456,0.0,20.0,46.557051456,True,7,1,False
0,,0,64,0.0,0.0,0.0,98.534592,20.0,118.534592,True,7,2,False
1,18,8,56,2.461056,3.033554432,5.494610432,86.22276,20.0,106.22276,True,7,2,False
2,18;49,16,48,5.406336,3.067108864,8.473444864,73.909992,20.0,93.909992,True,7,2,False
3,18;49;53,24,40,8.421504,3.100663296,11.522167296,61.597224,20.0,81.597224,True,7,2,False
4,18;49;53;62,32,32,11.37396,3.134217728,14.508177728,49.28508,20.0,69.28508,True,7,2,False
5,18;49;53;62;72,40,24,14.41128,3.16777216,17.57905216,36.972624,20.0,56.972624,True,7,2,False
6,18;49;53;62;72;82,48,16,17.33004,3.201326592,20.531366592,24.660792,20.0,44.660792,True,7,2,False
7,18;49;53;62;72;82;88,56,8,20.298408,3.234881024,23.533289024,12.347712,20.0,43.533289024,True,7,2,True
8,18;49;53;62;72;82;88;123,64,0,23.288616,3.268435456,26.557051456,0.0,20.0,46.557051456,True,7,2,False
0,,0,64,0.0,0.0,0.0,98.534592,20.0,118.534592,True,7,3,False
1,51,8,56,2.461056,3.033554432,5.494610432,86.22276,20.0,106.22276,True,7,3,False
2,51;56,16,48,5.406336,3.067108864,8.473444864,73.909992,20.0,93.909992,True,7,3,False
3,51;56;67,24,40,8.421504,3.100663296,11.522167296,61.597224,20.0,81.597224,True,7,3,False
4,51;56;67;71,32,32,11.37396,3.134217728,14.508177728,49.28508,20.0,69.28508,True,7,3,False
5,51;56;67;71;87,40,24,14.41128,3.16777216,17.57905216,36.972624,20.0,56.972624,True,7,3,False
6,51;56;67;71;87;101,48,16,17.33004,3.201326592,20.531366592,24.660792,20.0,44.660792,True,7,3,False
7,51;56;67;71;87;101;108,56,8,20.298408,3.234881024,23.533289024,12.347712,20.0,43.533289024,True,7,3,True
8,51;56;67;71;87;101;108;114,64,0,23.288616,3.268435456,26.557051456,0.0,20.0,46.557051456,True,7,3,False
0,,0,64,0.0,0.0,0.0,98.534592,20.0,118.534592,True,7,4,False
1,12,8,56,2.461056,3.033554432,5.494610432,86.22276,20.0,106.22276,True,7,4,False
2,12;64,16,48,5.406336,3.067108864,8.473444864,73.909992,20.0,93.909992,True,7,4,False
3,12;64;100,24,40,8.421504,3.100663296,11.522167296,61.597224,20.0,81.597224,True,7,4,False
4,12;64;100;107,32,32,11.37396,3.134217728,14.508177728,49.28508,20.0,69.28508,True,7,4,False
5,12;64;100;107;108,40,24,14.41128,3.16777216,17.57905216,36.972624,20.0,56.972624,True,7,4,False
6,12;64;100;107;108;114,48,16,17.33004,3.201326592,20.531366592,24.660792,20.0,44.660792,True,7,4,False
7,12;64;100;107;108;114;121,56,8,20.298408,3.234881024,23.533289024,12.347712,20.0,43.533289024,True,7,4,True
8,12;43;64;100;107;108;114;121,62,2,23.24868,3.260046848,26.508726848,3.112512,20.0,46.508726848,True,7,4,False
9,12;43;64;100;107;108;114;121;127,64,0,26.303784,3.268435456,29.572219456,0.0,20.0,49.572219456,True,7,4,False
0,,0,64,0.0,0.0,0.0,98.534592,20.0,118.534592,True,7,5,False
1,32,8,56,2.461056,3.033554432,5.494610432,86.22276,20.0,106.22276,True,7,5,False
2,32;46,16,48,5.406336,3.067108864,8.473444864,73.909992,20.0,93.909992,True,7,5,False
3,32;46;53,24,40,8.421504,3.100663296,11.522167296,61.597224,20.0,81.597224,True,7,5,False
4,32;46;53;65,32,32,11.37396,3.134217728,14.508177728,49.28508,20.0,69.28508,True,7,5,False
5,32;46;53;65;73,40,24,14.41128,3.16777216,17.57905216,36.972624,20.0,56.972624,True,7,5,False
6,32;46;53;65;73;104,48,16,17.33004,3.201326592,20.531366592,24.660792,20.0,44.660792,True,7,5,False
7,32;46;53;65;73;104;106,56,8,20.298408,3.234881024,23.533289024,12.347712,20.0,43.533289024,True,7,5,True
8,32;46;53;65;73;84;104;106,62,2,23.24868,3.260046848,26.508726848,3.112512,20.0,46.508726848,True,7,5,False
9,20;32;46;53;65;73;84;104;106,64,0,26.303784,3.268435456,29.572219456,0.0,20.0,49.572219456,True,7,5,False
0,,0,64,0.0,0.0,0.0,98.534592,20.0,118.534592,True,7,6,False
1,22,8,56,2.461056,3.033554432,5.494610432,86.22276,20.0,106.22276,True,7,6,False
2,22;33,16,48,5.406336,3.067108864,8.473444864,73.909992,20.0,93.909992,True,7,6,False
3,22;33;49,24,40,8.421504,3.100663296,11.522167296,61.597224,20.0,81.597224,True,7,6,False
4,22;33;49;58,32,32,11.37396,3.134217728,14.508177728,49.28508,20.0,69.28508,True,7,6,False
5,22;33;49;58;82,40,24,14.41128,3.16777216,17.57905216,36.972624,20.0,56.972624,True,7,6,False
6,22;33;49;58;82;92,48,16,17.33004,3.201326592,20.531366592,24.660792,20.0,44.660792,True,7,6,False
7,22;33;49;58;82;92;112,56,8,20.298408,3.234881024,23.533289024,12.347712,20.0,43.533289024,True,7,6,True
8,22;33;49;58;82;92;112;121,64,0,23.288616,3.268435456,26.557051456,0.0,20.0,46.557051456,True,7,6,False
0,,0,64,0.0,0.0,0.0,98.534592,20.0,118.534592,True,7,7,False
1,15,8,56,2.461056,3.033554432,5.494610432,86.22276,20.0,106.22276,True,7,7,False
2,15;19,16,48,5.406336,3.067108864,8.473444864,73.909992,20.0,93.909992,True,7,7,False
3,15;19;24,24,40,8.421504,3.100663296,11.522167296,61.597224,20.0,81.597224,True,7,7,False
4,15;19;24;29,32,32,11.37396,3.134217728,14.508177728,49.28508,20.0,69.28508,True,7,7,False
5,15;19;24;29;52,40,24,14.41128,3.16777216,17.57905216,36.972624,20.0,56.972624,True,7,7,False
6,15;19;24;29;52;56,48,16,17.33004,3.201326592,20.531366592,24.660792,20.0,44.660792,True,7,7,False
7,15;19;24;29;52;56;114,56,8,20.298408,3.234881024,23.533289024,12.347712,20.0,43.533289024,True,7,7,True
8,15;19;24;29;52;56;114;125,64,0,23.288616,3.268435456,26.557051456,0.0,20.0,46.557051456,True,7,7,False
0,,0,64,0.0,0.0,0.0,98.534592,20.0,118.534592,True,7,8,False
1,17,8,56,2.461056,3.033554432,5.494610432,86.22276,20.0,106.22276,True,7,8,False
2,17;50,16,48,5.406336,3.067108864,8.473444864,73.909992,20.0,93.909992,True,7,8,False
3,17;50;53,24,40,8.421504,3.100663296,11.522167296,61.597224,20.0,81.597224,True,7,8,False
4,17;50;53;58,32,32,11.37396,3.134217728,14.508177728,49.28508,20.0,69.28508,True,7,8,False
5,17;50;53;58;83,40,24,14.41128,3.16777216,17.57905216,36.972624,20.0,56.972624,True,7,8,False
6,17;50;53;58;83;92,48,16,17.33004,3.201326592,20.531366592,24.660792,20.0,44.660792,True,7,8,False
7,17;50;53;58;83;92;102,56,8,20.298408,3.234881024,23.533289024,12.347712,20.0,43.533289024,True,7,8,True
8,17;50;53;58;66;83;92;102,63,1,23.276448,3.264241152,26.540689152,1.591512,20.0,46.540689152,True,7,8,False
9,17;22;50;53;58;66;83;92;102,64,0,26.303784,3.268435456,29.572219456,0.0,20.0,49.572219456,True,7,8,False
0,,0,64,0.0,0.0,0.0,98.534592,20.0,118.534592,True,7,9,False
1,2,8,56,2.461056,3.033554432,5.494610432,86.22276,20.0,106.22276,True,7,9,False
2,2;11,16,48,5.406336,3.067108864,8.473444864,73.909992,20.0,93.909992,True,7,9,False
3,2;11;26,24,40,8.421504,3.100663296,11.522167296,61.597224,20.0,81.597224,True,7,9,False
4,2;11;26;39,32,32,11.37396,3.134217728,14.508177728,49.28508,20.0,69.28508,True,7,9,False
5,2;11;26;39;58,40,24,14.41128,3.16777216,17.57905216,36.972624,20.0,56.972624,True,7,9,False
6,2;11;26;39;58;67,48,16,17.33004,3.201326592,20.531366592,24.660792,20.0,44.660792,True,7,9,False
7,2;11;26;39;58;67;124,56,8,20.298408,3.234881024,23.533289024,12.347712,20.0,43.533289024,True,7,9,True
8,2;11;26;39;58;67;69;124,61,3,23.247432,3.255852544,26.503284544,4.670016,20.0,46.503284544,True,7,9,False
9,2;11;23;26;39;58;67;69;124,64,0,26.303784,3.268435456,29.572219456,0.0,20.0,49.572219456,True,7,9,False
0,,0,64,0.0,0.0,0.0,98.534592,20.0,118.534592,True,7,10,False
1,1,8,56,2.461056,3.033554432,5.494610432,86.22276,20.0,106.22276,True,7,10,False
2,1;6,16,48,5.406336,3.067108864,8.473444864,73.909992,20.0,93.909992,True,7,10,False
3,1;6;36,24,40,8.421504,3.100663296,11.522167296,61.597224,20.0,81.597224,True,7,10,False
4,1;6;36;48,32,32,11.37396,3.134217728,14.508177728,49.28508,20.0,69.28508,True,7,10,False
5,1;6;36;48;59,40,24,14.41128,3.16777216,17.57905216,36.972624,20.0,56.972624,True,7,10,False
6,1;6;36;48;59;84,48,16,17.33004,3.201326592,20.531366592,24.660792,20.0,44.660792,True,7,10,False
7,1;6;36;48;59;84;92,56,8,20.298408,3.234881024,23.533289024,12.347712,20.0,43.533289024,True,7,10,True
8,1;5;6;36;48;59;84;92,63,1,23.276448,3.264241152,26.540689152,1.591512,20.0,46.540689152,True,7,10,False
9,1;5;6;19;36;48;59;84;92,64,0,26.303784,3.268435456,29.572219456,0.0,20.0,49.572219456,True,7,10,False
0,,0,64,0.0,0.0,0.0,98.534592,20.0,118.534592,True,7,11,False
1,14,8,56,2.461056,3.033554432,5.494610432,86.22276,20.0,106.22276,True,7,11,False
2,14;15,16,48,5.406336,3.067108864,8.473444864,73.909992,20.0,93.909992,True,7,11,False
3,14;15;17,24,40,8.421504,3.100663296,11.522167296,61.597224,20.0,81.597224,True,7,11,False
4,14;15;17;76,32,32,11.37396,3.134217728,14.508177728,49.28508,20.0,69.28508,True,7,11,False
5,14;15;17;76;81,40,24,14.41128,3.16777216,17.57905216,36.972624,20.0,56.972624,True,7,11,False
6,14;15;17;76;81;104,48,16,17.33004,3.201326592,20.531366592,24.660792,20.0,44.660792,True,7,11,False
7,14;15;17;76;81;104;121,56,8,20.298408,3.234881024,23.533289024,12.347712,20.0,43.533289024,True,7,11,True
8,14;15;17;52;76;81;104;121,60,4,23.221536,3.25165824,26.47319424,6.190392,20.0,46.47319424,True,7,11,False
9,14;15;17;52;76;81;104;108;121,64,0,26.303784,3.268435456,29.572219456,0.0,20.0,49.572219456,True,7,11,False
0,,0,64,0.0,0.0,0.0,98.534592,20.0,118.534592,True,7,12,False
1,11,8,56,2.461056,3.033554432,5.494610432,86.22276,20.0,106.22276,True,7,12,False
2,11;18,16,48,5.406336,3.067108864,8.473444864,73.909992,20.0,93.909992,True,7,12,False
3,11;18;27,24,40,8.421504,3.100663296,11.522167296,61.597224,20.0,81.597224,True,7,12,False
4,11;18;27;39,32,32,11.37396,3.134217728,14.508177728,49.28508,20.0,69.28508,True,7,12,False
5,11;18;27;39;62,40,24,14.41128,3.16777216,17.57905216,36.972624,20.0,56.972624,True,7,12,False
6,11;18;27;39;62;111,48,16,17.33004,3.201326592,20.531366592,24.660792,20.0,44.660792,True,7,12,False
7,11;18;27;39;62;111;125,56,8,20.298408,3.234881024,23.533289024,12.347712,20.0,43.533289024,True,7,12,True
8,11;18;27;39;62;91;111;125,62,2,23.24868,3.260046848,26.508726848,3.112512,20.0,46.508726848,True,7,12,False
9,11;18;27;39;49;62;91;111;125,64,0,26.303784,3.268435456,29.572219456,0.0,20.0,49.572219456,True,7,12,False
0,,0,64,0.0,0.0,0.0,98.534592,20.0,118.534592,True,7,13,False
1,13,8,56,2.461056,3.033554432,5.494610432,86.22276,20.0,106.22276,True,7,13,False
2,13;27,16,48,5.406336,3.067108864,8.473444864,73.909992,20.0,93.909992,True,7,13,False
3,13;27;31,24,40,8.421504,3.100663296,11.522167296,61.597224,20.0,81.597224,True,7,13,False
4,13;27;31;33,32,32,11.37396,3.134217728,14.508177728,49.28508,20.0,69.28508,True,7,13,False
5,13;27;31;33;34,40,24,14.41128,3.16777216,17.57905216,36.972624,20.0,56.972624,True,7,13,False
6,13;27;31;33;34;92,48,16,17.33004,3.201326592,20.531366592,24.660792,20.0,44.660792,True,7,13,False
7,13;27;31;33;34;92;93,56,8,20.298408,3.234881024,23.533289024,12.347712,20.0,43.533289024,True,7,13,True
8,13;27;31;33;34;92;93;110,64,0,23.288616,3.268435456,26.557051456,0.0,20.0,46.557051456,True,7,13,False
0,,0,64,0.0,0.0,0.0,98.534592,20.0,118.534592,True,7,14,False
1,2,8,56,2.461056,3.033554432,5.494610432,86.22276,20.0,106.22276,True,7,14,False
2,2;61,16,48,5.406336,3.067108864,8.473444864,73.909992,20.0,93.909992,True,7,14,False
3,2;61;87,24,40,8.421504,3.100663296,11.522167296,61.597224,20.0,81.597224,True,7,14,False
4,2;61;87;97,32,32,11.37396,3.134217728,14.508177728,49.28508,20.0,69.28508,True,7,14,False
5,2;61;87;97;109,40,24,14.41128,3.16777216,17.57905216,36.972624,20.0,56.972624,True,7,14,False
6,2;61;87;97;109;113,48,16,17.33004,3.201326592,20.531366592,24.660792,20.0,44.660792,True,7,14,False
7,2;5;61;87;97;109;113,55,9,20.309328,3.23068672,23.54001472,13.904904,20.0,43.54001472,True,7,14,True
8,2;5;61;63;87;97;109;113,59,5,23.189712,3.247463936,26.437175936,7.747896,20.0,46.437175936,True,7,14,False
9,2;5;49;61;63;87;97;109;113,61,3,26.2626,3.255852544,29.518452544,4.670016,20.0,49.518452544,True,7,14,False
10,2;5;49;61;63;72;87;97;109;113,63,1,29.236896,3.264241152,32.501137152,1.591512,20.0,52.501137152,True,7,14,False
11,2;5;49;61;63;72;87;92;97;109;113,64,0,32.264232,3.268435456,35.532667456,0.0,20.0,55.532667456,True,7,14,False
0,,0,64,0.0,0.0,0.0,98.534592,20.0,118.534592,True,7,15,False
1,26,8,56,2.461056,3.033554432,5.494610432,86.22276,20.0,106.22276,True,7,15,False
2,26;58,16,48,5.406336,3.067108864,8.473444864,73.909992,20.0,93.909992,True,7,15,False
3,26;58;63,24,40,8.421504,3.100663296,11.522167296,61.597224,20.0,81.597224,True,7,15,False
4,26;58;63;79,32,32,11.37396,3.134217728,14.508177728,49.28508,20.0,69.28508,True,7,15,False
5,26;58;63;79;84,40,24,14.41128,3.16777216,17.57905216,36.972624,20.0,56.972624,True,7,15,False
6,26;58;63;79;84;127,48,16,17.33004,3.201326592,20.531366592,24.660792,20.0,44.660792,True,7,15,False
7,26;50;58;63;79;84;127,55,9,20.309328,3.23068672,23.54001472,13.904904,20.0,43.54001472,True,7,15,True
8,26;50;58;63;79;84;122;127,60,4,23.221536,3.25165824,26.47319424,6.190392,20.0,46.47319424,True,7,15,False
9,15;26;50;58;63;79;84;122;127,63,1,26.291616,3.264241152,29.555857152,1.591512,20.0,49.555857152,True,7,15,False
10,15;24;26;50;58;63;79;84;122;127,64,0,29.249064,3.268435456,32.517499456,0.0,20.0,52.517499456,True,7,15,False
0,,0,64,0.0,0.0,0.0,98.534592,20.0,118.534592,True,7,16,False
1,23,8,56,2.461056,3.033554432,5.494610432,86.22276,20.0,106.22276,True,7,16,False
2,23;42,16,48,5.406336,3.067108864,8.473444864,73.909992,20.0,93.909992,True,7,16,False
3,23;42;48,24,40,8.421504,3.100663296,11.522167296,61.597224,20.0,81.597224,True,7,16,False
4,23;42;48;70,32,32,11.37396,3.134217728,14.508177728,49.28508,20.0,69.28508,True,7,16,False
5,23;42;48;70;91,40,24,14.41128,3.16777216,17.57905216,36.972624,20.0,56.972624,True,7,16,False
6,23;42;48;70;91;97,48,16,17.33004,3.201326592,20.531366592,24.660792,20.0,44.660792,True,7,16,False
7,23;42;48;70;91;97;107,56,8,20.298408,3.234881024,23.533289024,12.347712,20.0,43.533289024,True,7,16,True
8,23;42;48;70;91;97;107;122,64,0,23.288616,3.268435456,26.557051456,0.0,20.0,46.557051456,True,7,16,False
0,,0,64,0.0,0.0,0.0,98.534592,20.0,118.534592,True,7,17,False
1,30,8,56,2.461056,3.033554432,5.494610432,86.22276,20.0,106.22276,True,7,17,False
2,30;34,16,48,5.406336,3.067108864,8.473444864,73.909992,20.0,93.909992,True,7,17,False
3,30;34;59,24,40,8.421504,3.100663296,11.522167296,61.597224,20.0,81.597224,True,7,17,False
4,30;34;59;80,32,32,11.37396,3.134217728,14.508177728,49.28508,20.0,69.28508,True,7,17,False
5,30;34;59;80;90,40,24,14.41128,3.16777216,17.57905216,36.972624,20.0,56.972624,True,7,17,False
6,30;34;59;80;90;105,48,16,17.33004,3.201326592,20.531366592,24.660792,20.0,44.660792,True,7,17,False
7,30;34;59;80;90;105;122,56,8,20.298408,3.234881024,23.533289024,12.347712,20.0,43.533289024,True,7,17,True
8,30;34;59;80;90;105;122;124,64,0,23.288616,3.268435456,26.557051456,0.0,20.0,46.557051456,True,7,17,False
0,,0,64,0.0,0.0,0.0,98.534592,20.0,118.534592,True,7,18,False
1,58,8,56,2.461056,3.033554432,5.494610432,86.22276,20.0,106.22276,True,7,18,False
2,58;82,16,48,5.406336,3.067108864,8.473444864,73.909992,20.0,93.909992,True,7,18,False
3,58;82;87,24,40,8.421504,3.100663296,11.522167296,61.597224,20.0,81.597224,True,7,18,False
4,58;82;87;91,32,32,11.37396,3.134217728,14.508177728,49.28508,20.0,69.28508,True,7,18,False
5,58;82;87;91;104,40,24,14.41128,3.16777216,17.57905216,36.972624,20.0,56.972624,True,7,18,False
6,58;82;87;91;104;107,48,16,17.33004,3.201326592,20.531366592,24.660792,20.0,44.660792,True,7,18,False
7,58;82;87;91;104;107;112,56,8,20.298408,3.234881024,23.533289024,12.347712,20.0,43.533289024,True,7,18,True
8,58;82;87;91;104;107;112;126,64,0,23.288616,3.268435456,26.557051456,0.0,20.0,46.557051456,True,7,18,False
0,,0,64,0.0,0.0,0.0,98.534592,20.0,118.534592,True,7,19,False
1,29,8,56,2.461056,3.033554432,5.494610432,86.22276,20.0,106.22276,True,7,19,False
2,29;52,16,48,5.406336,3.067108864,8.473444864,73.909992,20.0,93.909992,True,7,19,False
3,29;52;56,24,40,8.421504,3.100663296,11.522167296,61.597224,20.0,81.597224,True,7,19,False
4,29;52;56;76,32,32,11.37396,3.134217728,14.508177728,49.28508,20.0,69.28508,True,7,19,False
5,29;52;56;76;92,40,24,14.41128,3.16777216,17.57905216,36.972624,20.0,56.972624,True,7,19,False
6,29;52;56;76;92;102,48,16,17.33004,3.201326592,20.531366592,24.660792,20.0,44.660792,True,7,19,False
7,29;52;56;76;92;102;114,56,8,20.298408,3.234881024,23.533289024,12.347712,20.0,43.533289024,True,7,19,True
8,10;29;52;56;76;92;102;114,60,4,23.221536,3.25165824,26.47319424,6.190392,20.0,46.47319424,True,7,19,False
9,10;28;29;52;56;76;92;102;114,64,0,26.303784,3.268435456,29.572219456,0.0,20.0,49.572219456,True,7,19,False
0,,0,64,0.0,0.0,0.0,98.534592,20.0,118.534592,True,7,20,False
1,11,8,56,2.461056,3.033554432,5.494610432,86.22276,20.0,106.22276,True,7,20,False
2,11;48,16,48,5.406336,3.067108864,8.473444864,73.909992,20.0,93.909992,True,7,20,False
3,11;48;76,24,40,8.421504,3.100663296,11.522167296,61.597224,20.0,81.597224,True,7,20,False
4,11;48;76;85,32,32,11.37396,3.134217728,14.508177728,49.28508,20.0,69.28508,True,7,20,False
5,11;48;76;85;102,40,24,14.41128,3.16777216,17.57905216,36.972624,20.0,56.972624,True,7,20,False
6,11;48;76;85;102;114,48,16,17.33004,3.201326592,20.531366592,24.660792,20.0,44.660792,True,7,20,False
7,11;48;53;76;85;102;114,55,9,20.309328,3.23068672,23.54001472,13.904904,20.0,43.54001472,True,7,20,True
8,11;48;53;76;85;102;114;118,60,4,23.221536,3.25165824,26.47319424,6.190392,20.0,46.47319424,True,7,20,False
9,11;48;53;76;85;92;102;114;118,64,0,26.303784,3.268435456,29.572219456,0.0,20.0,49.572219456,True,7,20,False
0,,0,64,0.0,0.0,0.0,98.534592,20.0,118.534592,True,7,21,False
1,2,8,56,2.461056,3.033554432,5.494610432,86.22276,20.0,106.22276,True,7,21,False
2,2;14,16,48,5.406336,3.067108864,8.473444864,73.909992,20.0,93.909992,True,7,21,False
3,2;14;26,24,40,8.421504,3.100663296,11.522167296,61.597224,20.0,81.597224,True,7,21,False
4,2;14;26;39,32,32,11.37396,3.134217728,14.508177728,49.28508,20.0,69.28508,True,7,21,False
5,2;14;26;39;44,40,24,14.41128,3.16777216,17.57905216,36.972624,20.0,56.972624,True,7,21,False
6,2;14;26;39;44;56,48,16,17.33004,3.201326592,20.531366592,24.660792,20.0,44.660792,True,7,21,False
7,2;14;26;39;44;56;63,56,8,20.298408,3.234881024,23.533289024,12.347712,20.0,43.533289024,True,7,21,True
8,2;14;26;39;44;56;63;67,64,0,23.288616,3.268435456,26.557051456,0.0,20.0,46.557051456,True,7,21,False
0,,0,64,0.0,0.0,0.0,98.534592,20.0,118.534592,True,7,22,False
1,1,8,56,2.461056,3.033554432,5.494610432,86.22276,20.0,106.22276,True,7,22,False
2,1;8,16,48,5.406336,3.067108864,8.473444864,73.909992,20.0,93.909992,True,7,22,False
3,1;8;36,24,40,8.421504,3.100663296,11.522167296,61.597224,20.0,81.597224,True,7,22,False
4,1;8;36;48,32,32,11.37396,3.134217728,14.508177728,49.28508,20.0,69.28508,True,7,22,False
5,1;8;36;48;59,40,24,14.41128,3.16777216,17.57905216,36.972624,20.0,56.972624,True,7,22,False
6,1;8;36;48;59;75,48,16,17.33004,3.201326592,20.531366592,24.660792,20.0,44.660792,True,7,22,False
7,1;8;36;48;59;75;84,56,8,20.298408,3.234881024,23.533289024,12.347712,20.0,43.533289024,True,7,22,True
8,1;8;36;48;59;75;81;84,60,4,23.221536,3.25165824,26.47319424,6.190392,20.0,46.47319424,True,7,22,False
9,1;8;36;48;59;75;81;84;92,63,1,26.291616,3.264241152,29.555857152,1.591512,20.0,49.555857152,True,7,22,False
10,1;7;8;36;48;59;75;81;84;92,64,0,29.249064,3.268435456,32.517499456,0.0,20.0,52.517499456,True,7,22,False
0,,0,64,0.0,0.0,0.0,98.534592,20.0,118.534592,True,7,23,False
1,14,8,56,2.461056,3.033554432,5.494610432,86.22276,20.0,106.22276,True,7,23,False
2,14;17,16,48,5.406336,3.067108864,8.473444864,73.909992,20.0,93.909992,True,7,23,False
3,14;17;31,24,40,8.421504,3.100663296,11.522167296,61.597224,20.0,81.597224,True,7,23,False
4,14;17;31;36,32,32,11.37396,3.134217728,14.508177728,49.28508,20.0,69.28508,True,7,23,False
5,14;17;31;36;104,40,24,14.41128,3.16777216,17.57905216,36.972624,20.0,56.972624,True,7,23,False
6,14;17;31;32;36;104,47,17,17.347512,3.197132288,20.544644288,26.217672,20.0,46.217672,True,7,23,False
7,14;17;31;32;36;104;121,54,10,20.251296,3.226492416,23.477788416,15.426216,20.0,43.477788416,True,7,23,True
8,14;17;31;32;36;65;104;121,59,5,23.189712,3.247463936,26.437175936,7.747896,20.0,46.437175936,True,7,23,False
9,14;17;31;32;36;65;104;108;121,63,1,26.291616,3.264241152,29.555857152,1.591512,20.0,49.555857152,True,7,23,False
10,14;17;31;32;36;48;65;104;108;121,64,0,29.249064,3.268435456,32.517499456,0.0,20.0,52.517499456,True,7,23,False
0,,0,64,0.0,0.0,0.0,98.534592,20.0,118.534592,True,7,24,False
1,11,8,56,2.461056,3.033554432,5.494610432,86.22276,20.0,106.22276,True,7,24,False
2,11;18,16,48,5.406336,3.067108864,8.473444864,73.909992,20.0,93.909992,True,7,24,False
3,11;18;57,24,40,8.421504,3.100663296,11.522167296,61.597224,20.0,81.597224,True,7,24,False
4,11;18;57;91,32,32,11.37396,3.134217728,14.508177728,49.28508,20.0,69.28508,True,7,24,False
5,11;18;57;91;109,40,24,14.41128,3.16777216,17.57905216,36.972624,20.0,56.972624,True,7,24,False
6,11;18;57;91;109;111,48,16,17.33004,3.201326592,20.531366592,24.660792,20.0,44.660792,True,7,24,False
7,11;18;57;91;109;111;125,56,8,20.298408,3.234881024,23.533289024,12.347712,20.0,43.533289024,True,7,24,True
8,11;18;28;57;91;109;111;125,60,4,23.221536,3.25165824,26.47319424,6.190392,20.0,46.47319424,True,7,24,False
9,11;18;28;57;77;91;109;111;125,64,0,26.303784,3.268435456,29.572219456,0.0,20.0,49.572219456,True,7,24,False
0,,0,64,0.0,0.0,0.0,98.534592,20.0,118.534592,True,7,25,False
1,13,8,56,2.461056,3.033554432,5.494610432,86.22276,20.0,106.22276,True,7,25,False
2,13;31,16,48,5.406336,3.067108864,8.473444864,73.909992,20.0,93.909992,True,7,25,False
3,13;31;34,24,40,8.421504,3.100663296,11.522167296,61.597224,20.0,81.597224,True,7,25,False
4,13;31;34;72,32,32,11.37396,3.134217728,14.508177728,49.28508,20.0,69.28508,True,7,25,False
5,13;31;34;72;84,40,24,14.41128,3.16777216,17.57905216,36.972624,20.0,56.972624,True,7,25,False
6,13;31;34;72;84;110,48,16,17.33004,3.201326592,20.531366592,24.660792,20.0,44.660792,True,7,25,False
7,13;31;34;53;72;84;110,55,9,20.309328,3.23068672,23.54001472,13.904904,20.0,43.54001472,True,7,25,True
8,13;31;34;43;53;72;84;110,61,3,23.247432,3.255852544,26.503284544,4.670016,20.0,46.503284544,True,7,25,False
9,13;31;34;43;53;72;84;91;110,64,0,26.303784,3.268435456,29.572219456,0.0,20.0,49.572219456,True,7,25,False
0,,0,64,0.0,0.0,0.0,98.534592,20.0,118.534592,True,7,26,False
1,2,8,56,2.461056,3.033554432,5.494610432,86.22276,20.0,106.22276,True,7,26,False
2,2;61,16,48,5.406336,3.067108864,8.473444864,73.909992,20.0,93.909992,True,7,26,False
3,2;61;72,24,40,8.421504,3.100663296,11.522167296,61.597224,20.0,81.597224,True,7,26,False
4,2;61;72;87,32,32,11.37396,3.134217728,14.508177728,49.28508,20.0,69.28508,True,7,26,False
5,2;61;72;87;97,40,24,14.41128,3.16777216,17.57905216,36.972624,20.0,56.972624,True,7,26,False
6,2;61;72;87;97;109,48,16,17.33004,3.201326592,20.531366592,24.660792,20.0,44.660792,True,7,26,False
7,2;61;72;87;97;109;121,56,8,20.298408,3.234881024,23.533289024,12.347712,20.0,43.533289024,True,7,26,True
8,2;59;61;72;87;97;109;121,61,3,23.247432,3.255852544,26.503284544,4.670016,20.0,46.503284544,True,7,26,False
9,2;49;59;61;72;87;97;109;121,63,1,26.291616,3.264241152,29.555857152,1.591512,20.0,49.555857152,True,7,26,False
10,2;5;49;59;61;72;87;97;109;121,64,0,29.249064,3.268435456,32.517499456,0.0,20.0,52.517499456,True,7,26,False
0,,0,64,0.0,0.0,0.0,98.534592,20.0,118.534592,True,7,27,False
1,24,8,56,2.461056,3.033554432,5.494610432,86.22276,20.0,106.22276,True,7,27,False
2,24;26,16,48,5.406336,3.067108864,8.473444864,73.909992,20.0,93.909992,True,7,27,False
3,24;26;27,24,40,8.421504,3.100663296,11.522167296,61.597224,20.0,81.597224,True,7,27,False
4,24;26;27;63,32,32,11.37396,3.134217728,14.508177728,49.28508,20.0,69.28508,True,7,27,False
5,24;26;27;63;84,40,24,14.41128,3.16777216,17.57905216,36.972624,20.0,56.972624,True,7,27,False
6,24;26;27;63;84;106,48,16,17.33004,3.201326592,20.531366592,24.660792,20.0,44.660792,True,7,27,False
7,24;26;27;63;84;106;111,56,8,20.298408,3.234881024,23.533289024,12.347712,20.0,43.533289024,True,7,27,True
8,24;26;27;63;84;106;111;118,64,0,23.288616,3.268435456,26.557051456,0.0,20.0,46.557051456,True,7,27,False
0,,0,64,0.0,0.0,0.0,98.534592,20.0,118.534592,True,7,28,False
1,10,8,56,2.461056,3.033554432,5.494610432,86.22276,20.0,106.22276,True,7,28,False
2,10;42,16,48,5.406336,3.067108864,8.473444864,73.909992,20.0,93.909992,True,7,28,False
3,10;42;53,24,40,8.421504,3.100663296,11.522167296,61.597224,20.0,81.597224,True,7,28,False
4,10;42;53;70,32,32,11.37396,3.134217728,14.508177728,49.28508,20.0,69.28508,True,7,28,False
5,10;42;53;70;91,40,24,14.41128,3.16777216,17.57905216,36.972624,20.0,56.972624,True,7,28,False
6,10;42;53;70;91;98,48,16,17.33004,3.201326592,20.531366592,24.660792,20.0,44.660792,True,7,28,False
7,10;42;53;70;91;98;107,56,8,20.298408,3.234881024,23.533289024,12.347712,20.0,43.533289024,True,7,28,True
8,10;42;53;70;91;98;107;122,64,0,23.288616,3.268435456,26.557051456,0.0,20.0,46.557051456,True,7,28,False
0,,0,64,0.0,0.0,0.0,98.534592,20.0,118.534592,True,7,29,False
1,12,8,56,2.461056,3.033554432,5.494610432,86.22276,20.0,106.22276,True,7,29,False
2,12;13,16,48,5.406336,3.067108864,8.473444864,73.909992,20.0,93.909992,True,7,29,False
3,12;13;34,24,40,8.421504,3.100663296,11.522167296,61.597224,20.0,81.597224,True,7,29,False
4,12;13;34;50,32,32,11.37396,3.134217728,14.508177728,49.28508,20.0,69.28508,True,7,29,False
5,12;13;34;50;51,40,24,14.41128,3.16777216,17.57905216,36.972624,20.0,56.972624,True,7,29,False
6,12;13;34;50;51;59,48,16,17.33004,3.201326592,20.531366592,24.660792,20.0,44.660792,True,7,29,False
7,12;13;34;50;51;59;105,56,8,20.298408,3.234881024,23.533289024,12.347712,20.0,43.533289024,True,7,29,True
8,12;13;34;50;51;59;105;124,64,0,23.288616,3.268435456,26.557051456,0.0,20.0,46.557051456,True,7,29,False
0,,0,64,0.0,0.0,0.0,98.534592,20.0,118.534592,True,7,30,False
1,6,8,56,2.461056,3.033554432,5.494610432,86.22276,20.0,106.22276,True,7,30,False
2,6;18,16,48,5.406336,3.067108864,8.473444864,73.909992,20.0,93.909992,True,7,30,False
3,6;18;58,24,40,8.421504,3.100663296,11.522167296,61.597224,20.0,81.597224,True,7,30,False
4,6;18;58;91,32,32,11.37396,3.134217728,14.508177728,49.28508,20.0,69.28508,True,7,30,False
5,6;18;58;91;93,40,24,14.41128,3.16777216,17.57905216,36.972624,20.0,56.972624,True,7,30,False
6,6;18;58;91;93;94,48,16,17.33004,3.201326592,20.531366592,24.660792,20.0,44.660792,True,7,30,False
7,6;18;58;91;93;94;120,56,8,20.298408,3.234881024,23.533289024,12.347712,20.0,43.533289024,True,7,30,True
8,6;18;58;62;91;93;94;120,62,2,23.24868,3.260046848,26.508726848,3.112512,20.0,46.508726848,True,7,30,False
9,6;18;58;62;82;91;93;94;120,64,0,26.303784,3.268435456,29.572219456,0.0,20.0,49.572219456,True,7,30,False
0,,0,64,0.0,0.0,0.0,98.534592,20.0,118.534592,True,7,31,False
1,24,8,56,2.461056,3.033554432,5.494610432,86.22276,20.0,106.22276,True,7,31,False
2,24;28,16,48,5.406336,3.067108864,8.473444864,73.909992,20.0,93.909992,True,7,31,False
3,24;28;29,24,40,8.421504,3.100663296,11.522167296,61.597224,20.0,81.597224,True,7,31,False
4,24;28;29;38,32,32,11.37396,3.134217728,14.508177728,49.28508,20.0,69.28508,True,7,31,False
5,24;28;29;38;41,40,24,14.41128,3.16777216,17.57905216,36.972624,20.0,56.972624,True,7,31,False
6,24;28;29;38;41;59,48,16,17.33004,3.201326592,20.531366592,24.660792,20.0,44.660792,True,7,31,False
7,24;28;29;38;41;59;72,56,8,20.298408,3.234881024,23.533289024,12.347712,20.0,43.533289024,True,7,31,True
8,24;28;29;38;41;59;72;87,62,2,23.24868,3.260046848,26.508726848,3.112512,20.0,46.508726848,True,7,31,False
9,24;28;29;38;40;41;59;72;87,63,1,26.291616,3.264241152,29.555857152,1.591512,20.0,49.555857152,True,7,31,False
10,24;28;29;38;40;41;59;72;87;102,64,0,29.249064,3.268435456,32.517499456,0.0,20.0,52.517499456,True,7,31,False
0,,0,64,0.0,0.0,0.0,98.534592,20.0,118.534592,True,7,32,False
1,11,8,56,2.461056,3.033554432,5.494610432,86.22276,20.0,106.22276,True,7,32,False
2,11;48,16,48,5.406336,3.067108864,8.473444864,73.909992,20.0,93.909992,True,7,32,False
3,11;48;83,24,40,8.421504,3.100663296,11.522167296,61.597224,20.0,81.597224,True,7,32,False
4,11;48;83;85,32,32,11.37396,3.134217728,14.508177728,49.28508,20.0,69.28508,True,7,32,False
5,11;48;83;85;102,40,24,14.41128,3.16777216,17.57905216,36.972624,20.0,56.972624,True,7,32,False
6,11;48;83;85;102;118,48,16,17.33004,3.201326592,20.531366592,24.660792,20.0,44.660792,True,7,32,False
7,11;48;83;85;99;102;118,55,9,20.309328,3.23068672,23.54001472,13.904904,20.0,43.54001472,True,7,32,True
8,11;28;48;83;85;99;102;118,59,5,23.189712,3.247463936,26.437175936,7.747896,20.0,46.437175936,True,7,32,False
9,10;11;28;48;83;85;99;102;118,62,2,26.263848,3.260046848,29.523894848,3.112512,20.0,49.523894848,True,7,32,False
10,10;11;28;48;83;85;90;99;102;118,64,0,29.249064,3.268435456,32.517499456,0.0,20.0,52.517499456,True,7,32,False
0,,0,64,0.0,0.0,0.0,98.534592,20.0,118.534592,True,7,33,False
1,14,8,56,2.461056,3.033554432,5.494610432,86.22276,20.0,106.22276,True,7,33,False
2,14;26,16,48,5.406336,3.067108864,8.473444864,73.909992,20.0,93.909992,True,7,33,False
3,14;26;39,24,40,8.421504,3.100663296,11.522167296,61.597224,20.0,81.597224,True,7,33,False
4,14;26;39;44,32,32,11.37396,3.134217728,14.508177728,49.28508,20.0,69.28508,True,7,33,False
5,14;26;39;44;63,40,24,14.41128,3.16777216,17.57905216,36.972624,20.0,56.972624,True,7,33,False
6,14;26;39;44;63;67,48,16,17.33004,3.201326592,20.531366592,24.660792,20.0,44.660792,True,7,33,False
7,14;26;39;44;63;67;124,56,8,20.298408,3.234881024,23.533289024,12.347712,20.0,43.533289024,True,7,33,True
8,14;26;39;44;63;67;115;124,61,3,23.247432,3.255852544,26.503284544,4.670016,20.0,46.503284544,True,7,33,False
9,13;14;26;39;44;63;67;115;124,64,0,26.303784,3.268435456,29.572219456,0.0,20.0,49.572219456,True,7,33,False
0,,0,64,0.0,0.0,0.0,98.534592,20.0,118.534592,True,7,34,False
1,1,8,56,2.461056,3.033554432,5.494610432,86.22276,20.0,106.22276,True,7,34,False
2,1;29,16,48,5.406336,3.067108864,8.473444864,73.909992,20.0,93.909992,True,7,34,False
3,1;29;42,24,40,8.421504,3.100663296,11.522167296,61.597224,20.0,81.597224,True,7,34,False
4,1;29;42;59,32,32,11.37396,3.134217728,14.508177728,49.28508,20.0,69.28508,True,7,34,False
5,1;29;42;59;75,40,24,14.41128,3.16777216,17.57905216,36.972624,20.0,56.972624,True,7,34,False
6,1;29;42;59;75;81,48,16,17.33004,3.201326592,20.531366592,24.660792,20.0,44.660792,True,7,34,False
7,1;29;42;59;75;81;84,56,8,20.298408,3.234881024,23.533289024,12.347712,20.0,43.533289024,True,7,34,True
8,1;29;42;59;75;81;84;92,64,0,23.288616,3.268435456,26.557051456,0.0,20.0,46.557051456,True,7,34,False
0,,0,64,0.0,0.0,0.0,98.534592,20.0,118.534592,True,7,35,False
1,6,8,56,2.461056,3.033554432,5.494610432,86.22276,20.0,106.22276,True,7,35,False
2,6;17,16,48,5.406336,3.067108864,8.473444864,73.909992,20.0,93.909992,True,7,35,False
3,6;17;28,24,40,8.421504,3.100663296,11.522167296,61.597224,20.0,81.597224,True,7,35,False
4,6;17;28;31,32,32,11.37396,3.134217728,14.508177728,49.28508,20.0,69.28508,True,7,35,False
5,6;17;28;31;32,40,24,14.41128,3.16777216,17.57905216,36.972624,20.0,56.972624,True,7,35,False
6,6;17;28;31;32;70,48,16,17.33004,3.201326592,20.531366592,24.660792,20.0,44.660792,True,7,35,False
7,6;17;28;31;32;70;104,56,8,20.298408,3.234881024,23.533289024,12.347712,20.0,43.533289024,True,7,35,True
8,6;17;28;31;32;62;70;104,60,4,23.221536,3.25165824,26.47319424,6.190392,20.0,46.47319424,True,7,35,False
9,6;15;17;28;31;32;62;70;104,62,2,26.263848,3.260046848,29.523894848,3.112512,20.0,49.523894848,True,7,35,False
10,6;15;17;28;31;32;62;70;104;110,63,1,29.236896,3.264241152,32.501137152,1.591512,20.0,52.501137152,True,7,35,False
11,6;15;17;28;31;32;62;70;104;110;120,64,0,32.264232,3.268435456,35.532667456,0.0,20.0,55.532667456,True,7,35,False
0,,0,64,0.0,0.0,0.0,98.534592,20.0,118.534592,True,7,36,False
1,11,8,56,2.461056,3.033554432,5.494610432,86.22276,20.0,106.22276,True,7,36,False
2,11;18,16,48,5.406336,3.067108864,8.473444864,73.909992,20.0,93.909992,True,7,36,False
3,11;18;33,24,40,8.421504,3.100663296,11.522167296,61.597224,20.0,81.597224,True,7,36,False
4,11;18;33;47,32,32,11.37396,3.134217728,14.508177728,49.28508,20.0,69.28508,True,7,36,False
5,11;18;33;47;62,40,24,14.41128,3.16777216,17.57905216,36.972624,20.0,56.972624,True,7,36,False
6,11;18;33;47;62;77,48,16,17.33004,3.201326592,20.531366592,24.660792,20.0,44.660792,True,7,36,False
7,11;18;33;47;62;77;109,56,8,20.298408,3.234881024,23.533289024,12.347712,20.0,43.533289024,True,7,36,True
8,11;18;33;47;62;77;109;122,64,0,23.288616,3.268435456,26.557051456,0.0,20.0,46.557051456,True,7,36,False
0,,0,64,0.0,0.0,0.0,98.534592,20.0,118.534592,True,7,37,False
1,13,8,56,2.461056,3.033554432,5.494610432,86.22276,20.0,106.22276,True,7,37,False
2,13;27,16,48,5.406336,3.067108864,8.473444864,73.909992,20.0,93.909992,True,7,37,False
3,13;27;34,24,40,8.421504,3.100663296,11.522167296,61.597224,20.0,81.597224,True,7,37,False
4,13;27;34;72,32,32,11.37396,3.134217728,14.508177728,49.28508,20.0,69.28508,True,7,37,False
5,13;27;34;72;91,40,24,14.41128,3.16777216,17.57905216,36.972624,20.0,56.972624,True,7,37,False
6,13;27;34;72;91;110,48,16,17.33004,3.201326592,20.531366592,24.660792,20.0,44.660792,True,7,37,False
7,13;27;34;72;91;97;110,55,9,20.309328,3.23068672,23.54001472,13.904904,20.0,43.54001472,True,7,37,True
8,13;27;31;34;72;91;97;110,61,3,23.247432,3.255852544,26.503284544,4.670016,20.0,46.503284544,True,7,37,False
9,13;27;31;34;72;84;91;97;110,64,0,26.303784,3.268435456,29.572219456,0.0,20.0,49.572219456,True,7,37,False
0,,0,64,0.0,0.0,0.0,98.534592,20.0,118.534592,True,7,38,False
1,2,8,56,2.461056,3.033554432,5.494610432,86.22276,20.0,106.22276,True,7,38,False
2,2;19,16,48,5.406336,3.067108864,8.473444864,73.909992,20.0,93.909992,True,7,38,False
3,2;19;29,24,40,8.421504,3.100663296,11.522167296,61.597224,20.0,81.597224,True,7,38,False
4,2;19;29;91,32,32,11.37396,3.134217728,14.508177728,49.28508,20.0,69.28508,True,7,38,False
5,2;19;29;91;97,40,24,14.41128,3.16777216,17.57905216,36.972624,20.0,56.972624,True,7,38,False
6,2;19;29;91;97;109,48,16,17.33004,3.201326592,20.531366592,24.660792,20.0,44.660792,True,7,38,False
7,2;19;29;91;97;109;110,56,8,20.298408,3.234881024,23.533289024,12.347712,20.0,43.533289024,True,7,38,True
8,2;19;29;91;97;109;110;113,64,0,23.288616,3.268435456,26.557051456,0.0,20.0,46.557051456,True,7,38,False
0,,0,64,0.0,0.0,0.0,98.534592,20.0,118.534592,True,7,39,False
1,14,8,56,2.461056,3.033554432,5.494610432,86.22276,20.0,106.22276,True,7,39,False
2,14;16,16,48,5.406336,3.067108864,8.473444864,73.909992,20.0,93.909992,True,7,39,False
3,14;16;26,24,40,8.421504,3.100663296,11.522167296,61.597224,20.0,81.597224,True,7,39,False
4,14;16;26;48,32,32,11.37396,3.134217728,14.508177728,49.28508,20.0,69.28508,True,7,39,False
5,14;16;26;48;50,40,24,14.41128,3.16777216,17.57905216,36.972624,20.0,56.972624,True,7,39,False
6,14;16;26;48;50;63,48,16,17.33004,3.201326592,20.531366592,24.660792,20.0,44.660792,True,7,39,False
7,14;16;26;48;50;63;84,56,8,20.298408,3.234881024,23.533289024,12.347712,20.0,43.533289024,True,7,39,True
8,14;16;26;48;50;63;84;118,64,0,23.288616,3.268435456,26.557051456,0.0,20.0,46.557051456,True,7,39,False
0,,0,64,0.0,0.0,0.0,98.534592,20.0,118.534592,True,7,40,False
1,4,8,56,2.461056,3.033554432,5.494610432,86.22276,20.0,106.22276,True,7,40,False
2,4;19,16,48,5.406336,3.067108864,8.473444864,73.909992,20.0,93.909992,True,7,40,False
3,4;19;48,24,40,8.421504,3.100663296,11.522167296,61.597224,20.0,81.597224,True,7,40,False
4,4;19;48;53,32,32,11.37396,3.134217728,14.508177728,49.28508,20.0,69.28508,True,7,40,False
5,4;19;48;53;70,40,24,14.41128,3.16777216,17.57905216,36.972624,20.0,56.972624,True,7,40,False
6,4;19;48;53;70;91,48,16,17.33004,3.201326592,20.531366592,24.660792,20.0,44.660792,True,7,40,False
7,4;19;48;53;70;91;98,56,8,20.298408,3.234881024,23.533289024,12.347712,20.0,43.533289024,True,7,40,True
8,4;19;48;53;70;91;98;122,64,0,23.288616,3.268435456,26.557051456,0.0,20.0,46.557051456,True,7,40,False
0,,0,64,0.0,0.0,0.0,98.534592,20.0,118.534592,True,7,41,False
1,37,8,56,2.461056,3.033554432,5.494610432,86.22276,20.0,106.22276,True,7,41,False
2,37;72,16,48,5.406336,3.067108864,8.473444864,73.909992,20.0,93.909992,True,7,41,False
3,37;72;80,24,40,8.421504,3.100663296,11.522167296,61.597224,20.0,81.597224,True,7,41,False
4,37;72;80;100,32,32,11.37396,3.134217728,14.508177728,49.28508,20.0,69.28508,True,7,41,False
5,37;72;80;100;105,40,24,14.41128,3.16777216,17.57905216,36.972624,20.0,56.972624,True,7,41,False
6,37;72;80;100;105;116,48,16,17.33004,3.201326592,20.531366592,24.660792,20.0,44.660792,True,7,41,False
7,37;72;80;100;105;116;118,56,8,20.298408,3.234881024,23.533289024,12.347712,20.0,43.533289024,True,7,41,True
8,37;72;80;100;105;116;118;124,64,0,23.288616,3.268435456,26.557051456,0.0,20.0,46.557051456,True,7,41,False
0,,0,64,0.0,0.0,0.0,98.534592,20.0,118.534592,True,7,42,False
1,30,8,56,2.461056,3.033554432,5.494610432,86.22276,20.0,106.22276,True,7,42,False
2,30;33,16,48,5.406336,3.067108864,8.473444864,73.909992,20.0,93.909992,True,7,42,False
3,30;33;39,24,40,8.421504,3.100663296,11.522167296,61.597224,20.0,81.597224,True,7,42,False
4,30;33;39;43,32,32,11.37396,3.134217728,14.508177728,49.28508,20.0,69.28508,True,7,42,False
5,30;33;39;43;63,40,24,14.41128,3.16777216,17.57905216,36.972624,20.0,56.972624,True,7,42,False
6,30;33;39;43;63;88,48,16,17.33004,3.201326592,20.531366592,24.660792,20.0,44.660792,True,7,42,False
7,30;33;39;43;63;88;119,56,8,20.298408,3.234881024,23.533289024,12.347712,20.0,43.533289024,True,7,42,True
8,15;30;33;39;43;63;88;119,63,1,23.276448,3.264241152,26.540689152,1.591512,20.0,46.540689152,True,7,42,False
9,15;30;33;39;43;58;63;88;119,64,0,26.303784,3.268435456,29.572219456,0.0,20.0,49.572219456,True,7,42,False
0,,0,64,0.0,0.0,0.0,98.534592,20.0,118.534592,True,7,43,False
1,10,8,56,2.461056,3.033554432,5.494610432,86.22276,20.0,106.22276,True,7,43,False
2,10;11,16,48,5.406336,3.067108864,8.473444864,73.909992,20.0,93.909992,True,7,43,False
3,10;11;32,24,40,8.421504,3.100663296,11.522167296,61.597224,20.0,81.597224,True,7,43,False
4,10;11;32;69,32,32,11.37396,3.134217728,14.508177728,49.28508,20.0,69.28508,True,7,43,False
5,10;11;32;69;98,40,24,14.41128,3.16777216,17.57905216,36.972624,20.0,56.972624,True,7,43,False
6,10;11;32;69;98;99,48,16,17.33004,3.201326592,20.531366592,24.660792,20.0,44.660792,True,7,43,False
7,10;11;18;32;69;98;99,53,11,20.277504,3.222298112,23.499802112,16.983096,20.0,43.499802112,True,7,43,True
8,10;11;18;30;32;69;98;99,58,6,23.228712,3.243269632,26.471981632,9.268896,20.0,46.471981632,True,7,43,False
9,10;11;18;30;32;69;92;98;99,63,1,26.291616,3.264241152,29.555857152,1.591512,20.0,49.555857152,True,7,43,False
10,10;11;18;30;32;37;69;92;98;99,64,0,29.249064,3.268435456,32.517499456,0.0,20.0,52.517499456,True,7,43,False
0,,0,64,0.0,0.0,0.0,98.534592,20.0,118.534592,True,7,44,False
1,15,8,56,2.461056,3.033554432,5.494610432,86.22276,20.0,106.22276,True,7,44,False
2,15;49,16,48,5.406336,3.067108864,8.473444864,73.909992,20.0,93.909992,True,7,44,False
3,15;49;50,24,40,8.421504,3.100663296,11.522167296,61.597224,20.0,81.597224,True,7,44,False
4,15;49;50;63,32,32,11.37396,3.134217728,14.508177728,49.28508,20.0,69.28508,True,7,44,False
5,15;49;50;63;79,40,24,14.41128,3.16777216,17.57905216,36.972624,20.0,56.972624,True,7,44,False
6,15;49;50;63;79;112,48,16,17.33004,3.201326592,20.531366592,24.660792,20.0,44.660792,True,7,44,False
7,15;40;49;50;63;79;112,55,9,20.309328,3.23068672,23.54001472,13.904904,20.0,43.54001472,True,7,44,True
8,15;40;49;50;63;79;96;112,61,3,23.247432,3.255852544,26.503284544,4.670016,20.0,46.503284544,True,7,44,False
9,12;15;40;49;50;63;79;96;112,64,0,26.303784,3.268435456,29.572219456,0.0,20.0,49.572219456,True,7,44,False
0,,0,64,0.0,0.0,0.0,98.534592,20.0,118.534592,True,7,45,False
1,4,8,56,2.461056,3.033554432,5.494610432,86.22276,20.0,106.22276,True,7,45,False
2,4;18,16,48,5.406336,3.067108864,8.473444864,73.909992,20.0,93.909992,True,7,45,False
3,4;18;53,24,40,8.421504,3.100663296,11.522167296,61.597224,20.0,81.597224,True,7,45,False
4,4;18;53;92,32,32,11.37396,3.134217728,14.508177728,49.28508,20.0,69.28508,True,7,45,False
5,4;18;53;92;121,40,24,14.41128,3.16777216,17.57905216,36.972624,20.0,56.972624,True,7,45,False
6,4;18;19;53;92;121,47,17,17.347512,3.197132288,20.544644288,26.217672,20.0,46.217672,True,7,45,False
7,4;18;19;53;65;92;121,54,10,20.251296,3.226492416,23.477788416,15.426216,20.0,43.477788416,True,7,45,True
8,4;18;19;53;65;72;92;121,59,5,23.189712,3.247463936,26.437175936,7.747896,20.0,46.437175936,True,7,45,False
9,1;4;18;19;53;65;72;92;121,61,3,26.2626,3.255852544,29.518452544,4.670016,20.0,49.518452544,True,7,45,False
10,1;4;18;19;53;65;72;92;110;121,63,1,29.236896,3.264241152,32.501137152,1.591512,20.0,52.501137152,True,7,45,False
11,1;4;18;19;53;65;72;92;98;110;121,64,0,32.264232,3.268435456,35.532667456,0.0,20.0,55.532667456,True,7,45,False
0,,0,64,0.0,0.0,0.0,98.534592,20.0,118.534592,True,7,46,False
1,4,8,56,2.461056,3.033554432,5.494610432,86.22276,20.0,106.22276,True,7,46,False
2,4;13,16,48,5.406336,3.067108864,8.473444864,73.909992,20.0,93.909992,True,7,46,False
3,4;13;17,24,40,8.421504,3.100663296,11.522167296,61.597224,20.0,81.597224,True,7,46,False
4,4;13;17;21,32,32,11.37396,3.134217728,14.508177728,49.28508,20.0,69.28508,True,7,46,False
5,4;13;17;21;48,40,24,14.41128,3.16777216,17.57905216,36.972624,20.0,56.972624,True,7,46,False
6,4;13;17;21;48;64,48,16,17.33004,3.201326592,20.531366592,24.660792,20.0,44.660792,True,7,46,False
7,4;13;17;21;48;64;102,56,8,20.298408,3.234881024,23.533289024,12.347712,20.0,43.533289024,True,7,46,True
8,4;13;17;21;48;64;102;110,64,0,23.288616,3.268435456,26.557051456,0.0,20.0,46.557051456,True,7,46,False
0,,0,64,0.0,0.0,0.0,98.534592,20.0,118.534592,True,7,47,False
1,38,8,56,2.461056,3.033554432,5.494610432,86.22276,20.0,106.22276,True,7,47,False
2,38;46,16,48,5.406336,3.067108864,8.473444864,73.909992,20.0,93.909992,True,7,47,False
3,38;46;58,24,40,8.421504,3.100663296,11.522167296,61.597224,20.0,81.597224,True,7,47,False
4,38;46;58;65,32,32,11.37396,3.134217728,14.508177728,49.28508,20.0,69.28508,True,7,47,False
5,38;46;58;65;72,40,24,14.41128,3.16777216,17.57905216,36.972624,20.0,56.972624,True,7,47,False
6,38;46;58;65;72;79,48,16,17.33004,3.201326592,20.531366592,24.660792,20.0,44.660792,True,7,47,False
7,38;46;58;65;72;79;108,56,8,20.298408,3.234881024,23.533289024,12.347712,20.0,43.533289024,True,7,47,True
8,38;46;58;65;72;79;108;110,64,0,23.288616,3.268435456,26.557051456,0.0,20.0,46.557051456,True,7,47,False
