step,layer,name,category,resources,dependencies,start_us,duration_us,end_us,blocking_event,description
0,0,step0.layer0.norm1,norm,GPU_COMPUTE,,0.000000000,1.008192000,1.008192000,,RMSNorm
0,0,step0.layer0.qkv,qkv,GPU_COMPUTE,step0.layer0.norm1,1.008192000,3.635776000,4.643968000,step0.layer0.norm1,QKV projection
0,0,step0.layer0.rope,rope,GPU_COMPUTE,step0.layer0.qkv,4.643968000,1.018432000,5.662400000,step0.layer0.qkv,QK norm and RoPE
0,0,step0.layer0.attention,attention,GPU_COMPUTE,step0.layer0.rope,5.662400000,3.113536000,8.775936000,step0.layer0.rope,decode attention on GPU
0,0,step0.layer0.o_proj,attention_output,GPU_COMPUTE,step0.layer0.attention,8.775936000,3.109440000,11.885376000,step0.layer0.attention,attention output projection
0,0,step0.layer0.residual1,residual,GPU_COMPUTE,step0.layer0.o_proj,11.885376000,1.012288000,12.897664000,step0.layer0.o_proj,residual add
0,0,step0.layer0.norm2,norm,GPU_COMPUTE,step0.layer0.residual1,12.897664000,1.008192000,13.905856000,step0.layer0.residual1,RMSNorm
0,0,step0.layer0.router,router,GPU_COMPUTE,step0.layer0.norm2,13.905856000,2.069888000,15.975744000,step0.layer0.norm2,MoE router
0,0,step0.layer0.metadata,metadata,GPU_COMPUTE,step0.layer0.router,15.975744000,1.000128000,16.975872000,step0.layer0.router,routing metadata
0,0,step0.layer0.dispatch,dispatch,,step0.layer0.metadata,16.975872000,0.000000000,16.975872000,step0.layer0.metadata,single-GPU dispatch placeholder
0,0,step0.layer0.scheduler,scheduler,GPU_COMPUTE,step0.layer0.metadata,16.975872000,0.000000000,16.975872000,step0.layer0.metadata,gpu-only placement policy
0,0,step0.layer0.gpu_weight_load,gpu_weight_load,HBM_MEM_PATH,step0.layer0.scheduler,16.975872000,57.802752000,74.778624000,step0.layer0.scheduler,expert weights HBM to GPU
0,0,step0.layer0.gpu_expert_compute,gpu_expert,GPU_COMPUTE,step0.layer0.gpu_weight_load;step0.layer0.dispatch,74.778624000,3.268435456,78.047059456,step0.layer0.gpu_weight_load,grouped expert GEMM
0,0,step0.layer0.pim_gwrite,pim_write,GPU_PIM_IO,step0.layer0.scheduler;step0.layer0.dispatch,16.975872000,0.000000000,16.975872000,step0.layer0.scheduler,PIM_GWRITE token operands
0,0,step0.layer0.pim_expert_compute,pim_expert,PIM_COMPUTE,step0.layer0.pim_gwrite,16.975872000,0.000000000,16.975872000,step0.layer0.pim_gwrite,serialized PIM expert GEMV
0,0,step0.layer0.pim_read,pim_read,GPU_PIM_IO,step0.layer0.pim_expert_compute,16.975872000,0.000000000,16.975872000,step0.layer0.pim_gwrite,PIM expert result read
0,0,step0.layer0.combine,combine,GPU_COMPUTE,step0.layer0.gpu_expert_compute;step0.layer0.pim_read,78.047059456,1.036864000,79.083923456,step0.layer0.gpu_expert_compute,weighted expert combine
0,0,step0.layer0.residual2,residual,GPU_COMPUTE,step0.layer0.combine,79.083923456,1.012288000,80.096211456,step0.layer0.combine,residual add
0,1,step0.layer1.norm1,norm,GPU_COMPUTE,step0.layer0.residual2,80.096211456,1.008192000,81.104403456,step0.layer0.residual2,RMSNorm
0,1,step0.layer1.qkv,qkv,GPU_COMPUTE,step0.layer1.norm1,81.104403456,3.635776000,84.740179456,step0.layer1.norm1,QKV projection
0,1,step0.layer1.rope,rope,GPU_COMPUTE,step0.layer1.qkv,84.740179456,1.018432000,85.758611456,step0.layer1.qkv,QK norm and RoPE
0,1,step0.layer1.attention,attention,GPU_COMPUTE,step0.layer1.rope,85.758611456,3.113536000,88.872147456,step0.layer1.rope,decode attention on GPU
0,1,step0.layer1.o_proj,attention_output,GPU_COMPUTE,step0.layer1.attention,88.872147456,3.109440000,91.981587456,step0.layer1.attention,attention output projection
0,1,step0.layer1.residual1,residual,GPU_COMPUTE,step0.layer1.o_proj,91.981587456,1.012288000,92.993875456,step0.layer1.o_proj,residual add
0,1,step0.layer1.norm2,norm,GPU_COMPUTE,step0.layer1.residual1,92.993875456,1.008192000,94.002067456,step0.layer1.residual1,RMSNorm
0,1,step0.layer1.router,router,GPU_COMPUTE,step0.layer1.norm2,94.002067456,2.069888000,96.071955456,step0.layer1.norm2,MoE router
0,1,step0.layer1.metadata,metadata,GPU_COMPUTE,step0.layer1.router,96.071955456,1.000128000,97.072083456,step0.layer1.router,routing metadata
0,1,step0.layer1.dispatch,dispatch,,step0.layer1.metadata,97.072083456,0.000000000,97.072083456,step0.layer1.metadata,single-GPU dispatch placeholder
0,1,step0.layer1.scheduler,scheduler,GPU_COMPUTE,step0.layer1.metadata,97.072083456,0.000000000,97.072083456,step0.layer1.metadata,gpu-only placement policy
0,1,step0.layer1.gpu_weight_load,gpu_weight_load,HBM_MEM_PATH,step0.layer1.scheduler,97.072083456,57.802752000,154.874835456,step0.layer1.scheduler,expert weights HBM to GPU
0,1,step0.layer1.gpu_expert_compute,gpu_expert,GPU_COMPUTE,step0.layer1.gpu_weight_load;step0.layer1.dispatch,154.874835456,3.268435456,158.143270912,step0.layer1.gpu_weight_load,grouped expert GEMM
0,1,step0.layer1.pim_gwrite,pim_write,GPU_PIM_IO,step0.layer1.scheduler;step0.layer1.dispatch,97.072083456,0.000000000,97.072083456,step0.layer1.scheduler,PIM_GWRITE token operands
0,1,step0.layer1.pim_expert_compute,pim_expert,PIM_COMPUTE,step0.layer1.pim_gwrite,97.072083456,0.000000000,97.072083456,step0.layer1.pim_gwrite,serialized PIM expert GEMV
0,1,step0.layer1.pim_read,pim_read,GPU_PIM_IO,step0.layer1.pim_expert_compute,97.072083456,0.000000000,97.072083456,step0.layer1.pim_gwrite,PIM expert result read
0,1,step0.layer1.combine,combine,GPU_COMPUTE,step0.layer1.gpu_expert_compute;step0.layer1.pim_read,158.143270912,1.036864000,159.180134912,step0.layer1.gpu_expert_compute,weighted expert combine
0,1,step0.layer1.residual2,residual,GPU_COMPUTE,step0.layer1.combine,159.180134912,1.012288000,160.192422912,step0.layer1.combine,residual add
0,2,step0.layer2.norm1,norm,GPU_COMPUTE,step0.layer1.residual2,160.192422912,1.008192000,161.200614912,step0.layer1.residual2,RMSNorm
0,2,step0.layer2.qkv,qkv,GPU_COMPUTE,step0.layer2.norm1,161.200614912,3.635776000,164.836390912,step0.layer2.norm1,QKV projection
0,2,step0.layer2.rope,rope,GPU_COMPUTE,step0.layer2.qkv,164.836390912,1.018432000,165.854822912,step0.layer2.qkv,QK norm and RoPE
0,2,step0.layer2.attention,attention,GPU_COMPUTE,step0.layer2.rope,165.854822912,3.113536000,168.968358912,step0.layer2.rope,decode attention on GPU
0,2,step0.layer2.o_proj,attention_output,GPU_COMPUTE,step0.layer2.attention,168.968358912,3.109440000,172.077798912,step0.layer2.attention,attention output projection
0,2,step0.layer2.residual1,residual,GPU_COMPUTE,step0.layer2.o_proj,172.077798912,1.012288000,173.090086912,step0.layer2.o_proj,residual add
0,2,step0.layer2.norm2,norm,GPU_COMPUTE,step0.layer2.residual1,173.090086912,1.008192000,174.098278912,step0.layer2.residual1,RMSNorm
0,2,step0.layer2.router,router,GPU_COMPUTE,step0.layer2.norm2,174.098278912,2.069888000,176.168166912,step0.layer2.norm2,MoE router
0,2,step0.layer2.metadata,metadata,GPU_COMPUTE,step0.layer2.router,176.168166912,1.000128000,177.168294912,step0.layer2.router,routing metadata
0,2,step0.layer2.dispatch,dispatch,,step0.layer2.metadata,177.168294912,0.000000000,177.168294912,step0.layer2.metadata,single-GPU dispatch placeholder
0,2,step0.layer2.scheduler,scheduler,GPU_COMPUTE,step0.layer2.metadata,177.168294912,0.000000000,177.168294912,step0.layer2.metadata,gpu-only placement policy
0,2,step0.layer2.gpu_weight_load,gpu_weight_load,HBM_MEM_PATH,step0.layer2.scheduler,177.168294912,57.802752000,234.971046912,step0.layer2.scheduler,expert weights HBM to GPU
0,2,step0.layer2.gpu_expert_compute,gpu_expert,GPU_COMPUTE,step0.layer2.gpu_weight_load;step0.layer2.dispatch,234.971046912,3.268435456,238.239482368,step0.layer2.gpu_weight_load,grouped expert GEMM
0,2,step0.layer2.pim_gwrite,pim_write,GPU_PIM_IO,step0.layer2.scheduler;step0.layer2.dispatch,177.168294912,0.000000000,177.168294912,step0.layer2.scheduler,PIM_GWRITE token operands
0,2,step0.layer2.pim_expert_compute,pim_expert,PIM_COMPUTE,step0.layer2.pim_gwrite,177.168294912,0.000000000,177.168294912,step0.layer2.pim_gwrite,serialized PIM expert GEMV
0,2,step0.layer2.pim_read,pim_read,GPU_PIM_IO,step0.layer2.pim_expert_compute,177.168294912,0.000000000,177.168294912,step0.layer2.pim_gwrite,PIM expert result read
0,2,step0.layer2.combine,combine,GPU_COMPUTE,step0.layer2.gpu_expert_compute;step0.layer2.pim_read,238.239482368,1.036864000,239.276346368,step0.layer2.gpu_expert_compute,weighted expert combine
0,2,step0.layer2.residual2,residual,GPU_COMPUTE,step0.layer2.combine,239.276346368,1.012288000,240.288634368,step0.layer2.combine,residual add
0,3,step0.layer3.norm1,norm,GPU_COMPUTE,step0.layer2.residual2,240.288634368,1.008192000,241.296826368,step0.layer2.residual2,RMSNorm
0,3,step0.layer3.qkv,qkv,GPU_COMPUTE,step0.layer3.norm1,241.296826368,3.635776000,244.932602368,step0.layer3.norm1,QKV projection
0,3,step0.layer3.rope,rope,GPU_COMPUTE,step0.layer3.qkv,244.932602368,1.018432000,245.951034368,step0.layer3.qkv,QK norm and RoPE
0,3,step0.layer3.attention,attention,GPU_COMPUTE,step0.layer3.rope,245.951034368,3.113536000,249.064570368,step0.layer3.rope,decode attention on GPU
0,3,step0.layer3.o_proj,attention_output,GPU_COMPUTE,step0.layer3.attention,249.064570368,3.109440000,252.174010368,step0.layer3.attention,attention output projection
0,3,step0.layer3.residual1,residual,GPU_COMPUTE,step0.layer3.o_proj,252.174010368,1.012288000,253.186298368,step0.layer3.o_proj,residual add
0,3,step0.layer3.norm2,norm,GPU_COMPUTE,step0.layer3.residual1,253.186298368,1.008192000,254.194490368,step0.layer3.residual1,RMSNorm
0,3,step0.layer3.router,router,GPU_COMPUTE,step0.layer3.norm2,254.194490368,2.069888000,256.264378368,step0.layer3.norm2,MoE router
0,3,step0.layer3.metadata,metadata,GPU_COMPUTE,step0.layer3.router,256.264378368,1.000128000,257.264506368,step0.layer3.router,routing metadata
0,3,step0.layer3.dispatch,dispatch,,step0.layer3.metadata,257.264506368,0.000000000,257.264506368,step0.layer3.metadata,single-GPU dispatch placeholder
0,3,step0.layer3.scheduler,scheduler,GPU_COMPUTE,step0.layer3.metadata,257.264506368,0.000000000,257.264506368,step0.layer3.metadata,gpu-only placement policy
0,3,step0.layer3.gpu_weight_load,gpu_weight_load,HBM_MEM_PATH,step0.layer3.scheduler,257.264506368,57.802752000,315.067258368,step0.layer3.scheduler,expert weights HBM to GPU
0,3,step0.layer3.gpu_expert_compute,gpu_expert,GPU_COMPUTE,step0.layer3.gpu_weight_load;step0.layer3.dispatch,315.067258368,3.268435456,318.335693824,step0.layer3.gpu_weight_load,grouped expert GEMM
0,3,step0.layer3.pim_gwrite,pim_write,GPU_PIM_IO,step0.layer3.scheduler;step0.layer3.dispatch,257.264506368,0.000000000,257.264506368,step0.layer3.scheduler,PIM_GWRITE token operands
0,3,step0.layer3.pim_expert_compute,pim_expert,PIM_COMPUTE,step0.layer3.pim_gwrite,257.264506368,0.000000000,257.264506368,step0.layer3.pim_gwrite,serialized PIM expert GEMV
0,3,step0.layer3.pim_read,pim_read,GPU_PIM_IO,step0.layer3.pim_expert_compute,257.264506368,0.000000000,257.264506368,step0.layer3.pim_gwrite,PIM expert result read
0,3,step0.layer3.combine,combine,GPU_COMPUTE,step0.layer3.gpu_expert_compute;step0.layer3.pim_read,318.335693824,1.036864000,319.372557824,step0.layer3.gpu_expert_compute,weighted expert combine
0,3,step0.layer3.residual2,residual,GPU_COMPUTE,step0.layer3.combine,319.372557824,1.012288000,320.384845824,step0.layer3.combine,residual add
0,4,step0.layer4.norm1,norm,GPU_COMPUTE,step0.layer3.residual2,320.384845824,1.008192000,321.393037824,step0.layer3.residual2,RMSNorm
0,4,step0.layer4.qkv,qkv,GPU_COMPUTE,step0.layer4.norm1,321.393037824,3.635776000,325.028813824,step0.layer4.norm1,QKV projection
0,4,step0.layer4.rope,rope,GPU_COMPUTE,step0.layer4.qkv,325.028813824,1.018432000,326.047245824,step0.layer4.qkv,QK norm and RoPE
0,4,step0.layer4.attention,attention,GPU_COMPUTE,step0.layer4.rope,326.047245824,3.113536000,329.160781824,step0.layer4.rope,decode attention on GPU
0,4,step0.layer4.o_proj,attention_output,GPU_COMPUTE,step0.layer4.attention,329.160781824,3.109440000,332.270221824,step0.layer4.attention,attention output projection
0,4,step0.layer4.residual1,residual,GPU_COMPUTE,step0.layer4.o_proj,332.270221824,1.012288000,333.282509824,step0.layer4.o_proj,residual add
0,4,step0.layer4.norm2,norm,GPU_COMPUTE,step0.layer4.residual1,333.282509824,1.008192000,334.290701824,step0.layer4.residual1,RMSNorm
0,4,step0.layer4.router,router,GPU_COMPUTE,step0.layer4.norm2,334.290701824,2.069888000,336.360589824,step0.layer4.norm2,MoE router
0,4,step0.layer4.metadata,metadata,GPU_COMPUTE,step0.layer4.router,336.360589824,1.000128000,337.360717824,step0.layer4.router,routing metadata
0,4,step0.layer4.dispatch,dispatch,,step0.layer4.metadata,337.360717824,0.000000000,337.360717824,step0.layer4.metadata,single-GPU dispatch placeholder
0,4,step0.layer4.scheduler,scheduler,GPU_COMPUTE,step0.layer4.metadata,337.360717824,0.000000000,337.360717824,step0.layer4.metadata,gpu-only placement policy
0,4,step0.layer4.gpu_weight_load,gpu_weight_load,HBM_MEM_PATH,step0.layer4.scheduler,337.360717824,57.802752000,395.163469824,step0.layer4.scheduler,expert weights HBM to GPU
0,4,step0.layer4.gpu_expert_compute,gpu_expert,GPU_COMPUTE,step0.layer4.gpu_weight_load;step0.layer4.dispatch,395.163469824,3.268435456,398.431905280,step0.layer4.gpu_weight_load,grouped expert GEMM
0,4,step0.layer4.pim_gwrite,pim_write,GPU_PIM_IO,step0.layer4.scheduler;step0.layer4.dispatch,337.360717824,0.000000000,337.360717824,step0.layer4.scheduler,PIM_GWRITE token operands
0,4,step0.layer4.pim_expert_compute,pim_expert,PIM_COMPUTE,step0.layer4.pim_gwrite,337.360717824,0.000000000,337.360717824,step0.layer4.pim_gwrite,serialized PIM expert GEMV
0,4,step0.layer4.pim_read,pim_read,GPU_PIM_IO,step0.layer4.pim_expert_compute,337.360717824,0.000000000,337.360717824,step0.layer4.pim_gwrite,PIM expert result read
0,4,step0.layer4.combine,combine,GPU_COMPUTE,step0.layer4.gpu_expert_compute;step0.layer4.pim_read,398.431905280,1.036864000,399.468769280,step0.layer4.gpu_expert_compute,weighted expert combine
0,4,step0.layer4.residual2,residual,GPU_COMPUTE,step0.layer4.combine,399.468769280,1.012288000,400.481057280,step0.layer4.combine,residual add
0,5,step0.layer5.norm1,norm,GPU_COMPUTE,step0.layer4.residual2,400.481057280,1.008192000,401.489249280,step0.layer4.residual2,RMSNorm
0,5,step0.layer5.qkv,qkv,GPU_COMPUTE,step0.layer5.norm1,401.489249280,3.635776000,405.125025280,step0.layer5.norm1,QKV projection
0,5,step0.layer5.rope,rope,GPU_COMPUTE,step0.layer5.qkv,405.125025280,1.018432000,406.143457280,step0.layer5.qkv,QK norm and RoPE
0,5,step0.layer5.attention,attention,GPU_COMPUTE,step0.layer5.rope,406.143457280,3.113536000,409.256993280,step0.layer5.rope,decode attention on GPU
0,5,step0.layer5.o_proj,attention_output,GPU_COMPUTE,step0.layer5.attention,409.256993280,3.109440000,412.366433280,step0.layer5.attention,attention output projection
0,5,step0.layer5.residual1,residual,GPU_COMPUTE,step0.layer5.o_proj,412.366433280,1.012288000,413.378721280,step0.layer5.o_proj,residual add
0,5,step0.layer5.norm2,norm,GPU_COMPUTE,step0.layer5.residual1,413.378721280,1.008192000,414.386913280,step0.layer5.residual1,RMSNorm
0,5,step0.layer5.router,router,GPU_COMPUTE,step0.layer5.norm2,414.386913280,2.069888000,416.456801280,step0.layer5.norm2,MoE router
0,5,step0.layer5.metadata,metadata,GPU_COMPUTE,step0.layer5.router,416.456801280,1.000128000,417.456929280,step0.layer5.router,routing metadata
0,5,step0.layer5.dispatch,dispatch,,step0.layer5.metadata,417.456929280,0.000000000,417.456929280,step0.layer5.metadata,single-GPU dispatch placeholder
0,5,step0.layer5.scheduler,scheduler,GPU_COMPUTE,step0.layer5.metadata,417.456929280,0.000000000,417.456929280,step0.layer5.metadata,gpu-only placement policy
0,5,step0.layer5.gpu_weight_load,gpu_weight_load,HBM_MEM_PATH,step0.layer5.scheduler,417.456929280,57.802752000,475.259681280,step0.layer5.scheduler,expert weights HBM to GPU
0,5,step0.layer5.gpu_expert_compute,gpu_expert,GPU_COMPUTE,step0.layer5.gpu_weight_load;step0.layer5.dispatch,475.259681280,3.268435456,478.528116736,step0.layer5.gpu_weight_load,grouped expert GEMM
0,5,step0.layer5.pim_gwrite,pim_write,GPU_PIM_IO,step0.layer5.scheduler;step0.layer5.dispatch,417.456929280,0.000000000,417.456929280,step0.layer5.scheduler,PIM_GWRITE token operands
0,5,step0.layer5.pim_expert_compute,pim_expert,PIM_COMPUTE,step0.layer5.pim_gwrite,417.456929280,0.000000000,417.456929280,step0.layer5.pim_gwrite,serialized PIM expert GEMV
0,5,step0.layer5.pim_read,pim_read,GPU_PIM_IO,step0.layer5.pim_expert_compute,417.456929280,0.000000000,417.456929280,step0.layer5.pim_gwrite,PIM expert result read
0,5,step0.layer5.combine,combine,GPU_COMPUTE,step0.layer5.gpu_expert_compute;step0.layer5.pim_read,478.528116736,1.036864000,479.564980736,step0.layer5.gpu_expert_compute,weighted expert combine
0,5,step0.layer5.residual2,residual,GPU_COMPUTE,step0.layer5.combine,479.564980736,1.012288000,480.577268736,step0.layer5.combine,residual add
0,6,step0.layer6.norm1,norm,GPU_COMPUTE,step0.layer5.residual2,480.577268736,1.008192000,481.585460736,step0.layer5.residual2,RMSNorm
0,6,step0.layer6.qkv,qkv,GPU_COMPUTE,step0.layer6.norm1,481.585460736,3.635776000,485.221236736,step0.layer6.norm1,QKV projection
0,6,step0.layer6.rope,rope,GPU_COMPUTE,step0.layer6.qkv,485.221236736,1.018432000,486.239668736,step0.layer6.qkv,QK norm and RoPE
0,6,step0.layer6.attention,attention,GPU_COMPUTE,step0.layer6.rope,486.239668736,3.113536000,489.353204736,step0.layer6.rope,decode attention on GPU
0,6,step0.layer6.o_proj,attention_output,GPU_COMPUTE,step0.layer6.attention,489.353204736,3.109440000,492.462644736,step0.layer6.attention,attention output projection
0,6,step0.layer6.residual1,residual,GPU_COMPUTE,step0.layer6.o_proj,492.462644736,1.012288000,493.474932736,step0.layer6.o_proj,residual add
0,6,step0.layer6.norm2,norm,GPU_COMPUTE,step0.layer6.residual1,493.474932736,1.008192000,494.483124736,step0.layer6.residual1,RMSNorm
0,6,step0.layer6.router,router,GPU_COMPUTE,step0.layer6.norm2,494.483124736,2.069888000,496.553012736,step0.layer6.norm2,MoE router
0,6,step0.layer6.metadata,metadata,GPU_COMPUTE,step0.layer6.router,496.553012736,1.000128000,497.553140736,step0.layer6.router,routing metadata
0,6,step0.layer6.dispatch,dispatch,,step0.layer6.metadata,497.553140736,0.000000000,497.553140736,step0.layer6.metadata,single-GPU dispatch placeholder
0,6,step0.layer6.scheduler,scheduler,GPU_COMPUTE,step0.layer6.metadata,497.553140736,0.000000000,497.553140736,step0.layer6.metadata,gpu-only placement policy
0,6,step0.layer6.gpu_weight_load,gpu_weight_load,HBM_MEM_PATH,step0.layer6.scheduler,497.553140736,57.802752000,555.355892736,step0.layer6.scheduler,expert weights HBM to GPU
0,6,step0.layer6.gpu_expert_compute,gpu_expert,GPU_COMPUTE,step0.layer6.gpu_weight_load;step0.layer6.dispatch,555.355892736,3.268435456,558.624328192,step0.layer6.gpu_weight_load,grouped expert GEMM
0,6,step0.layer6.pim_gwrite,pim_write,GPU_PIM_IO,step0.layer6.scheduler;step0.layer6.dispatch,497.553140736,0.000000000,497.553140736,step0.layer6.scheduler,PIM_GWRITE token operands
0,6,step0.layer6.pim_expert_compute,pim_expert,PIM_COMPUTE,step0.layer6.pim_gwrite,497.553140736,0.000000000,497.553140736,step0.layer6.pim_gwrite,serialized PIM expert GEMV
0,6,step0.layer6.pim_read,pim_read,GPU_PIM_IO,step0.layer6.pim_expert_compute,497.553140736,0.000000000,497.553140736,step0.layer6.pim_gwrite,PIM expert result read
0,6,step0.layer6.combine,combine,GPU_COMPUTE,step0.layer6.gpu_expert_compute;step0.layer6.pim_read,558.624328192,1.036864000,559.661192192,step0.layer6.gpu_expert_compute,weighted expert combine
0,6,step0.layer6.residual2,residual,GPU_COMPUTE,step0.layer6.combine,559.661192192,1.012288000,560.673480192,step0.layer6.combine,residual add
0,7,step0.layer7.norm1,norm,GPU_COMPUTE,step0.layer6.residual2,560.673480192,1.008192000,561.681672192,step0.layer6.residual2,RMSNorm
0,7,step0.layer7.qkv,qkv,GPU_COMPUTE,step0.layer7.norm1,561.681672192,3.635776000,565.317448192,step0.layer7.norm1,QKV projection
0,7,step0.layer7.rope,rope,GPU_COMPUTE,step0.layer7.qkv,565.317448192,1.018432000,566.335880192,step0.layer7.qkv,QK norm and RoPE
0,7,step0.layer7.attention,attention,GPU_COMPUTE,step0.layer7.rope,566.335880192,3.113536000,569.449416192,step0.layer7.rope,decode attention on GPU
0,7,step0.layer7.o_proj,attention_output,GPU_COMPUTE,step0.layer7.attention,569.449416192,3.109440000,572.558856192,step0.layer7.attention,attention output projection
0,7,step0.layer7.residual1,residual,GPU_COMPUTE,step0.layer7.o_proj,572.558856192,1.012288000,573.571144192,step0.layer7.o_proj,residual add
0,7,step0.layer7.norm2,norm,GPU_COMPUTE,step0.layer7.residual1,573.571144192,1.008192000,574.579336192,step0.layer7.residual1,RMSNorm
0,7,step0.layer7.router,router,GPU_COMPUTE,step0.layer7.norm2,574.579336192,2.069888000,576.649224192,step0.layer7.norm2,MoE router
0,7,step0.layer7.metadata,metadata,GPU_COMPUTE,step0.layer7.router,576.649224192,1.000128000,577.649352192,step0.layer7.router,routing metadata
0,7,step0.layer7.dispatch,dispatch,,step0.layer7.metadata,577.649352192,0.000000000,577.649352192,step0.layer7.metadata,single-GPU dispatch placeholder
0,7,step0.layer7.scheduler,scheduler,GPU_COMPUTE,step0.layer7.metadata,577.649352192,0.000000000,577.649352192,step0.layer7.metadata,gpu-only placement policy
0,7,step0.layer7.gpu_weight_load,gpu_weight_load,HBM_MEM_PATH,step0.layer7.scheduler,577.649352192,57.802752000,635.452104192,step0.layer7.scheduler,expert weights HBM to GPU
0,7,step0.layer7.gpu_expert_compute,gpu_expert,GPU_COMPUTE,step0.layer7.gpu_weight_load;step0.layer7.dispatch,635.452104192,3.268435456,638.720539648,step0.layer7.gpu_weight_load,grouped expert GEMM
0,7,step0.layer7.pim_gwrite,pim_write,GPU_PIM_IO,step0.layer7.scheduler;step0.layer7.dispatch,577.649352192,0.000000000,577.649352192,step0.layer7.scheduler,PIM_GWRITE token operands
0,7,step0.layer7.pim_expert_compute,pim_expert,PIM_COMPUTE,step0.layer7.pim_gwrite,577.649352192,0.000000000,577.649352192,step0.layer7.pim_gwrite,serialized PIM expert GEMV
0,7,step0.layer7.pim_read,pim_read,GPU_PIM_IO,step0.layer7.pim_expert_compute,577.649352192,0.000000000,577.649352192,step0.layer7.pim_gwrite,PIM expert result read
0,7,step0.layer7.combine,combine,GPU_COMPUTE,step0.layer7.gpu_expert_compute;step0.layer7.pim_read,638.720539648,1.036864000,639.757403648,step0.layer7.gpu_expert_compute,weighted expert combine
0,7,step0.layer7.residual2,residual,GPU_COMPUTE,step0.layer7.combine,639.757403648,1.012288000,640.769691648,step0.layer7.combine,residual add
0,8,step0.layer8.norm1,norm,GPU_COMPUTE,step0.layer7.residual2,640.769691648,1.008192000,641.777883648,step0.layer7.residual2,RMSNorm
0,8,step0.layer8.qkv,qkv,GPU_COMPUTE,step0.layer8.norm1,641.777883648,3.635776000,645.413659648,step0.layer8.norm1,QKV projection
0,8,step0.layer8.rope,rope,GPU_COMPUTE,step0.layer8.qkv,645.413659648,1.018432000,646.432091648,step0.layer8.qkv,QK norm and RoPE
0,8,step0.layer8.attention,attention,GPU_COMPUTE,step0.layer8.rope,646.432091648,3.113536000,649.545627648,step0.layer8.rope,decode attention on GPU
0,8,step0.layer8.o_proj,attention_output,GPU_COMPUTE,step0.layer8.attention,649.545627648,3.109440000,652.655067648,step0.layer8.attention,attention output projection
0,8,step0.layer8.residual1,residual,GPU_COMPUTE,step0.layer8.o_proj,652.655067648,1.012288000,653.667355648,step0.layer8.o_proj,residual add
0,8,step0.layer8.norm2,norm,GPU_COMPUTE,step0.layer8.residual1,653.667355648,1.008192000,654.675547648,step0.layer8.residual1,RMSNorm
0,8,step0.layer8.router,router,GPU_COMPUTE,step0.layer8.norm2,654.675547648,2.069888000,656.745435648,step0.layer8.norm2,MoE router
0,8,step0.layer8.metadata,metadata,GPU_COMPUTE,step0.layer8.router,656.745435648,1.000128000,657.745563648,step0.layer8.router,routing metadata
0,8,step0.layer8.dispatch,dispatch,,step0.layer8.metadata,657.745563648,0.000000000,657.745563648,step0.layer8.metadata,single-GPU dispatch placeholder
0,8,step0.layer8.scheduler,scheduler,GPU_COMPUTE,step0.layer8.metadata,657.745563648,0.000000000,657.745563648,step0.layer8.metadata,gpu-only placement policy
0,8,step0.layer8.gpu_weight_load,gpu_weight_load,HBM_MEM_PATH,step0.layer8.scheduler,657.745563648,57.802752000,715.548315648,step0.layer8.scheduler,expert weights HBM to GPU
0,8,step0.layer8.gpu_expert_compute,gpu_expert,GPU_COMPUTE,step0.layer8.gpu_weight_load;step0.layer8.dispatch,715.548315648,3.268435456,718.816751104,step0.layer8.gpu_weight_load,grouped expert GEMM
0,8,step0.layer8.pim_gwrite,pim_write,GPU_PIM_IO,step0.layer8.scheduler;step0.layer8.dispatch,657.745563648,0.000000000,657.745563648,step0.layer8.scheduler,PIM_GWRITE token operands
0,8,step0.layer8.pim_expert_compute,pim_expert,PIM_COMPUTE,step0.layer8.pim_gwrite,657.745563648,0.000000000,657.745563648,step0.layer8.pim_gwrite,serialized PIM expert GEMV
0,8,step0.layer8.pim_read,pim_read,GPU_PIM_IO,step0.layer8.pim_expert_compute,657.745563648,0.000000000,657.745563648,step0.layer8.pim_gwrite,PIM expert result read
0,8,step0.layer8.combine,combine,GPU_COMPUTE,step0.layer8.gpu_expert_compute;step0.layer8.pim_read,718.816751104,1.036864000,719.853615104,step0.layer8.gpu_expert_compute,weighted expert combine
0,8,step0.layer8.residual2,residual,GPU_COMPUTE,step0.layer8.combine,719.853615104,1.012288000,720.865903104,step0.layer8.combine,residual add
0,9,step0.layer9.norm1,norm,GPU_COMPUTE,step0.layer8.residual2,720.865903104,1.008192000,721.874095104,step0.layer8.residual2,RMSNorm
0,9,step0.layer9.qkv,qkv,GPU_COMPUTE,step0.layer9.norm1,721.874095104,3.635776000,725.509871104,step0.layer9.norm1,QKV projection
0,9,step0.layer9.rope,rope,GPU_COMPUTE,step0.layer9.qkv,725.509871104,1.018432000,726.528303104,step0.layer9.qkv,QK norm and RoPE
0,9,step0.layer9.attention,attention,GPU_COMPUTE,step0.layer9.rope,726.528303104,3.113536000,729.641839104,step0.layer9.rope,decode attention on GPU
0,9,step0.layer9.o_proj,attention_output,GPU_COMPUTE,step0.layer9.attention,729.641839104,3.109440000,732.751279104,step0.layer9.attention,attention output projection
0,9,step0.layer9.residual1,residual,GPU_COMPUTE,step0.layer9.o_proj,732.751279104,1.012288000,733.763567104,step0.layer9.o_proj,residual add
0,9,step0.layer9.norm2,norm,GPU_COMPUTE,step0.layer9.residual1,733.763567104,1.008192000,734.771759104,step0.layer9.residual1,RMSNorm
0,9,step0.layer9.router,router,GPU_COMPUTE,step0.layer9.norm2,734.771759104,2.069888000,736.841647104,step0.layer9.norm2,MoE router
0,9,step0.layer9.metadata,metadata,GPU_COMPUTE,step0.layer9.router,736.841647104,1.000128000,737.841775104,step0.layer9.router,routing metadata
0,9,step0.layer9.dispatch,dispatch,,step0.layer9.metadata,737.841775104,0.000000000,737.841775104,step0.layer9.metadata,single-GPU dispatch placeholder
0,9,step0.layer9.scheduler,scheduler,GPU_COMPUTE,step0.layer9.metadata,737.841775104,0.000000000,737.841775104,step0.layer9.metadata,gpu-only placement policy
0,9,step0.layer9.gpu_weight_load,gpu_weight_load,HBM_MEM_PATH,step0.layer9.scheduler,737.841775104,57.802752000,795.644527104,step0.layer9.scheduler,expert weights HBM to GPU
0,9,step0.layer9.gpu_expert_compute,gpu_expert,GPU_COMPUTE,step0.layer9.gpu_weight_load;step0.layer9.dispatch,795.644527104,3.268435456,798.912962560,step0.layer9.gpu_weight_load,grouped expert GEMM
0,9,step0.layer9.pim_gwrite,pim_write,GPU_PIM_IO,step0.layer9.scheduler;step0.layer9.dispatch,737.841775104,0.000000000,737.841775104,step0.layer9.scheduler,PIM_GWRITE token operands
0,9,step0.layer9.pim_expert_compute,pim_expert,PIM_COMPUTE,step0.layer9.pim_gwrite,737.841775104,0.000000000,737.841775104,step0.layer9.pim_gwrite,serialized PIM expert GEMV
0,9,step0.layer9.pim_read,pim_read,GPU_PIM_IO,step0.layer9.pim_expert_compute,737.841775104,0.000000000,737.841775104,step0.layer9.pim_gwrite,PIM expert result read
0,9,step0.layer9.combine,combine,GPU_COMPUTE,step0.layer9.gpu_expert_compute;step0.layer9.pim_read,798.912962560,1.036864000,799.949826560,step0.layer9.gpu_expert_compute,weighted expert combine
0,9,step0.layer9.residual2,residual,GPU_COMPUTE,step0.layer9.combine,799.949826560,1.012288000,800.962114560,step0.layer9.combine,residual add
0,10,step0.layer10.norm1,norm,GPU_COMPUTE,step0.layer9.residual2,800.962114560,1.008192000,801.970306560,step0.layer9.residual2,RMSNorm
0,10,step0.layer10.qkv,qkv,GPU_COMPUTE,step0.layer10.norm1,801.970306560,3.635776000,805.606082560,step0.layer10.norm1,QKV projection
0,10,step0.layer10.rope,rope,GPU_COMPUTE,step0.layer10.qkv,805.606082560,1.018432000,806.624514560,step0.layer10.qkv,QK norm and RoPE
0,10,step0.layer10.attention,attention,GPU_COMPUTE,step0.layer10.rope,806.624514560,3.113536000,809.738050560,step0.layer10.rope,decode attention on GPU
0,10,step0.layer10.o_proj,attention_output,GPU_COMPUTE,step0.layer10.attention,809.738050560,3.109440000,812.847490560,step0.layer10.attention,attention output projection
0,10,step0.layer10.residual1,residual,GPU_COMPUTE,step0.layer10.o_proj,812.847490560,1.012288000,813.859778560,step0.layer10.o_proj,residual add
0,10,step0.layer10.norm2,norm,GPU_COMPUTE,step0.layer10.residual1,813.859778560,1.008192000,814.867970560,step0.layer10.residual1,RMSNorm
0,10,step0.layer10.router,router,GPU_COMPUTE,step0.layer10.norm2,814.867970560,2.069888000,816.937858560,step0.layer10.norm2,MoE router
0,10,step0.layer10.metadata,metadata,GPU_COMPUTE,step0.layer10.router,816.937858560,1.000128000,817.937986560,step0.layer10.router,routing metadata
0,10,step0.layer10.dispatch,dispatch,,step0.layer10.metadata,817.937986560,0.000000000,817.937986560,step0.layer10.metadata,single-GPU dispatch placeholder
0,10,step0.layer10.scheduler,scheduler,GPU_COMPUTE,step0.layer10.metadata,817.937986560,0.000000000,817.937986560,step0.layer10.metadata,gpu-only placement policy
0,10,step0.layer10.gpu_weight_load,gpu_weight_load,HBM_MEM_PATH,step0.layer10.scheduler,817.937986560,57.802752000,875.740738560,step0.layer10.scheduler,expert weights HBM to GPU
0,10,step0.layer10.gpu_expert_compute,gpu_expert,GPU_COMPUTE,step0.layer10.gpu_weight_load;step0.layer10.dispatch,875.740738560,3.268435456,879.009174016,step0.layer10.gpu_weight_load,grouped expert GEMM
0,10,step0.layer10.pim_gwrite,pim_write,GPU_PIM_IO,step0.layer10.scheduler;step0.layer10.dispatch,817.937986560,0.000000000,817.937986560,step0.layer10.scheduler,PIM_GWRITE token operands
0,10,step0.layer10.pim_expert_compute,pim_expert,PIM_COMPUTE,step0.layer10.pim_gwrite,817.937986560,0.000000000,817.937986560,step0.layer10.pim_gwrite,serialized PIM expert GEMV
0,10,step0.layer10.pim_read,pim_read,GPU_PIM_IO,step0.layer10.pim_expert_compute,817.937986560,0.000000000,817.937986560,step0.layer10.pim_gwrite,PIM expert result read
0,10,step0.layer10.combine,combine,GPU_COMPUTE,step0.layer10.gpu_expert_compute;step0.layer10.pim_read,879.009174016,1.036864000,880.046038016,step0.layer10.gpu_expert_compute,weighted expert combine
0,10,step0.layer10.residual2,residual,GPU_COMPUTE,step0.layer10.combine,880.046038016,1.012288000,881.058326016,step0.layer10.combine,residual add
0,11,step0.layer11.norm1,norm,GPU_COMPUTE,step0.layer10.residual2,881.058326016,1.008192000,882.066518016,step0.layer10.residual2,RMSNorm
0,11,step0.layer11.qkv,qkv,GPU_COMPUTE,step0.layer11.norm1,882.066518016,3.635776000,885.702294016,step0.layer11.norm1,QKV projection
0,11,step0.layer11.rope,rope,GPU_COMPUTE,step0.layer11.qkv,885.702294016,1.018432000,886.720726016,step0.layer11.qkv,QK norm and RoPE
0,11,step0.layer11.attention,attention,GPU_COMPUTE,step0.layer11.rope,886.720726016,3.113536000,889.834262016,step0.layer11.rope,decode attention on GPU
0,11,step0.layer11.o_proj,attention_output,GPU_COMPUTE,step0.layer11.attention,889.834262016,3.109440000,892.943702016,step0.layer11.attention,attention output projection
0,11,step0.layer11.residual1,residual,GPU_COMPUTE,step0.layer11.o_proj,892.943702016,1.012288000,893.955990016,step0.layer11.o_proj,residual add
0,11,step0.layer11.norm2,norm,GPU_COMPUTE,step0.layer11.residual1,893.955990016,1.008192000,894.964182016,step0.layer11.residual1,RMSNorm
0,11,step0.layer11.router,router,GPU_COMPUTE,step0.layer11.norm2,894.964182016,2.069888000,897.034070016,step0.layer11.norm2,MoE router
0,11,step0.layer11.metadata,metadata,GPU_COMPUTE,step0.layer11.router,897.034070016,1.000128000,898.034198016,step0.layer11.router,routing metadata
0,11,step0.layer11.dispatch,dispatch,,step0.layer11.metadata,898.034198016,0.000000000,898.034198016,step0.layer11.metadata,single-GPU dispatch placeholder
0,11,step0.layer11.scheduler,scheduler,GPU_COMPUTE,step0.layer11.metadata,898.034198016,0.000000000,898.034198016,step0.layer11.metadata,gpu-only placement policy
0,11,step0.layer11.gpu_weight_load,gpu_weight_load,HBM_MEM_PATH,step0.layer11.scheduler,898.034198016,57.802752000,955.836950016,step0.layer11.scheduler,expert weights HBM to GPU
0,11,step0.layer11.gpu_expert_compute,gpu_expert,GPU_COMPUTE,step0.layer11.gpu_weight_load;step0.layer11.dispatch,955.836950016,3.268435456,959.105385472,step0.layer11.gpu_weight_load,grouped expert GEMM
0,11,step0.layer11.pim_gwrite,pim_write,GPU_PIM_IO,step0.layer11.scheduler;step0.layer11.dispatch,898.034198016,0.000000000,898.034198016,step0.layer11.scheduler,PIM_GWRITE token operands
0,11,step0.layer11.pim_expert_compute,pim_expert,PIM_COMPUTE,step0.layer11.pim_gwrite,898.034198016,0.000000000,898.034198016,step0.layer11.pim_gwrite,serialized PIM expert GEMV
0,11,step0.layer11.pim_read,pim_read,GPU_PIM_IO,step0.layer11.pim_expert_compute,898.034198016,0.000000000,898.034198016,step0.layer11.pim_gwrite,PIM expert result read
0,11,step0.layer11.combine,combine,GPU_COMPUTE,step0.layer11.gpu_expert_compute;step0.layer11.pim_read,959.105385472,1.036864000,960.142249472,step0.layer11.gpu_expert_compute,weighted expert combine
0,11,step0.layer11.residual2,residual,GPU_COMPUTE,step0.layer11.combine,960.142249472,1.012288000,961.154537472,step0.layer11.combine,residual add
0,12,step0.layer12.norm1,norm,GPU_COMPUTE,step0.layer11.residual2,961.154537472,1.008192000,962.162729472,step0.layer11.residual2,RMSNorm
0,12,step0.layer12.qkv,qkv,GPU_COMPUTE,step0.layer12.norm1,962.162729472,3.635776000,965.798505472,step0.layer12.norm1,QKV projection
0,12,step0.layer12.rope,rope,GPU_COMPUTE,step0.layer12.qkv,965.798505472,1.018432000,966.816937472,step0.layer12.qkv,QK norm and RoPE
0,12,step0.layer12.attention,attention,GPU_COMPUTE,step0.layer12.rope,966.816937472,3.113536000,969.930473472,step0.layer12.rope,decode attention on GPU
0,12,step0.layer12.o_proj,attention_output,GPU_COMPUTE,step0.layer12.attention,969.930473472,3.109440000,973.039913472,step0.layer12.attention,attention output projection
0,12,step0.layer12.residual1,residual,GPU_COMPUTE,step0.layer12.o_proj,973.039913472,1.012288000,974.052201472,step0.layer12.o_proj,residual add
0,12,step0.layer12.norm2,norm,GPU_COMPUTE,step0.layer12.residual1,974.052201472,1.008192000,975.060393472,step0.layer12.residual1,RMSNorm
0,12,step0.layer12.router,router,GPU_COMPUTE,step0.layer12.norm2,975.060393472,2.069888000,977.130281472,step0.layer12.norm2,MoE router
0,12,step0.layer12.metadata,metadata,GPU_COMPUTE,step0.layer12.router,977.130281472,1.000128000,978.130409472,step0.layer12.router,routing metadata
0,12,step0.layer12.dispatch,dispatch,,step0.layer12.metadata,978.130409472,0.000000000,978.130409472,step0.layer12.metadata,single-GPU dispatch placeholder
0,12,step0.layer12.scheduler,scheduler,GPU_COMPUTE,step0.layer12.metadata,978.130409472,0.000000000,978.130409472,step0.layer12.metadata,gpu-only placement policy
0,12,step0.layer12.gpu_weight_load,gpu_weight_load,HBM_MEM_PATH,step0.layer12.scheduler,978.130409472,57.802752000,1035.933161472,step0.layer12.scheduler,expert weights HBM to GPU
0,12,step0.layer12.gpu_expert_compute,gpu_expert,GPU_COMPUTE,step0.layer12.gpu_weight_load;step0.layer12.dispatch,1035.933161472,3.268435456,1039.201596928,step0.layer12.gpu_weight_load,grouped expert GEMM
0,12,step0.layer12.pim_gwrite,pim_write,GPU_PIM_IO,step0.layer12.scheduler;step0.layer12.dispatch,978.130409472,0.000000000,978.130409472,step0.layer12.scheduler,PIM_GWRITE token operands
0,12,step0.layer12.pim_expert_compute,pim_expert,PIM_COMPUTE,step0.layer12.pim_gwrite,978.130409472,0.000000000,978.130409472,step0.layer12.pim_gwrite,serialized PIM expert GEMV
0,12,step0.layer12.pim_read,pim_read,GPU_PIM_IO,step0.layer12.pim_expert_compute,978.130409472,0.000000000,978.130409472,step0.layer12.pim_gwrite,PIM expert result read
0,12,step0.layer12.combine,combine,GPU_COMPUTE,step0.layer12.gpu_expert_compute;step0.layer12.pim_read,1039.201596928,1.036864000,1040.238460928,step0.layer12.gpu_expert_compute,weighted expert combine
0,12,step0.layer12.residual2,residual,GPU_COMPUTE,step0.layer12.combine,1040.238460928,1.012288000,1041.250748928,step0.layer12.combine,residual add
0,13,step0.layer13.norm1,norm,GPU_COMPUTE,step0.layer12.residual2,1041.250748928,1.008192000,1042.258940928,step0.layer12.residual2,RMSNorm
0,13,step0.layer13.qkv,qkv,GPU_COMPUTE,step0.layer13.norm1,1042.258940928,3.635776000,1045.894716928,step0.layer13.norm1,QKV projection
0,13,step0.layer13.rope,rope,GPU_COMPUTE,step0.layer13.qkv,1045.894716928,1.018432000,1046.913148928,step0.layer13.qkv,QK norm and RoPE
0,13,step0.layer13.attention,attention,GPU_COMPUTE,step0.layer13.rope,1046.913148928,3.113536000,1050.026684928,step0.layer13.rope,decode attention on GPU
0,13,step0.layer13.o_proj,attention_output,GPU_COMPUTE,step0.layer13.attention,1050.026684928,3.109440000,1053.136124928,step0.layer13.attention,attention output projection
0,13,step0.layer13.residual1,residual,GPU_COMPUTE,step0.layer13.o_proj,1053.136124928,1.012288000,1054.148412928,step0.layer13.o_proj,residual add
0,13,step0.layer13.norm2,norm,GPU_COMPUTE,step0.layer13.residual1,1054.148412928,1.008192000,1055.156604928,step0.layer13.residual1,RMSNorm
0,13,step0.layer13.router,router,GPU_COMPUTE,step0.layer13.norm2,1055.156604928,2.069888000,1057.226492928,step0.layer13.norm2,MoE router
0,13,step0.layer13.metadata,metadata,GPU_COMPUTE,step0.layer13.router,1057.226492928,1.000128000,1058.226620928,step0.layer13.router,routing metadata
0,13,step0.layer13.dispatch,dispatch,,step0.layer13.metadata,1058.226620928,0.000000000,1058.226620928,step0.layer13.metadata,single-GPU dispatch placeholder
0,13,step0.layer13.scheduler,scheduler,GPU_COMPUTE,step0.layer13.metadata,1058.226620928,0.000000000,1058.226620928,step0.layer13.metadata,gpu-only placement policy
0,13,step0.layer13.gpu_weight_load,gpu_weight_load,HBM_MEM_PATH,step0.layer13.scheduler,1058.226620928,57.802752000,1116.029372928,step0.layer13.scheduler,expert weights HBM to GPU
0,13,step0.layer13.gpu_expert_compute,gpu_expert,GPU_COMPUTE,step0.layer13.gpu_weight_load;step0.layer13.dispatch,1116.029372928,3.268435456,1119.297808384,step0.layer13.gpu_weight_load,grouped expert GEMM
0,13,step0.layer13.pim_gwrite,pim_write,GPU_PIM_IO,step0.layer13.scheduler;step0.layer13.dispatch,1058.226620928,0.000000000,1058.226620928,step0.layer13.scheduler,PIM_GWRITE token operands
0,13,step0.layer13.pim_expert_compute,pim_expert,PIM_COMPUTE,step0.layer13.pim_gwrite,1058.226620928,0.000000000,1058.226620928,step0.layer13.pim_gwrite,serialized PIM expert GEMV
0,13,step0.layer13.pim_read,pim_read,GPU_PIM_IO,step0.layer13.pim_expert_compute,1058.226620928,0.000000000,1058.226620928,step0.layer13.pim_gwrite,PIM expert result read
0,13,step0.layer13.combine,combine,GPU_COMPUTE,step0.layer13.gpu_expert_compute;step0.layer13.pim_read,1119.297808384,1.036864000,1120.334672384,step0.layer13.gpu_expert_compute,weighted expert combine
0,13,step0.layer13.residual2,residual,GPU_COMPUTE,step0.layer13.combine,1120.334672384,1.012288000,1121.346960384,step0.layer13.combine,residual add
0,14,step0.layer14.norm1,norm,GPU_COMPUTE,step0.layer13.residual2,1121.346960384,1.008192000,1122.355152384,step0.layer13.residual2,RMSNorm
0,14,step0.layer14.qkv,qkv,GPU_COMPUTE,step0.layer14.norm1,1122.355152384,3.635776000,1125.990928384,step0.layer14.norm1,QKV projection
0,14,step0.layer14.rope,rope,GPU_COMPUTE,step0.layer14.qkv,1125.990928384,1.018432000,1127.009360384,step0.layer14.qkv,QK norm and RoPE
0,14,step0.layer14.attention,attention,GPU_COMPUTE,step0.layer14.rope,1127.009360384,3.113536000,1130.122896384,step0.layer14.rope,decode attention on GPU
0,14,step0.layer14.o_proj,attention_output,GPU_COMPUTE,step0.layer14.attention,1130.122896384,3.109440000,1133.232336384,step0.layer14.attention,attention output projection
0,14,step0.layer14.residual1,residual,GPU_COMPUTE,step0.layer14.o_proj,1133.232336384,1.012288000,1134.244624384,step0.layer14.o_proj,residual add
0,14,step0.layer14.norm2,norm,GPU_COMPUTE,step0.layer14.residual1,1134.244624384,1.008192000,1135.252816384,step0.layer14.residual1,RMSNorm
0,14,step0.layer14.router,router,GPU_COMPUTE,step0.layer14.norm2,1135.252816384,2.069888000,1137.322704384,step0.layer14.norm2,MoE router
0,14,step0.layer14.metadata,metadata,GPU_COMPUTE,step0.layer14.router,1137.322704384,1.000128000,1138.322832384,step0.layer14.router,routing metadata
0,14,step0.layer14.dispatch,dispatch,,step0.layer14.metadata,1138.322832384,0.000000000,1138.322832384,step0.layer14.metadata,single-GPU dispatch placeholder
0,14,step0.layer14.scheduler,scheduler,GPU_COMPUTE,step0.layer14.metadata,1138.322832384,0.000000000,1138.322832384,step0.layer14.metadata,gpu-only placement policy
0,14,step0.layer14.gpu_weight_load,gpu_weight_load,HBM_MEM_PATH,step0.layer14.scheduler,1138.322832384,57.802752000,1196.125584384,step0.layer14.scheduler,expert weights HBM to GPU
0,14,step0.layer14.gpu_expert_compute,gpu_expert,GPU_COMPUTE,step0.layer14.gpu_weight_load;step0.layer14.dispatch,1196.125584384,3.268435456,1199.394019840,step0.layer14.gpu_weight_load,grouped expert GEMM
0,14,step0.layer14.pim_gwrite,pim_write,GPU_PIM_IO,step0.layer14.scheduler;step0.layer14.dispatch,1138.322832384,0.000000000,1138.322832384,step0.layer14.scheduler,PIM_GWRITE token operands
0,14,step0.layer14.pim_expert_compute,pim_expert,PIM_COMPUTE,step0.layer14.pim_gwrite,1138.322832384,0.000000000,1138.322832384,step0.layer14.pim_gwrite,serialized PIM expert GEMV
0,14,step0.layer14.pim_read,pim_read,GPU_PIM_IO,step0.layer14.pim_expert_compute,1138.322832384,0.000000000,1138.322832384,step0.layer14.pim_gwrite,PIM expert result read
0,14,step0.layer14.combine,combine,GPU_COMPUTE,step0.layer14.gpu_expert_compute;step0.layer14.pim_read,1199.394019840,1.036864000,1200.430883840,step0.layer14.gpu_expert_compute,weighted expert combine
0,14,step0.layer14.residual2,residual,GPU_COMPUTE,step0.layer14.combine,1200.430883840,1.012288000,1201.443171840,step0.layer14.combine,residual add
0,15,step0.layer15.norm1,norm,GPU_COMPUTE,step0.layer14.residual2,1201.443171840,1.008192000,1202.451363840,step0.layer14.residual2,RMSNorm
0,15,step0.layer15.qkv,qkv,GPU_COMPUTE,step0.layer15.norm1,1202.451363840,3.635776000,1206.087139840,step0.layer15.norm1,QKV projection
0,15,step0.layer15.rope,rope,GPU_COMPUTE,step0.layer15.qkv,1206.087139840,1.018432000,1207.105571840,step0.layer15.qkv,QK norm and RoPE
0,15,step0.layer15.attention,attention,GPU_COMPUTE,step0.layer15.rope,1207.105571840,3.113536000,1210.219107840,step0.layer15.rope,decode attention on GPU
0,15,step0.layer15.o_proj,attention_output,GPU_COMPUTE,step0.layer15.attention,1210.219107840,3.109440000,1213.328547840,step0.layer15.attention,attention output projection
0,15,step0.layer15.residual1,residual,GPU_COMPUTE,step0.layer15.o_proj,1213.328547840,1.012288000,1214.340835840,step0.layer15.o_proj,residual add
0,15,step0.layer15.norm2,norm,GPU_COMPUTE,step0.layer15.residual1,1214.340835840,1.008192000,1215.349027840,step0.layer15.residual1,RMSNorm
0,15,step0.layer15.router,router,GPU_COMPUTE,step0.layer15.norm2,1215.349027840,2.069888000,1217.418915840,step0.layer15.norm2,MoE router
0,15,step0.layer15.metadata,metadata,GPU_COMPUTE,step0.layer15.router,1217.418915840,1.000128000,1218.419043840,step0.layer15.router,routing metadata
0,15,step0.layer15.dispatch,dispatch,,step0.layer15.metadata,1218.419043840,0.000000000,1218.419043840,step0.layer15.metadata,single-GPU dispatch placeholder
0,15,step0.layer15.scheduler,scheduler,GPU_COMPUTE,step0.layer15.metadata,1218.419043840,0.000000000,1218.419043840,step0.layer15.metadata,gpu-only placement policy
0,15,step0.layer15.gpu_weight_load,gpu_weight_load,HBM_MEM_PATH,step0.layer15.scheduler,1218.419043840,57.802752000,1276.221795840,step0.layer15.scheduler,expert weights HBM to GPU
0,15,step0.layer15.gpu_expert_compute,gpu_expert,GPU_COMPUTE,step0.layer15.gpu_weight_load;step0.layer15.dispatch,1276.221795840,3.268435456,1279.490231296,step0.layer15.gpu_weight_load,grouped expert GEMM
0,15,step0.layer15.pim_gwrite,pim_write,GPU_PIM_IO,step0.layer15.scheduler;step0.layer15.dispatch,1218.419043840,0.000000000,1218.419043840,step0.layer15.scheduler,PIM_GWRITE token operands
0,15,step0.layer15.pim_expert_compute,pim_expert,PIM_COMPUTE,step0.layer15.pim_gwrite,1218.419043840,0.000000000,1218.419043840,step0.layer15.pim_gwrite,serialized PIM expert GEMV
0,15,step0.layer15.pim_read,pim_read,GPU_PIM_IO,step0.layer15.pim_expert_compute,1218.419043840,0.000000000,1218.419043840,step0.layer15.pim_gwrite,PIM expert result read
0,15,step0.layer15.combine,combine,GPU_COMPUTE,step0.layer15.gpu_expert_compute;step0.layer15.pim_read,1279.490231296,1.036864000,1280.527095296,step0.layer15.gpu_expert_compute,weighted expert combine
0,15,step0.layer15.residual2,residual,GPU_COMPUTE,step0.layer15.combine,1280.527095296,1.012288000,1281.539383296,step0.layer15.combine,residual add
0,16,step0.layer16.norm1,norm,GPU_COMPUTE,step0.layer15.residual2,1281.539383296,1.008192000,1282.547575296,step0.layer15.residual2,RMSNorm
0,16,step0.layer16.qkv,qkv,GPU_COMPUTE,step0.layer16.norm1,1282.547575296,3.635776000,1286.183351296,step0.layer16.norm1,QKV projection
0,16,step0.layer16.rope,rope,GPU_COMPUTE,step0.layer16.qkv,1286.183351296,1.018432000,1287.201783296,step0.layer16.qkv,QK norm and RoPE
0,16,step0.layer16.attention,attention,GPU_COMPUTE,step0.layer16.rope,1287.201783296,3.113536000,1290.315319296,step0.layer16.rope,decode attention on GPU
0,16,step0.layer16.o_proj,attention_output,GPU_COMPUTE,step0.layer16.attention,1290.315319296,3.109440000,1293.424759296,step0.layer16.attention,attention output projection
0,16,step0.layer16.residual1,residual,GPU_COMPUTE,step0.layer16.o_proj,1293.424759296,1.012288000,1294.437047296,step0.layer16.o_proj,residual add
0,16,step0.layer16.norm2,norm,GPU_COMPUTE,step0.layer16.residual1,1294.437047296,1.008192000,1295.445239296,step0.layer16.residual1,RMSNorm
0,16,step0.layer16.router,router,GPU_COMPUTE,step0.layer16.norm2,1295.445239296,2.069888000,1297.515127296,step0.layer16.norm2,MoE router
0,16,step0.layer16.metadata,metadata,GPU_COMPUTE,step0.layer16.router,1297.515127296,1.000128000,1298.515255296,step0.layer16.router,routing metadata
0,16,step0.layer16.dispatch,dispatch,,step0.layer16.metadata,1298.515255296,0.000000000,1298.515255296,step0.layer16.metadata,single-GPU dispatch placeholder
0,16,step0.layer16.scheduler,scheduler,GPU_COMPUTE,step0.layer16.metadata,1298.515255296,0.000000000,1298.515255296,step0.layer16.metadata,gpu-only placement policy
0,16,step0.layer16.gpu_weight_load,gpu_weight_load,HBM_MEM_PATH,step0.layer16.scheduler,1298.515255296,57.802752000,1356.318007296,step0.layer16.scheduler,expert weights HBM to GPU
0,16,step0.layer16.gpu_expert_compute,gpu_expert,GPU_COMPUTE,step0.layer16.gpu_weight_load;step0.layer16.dispatch,1356.318007296,3.268435456,1359.586442752,step0.layer16.gpu_weight_load,grouped expert GEMM
0,16,step0.layer16.pim_gwrite,pim_write,GPU_PIM_IO,step0.layer16.scheduler;step0.layer16.dispatch,1298.515255296,0.000000000,1298.515255296,step0.layer16.scheduler,PIM_GWRITE token operands
0,16,step0.layer16.pim_expert_compute,pim_expert,PIM_COMPUTE,step0.layer16.pim_gwrite,1298.515255296,0.000000000,1298.515255296,step0.layer16.pim_gwrite,serialized PIM expert GEMV
0,16,step0.layer16.pim_read,pim_read,GPU_PIM_IO,step0.layer16.pim_expert_compute,1298.515255296,0.000000000,1298.515255296,step0.layer16.pim_gwrite,PIM expert result read
0,16,step0.layer16.combine,combine,GPU_COMPUTE,step0.layer16.gpu_expert_compute;step0.layer16.pim_read,1359.586442752,1.036864000,1360.623306752,step0.layer16.gpu_expert_compute,weighted expert combine
0,16,step0.layer16.residual2,residual,GPU_COMPUTE,step0.layer16.combine,1360.623306752,1.012288000,1361.635594752,step0.layer16.combine,residual add
0,17,step0.layer17.norm1,norm,GPU_COMPUTE,step0.layer16.residual2,1361.635594752,1.008192000,1362.643786752,step0.layer16.residual2,RMSNorm
0,17,step0.layer17.qkv,qkv,GPU_COMPUTE,step0.layer17.norm1,1362.643786752,3.635776000,1366.279562752,step0.layer17.norm1,QKV projection
0,17,step0.layer17.rope,rope,GPU_COMPUTE,step0.layer17.qkv,1366.279562752,1.018432000,1367.297994752,step0.layer17.qkv,QK norm and RoPE
0,17,step0.layer17.attention,attention,GPU_COMPUTE,step0.layer17.rope,1367.297994752,3.113536000,1370.411530752,step0.layer17.rope,decode attention on GPU
0,17,step0.layer17.o_proj,attention_output,GPU_COMPUTE,step0.layer17.attention,1370.411530752,3.109440000,1373.520970752,step0.layer17.attention,attention output projection
0,17,step0.layer17.residual1,residual,GPU_COMPUTE,step0.layer17.o_proj,1373.520970752,1.012288000,1374.533258752,step0.layer17.o_proj,residual add
0,17,step0.layer17.norm2,norm,GPU_COMPUTE,step0.layer17.residual1,1374.533258752,1.008192000,1375.541450752,step0.layer17.residual1,RMSNorm
0,17,step0.layer17.router,router,GPU_COMPUTE,step0.layer17.norm2,1375.541450752,2.069888000,1377.611338752,step0.layer17.norm2,MoE router
0,17,step0.layer17.metadata,metadata,GPU_COMPUTE,step0.layer17.router,1377.611338752,1.000128000,1378.611466752,step0.layer17.router,routing metadata
0,17,step0.layer17.dispatch,dispatch,,step0.layer17.metadata,1378.611466752,0.000000000,1378.611466752,step0.layer17.metadata,single-GPU dispatch placeholder
0,17,step0.layer17.scheduler,scheduler,GPU_COMPUTE,step0.layer17.metadata,1378.611466752,0.000000000,1378.611466752,step0.layer17.metadata,gpu-only placement policy
0,17,step0.layer17.gpu_weight_load,gpu_weight_load,HBM_MEM_PATH,step0.layer17.scheduler,1378.611466752,57.802752000,1436.414218752,step0.layer17.scheduler,expert weights HBM to GPU
0,17,step0.layer17.gpu_expert_compute,gpu_expert,GPU_COMPUTE,step0.layer17.gpu_weight_load;step0.layer17.dispatch,1436.414218752,3.268435456,1439.682654208,step0.layer17.gpu_weight_load,grouped expert GEMM
0,17,step0.layer17.pim_gwrite,pim_write,GPU_PIM_IO,step0.layer17.scheduler;step0.layer17.dispatch,1378.611466752,0.000000000,1378.611466752,step0.layer17.scheduler,PIM_GWRITE token operands
0,17,step0.layer17.pim_expert_compute,pim_expert,PIM_COMPUTE,step0.layer17.pim_gwrite,1378.611466752,0.000000000,1378.611466752,step0.layer17.pim_gwrite,serialized PIM expert GEMV
0,17,step0.layer17.pim_read,pim_read,GPU_PIM_IO,step0.layer17.pim_expert_compute,1378.611466752,0.000000000,1378.611466752,step0.layer17.pim_gwrite,PIM expert result read
0,17,step0.layer17.combine,combine,GPU_COMPUTE,step0.layer17.gpu_expert_compute;step0.layer17.pim_read,1439.682654208,1.036864000,1440.719518208,step0.layer17.gpu_expert_compute,weighted expert combine
0,17,step0.layer17.residual2,residual,GPU_COMPUTE,step0.layer17.combine,1440.719518208,1.012288000,1441.731806208,step0.layer17.combine,residual add
0,18,step0.layer18.norm1,norm,GPU_COMPUTE,step0.layer17.residual2,1441.731806208,1.008192000,1442.739998208,step0.layer17.residual2,RMSNorm
0,18,step0.layer18.qkv,qkv,GPU_COMPUTE,step0.layer18.norm1,1442.739998208,3.635776000,1446.375774208,step0.layer18.norm1,QKV projection
0,18,step0.layer18.rope,rope,GPU_COMPUTE,step0.layer18.qkv,1446.375774208,1.018432000,1447.394206208,step0.layer18.qkv,QK norm and RoPE
0,18,step0.layer18.attention,attention,GPU_COMPUTE,step0.layer18.rope,1447.394206208,3.113536000,1450.507742208,step0.layer18.rope,decode attention on GPU
0,18,step0.layer18.o_proj,attention_output,GPU_COMPUTE,step0.layer18.attention,1450.507742208,3.109440000,1453.617182208,step0.layer18.attention,attention output projection
0,18,step0.layer18.residual1,residual,GPU_COMPUTE,step0.layer18.o_proj,1453.617182208,1.012288000,1454.629470208,step0.layer18.o_proj,residual add
0,18,step0.layer18.norm2,norm,GPU_COMPUTE,step0.layer18.residual1,1454.629470208,1.008192000,1455.637662208,step0.layer18.residual1,RMSNorm
0,18,step0.layer18.router,router,GPU_COMPUTE,step0.layer18.norm2,1455.637662208,2.069888000,1457.707550208,step0.layer18.norm2,MoE router
0,18,step0.layer18.metadata,metadata,GPU_COMPUTE,step0.layer18.router,1457.707550208,1.000128000,1458.707678208,step0.layer18.router,routing metadata
0,18,step0.layer18.dispatch,dispatch,,step0.layer18.metadata,1458.707678208,0.000000000,1458.707678208,step0.layer18.metadata,single-GPU dispatch placeholder
0,18,step0.layer18.scheduler,scheduler,GPU_COMPUTE,step0.layer18.metadata,1458.707678208,0.000000000,1458.707678208,step0.layer18.metadata,gpu-only placement policy
0,18,step0.layer18.gpu_weight_load,gpu_weight_load,HBM_MEM_PATH,step0.layer18.scheduler,1458.707678208,57.802752000,1516.510430208,step0.layer18.scheduler,expert weights HBM to GPU
0,18,step0.layer18.gpu_expert_compute,gpu_expert,GPU_COMPUTE,step0.layer18.gpu_weight_load;step0.layer18.dispatch,1516.510430208,3.268435456,1519.778865664,step0.layer18.gpu_weight_load,grouped expert GEMM
0,18,step0.layer18.pim_gwrite,pim_write,GPU_PIM_IO,step0.layer18.scheduler;step0.layer18.dispatch,1458.707678208,0.000000000,1458.707678208,step0.layer18.scheduler,PIM_GWRITE token operands
0,18,step0.layer18.pim_expert_compute,pim_expert,PIM_COMPUTE,step0.layer18.pim_gwrite,1458.707678208,0.000000000,1458.707678208,step0.layer18.pim_gwrite,serialized PIM expert GEMV
0,18,step0.layer18.pim_read,pim_read,GPU_PIM_IO,step0.layer18.pim_expert_compute,1458.707678208,0.000000000,1458.707678208,step0.layer18.pim_gwrite,PIM expert result read
0,18,step0.layer18.combine,combine,GPU_COMPUTE,step0.layer18.gpu_expert_compute;step0.layer18.pim_read,1519.778865664,1.036864000,1520.815729664,step0.layer18.gpu_expert_compute,weighted expert combine
0,18,step0.layer18.residual2,residual,GPU_COMPUTE,step0.layer18.combine,1520.815729664,1.012288000,1521.828017664,step0.layer18.combine,residual add
0,19,step0.layer19.norm1,norm,GPU_COMPUTE,step0.layer18.residual2,1521.828017664,1.008192000,1522.836209664,step0.layer18.residual2,RMSNorm
0,19,step0.layer19.qkv,qkv,GPU_COMPUTE,step0.layer19.norm1,1522.836209664,3.635776000,1526.471985664,step0.layer19.norm1,QKV projection
0,19,step0.layer19.rope,rope,GPU_COMPUTE,step0.layer19.qkv,1526.471985664,1.018432000,1527.490417664,step0.layer19.qkv,QK norm and RoPE
0,19,step0.layer19.attention,attention,GPU_COMPUTE,step0.layer19.rope,1527.490417664,3.113536000,1530.603953664,step0.layer19.rope,decode attention on GPU
0,19,step0.layer19.o_proj,attention_output,GPU_COMPUTE,step0.layer19.attention,1530.603953664,3.109440000,1533.713393664,step0.layer19.attention,attention output projection
0,19,step0.layer19.residual1,residual,GPU_COMPUTE,step0.layer19.o_proj,1533.713393664,1.012288000,1534.725681664,step0.layer19.o_proj,residual add
0,19,step0.layer19.norm2,norm,GPU_COMPUTE,step0.layer19.residual1,1534.725681664,1.008192000,1535.733873664,step0.layer19.residual1,RMSNorm
0,19,step0.layer19.router,router,GPU_COMPUTE,step0.layer19.norm2,1535.733873664,2.069888000,1537.803761664,step0.layer19.norm2,MoE router
0,19,step0.layer19.metadata,metadata,GPU_COMPUTE,step0.layer19.router,1537.803761664,1.000128000,1538.803889664,step0.layer19.router,routing metadata
0,19,step0.layer19.dispatch,dispatch,,step0.layer19.metadata,1538.803889664,0.000000000,1538.803889664,step0.layer19.metadata,single-GPU dispatch placeholder
0,19,step0.layer19.scheduler,scheduler,GPU_COMPUTE,step0.layer19.metadata,1538.803889664,0.000000000,1538.803889664,step0.layer19.metadata,gpu-only placement policy
0,19,step0.layer19.gpu_weight_load,gpu_weight_load,HBM_MEM_PATH,step0.layer19.scheduler,1538.803889664,57.802752000,1596.606641664,step0.layer19.scheduler,expert weights HBM to GPU
0,19,step0.layer19.gpu_expert_compute,gpu_expert,GPU_COMPUTE,step0.layer19.gpu_weight_load;step0.layer19.dispatch,1596.606641664,3.268435456,1599.875077120,step0.layer19.gpu_weight_load,grouped expert GEMM
0,19,step0.layer19.pim_gwrite,pim_write,GPU_PIM_IO,step0.layer19.scheduler;step0.layer19.dispatch,1538.803889664,0.000000000,1538.803889664,step0.layer19.scheduler,PIM_GWRITE token operands
0,19,step0.layer19.pim_expert_compute,pim_expert,PIM_COMPUTE,step0.layer19.pim_gwrite,1538.803889664,0.000000000,1538.803889664,step0.layer19.pim_gwrite,serialized PIM expert GEMV
0,19,step0.layer19.pim_read,pim_read,GPU_PIM_IO,step0.layer19.pim_expert_compute,1538.803889664,0.000000000,1538.803889664,step0.layer19.pim_gwrite,PIM expert result read
0,19,step0.layer19.combine,combine,GPU_COMPUTE,step0.layer19.gpu_expert_compute;step0.layer19.pim_read,1599.875077120,1.036864000,1600.911941120,step0.layer19.gpu_expert_compute,weighted expert combine
0,19,step0.layer19.residual2,residual,GPU_COMPUTE,step0.layer19.combine,1600.911941120,1.012288000,1601.924229120,step0.layer19.combine,residual add
0,20,step0.layer20.norm1,norm,GPU_COMPUTE,step0.layer19.residual2,1601.924229120,1.008192000,1602.932421120,step0.layer19.residual2,RMSNorm
0,20,step0.layer20.qkv,qkv,GPU_COMPUTE,step0.layer20.norm1,1602.932421120,3.635776000,1606.568197120,step0.layer20.norm1,QKV projection
0,20,step0.layer20.rope,rope,GPU_COMPUTE,step0.layer20.qkv,1606.568197120,1.018432000,1607.586629120,step0.layer20.qkv,QK norm and RoPE
0,20,step0.layer20.attention,attention,GPU_COMPUTE,step0.layer20.rope,1607.586629120,3.113536000,1610.700165120,step0.layer20.rope,decode attention on GPU
0,20,step0.layer20.o_proj,attention_output,GPU_COMPUTE,step0.layer20.attention,1610.700165120,3.109440000,1613.809605120,step0.layer20.attention,attention output projection
0,20,step0.layer20.residual1,residual,GPU_COMPUTE,step0.layer20.o_proj,1613.809605120,1.012288000,1614.821893120,step0.layer20.o_proj,residual add
0,20,step0.layer20.norm2,norm,GPU_COMPUTE,step0.layer20.residual1,1614.821893120,1.008192000,1615.830085120,step0.layer20.residual1,RMSNorm
0,20,step0.layer20.router,router,GPU_COMPUTE,step0.layer20.norm2,1615.830085120,2.069888000,1617.899973120,step0.layer20.norm2,MoE router
0,20,step0.layer20.metadata,metadata,GPU_COMPUTE,step0.layer20.router,1617.899973120,1.000128000,1618.900101120,step0.layer20.router,routing metadata
0,20,step0.layer20.dispatch,dispatch,,step0.layer20.metadata,1618.900101120,0.000000000,1618.900101120,step0.layer20.metadata,single-GPU dispatch placeholder
0,20,step0.layer20.scheduler,scheduler,GPU_COMPUTE,step0.layer20.metadata,1618.900101120,0.000000000,1618.900101120,step0.layer20.metadata,gpu-only placement policy
0,20,step0.layer20.gpu_weight_load,gpu_weight_load,HBM_MEM_PATH,step0.layer20.scheduler,1618.900101120,57.802752000,1676.702853120,step0.layer20.scheduler,expert weights HBM to GPU
0,20,step0.layer20.gpu_expert_compute,gpu_expert,GPU_COMPUTE,step0.layer20.gpu_weight_load;step0.layer20.dispatch,1676.702853120,3.268435456,1679.971288576,step0.layer20.gpu_weight_load,grouped expert GEMM
0,20,step0.layer20.pim_gwrite,pim_write,GPU_PIM_IO,step0.layer20.scheduler;step0.layer20.dispatch,1618.900101120,0.000000000,1618.900101120,step0.layer20.scheduler,PIM_GWRITE token operands
0,20,step0.layer20.pim_expert_compute,pim_expert,PIM_COMPUTE,step0.layer20.pim_gwrite,1618.900101120,0.000000000,1618.900101120,step0.layer20.pim_gwrite,serialized PIM expert GEMV
0,20,step0.layer20.pim_read,pim_read,GPU_PIM_IO,step0.layer20.pim_expert_compute,1618.900101120,0.000000000,1618.900101120,step0.layer20.pim_gwrite,PIM expert result read
0,20,step0.layer20.combine,combine,GPU_COMPUTE,step0.layer20.gpu_expert_compute;step0.layer20.pim_read,1679.971288576,1.036864000,1681.008152576,step0.layer20.gpu_expert_compute,weighted expert combine
0,20,step0.layer20.residual2,residual,GPU_COMPUTE,step0.layer20.combine,1681.008152576,1.012288000,1682.020440576,step0.layer20.combine,residual add
0,21,step0.layer21.norm1,norm,GPU_COMPUTE,step0.layer20.residual2,1682.020440576,1.008192000,1683.028632576,step0.layer20.residual2,RMSNorm
0,21,step0.layer21.qkv,qkv,GPU_COMPUTE,step0.layer21.norm1,1683.028632576,3.635776000,1686.664408576,step0.layer21.norm1,QKV projection
0,21,step0.layer21.rope,rope,GPU_COMPUTE,step0.layer21.qkv,1686.664408576,1.018432000,1687.682840576,step0.layer21.qkv,QK norm and RoPE
0,21,step0.layer21.attention,attention,GPU_COMPUTE,step0.layer21.rope,1687.682840576,3.113536000,1690.796376576,step0.layer21.rope,decode attention on GPU
0,21,step0.layer21.o_proj,attention_output,GPU_COMPUTE,step0.layer21.attention,1690.796376576,3.109440000,1693.905816576,step0.layer21.attention,attention output projection
0,21,step0.layer21.residual1,residual,GPU_COMPUTE,step0.layer21.o_proj,1693.905816576,1.012288000,1694.918104576,step0.layer21.o_proj,residual add
0,21,step0.layer21.norm2,norm,GPU_COMPUTE,step0.layer21.residual1,1694.918104576,1.008192000,1695.926296576,step0.layer21.residual1,RMSNorm
0,21,step0.layer21.router,router,GPU_COMPUTE,step0.layer21.norm2,1695.926296576,2.069888000,1697.996184576,step0.layer21.norm2,MoE router
0,21,step0.layer21.metadata,metadata,GPU_COMPUTE,step0.layer21.router,1697.996184576,1.000128000,1698.996312576,step0.layer21.router,routing metadata
0,21,step0.layer21.dispatch,dispatch,,step0.layer21.metadata,1698.996312576,0.000000000,1698.996312576,step0.layer21.metadata,single-GPU dispatch placeholder
0,21,step0.layer21.scheduler,scheduler,GPU_COMPUTE,step0.layer21.metadata,1698.996312576,0.000000000,1698.996312576,step0.layer21.metadata,gpu-only placement policy
0,21,step0.layer21.gpu_weight_load,gpu_weight_load,HBM_MEM_PATH,step0.layer21.scheduler,1698.996312576,57.802752000,1756.799064576,step0.layer21.scheduler,expert weights HBM to GPU
0,21,step0.layer21.gpu_expert_compute,gpu_expert,GPU_COMPUTE,step0.layer21.gpu_weight_load;step0.layer21.dispatch,1756.799064576,3.268435456,1760.067500032,step0.layer21.gpu_weight_load,grouped expert GEMM
0,21,step0.layer21.pim_gwrite,pim_write,GPU_PIM_IO,step0.layer21.scheduler;step0.layer21.dispatch,1698.996312576,0.000000000,1698.996312576,step0.layer21.scheduler,PIM_GWRITE token operands
0,21,step0.layer21.pim_expert_compute,pim_expert,PIM_COMPUTE,step0.layer21.pim_gwrite,1698.996312576,0.000000000,1698.996312576,step0.layer21.pim_gwrite,serialized PIM expert GEMV
0,21,step0.layer21.pim_read,pim_read,GPU_PIM_IO,step0.layer21.pim_expert_compute,1698.996312576,0.000000000,1698.996312576,step0.layer21.pim_gwrite,PIM expert result read
0,21,step0.layer21.combine,combine,GPU_COMPUTE,step0.layer21.gpu_expert_compute;step0.layer21.pim_read,1760.067500032,1.036864000,1761.104364032,step0.layer21.gpu_expert_compute,weighted expert combine
0,21,step0.layer21.residual2,residual,GPU_COMPUTE,step0.layer21.combine,1761.104364032,1.012288000,1762.116652032,step0.layer21.combine,residual add
0,22,step0.layer22.norm1,norm,GPU_COMPUTE,step0.layer21.residual2,1762.116652032,1.008192000,1763.124844032,step0.layer21.residual2,RMSNorm
0,22,step0.layer22.qkv,qkv,GPU_COMPUTE,step0.layer22.norm1,1763.124844032,3.635776000,1766.760620032,step0.layer22.norm1,QKV projection
0,22,step0.layer22.rope,rope,GPU_COMPUTE,step0.layer22.qkv,1766.760620032,1.018432000,1767.779052032,step0.layer22.qkv,QK norm and RoPE
0,22,step0.layer22.attention,attention,GPU_COMPUTE,step0.layer22.rope,1767.779052032,3.113536000,1770.892588032,step0.layer22.rope,decode attention on GPU
0,22,step0.layer22.o_proj,attention_output,GPU_COMPUTE,step0.layer22.attention,1770.892588032,3.109440000,1774.002028032,step0.layer22.attention,attention output projection
0,22,step0.layer22.residual1,residual,GPU_COMPUTE,step0.layer22.o_proj,1774.002028032,1.012288000,1775.014316032,step0.layer22.o_proj,residual add
0,22,step0.layer22.norm2,norm,GPU_COMPUTE,step0.layer22.residual1,1775.014316032,1.008192000,1776.022508032,step0.layer22.residual1,RMSNorm
0,22,step0.layer22.router,router,GPU_COMPUTE,step0.layer22.norm2,1776.022508032,2.069888000,1778.092396032,step0.layer22.norm2,MoE router
0,22,step0.layer22.metadata,metadata,GPU_COMPUTE,step0.layer22.router,1778.092396032,1.000128000,1779.092524032,step0.layer22.router,routing metadata
0,22,step0.layer22.dispatch,dispatch,,step0.layer22.metadata,1779.092524032,0.000000000,1779.092524032,step0.layer22.metadata,single-GPU dispatch placeholder
0,22,step0.layer22.scheduler,scheduler,GPU_COMPUTE,step0.layer22.metadata,1779.092524032,0.000000000,1779.092524032,step0.layer22.metadata,gpu-only placement policy
0,22,step0.layer22.gpu_weight_load,gpu_weight_load,HBM_MEM_PATH,step0.layer22.scheduler,1779.092524032,57.802752000,1836.895276032,step0.layer22.scheduler,expert weights HBM to GPU
0,22,step0.layer22.gpu_expert_compute,gpu_expert,GPU_COMPUTE,step0.layer22.gpu_weight_load;step0.layer22.dispatch,1836.895276032,3.268435456,1840.163711488,step0.layer22.gpu_weight_load,grouped expert GEMM
0,22,step0.layer22.pim_gwrite,pim_write,GPU_PIM_IO,step0.layer22.scheduler;step0.layer22.dispatch,1779.092524032,0.000000000,1779.092524032,step0.layer22.scheduler,PIM_GWRITE token operands
0,22,step0.layer22.pim_expert_compute,pim_expert,PIM_COMPUTE,step0.layer22.pim_gwrite,1779.092524032,0.000000000,1779.092524032,step0.layer22.pim_gwrite,serialized PIM expert GEMV
0,22,step0.layer22.pim_read,pim_read,GPU_PIM_IO,step0.layer22.pim_expert_compute,1779.092524032,0.000000000,1779.092524032,step0.layer22.pim_gwrite,PIM expert result read
0,22,step0.layer22.combine,combine,GPU_COMPUTE,step0.layer22.gpu_expert_compute;step0.layer22.pim_read,1840.163711488,1.036864000,1841.200575488,step0.layer22.gpu_expert_compute,weighted expert combine
0,22,step0.layer22.residual2,residual,GPU_COMPUTE,step0.layer22.combine,1841.200575488,1.012288000,1842.212863488,step0.layer22.combine,residual add
0,23,step0.layer23.norm1,norm,GPU_COMPUTE,step0.layer22.residual2,1842.212863488,1.008192000,1843.221055488,step0.layer22.residual2,RMSNorm
0,23,step0.layer23.qkv,qkv,GPU_COMPUTE,step0.layer23.norm1,1843.221055488,3.635776000,1846.856831488,step0.layer23.norm1,QKV projection
0,23,step0.layer23.rope,rope,GPU_COMPUTE,step0.layer23.qkv,1846.856831488,1.018432000,1847.875263488,step0.layer23.qkv,QK norm and RoPE
0,23,step0.layer23.attention,attention,GPU_COMPUTE,step0.layer23.rope,1847.875263488,3.113536000,1850.988799488,step0.layer23.rope,decode attention on GPU
0,23,step0.layer23.o_proj,attention_output,GPU_COMPUTE,step0.layer23.attention,1850.988799488,3.109440000,1854.098239488,step0.layer23.attention,attention output projection
0,23,step0.layer23.residual1,residual,GPU_COMPUTE,step0.layer23.o_proj,1854.098239488,1.012288000,1855.110527488,step0.layer23.o_proj,residual add
0,23,step0.layer23.norm2,norm,GPU_COMPUTE,step0.layer23.residual1,1855.110527488,1.008192000,1856.118719488,step0.layer23.residual1,RMSNorm
0,23,step0.layer23.router,router,GPU_COMPUTE,step0.layer23.norm2,1856.118719488,2.069888000,1858.188607488,step0.layer23.norm2,MoE router
0,23,step0.layer23.metadata,metadata,GPU_COMPUTE,step0.layer23.router,1858.188607488,1.000128000,1859.188735488,step0.layer23.router,routing metadata
0,23,step0.layer23.dispatch,dispatch,,step0.layer23.metadata,1859.188735488,0.000000000,1859.188735488,step0.layer23.metadata,single-GPU dispatch placeholder
0,23,step0.layer23.scheduler,scheduler,GPU_COMPUTE,step0.layer23.metadata,1859.188735488,0.000000000,1859.188735488,step0.layer23.metadata,gpu-only placement policy
0,23,step0.layer23.gpu_weight_load,gpu_weight_load,HBM_MEM_PATH,step0.layer23.scheduler,1859.188735488,57.802752000,1916.991487488,step0.layer23.scheduler,expert weights HBM to GPU
0,23,step0.layer23.gpu_expert_compute,gpu_expert,GPU_COMPUTE,step0.layer23.gpu_weight_load;step0.layer23.dispatch,1916.991487488,3.268435456,1920.259922944,step0.layer23.gpu_weight_load,grouped expert GEMM
0,23,step0.layer23.pim_gwrite,pim_write,GPU_PIM_IO,step0.layer23.scheduler;step0.layer23.dispatch,1859.188735488,0.000000000,1859.188735488,step0.layer23.scheduler,PIM_GWRITE token operands
0,23,step0.layer23.pim_expert_compute,pim_expert,PIM_COMPUTE,step0.layer23.pim_gwrite,1859.188735488,0.000000000,1859.188735488,step0.layer23.pim_gwrite,serialized PIM expert GEMV
0,23,step0.layer23.pim_read,pim_read,GPU_PIM_IO,step0.layer23.pim_expert_compute,1859.188735488,0.000000000,1859.188735488,step0.layer23.pim_gwrite,PIM expert result read
0,23,step0.layer23.combine,combine,GPU_COMPUTE,step0.layer23.gpu_expert_compute;step0.layer23.pim_read,1920.259922944,1.036864000,1921.296786944,step0.layer23.gpu_expert_compute,weighted expert combine
0,23,step0.layer23.residual2,residual,GPU_COMPUTE,step0.layer23.combine,1921.296786944,1.012288000,1922.309074944,step0.layer23.combine,residual add
0,24,step0.layer24.norm1,norm,GPU_COMPUTE,step0.layer23.residual2,1922.309074944,1.008192000,1923.317266944,step0.layer23.residual2,RMSNorm
0,24,step0.layer24.qkv,qkv,GPU_COMPUTE,step0.layer24.norm1,1923.317266944,3.635776000,1926.953042944,step0.layer24.norm1,QKV projection
0,24,step0.layer24.rope,rope,GPU_COMPUTE,step0.layer24.qkv,1926.953042944,1.018432000,1927.971474944,step0.layer24.qkv,QK norm and RoPE
0,24,step0.layer24.attention,attention,GPU_COMPUTE,step0.layer24.rope,1927.971474944,3.113536000,1931.085010944,step0.layer24.rope,decode attention on GPU
0,24,step0.layer24.o_proj,attention_output,GPU_COMPUTE,step0.layer24.attention,1931.085010944,3.109440000,1934.194450944,step0.layer24.attention,attention output projection
0,24,step0.layer24.residual1,residual,GPU_COMPUTE,step0.layer24.o_proj,1934.194450944,1.012288000,1935.206738944,step0.layer24.o_proj,residual add
0,24,step0.layer24.norm2,norm,GPU_COMPUTE,step0.layer24.residual1,1935.206738944,1.008192000,1936.214930944,step0.layer24.residual1,RMSNorm
0,24,step0.layer24.router,router,GPU_COMPUTE,step0.layer24.norm2,1936.214930944,2.069888000,1938.284818944,step0.layer24.norm2,MoE router
0,24,step0.layer24.metadata,metadata,GPU_COMPUTE,step0.layer24.router,1938.284818944,1.000128000,1939.284946944,step0.layer24.router,routing metadata
0,24,step0.layer24.dispatch,dispatch,,step0.layer24.metadata,1939.284946944,0.000000000,1939.284946944,step0.layer24.metadata,single-GPU dispatch placeholder
0,24,step0.layer24.scheduler,scheduler,GPU_COMPUTE,step0.layer24.metadata,1939.284946944,0.000000000,1939.284946944,step0.layer24.metadata,gpu-only placement policy
0,24,step0.layer24.gpu_weight_load,gpu_weight_load,HBM_MEM_PATH,step0.layer24.scheduler,1939.284946944,57.802752000,1997.087698944,step0.layer24.scheduler,expert weights HBM to GPU
0,24,step0.layer24.gpu_expert_compute,gpu_expert,GPU_COMPUTE,step0.layer24.gpu_weight_load;step0.layer24.dispatch,1997.087698944,3.268435456,2000.356134400,step0.layer24.gpu_weight_load,grouped expert GEMM
0,24,step0.layer24.pim_gwrite,pim_write,GPU_PIM_IO,step0.layer24.scheduler;step0.layer24.dispatch,1939.284946944,0.000000000,1939.284946944,step0.layer24.scheduler,PIM_GWRITE token operands
0,24,step0.layer24.pim_expert_compute,pim_expert,PIM_COMPUTE,step0.layer24.pim_gwrite,1939.284946944,0.000000000,1939.284946944,step0.layer24.pim_gwrite,serialized PIM expert GEMV
0,24,step0.layer24.pim_read,pim_read,GPU_PIM_IO,step0.layer24.pim_expert_compute,1939.284946944,0.000000000,1939.284946944,step0.layer24.pim_gwrite,PIM expert result read
0,24,step0.layer24.combine,combine,GPU_COMPUTE,step0.layer24.gpu_expert_compute;step0.layer24.pim_read,2000.356134400,1.036864000,2001.392998400,step0.layer24.gpu_expert_compute,weighted expert combine
0,24,step0.layer24.residual2,residual,GPU_COMPUTE,step0.layer24.combine,2001.392998400,1.012288000,2002.405286400,step0.layer24.combine,residual add
0,25,step0.layer25.norm1,norm,GPU_COMPUTE,step0.layer24.residual2,2002.405286400,1.008192000,2003.413478400,step0.layer24.residual2,RMSNorm
0,25,step0.layer25.qkv,qkv,GPU_COMPUTE,step0.layer25.norm1,2003.413478400,3.635776000,2007.049254400,step0.layer25.norm1,QKV projection
0,25,step0.layer25.rope,rope,GPU_COMPUTE,step0.layer25.qkv,2007.049254400,1.018432000,2008.067686400,step0.layer25.qkv,QK norm and RoPE
0,25,step0.layer25.attention,attention,GPU_COMPUTE,step0.layer25.rope,2008.067686400,3.113536000,2011.181222400,step0.layer25.rope,decode attention on GPU
0,25,step0.layer25.o_proj,attention_output,GPU_COMPUTE,step0.layer25.attention,2011.181222400,3.109440000,2014.290662400,step0.layer25.attention,attention output projection
0,25,step0.layer25.residual1,residual,GPU_COMPUTE,step0.layer25.o_proj,2014.290662400,1.012288000,2015.302950400,step0.layer25.o_proj,residual add
0,25,step0.layer25.norm2,norm,GPU_COMPUTE,step0.layer25.residual1,2015.302950400,1.008192000,2016.311142400,step0.layer25.residual1,RMSNorm
0,25,step0.layer25.router,router,GPU_COMPUTE,step0.layer25.norm2,2016.311142400,2.069888000,2018.381030400,step0.layer25.norm2,MoE router
0,25,step0.layer25.metadata,metadata,GPU_COMPUTE,step0.layer25.router,2018.381030400,1.000128000,2019.381158400,step0.layer25.router,routing metadata
0,25,step0.layer25.dispatch,dispatch,,step0.layer25.metadata,2019.381158400,0.000000000,2019.381158400,step0.layer25.metadata,single-GPU dispatch placeholder
0,25,step0.layer25.scheduler,scheduler,GPU_COMPUTE,step0.layer25.metadata,2019.381158400,0.000000000,2019.381158400,step0.layer25.metadata,gpu-only placement policy
0,25,step0.layer25.gpu_weight_load,gpu_weight_load,HBM_MEM_PATH,step0.layer25.scheduler,2019.381158400,57.802752000,2077.183910400,step0.layer25.scheduler,expert weights HBM to GPU
0,25,step0.layer25.gpu_expert_compute,gpu_expert,GPU_COMPUTE,step0.layer25.gpu_weight_load;step0.layer25.dispatch,2077.183910400,3.268435456,2080.452345856,step0.layer25.gpu_weight_load,grouped expert GEMM
0,25,step0.layer25.pim_gwrite,pim_write,GPU_PIM_IO,step0.layer25.scheduler;step0.layer25.dispatch,2019.381158400,0.000000000,2019.381158400,step0.layer25.scheduler,PIM_GWRITE token operands
0,25,step0.layer25.pim_expert_compute,pim_expert,PIM_COMPUTE,step0.layer25.pim_gwrite,2019.381158400,0.000000000,2019.381158400,step0.layer25.pim_gwrite,serialized PIM expert GEMV
0,25,step0.layer25.pim_read,pim_read,GPU_PIM_IO,step0.layer25.pim_expert_compute,2019.381158400,0.000000000,2019.381158400,step0.layer25.pim_gwrite,PIM expert result read
0,25,step0.layer25.combine,combine,GPU_COMPUTE,step0.layer25.gpu_expert_compute;step0.layer25.pim_read,2080.452345856,1.036864000,2081.489209856,step0.layer25.gpu_expert_compute,weighted expert combine
0,25,step0.layer25.residual2,residual,GPU_COMPUTE,step0.layer25.combine,2081.489209856,1.012288000,2082.501497856,step0.layer25.combine,residual add
0,26,step0.layer26.norm1,norm,GPU_COMPUTE,step0.layer25.residual2,2082.501497856,1.008192000,2083.509689856,step0.layer25.residual2,RMSNorm
0,26,step0.layer26.qkv,qkv,GPU_COMPUTE,step0.layer26.norm1,2083.509689856,3.635776000,2087.145465856,step0.layer26.norm1,QKV projection
0,26,step0.layer26.rope,rope,GPU_COMPUTE,step0.layer26.qkv,2087.145465856,1.018432000,2088.163897856,step0.layer26.qkv,QK norm and RoPE
0,26,step0.layer26.attention,attention,GPU_COMPUTE,step0.layer26.rope,2088.163897856,3.113536000,2091.277433856,step0.layer26.rope,decode attention on GPU
0,26,step0.layer26.o_proj,attention_output,GPU_COMPUTE,step0.layer26.attention,2091.277433856,3.109440000,2094.386873856,step0.layer26.attention,attention output projection
0,26,step0.layer26.residual1,residual,GPU_COMPUTE,step0.layer26.o_proj,2094.386873856,1.012288000,2095.399161856,step0.layer26.o_proj,residual add
0,26,step0.layer26.norm2,norm,GPU_COMPUTE,step0.layer26.residual1,2095.399161856,1.008192000,2096.407353856,step0.layer26.residual1,RMSNorm
0,26,step0.layer26.router,router,GPU_COMPUTE,step0.layer26.norm2,2096.407353856,2.069888000,2098.477241856,step0.layer26.norm2,MoE router
0,26,step0.layer26.metadata,metadata,GPU_COMPUTE,step0.layer26.router,2098.477241856,1.000128000,2099.477369856,step0.layer26.router,routing metadata
0,26,step0.layer26.dispatch,dispatch,,step0.layer26.metadata,2099.477369856,0.000000000,2099.477369856,step0.layer26.metadata,single-GPU dispatch placeholder
0,26,step0.layer26.scheduler,scheduler,GPU_COMPUTE,step0.layer26.metadata,2099.477369856,0.000000000,2099.477369856,step0.layer26.metadata,gpu-only placement policy
0,26,step0.layer26.gpu_weight_load,gpu_weight_load,HBM_MEM_PATH,step0.layer26.scheduler,2099.477369856,57.802752000,2157.280121856,step0.layer26.scheduler,expert weights HBM to GPU
0,26,step0.layer26.gpu_expert_compute,gpu_expert,GPU_COMPUTE,step0.layer26.gpu_weight_load;step0.layer26.dispatch,2157.280121856,3.268435456,2160.548557312,step0.layer26.gpu_weight_load,grouped expert GEMM
0,26,step0.layer26.pim_gwrite,pim_write,GPU_PIM_IO,step0.layer26.scheduler;step0.layer26.dispatch,2099.477369856,0.000000000,2099.477369856,step0.layer26.scheduler,PIM_GWRITE token operands
0,26,step0.layer26.pim_expert_compute,pim_expert,PIM_COMPUTE,step0.layer26.pim_gwrite,2099.477369856,0.000000000,2099.477369856,step0.layer26.pim_gwrite,serialized PIM expert GEMV
0,26,step0.layer26.pim_read,pim_read,GPU_PIM_IO,step0.layer26.pim_expert_compute,2099.477369856,0.000000000,2099.477369856,step0.layer26.pim_gwrite,PIM expert result read
0,26,step0.layer26.combine,combine,GPU_COMPUTE,step0.layer26.gpu_expert_compute;step0.layer26.pim_read,2160.548557312,1.036864000,2161.585421312,step0.layer26.gpu_expert_compute,weighted expert combine
0,26,step0.layer26.residual2,residual,GPU_COMPUTE,step0.layer26.combine,2161.585421312,1.012288000,2162.597709312,step0.layer26.combine,residual add
0,27,step0.layer27.norm1,norm,GPU_COMPUTE,step0.layer26.residual2,2162.597709312,1.008192000,2163.605901312,step0.layer26.residual2,RMSNorm
0,27,step0.layer27.qkv,qkv,GPU_COMPUTE,step0.layer27.norm1,2163.605901312,3.635776000,2167.241677312,step0.layer27.norm1,QKV projection
0,27,step0.layer27.rope,rope,GPU_COMPUTE,step0.layer27.qkv,2167.241677312,1.018432000,2168.260109312,step0.layer27.qkv,QK norm and RoPE
0,27,step0.layer27.attention,attention,GPU_COMPUTE,step0.layer27.rope,2168.260109312,3.113536000,2171.373645312,step0.layer27.rope,decode attention on GPU
0,27,step0.layer27.o_proj,attention_output,GPU_COMPUTE,step0.layer27.attention,2171.373645312,3.109440000,2174.483085312,step0.layer27.attention,attention output projection
0,27,step0.layer27.residual1,residual,GPU_COMPUTE,step0.layer27.o_proj,2174.483085312,1.012288000,2175.495373312,step0.layer27.o_proj,residual add
0,27,step0.layer27.norm2,norm,GPU_COMPUTE,step0.layer27.residual1,2175.495373312,1.008192000,2176.503565312,step0.layer27.residual1,RMSNorm
0,27,step0.layer27.router,router,GPU_COMPUTE,step0.layer27.norm2,2176.503565312,2.069888000,2178.573453312,step0.layer27.norm2,MoE router
0,27,step0.layer27.metadata,metadata,GPU_COMPUTE,step0.layer27.router,2178.573453312,1.000128000,2179.573581312,step0.layer27.router,routing metadata
0,27,step0.layer27.dispatch,dispatch,,step0.layer27.metadata,2179.573581312,0.000000000,2179.573581312,step0.layer27.metadata,single-GPU dispatch placeholder
0,27,step0.layer27.scheduler,scheduler,GPU_COMPUTE,step0.layer27.metadata,2179.573581312,0.000000000,2179.573581312,step0.layer27.metadata,gpu-only placement policy
0,27,step0.layer27.gpu_weight_load,gpu_weight_load,HBM_MEM_PATH,step0.layer27.scheduler,2179.573581312,57.802752000,2237.376333312,step0.layer27.scheduler,expert weights HBM to GPU
0,27,step0.layer27.gpu_expert_compute,gpu_expert,GPU_COMPUTE,step0.layer27.gpu_weight_load;step0.layer27.dispatch,2237.376333312,3.268435456,2240.644768768,step0.layer27.gpu_weight_load,grouped expert GEMM
0,27,step0.layer27.pim_gwrite,pim_write,GPU_PIM_IO,step0.layer27.scheduler;step0.layer27.dispatch,2179.573581312,0.000000000,2179.573581312,step0.layer27.scheduler,PIM_GWRITE token operands
0,27,step0.layer27.pim_expert_compute,pim_expert,PIM_COMPUTE,step0.layer27.pim_gwrite,2179.573581312,0.000000000,2179.573581312,step0.layer27.pim_gwrite,serialized PIM expert GEMV
0,27,step0.layer27.pim_read,pim_read,GPU_PIM_IO,step0.layer27.pim_expert_compute,2179.573581312,0.000000000,2179.573581312,step0.layer27.pim_gwrite,PIM expert result read
0,27,step0.layer27.combine,combine,GPU_COMPUTE,step0.layer27.gpu_expert_compute;step0.layer27.pim_read,2240.644768768,1.036864000,2241.681632768,step0.layer27.gpu_expert_compute,weighted expert combine
0,27,step0.layer27.residual2,residual,GPU_COMPUTE,step0.layer27.combine,2241.681632768,1.012288000,2242.693920768,step0.layer27.combine,residual add
0,28,step0.layer28.norm1,norm,GPU_COMPUTE,step0.layer27.residual2,2242.693920768,1.008192000,2243.702112768,step0.layer27.residual2,RMSNorm
0,28,step0.layer28.qkv,qkv,GPU_COMPUTE,step0.layer28.norm1,2243.702112768,3.635776000,2247.337888768,step0.layer28.norm1,QKV projection
0,28,step0.layer28.rope,rope,GPU_COMPUTE,step0.layer28.qkv,2247.337888768,1.018432000,2248.356320768,step0.layer28.qkv,QK norm and RoPE
0,28,step0.layer28.attention,attention,GPU_COMPUTE,step0.layer28.rope,2248.356320768,3.113536000,2251.469856768,step0.layer28.rope,decode attention on GPU
0,28,step0.layer28.o_proj,attention_output,GPU_COMPUTE,step0.layer28.attention,2251.469856768,3.109440000,2254.579296768,step0.layer28.attention,attention output projection
0,28,step0.layer28.residual1,residual,GPU_COMPUTE,step0.layer28.o_proj,2254.579296768,1.012288000,2255.591584768,step0.layer28.o_proj,residual add
0,28,step0.layer28.norm2,norm,GPU_COMPUTE,step0.layer28.residual1,2255.591584768,1.008192000,2256.599776768,step0.layer28.residual1,RMSNorm
0,28,step0.layer28.router,router,GPU_COMPUTE,step0.layer28.norm2,2256.599776768,2.069888000,2258.669664768,step0.layer28.norm2,MoE router
0,28,step0.layer28.metadata,metadata,GPU_COMPUTE,step0.layer28.router,2258.669664768,1.000128000,2259.669792768,step0.layer28.router,routing metadata
0,28,step0.layer28.dispatch,dispatch,,step0.layer28.metadata,2259.669792768,0.000000000,2259.669792768,step0.layer28.metadata,single-GPU dispatch placeholder
0,28,step0.layer28.scheduler,scheduler,GPU_COMPUTE,step0.layer28.metadata,2259.669792768,0.000000000,2259.669792768,step0.layer28.metadata,gpu-only placement policy
0,28,step0.layer28.gpu_weight_load,gpu_weight_load,HBM_MEM_PATH,step0.layer28.scheduler,2259.669792768,57.802752000,2317.472544768,step0.layer28.scheduler,expert weights HBM to GPU
0,28,step0.layer28.gpu_expert_compute,gpu_expert,GPU_COMPUTE,step0.layer28.gpu_weight_load;step0.layer28.dispatch,2317.472544768,3.268435456,2320.740980224,step0.layer28.gpu_weight_load,grouped expert GEMM
0,28,step0.layer28.pim_gwrite,pim_write,GPU_PIM_IO,step0.layer28.scheduler;step0.layer28.dispatch,2259.669792768,0.000000000,2259.669792768,step0.layer28.scheduler,PIM_GWRITE token operands
0,28,step0.layer28.pim_expert_compute,pim_expert,PIM_COMPUTE,step0.layer28.pim_gwrite,2259.669792768,0.000000000,2259.669792768,step0.layer28.pim_gwrite,serialized PIM expert GEMV
0,28,step0.layer28.pim_read,pim_read,GPU_PIM_IO,step0.layer28.pim_expert_compute,2259.669792768,0.000000000,2259.669792768,step0.layer28.pim_gwrite,PIM expert result read
0,28,step0.layer28.combine,combine,GPU_COMPUTE,step0.layer28.gpu_expert_compute;step0.layer28.pim_read,2320.740980224,1.036864000,2321.777844224,step0.layer28.gpu_expert_compute,weighted expert combine
0,28,step0.layer28.residual2,residual,GPU_COMPUTE,step0.layer28.combine,2321.777844224,1.012288000,2322.790132224,step0.layer28.combine,residual add
0,29,step0.layer29.norm1,norm,GPU_COMPUTE,step0.layer28.residual2,2322.790132224,1.008192000,2323.798324224,step0.layer28.residual2,RMSNorm
0,29,step0.layer29.qkv,qkv,GPU_COMPUTE,step0.layer29.norm1,2323.798324224,3.635776000,2327.434100224,step0.layer29.norm1,QKV projection
0,29,step0.layer29.rope,rope,GPU_COMPUTE,step0.layer29.qkv,2327.434100224,1.018432000,2328.452532224,step0.layer29.qkv,QK norm and RoPE
0,29,step0.layer29.attention,attention,GPU_COMPUTE,step0.layer29.rope,2328.452532224,3.113536000,2331.566068224,step0.layer29.rope,decode attention on GPU
0,29,step0.layer29.o_proj,attention_output,GPU_COMPUTE,step0.layer29.attention,2331.566068224,3.109440000,2334.675508224,step0.layer29.attention,attention output projection
0,29,step0.layer29.residual1,residual,GPU_COMPUTE,step0.layer29.o_proj,2334.675508224,1.012288000,2335.687796224,step0.layer29.o_proj,residual add
0,29,step0.layer29.norm2,norm,GPU_COMPUTE,step0.layer29.residual1,2335.687796224,1.008192000,2336.695988224,step0.layer29.residual1,RMSNorm
0,29,step0.layer29.router,router,GPU_COMPUTE,step0.layer29.norm2,2336.695988224,2.069888000,2338.765876224,step0.layer29.norm2,MoE router
0,29,step0.layer29.metadata,metadata,GPU_COMPUTE,step0.layer29.router,2338.765876224,1.000128000,2339.766004224,step0.layer29.router,routing metadata
0,29,step0.layer29.dispatch,dispatch,,step0.layer29.metadata,2339.766004224,0.000000000,2339.766004224,step0.layer29.metadata,single-GPU dispatch placeholder
0,29,step0.layer29.scheduler,scheduler,GPU_COMPUTE,step0.layer29.metadata,2339.766004224,0.000000000,2339.766004224,step0.layer29.metadata,gpu-only placement policy
0,29,step0.layer29.gpu_weight_load,gpu_weight_load,HBM_MEM_PATH,step0.layer29.scheduler,2339.766004224,57.802752000,2397.568756224,step0.layer29.scheduler,expert weights HBM to GPU
0,29,step0.layer29.gpu_expert_compute,gpu_expert,GPU_COMPUTE,step0.layer29.gpu_weight_load;step0.layer29.dispatch,2397.568756224,3.268435456,2400.837191680,step0.layer29.gpu_weight_load,grouped expert GEMM
0,29,step0.layer29.pim_gwrite,pim_write,GPU_PIM_IO,step0.layer29.scheduler;step0.layer29.dispatch,2339.766004224,0.000000000,2339.766004224,step0.layer29.scheduler,PIM_GWRITE token operands
0,29,step0.layer29.pim_expert_compute,pim_expert,PIM_COMPUTE,step0.layer29.pim_gwrite,2339.766004224,0.000000000,2339.766004224,step0.layer29.pim_gwrite,serialized PIM expert GEMV
0,29,step0.layer29.pim_read,pim_read,GPU_PIM_IO,step0.layer29.pim_expert_compute,2339.766004224,0.000000000,2339.766004224,step0.layer29.pim_gwrite,PIM expert result read
0,29,step0.layer29.combine,combine,GPU_COMPUTE,step0.layer29.gpu_expert_compute;step0.layer29.pim_read,2400.837191680,1.036864000,2401.874055680,step0.layer29.gpu_expert_compute,weighted expert combine
0,29,step0.layer29.residual2,residual,GPU_COMPUTE,step0.layer29.combine,2401.874055680,1.012288000,2402.886343680,step0.layer29.combine,residual add
0,30,step0.layer30.norm1,norm,GPU_COMPUTE,step0.layer29.residual2,2402.886343680,1.008192000,2403.894535680,step0.layer29.residual2,RMSNorm
0,30,step0.layer30.qkv,qkv,GPU_COMPUTE,step0.layer30.norm1,2403.894535680,3.635776000,2407.530311680,step0.layer30.norm1,QKV projection
0,30,step0.layer30.rope,rope,GPU_COMPUTE,step0.layer30.qkv,2407.530311680,1.018432000,2408.548743680,step0.layer30.qkv,QK norm and RoPE
0,30,step0.layer30.attention,attention,GPU_COMPUTE,step0.layer30.rope,2408.548743680,3.113536000,2411.662279680,step0.layer30.rope,decode attention on GPU
0,30,step0.layer30.o_proj,attention_output,GPU_COMPUTE,step0.layer30.attention,2411.662279680,3.109440000,2414.771719680,step0.layer30.attention,attention output projection
0,30,step0.layer30.residual1,residual,GPU_COMPUTE,step0.layer30.o_proj,2414.771719680,1.012288000,2415.784007680,step0.layer30.o_proj,residual add
0,30,step0.layer30.norm2,norm,GPU_COMPUTE,step0.layer30.residual1,2415.784007680,1.008192000,2416.792199680,step0.layer30.residual1,RMSNorm
0,30,step0.layer30.router,router,GPU_COMPUTE,step0.layer30.norm2,2416.792199680,2.069888000,2418.862087680,step0.layer30.norm2,MoE router
0,30,step0.layer30.metadata,metadata,GPU_COMPUTE,step0.layer30.router,2418.862087680,1.000128000,2419.862215680,step0.layer30.router,routing metadata
0,30,step0.layer30.dispatch,dispatch,,step0.layer30.metadata,2419.862215680,0.000000000,2419.862215680,step0.layer30.metadata,single-GPU dispatch placeholder
0,30,step0.layer30.scheduler,scheduler,GPU_COMPUTE,step0.layer30.metadata,2419.862215680,0.000000000,2419.862215680,step0.layer30.metadata,gpu-only placement policy
0,30,step0.layer30.gpu_weight_load,gpu_weight_load,HBM_MEM_PATH,step0.layer30.scheduler,2419.862215680,57.802752000,2477.664967680,step0.layer30.scheduler,expert weights HBM to GPU
0,30,step0.layer30.gpu_expert_compute,gpu_expert,GPU_COMPUTE,step0.layer30.gpu_weight_load;step0.layer30.dispatch,2477.664967680,3.268435456,2480.933403136,step0.layer30.gpu_weight_load,grouped expert GEMM
0,30,step0.layer30.pim_gwrite,pim_write,GPU_PIM_IO,step0.layer30.scheduler;step0.layer30.dispatch,2419.862215680,0.000000000,2419.862215680,step0.layer30.scheduler,PIM_GWRITE token operands
0,30,step0.layer30.pim_expert_compute,pim_expert,PIM_COMPUTE,step0.layer30.pim_gwrite,2419.862215680,0.000000000,2419.862215680,step0.layer30.pim_gwrite,serialized PIM expert GEMV
0,30,step0.layer30.pim_read,pim_read,GPU_PIM_IO,step0.layer30.pim_expert_compute,2419.862215680,0.000000000,2419.862215680,step0.layer30.pim_gwrite,PIM expert result read
0,30,step0.layer30.combine,combine,GPU_COMPUTE,step0.layer30.gpu_expert_compute;step0.layer30.pim_read,2480.933403136,1.036864000,2481.970267136,step0.layer30.gpu_expert_compute,weighted expert combine
0,30,step0.layer30.residual2,residual,GPU_COMPUTE,step0.layer30.combine,2481.970267136,1.012288000,2482.982555136,step0.layer30.combine,residual add
0,31,step0.layer31.norm1,norm,GPU_COMPUTE,step0.layer30.residual2,2482.982555136,1.008192000,2483.990747136,step0.layer30.residual2,RMSNorm
0,31,step0.layer31.qkv,qkv,GPU_COMPUTE,step0.layer31.norm1,2483.990747136,3.635776000,2487.626523136,step0.layer31.norm1,QKV projection
0,31,step0.layer31.rope,rope,GPU_COMPUTE,step0.layer31.qkv,2487.626523136,1.018432000,2488.644955136,step0.layer31.qkv,QK norm and RoPE
0,31,step0.layer31.attention,attention,GPU_COMPUTE,step0.layer31.rope,2488.644955136,3.113536000,2491.758491136,step0.layer31.rope,decode attention on GPU
0,31,step0.layer31.o_proj,attention_output,GPU_COMPUTE,step0.layer31.attention,2491.758491136,3.109440000,2494.867931136,step0.layer31.attention,attention output projection
0,31,step0.layer31.residual1,residual,GPU_COMPUTE,step0.layer31.o_proj,2494.867931136,1.012288000,2495.880219136,step0.layer31.o_proj,residual add
0,31,step0.layer31.norm2,norm,GPU_COMPUTE,step0.layer31.residual1,2495.880219136,1.008192000,2496.888411136,step0.layer31.residual1,RMSNorm
0,31,step0.layer31.router,router,GPU_COMPUTE,step0.layer31.norm2,2496.888411136,2.069888000,2498.958299136,step0.layer31.norm2,MoE router
0,31,step0.layer31.metadata,metadata,GPU_COMPUTE,step0.layer31.router,2498.958299136,1.000128000,2499.958427136,step0.layer31.router,routing metadata
0,31,step0.layer31.dispatch,dispatch,,step0.layer31.metadata,2499.958427136,0.000000000,2499.958427136,step0.layer31.metadata,single-GPU dispatch placeholder
0,31,step0.layer31.scheduler,scheduler,GPU_COMPUTE,step0.layer31.metadata,2499.958427136,0.000000000,2499.958427136,step0.layer31.metadata,gpu-only placement policy
0,31,step0.layer31.gpu_weight_load,gpu_weight_load,HBM_MEM_PATH,step0.layer31.scheduler,2499.958427136,57.802752000,2557.761179136,step0.layer31.scheduler,expert weights HBM to GPU
0,31,step0.layer31.gpu_expert_compute,gpu_expert,GPU_COMPUTE,step0.layer31.gpu_weight_load;step0.layer31.dispatch,2557.761179136,3.268435456,2561.029614592,step0.layer31.gpu_weight_load,grouped expert GEMM
0,31,step0.layer31.pim_gwrite,pim_write,GPU_PIM_IO,step0.layer31.scheduler;step0.layer31.dispatch,2499.958427136,0.000000000,2499.958427136,step0.layer31.scheduler,PIM_GWRITE token operands
0,31,step0.layer31.pim_expert_compute,pim_expert,PIM_COMPUTE,step0.layer31.pim_gwrite,2499.958427136,0.000000000,2499.958427136,step0.layer31.pim_gwrite,serialized PIM expert GEMV
0,31,step0.layer31.pim_read,pim_read,GPU_PIM_IO,step0.layer31.pim_expert_compute,2499.958427136,0.000000000,2499.958427136,step0.layer31.pim_gwrite,PIM expert result read
0,31,step0.layer31.combine,combine,GPU_COMPUTE,step0.layer31.gpu_expert_compute;step0.layer31.pim_read,2561.029614592,1.036864000,2562.066478592,step0.layer31.gpu_expert_compute,weighted expert combine
0,31,step0.layer31.residual2,residual,GPU_COMPUTE,step0.layer31.combine,2562.066478592,1.012288000,2563.078766592,step0.layer31.combine,residual add
0,32,step0.layer32.norm1,norm,GPU_COMPUTE,step0.layer31.residual2,2563.078766592,1.008192000,2564.086958592,step0.layer31.residual2,RMSNorm
0,32,step0.layer32.qkv,qkv,GPU_COMPUTE,step0.layer32.norm1,2564.086958592,3.635776000,2567.722734592,step0.layer32.norm1,QKV projection
0,32,step0.layer32.rope,rope,GPU_COMPUTE,step0.layer32.qkv,2567.722734592,1.018432000,2568.741166592,step0.layer32.qkv,QK norm and RoPE
0,32,step0.layer32.attention,attention,GPU_COMPUTE,step0.layer32.rope,2568.741166592,3.113536000,2571.854702592,step0.layer32.rope,decode attention on GPU
0,32,step0.layer32.o_proj,attention_output,GPU_COMPUTE,step0.layer32.attention,2571.854702592,3.109440000,2574.964142592,step0.layer32.attention,attention output projection
0,32,step0.layer32.residual1,residual,GPU_COMPUTE,step0.layer32.o_proj,2574.964142592,1.012288000,2575.976430592,step0.layer32.o_proj,residual add
0,32,step0.layer32.norm2,norm,GPU_COMPUTE,step0.layer32.residual1,2575.976430592,1.008192000,2576.984622592,step0.layer32.residual1,RMSNorm
0,32,step0.layer32.router,router,GPU_COMPUTE,step0.layer32.norm2,2576.984622592,2.069888000,2579.054510592,step0.layer32.norm2,MoE router
0,32,step0.layer32.metadata,metadata,GPU_COMPUTE,step0.layer32.router,2579.054510592,1.000128000,2580.054638592,step0.layer32.router,routing metadata
0,32,step0.layer32.dispatch,dispatch,,step0.layer32.metadata,2580.054638592,0.000000000,2580.054638592,step0.layer32.metadata,single-GPU dispatch placeholder
0,32,step0.layer32.scheduler,scheduler,GPU_COMPUTE,step0.layer32.metadata,2580.054638592,0.000000000,2580.054638592,step0.layer32.metadata,gpu-only placement policy
0,32,step0.layer32.gpu_weight_load,gpu_weight_load,HBM_MEM_PATH,step0.layer32.scheduler,2580.054638592,57.802752000,2637.857390592,step0.layer32.scheduler,expert weights HBM to GPU
0,32,step0.layer32.gpu_expert_compute,gpu_expert,GPU_COMPUTE,step0.layer32.gpu_weight_load;step0.layer32.dispatch,2637.857390592,3.268435456,2641.125826048,step0.layer32.gpu_weight_load,grouped expert GEMM
0,32,step0.layer32.pim_gwrite,pim_write,GPU_PIM_IO,step0.layer32.scheduler;step0.layer32.dispatch,2580.054638592,0.000000000,2580.054638592,step0.layer32.scheduler,PIM_GWRITE token operands
0,32,step0.layer32.pim_expert_compute,pim_expert,PIM_COMPUTE,step0.layer32.pim_gwrite,2580.054638592,0.000000000,2580.054638592,step0.layer32.pim_gwrite,serialized PIM expert GEMV
0,32,step0.layer32.pim_read,pim_read,GPU_PIM_IO,step0.layer32.pim_expert_compute,2580.054638592,0.000000000,2580.054638592,step0.layer32.pim_gwrite,PIM expert result read
0,32,step0.layer32.combine,combine,GPU_COMPUTE,step0.layer32.gpu_expert_compute;step0.layer32.pim_read,2641.125826048,1.036864000,2642.162690048,step0.layer32.gpu_expert_compute,weighted expert combine
0,32,step0.layer32.residual2,residual,GPU_COMPUTE,step0.layer32.combine,2642.162690048,1.012288000,2643.174978048,step0.layer32.combine,residual add
0,33,step0.layer33.norm1,norm,GPU_COMPUTE,step0.layer32.residual2,2643.174978048,1.008192000,2644.183170048,step0.layer32.residual2,RMSNorm
0,33,step0.layer33.qkv,qkv,GPU_COMPUTE,step0.layer33.norm1,2644.183170048,3.635776000,2647.818946048,step0.layer33.norm1,QKV projection
0,33,step0.layer33.rope,rope,GPU_COMPUTE,step0.layer33.qkv,2647.818946048,1.018432000,2648.837378048,step0.layer33.qkv,QK norm and RoPE
0,33,step0.layer33.attention,attention,GPU_COMPUTE,step0.layer33.rope,2648.837378048,3.113536000,2651.950914048,step0.layer33.rope,decode attention on GPU
0,33,step0.layer33.o_proj,attention_output,GPU_COMPUTE,step0.layer33.attention,2651.950914048,3.109440000,2655.060354048,step0.layer33.attention,attention output projection
0,33,step0.layer33.residual1,residual,GPU_COMPUTE,step0.layer33.o_proj,2655.060354048,1.012288000,2656.072642048,step0.layer33.o_proj,residual add
0,33,step0.layer33.norm2,norm,GPU_COMPUTE,step0.layer33.residual1,2656.072642048,1.008192000,2657.080834048,step0.layer33.residual1,RMSNorm
0,33,step0.layer33.router,router,GPU_COMPUTE,step0.layer33.norm2,2657.080834048,2.069888000,2659.150722048,step0.layer33.norm2,MoE router
0,33,step0.layer33.metadata,metadata,GPU_COMPUTE,step0.layer33.router,2659.150722048,1.000128000,2660.150850048,step0.layer33.router,routing metadata
0,33,step0.layer33.dispatch,dispatch,,step0.layer33.metadata,2660.150850048,0.000000000,2660.150850048,step0.layer33.metadata,single-GPU dispatch placeholder
0,33,step0.layer33.scheduler,scheduler,GPU_COMPUTE,step0.layer33.metadata,2660.150850048,0.000000000,2660.150850048,step0.layer33.metadata,gpu-only placement policy
0,33,step0.layer33.gpu_weight_load,gpu_weight_load,HBM_MEM_PATH,step0.layer33.scheduler,2660.150850048,57.802752000,2717.953602048,step0.layer33.scheduler,expert weights HBM to GPU
0,33,step0.layer33.gpu_expert_compute,gpu_expert,GPU_COMPUTE,step0.layer33.gpu_weight_load;step0.layer33.dispatch,2717.953602048,3.268435456,2721.222037504,step0.layer33.gpu_weight_load,grouped expert GEMM
0,33,step0.layer33.pim_gwrite,pim_write,GPU_PIM_IO,step0.layer33.scheduler;step0.layer33.dispatch,2660.150850048,0.000000000,2660.150850048,step0.layer33.scheduler,PIM_GWRITE token operands
0,33,step0.layer33.pim_expert_compute,pim_expert,PIM_COMPUTE,step0.layer33.pim_gwrite,2660.150850048,0.000000000,2660.150850048,step0.layer33.pim_gwrite,serialized PIM expert GEMV
0,33,step0.layer33.pim_read,pim_read,GPU_PIM_IO,step0.layer33.pim_expert_compute,2660.150850048,0.000000000,2660.150850048,step0.layer33.pim_gwrite,PIM expert result read
0,33,step0.layer33.combine,combine,GPU_COMPUTE,step0.layer33.gpu_expert_compute;step0.layer33.pim_read,2721.222037504,1.036864000,2722.258901504,step0.layer33.gpu_expert_compute,weighted expert combine
0,33,step0.layer33.residual2,residual,GPU_COMPUTE,step0.layer33.combine,2722.258901504,1.012288000,2723.271189504,step0.layer33.combine,residual add
0,34,step0.layer34.norm1,norm,GPU_COMPUTE,step0.layer33.residual2,2723.271189504,1.008192000,2724.279381504,step0.layer33.residual2,RMSNorm
0,34,step0.layer34.qkv,qkv,GPU_COMPUTE,step0.layer34.norm1,2724.279381504,3.635776000,2727.915157504,step0.layer34.norm1,QKV projection
0,34,step0.layer34.rope,rope,GPU_COMPUTE,step0.layer34.qkv,2727.915157504,1.018432000,2728.933589504,step0.layer34.qkv,QK norm and RoPE
0,34,step0.layer34.attention,attention,GPU_COMPUTE,step0.layer34.rope,2728.933589504,3.113536000,2732.047125504,step0.layer34.rope,decode attention on GPU
0,34,step0.layer34.o_proj,attention_output,GPU_COMPUTE,step0.layer34.attention,2732.047125504,3.109440000,2735.156565504,step0.layer34.attention,attention output projection
0,34,step0.layer34.residual1,residual,GPU_COMPUTE,step0.layer34.o_proj,2735.156565504,1.012288000,2736.168853504,step0.layer34.o_proj,residual add
0,34,step0.layer34.norm2,norm,GPU_COMPUTE,step0.layer34.residual1,2736.168853504,1.008192000,2737.177045504,step0.layer34.residual1,RMSNorm
0,34,step0.layer34.router,router,GPU_COMPUTE,step0.layer34.norm2,2737.177045504,2.069888000,2739.246933504,step0.layer34.norm2,MoE router
0,34,step0.layer34.metadata,metadata,GPU_COMPUTE,step0.layer34.router,2739.246933504,1.000128000,2740.247061504,step0.layer34.router,routing metadata
0,34,step0.layer34.dispatch,dispatch,,step0.layer34.metadata,2740.247061504,0.000000000,2740.247061504,step0.layer34.metadata,single-GPU dispatch placeholder
0,34,step0.layer34.scheduler,scheduler,GPU_COMPUTE,step0.layer34.metadata,2740.247061504,0.000000000,2740.247061504,step0.layer34.metadata,gpu-only placement policy
0,34,step0.layer34.gpu_weight_load,gpu_weight_load,HBM_MEM_PATH,step0.layer34.scheduler,2740.247061504,57.802752000,2798.049813504,step0.layer34.scheduler,expert weights HBM to GPU
0,34,step0.layer34.gpu_expert_compute,gpu_expert,GPU_COMPUTE,step0.layer34.gpu_weight_load;step0.layer34.dispatch,2798.049813504,3.268435456,2801.318248960,step0.layer34.gpu_weight_load,grouped expert GEMM
0,34,step0.layer34.pim_gwrite,pim_write,GPU_PIM_IO,step0.layer34.scheduler;step0.layer34.dispatch,2740.247061504,0.000000000,2740.247061504,step0.layer34.scheduler,PIM_GWRITE token operands
0,34,step0.layer34.pim_expert_compute,pim_expert,PIM_COMPUTE,step0.layer34.pim_gwrite,2740.247061504,0.000000000,2740.247061504,step0.layer34.pim_gwrite,serialized PIM expert GEMV
0,34,step0.layer34.pim_read,pim_read,GPU_PIM_IO,step0.layer34.pim_expert_compute,2740.247061504,0.000000000,2740.247061504,step0.layer34.pim_gwrite,PIM expert result read
0,34,step0.layer34.combine,combine,GPU_COMPUTE,step0.layer34.gpu_expert_compute;step0.layer34.pim_read,2801.318248960,1.036864000,2802.355112960,step0.layer34.gpu_expert_compute,weighted expert combine
0,34,step0.layer34.residual2,residual,GPU_COMPUTE,step0.layer34.combine,2802.355112960,1.012288000,2803.367400960,step0.layer34.combine,residual add
0,35,step0.layer35.norm1,norm,GPU_COMPUTE,step0.layer34.residual2,2803.367400960,1.008192000,2804.375592960,step0.layer34.residual2,RMSNorm
0,35,step0.layer35.qkv,qkv,GPU_COMPUTE,step0.layer35.norm1,2804.375592960,3.635776000,2808.011368960,step0.layer35.norm1,QKV projection
0,35,step0.layer35.rope,rope,GPU_COMPUTE,step0.layer35.qkv,2808.011368960,1.018432000,2809.029800960,step0.layer35.qkv,QK norm and RoPE
0,35,step0.layer35.attention,attention,GPU_COMPUTE,step0.layer35.rope,2809.029800960,3.113536000,2812.143336960,step0.layer35.rope,decode attention on GPU
0,35,step0.layer35.o_proj,attention_output,GPU_COMPUTE,step0.layer35.attention,2812.143336960,3.109440000,2815.252776960,step0.layer35.attention,attention output projection
0,35,step0.layer35.residual1,residual,GPU_COMPUTE,step0.layer35.o_proj,2815.252776960,1.012288000,2816.265064960,step0.layer35.o_proj,residual add
0,35,step0.layer35.norm2,norm,GPU_COMPUTE,step0.layer35.residual1,2816.265064960,1.008192000,2817.273256960,step0.layer35.residual1,RMSNorm
0,35,step0.layer35.router,router,GPU_COMPUTE,step0.layer35.norm2,2817.273256960,2.069888000,2819.343144960,step0.layer35.norm2,MoE router
0,35,step0.layer35.metadata,metadata,GPU_COMPUTE,step0.layer35.router,2819.343144960,1.000128000,2820.343272960,step0.layer35.router,routing metadata
0,35,step0.layer35.dispatch,dispatch,,step0.layer35.metadata,2820.343272960,0.000000000,2820.343272960,step0.layer35.metadata,single-GPU dispatch placeholder
0,35,step0.layer35.scheduler,scheduler,GPU_COMPUTE,step0.layer35.metadata,2820.343272960,0.000000000,2820.343272960,step0.layer35.metadata,gpu-only placement policy
0,35,step0.layer35.gpu_weight_load,gpu_weight_load,HBM_MEM_PATH,step0.layer35.scheduler,2820.343272960,57.802752000,2878.146024960,step0.layer35.scheduler,expert weights HBM to GPU
0,35,step0.layer35.gpu_expert_compute,gpu_expert,GPU_COMPUTE,step0.layer35.gpu_weight_load;step0.layer35.dispatch,2878.146024960,3.268435456,2881.414460416,step0.layer35.gpu_weight_load,grouped expert GEMM
0,35,step0.layer35.pim_gwrite,pim_write,GPU_PIM_IO,step0.layer35.scheduler;step0.layer35.dispatch,2820.343272960,0.000000000,2820.343272960,step0.layer35.scheduler,PIM_GWRITE token operands
0,35,step0.layer35.pim_expert_compute,pim_expert,PIM_COMPUTE,step0.layer35.pim_gwrite,2820.343272960,0.000000000,2820.343272960,step0.layer35.pim_gwrite,serialized PIM expert GEMV
0,35,step0.layer35.pim_read,pim_read,GPU_PIM_IO,step0.layer35.pim_expert_compute,2820.343272960,0.000000000,2820.343272960,step0.layer35.pim_gwrite,PIM expert result read
0,35,step0.layer35.combine,combine,GPU_COMPUTE,step0.layer35.gpu_expert_compute;step0.layer35.pim_read,2881.414460416,1.036864000,2882.451324416,step0.layer35.gpu_expert_compute,weighted expert combine
0,35,step0.layer35.residual2,residual,GPU_COMPUTE,step0.layer35.combine,2882.451324416,1.012288000,2883.463612416,step0.layer35.combine,residual add
0,36,step0.layer36.norm1,norm,GPU_COMPUTE,step0.layer35.residual2,2883.463612416,1.008192000,2884.471804416,step0.layer35.residual2,RMSNorm
0,36,step0.layer36.qkv,qkv,GPU_COMPUTE,step0.layer36.norm1,2884.471804416,3.635776000,2888.107580416,step0.layer36.norm1,QKV projection
0,36,step0.layer36.rope,rope,GPU_COMPUTE,step0.layer36.qkv,2888.107580416,1.018432000,2889.126012416,step0.layer36.qkv,QK norm and RoPE
0,36,step0.layer36.attention,attention,GPU_COMPUTE,step0.layer36.rope,2889.126012416,3.113536000,2892.239548416,step0.layer36.rope,decode attention on GPU
0,36,step0.layer36.o_proj,attention_output,GPU_COMPUTE,step0.layer36.attention,2892.239548416,3.109440000,2895.348988416,step0.layer36.attention,attention output projection
0,36,step0.layer36.residual1,residual,GPU_COMPUTE,step0.layer36.o_proj,2895.348988416,1.012288000,2896.361276416,step0.layer36.o_proj,residual add
0,36,step0.layer36.norm2,norm,GPU_COMPUTE,step0.layer36.residual1,2896.361276416,1.008192000,2897.369468416,step0.layer36.residual1,RMSNorm
0,36,step0.layer36.router,router,GPU_COMPUTE,step0.layer36.norm2,2897.369468416,2.069888000,2899.439356416,step0.layer36.norm2,MoE router
0,36,step0.layer36.metadata,metadata,GPU_COMPUTE,step0.layer36.router,2899.439356416,1.000128000,2900.439484416,step0.layer36.router,routing metadata
0,36,step0.layer36.dispatch,dispatch,,step0.layer36.metadata,2900.439484416,0.000000000,2900.439484416,step0.layer36.metadata,single-GPU dispatch placeholder
0,36,step0.layer36.scheduler,scheduler,GPU_COMPUTE,step0.layer36.metadata,2900.439484416,0.000000000,2900.439484416,step0.layer36.metadata,gpu-only placement policy
0,36,step0.layer36.gpu_weight_load,gpu_weight_load,HBM_MEM_PATH,step0.layer36.scheduler,2900.439484416,57.802752000,2958.242236416,step0.layer36.scheduler,expert weights HBM to GPU
0,36,step0.layer36.gpu_expert_compute,gpu_expert,GPU_COMPUTE,step0.layer36.gpu_weight_load;step0.layer36.dispatch,2958.242236416,3.268435456,2961.510671872,step0.layer36.gpu_weight_load,grouped expert GEMM
0,36,step0.layer36.pim_gwrite,pim_write,GPU_PIM_IO,step0.layer36.scheduler;step0.layer36.dispatch,2900.439484416,0.000000000,2900.439484416,step0.layer36.scheduler,PIM_GWRITE token operands
0,36,step0.layer36.pim_expert_compute,pim_expert,PIM_COMPUTE,step0.layer36.pim_gwrite,2900.439484416,0.000000000,2900.439484416,step0.layer36.pim_gwrite,serialized PIM expert GEMV
0,36,step0.layer36.pim_read,pim_read,GPU_PIM_IO,step0.layer36.pim_expert_compute,2900.439484416,0.000000000,2900.439484416,step0.layer36.pim_gwrite,PIM expert result read
0,36,step0.layer36.combine,combine,GPU_COMPUTE,step0.layer36.gpu_expert_compute;step0.layer36.pim_read,2961.510671872,1.036864000,2962.547535872,step0.layer36.gpu_expert_compute,weighted expert combine
0,36,step0.layer36.residual2,residual,GPU_COMPUTE,step0.layer36.combine,2962.547535872,1.012288000,2963.559823872,step0.layer36.combine,residual add
0,37,step0.layer37.norm1,norm,GPU_COMPUTE,step0.layer36.residual2,2963.559823872,1.008192000,2964.568015872,step0.layer36.residual2,RMSNorm
0,37,step0.layer37.qkv,qkv,GPU_COMPUTE,step0.layer37.norm1,2964.568015872,3.635776000,2968.203791872,step0.layer37.norm1,QKV projection
0,37,step0.layer37.rope,rope,GPU_COMPUTE,step0.layer37.qkv,2968.203791872,1.018432000,2969.222223872,step0.layer37.qkv,QK norm and RoPE
0,37,step0.layer37.attention,attention,GPU_COMPUTE,step0.layer37.rope,2969.222223872,3.113536000,2972.335759872,step0.layer37.rope,decode attention on GPU
0,37,step0.layer37.o_proj,attention_output,GPU_COMPUTE,step0.layer37.attention,2972.335759872,3.109440000,2975.445199872,step0.layer37.attention,attention output projection
0,37,step0.layer37.residual1,residual,GPU_COMPUTE,step0.layer37.o_proj,2975.445199872,1.012288000,2976.457487872,step0.layer37.o_proj,residual add
0,37,step0.layer37.norm2,norm,GPU_COMPUTE,step0.layer37.residual1,2976.457487872,1.008192000,2977.465679872,step0.layer37.residual1,RMSNorm
0,37,step0.layer37.router,router,GPU_COMPUTE,step0.layer37.norm2,2977.465679872,2.069888000,2979.535567872,step0.layer37.norm2,MoE router
0,37,step0.layer37.metadata,metadata,GPU_COMPUTE,step0.layer37.router,2979.535567872,1.000128000,2980.535695872,step0.layer37.router,routing metadata
0,37,step0.layer37.dispatch,dispatch,,step0.layer37.metadata,2980.535695872,0.000000000,2980.535695872,step0.layer37.metadata,single-GPU dispatch placeholder
0,37,step0.layer37.scheduler,scheduler,GPU_COMPUTE,step0.layer37.metadata,2980.535695872,0.000000000,2980.535695872,step0.layer37.metadata,gpu-only placement policy
0,37,step0.layer37.gpu_weight_load,gpu_weight_load,HBM_MEM_PATH,step0.layer37.scheduler,2980.535695872,57.802752000,3038.338447872,step0.layer37.scheduler,expert weights HBM to GPU
0,37,step0.layer37.gpu_expert_compute,gpu_expert,GPU_COMPUTE,step0.layer37.gpu_weight_load;step0.layer37.dispatch,3038.338447872,3.268435456,3041.606883328,step0.layer37.gpu_weight_load,grouped expert GEMM
0,37,step0.layer37.pim_gwrite,pim_write,GPU_PIM_IO,step0.layer37.scheduler;step0.layer37.dispatch,2980.535695872,0.000000000,2980.535695872,step0.layer37.scheduler,PIM_GWRITE token operands
0,37,step0.layer37.pim_expert_compute,pim_expert,PIM_COMPUTE,step0.layer37.pim_gwrite,2980.535695872,0.000000000,2980.535695872,step0.layer37.pim_gwrite,serialized PIM expert GEMV
0,37,step0.layer37.pim_read,pim_read,GPU_PIM_IO,step0.layer37.pim_expert_compute,2980.535695872,0.000000000,2980.535695872,step0.layer37.pim_gwrite,PIM expert result read
0,37,step0.layer37.combine,combine,GPU_COMPUTE,step0.layer37.gpu_expert_compute;step0.layer37.pim_read,3041.606883328,1.036864000,3042.643747328,step0.layer37.gpu_expert_compute,weighted expert combine
0,37,step0.layer37.residual2,residual,GPU_COMPUTE,step0.layer37.combine,3042.643747328,1.012288000,3043.656035328,step0.layer37.combine,residual add
0,38,step0.layer38.norm1,norm,GPU_COMPUTE,step0.layer37.residual2,3043.656035328,1.008192000,3044.664227328,step0.layer37.residual2,RMSNorm
0,38,step0.layer38.qkv,qkv,GPU_COMPUTE,step0.layer38.norm1,3044.664227328,3.635776000,3048.300003328,step0.layer38.norm1,QKV projection
0,38,step0.layer38.rope,rope,GPU_COMPUTE,step0.layer38.qkv,3048.300003328,1.018432000,3049.318435328,step0.layer38.qkv,QK norm and RoPE
0,38,step0.layer38.attention,attention,GPU_COMPUTE,step0.layer38.rope,3049.318435328,3.113536000,3052.431971328,step0.layer38.rope,decode attention on GPU
0,38,step0.layer38.o_proj,attention_output,GPU_COMPUTE,step0.layer38.attention,3052.431971328,3.109440000,3055.541411328,step0.layer38.attention,attention output projection
0,38,step0.layer38.residual1,residual,GPU_COMPUTE,step0.layer38.o_proj,3055.541411328,1.012288000,3056.553699328,step0.layer38.o_proj,residual add
0,38,step0.layer38.norm2,norm,GPU_COMPUTE,step0.layer38.residual1,3056.553699328,1.008192000,3057.561891328,step0.layer38.residual1,RMSNorm
0,38,step0.layer38.router,router,GPU_COMPUTE,step0.layer38.norm2,3057.561891328,2.069888000,3059.631779328,step0.layer38.norm2,MoE router
0,38,step0.layer38.metadata,metadata,GPU_COMPUTE,step0.layer38.router,3059.631779328,1.000128000,3060.631907328,step0.layer38.router,routing metadata
0,38,step0.layer38.dispatch,dispatch,,step0.layer38.metadata,3060.631907328,0.000000000,3060.631907328,step0.layer38.metadata,single-GPU dispatch placeholder
0,38,step0.layer38.scheduler,scheduler,GPU_COMPUTE,step0.layer38.metadata,3060.631907328,0.000000000,3060.631907328,step0.layer38.metadata,gpu-only placement policy
0,38,step0.layer38.gpu_weight_load,gpu_weight_load,HBM_MEM_PATH,step0.layer38.scheduler,3060.631907328,57.802752000,3118.434659328,step0.layer38.scheduler,expert weights HBM to GPU
0,38,step0.layer38.gpu_expert_compute,gpu_expert,GPU_COMPUTE,step0.layer38.gpu_weight_load;step0.layer38.dispatch,3118.434659328,3.268435456,3121.703094784,step0.layer38.gpu_weight_load,grouped expert GEMM
0,38,step0.layer38.pim_gwrite,pim_write,GPU_PIM_IO,step0.layer38.scheduler;step0.layer38.dispatch,3060.631907328,0.000000000,3060.631907328,step0.layer38.scheduler,PIM_GWRITE token operands
0,38,step0.layer38.pim_expert_compute,pim_expert,PIM_COMPUTE,step0.layer38.pim_gwrite,3060.631907328,0.000000000,3060.631907328,step0.layer38.pim_gwrite,serialized PIM expert GEMV
0,38,step0.layer38.pim_read,pim_read,GPU_PIM_IO,step0.layer38.pim_expert_compute,3060.631907328,0.000000000,3060.631907328,step0.layer38.pim_gwrite,PIM expert result read
0,38,step0.layer38.combine,combine,GPU_COMPUTE,step0.layer38.gpu_expert_compute;step0.layer38.pim_read,3121.703094784,1.036864000,3122.739958784,step0.layer38.gpu_expert_compute,weighted expert combine
0,38,step0.layer38.residual2,residual,GPU_COMPUTE,step0.layer38.combine,3122.739958784,1.012288000,3123.752246784,step0.layer38.combine,residual add
0,39,step0.layer39.norm1,norm,GPU_COMPUTE,step0.layer38.residual2,3123.752246784,1.008192000,3124.760438784,step0.layer38.residual2,RMSNorm
0,39,step0.layer39.qkv,qkv,GPU_COMPUTE,step0.layer39.norm1,3124.760438784,3.635776000,3128.396214784,step0.layer39.norm1,QKV projection
0,39,step0.layer39.rope,rope,GPU_COMPUTE,step0.layer39.qkv,3128.396214784,1.018432000,3129.414646784,step0.layer39.qkv,QK norm and RoPE
0,39,step0.layer39.attention,attention,GPU_COMPUTE,step0.layer39.rope,3129.414646784,3.113536000,3132.528182784,step0.layer39.rope,decode attention on GPU
0,39,step0.layer39.o_proj,attention_output,GPU_COMPUTE,step0.layer39.attention,3132.528182784,3.109440000,3135.637622784,step0.layer39.attention,attention output projection
0,39,step0.layer39.residual1,residual,GPU_COMPUTE,step0.layer39.o_proj,3135.637622784,1.012288000,3136.649910784,step0.layer39.o_proj,residual add
0,39,step0.layer39.norm2,norm,GPU_COMPUTE,step0.layer39.residual1,3136.649910784,1.008192000,3137.658102784,step0.layer39.residual1,RMSNorm
0,39,step0.layer39.router,router,GPU_COMPUTE,step0.layer39.norm2,3137.658102784,2.069888000,3139.727990784,step0.layer39.norm2,MoE router
0,39,step0.layer39.metadata,metadata,GPU_COMPUTE,step0.layer39.router,3139.727990784,1.000128000,3140.728118784,step0.layer39.router,routing metadata
0,39,step0.layer39.dispatch,dispatch,,step0.layer39.metadata,3140.728118784,0.000000000,3140.728118784,step0.layer39.metadata,single-GPU dispatch placeholder
0,39,step0.layer39.scheduler,scheduler,GPU_COMPUTE,step0.layer39.metadata,3140.728118784,0.000000000,3140.728118784,step0.layer39.metadata,gpu-only placement policy
0,39,step0.layer39.gpu_weight_load,gpu_weight_load,HBM_MEM_PATH,step0.layer39.scheduler,3140.728118784,57.802752000,3198.530870784,step0.layer39.scheduler,expert weights HBM to GPU
0,39,step0.layer39.gpu_expert_compute,gpu_expert,GPU_COMPUTE,step0.layer39.gpu_weight_load;step0.layer39.dispatch,3198.530870784,3.268435456,3201.799306240,step0.layer39.gpu_weight_load,grouped expert GEMM
0,39,step0.layer39.pim_gwrite,pim_write,GPU_PIM_IO,step0.layer39.scheduler;step0.layer39.dispatch,3140.728118784,0.000000000,3140.728118784,step0.layer39.scheduler,PIM_GWRITE token operands
0,39,step0.layer39.pim_expert_compute,pim_expert,PIM_COMPUTE,step0.layer39.pim_gwrite,3140.728118784,0.000000000,3140.728118784,step0.layer39.pim_gwrite,serialized PIM expert GEMV
0,39,step0.layer39.pim_read,pim_read,GPU_PIM_IO,step0.layer39.pim_expert_compute,3140.728118784,0.000000000,3140.728118784,step0.layer39.pim_gwrite,PIM expert result read
0,39,step0.layer39.combine,combine,GPU_COMPUTE,step0.layer39.gpu_expert_compute;step0.layer39.pim_read,3201.799306240,1.036864000,3202.836170240,step0.layer39.gpu_expert_compute,weighted expert combine
0,39,step0.layer39.residual2,residual,GPU_COMPUTE,step0.layer39.combine,3202.836170240,1.012288000,3203.848458240,step0.layer39.combine,residual add
0,40,step0.layer40.norm1,norm,GPU_COMPUTE,step0.layer39.residual2,3203.848458240,1.008192000,3204.856650240,step0.layer39.residual2,RMSNorm
0,40,step0.layer40.qkv,qkv,GPU_COMPUTE,step0.layer40.norm1,3204.856650240,3.635776000,3208.492426240,step0.layer40.norm1,QKV projection
0,40,step0.layer40.rope,rope,GPU_COMPUTE,step0.layer40.qkv,3208.492426240,1.018432000,3209.510858240,step0.layer40.qkv,QK norm and RoPE
0,40,step0.layer40.attention,attention,GPU_COMPUTE,step0.layer40.rope,3209.510858240,3.113536000,3212.624394240,step0.layer40.rope,decode attention on GPU
0,40,step0.layer40.o_proj,attention_output,GPU_COMPUTE,step0.layer40.attention,3212.624394240,3.109440000,3215.733834240,step0.layer40.attention,attention output projection
0,40,step0.layer40.residual1,residual,GPU_COMPUTE,step0.layer40.o_proj,3215.733834240,1.012288000,3216.746122240,step0.layer40.o_proj,residual add
0,40,step0.layer40.norm2,norm,GPU_COMPUTE,step0.layer40.residual1,3216.746122240,1.008192000,3217.754314240,step0.layer40.residual1,RMSNorm
0,40,step0.layer40.router,router,GPU_COMPUTE,step0.layer40.norm2,3217.754314240,2.069888000,3219.824202240,step0.layer40.norm2,MoE router
0,40,step0.layer40.metadata,metadata,GPU_COMPUTE,step0.layer40.router,3219.824202240,1.000128000,3220.824330240,step0.layer40.router,routing metadata
0,40,step0.layer40.dispatch,dispatch,,step0.layer40.metadata,3220.824330240,0.000000000,3220.824330240,step0.layer40.metadata,single-GPU dispatch placeholder
0,40,step0.layer40.scheduler,scheduler,GPU_COMPUTE,step0.layer40.metadata,3220.824330240,0.000000000,3220.824330240,step0.layer40.metadata,gpu-only placement policy
0,40,step0.layer40.gpu_weight_load,gpu_weight_load,HBM_MEM_PATH,step0.layer40.scheduler,3220.824330240,57.802752000,3278.627082240,step0.layer40.scheduler,expert weights HBM to GPU
0,40,step0.layer40.gpu_expert_compute,gpu_expert,GPU_COMPUTE,step0.layer40.gpu_weight_load;step0.layer40.dispatch,3278.627082240,3.268435456,3281.895517696,step0.layer40.gpu_weight_load,grouped expert GEMM
0,40,step0.layer40.pim_gwrite,pim_write,GPU_PIM_IO,step0.layer40.scheduler;step0.layer40.dispatch,3220.824330240,0.000000000,3220.824330240,step0.layer40.scheduler,PIM_GWRITE token operands
0,40,step0.layer40.pim_expert_compute,pim_expert,PIM_COMPUTE,step0.layer40.pim_gwrite,3220.824330240,0.000000000,3220.824330240,step0.layer40.pim_gwrite,serialized PIM expert GEMV
0,40,step0.layer40.pim_read,pim_read,GPU_PIM_IO,step0.layer40.pim_expert_compute,3220.824330240,0.000000000,3220.824330240,step0.layer40.pim_gwrite,PIM expert result read
0,40,step0.layer40.combine,combine,GPU_COMPUTE,step0.layer40.gpu_expert_compute;step0.layer40.pim_read,3281.895517696,1.036864000,3282.932381696,step0.layer40.gpu_expert_compute,weighted expert combine
0,40,step0.layer40.residual2,residual,GPU_COMPUTE,step0.layer40.combine,3282.932381696,1.012288000,3283.944669696,step0.layer40.combine,residual add
0,41,step0.layer41.norm1,norm,GPU_COMPUTE,step0.layer40.residual2,3283.944669696,1.008192000,3284.952861696,step0.layer40.residual2,RMSNorm
0,41,step0.layer41.qkv,qkv,GPU_COMPUTE,step0.layer41.norm1,3284.952861696,3.635776000,3288.588637696,step0.layer41.norm1,QKV projection
0,41,step0.layer41.rope,rope,GPU_COMPUTE,step0.layer41.qkv,3288.588637696,1.018432000,3289.607069696,step0.layer41.qkv,QK norm and RoPE
0,41,step0.layer41.attention,attention,GPU_COMPUTE,step0.layer41.rope,3289.607069696,3.113536000,3292.720605696,step0.layer41.rope,decode attention on GPU
0,41,step0.layer41.o_proj,attention_output,GPU_COMPUTE,step0.layer41.attention,3292.720605696,3.109440000,3295.830045696,step0.layer41.attention,attention output projection
0,41,step0.layer41.residual1,residual,GPU_COMPUTE,step0.layer41.o_proj,3295.830045696,1.012288000,3296.842333696,step0.layer41.o_proj,residual add
0,41,step0.layer41.norm2,norm,GPU_COMPUTE,step0.layer41.residual1,3296.842333696,1.008192000,3297.850525696,step0.layer41.residual1,RMSNorm
0,41,step0.layer41.router,router,GPU_COMPUTE,step0.layer41.norm2,3297.850525696,2.069888000,3299.920413696,step0.layer41.norm2,MoE router
0,41,step0.layer41.metadata,metadata,GPU_COMPUTE,step0.layer41.router,3299.920413696,1.000128000,3300.920541696,step0.layer41.router,routing metadata
0,41,step0.layer41.dispatch,dispatch,,step0.layer41.metadata,3300.920541696,0.000000000,3300.920541696,step0.layer41.metadata,single-GPU dispatch placeholder
0,41,step0.layer41.scheduler,scheduler,GPU_COMPUTE,step0.layer41.metadata,3300.920541696,0.000000000,3300.920541696,step0.layer41.metadata,gpu-only placement policy
0,41,step0.layer41.gpu_weight_load,gpu_weight_load,HBM_MEM_PATH,step0.layer41.scheduler,3300.920541696,57.802752000,3358.723293696,step0.layer41.scheduler,expert weights HBM to GPU
0,41,step0.layer41.gpu_expert_compute,gpu_expert,GPU_COMPUTE,step0.layer41.gpu_weight_load;step0.layer41.dispatch,3358.723293696,3.268435456,3361.991729152,step0.layer41.gpu_weight_load,grouped expert GEMM
0,41,step0.layer41.pim_gwrite,pim_write,GPU_PIM_IO,step0.layer41.scheduler;step0.layer41.dispatch,3300.920541696,0.000000000,3300.920541696,step0.layer41.scheduler,PIM_GWRITE token operands
0,41,step0.layer41.pim_expert_compute,pim_expert,PIM_COMPUTE,step0.layer41.pim_gwrite,3300.920541696,0.000000000,3300.920541696,step0.layer41.pim_gwrite,serialized PIM expert GEMV
0,41,step0.layer41.pim_read,pim_read,GPU_PIM_IO,step0.layer41.pim_expert_compute,3300.920541696,0.000000000,3300.920541696,step0.layer41.pim_gwrite,PIM expert result read
0,41,step0.layer41.combine,combine,GPU_COMPUTE,step0.layer41.gpu_expert_compute;step0.layer41.pim_read,3361.991729152,1.036864000,3363.028593152,step0.layer41.gpu_expert_compute,weighted expert combine
0,41,step0.layer41.residual2,residual,GPU_COMPUTE,step0.layer41.combine,3363.028593152,1.012288000,3364.040881152,step0.layer41.combine,residual add
0,42,step0.layer42.norm1,norm,GPU_COMPUTE,step0.layer41.residual2,3364.040881152,1.008192000,3365.049073152,step0.layer41.residual2,RMSNorm
0,42,step0.layer42.qkv,qkv,GPU_COMPUTE,step0.layer42.norm1,3365.049073152,3.635776000,3368.684849152,step0.layer42.norm1,QKV projection
0,42,step0.layer42.rope,rope,GPU_COMPUTE,step0.layer42.qkv,3368.684849152,1.018432000,3369.703281152,step0.layer42.qkv,QK norm and RoPE
0,42,step0.layer42.attention,attention,GPU_COMPUTE,step0.layer42.rope,3369.703281152,3.113536000,3372.816817152,step0.layer42.rope,decode attention on GPU
0,42,step0.layer42.o_proj,attention_output,GPU_COMPUTE,step0.layer42.attention,3372.816817152,3.109440000,3375.926257152,step0.layer42.attention,attention output projection
0,42,step0.layer42.residual1,residual,GPU_COMPUTE,step0.layer42.o_proj,3375.926257152,1.012288000,3376.938545152,step0.layer42.o_proj,residual add
0,42,step0.layer42.norm2,norm,GPU_COMPUTE,step0.layer42.residual1,3376.938545152,1.008192000,3377.946737152,step0.layer42.residual1,RMSNorm
0,42,step0.layer42.router,router,GPU_COMPUTE,step0.layer42.norm2,3377.946737152,2.069888000,3380.016625152,step0.layer42.norm2,MoE router
0,42,step0.layer42.metadata,metadata,GPU_COMPUTE,step0.layer42.router,3380.016625152,1.000128000,3381.016753152,step0.layer42.router,routing metadata
0,42,step0.layer42.dispatch,dispatch,,step0.layer42.metadata,3381.016753152,0.000000000,3381.016753152,step0.layer42.metadata,single-GPU dispatch placeholder
0,42,step0.layer42.scheduler,scheduler,GPU_COMPUTE,step0.layer42.metadata,3381.016753152,0.000000000,3381.016753152,step0.layer42.metadata,gpu-only placement policy
0,42,step0.layer42.gpu_weight_load,gpu_weight_load,HBM_MEM_PATH,step0.layer42.scheduler,3381.016753152,57.802752000,3438.819505152,step0.layer42.scheduler,expert weights HBM to GPU
0,42,step0.layer42.gpu_expert_compute,gpu_expert,GPU_COMPUTE,step0.layer42.gpu_weight_load;step0.layer42.dispatch,3438.819505152,3.268435456,3442.087940608,step0.layer42.gpu_weight_load,grouped expert GEMM
0,42,step0.layer42.pim_gwrite,pim_write,GPU_PIM_IO,step0.layer42.scheduler;step0.layer42.dispatch,3381.016753152,0.000000000,3381.016753152,step0.layer42.scheduler,PIM_GWRITE token operands
0,42,step0.layer42.pim_expert_compute,pim_expert,PIM_COMPUTE,step0.layer42.pim_gwrite,3381.016753152,0.000000000,3381.016753152,step0.layer42.pim_gwrite,serialized PIM expert GEMV
0,42,step0.layer42.pim_read,pim_read,GPU_PIM_IO,step0.layer42.pim_expert_compute,3381.016753152,0.000000000,3381.016753152,step0.layer42.pim_gwrite,PIM expert result read
0,42,step0.layer42.combine,combine,GPU_COMPUTE,step0.layer42.gpu_expert_compute;step0.layer42.pim_read,3442.087940608,1.036864000,3443.124804608,step0.layer42.gpu_expert_compute,weighted expert combine
0,42,step0.layer42.residual2,residual,GPU_COMPUTE,step0.layer42.combine,3443.124804608,1.012288000,3444.137092608,step0.layer42.combine,residual add
0,43,step0.layer43.norm1,norm,GPU_COMPUTE,step0.layer42.residual2,3444.137092608,1.008192000,3445.145284608,step0.layer42.residual2,RMSNorm
0,43,step0.layer43.qkv,qkv,GPU_COMPUTE,step0.layer43.norm1,3445.145284608,3.635776000,3448.781060608,step0.layer43.norm1,QKV projection
0,43,step0.layer43.rope,rope,GPU_COMPUTE,step0.layer43.qkv,3448.781060608,1.018432000,3449.799492608,step0.layer43.qkv,QK norm and RoPE
0,43,step0.layer43.attention,attention,GPU_COMPUTE,step0.layer43.rope,3449.799492608,3.113536000,3452.913028608,step0.layer43.rope,decode attention on GPU
0,43,step0.layer43.o_proj,attention_output,GPU_COMPUTE,step0.layer43.attention,3452.913028608,3.109440000,3456.022468608,step0.layer43.attention,attention output projection
0,43,step0.layer43.residual1,residual,GPU_COMPUTE,step0.layer43.o_proj,3456.022468608,1.012288000,3457.034756608,step0.layer43.o_proj,residual add
0,43,step0.layer43.norm2,norm,GPU_COMPUTE,step0.layer43.residual1,3457.034756608,1.008192000,3458.042948608,step0.layer43.residual1,RMSNorm
0,43,step0.layer43.router,router,GPU_COMPUTE,step0.layer43.norm2,3458.042948608,2.069888000,3460.112836608,step0.layer43.norm2,MoE router
0,43,step0.layer43.metadata,metadata,GPU_COMPUTE,step0.layer43.router,3460.112836608,1.000128000,3461.112964608,step0.layer43.router,routing metadata
0,43,step0.layer43.dispatch,dispatch,,step0.layer43.metadata,3461.112964608,0.000000000,3461.112964608,step0.layer43.metadata,single-GPU dispatch placeholder
0,43,step0.layer43.scheduler,scheduler,GPU_COMPUTE,step0.layer43.metadata,3461.112964608,0.000000000,3461.112964608,step0.layer43.metadata,gpu-only placement policy
0,43,step0.layer43.gpu_weight_load,gpu_weight_load,HBM_MEM_PATH,step0.layer43.scheduler,3461.112964608,57.802752000,3518.915716608,step0.layer43.scheduler,expert weights HBM to GPU
0,43,step0.layer43.gpu_expert_compute,gpu_expert,GPU_COMPUTE,step0.layer43.gpu_weight_load;step0.layer43.dispatch,3518.915716608,3.268435456,3522.184152064,step0.layer43.gpu_weight_load,grouped expert GEMM
0,43,step0.layer43.pim_gwrite,pim_write,GPU_PIM_IO,step0.layer43.scheduler;step0.layer43.dispatch,3461.112964608,0.000000000,3461.112964608,step0.layer43.scheduler,PIM_GWRITE token operands
0,43,step0.layer43.pim_expert_compute,pim_expert,PIM_COMPUTE,step0.layer43.pim_gwrite,3461.112964608,0.000000000,3461.112964608,step0.layer43.pim_gwrite,serialized PIM expert GEMV
0,43,step0.layer43.pim_read,pim_read,GPU_PIM_IO,step0.layer43.pim_expert_compute,3461.112964608,0.000000000,3461.112964608,step0.layer43.pim_gwrite,PIM expert result read
0,43,step0.layer43.combine,combine,GPU_COMPUTE,step0.layer43.gpu_expert_compute;step0.layer43.pim_read,3522.184152064,1.036864000,3523.221016064,step0.layer43.gpu_expert_compute,weighted expert combine
0,43,step0.layer43.residual2,residual,GPU_COMPUTE,step0.layer43.combine,3523.221016064,1.012288000,3524.233304064,step0.layer43.combine,residual add
0,44,step0.layer44.norm1,norm,GPU_COMPUTE,step0.layer43.residual2,3524.233304064,1.008192000,3525.241496064,step0.layer43.residual2,RMSNorm
0,44,step0.layer44.qkv,qkv,GPU_COMPUTE,step0.layer44.norm1,3525.241496064,3.635776000,3528.877272064,step0.layer44.norm1,QKV projection
0,44,step0.layer44.rope,rope,GPU_COMPUTE,step0.layer44.qkv,3528.877272064,1.018432000,3529.895704064,step0.layer44.qkv,QK norm and RoPE
0,44,step0.layer44.attention,attention,GPU_COMPUTE,step0.layer44.rope,3529.895704064,3.113536000,3533.009240064,step0.layer44.rope,decode attention on GPU
0,44,step0.layer44.o_proj,attention_output,GPU_COMPUTE,step0.layer44.attention,3533.009240064,3.109440000,3536.118680064,step0.layer44.attention,attention output projection
0,44,step0.layer44.residual1,residual,GPU_COMPUTE,step0.layer44.o_proj,3536.118680064,1.012288000,3537.130968064,step0.layer44.o_proj,residual add
0,44,step0.layer44.norm2,norm,GPU_COMPUTE,step0.layer44.residual1,3537.130968064,1.008192000,3538.139160064,step0.layer44.residual1,RMSNorm
0,44,step0.layer44.router,router,GPU_COMPUTE,step0.layer44.norm2,3538.139160064,2.069888000,3540.209048064,step0.layer44.norm2,MoE router
0,44,step0.layer44.metadata,metadata,GPU_COMPUTE,step0.layer44.router,3540.209048064,1.000128000,3541.209176064,step0.layer44.router,routing metadata
0,44,step0.layer44.dispatch,dispatch,,step0.layer44.metadata,3541.209176064,0.000000000,3541.209176064,step0.layer44.metadata,single-GPU dispatch placeholder
0,44,step0.layer44.scheduler,scheduler,GPU_COMPUTE,step0.layer44.metadata,3541.209176064,0.000000000,3541.209176064,step0.layer44.metadata,gpu-only placement policy
0,44,step0.layer44.gpu_weight_load,gpu_weight_load,HBM_MEM_PATH,step0.layer44.scheduler,3541.209176064,57.802752000,3599.011928064,step0.layer44.scheduler,expert weights HBM to GPU
0,44,step0.layer44.gpu_expert_compute,gpu_expert,GPU_COMPUTE,step0.layer44.gpu_weight_load;step0.layer44.dispatch,3599.011928064,3.268435456,3602.280363520,step0.layer44.gpu_weight_load,grouped expert GEMM
0,44,step0.layer44.pim_gwrite,pim_write,GPU_PIM_IO,step0.layer44.scheduler;step0.layer44.dispatch,3541.209176064,0.000000000,3541.209176064,step0.layer44.scheduler,PIM_GWRITE token operands
0,44,step0.layer44.pim_expert_compute,pim_expert,PIM_COMPUTE,step0.layer44.pim_gwrite,3541.209176064,0.000000000,3541.209176064,step0.layer44.pim_gwrite,serialized PIM expert GEMV
0,44,step0.layer44.pim_read,pim_read,GPU_PIM_IO,step0.layer44.pim_expert_compute,3541.209176064,0.000000000,3541.209176064,step0.layer44.pim_gwrite,PIM expert result read
0,44,step0.layer44.combine,combine,GPU_COMPUTE,step0.layer44.gpu_expert_compute;step0.layer44.pim_read,3602.280363520,1.036864000,3603.317227520,step0.layer44.gpu_expert_compute,weighted expert combine
0,44,step0.layer44.residual2,residual,GPU_COMPUTE,step0.layer44.combine,3603.317227520,1.012288000,3604.329515520,step0.layer44.combine,residual add
0,45,step0.layer45.norm1,norm,GPU_COMPUTE,step0.layer44.residual2,3604.329515520,1.008192000,3605.337707520,step0.layer44.residual2,RMSNorm
0,45,step0.layer45.qkv,qkv,GPU_COMPUTE,step0.layer45.norm1,3605.337707520,3.635776000,3608.973483520,step0.layer45.norm1,QKV projection
0,45,step0.layer45.rope,rope,GPU_COMPUTE,step0.layer45.qkv,3608.973483520,1.018432000,3609.991915520,step0.layer45.qkv,QK norm and RoPE
0,45,step0.layer45.attention,attention,GPU_COMPUTE,step0.layer45.rope,3609.991915520,3.113536000,3613.105451520,step0.layer45.rope,decode attention on GPU
0,45,step0.layer45.o_proj,attention_output,GPU_COMPUTE,step0.layer45.attention,3613.105451520,3.109440000,3616.214891520,step0.layer45.attention,attention output projection
0,45,step0.layer45.residual1,residual,GPU_COMPUTE,step0.layer45.o_proj,3616.214891520,1.012288000,3617.227179520,step0.layer45.o_proj,residual add
0,45,step0.layer45.norm2,norm,GPU_COMPUTE,step0.layer45.residual1,3617.227179520,1.008192000,3618.235371520,step0.layer45.residual1,RMSNorm
0,45,step0.layer45.router,router,GPU_COMPUTE,step0.layer45.norm2,3618.235371520,2.069888000,3620.305259520,step0.layer45.norm2,MoE router
0,45,step0.layer45.metadata,metadata,GPU_COMPUTE,step0.layer45.router,3620.305259520,1.000128000,3621.305387520,step0.layer45.router,routing metadata
0,45,step0.layer45.dispatch,dispatch,,step0.layer45.metadata,3621.305387520,0.000000000,3621.305387520,step0.layer45.metadata,single-GPU dispatch placeholder
0,45,step0.layer45.scheduler,scheduler,GPU_COMPUTE,step0.layer45.metadata,3621.305387520,0.000000000,3621.305387520,step0.layer45.metadata,gpu-only placement policy
0,45,step0.layer45.gpu_weight_load,gpu_weight_load,HBM_MEM_PATH,step0.layer45.scheduler,3621.305387520,57.802752000,3679.108139520,step0.layer45.scheduler,expert weights HBM to GPU
0,45,step0.layer45.gpu_expert_compute,gpu_expert,GPU_COMPUTE,step0.layer45.gpu_weight_load;step0.layer45.dispatch,3679.108139520,3.268435456,3682.376574976,step0.layer45.gpu_weight_load,grouped expert GEMM
0,45,step0.layer45.pim_gwrite,pim_write,GPU_PIM_IO,step0.layer45.scheduler;step0.layer45.dispatch,3621.305387520,0.000000000,3621.305387520,step0.layer45.scheduler,PIM_GWRITE token operands
0,45,step0.layer45.pim_expert_compute,pim_expert,PIM_COMPUTE,step0.layer45.pim_gwrite,3621.305387520,0.000000000,3621.305387520,step0.layer45.pim_gwrite,serialized PIM expert GEMV
0,45,step0.layer45.pim_read,pim_read,GPU_PIM_IO,step0.layer45.pim_expert_compute,3621.305387520,0.000000000,3621.305387520,step0.layer45.pim_gwrite,PIM expert result read
0,45,step0.layer45.combine,combine,GPU_COMPUTE,step0.layer45.gpu_expert_compute;step0.layer45.pim_read,3682.376574976,1.036864000,3683.413438976,step0.layer45.gpu_expert_compute,weighted expert combine
0,45,step0.layer45.residual2,residual,GPU_COMPUTE,step0.layer45.combine,3683.413438976,1.012288000,3684.425726976,step0.layer45.combine,residual add
0,46,step0.layer46.norm1,norm,GPU_COMPUTE,step0.layer45.residual2,3684.425726976,1.008192000,3685.433918976,step0.layer45.residual2,RMSNorm
0,46,step0.layer46.qkv,qkv,GPU_COMPUTE,step0.layer46.norm1,3685.433918976,3.635776000,3689.069694976,step0.layer46.norm1,QKV projection
0,46,step0.layer46.rope,rope,GPU_COMPUTE,step0.layer46.qkv,3689.069694976,1.018432000,3690.088126976,step0.layer46.qkv,QK norm and RoPE
0,46,step0.layer46.attention,attention,GPU_COMPUTE,step0.layer46.rope,3690.088126976,3.113536000,3693.201662976,step0.layer46.rope,decode attention on GPU
0,46,step0.layer46.o_proj,attention_output,GPU_COMPUTE,step0.layer46.attention,3693.201662976,3.109440000,3696.311102976,step0.layer46.attention,attention output projection
0,46,step0.layer46.residual1,residual,GPU_COMPUTE,step0.layer46.o_proj,3696.311102976,1.012288000,3697.323390976,step0.layer46.o_proj,residual add
0,46,step0.layer46.norm2,norm,GPU_COMPUTE,step0.layer46.residual1,3697.323390976,1.008192000,3698.331582976,step0.layer46.residual1,RMSNorm
0,46,step0.layer46.router,router,GPU_COMPUTE,step0.layer46.norm2,3698.331582976,2.069888000,3700.401470976,step0.layer46.norm2,MoE router
0,46,step0.layer46.metadata,metadata,GPU_COMPUTE,step0.layer46.router,3700.401470976,1.000128000,3701.401598976,step0.layer46.router,routing metadata
0,46,step0.layer46.dispatch,dispatch,,step0.layer46.metadata,3701.401598976,0.000000000,3701.401598976,step0.layer46.metadata,single-GPU dispatch placeholder
0,46,step0.layer46.scheduler,scheduler,GPU_COMPUTE,step0.layer46.metadata,3701.401598976,0.000000000,3701.401598976,step0.layer46.metadata,gpu-only placement policy
0,46,step0.layer46.gpu_weight_load,gpu_weight_load,HBM_MEM_PATH,step0.layer46.scheduler,3701.401598976,57.802752000,3759.204350976,step0.layer46.scheduler,expert weights HBM to GPU
0,46,step0.layer46.gpu_expert_compute,gpu_expert,GPU_COMPUTE,step0.layer46.gpu_weight_load;step0.layer46.dispatch,3759.204350976,3.268435456,3762.472786432,step0.layer46.gpu_weight_load,grouped expert GEMM
0,46,step0.layer46.pim_gwrite,pim_write,GPU_PIM_IO,step0.layer46.scheduler;step0.layer46.dispatch,3701.401598976,0.000000000,3701.401598976,step0.layer46.scheduler,PIM_GWRITE token operands
0,46,step0.layer46.pim_expert_compute,pim_expert,PIM_COMPUTE,step0.layer46.pim_gwrite,3701.401598976,0.000000000,3701.401598976,step0.layer46.pim_gwrite,serialized PIM expert GEMV
0,46,step0.layer46.pim_read,pim_read,GPU_PIM_IO,step0.layer46.pim_expert_compute,3701.401598976,0.000000000,3701.401598976,step0.layer46.pim_gwrite,PIM expert result read
0,46,step0.layer46.combine,combine,GPU_COMPUTE,step0.layer46.gpu_expert_compute;step0.layer46.pim_read,3762.472786432,1.036864000,3763.509650432,step0.layer46.gpu_expert_compute,weighted expert combine
0,46,step0.layer46.residual2,residual,GPU_COMPUTE,step0.layer46.combine,3763.509650432,1.012288000,3764.521938432,step0.layer46.combine,residual add
0,47,step0.layer47.norm1,norm,GPU_COMPUTE,step0.layer46.residual2,3764.521938432,1.008192000,3765.530130432,step0.layer46.residual2,RMSNorm
0,47,step0.layer47.qkv,qkv,GPU_COMPUTE,step0.layer47.norm1,3765.530130432,3.635776000,3769.165906432,step0.layer47.norm1,QKV projection
0,47,step0.layer47.rope,rope,GPU_COMPUTE,step0.layer47.qkv,3769.165906432,1.018432000,3770.184338432,step0.layer47.qkv,QK norm and RoPE
0,47,step0.layer47.attention,attention,GPU_COMPUTE,step0.layer47.rope,3770.184338432,3.113536000,3773.297874432,step0.layer47.rope,decode attention on GPU
0,47,step0.layer47.o_proj,attention_output,GPU_COMPUTE,step0.layer47.attention,3773.297874432,3.109440000,3776.407314432,step0.layer47.attention,attention output projection
0,47,step0.layer47.residual1,residual,GPU_COMPUTE,step0.layer47.o_proj,3776.407314432,1.012288000,3777.419602432,step0.layer47.o_proj,residual add
0,47,step0.layer47.norm2,norm,GPU_COMPUTE,step0.layer47.residual1,3777.419602432,1.008192000,3778.427794432,step0.layer47.residual1,RMSNorm
0,47,step0.layer47.router,router,GPU_COMPUTE,step0.layer47.norm2,3778.427794432,2.069888000,3780.497682432,step0.layer47.norm2,MoE router
0,47,step0.layer47.metadata,metadata,GPU_COMPUTE,step0.layer47.router,3780.497682432,1.000128000,3781.497810432,step0.layer47.router,routing metadata
0,47,step0.layer47.dispatch,dispatch,,step0.layer47.metadata,3781.497810432,0.000000000,3781.497810432,step0.layer47.metadata,single-GPU dispatch placeholder
0,47,step0.layer47.scheduler,scheduler,GPU_COMPUTE,step0.layer47.metadata,3781.497810432,0.000000000,3781.497810432,step0.layer47.metadata,gpu-only placement policy
0,47,step0.layer47.gpu_weight_load,gpu_weight_load,HBM_MEM_PATH,step0.layer47.scheduler,3781.497810432,57.802752000,3839.300562432,step0.layer47.scheduler,expert weights HBM to GPU
0,47,step0.layer47.gpu_expert_compute,gpu_expert,GPU_COMPUTE,step0.layer47.gpu_weight_load;step0.layer47.dispatch,3839.300562432,3.268435456,3842.568997888,step0.layer47.gpu_weight_load,grouped expert GEMM
0,47,step0.layer47.pim_gwrite,pim_write,GPU_PIM_IO,step0.layer47.scheduler;step0.layer47.dispatch,3781.497810432,0.000000000,3781.497810432,step0.layer47.scheduler,PIM_GWRITE token operands
0,47,step0.layer47.pim_expert_compute,pim_expert,PIM_COMPUTE,step0.layer47.pim_gwrite,3781.497810432,0.000000000,3781.497810432,step0.layer47.pim_gwrite,serialized PIM expert GEMV
0,47,step0.layer47.pim_read,pim_read,GPU_PIM_IO,step0.layer47.pim_expert_compute,3781.497810432,0.000000000,3781.497810432,step0.layer47.pim_gwrite,PIM expert result read
0,47,step0.layer47.combine,combine,GPU_COMPUTE,step0.layer47.gpu_expert_compute;step0.layer47.pim_read,3842.568997888,1.036864000,3843.605861888,step0.layer47.gpu_expert_compute,weighted expert combine
0,47,step0.layer47.residual2,residual,GPU_COMPUTE,step0.layer47.combine,3843.605861888,1.012288000,3844.618149888,step0.layer47.combine,residual add
1,0,step1.layer0.norm1,norm,GPU_COMPUTE,step0.layer47.residual2,3844.618149888,1.008192000,3845.626341888,step0.layer47.residual2,RMSNorm
1,0,step1.layer0.qkv,qkv,GPU_COMPUTE,step1.layer0.norm1,3845.626341888,3.635776000,3849.262117888,step1.layer0.norm1,QKV projection
1,0,step1.layer0.rope,rope,GPU_COMPUTE,step1.layer0.qkv,3849.262117888,1.018432000,3850.280549888,step1.layer0.qkv,QK norm and RoPE
1,0,step1.layer0.attention,attention,GPU_COMPUTE,step1.layer0.rope,3850.280549888,3.115584000,3853.396133888,step1.layer0.rope,decode attention on GPU
1,0,step1.layer0.o_proj,attention_output,GPU_COMPUTE,step1.layer0.attention,3853.396133888,3.109440000,3856.505573888,step1.layer0.attention,attention output projection
1,0,step1.layer0.residual1,residual,GPU_COMPUTE,step1.layer0.o_proj,3856.505573888,1.012288000,3857.517861888,step1.layer0.o_proj,residual add
1,0,step1.layer0.norm2,norm,GPU_COMPUTE,step1.layer0.residual1,3857.517861888,1.008192000,3858.526053888,step1.layer0.residual1,RMSNorm
1,0,step1.layer0.router,router,GPU_COMPUTE,step1.layer0.norm2,3858.526053888,2.069888000,3860.595941888,step1.layer0.norm2,MoE router
1,0,step1.layer0.metadata,metadata,GPU_COMPUTE,step1.layer0.router,3860.595941888,1.000128000,3861.596069888,step1.layer0.router,routing metadata
1,0,step1.layer0.dispatch,dispatch,,step1.layer0.metadata,3861.596069888,0.000000000,3861.596069888,step1.layer0.metadata,single-GPU dispatch placeholder
1,0,step1.layer0.scheduler,scheduler,GPU_COMPUTE,step1.layer0.metadata,3861.596069888,0.000000000,3861.596069888,step1.layer0.metadata,gpu-only placement policy
1,0,step1.layer0.gpu_weight_load,gpu_weight_load,HBM_MEM_PATH,step1.layer0.scheduler,3861.596069888,57.802752000,3919.398821888,step1.layer0.scheduler,expert weights HBM to GPU
1,0,step1.layer0.gpu_expert_compute,gpu_expert,GPU_COMPUTE,step1.layer0.gpu_weight_load;step1.layer0.dispatch,3919.398821888,3.268435456,3922.667257344,step1.layer0.gpu_weight_load,grouped expert GEMM
1,0,step1.layer0.pim_gwrite,pim_write,GPU_PIM_IO,step1.layer0.scheduler;step1.layer0.dispatch,3861.596069888,0.000000000,3861.596069888,step1.layer0.scheduler,PIM_GWRITE token operands
1,0,step1.layer0.pim_expert_compute,pim_expert,PIM_COMPUTE,step1.layer0.pim_gwrite,3861.596069888,0.000000000,3861.596069888,step1.layer0.pim_gwrite,serialized PIM expert GEMV
1,0,step1.layer0.pim_read,pim_read,GPU_PIM_IO,step1.layer0.pim_expert_compute,3861.596069888,0.000000000,3861.596069888,step1.layer0.pim_gwrite,PIM expert result read
1,0,step1.layer0.combine,combine,GPU_COMPUTE,step1.layer0.gpu_expert_compute;step1.layer0.pim_read,3922.667257344,1.036864000,3923.704121344,step1.layer0.gpu_expert_compute,weighted expert combine
1,0,step1.layer0.residual2,residual,GPU_COMPUTE,step1.layer0.combine,3923.704121344,1.012288000,3924.716409344,step1.layer0.combine,residual add
1,1,step1.layer1.norm1,norm,GPU_COMPUTE,step1.layer0.residual2,3924.716409344,1.008192000,3925.724601344,step1.layer0.residual2,RMSNorm
1,1,step1.layer1.qkv,qkv,GPU_COMPUTE,step1.layer1.norm1,3925.724601344,3.635776000,3929.360377344,step1.layer1.norm1,QKV projection
1,1,step1.layer1.rope,rope,GPU_COMPUTE,step1.layer1.qkv,3929.360377344,1.018432000,3930.378809344,step1.layer1.qkv,QK norm and RoPE
1,1,step1.layer1.attention,attention,GPU_COMPUTE,step1.layer1.rope,3930.378809344,3.115584000,3933.494393344,step1.layer1.rope,decode attention on GPU
1,1,step1.layer1.o_proj,attention_output,GPU_COMPUTE,step1.layer1.attention,3933.494393344,3.109440000,3936.603833344,step1.layer1.attention,attention output projection
1,1,step1.layer1.residual1,residual,GPU_COMPUTE,step1.layer1.o_proj,3936.603833344,1.012288000,3937.616121344,step1.layer1.o_proj,residual add
1,1,step1.layer1.norm2,norm,GPU_COMPUTE,step1.layer1.residual1,3937.616121344,1.008192000,3938.624313344,step1.layer1.residual1,RMSNorm
1,1,step1.layer1.router,router,GPU_COMPUTE,step1.layer1.norm2,3938.624313344,2.069888000,3940.694201344,step1.layer1.norm2,MoE router
1,1,step1.layer1.metadata,metadata,GPU_COMPUTE,step1.layer1.router,3940.694201344,1.000128000,3941.694329344,step1.layer1.router,routing metadata
1,1,step1.layer1.dispatch,dispatch,,step1.layer1.metadata,3941.694329344,0.000000000,3941.694329344,step1.layer1.metadata,single-GPU dispatch placeholder
1,1,step1.layer1.scheduler,scheduler,GPU_COMPUTE,step1.layer1.metadata,3941.694329344,0.000000000,3941.694329344,step1.layer1.metadata,gpu-only placement policy
1,1,step1.layer1.gpu_weight_load,gpu_weight_load,HBM_MEM_PATH,step1.layer1.scheduler,3941.694329344,57.802752000,3999.497081344,step1.layer1.scheduler,expert weights HBM to GPU
1,1,step1.layer1.gpu_expert_compute,gpu_expert,GPU_COMPUTE,step1.layer1.gpu_weight_load;step1.layer1.dispatch,3999.497081344,3.268435456,4002.765516800,step1.layer1.gpu_weight_load,grouped expert GEMM
1,1,step1.layer1.pim_gwrite,pim_write,GPU_PIM_IO,step1.layer1.scheduler;step1.layer1.dispatch,3941.694329344,0.000000000,3941.694329344,step1.layer1.scheduler,PIM_GWRITE token operands
1,1,step1.layer1.pim_expert_compute,pim_expert,PIM_COMPUTE,step1.layer1.pim_gwrite,3941.694329344,0.000000000,3941.694329344,step1.layer1.pim_gwrite,serialized PIM expert GEMV
1,1,step1.layer1.pim_read,pim_read,GPU_PIM_IO,step1.layer1.pim_expert_compute,3941.694329344,0.000000000,3941.694329344,step1.layer1.pim_gwrite,PIM expert result read
1,1,step1.layer1.combine,combine,GPU_COMPUTE,step1.layer1.gpu_expert_compute;step1.layer1.pim_read,4002.765516800,1.036864000,4003.802380800,step1.layer1.gpu_expert_compute,weighted expert combine
1,1,step1.layer1.residual2,residual,GPU_COMPUTE,step1.layer1.combine,4003.802380800,1.012288000,4004.814668800,step1.layer1.combine,residual add
1,2,step1.layer2.norm1,norm,GPU_COMPUTE,step1.layer1.residual2,4004.814668800,1.008192000,4005.822860800,step1.layer1.residual2,RMSNorm
1,2,step1.layer2.qkv,qkv,GPU_COMPUTE,step1.layer2.norm1,4005.822860800,3.635776000,4009.458636800,step1.layer2.norm1,QKV projection
1,2,step1.layer2.rope,rope,GPU_COMPUTE,step1.layer2.qkv,4009.458636800,1.018432000,4010.477068800,step1.layer2.qkv,QK norm and RoPE
1,2,step1.layer2.attention,attention,GPU_COMPUTE,step1.layer2.rope,4010.477068800,3.115584000,4013.592652800,step1.layer2.rope,decode attention on GPU
1,2,step1.layer2.o_proj,attention_output,GPU_COMPUTE,step1.layer2.attention,4013.592652800,3.109440000,4016.702092800,step1.layer2.attention,attention output projection
1,2,step1.layer2.residual1,residual,GPU_COMPUTE,step1.layer2.o_proj,4016.702092800,1.012288000,4017.714380800,step1.layer2.o_proj,residual add
1,2,step1.layer2.norm2,norm,GPU_COMPUTE,step1.layer2.residual1,4017.714380800,1.008192000,4018.722572800,step1.layer2.residual1,RMSNorm
1,2,step1.layer2.router,router,GPU_COMPUTE,step1.layer2.norm2,4018.722572800,2.069888000,4020.792460800,step1.layer2.norm2,MoE router
1,2,step1.layer2.metadata,metadata,GPU_COMPUTE,step1.layer2.router,4020.792460800,1.000128000,4021.792588800,step1.layer2.router,routing metadata
1,2,step1.layer2.dispatch,dispatch,,step1.layer2.metadata,4021.792588800,0.000000000,4021.792588800,step1.layer2.metadata,single-GPU dispatch placeholder
1,2,step1.layer2.scheduler,scheduler,GPU_COMPUTE,step1.layer2.metadata,4021.792588800,0.000000000,4021.792588800,step1.layer2.metadata,gpu-only placement policy
1,2,step1.layer2.gpu_weight_load,gpu_weight_load,HBM_MEM_PATH,step1.layer2.scheduler,4021.792588800,57.802752000,4079.595340800,step1.layer2.scheduler,expert weights HBM to GPU
1,2,step1.layer2.gpu_expert_compute,gpu_expert,GPU_COMPUTE,step1.layer2.gpu_weight_load;step1.layer2.dispatch,4079.595340800,3.268435456,4082.863776256,step1.layer2.gpu_weight_load,grouped expert GEMM
1,2,step1.layer2.pim_gwrite,pim_write,GPU_PIM_IO,step1.layer2.scheduler;step1.layer2.dispatch,4021.792588800,0.000000000,4021.792588800,step1.layer2.scheduler,PIM_GWRITE token operands
1,2,step1.layer2.pim_expert_compute,pim_expert,PIM_COMPUTE,step1.layer2.pim_gwrite,4021.792588800,0.000000000,4021.792588800,step1.layer2.pim_gwrite,serialized PIM expert GEMV
1,2,step1.layer2.pim_read,pim_read,GPU_PIM_IO,step1.layer2.pim_expert_compute,4021.792588800,0.000000000,4021.792588800,step1.layer2.pim_gwrite,PIM expert result read
1,2,step1.layer2.combine,combine,GPU_COMPUTE,step1.layer2.gpu_expert_compute;step1.layer2.pim_read,4082.863776256,1.036864000,4083.900640256,step1.layer2.gpu_expert_compute,weighted expert combine
1,2,step1.layer2.residual2,residual,GPU_COMPUTE,step1.layer2.combine,4083.900640256,1.012288000,4084.912928256,step1.layer2.combine,residual add
1,3,step1.layer3.norm1,norm,GPU_COMPUTE,step1.layer2.residual2,4084.912928256,1.008192000,4085.921120256,step1.layer2.residual2,RMSNorm
1,3,step1.layer3.qkv,qkv,GPU_COMPUTE,step1.layer3.norm1,4085.921120256,3.635776000,4089.556896256,step1.layer3.norm1,QKV projection
1,3,step1.layer3.rope,rope,GPU_COMPUTE,step1.layer3.qkv,4089.556896256,1.018432000,4090.575328256,step1.layer3.qkv,QK norm and RoPE
1,3,step1.layer3.attention,attention,GPU_COMPUTE,step1.layer3.rope,4090.575328256,3.115584000,4093.690912256,step1.layer3.rope,decode attention on GPU
1,3,step1.layer3.o_proj,attention_output,GPU_COMPUTE,step1.layer3.attention,4093.690912256,3.109440000,4096.800352256,step1.layer3.attention,attention output projection
1,3,step1.layer3.residual1,residual,GPU_COMPUTE,step1.layer3.o_proj,4096.800352256,1.012288000,4097.812640256,step1.layer3.o_proj,residual add
1,3,step1.layer3.norm2,norm,GPU_COMPUTE,step1.layer3.residual1,4097.812640256,1.008192000,4098.820832256,step1.layer3.residual1,RMSNorm
1,3,step1.layer3.router,router,GPU_COMPUTE,step1.layer3.norm2,4098.820832256,2.069888000,4100.890720256,step1.layer3.norm2,MoE router
1,3,step1.layer3.metadata,metadata,GPU_COMPUTE,step1.layer3.router,4100.890720256,1.000128000,4101.890848256,step1.layer3.router,routing metadata
1,3,step1.layer3.dispatch,dispatch,,step1.layer3.metadata,4101.890848256,0.000000000,4101.890848256,step1.layer3.metadata,single-GPU dispatch placeholder
1,3,step1.layer3.scheduler,scheduler,GPU_COMPUTE,step1.layer3.metadata,4101.890848256,0.000000000,4101.890848256,step1.layer3.metadata,gpu-only placement policy
1,3,step1.layer3.gpu_weight_load,gpu_weight_load,HBM_MEM_PATH,step1.layer3.scheduler,4101.890848256,57.802752000,4159.693600256,step1.layer3.scheduler,expert weights HBM to GPU
1,3,step1.layer3.gpu_expert_compute,gpu_expert,GPU_COMPUTE,step1.layer3.gpu_weight_load;step1.layer3.dispatch,4159.693600256,3.268435456,4162.962035712,step1.layer3.gpu_weight_load,grouped expert GEMM
1,3,step1.layer3.pim_gwrite,pim_write,GPU_PIM_IO,step1.layer3.scheduler;step1.layer3.dispatch,4101.890848256,0.000000000,4101.890848256,step1.layer3.scheduler,PIM_GWRITE token operands
1,3,step1.layer3.pim_expert_compute,pim_expert,PIM_COMPUTE,step1.layer3.pim_gwrite,4101.890848256,0.000000000,4101.890848256,step1.layer3.pim_gwrite,serialized PIM expert GEMV
1,3,step1.layer3.pim_read,pim_read,GPU_PIM_IO,step1.layer3.pim_expert_compute,4101.890848256,0.000000000,4101.890848256,step1.layer3.pim_gwrite,PIM expert result read
1,3,step1.layer3.combine,combine,GPU_COMPUTE,step1.layer3.gpu_expert_compute;step1.layer3.pim_read,4162.962035712,1.036864000,4163.998899712,step1.layer3.gpu_expert_compute,weighted expert combine
1,3,step1.layer3.residual2,residual,GPU_COMPUTE,step1.layer3.combine,4163.998899712,1.012288000,4165.011187712,step1.layer3.combine,residual add
1,4,step1.layer4.norm1,norm,GPU_COMPUTE,step1.layer3.residual2,4165.011187712,1.008192000,4166.019379712,step1.layer3.residual2,RMSNorm
1,4,step1.layer4.qkv,qkv,GPU_COMPUTE,step1.layer4.norm1,4166.019379712,3.635776000,4169.655155712,step1.layer4.norm1,QKV projection
1,4,step1.layer4.rope,rope,GPU_COMPUTE,step1.layer4.qkv,4169.655155712,1.018432000,4170.673587712,step1.layer4.qkv,QK norm and RoPE
1,4,step1.layer4.attention,attention,GPU_COMPUTE,step1.layer4.rope,4170.673587712,3.115584000,4173.789171712,step1.layer4.rope,decode attention on GPU
1,4,step1.layer4.o_proj,attention_output,GPU_COMPUTE,step1.layer4.attention,4173.789171712,3.109440000,4176.898611712,step1.layer4.attention,attention output projection
1,4,step1.layer4.residual1,residual,GPU_COMPUTE,step1.layer4.o_proj,4176.898611712,1.012288000,4177.910899712,step1.layer4.o_proj,residual add
1,4,step1.layer4.norm2,norm,GPU_COMPUTE,step1.layer4.residual1,4177.910899712,1.008192000,4178.919091712,step1.layer4.residual1,RMSNorm
1,4,step1.layer4.router,router,GPU_COMPUTE,step1.layer4.norm2,4178.919091712,2.069888000,4180.988979712,step1.layer4.norm2,MoE router
1,4,step1.layer4.metadata,metadata,GPU_COMPUTE,step1.layer4.router,4180.988979712,1.000128000,4181.989107712,step1.layer4.router,routing metadata
1,4,step1.layer4.dispatch,dispatch,,step1.layer4.metadata,4181.989107712,0.000000000,4181.989107712,step1.layer4.metadata,single-GPU dispatch placeholder
1,4,step1.layer4.scheduler,scheduler,GPU_COMPUTE,step1.layer4.metadata,4181.989107712,0.000000000,4181.989107712,step1.layer4.metadata,gpu-only placement policy
1,4,step1.layer4.gpu_weight_load,gpu_weight_load,HBM_MEM_PATH,step1.layer4.scheduler,4181.989107712,57.802752000,4239.791859712,step1.layer4.scheduler,expert weights HBM to GPU
1,4,step1.layer4.gpu_expert_compute,gpu_expert,GPU_COMPUTE,step1.layer4.gpu_weight_load;step1.layer4.dispatch,4239.791859712,3.268435456,4243.060295168,step1.layer4.gpu_weight_load,grouped expert GEMM
1,4,step1.layer4.pim_gwrite,pim_write,GPU_PIM_IO,step1.layer4.scheduler;step1.layer4.dispatch,4181.989107712,0.000000000,4181.989107712,step1.layer4.scheduler,PIM_GWRITE token operands
1,4,step1.layer4.pim_expert_compute,pim_expert,PIM_COMPUTE,step1.layer4.pim_gwrite,4181.989107712,0.000000000,4181.989107712,step1.layer4.pim_gwrite,serialized PIM expert GEMV
1,4,step1.layer4.pim_read,pim_read,GPU_PIM_IO,step1.layer4.pim_expert_compute,4181.989107712,0.000000000,4181.989107712,step1.layer4.pim_gwrite,PIM expert result read
1,4,step1.layer4.combine,combine,GPU_COMPUTE,step1.layer4.gpu_expert_compute;step1.layer4.pim_read,4243.060295168,1.036864000,4244.097159168,step1.layer4.gpu_expert_compute,weighted expert combine
1,4,step1.layer4.residual2,residual,GPU_COMPUTE,step1.layer4.combine,4244.097159168,1.012288000,4245.109447168,step1.layer4.combine,residual add
1,5,step1.layer5.norm1,norm,GPU_COMPUTE,step1.layer4.residual2,4245.109447168,1.008192000,4246.117639168,step1.layer4.residual2,RMSNorm
1,5,step1.layer5.qkv,qkv,GPU_COMPUTE,step1.layer5.norm1,4246.117639168,3.635776000,4249.753415168,step1.layer5.norm1,QKV projection
1,5,step1.layer5.rope,rope,GPU_COMPUTE,step1.layer5.qkv,4249.753415168,1.018432000,4250.771847168,step1.layer5.qkv,QK norm and RoPE
1,5,step1.layer5.attention,attention,GPU_COMPUTE,step1.layer5.rope,4250.771847168,3.115584000,4253.887431168,step1.layer5.rope,decode attention on GPU
1,5,step1.layer5.o_proj,attention_output,GPU_COMPUTE,step1.layer5.attention,4253.887431168,3.109440000,4256.996871168,step1.layer5.attention,attention output projection
1,5,step1.layer5.residual1,residual,GPU_COMPUTE,step1.layer5.o_proj,4256.996871168,1.012288000,4258.009159168,step1.layer5.o_proj,residual add
1,5,step1.layer5.norm2,norm,GPU_COMPUTE,step1.layer5.residual1,4258.009159168,1.008192000,4259.017351168,step1.layer5.residual1,RMSNorm
1,5,step1.layer5.router,router,GPU_COMPUTE,step1.layer5.norm2,4259.017351168,2.069888000,4261.087239168,step1.layer5.norm2,MoE router
1,5,step1.layer5.metadata,metadata,GPU_COMPUTE,step1.layer5.router,4261.087239168,1.000128000,4262.087367168,step1.layer5.router,routing metadata
1,5,step1.layer5.dispatch,dispatch,,step1.layer5.metadata,4262.087367168,0.000000000,4262.087367168,step1.layer5.metadata,single-GPU dispatch placeholder
1,5,step1.layer5.scheduler,scheduler,GPU_COMPUTE,step1.layer5.metadata,4262.087367168,0.000000000,4262.087367168,step1.layer5.metadata,gpu-only placement policy
1,5,step1.layer5.gpu_weight_load,gpu_weight_load,HBM_MEM_PATH,step1.layer5.scheduler,4262.087367168,57.802752000,4319.890119168,step1.layer5.scheduler,expert weights HBM to GPU
1,5,step1.layer5.gpu_expert_compute,gpu_expert,GPU_COMPUTE,step1.layer5.gpu_weight_load;step1.layer5.dispatch,4319.890119168,3.268435456,4323.158554624,step1.layer5.gpu_weight_load,grouped expert GEMM
1,5,step1.layer5.pim_gwrite,pim_write,GPU_PIM_IO,step1.layer5.scheduler;step1.layer5.dispatch,4262.087367168,0.000000000,4262.087367168,step1.layer5.scheduler,PIM_GWRITE token operands
1,5,step1.layer5.pim_expert_compute,pim_expert,PIM_COMPUTE,step1.layer5.pim_gwrite,4262.087367168,0.000000000,4262.087367168,step1.layer5.pim_gwrite,serialized PIM expert GEMV
1,5,step1.layer5.pim_read,pim_read,GPU_PIM_IO,step1.layer5.pim_expert_compute,4262.087367168,0.000000000,4262.087367168,step1.layer5.pim_gwrite,PIM expert result read
1,5,step1.layer5.combine,combine,GPU_COMPUTE,step1.layer5.gpu_expert_compute;step1.layer5.pim_read,4323.158554624,1.036864000,4324.195418624,step1.layer5.gpu_expert_compute,weighted expert combine
1,5,step1.layer5.residual2,residual,GPU_COMPUTE,step1.layer5.combine,4324.195418624,1.012288000,4325.207706624,step1.layer5.combine,residual add
1,6,step1.layer6.norm1,norm,GPU_COMPUTE,step1.layer5.residual2,4325.207706624,1.008192000,4326.215898624,step1.layer5.residual2,RMSNorm
1,6,step1.layer6.qkv,qkv,GPU_COMPUTE,step1.layer6.norm1,4326.215898624,3.635776000,4329.851674624,step1.layer6.norm1,QKV projection
1,6,step1.layer6.rope,rope,GPU_COMPUTE,step1.layer6.qkv,4329.851674624,1.018432000,4330.870106624,step1.layer6.qkv,QK norm and RoPE
1,6,step1.layer6.attention,attention,GPU_COMPUTE,step1.layer6.rope,4330.870106624,3.115584000,4333.985690624,step1.layer6.rope,decode attention on GPU
1,6,step1.layer6.o_proj,attention_output,GPU_COMPUTE,step1.layer6.attention,4333.985690624,3.109440000,4337.095130624,step1.layer6.attention,attention output projection
1,6,step1.layer6.residual1,residual,GPU_COMPUTE,step1.layer6.o_proj,4337.095130624,1.012288000,4338.107418624,step1.layer6.o_proj,residual add
1,6,step1.layer6.norm2,norm,GPU_COMPUTE,step1.layer6.residual1,4338.107418624,1.008192000,4339.115610624,step1.layer6.residual1,RMSNorm
1,6,step1.layer6.router,router,GPU_COMPUTE,step1.layer6.norm2,4339.115610624,2.069888000,4341.185498624,step1.layer6.norm2,MoE router
1,6,step1.layer6.metadata,metadata,GPU_COMPUTE,step1.layer6.router,4341.185498624,1.000128000,4342.185626624,step1.layer6.router,routing metadata
1,6,step1.layer6.dispatch,dispatch,,step1.layer6.metadata,4342.185626624,0.000000000,4342.185626624,step1.layer6.metadata,single-GPU dispatch placeholder
1,6,step1.layer6.scheduler,scheduler,GPU_COMPUTE,step1.layer6.metadata,4342.185626624,0.000000000,4342.185626624,step1.layer6.metadata,gpu-only placement policy
1,6,step1.layer6.gpu_weight_load,gpu_weight_load,HBM_MEM_PATH,step1.layer6.scheduler,4342.185626624,57.802752000,4399.988378624,step1.layer6.scheduler,expert weights HBM to GPU
1,6,step1.layer6.gpu_expert_compute,gpu_expert,GPU_COMPUTE,step1.layer6.gpu_weight_load;step1.layer6.dispatch,4399.988378624,3.268435456,4403.256814080,step1.layer6.gpu_weight_load,grouped expert GEMM
1,6,step1.layer6.pim_gwrite,pim_write,GPU_PIM_IO,step1.layer6.scheduler;step1.layer6.dispatch,4342.185626624,0.000000000,4342.185626624,step1.layer6.scheduler,PIM_GWRITE token operands
1,6,step1.layer6.pim_expert_compute,pim_expert,PIM_COMPUTE,step1.layer6.pim_gwrite,4342.185626624,0.000000000,4342.185626624,step1.layer6.pim_gwrite,serialized PIM expert GEMV
1,6,step1.layer6.pim_read,pim_read,GPU_PIM_IO,step1.layer6.pim_expert_compute,4342.185626624,0.000000000,4342.185626624,step1.layer6.pim_gwrite,PIM expert result read
1,6,step1.layer6.combine,combine,GPU_COMPUTE,step1.layer6.gpu_expert_compute;step1.layer6.pim_read,4403.256814080,1.036864000,4404.293678080,step1.layer6.gpu_expert_compute,weighted expert combine
1,6,step1.layer6.residual2,residual,GPU_COMPUTE,step1.layer6.combine,4404.293678080,1.012288000,4405.305966080,step1.layer6.combine,residual add
1,7,step1.layer7.norm1,norm,GPU_COMPUTE,step1.layer6.residual2,4405.305966080,1.008192000,4406.314158080,step1.layer6.residual2,RMSNorm
1,7,step1.layer7.qkv,qkv,GPU_COMPUTE,step1.layer7.norm1,4406.314158080,3.635776000,4409.949934080,step1.layer7.norm1,QKV projection
1,7,step1.layer7.rope,rope,GPU_COMPUTE,step1.layer7.qkv,4409.949934080,1.018432000,4410.968366080,step1.layer7.qkv,QK norm and RoPE
1,7,step1.layer7.attention,attention,GPU_COMPUTE,step1.layer7.rope,4410.968366080,3.115584000,4414.083950080,step1.layer7.rope,decode attention on GPU
1,7,step1.layer7.o_proj,attention_output,GPU_COMPUTE,step1.layer7.attention,4414.083950080,3.109440000,4417.193390080,step1.layer7.attention,attention output projection
1,7,step1.layer7.residual1,residual,GPU_COMPUTE,step1.layer7.o_proj,4417.193390080,1.012288000,4418.205678080,step1.layer7.o_proj,residual add
1,7,step1.layer7.norm2,norm,GPU_COMPUTE,step1.layer7.residual1,4418.205678080,1.008192000,4419.213870080,step1.layer7.residual1,RMSNorm
1,7,step1.layer7.router,router,GPU_COMPUTE,step1.layer7.norm2,4419.213870080,2.069888000,4421.283758080,step1.layer7.norm2,MoE router
1,7,step1.layer7.metadata,metadata,GPU_COMPUTE,step1.layer7.router,4421.283758080,1.000128000,4422.283886080,step1.layer7.router,routing metadata
1,7,step1.layer7.dispatch,dispatch,,step1.layer7.metadata,4422.283886080,0.000000000,4422.283886080,step1.layer7.metadata,single-GPU dispatch placeholder
1,7,step1.layer7.scheduler,scheduler,GPU_COMPUTE,step1.layer7.metadata,4422.283886080,0.000000000,4422.283886080,step1.layer7.metadata,gpu-only placement policy
1,7,step1.layer7.gpu_weight_load,gpu_weight_load,HBM_MEM_PATH,step1.layer7.scheduler,4422.283886080,57.802752000,4480.086638080,step1.layer7.scheduler,expert weights HBM to GPU
1,7,step1.layer7.gpu_expert_compute,gpu_expert,GPU_COMPUTE,step1.layer7.gpu_weight_load;step1.layer7.dispatch,4480.086638080,3.268435456,4483.355073536,step1.layer7.gpu_weight_load,grouped expert GEMM
1,7,step1.layer7.pim_gwrite,pim_write,GPU_PIM_IO,step1.layer7.scheduler;step1.layer7.dispatch,4422.283886080,0.000000000,4422.283886080,step1.layer7.scheduler,PIM_GWRITE token operands
1,7,step1.layer7.pim_expert_compute,pim_expert,PIM_COMPUTE,step1.layer7.pim_gwrite,4422.283886080,0.000000000,4422.283886080,step1.layer7.pim_gwrite,serialized PIM expert GEMV
1,7,step1.layer7.pim_read,pim_read,GPU_PIM_IO,step1.layer7.pim_expert_compute,4422.283886080,0.000000000,4422.283886080,step1.layer7.pim_gwrite,PIM expert result read
1,7,step1.layer7.combine,combine,GPU_COMPUTE,step1.layer7.gpu_expert_compute;step1.layer7.pim_read,4483.355073536,1.036864000,4484.391937536,step1.layer7.gpu_expert_compute,weighted expert combine
1,7,step1.layer7.residual2,residual,GPU_COMPUTE,step1.layer7.combine,4484.391937536,1.012288000,4485.404225536,step1.layer7.combine,residual add
1,8,step1.layer8.norm1,norm,GPU_COMPUTE,step1.layer7.residual2,4485.404225536,1.008192000,4486.412417536,step1.layer7.residual2,RMSNorm
1,8,step1.layer8.qkv,qkv,GPU_COMPUTE,step1.layer8.norm1,4486.412417536,3.635776000,4490.048193536,step1.layer8.norm1,QKV projection
1,8,step1.layer8.rope,rope,GPU_COMPUTE,step1.layer8.qkv,4490.048193536,1.018432000,4491.066625536,step1.layer8.qkv,QK norm and RoPE
1,8,step1.layer8.attention,attention,GPU_COMPUTE,step1.layer8.rope,4491.066625536,3.115584000,4494.182209536,step1.layer8.rope,decode attention on GPU
1,8,step1.layer8.o_proj,attention_output,GPU_COMPUTE,step1.layer8.attention,4494.182209536,3.109440000,4497.291649536,step1.layer8.attention,attention output projection
1,8,step1.layer8.residual1,residual,GPU_COMPUTE,step1.layer8.o_proj,4497.291649536,1.012288000,4498.303937536,step1.layer8.o_proj,residual add
1,8,step1.layer8.norm2,norm,GPU_COMPUTE,step1.layer8.residual1,4498.303937536,1.008192000,4499.312129536,step1.layer8.residual1,RMSNorm
1,8,step1.layer8.router,router,GPU_COMPUTE,step1.layer8.norm2,4499.312129536,2.069888000,4501.382017536,step1.layer8.norm2,MoE router
1,8,step1.layer8.metadata,metadata,GPU_COMPUTE,step1.layer8.router,4501.382017536,1.000128000,4502.382145536,step1.layer8.router,routing metadata
1,8,step1.layer8.dispatch,dispatch,,step1.layer8.metadata,4502.382145536,0.000000000,4502.382145536,step1.layer8.metadata,single-GPU dispatch placeholder
1,8,step1.layer8.scheduler,scheduler,GPU_COMPUTE,step1.layer8.metadata,4502.382145536,0.000000000,4502.382145536,step1.layer8.metadata,gpu-only placement policy
1,8,step1.layer8.gpu_weight_load,gpu_weight_load,HBM_MEM_PATH,step1.layer8.scheduler,4502.382145536,57.802752000,4560.184897536,step1.layer8.scheduler,expert weights HBM to GPU
1,8,step1.layer8.gpu_expert_compute,gpu_expert,GPU_COMPUTE,step1.layer8.gpu_weight_load;step1.layer8.dispatch,4560.184897536,3.268435456,4563.453332992,step1.layer8.gpu_weight_load,grouped expert GEMM
1,8,step1.layer8.pim_gwrite,pim_write,GPU_PIM_IO,step1.layer8.scheduler;step1.layer8.dispatch,4502.382145536,0.000000000,4502.382145536,step1.layer8.scheduler,PIM_GWRITE token operands
1,8,step1.layer8.pim_expert_compute,pim_expert,PIM_COMPUTE,step1.layer8.pim_gwrite,4502.382145536,0.000000000,4502.382145536,step1.layer8.pim_gwrite,serialized PIM expert GEMV
1,8,step1.layer8.pim_read,pim_read,GPU_PIM_IO,step1.layer8.pim_expert_compute,4502.382145536,0.000000000,4502.382145536,step1.layer8.pim_gwrite,PIM expert result read
1,8,step1.layer8.combine,combine,GPU_COMPUTE,step1.layer8.gpu_expert_compute;step1.layer8.pim_read,4563.453332992,1.036864000,4564.490196992,step1.layer8.gpu_expert_compute,weighted expert combine
1,8,step1.layer8.residual2,residual,GPU_COMPUTE,step1.layer8.combine,4564.490196992,1.012288000,4565.502484992,step1.layer8.combine,residual add
1,9,step1.layer9.norm1,norm,GPU_COMPUTE,step1.layer8.residual2,4565.502484992,1.008192000,4566.510676992,step1.layer8.residual2,RMSNorm
1,9,step1.layer9.qkv,qkv,GPU_COMPUTE,step1.layer9.norm1,4566.510676992,3.635776000,4570.146452992,step1.layer9.norm1,QKV projection
1,9,step1.layer9.rope,rope,GPU_COMPUTE,step1.layer9.qkv,4570.146452992,1.018432000,4571.164884992,step1.layer9.qkv,QK norm and RoPE
1,9,step1.layer9.attention,attention,GPU_COMPUTE,step1.layer9.rope,4571.164884992,3.115584000,4574.280468992,step1.layer9.rope,decode attention on GPU
1,9,step1.layer9.o_proj,attention_output,GPU_COMPUTE,step1.layer9.attention,4574.280468992,3.109440000,4577.389908992,step1.layer9.attention,attention output projection
1,9,step1.layer9.residual1,residual,GPU_COMPUTE,step1.layer9.o_proj,4577.389908992,1.012288000,4578.402196992,step1.layer9.o_proj,residual add
1,9,step1.layer9.norm2,norm,GPU_COMPUTE,step1.layer9.residual1,4578.402196992,1.008192000,4579.410388992,step1.layer9.residual1,RMSNorm
1,9,step1.layer9.router,router,GPU_COMPUTE,step1.layer9.norm2,4579.410388992,2.069888000,4581.480276992,step1.layer9.norm2,MoE router
1,9,step1.layer9.metadata,metadata,GPU_COMPUTE,step1.layer9.router,4581.480276992,1.000128000,4582.480404992,step1.layer9.router,routing metadata
1,9,step1.layer9.dispatch,dispatch,,step1.layer9.metadata,4582.480404992,0.000000000,4582.480404992,step1.layer9.metadata,single-GPU dispatch placeholder
1,9,step1.layer9.scheduler,scheduler,GPU_COMPUTE,step1.layer9.metadata,4582.480404992,0.000000000,4582.480404992,step1.layer9.metadata,gpu-only placement policy
1,9,step1.layer9.gpu_weight_load,gpu_weight_load,HBM_MEM_PATH,step1.layer9.scheduler,4582.480404992,57.802752000,4640.283156992,step1.layer9.scheduler,expert weights HBM to GPU
1,9,step1.layer9.gpu_expert_compute,gpu_expert,GPU_COMPUTE,step1.layer9.gpu_weight_load;step1.layer9.dispatch,4640.283156992,3.268435456,4643.551592448,step1.layer9.gpu_weight_load,grouped expert GEMM
1,9,step1.layer9.pim_gwrite,pim_write,GPU_PIM_IO,step1.layer9.scheduler;step1.layer9.dispatch,4582.480404992,0.000000000,4582.480404992,step1.layer9.scheduler,PIM_GWRITE token operands
1,9,step1.layer9.pim_expert_compute,pim_expert,PIM_COMPUTE,step1.layer9.pim_gwrite,4582.480404992,0.000000000,4582.480404992,step1.layer9.pim_gwrite,serialized PIM expert GEMV
1,9,step1.layer9.pim_read,pim_read,GPU_PIM_IO,step1.layer9.pim_expert_compute,4582.480404992,0.000000000,4582.480404992,step1.layer9.pim_gwrite,PIM expert result read
1,9,step1.layer9.combine,combine,GPU_COMPUTE,step1.layer9.gpu_expert_compute;step1.layer9.pim_read,4643.551592448,1.036864000,4644.588456448,step1.layer9.gpu_expert_compute,weighted expert combine
1,9,step1.layer9.residual2,residual,GPU_COMPUTE,step1.layer9.combine,4644.588456448,1.012288000,4645.600744448,step1.layer9.combine,residual add
1,10,step1.layer10.norm1,norm,GPU_COMPUTE,step1.layer9.residual2,4645.600744448,1.008192000,4646.608936448,step1.layer9.residual2,RMSNorm
1,10,step1.layer10.qkv,qkv,GPU_COMPUTE,step1.layer10.norm1,4646.608936448,3.635776000,4650.244712448,step1.layer10.norm1,QKV projection
1,10,step1.layer10.rope,rope,GPU_COMPUTE,step1.layer10.qkv,4650.244712448,1.018432000,4651.263144448,step1.layer10.qkv,QK norm and RoPE
1,10,step1.layer10.attention,attention,GPU_COMPUTE,step1.layer10.rope,4651.263144448,3.115584000,4654.378728448,step1.layer10.rope,decode attention on GPU
1,10,step1.layer10.o_proj,attention_output,GPU_COMPUTE,step1.layer10.attention,4654.378728448,3.109440000,4657.488168448,step1.layer10.attention,attention output projection
1,10,step1.layer10.residual1,residual,GPU_COMPUTE,step1.layer10.o_proj,4657.488168448,1.012288000,4658.500456448,step1.layer10.o_proj,residual add
1,10,step1.layer10.norm2,norm,GPU_COMPUTE,step1.layer10.residual1,4658.500456448,1.008192000,4659.508648448,step1.layer10.residual1,RMSNorm
1,10,step1.layer10.router,router,GPU_COMPUTE,step1.layer10.norm2,4659.508648448,2.069888000,4661.578536448,step1.layer10.norm2,MoE router
1,10,step1.layer10.metadata,metadata,GPU_COMPUTE,step1.layer10.router,4661.578536448,1.000128000,4662.578664448,step1.layer10.router,routing metadata
1,10,step1.layer10.dispatch,dispatch,,step1.layer10.metadata,4662.578664448,0.000000000,4662.578664448,step1.layer10.metadata,single-GPU dispatch placeholder
1,10,step1.layer10.scheduler,scheduler,GPU_COMPUTE,step1.layer10.metadata,4662.578664448,0.000000000,4662.578664448,step1.layer10.metadata,gpu-only placement policy
1,10,step1.layer10.gpu_weight_load,gpu_weight_load,HBM_MEM_PATH,step1.layer10.scheduler,4662.578664448,57.802752000,4720.381416448,step1.layer10.scheduler,expert weights HBM to GPU
1,10,step1.layer10.gpu_expert_compute,gpu_expert,GPU_COMPUTE,step1.layer10.gpu_weight_load;step1.layer10.dispatch,4720.381416448,3.268435456,4723.649851904,step1.layer10.gpu_weight_load,grouped expert GEMM
1,10,step1.layer10.pim_gwrite,pim_write,GPU_PIM_IO,step1.layer10.scheduler;step1.layer10.dispatch,4662.578664448,0.000000000,4662.578664448,step1.layer10.scheduler,PIM_GWRITE token operands
1,10,step1.layer10.pim_expert_compute,pim_expert,PIM_COMPUTE,step1.layer10.pim_gwrite,4662.578664448,0.000000000,4662.578664448,step1.layer10.pim_gwrite,serialized PIM expert GEMV
1,10,step1.layer10.pim_read,pim_read,GPU_PIM_IO,step1.layer10.pim_expert_compute,4662.578664448,0.000000000,4662.578664448,step1.layer10.pim_gwrite,PIM expert result read
1,10,step1.layer10.combine,combine,GPU_COMPUTE,step1.layer10.gpu_expert_compute;step1.layer10.pim_read,4723.649851904,1.036864000,4724.686715904,step1.layer10.gpu_expert_compute,weighted expert combine
1,10,step1.layer10.residual2,residual,GPU_COMPUTE,step1.layer10.combine,4724.686715904,1.012288000,4725.699003904,step1.layer10.combine,residual add
1,11,step1.layer11.norm1,norm,GPU_COMPUTE,step1.layer10.residual2,4725.699003904,1.008192000,4726.707195904,step1.layer10.residual2,RMSNorm
1,11,step1.layer11.qkv,qkv,GPU_COMPUTE,step1.layer11.norm1,4726.707195904,3.635776000,4730.342971904,step1.layer11.norm1,QKV projection
1,11,step1.layer11.rope,rope,GPU_COMPUTE,step1.layer11.qkv,4730.342971904,1.018432000,4731.361403904,step1.layer11.qkv,QK norm and RoPE
1,11,step1.layer11.attention,attention,GPU_COMPUTE,step1.layer11.rope,4731.361403904,3.115584000,4734.476987904,step1.layer11.rope,decode attention on GPU
1,11,step1.layer11.o_proj,attention_output,GPU_COMPUTE,step1.layer11.attention,4734.476987904,3.109440000,4737.586427904,step1.layer11.attention,attention output projection
1,11,step1.layer11.residual1,residual,GPU_COMPUTE,step1.layer11.o_proj,4737.586427904,1.012288000,4738.598715904,step1.layer11.o_proj,residual add
1,11,step1.layer11.norm2,norm,GPU_COMPUTE,step1.layer11.residual1,4738.598715904,1.008192000,4739.606907904,step1.layer11.residual1,RMSNorm
1,11,step1.layer11.router,router,GPU_COMPUTE,step1.layer11.norm2,4739.606907904,2.069888000,4741.676795904,step1.layer11.norm2,MoE router
1,11,step1.layer11.metadata,metadata,GPU_COMPUTE,step1.layer11.router,4741.676795904,1.000128000,4742.676923904,step1.layer11.router,routing metadata
1,11,step1.layer11.dispatch,dispatch,,step1.layer11.metadata,4742.676923904,0.000000000,4742.676923904,step1.layer11.metadata,single-GPU dispatch placeholder
1,11,step1.layer11.scheduler,scheduler,GPU_COMPUTE,step1.layer11.metadata,4742.676923904,0.000000000,4742.676923904,step1.layer11.metadata,gpu-only placement policy
1,11,step1.layer11.gpu_weight_load,gpu_weight_load,HBM_MEM_PATH,step1.layer11.scheduler,4742.676923904,57.802752000,4800.479675904,step1.layer11.scheduler,expert weights HBM to GPU
1,11,step1.layer11.gpu_expert_compute,gpu_expert,GPU_COMPUTE,step1.layer11.gpu_weight_load;step1.layer11.dispatch,4800.479675904,3.268435456,4803.748111360,step1.layer11.gpu_weight_load,grouped expert GEMM
1,11,step1.layer11.pim_gwrite,pim_write,GPU_PIM_IO,step1.layer11.scheduler;step1.layer11.dispatch,4742.676923904,0.000000000,4742.676923904,step1.layer11.scheduler,PIM_GWRITE token operands
1,11,step1.layer11.pim_expert_compute,pim_expert,PIM_COMPUTE,step1.layer11.pim_gwrite,4742.676923904,0.000000000,4742.676923904,step1.layer11.pim_gwrite,serialized PIM expert GEMV
1,11,step1.layer11.pim_read,pim_read,GPU_PIM_IO,step1.layer11.pim_expert_compute,4742.676923904,0.000000000,4742.676923904,step1.layer11.pim_gwrite,PIM expert result read
1,11,step1.layer11.combine,combine,GPU_COMPUTE,step1.layer11.gpu_expert_compute;step1.layer11.pim_read,4803.748111360,1.036864000,4804.784975360,step1.layer11.gpu_expert_compute,weighted expert combine
1,11,step1.layer11.residual2,residual,GPU_COMPUTE,step1.layer11.combine,4804.784975360,1.012288000,4805.797263360,step1.layer11.combine,residual add
1,12,step1.layer12.norm1,norm,GPU_COMPUTE,step1.layer11.residual2,4805.797263360,1.008192000,4806.805455360,step1.layer11.residual2,RMSNorm
1,12,step1.layer12.qkv,qkv,GPU_COMPUTE,step1.layer12.norm1,4806.805455360,3.635776000,4810.441231360,step1.layer12.norm1,QKV projection
1,12,step1.layer12.rope,rope,GPU_COMPUTE,step1.layer12.qkv,4810.441231360,1.018432000,4811.459663360,step1.layer12.qkv,QK norm and RoPE
1,12,step1.layer12.attention,attention,GPU_COMPUTE,step1.layer12.rope,4811.459663360,3.115584000,4814.575247360,step1.layer12.rope,decode attention on GPU
1,12,step1.layer12.o_proj,attention_output,GPU_COMPUTE,step1.layer12.attention,4814.575247360,3.109440000,4817.684687360,step1.layer12.attention,attention output projection
1,12,step1.layer12.residual1,residual,GPU_COMPUTE,step1.layer12.o_proj,4817.684687360,1.012288000,4818.696975360,step1.layer12.o_proj,residual add
1,12,step1.layer12.norm2,norm,GPU_COMPUTE,step1.layer12.residual1,4818.696975360,1.008192000,4819.705167360,step1.layer12.residual1,RMSNorm
1,12,step1.layer12.router,router,GPU_COMPUTE,step1.layer12.norm2,4819.705167360,2.069888000,4821.775055360,step1.layer12.norm2,MoE router
1,12,step1.layer12.metadata,metadata,GPU_COMPUTE,step1.layer12.router,4821.775055360,1.000128000,4822.775183360,step1.layer12.router,routing metadata
1,12,step1.layer12.dispatch,dispatch,,step1.layer12.metadata,4822.775183360,0.000000000,4822.775183360,step1.layer12.metadata,single-GPU dispatch placeholder
1,12,step1.layer12.scheduler,scheduler,GPU_COMPUTE,step1.layer12.metadata,4822.775183360,0.000000000,4822.775183360,step1.layer12.metadata,gpu-only placement policy
1,12,step1.layer12.gpu_weight_load,gpu_weight_load,HBM_MEM_PATH,step1.layer12.scheduler,4822.775183360,57.802752000,4880.577935360,step1.layer12.scheduler,expert weights HBM to GPU
1,12,step1.layer12.gpu_expert_compute,gpu_expert,GPU_COMPUTE,step1.layer12.gpu_weight_load;step1.layer12.dispatch,4880.577935360,3.268435456,4883.846370816,step1.layer12.gpu_weight_load,grouped expert GEMM
1,12,step1.layer12.pim_gwrite,pim_write,GPU_PIM_IO,step1.layer12.scheduler;step1.layer12.dispatch,4822.775183360,0.000000000,4822.775183360,step1.layer12.scheduler,PIM_GWRITE token operands
1,12,step1.layer12.pim_expert_compute,pim_expert,PIM_COMPUTE,step1.layer12.pim_gwrite,4822.775183360,0.000000000,4822.775183360,step1.layer12.pim_gwrite,serialized PIM expert GEMV
1,12,step1.layer12.pim_read,pim_read,GPU_PIM_IO,step1.layer12.pim_expert_compute,4822.775183360,0.000000000,4822.775183360,step1.layer12.pim_gwrite,PIM expert result read
1,12,step1.layer12.combine,combine,GPU_COMPUTE,step1.layer12.gpu_expert_compute;step1.layer12.pim_read,4883.846370816,1.036864000,4884.883234816,step1.layer12.gpu_expert_compute,weighted expert combine
1,12,step1.layer12.residual2,residual,GPU_COMPUTE,step1.layer12.combine,4884.883234816,1.012288000,4885.895522816,step1.layer12.combine,residual add
1,13,step1.layer13.norm1,norm,GPU_COMPUTE,step1.layer12.residual2,4885.895522816,1.008192000,4886.903714816,step1.layer12.residual2,RMSNorm
1,13,step1.layer13.qkv,qkv,GPU_COMPUTE,step1.layer13.norm1,4886.903714816,3.635776000,4890.539490816,step1.layer13.norm1,QKV projection
1,13,step1.layer13.rope,rope,GPU_COMPUTE,step1.layer13.qkv,4890.539490816,1.018432000,4891.557922816,step1.layer13.qkv,QK norm and RoPE
1,13,step1.layer13.attention,attention,GPU_COMPUTE,step1.layer13.rope,4891.557922816,3.115584000,4894.673506816,step1.layer13.rope,decode attention on GPU
1,13,step1.layer13.o_proj,attention_output,GPU_COMPUTE,step1.layer13.attention,4894.673506816,3.109440000,4897.782946816,step1.layer13.attention,attention output projection
1,13,step1.layer13.residual1,residual,GPU_COMPUTE,step1.layer13.o_proj,4897.782946816,1.012288000,4898.795234816,step1.layer13.o_proj,residual add
1,13,step1.layer13.norm2,norm,GPU_COMPUTE,step1.layer13.residual1,4898.795234816,1.008192000,4899.803426816,step1.layer13.residual1,RMSNorm
1,13,step1.layer13.router,router,GPU_COMPUTE,step1.layer13.norm2,4899.803426816,2.069888000,4901.873314816,step1.layer13.norm2,MoE router
1,13,step1.layer13.metadata,metadata,GPU_COMPUTE,step1.layer13.router,4901.873314816,1.000128000,4902.873442816,step1.layer13.router,routing metadata
1,13,step1.layer13.dispatch,dispatch,,step1.layer13.metadata,4902.873442816,0.000000000,4902.873442816,step1.layer13.metadata,single-GPU dispatch placeholder
1,13,step1.layer13.scheduler,scheduler,GPU_COMPUTE,step1.layer13.metadata,4902.873442816,0.000000000,4902.873442816,step1.layer13.metadata,gpu-only placement policy
1,13,step1.layer13.gpu_weight_load,gpu_weight_load,HBM_MEM_PATH,step1.layer13.scheduler,4902.873442816,57.802752000,4960.676194816,step1.layer13.scheduler,expert weights HBM to GPU
1,13,step1.layer13.gpu_expert_compute,gpu_expert,GPU_COMPUTE,step1.layer13.gpu_weight_load;step1.layer13.dispatch,4960.676194816,3.268435456,4963.944630272,step1.layer13.gpu_weight_load,grouped expert GEMM
1,13,step1.layer13.pim_gwrite,pim_write,GPU_PIM_IO,step1.layer13.scheduler;step1.layer13.dispatch,4902.873442816,0.000000000,4902.873442816,step1.layer13.scheduler,PIM_GWRITE token operands
1,13,step1.layer13.pim_expert_compute,pim_expert,PIM_COMPUTE,step1.layer13.pim_gwrite,4902.873442816,0.000000000,4902.873442816,step1.layer13.pim_gwrite,serialized PIM expert GEMV
1,13,step1.layer13.pim_read,pim_read,GPU_PIM_IO,step1.layer13.pim_expert_compute,4902.873442816,0.000000000,4902.873442816,step1.layer13.pim_gwrite,PIM expert result read
1,13,step1.layer13.combine,combine,GPU_COMPUTE,step1.layer13.gpu_expert_compute;step1.layer13.pim_read,4963.944630272,1.036864000,4964.981494272,step1.layer13.gpu_expert_compute,weighted expert combine
1,13,step1.layer13.residual2,residual,GPU_COMPUTE,step1.layer13.combine,4964.981494272,1.012288000,4965.993782272,step1.layer13.combine,residual add
1,14,step1.layer14.norm1,norm,GPU_COMPUTE,step1.layer13.residual2,4965.993782272,1.008192000,4967.001974272,step1.layer13.residual2,RMSNorm
1,14,step1.layer14.qkv,qkv,GPU_COMPUTE,step1.layer14.norm1,4967.001974272,3.635776000,4970.637750272,step1.layer14.norm1,QKV projection
1,14,step1.layer14.rope,rope,GPU_COMPUTE,step1.layer14.qkv,4970.637750272,1.018432000,4971.656182272,step1.layer14.qkv,QK norm and RoPE
1,14,step1.layer14.attention,attention,GPU_COMPUTE,step1.layer14.rope,4971.656182272,3.115584000,4974.771766272,step1.layer14.rope,decode attention on GPU
1,14,step1.layer14.o_proj,attention_output,GPU_COMPUTE,step1.layer14.attention,4974.771766272,3.109440000,4977.881206272,step1.layer14.attention,attention output projection
1,14,step1.layer14.residual1,residual,GPU_COMPUTE,step1.layer14.o_proj,4977.881206272,1.012288000,4978.893494272,step1.layer14.o_proj,residual add
1,14,step1.layer14.norm2,norm,GPU_COMPUTE,step1.layer14.residual1,4978.893494272,1.008192000,4979.901686272,step1.layer14.residual1,RMSNorm
1,14,step1.layer14.router,router,GPU_COMPUTE,step1.layer14.norm2,4979.901686272,2.069888000,4981.971574272,step1.layer14.norm2,MoE router
1,14,step1.layer14.metadata,metadata,GPU_COMPUTE,step1.layer14.router,4981.971574272,1.000128000,4982.971702272,step1.layer14.router,routing metadata
1,14,step1.layer14.dispatch,dispatch,,step1.layer14.metadata,4982.971702272,0.000000000,4982.971702272,step1.layer14.metadata,single-GPU dispatch placeholder
1,14,step1.layer14.scheduler,scheduler,GPU_COMPUTE,step1.layer14.metadata,4982.971702272,0.000000000,4982.971702272,step1.layer14.metadata,gpu-only placement policy
1,14,step1.layer14.gpu_weight_load,gpu_weight_load,HBM_MEM_PATH,step1.layer14.scheduler,4982.971702272,57.802752000,5040.774454272,step1.layer14.scheduler,expert weights HBM to GPU
1,14,step1.layer14.gpu_expert_compute,gpu_expert,GPU_COMPUTE,step1.layer14.gpu_weight_load;step1.layer14.dispatch,5040.774454272,3.268435456,5044.042889728,step1.layer14.gpu_weight_load,grouped expert GEMM
1,14,step1.layer14.pim_gwrite,pim_write,GPU_PIM_IO,step1.layer14.scheduler;step1.layer14.dispatch,4982.971702272,0.000000000,4982.971702272,step1.layer14.scheduler,PIM_GWRITE token operands
1,14,step1.layer14.pim_expert_compute,pim_expert,PIM_COMPUTE,step1.layer14.pim_gwrite,4982.971702272,0.000000000,4982.971702272,step1.layer14.pim_gwrite,serialized PIM expert GEMV
1,14,step1.layer14.pim_read,pim_read,GPU_PIM_IO,step1.layer14.pim_expert_compute,4982.971702272,0.000000000,4982.971702272,step1.layer14.pim_gwrite,PIM expert result read
1,14,step1.layer14.combine,combine,GPU_COMPUTE,step1.layer14.gpu_expert_compute;step1.layer14.pim_read,5044.042889728,1.036864000,5045.079753728,step1.layer14.gpu_expert_compute,weighted expert combine
1,14,step1.layer14.residual2,residual,GPU_COMPUTE,step1.layer14.combine,5045.079753728,1.012288000,5046.092041728,step1.layer14.combine,residual add
1,15,step1.layer15.norm1,norm,GPU_COMPUTE,step1.layer14.residual2,5046.092041728,1.008192000,5047.100233728,step1.layer14.residual2,RMSNorm
1,15,step1.layer15.qkv,qkv,GPU_COMPUTE,step1.layer15.norm1,5047.100233728,3.635776000,5050.736009728,step1.layer15.norm1,QKV projection
1,15,step1.layer15.rope,rope,GPU_COMPUTE,step1.layer15.qkv,5050.736009728,1.018432000,5051.754441728,step1.layer15.qkv,QK norm and RoPE
1,15,step1.layer15.attention,attention,GPU_COMPUTE,step1.layer15.rope,5051.754441728,3.115584000,5054.870025728,step1.layer15.rope,decode attention on GPU
1,15,step1.layer15.o_proj,attention_output,GPU_COMPUTE,step1.layer15.attention,5054.870025728,3.109440000,5057.979465728,step1.layer15.attention,attention output projection
1,15,step1.layer15.residual1,residual,GPU_COMPUTE,step1.layer15.o_proj,5057.979465728,1.012288000,5058.991753728,step1.layer15.o_proj,residual add
1,15,step1.layer15.norm2,norm,GPU_COMPUTE,step1.layer15.residual1,5058.991753728,1.008192000,5059.999945728,step1.layer15.residual1,RMSNorm
1,15,step1.layer15.router,router,GPU_COMPUTE,step1.layer15.norm2,5059.999945728,2.069888000,5062.069833728,step1.layer15.norm2,MoE router
1,15,step1.layer15.metadata,metadata,GPU_COMPUTE,step1.layer15.router,5062.069833728,1.000128000,5063.069961728,step1.layer15.router,routing metadata
1,15,step1.layer15.dispatch,dispatch,,step1.layer15.metadata,5063.069961728,0.000000000,5063.069961728,step1.layer15.metadata,single-GPU dispatch placeholder
1,15,step1.layer15.scheduler,scheduler,GPU_COMPUTE,step1.layer15.metadata,5063.069961728,0.000000000,5063.069961728,step1.layer15.metadata,gpu-only placement policy
1,15,step1.layer15.gpu_weight_load,gpu_weight_load,HBM_MEM_PATH,step1.layer15.scheduler,5063.069961728,57.802752000,5120.872713728,step1.layer15.scheduler,expert weights HBM to GPU
1,15,step1.layer15.gpu_expert_compute,gpu_expert,GPU_COMPUTE,step1.layer15.gpu_weight_load;step1.layer15.dispatch,5120.872713728,3.268435456,5124.141149184,step1.layer15.gpu_weight_load,grouped expert GEMM
1,15,step1.layer15.pim_gwrite,pim_write,GPU_PIM_IO,step1.layer15.scheduler;step1.layer15.dispatch,5063.069961728,0.000000000,5063.069961728,step1.layer15.scheduler,PIM_GWRITE token operands
1,15,step1.layer15.pim_expert_compute,pim_expert,PIM_COMPUTE,step1.layer15.pim_gwrite,5063.069961728,0.000000000,5063.069961728,step1.layer15.pim_gwrite,serialized PIM expert GEMV
1,15,step1.layer15.pim_read,pim_read,GPU_PIM_IO,step1.layer15.pim_expert_compute,5063.069961728,0.000000000,5063.069961728,step1.layer15.pim_gwrite,PIM expert result read
1,15,step1.layer15.combine,combine,GPU_COMPUTE,step1.layer15.gpu_expert_compute;step1.layer15.pim_read,5124.141149184,1.036864000,5125.178013184,step1.layer15.gpu_expert_compute,weighted expert combine
1,15,step1.layer15.residual2,residual,GPU_COMPUTE,step1.layer15.combine,5125.178013184,1.012288000,5126.190301184,step1.layer15.combine,residual add
1,16,step1.layer16.norm1,norm,GPU_COMPUTE,step1.layer15.residual2,5126.190301184,1.008192000,5127.198493184,step1.layer15.residual2,RMSNorm
1,16,step1.layer16.qkv,qkv,GPU_COMPUTE,step1.layer16.norm1,5127.198493184,3.635776000,5130.834269184,step1.layer16.norm1,QKV projection
1,16,step1.layer16.rope,rope,GPU_COMPUTE,step1.layer16.qkv,5130.834269184,1.018432000,5131.852701184,step1.layer16.qkv,QK norm and RoPE
1,16,step1.layer16.attention,attention,GPU_COMPUTE,step1.layer16.rope,5131.852701184,3.115584000,5134.968285184,step1.layer16.rope,decode attention on GPU
1,16,step1.layer16.o_proj,attention_output,GPU_COMPUTE,step1.layer16.attention,5134.968285184,3.109440000,5138.077725184,step1.layer16.attention,attention output projection
1,16,step1.layer16.residual1,residual,GPU_COMPUTE,step1.layer16.o_proj,5138.077725184,1.012288000,5139.090013184,step1.layer16.o_proj,residual add
1,16,step1.layer16.norm2,norm,GPU_COMPUTE,step1.layer16.residual1,5139.090013184,1.008192000,5140.098205184,step1.layer16.residual1,RMSNorm
1,16,step1.layer16.router,router,GPU_COMPUTE,step1.layer16.norm2,5140.098205184,2.069888000,5142.168093184,step1.layer16.norm2,MoE router
1,16,step1.layer16.metadata,metadata,GPU_COMPUTE,step1.layer16.router,5142.168093184,1.000128000,5143.168221184,step1.layer16.router,routing metadata
1,16,step1.layer16.dispatch,dispatch,,step1.layer16.metadata,5143.168221184,0.000000000,5143.168221184,step1.layer16.metadata,single-GPU dispatch placeholder
1,16,step1.layer16.scheduler,scheduler,GPU_COMPUTE,step1.layer16.metadata,5143.168221184,0.000000000,5143.168221184,step1.layer16.metadata,gpu-only placement policy
1,16,step1.layer16.gpu_weight_load,gpu_weight_load,HBM_MEM_PATH,step1.layer16.scheduler,5143.168221184,57.802752000,5200.970973184,step1.layer16.scheduler,expert weights HBM to GPU
1,16,step1.layer16.gpu_expert_compute,gpu_expert,GPU_COMPUTE,step1.layer16.gpu_weight_load;step1.layer16.dispatch,5200.970973184,3.268435456,5204.239408640,step1.layer16.gpu_weight_load,grouped expert GEMM
1,16,step1.layer16.pim_gwrite,pim_write,GPU_PIM_IO,step1.layer16.scheduler;step1.layer16.dispatch,5143.168221184,0.000000000,5143.168221184,step1.layer16.scheduler,PIM_GWRITE token operands
1,16,step1.layer16.pim_expert_compute,pim_expert,PIM_COMPUTE,step1.layer16.pim_gwrite,5143.168221184,0.000000000,5143.168221184,step1.layer16.pim_gwrite,serialized PIM expert GEMV
1,16,step1.layer16.pim_read,pim_read,GPU_PIM_IO,step1.layer16.pim_expert_compute,5143.168221184,0.000000000,5143.168221184,step1.layer16.pim_gwrite,PIM expert result read
1,16,step1.layer16.combine,combine,GPU_COMPUTE,step1.layer16.gpu_expert_compute;step1.layer16.pim_read,5204.239408640,1.036864000,5205.276272640,step1.layer16.gpu_expert_compute,weighted expert combine
1,16,step1.layer16.residual2,residual,GPU_COMPUTE,step1.layer16.combine,5205.276272640,1.012288000,5206.288560640,step1.layer16.combine,residual add
1,17,step1.layer17.norm1,norm,GPU_COMPUTE,step1.layer16.residual2,5206.288560640,1.008192000,5207.296752640,step1.layer16.residual2,RMSNorm
1,17,step1.layer17.qkv,qkv,GPU_COMPUTE,step1.layer17.norm1,5207.296752640,3.635776000,5210.932528640,step1.layer17.norm1,QKV projection
1,17,step1.layer17.rope,rope,GPU_COMPUTE,step1.layer17.qkv,5210.932528640,1.018432000,5211.950960640,step1.layer17.qkv,QK norm and RoPE
1,17,step1.layer17.attention,attention,GPU_COMPUTE,step1.layer17.rope,5211.950960640,3.115584000,5215.066544640,step1.layer17.rope,decode attention on GPU
1,17,step1.layer17.o_proj,attention_output,GPU_COMPUTE,step1.layer17.attention,5215.066544640,3.109440000,5218.175984640,step1.layer17.attention,attention output projection
1,17,step1.layer17.residual1,residual,GPU_COMPUTE,step1.layer17.o_proj,5218.175984640,1.012288000,5219.188272640,step1.layer17.o_proj,residual add
1,17,step1.layer17.norm2,norm,GPU_COMPUTE,step1.layer17.residual1,5219.188272640,1.008192000,5220.196464640,step1.layer17.residual1,RMSNorm
1,17,step1.layer17.router,router,GPU_COMPUTE,step1.layer17.norm2,5220.196464640,2.069888000,5222.266352640,step1.layer17.norm2,MoE router
1,17,step1.layer17.metadata,metadata,GPU_COMPUTE,step1.layer17.router,5222.266352640,1.000128000,5223.266480640,step1.layer17.router,routing metadata
1,17,step1.layer17.dispatch,dispatch,,step1.layer17.metadata,5223.266480640,0.000000000,5223.266480640,step1.layer17.metadata,single-GPU dispatch placeholder
1,17,step1.layer17.scheduler,scheduler,GPU_COMPUTE,step1.layer17.metadata,5223.266480640,0.000000000,5223.266480640,step1.layer17.metadata,gpu-only placement policy
1,17,step1.layer17.gpu_weight_load,gpu_weight_load,HBM_MEM_PATH,step1.layer17.scheduler,5223.266480640,57.802752000,5281.069232640,step1.layer17.scheduler,expert weights HBM to GPU
1,17,step1.layer17.gpu_expert_compute,gpu_expert,GPU_COMPUTE,step1.layer17.gpu_weight_load;step1.layer17.dispatch,5281.069232640,3.268435456,5284.337668096,step1.layer17.gpu_weight_load,grouped expert GEMM
1,17,step1.layer17.pim_gwrite,pim_write,GPU_PIM_IO,step1.layer17.scheduler;step1.layer17.dispatch,5223.266480640,0.000000000,5223.266480640,step1.layer17.scheduler,PIM_GWRITE token operands
1,17,step1.layer17.pim_expert_compute,pim_expert,PIM_COMPUTE,step1.layer17.pim_gwrite,5223.266480640,0.000000000,5223.266480640,step1.layer17.pim_gwrite,serialized PIM expert GEMV
1,17,step1.layer17.pim_read,pim_read,GPU_PIM_IO,step1.layer17.pim_expert_compute,5223.266480640,0.000000000,5223.266480640,step1.layer17.pim_gwrite,PIM expert result read
1,17,step1.layer17.combine,combine,GPU_COMPUTE,step1.layer17.gpu_expert_compute;step1.layer17.pim_read,5284.337668096,1.036864000,5285.374532096,step1.layer17.gpu_expert_compute,weighted expert combine
1,17,step1.layer17.residual2,residual,GPU_COMPUTE,step1.layer17.combine,5285.374532096,1.012288000,5286.386820096,step1.layer17.combine,residual add
1,18,step1.layer18.norm1,norm,GPU_COMPUTE,step1.layer17.residual2,5286.386820096,1.008192000,5287.395012096,step1.layer17.residual2,RMSNorm
1,18,step1.layer18.qkv,qkv,GPU_COMPUTE,step1.layer18.norm1,5287.395012096,3.635776000,5291.030788096,step1.layer18.norm1,QKV projection
1,18,step1.layer18.rope,rope,GPU_COMPUTE,step1.layer18.qkv,5291.030788096,1.018432000,5292.049220096,step1.layer18.qkv,QK norm and RoPE
1,18,step1.layer18.attention,attention,GPU_COMPUTE,step1.layer18.rope,5292.049220096,3.115584000,5295.164804096,step1.layer18.rope,decode attention on GPU
1,18,step1.layer18.o_proj,attention_output,GPU_COMPUTE,step1.layer18.attention,5295.164804096,3.109440000,5298.274244096,step1.layer18.attention,attention output projection
1,18,step1.layer18.residual1,residual,GPU_COMPUTE,step1.layer18.o_proj,5298.274244096,1.012288000,5299.286532096,step1.layer18.o_proj,residual add
1,18,step1.layer18.norm2,norm,GPU_COMPUTE,step1.layer18.residual1,5299.286532096,1.008192000,5300.294724096,step1.layer18.residual1,RMSNorm
1,18,step1.layer18.router,router,GPU_COMPUTE,step1.layer18.norm2,5300.294724096,2.069888000,5302.364612096,step1.layer18.norm2,MoE router
1,18,step1.layer18.metadata,metadata,GPU_COMPUTE,step1.layer18.router,5302.364612096,1.000128000,5303.364740096,step1.layer18.router,routing metadata
1,18,step1.layer18.dispatch,dispatch,,step1.layer18.metadata,5303.364740096,0.000000000,5303.364740096,step1.layer18.metadata,single-GPU dispatch placeholder
1,18,step1.layer18.scheduler,scheduler,GPU_COMPUTE,step1.layer18.metadata,5303.364740096,0.000000000,5303.364740096,step1.layer18.metadata,gpu-only placement policy
1,18,step1.layer18.gpu_weight_load,gpu_weight_load,HBM_MEM_PATH,step1.layer18.scheduler,5303.364740096,57.802752000,5361.167492096,step1.layer18.scheduler,expert weights HBM to GPU
1,18,step1.layer18.gpu_expert_compute,gpu_expert,GPU_COMPUTE,step1.layer18.gpu_weight_load;step1.layer18.dispatch,5361.167492096,3.268435456,5364.435927552,step1.layer18.gpu_weight_load,grouped expert GEMM
1,18,step1.layer18.pim_gwrite,pim_write,GPU_PIM_IO,step1.layer18.scheduler;step1.layer18.dispatch,5303.364740096,0.000000000,5303.364740096,step1.layer18.scheduler,PIM_GWRITE token operands
1,18,step1.layer18.pim_expert_compute,pim_expert,PIM_COMPUTE,step1.layer18.pim_gwrite,5303.364740096,0.000000000,5303.364740096,step1.layer18.pim_gwrite,serialized PIM expert GEMV
1,18,step1.layer18.pim_read,pim_read,GPU_PIM_IO,step1.layer18.pim_expert_compute,5303.364740096,0.000000000,5303.364740096,step1.layer18.pim_gwrite,PIM expert result read
1,18,step1.layer18.combine,combine,GPU_COMPUTE,step1.layer18.gpu_expert_compute;step1.layer18.pim_read,5364.435927552,1.036864000,5365.472791552,step1.layer18.gpu_expert_compute,weighted expert combine
1,18,step1.layer18.residual2,residual,GPU_COMPUTE,step1.layer18.combine,5365.472791552,1.012288000,5366.485079552,step1.layer18.combine,residual add
1,19,step1.layer19.norm1,norm,GPU_COMPUTE,step1.layer18.residual2,5366.485079552,1.008192000,5367.493271552,step1.layer18.residual2,RMSNorm
1,19,step1.layer19.qkv,qkv,GPU_COMPUTE,step1.layer19.norm1,5367.493271552,3.635776000,5371.129047552,step1.layer19.norm1,QKV projection
1,19,step1.layer19.rope,rope,GPU_COMPUTE,step1.layer19.qkv,5371.129047552,1.018432000,5372.147479552,step1.layer19.qkv,QK norm and RoPE
1,19,step1.layer19.attention,attention,GPU_COMPUTE,step1.layer19.rope,5372.147479552,3.115584000,5375.263063552,step1.layer19.rope,decode attention on GPU
1,19,step1.layer19.o_proj,attention_output,GPU_COMPUTE,step1.layer19.attention,5375.263063552,3.109440000,5378.372503552,step1.layer19.attention,attention output projection
1,19,step1.layer19.residual1,residual,GPU_COMPUTE,step1.layer19.o_proj,5378.372503552,1.012288000,5379.384791552,step1.layer19.o_proj,residual add
1,19,step1.layer19.norm2,norm,GPU_COMPUTE,step1.layer19.residual1,5379.384791552,1.008192000,5380.392983552,step1.layer19.residual1,RMSNorm
1,19,step1.layer19.router,router,GPU_COMPUTE,step1.layer19.norm2,5380.392983552,2.069888000,5382.462871552,step1.layer19.norm2,MoE router
1,19,step1.layer19.metadata,metadata,GPU_COMPUTE,step1.layer19.router,5382.462871552,1.000128000,5383.462999552,step1.layer19.router,routing metadata
1,19,step1.layer19.dispatch,dispatch,,step1.layer19.metadata,5383.462999552,0.000000000,5383.462999552,step1.layer19.metadata,single-GPU dispatch placeholder
1,19,step1.layer19.scheduler,scheduler,GPU_COMPUTE,step1.layer19.metadata,5383.462999552,0.000000000,5383.462999552,step1.layer19.metadata,gpu-only placement policy
1,19,step1.layer19.gpu_weight_load,gpu_weight_load,HBM_MEM_PATH,step1.layer19.scheduler,5383.462999552,57.802752000,5441.265751552,step1.layer19.scheduler,expert weights HBM to GPU
1,19,step1.layer19.gpu_expert_compute,gpu_expert,GPU_COMPUTE,step1.layer19.gpu_weight_load;step1.layer19.dispatch,5441.265751552,3.268435456,5444.534187008,step1.layer19.gpu_weight_load,grouped expert GEMM
1,19,step1.layer19.pim_gwrite,pim_write,GPU_PIM_IO,step1.layer19.scheduler;step1.layer19.dispatch,5383.462999552,0.000000000,5383.462999552,step1.layer19.scheduler,PIM_GWRITE token operands
1,19,step1.layer19.pim_expert_compute,pim_expert,PIM_COMPUTE,step1.layer19.pim_gwrite,5383.462999552,0.000000000,5383.462999552,step1.layer19.pim_gwrite,serialized PIM expert GEMV
1,19,step1.layer19.pim_read,pim_read,GPU_PIM_IO,step1.layer19.pim_expert_compute,5383.462999552,0.000000000,5383.462999552,step1.layer19.pim_gwrite,PIM expert result read
1,19,step1.layer19.combine,combine,GPU_COMPUTE,step1.layer19.gpu_expert_compute;step1.layer19.pim_read,5444.534187008,1.036864000,5445.571051008,step1.layer19.gpu_expert_compute,weighted expert combine
1,19,step1.layer19.residual2,residual,GPU_COMPUTE,step1.layer19.combine,5445.571051008,1.012288000,5446.583339008,step1.layer19.combine,residual add
1,20,step1.layer20.norm1,norm,GPU_COMPUTE,step1.layer19.residual2,5446.583339008,1.008192000,5447.591531008,step1.layer19.residual2,RMSNorm
1,20,step1.layer20.qkv,qkv,GPU_COMPUTE,step1.layer20.norm1,5447.591531008,3.635776000,5451.227307008,step1.layer20.norm1,QKV projection
1,20,step1.layer20.rope,rope,GPU_COMPUTE,step1.layer20.qkv,5451.227307008,1.018432000,5452.245739008,step1.layer20.qkv,QK norm and RoPE
1,20,step1.layer20.attention,attention,GPU_COMPUTE,step1.layer20.rope,5452.245739008,3.115584000,5455.361323008,step1.layer20.rope,decode attention on GPU
1,20,step1.layer20.o_proj,attention_output,GPU_COMPUTE,step1.layer20.attention,5455.361323008,3.109440000,5458.470763008,step1.layer20.attention,attention output projection
1,20,step1.layer20.residual1,residual,GPU_COMPUTE,step1.layer20.o_proj,5458.470763008,1.012288000,5459.483051008,step1.layer20.o_proj,residual add
1,20,step1.layer20.norm2,norm,GPU_COMPUTE,step1.layer20.residual1,5459.483051008,1.008192000,5460.491243008,step1.layer20.residual1,RMSNorm
1,20,step1.layer20.router,router,GPU_COMPUTE,step1.layer20.norm2,5460.491243008,2.069888000,5462.561131008,step1.layer20.norm2,MoE router
1,20,step1.layer20.metadata,metadata,GPU_COMPUTE,step1.layer20.router,5462.561131008,1.000128000,5463.561259008,step1.layer20.router,routing metadata
1,20,step1.layer20.dispatch,dispatch,,step1.layer20.metadata,5463.561259008,0.000000000,5463.561259008,step1.layer20.metadata,single-GPU dispatch placeholder
1,20,step1.layer20.scheduler,scheduler,GPU_COMPUTE,step1.layer20.metadata,5463.561259008,0.000000000,5463.561259008,step1.layer20.metadata,gpu-only placement policy
1,20,step1.layer20.gpu_weight_load,gpu_weight_load,HBM_MEM_PATH,step1.layer20.scheduler,5463.561259008,57.802752000,5521.364011008,step1.layer20.scheduler,expert weights HBM to GPU
1,20,step1.layer20.gpu_expert_compute,gpu_expert,GPU_COMPUTE,step1.layer20.gpu_weight_load;step1.layer20.dispatch,5521.364011008,3.268435456,5524.632446464,step1.layer20.gpu_weight_load,grouped expert GEMM
1,20,step1.layer20.pim_gwrite,pim_write,GPU_PIM_IO,step1.layer20.scheduler;step1.layer20.dispatch,5463.561259008,0.000000000,5463.561259008,step1.layer20.scheduler,PIM_GWRITE token operands
1,20,step1.layer20.pim_expert_compute,pim_expert,PIM_COMPUTE,step1.layer20.pim_gwrite,5463.561259008,0.000000000,5463.561259008,step1.layer20.pim_gwrite,serialized PIM expert GEMV
1,20,step1.layer20.pim_read,pim_read,GPU_PIM_IO,step1.layer20.pim_expert_compute,5463.561259008,0.000000000,5463.561259008,step1.layer20.pim_gwrite,PIM expert result read
1,20,step1.layer20.combine,combine,GPU_COMPUTE,step1.layer20.gpu_expert_compute;step1.layer20.pim_read,5524.632446464,1.036864000,5525.669310464,step1.layer20.gpu_expert_compute,weighted expert combine
1,20,step1.layer20.residual2,residual,GPU_COMPUTE,step1.layer20.combine,5525.669310464,1.012288000,5526.681598464,step1.layer20.combine,residual add
1,21,step1.layer21.norm1,norm,GPU_COMPUTE,step1.layer20.residual2,5526.681598464,1.008192000,5527.689790464,step1.layer20.residual2,RMSNorm
1,21,step1.layer21.qkv,qkv,GPU_COMPUTE,step1.layer21.norm1,5527.689790464,3.635776000,5531.325566464,step1.layer21.norm1,QKV projection
1,21,step1.layer21.rope,rope,GPU_COMPUTE,step1.layer21.qkv,5531.325566464,1.018432000,5532.343998464,step1.layer21.qkv,QK norm and RoPE
1,21,step1.layer21.attention,attention,GPU_COMPUTE,step1.layer21.rope,5532.343998464,3.115584000,5535.459582464,step1.layer21.rope,decode attention on GPU
1,21,step1.layer21.o_proj,attention_output,GPU_COMPUTE,step1.layer21.attention,5535.459582464,3.109440000,5538.569022464,step1.layer21.attention,attention output projection
1,21,step1.layer21.residual1,residual,GPU_COMPUTE,step1.layer21.o_proj,5538.569022464,1.012288000,5539.581310464,step1.layer21.o_proj,residual add
1,21,step1.layer21.norm2,norm,GPU_COMPUTE,step1.layer21.residual1,5539.581310464,1.008192000,5540.589502464,step1.layer21.residual1,RMSNorm
1,21,step1.layer21.router,router,GPU_COMPUTE,step1.layer21.norm2,5540.589502464,2.069888000,5542.659390464,step1.layer21.norm2,MoE router
1,21,step1.layer21.metadata,metadata,GPU_COMPUTE,step1.layer21.router,5542.659390464,1.000128000,5543.659518464,step1.layer21.router,routing metadata
1,21,step1.layer21.dispatch,dispatch,,step1.layer21.metadata,5543.659518464,0.000000000,5543.659518464,step1.layer21.metadata,single-GPU dispatch placeholder
1,21,step1.layer21.scheduler,scheduler,GPU_COMPUTE,step1.layer21.metadata,5543.659518464,0.000000000,5543.659518464,step1.layer21.metadata,gpu-only placement policy
1,21,step1.layer21.gpu_weight_load,gpu_weight_load,HBM_MEM_PATH,step1.layer21.scheduler,5543.659518464,57.802752000,5601.462270464,step1.layer21.scheduler,expert weights HBM to GPU
1,21,step1.layer21.gpu_expert_compute,gpu_expert,GPU_COMPUTE,step1.layer21.gpu_weight_load;step1.layer21.dispatch,5601.462270464,3.268435456,5604.730705920,step1.layer21.gpu_weight_load,grouped expert GEMM
1,21,step1.layer21.pim_gwrite,pim_write,GPU_PIM_IO,step1.layer21.scheduler;step1.layer21.dispatch,5543.659518464,0.000000000,5543.659518464,step1.layer21.scheduler,PIM_GWRITE token operands
1,21,step1.layer21.pim_expert_compute,pim_expert,PIM_COMPUTE,step1.layer21.pim_gwrite,5543.659518464,0.000000000,5543.659518464,step1.layer21.pim_gwrite,serialized PIM expert GEMV
1,21,step1.layer21.pim_read,pim_read,GPU_PIM_IO,step1.layer21.pim_expert_compute,5543.659518464,0.000000000,5543.659518464,step1.layer21.pim_gwrite,PIM expert result read
1,21,step1.layer21.combine,combine,GPU_COMPUTE,step1.layer21.gpu_expert_compute;step1.layer21.pim_read,5604.730705920,1.036864000,5605.767569920,step1.layer21.gpu_expert_compute,weighted expert combine
1,21,step1.layer21.residual2,residual,GPU_COMPUTE,step1.layer21.combine,5605.767569920,1.012288000,5606.779857920,step1.layer21.combine,residual add
1,22,step1.layer22.norm1,norm,GPU_COMPUTE,step1.layer21.residual2,5606.779857920,1.008192000,5607.788049920,step1.layer21.residual2,RMSNorm
1,22,step1.layer22.qkv,qkv,GPU_COMPUTE,step1.layer22.norm1,5607.788049920,3.635776000,5611.423825920,step1.layer22.norm1,QKV projection
1,22,step1.layer22.rope,rope,GPU_COMPUTE,step1.layer22.qkv,5611.423825920,1.018432000,5612.442257920,step1.layer22.qkv,QK norm and RoPE
1,22,step1.layer22.attention,attention,GPU_COMPUTE,step1.layer22.rope,5612.442257920,3.115584000,5615.557841920,step1.layer22.rope,decode attention on GPU
1,22,step1.layer22.o_proj,attention_output,GPU_COMPUTE,step1.layer22.attention,5615.557841920,3.109440000,5618.667281920,step1.layer22.attention,attention output projection
1,22,step1.layer22.residual1,residual,GPU_COMPUTE,step1.layer22.o_proj,5618.667281920,1.012288000,5619.679569920,step1.layer22.o_proj,residual add
1,22,step1.layer22.norm2,norm,GPU_COMPUTE,step1.layer22.residual1,5619.679569920,1.008192000,5620.687761920,step1.layer22.residual1,RMSNorm
1,22,step1.layer22.router,router,GPU_COMPUTE,step1.layer22.norm2,5620.687761920,2.069888000,5622.757649920,step1.layer22.norm2,MoE router
1,22,step1.layer22.metadata,metadata,GPU_COMPUTE,step1.layer22.router,5622.757649920,1.000128000,5623.757777920,step1.layer22.router,routing metadata
1,22,step1.layer22.dispatch,dispatch,,step1.layer22.metadata,5623.757777920,0.000000000,5623.757777920,step1.layer22.metadata,single-GPU dispatch placeholder
1,22,step1.layer22.scheduler,scheduler,GPU_COMPUTE,step1.layer22.metadata,5623.757777920,0.000000000,5623.757777920,step1.layer22.metadata,gpu-only placement policy
1,22,step1.layer22.gpu_weight_load,gpu_weight_load,HBM_MEM_PATH,step1.layer22.scheduler,5623.757777920,57.802752000,5681.560529920,step1.layer22.scheduler,expert weights HBM to GPU
1,22,step1.layer22.gpu_expert_compute,gpu_expert,GPU_COMPUTE,step1.layer22.gpu_weight_load;step1.layer22.dispatch,5681.560529920,3.268435456,5684.828965376,step1.layer22.gpu_weight_load,grouped expert GEMM
1,22,step1.layer22.pim_gwrite,pim_write,GPU_PIM_IO,step1.layer22.scheduler;step1.layer22.dispatch,5623.757777920,0.000000000,5623.757777920,step1.layer22.scheduler,PIM_GWRITE token operands
1,22,step1.layer22.pim_expert_compute,pim_expert,PIM_COMPUTE,step1.layer22.pim_gwrite,5623.757777920,0.000000000,5623.757777920,step1.layer22.pim_gwrite,serialized PIM expert GEMV
1,22,step1.layer22.pim_read,pim_read,GPU_PIM_IO,step1.layer22.pim_expert_compute,5623.757777920,0.000000000,5623.757777920,step1.layer22.pim_gwrite,PIM expert result read
1,22,step1.layer22.combine,combine,GPU_COMPUTE,step1.layer22.gpu_expert_compute;step1.layer22.pim_read,5684.828965376,1.036864000,5685.865829376,step1.layer22.gpu_expert_compute,weighted expert combine
1,22,step1.layer22.residual2,residual,GPU_COMPUTE,step1.layer22.combine,5685.865829376,1.012288000,5686.878117376,step1.layer22.combine,residual add
1,23,step1.layer23.norm1,norm,GPU_COMPUTE,step1.layer22.residual2,5686.878117376,1.008192000,5687.886309376,step1.layer22.residual2,RMSNorm
1,23,step1.layer23.qkv,qkv,GPU_COMPUTE,step1.layer23.norm1,5687.886309376,3.635776000,5691.522085376,step1.layer23.norm1,QKV projection
1,23,step1.layer23.rope,rope,GPU_COMPUTE,step1.layer23.qkv,5691.522085376,1.018432000,5692.540517376,step1.layer23.qkv,QK norm and RoPE
1,23,step1.layer23.attention,attention,GPU_COMPUTE,step1.layer23.rope,5692.540517376,3.115584000,5695.656101376,step1.layer23.rope,decode attention on GPU
1,23,step1.layer23.o_proj,attention_output,GPU_COMPUTE,step1.layer23.attention,5695.656101376,3.109440000,5698.765541376,step1.layer23.attention,attention output projection
1,23,step1.layer23.residual1,residual,GPU_COMPUTE,step1.layer23.o_proj,5698.765541376,1.012288000,5699.777829376,step1.layer23.o_proj,residual add
1,23,step1.layer23.norm2,norm,GPU_COMPUTE,step1.layer23.residual1,5699.777829376,1.008192000,5700.786021376,step1.layer23.residual1,RMSNorm
1,23,step1.layer23.router,router,GPU_COMPUTE,step1.layer23.norm2,5700.786021376,2.069888000,5702.855909376,step1.layer23.norm2,MoE router
1,23,step1.layer23.metadata,metadata,GPU_COMPUTE,step1.layer23.router,5702.855909376,1.000128000,5703.856037376,step1.layer23.router,routing metadata
1,23,step1.layer23.dispatch,dispatch,,step1.layer23.metadata,5703.856037376,0.000000000,5703.856037376,step1.layer23.metadata,single-GPU dispatch placeholder
1,23,step1.layer23.scheduler,scheduler,GPU_COMPUTE,step1.layer23.metadata,5703.856037376,0.000000000,5703.856037376,step1.layer23.metadata,gpu-only placement policy
1,23,step1.layer23.gpu_weight_load,gpu_weight_load,HBM_MEM_PATH,step1.layer23.scheduler,5703.856037376,57.802752000,5761.658789376,step1.layer23.scheduler,expert weights HBM to GPU
1,23,step1.layer23.gpu_expert_compute,gpu_expert,GPU_COMPUTE,step1.layer23.gpu_weight_load;step1.layer23.dispatch,5761.658789376,3.268435456,5764.927224832,step1.layer23.gpu_weight_load,grouped expert GEMM
1,23,step1.layer23.pim_gwrite,pim_write,GPU_PIM_IO,step1.layer23.scheduler;step1.layer23.dispatch,5703.856037376,0.000000000,5703.856037376,step1.layer23.scheduler,PIM_GWRITE token operands
1,23,step1.layer23.pim_expert_compute,pim_expert,PIM_COMPUTE,step1.layer23.pim_gwrite,5703.856037376,0.000000000,5703.856037376,step1.layer23.pim_gwrite,serialized PIM expert GEMV
1,23,step1.layer23.pim_read,pim_read,GPU_PIM_IO,step1.layer23.pim_expert_compute,5703.856037376,0.000000000,5703.856037376,step1.layer23.pim_gwrite,PIM expert result read
1,23,step1.layer23.combine,combine,GPU_COMPUTE,step1.layer23.gpu_expert_compute;step1.layer23.pim_read,5764.927224832,1.036864000,5765.964088832,step1.layer23.gpu_expert_compute,weighted expert combine
1,23,step1.layer23.residual2,residual,GPU_COMPUTE,step1.layer23.combine,5765.964088832,1.012288000,5766.976376832,step1.layer23.combine,residual add
1,24,step1.layer24.norm1,norm,GPU_COMPUTE,step1.layer23.residual2,5766.976376832,1.008192000,5767.984568832,step1.layer23.residual2,RMSNorm
1,24,step1.layer24.qkv,qkv,GPU_COMPUTE,step1.layer24.norm1,5767.984568832,3.635776000,5771.620344832,step1.layer24.norm1,QKV projection
1,24,step1.layer24.rope,rope,GPU_COMPUTE,step1.layer24.qkv,5771.620344832,1.018432000,5772.638776832,step1.layer24.qkv,QK norm and RoPE
1,24,step1.layer24.attention,attention,GPU_COMPUTE,step1.layer24.rope,5772.638776832,3.115584000,5775.754360832,step1.layer24.rope,decode attention on GPU
1,24,step1.layer24.o_proj,attention_output,GPU_COMPUTE,step1.layer24.attention,5775.754360832,3.109440000,5778.863800832,step1.layer24.attention,attention output projection
1,24,step1.layer24.residual1,residual,GPU_COMPUTE,step1.layer24.o_proj,5778.863800832,1.012288000,5779.876088832,step1.layer24.o_proj,residual add
1,24,step1.layer24.norm2,norm,GPU_COMPUTE,step1.layer24.residual1,5779.876088832,1.008192000,5780.884280832,step1.layer24.residual1,RMSNorm
1,24,step1.layer24.router,router,GPU_COMPUTE,step1.layer24.norm2,5780.884280832,2.069888000,5782.954168832,step1.layer24.norm2,MoE router
1,24,step1.layer24.metadata,metadata,GPU_COMPUTE,step1.layer24.router,5782.954168832,1.000128000,5783.954296832,step1.layer24.router,routing metadata
1,24,step1.layer24.dispatch,dispatch,,step1.layer24.metadata,5783.954296832,0.000000000,5783.954296832,step1.layer24.metadata,single-GPU dispatch placeholder
1,24,step1.layer24.scheduler,scheduler,GPU_COMPUTE,step1.layer24.metadata,5783.954296832,0.000000000,5783.954296832,step1.layer24.metadata,gpu-only placement policy
1,24,step1.layer24.gpu_weight_load,gpu_weight_load,HBM_MEM_PATH,step1.layer24.scheduler,5783.954296832,57.802752000,5841.757048832,step1.layer24.scheduler,expert weights HBM to GPU
1,24,step1.layer24.gpu_expert_compute,gpu_expert,GPU_COMPUTE,step1.layer24.gpu_weight_load;step1.layer24.dispatch,5841.757048832,3.268435456,5845.025484288,step1.layer24.gpu_weight_load,grouped expert GEMM
1,24,step1.layer24.pim_gwrite,pim_write,GPU_PIM_IO,step1.layer24.scheduler;step1.layer24.dispatch,5783.954296832,0.000000000,5783.954296832,step1.layer24.scheduler,PIM_GWRITE token operands
1,24,step1.layer24.pim_expert_compute,pim_expert,PIM_COMPUTE,step1.layer24.pim_gwrite,5783.954296832,0.000000000,5783.954296832,step1.layer24.pim_gwrite,serialized PIM expert GEMV
1,24,step1.layer24.pim_read,pim_read,GPU_PIM_IO,step1.layer24.pim_expert_compute,5783.954296832,0.000000000,5783.954296832,step1.layer24.pim_gwrite,PIM expert result read
1,24,step1.layer24.combine,combine,GPU_COMPUTE,step1.layer24.gpu_expert_compute;step1.layer24.pim_read,5845.025484288,1.036864000,5846.062348288,step1.layer24.gpu_expert_compute,weighted expert combine
1,24,step1.layer24.residual2,residual,GPU_COMPUTE,step1.layer24.combine,5846.062348288,1.012288000,5847.074636288,step1.layer24.combine,residual add
1,25,step1.layer25.norm1,norm,GPU_COMPUTE,step1.layer24.residual2,5847.074636288,1.008192000,5848.082828288,step1.layer24.residual2,RMSNorm
1,25,step1.layer25.qkv,qkv,GPU_COMPUTE,step1.layer25.norm1,5848.082828288,3.635776000,5851.718604288,step1.layer25.norm1,QKV projection
1,25,step1.layer25.rope,rope,GPU_COMPUTE,step1.layer25.qkv,5851.718604288,1.018432000,5852.737036288,step1.layer25.qkv,QK norm and RoPE
1,25,step1.layer25.attention,attention,GPU_COMPUTE,step1.layer25.rope,5852.737036288,3.115584000,5855.852620288,step1.layer25.rope,decode attention on GPU
1,25,step1.layer25.o_proj,attention_output,GPU_COMPUTE,step1.layer25.attention,5855.852620288,3.109440000,5858.962060288,step1.layer25.attention,attention output projection
1,25,step1.layer25.residual1,residual,GPU_COMPUTE,step1.layer25.o_proj,5858.962060288,1.012288000,5859.974348288,step1.layer25.o_proj,residual add
1,25,step1.layer25.norm2,norm,GPU_COMPUTE,step1.layer25.residual1,5859.974348288,1.008192000,5860.982540288,step1.layer25.residual1,RMSNorm
1,25,step1.layer25.router,router,GPU_COMPUTE,step1.layer25.norm2,5860.982540288,2.069888000,5863.052428288,step1.layer25.norm2,MoE router
1,25,step1.layer25.metadata,metadata,GPU_COMPUTE,step1.layer25.router,5863.052428288,1.000128000,5864.052556288,step1.layer25.router,routing metadata
1,25,step1.layer25.dispatch,dispatch,,step1.layer25.metadata,5864.052556288,0.000000000,5864.052556288,step1.layer25.metadata,single-GPU dispatch placeholder
1,25,step1.layer25.scheduler,scheduler,GPU_COMPUTE,step1.layer25.metadata,5864.052556288,0.000000000,5864.052556288,step1.layer25.metadata,gpu-only placement policy
1,25,step1.layer25.gpu_weight_load,gpu_weight_load,HBM_MEM_PATH,step1.layer25.scheduler,5864.052556288,57.802752000,5921.855308288,step1.layer25.scheduler,expert weights HBM to GPU
1,25,step1.layer25.gpu_expert_compute,gpu_expert,GPU_COMPUTE,step1.layer25.gpu_weight_load;step1.layer25.dispatch,5921.855308288,3.268435456,5925.123743744,step1.layer25.gpu_weight_load,grouped expert GEMM
1,25,step1.layer25.pim_gwrite,pim_write,GPU_PIM_IO,step1.layer25.scheduler;step1.layer25.dispatch,5864.052556288,0.000000000,5864.052556288,step1.layer25.scheduler,PIM_GWRITE token operands
1,25,step1.layer25.pim_expert_compute,pim_expert,PIM_COMPUTE,step1.layer25.pim_gwrite,5864.052556288,0.000000000,5864.052556288,step1.layer25.pim_gwrite,serialized PIM expert GEMV
1,25,step1.layer25.pim_read,pim_read,GPU_PIM_IO,step1.layer25.pim_expert_compute,5864.052556288,0.000000000,5864.052556288,step1.layer25.pim_gwrite,PIM expert result read
1,25,step1.layer25.combine,combine,GPU_COMPUTE,step1.layer25.gpu_expert_compute;step1.layer25.pim_read,5925.123743744,1.036864000,5926.160607744,step1.layer25.gpu_expert_compute,weighted expert combine
1,25,step1.layer25.residual2,residual,GPU_COMPUTE,step1.layer25.combine,5926.160607744,1.012288000,5927.172895744,step1.layer25.combine,residual add
1,26,step1.layer26.norm1,norm,GPU_COMPUTE,step1.layer25.residual2,5927.172895744,1.008192000,5928.181087744,step1.layer25.residual2,RMSNorm
1,26,step1.layer26.qkv,qkv,GPU_COMPUTE,step1.layer26.norm1,5928.181087744,3.635776000,5931.816863744,step1.layer26.norm1,QKV projection
1,26,step1.layer26.rope,rope,GPU_COMPUTE,step1.layer26.qkv,5931.816863744,1.018432000,5932.835295744,step1.layer26.qkv,QK norm and RoPE
1,26,step1.layer26.attention,attention,GPU_COMPUTE,step1.layer26.rope,5932.835295744,3.115584000,5935.950879744,step1.layer26.rope,decode attention on GPU
1,26,step1.layer26.o_proj,attention_output,GPU_COMPUTE,step1.layer26.attention,5935.950879744,3.109440000,5939.060319744,step1.layer26.attention,attention output projection
1,26,step1.layer26.residual1,residual,GPU_COMPUTE,step1.layer26.o_proj,5939.060319744,1.012288000,5940.072607744,step1.layer26.o_proj,residual add
1,26,step1.layer26.norm2,norm,GPU_COMPUTE,step1.layer26.residual1,5940.072607744,1.008192000,5941.080799744,step1.layer26.residual1,RMSNorm
1,26,step1.layer26.router,router,GPU_COMPUTE,step1.layer26.norm2,5941.080799744,2.069888000,5943.150687744,step1.layer26.norm2,MoE router
1,26,step1.layer26.metadata,metadata,GPU_COMPUTE,step1.layer26.router,5943.150687744,1.000128000,5944.150815744,step1.layer26.router,routing metadata
1,26,step1.layer26.dispatch,dispatch,,step1.layer26.metadata,5944.150815744,0.000000000,5944.150815744,step1.layer26.metadata,single-GPU dispatch placeholder
1,26,step1.layer26.scheduler,scheduler,GPU_COMPUTE,step1.layer26.metadata,5944.150815744,0.000000000,5944.150815744,step1.layer26.metadata,gpu-only placement policy
1,26,step1.layer26.gpu_weight_load,gpu_weight_load,HBM_MEM_PATH,step1.layer26.scheduler,5944.150815744,57.802752000,6001.953567744,step1.layer26.scheduler,expert weights HBM to GPU
1,26,step1.layer26.gpu_expert_compute,gpu_expert,GPU_COMPUTE,step1.layer26.gpu_weight_load;step1.layer26.dispatch,6001.953567744,3.268435456,6005.222003200,step1.layer26.gpu_weight_load,grouped expert GEMM
1,26,step1.layer26.pim_gwrite,pim_write,GPU_PIM_IO,step1.layer26.scheduler;step1.layer26.dispatch,5944.150815744,0.000000000,5944.150815744,step1.layer26.scheduler,PIM_GWRITE token operands
1,26,step1.layer26.pim_expert_compute,pim_expert,PIM_COMPUTE,step1.layer26.pim_gwrite,5944.150815744,0.000000000,5944.150815744,step1.layer26.pim_gwrite,serialized PIM expert GEMV
1,26,step1.layer26.pim_read,pim_read,GPU_PIM_IO,step1.layer26.pim_expert_compute,5944.150815744,0.000000000,5944.150815744,step1.layer26.pim_gwrite,PIM expert result read
1,26,step1.layer26.combine,combine,GPU_COMPUTE,step1.layer26.gpu_expert_compute;step1.layer26.pim_read,6005.222003200,1.036864000,6006.258867200,step1.layer26.gpu_expert_compute,weighted expert combine
1,26,step1.layer26.residual2,residual,GPU_COMPUTE,step1.layer26.combine,6006.258867200,1.012288000,6007.271155200,step1.layer26.combine,residual add
1,27,step1.layer27.norm1,norm,GPU_COMPUTE,step1.layer26.residual2,6007.271155200,1.008192000,6008.279347200,step1.layer26.residual2,RMSNorm
1,27,step1.layer27.qkv,qkv,GPU_COMPUTE,step1.layer27.norm1,6008.279347200,3.635776000,6011.915123200,step1.layer27.norm1,QKV projection
1,27,step1.layer27.rope,rope,GPU_COMPUTE,step1.layer27.qkv,6011.915123200,1.018432000,6012.933555200,step1.layer27.qkv,QK norm and RoPE
1,27,step1.layer27.attention,attention,GPU_COMPUTE,step1.layer27.rope,6012.933555200,3.115584000,6016.049139200,step1.layer27.rope,decode attention on GPU
1,27,step1.layer27.o_proj,attention_output,GPU_COMPUTE,step1.layer27.attention,6016.049139200,3.109440000,6019.158579200,step1.layer27.attention,attention output projection
1,27,step1.layer27.residual1,residual,GPU_COMPUTE,step1.layer27.o_proj,6019.158579200,1.012288000,6020.170867200,step1.layer27.o_proj,residual add
1,27,step1.layer27.norm2,norm,GPU_COMPUTE,step1.layer27.residual1,6020.170867200,1.008192000,6021.179059200,step1.layer27.residual1,RMSNorm
1,27,step1.layer27.router,router,GPU_COMPUTE,step1.layer27.norm2,6021.179059200,2.069888000,6023.248947200,step1.layer27.norm2,MoE router
1,27,step1.layer27.metadata,metadata,GPU_COMPUTE,step1.layer27.router,6023.248947200,1.000128000,6024.249075200,step1.layer27.router,routing metadata
1,27,step1.layer27.dispatch,dispatch,,step1.layer27.metadata,6024.249075200,0.000000000,6024.249075200,step1.layer27.metadata,single-GPU dispatch placeholder
1,27,step1.layer27.scheduler,scheduler,GPU_COMPUTE,step1.layer27.metadata,6024.249075200,0.000000000,6024.249075200,step1.layer27.metadata,gpu-only placement policy
1,27,step1.layer27.gpu_weight_load,gpu_weight_load,HBM_MEM_PATH,step1.layer27.scheduler,6024.249075200,57.802752000,6082.051827200,step1.layer27.scheduler,expert weights HBM to GPU
1,27,step1.layer27.gpu_expert_compute,gpu_expert,GPU_COMPUTE,step1.layer27.gpu_weight_load;step1.layer27.dispatch,6082.051827200,3.268435456,6085.320262656,step1.layer27.gpu_weight_load,grouped expert GEMM
1,27,step1.layer27.pim_gwrite,pim_write,GPU_PIM_IO,step1.layer27.scheduler;step1.layer27.dispatch,6024.249075200,0.000000000,6024.249075200,step1.layer27.scheduler,PIM_GWRITE token operands
1,27,step1.layer27.pim_expert_compute,pim_expert,PIM_COMPUTE,step1.layer27.pim_gwrite,6024.249075200,0.000000000,6024.249075200,step1.layer27.pim_gwrite,serialized PIM expert GEMV
1,27,step1.layer27.pim_read,pim_read,GPU_PIM_IO,step1.layer27.pim_expert_compute,6024.249075200,0.000000000,6024.249075200,step1.layer27.pim_gwrite,PIM expert result read
1,27,step1.layer27.combine,combine,GPU_COMPUTE,step1.layer27.gpu_expert_compute;step1.layer27.pim_read,6085.320262656,1.036864000,6086.357126656,step1.layer27.gpu_expert_compute,weighted expert combine
1,27,step1.layer27.residual2,residual,GPU_COMPUTE,step1.layer27.combine,6086.357126656,1.012288000,6087.369414656,step1.layer27.combine,residual add
1,28,step1.layer28.norm1,norm,GPU_COMPUTE,step1.layer27.residual2,6087.369414656,1.008192000,6088.377606656,step1.layer27.residual2,RMSNorm
1,28,step1.layer28.qkv,qkv,GPU_COMPUTE,step1.layer28.norm1,6088.377606656,3.635776000,6092.013382656,step1.layer28.norm1,QKV projection
1,28,step1.layer28.rope,rope,GPU_COMPUTE,step1.layer28.qkv,6092.013382656,1.018432000,6093.031814656,step1.layer28.qkv,QK norm and RoPE
1,28,step1.layer28.attention,attention,GPU_COMPUTE,step1.layer28.rope,6093.031814656,3.115584000,6096.147398656,step1.layer28.rope,decode attention on GPU
1,28,step1.layer28.o_proj,attention_output,GPU_COMPUTE,step1.layer28.attention,6096.147398656,3.109440000,6099.256838656,step1.layer28.attention,attention output projection
1,28,step1.layer28.residual1,residual,GPU_COMPUTE,step1.layer28.o_proj,6099.256838656,1.012288000,6100.269126656,step1.layer28.o_proj,residual add
1,28,step1.layer28.norm2,norm,GPU_COMPUTE,step1.layer28.residual1,6100.269126656,1.008192000,6101.277318656,step1.layer28.residual1,RMSNorm
1,28,step1.layer28.router,router,GPU_COMPUTE,step1.layer28.norm2,6101.277318656,2.069888000,6103.347206656,step1.layer28.norm2,MoE router
1,28,step1.layer28.metadata,metadata,GPU_COMPUTE,step1.layer28.router,6103.347206656,1.000128000,6104.347334656,step1.layer28.router,routing metadata
1,28,step1.layer28.dispatch,dispatch,,step1.layer28.metadata,6104.347334656,0.000000000,6104.347334656,step1.layer28.metadata,single-GPU dispatch placeholder
1,28,step1.layer28.scheduler,scheduler,GPU_COMPUTE,step1.layer28.metadata,6104.347334656,0.000000000,6104.347334656,step1.layer28.metadata,gpu-only placement policy
1,28,step1.layer28.gpu_weight_load,gpu_weight_load,HBM_MEM_PATH,step1.layer28.scheduler,6104.347334656,57.802752000,6162.150086656,step1.layer28.scheduler,expert weights HBM to GPU
1,28,step1.layer28.gpu_expert_compute,gpu_expert,GPU_COMPUTE,step1.layer28.gpu_weight_load;step1.layer28.dispatch,6162.150086656,3.268435456,6165.418522112,step1.layer28.gpu_weight_load,grouped expert GEMM
1,28,step1.layer28.pim_gwrite,pim_write,GPU_PIM_IO,step1.layer28.scheduler;step1.layer28.dispatch,6104.347334656,0.000000000,6104.347334656,step1.layer28.scheduler,PIM_GWRITE token operands
1,28,step1.layer28.pim_expert_compute,pim_expert,PIM_COMPUTE,step1.layer28.pim_gwrite,6104.347334656,0.000000000,6104.347334656,step1.layer28.pim_gwrite,serialized PIM expert GEMV
1,28,step1.layer28.pim_read,pim_read,GPU_PIM_IO,step1.layer28.pim_expert_compute,6104.347334656,0.000000000,6104.347334656,step1.layer28.pim_gwrite,PIM expert result read
1,28,step1.layer28.combine,combine,GPU_COMPUTE,step1.layer28.gpu_expert_compute;step1.layer28.pim_read,6165.418522112,1.036864000,6166.455386112,step1.layer28.gpu_expert_compute,weighted expert combine
1,28,step1.layer28.residual2,residual,GPU_COMPUTE,step1.layer28.combine,6166.455386112,1.012288000,6167.467674112,step1.layer28.combine,residual add
1,29,step1.layer29.norm1,norm,GPU_COMPUTE,step1.layer28.residual2,6167.467674112,1.008192000,6168.475866112,step1.layer28.residual2,RMSNorm
1,29,step1.layer29.qkv,qkv,GPU_COMPUTE,step1.layer29.norm1,6168.475866112,3.635776000,6172.111642112,step1.layer29.norm1,QKV projection
1,29,step1.layer29.rope,rope,GPU_COMPUTE,step1.layer29.qkv,6172.111642112,1.018432000,6173.130074112,step1.layer29.qkv,QK norm and RoPE
1,29,step1.layer29.attention,attention,GPU_COMPUTE,step1.layer29.rope,6173.130074112,3.115584000,6176.245658112,step1.layer29.rope,decode attention on GPU
1,29,step1.layer29.o_proj,attention_output,GPU_COMPUTE,step1.layer29.attention,6176.245658112,3.109440000,6179.355098112,step1.layer29.attention,attention output projection
1,29,step1.layer29.residual1,residual,GPU_COMPUTE,step1.layer29.o_proj,6179.355098112,1.012288000,6180.367386112,step1.layer29.o_proj,residual add
1,29,step1.layer29.norm2,norm,GPU_COMPUTE,step1.layer29.residual1,6180.367386112,1.008192000,6181.375578112,step1.layer29.residual1,RMSNorm
1,29,step1.layer29.router,router,GPU_COMPUTE,step1.layer29.norm2,6181.375578112,2.069888000,6183.445466112,step1.layer29.norm2,MoE router
1,29,step1.layer29.metadata,metadata,GPU_COMPUTE,step1.layer29.router,6183.445466112,1.000128000,6184.445594112,step1.layer29.router,routing metadata
1,29,step1.layer29.dispatch,dispatch,,step1.layer29.metadata,6184.445594112,0.000000000,6184.445594112,step1.layer29.metadata,single-GPU dispatch placeholder
1,29,step1.layer29.scheduler,scheduler,GPU_COMPUTE,step1.layer29.metadata,6184.445594112,0.000000000,6184.445594112,step1.layer29.metadata,gpu-only placement policy
1,29,step1.layer29.gpu_weight_load,gpu_weight_load,HBM_MEM_PATH,step1.layer29.scheduler,6184.445594112,57.802752000,6242.248346112,step1.layer29.scheduler,expert weights HBM to GPU
1,29,step1.layer29.gpu_expert_compute,gpu_expert,GPU_COMPUTE,step1.layer29.gpu_weight_load;step1.layer29.dispatch,6242.248346112,3.268435456,6245.516781568,step1.layer29.gpu_weight_load,grouped expert GEMM
1,29,step1.layer29.pim_gwrite,pim_write,GPU_PIM_IO,step1.layer29.scheduler;step1.layer29.dispatch,6184.445594112,0.000000000,6184.445594112,step1.layer29.scheduler,PIM_GWRITE token operands
1,29,step1.layer29.pim_expert_compute,pim_expert,PIM_COMPUTE,step1.layer29.pim_gwrite,6184.445594112,0.000000000,6184.445594112,step1.layer29.pim_gwrite,serialized PIM expert GEMV
1,29,step1.layer29.pim_read,pim_read,GPU_PIM_IO,step1.layer29.pim_expert_compute,6184.445594112,0.000000000,6184.445594112,step1.layer29.pim_gwrite,PIM expert result read
1,29,step1.layer29.combine,combine,GPU_COMPUTE,step1.layer29.gpu_expert_compute;step1.layer29.pim_read,6245.516781568,1.036864000,6246.553645568,step1.layer29.gpu_expert_compute,weighted expert combine
1,29,step1.layer29.residual2,residual,GPU_COMPUTE,step1.layer29.combine,6246.553645568,1.012288000,6247.565933568,step1.layer29.combine,residual add
1,30,step1.layer30.norm1,norm,GPU_COMPUTE,step1.layer29.residual2,6247.565933568,1.008192000,6248.574125568,step1.layer29.residual2,RMSNorm
1,30,step1.layer30.qkv,qkv,GPU_COMPUTE,step1.layer30.norm1,6248.574125568,3.635776000,6252.209901568,step1.layer30.norm1,QKV projection
1,30,step1.layer30.rope,rope,GPU_COMPUTE,step1.layer30.qkv,6252.209901568,1.018432000,6253.228333568,step1.layer30.qkv,QK norm and RoPE
1,30,step1.layer30.attention,attention,GPU_COMPUTE,step1.layer30.rope,6253.228333568,3.115584000,6256.343917568,step1.layer30.rope,decode attention on GPU
1,30,step1.layer30.o_proj,attention_output,GPU_COMPUTE,step1.layer30.attention,6256.343917568,3.109440000,6259.453357568,step1.layer30.attention,attention output projection
1,30,step1.layer30.residual1,residual,GPU_COMPUTE,step1.layer30.o_proj,6259.453357568,1.012288000,6260.465645568,step1.layer30.o_proj,residual add
1,30,step1.layer30.norm2,norm,GPU_COMPUTE,step1.layer30.residual1,6260.465645568,1.008192000,6261.473837568,step1.layer30.residual1,RMSNorm
1,30,step1.layer30.router,router,GPU_COMPUTE,step1.layer30.norm2,6261.473837568,2.069888000,6263.543725568,step1.layer30.norm2,MoE router
1,30,step1.layer30.metadata,metadata,GPU_COMPUTE,step1.layer30.router,6263.543725568,1.000128000,6264.543853568,step1.layer30.router,routing metadata
1,30,step1.layer30.dispatch,dispatch,,step1.layer30.metadata,6264.543853568,0.000000000,6264.543853568,step1.layer30.metadata,single-GPU dispatch placeholder
1,30,step1.layer30.scheduler,scheduler,GPU_COMPUTE,step1.layer30.metadata,6264.543853568,0.000000000,6264.543853568,step1.layer30.metadata,gpu-only placement policy
1,30,step1.layer30.gpu_weight_load,gpu_weight_load,HBM_MEM_PATH,step1.layer30.scheduler,6264.543853568,57.802752000,6322.346605568,step1.layer30.scheduler,expert weights HBM to GPU
1,30,step1.layer30.gpu_expert_compute,gpu_expert,GPU_COMPUTE,step1.layer30.gpu_weight_load;step1.layer30.dispatch,6322.346605568,3.268435456,6325.615041024,step1.layer30.gpu_weight_load,grouped expert GEMM
1,30,step1.layer30.pim_gwrite,pim_write,GPU_PIM_IO,step1.layer30.scheduler;step1.layer30.dispatch,6264.543853568,0.000000000,6264.543853568,step1.layer30.scheduler,PIM_GWRITE token operands
1,30,step1.layer30.pim_expert_compute,pim_expert,PIM_COMPUTE,step1.layer30.pim_gwrite,6264.543853568,0.000000000,6264.543853568,step1.layer30.pim_gwrite,serialized PIM expert GEMV
1,30,step1.layer30.pim_read,pim_read,GPU_PIM_IO,step1.layer30.pim_expert_compute,6264.543853568,0.000000000,6264.543853568,step1.layer30.pim_gwrite,PIM expert result read
1,30,step1.layer30.combine,combine,GPU_COMPUTE,step1.layer30.gpu_expert_compute;step1.layer30.pim_read,6325.615041024,1.036864000,6326.651905024,step1.layer30.gpu_expert_compute,weighted expert combine
1,30,step1.layer30.residual2,residual,GPU_COMPUTE,step1.layer30.combine,6326.651905024,1.012288000,6327.664193024,step1.layer30.combine,residual add
1,31,step1.layer31.norm1,norm,GPU_COMPUTE,step1.layer30.residual2,6327.664193024,1.008192000,6328.672385024,step1.layer30.residual2,RMSNorm
1,31,step1.layer31.qkv,qkv,GPU_COMPUTE,step1.layer31.norm1,6328.672385024,3.635776000,6332.308161024,step1.layer31.norm1,QKV projection
1,31,step1.layer31.rope,rope,GPU_COMPUTE,step1.layer31.qkv,6332.308161024,1.018432000,6333.326593024,step1.layer31.qkv,QK norm and RoPE
1,31,step1.layer31.attention,attention,GPU_COMPUTE,step1.layer31.rope,6333.326593024,3.115584000,6336.442177024,step1.layer31.rope,decode attention on GPU
1,31,step1.layer31.o_proj,attention_output,GPU_COMPUTE,step1.layer31.attention,6336.442177024,3.109440000,6339.551617024,step1.layer31.attention,attention output projection
1,31,step1.layer31.residual1,residual,GPU_COMPUTE,step1.layer31.o_proj,6339.551617024,1.012288000,6340.563905024,step1.layer31.o_proj,residual add
1,31,step1.layer31.norm2,norm,GPU_COMPUTE,step1.layer31.residual1,6340.563905024,1.008192000,6341.572097024,step1.layer31.residual1,RMSNorm
1,31,step1.layer31.router,router,GPU_COMPUTE,step1.layer31.norm2,6341.572097024,2.069888000,6343.641985024,step1.layer31.norm2,MoE router
1,31,step1.layer31.metadata,metadata,GPU_COMPUTE,step1.layer31.router,6343.641985024,1.000128000,6344.642113024,step1.layer31.router,routing metadata
1,31,step1.layer31.dispatch,dispatch,,step1.layer31.metadata,6344.642113024,0.000000000,6344.642113024,step1.layer31.metadata,single-GPU dispatch placeholder
1,31,step1.layer31.scheduler,scheduler,GPU_COMPUTE,step1.layer31.metadata,6344.642113024,0.000000000,6344.642113024,step1.layer31.metadata,gpu-only placement policy
1,31,step1.layer31.gpu_weight_load,gpu_weight_load,HBM_MEM_PATH,step1.layer31.scheduler,6344.642113024,57.802752000,6402.444865024,step1.layer31.scheduler,expert weights HBM to GPU
1,31,step1.layer31.gpu_expert_compute,gpu_expert,GPU_COMPUTE,step1.layer31.gpu_weight_load;step1.layer31.dispatch,6402.444865024,3.268435456,6405.713300480,step1.layer31.gpu_weight_load,grouped expert GEMM
1,31,step1.layer31.pim_gwrite,pim_write,GPU_PIM_IO,step1.layer31.scheduler;step1.layer31.dispatch,6344.642113024,0.000000000,6344.642113024,step1.layer31.scheduler,PIM_GWRITE token operands
1,31,step1.layer31.pim_expert_compute,pim_expert,PIM_COMPUTE,step1.layer31.pim_gwrite,6344.642113024,0.000000000,6344.642113024,step1.layer31.pim_gwrite,serialized PIM expert GEMV
1,31,step1.layer31.pim_read,pim_read,GPU_PIM_IO,step1.layer31.pim_expert_compute,6344.642113024,0.000000000,6344.642113024,step1.layer31.pim_gwrite,PIM expert result read
1,31,step1.layer31.combine,combine,GPU_COMPUTE,step1.layer31.gpu_expert_compute;step1.layer31.pim_read,6405.713300480,1.036864000,6406.750164480,step1.layer31.gpu_expert_compute,weighted expert combine
1,31,step1.layer31.residual2,residual,GPU_COMPUTE,step1.layer31.combine,6406.750164480,1.012288000,6407.762452480,step1.layer31.combine,residual add
1,32,step1.layer32.norm1,norm,GPU_COMPUTE,step1.layer31.residual2,6407.762452480,1.008192000,6408.770644480,step1.layer31.residual2,RMSNorm
1,32,step1.layer32.qkv,qkv,GPU_COMPUTE,step1.layer32.norm1,6408.770644480,3.635776000,6412.406420480,step1.layer32.norm1,QKV projection
1,32,step1.layer32.rope,rope,GPU_COMPUTE,step1.layer32.qkv,6412.406420480,1.018432000,6413.424852480,step1.layer32.qkv,QK norm and RoPE
1,32,step1.layer32.attention,attention,GPU_COMPUTE,step1.layer32.rope,6413.424852480,3.115584000,6416.540436480,step1.layer32.rope,decode attention on GPU
1,32,step1.layer32.o_proj,attention_output,GPU_COMPUTE,step1.layer32.attention,6416.540436480,3.109440000,6419.649876480,step1.layer32.attention,attention output projection
1,32,step1.layer32.residual1,residual,GPU_COMPUTE,step1.layer32.o_proj,6419.649876480,1.012288000,6420.662164480,step1.layer32.o_proj,residual add
1,32,step1.layer32.norm2,norm,GPU_COMPUTE,step1.layer32.residual1,6420.662164480,1.008192000,6421.670356480,step1.layer32.residual1,RMSNorm
1,32,step1.layer32.router,router,GPU_COMPUTE,step1.layer32.norm2,6421.670356480,2.069888000,6423.740244480,step1.layer32.norm2,MoE router
1,32,step1.layer32.metadata,metadata,GPU_COMPUTE,step1.layer32.router,6423.740244480,1.000128000,6424.740372480,step1.layer32.router,routing metadata
1,32,step1.layer32.dispatch,dispatch,,step1.layer32.metadata,6424.740372480,0.000000000,6424.740372480,step1.layer32.metadata,single-GPU dispatch placeholder
1,32,step1.layer32.scheduler,scheduler,GPU_COMPUTE,step1.layer32.metadata,6424.740372480,0.000000000,6424.740372480,step1.layer32.metadata,gpu-only placement policy
1,32,step1.layer32.gpu_weight_load,gpu_weight_load,HBM_MEM_PATH,step1.layer32.scheduler,6424.740372480,57.802752000,6482.543124480,step1.layer32.scheduler,expert weights HBM to GPU
1,32,step1.layer32.gpu_expert_compute,gpu_expert,GPU_COMPUTE,step1.layer32.gpu_weight_load;step1.layer32.dispatch,6482.543124480,3.268435456,6485.811559936,step1.layer32.gpu_weight_load,grouped expert GEMM
1,32,step1.layer32.pim_gwrite,pim_write,GPU_PIM_IO,step1.layer32.scheduler;step1.layer32.dispatch,6424.740372480,0.000000000,6424.740372480,step1.layer32.scheduler,PIM_GWRITE token operands
1,32,step1.layer32.pim_expert_compute,pim_expert,PIM_COMPUTE,step1.layer32.pim_gwrite,6424.740372480,0.000000000,6424.740372480,step1.layer32.pim_gwrite,serialized PIM expert GEMV
1,32,step1.layer32.pim_read,pim_read,GPU_PIM_IO,step1.layer32.pim_expert_compute,6424.740372480,0.000000000,6424.740372480,step1.layer32.pim_gwrite,PIM expert result read
1,32,step1.layer32.combine,combine,GPU_COMPUTE,step1.layer32.gpu_expert_compute;step1.layer32.pim_read,6485.811559936,1.036864000,6486.848423936,step1.layer32.gpu_expert_compute,weighted expert combine
1,32,step1.layer32.residual2,residual,GPU_COMPUTE,step1.layer32.combine,6486.848423936,1.012288000,6487.860711936,step1.layer32.combine,residual add
1,33,step1.layer33.norm1,norm,GPU_COMPUTE,step1.layer32.residual2,6487.860711936,1.008192000,6488.868903936,step1.layer32.residual2,RMSNorm
1,33,step1.layer33.qkv,qkv,GPU_COMPUTE,step1.layer33.norm1,6488.868903936,3.635776000,6492.504679936,step1.layer33.norm1,QKV projection
1,33,step1.layer33.rope,rope,GPU_COMPUTE,step1.layer33.qkv,6492.504679936,1.018432000,6493.523111936,step1.layer33.qkv,QK norm and RoPE
1,33,step1.layer33.attention,attention,GPU_COMPUTE,step1.layer33.rope,6493.523111936,3.115584000,6496.638695936,step1.layer33.rope,decode attention on GPU
1,33,step1.layer33.o_proj,attention_output,GPU_COMPUTE,step1.layer33.attention,6496.638695936,3.109440000,6499.748135936,step1.layer33.attention,attention output projection
1,33,step1.layer33.residual1,residual,GPU_COMPUTE,step1.layer33.o_proj,6499.748135936,1.012288000,6500.760423936,step1.layer33.o_proj,residual add
1,33,step1.layer33.norm2,norm,GPU_COMPUTE,step1.layer33.residual1,6500.760423936,1.008192000,6501.768615936,step1.layer33.residual1,RMSNorm
1,33,step1.layer33.router,router,GPU_COMPUTE,step1.layer33.norm2,6501.768615936,2.069888000,6503.838503936,step1.layer33.norm2,MoE router
1,33,step1.layer33.metadata,metadata,GPU_COMPUTE,step1.layer33.router,6503.838503936,1.000128000,6504.838631936,step1.layer33.router,routing metadata
1,33,step1.layer33.dispatch,dispatch,,step1.layer33.metadata,6504.838631936,0.000000000,6504.838631936,step1.layer33.metadata,single-GPU dispatch placeholder
1,33,step1.layer33.scheduler,scheduler,GPU_COMPUTE,step1.layer33.metadata,6504.838631936,0.000000000,6504.838631936,step1.layer33.metadata,gpu-only placement policy
1,33,step1.layer33.gpu_weight_load,gpu_weight_load,HBM_MEM_PATH,step1.layer33.scheduler,6504.838631936,57.802752000,6562.641383936,step1.layer33.scheduler,expert weights HBM to GPU
1,33,step1.layer33.gpu_expert_compute,gpu_expert,GPU_COMPUTE,step1.layer33.gpu_weight_load;step1.layer33.dispatch,6562.641383936,3.268435456,6565.909819392,step1.layer33.gpu_weight_load,grouped expert GEMM
1,33,step1.layer33.pim_gwrite,pim_write,GPU_PIM_IO,step1.layer33.scheduler;step1.layer33.dispatch,6504.838631936,0.000000000,6504.838631936,step1.layer33.scheduler,PIM_GWRITE token operands
1,33,step1.layer33.pim_expert_compute,pim_expert,PIM_COMPUTE,step1.layer33.pim_gwrite,6504.838631936,0.000000000,6504.838631936,step1.layer33.pim_gwrite,serialized PIM expert GEMV
1,33,step1.layer33.pim_read,pim_read,GPU_PIM_IO,step1.layer33.pim_expert_compute,6504.838631936,0.000000000,6504.838631936,step1.layer33.pim_gwrite,PIM expert result read
1,33,step1.layer33.combine,combine,GPU_COMPUTE,step1.layer33.gpu_expert_compute;step1.layer33.pim_read,6565.909819392,1.036864000,6566.946683392,step1.layer33.gpu_expert_compute,weighted expert combine
1,33,step1.layer33.residual2,residual,GPU_COMPUTE,step1.layer33.combine,6566.946683392,1.012288000,6567.958971392,step1.layer33.combine,residual add
1,34,step1.layer34.norm1,norm,GPU_COMPUTE,step1.layer33.residual2,6567.958971392,1.008192000,6568.967163392,step1.layer33.residual2,RMSNorm
1,34,step1.layer34.qkv,qkv,GPU_COMPUTE,step1.layer34.norm1,6568.967163392,3.635776000,6572.602939392,step1.layer34.norm1,QKV projection
1,34,step1.layer34.rope,rope,GPU_COMPUTE,step1.layer34.qkv,6572.602939392,1.018432000,6573.621371392,step1.layer34.qkv,QK norm and RoPE
1,34,step1.layer34.attention,attention,GPU_COMPUTE,step1.layer34.rope,6573.621371392,3.115584000,6576.736955392,step1.layer34.rope,decode attention on GPU
1,34,step1.layer34.o_proj,attention_output,GPU_COMPUTE,step1.layer34.attention,6576.736955392,3.109440000,6579.846395392,step1.layer34.attention,attention output projection
1,34,step1.layer34.residual1,residual,GPU_COMPUTE,step1.layer34.o_proj,6579.846395392,1.012288000,6580.858683392,step1.layer34.o_proj,residual add
1,34,step1.layer34.norm2,norm,GPU_COMPUTE,step1.layer34.residual1,6580.858683392,1.008192000,6581.866875392,step1.layer34.residual1,RMSNorm
1,34,step1.layer34.router,router,GPU_COMPUTE,step1.layer34.norm2,6581.866875392,2.069888000,6583.936763392,step1.layer34.norm2,MoE router
1,34,step1.layer34.metadata,metadata,GPU_COMPUTE,step1.layer34.router,6583.936763392,1.000128000,6584.936891392,step1.layer34.router,routing metadata
1,34,step1.layer34.dispatch,dispatch,,step1.layer34.metadata,6584.936891392,0.000000000,6584.936891392,step1.layer34.metadata,single-GPU dispatch placeholder
1,34,step1.layer34.scheduler,scheduler,GPU_COMPUTE,step1.layer34.metadata,6584.936891392,0.000000000,6584.936891392,step1.layer34.metadata,gpu-only placement policy
1,34,step1.layer34.gpu_weight_load,gpu_weight_load,HBM_MEM_PATH,step1.layer34.scheduler,6584.936891392,57.802752000,6642.739643392,step1.layer34.scheduler,expert weights HBM to GPU
1,34,step1.layer34.gpu_expert_compute,gpu_expert,GPU_COMPUTE,step1.layer34.gpu_weight_load;step1.layer34.dispatch,6642.739643392,3.268435456,6646.008078848,step1.layer34.gpu_weight_load,grouped expert GEMM
1,34,step1.layer34.pim_gwrite,pim_write,GPU_PIM_IO,step1.layer34.scheduler;step1.layer34.dispatch,6584.936891392,0.000000000,6584.936891392,step1.layer34.scheduler,PIM_GWRITE token operands
1,34,step1.layer34.pim_expert_compute,pim_expert,PIM_COMPUTE,step1.layer34.pim_gwrite,6584.936891392,0.000000000,6584.936891392,step1.layer34.pim_gwrite,serialized PIM expert GEMV
1,34,step1.layer34.pim_read,pim_read,GPU_PIM_IO,step1.layer34.pim_expert_compute,6584.936891392,0.000000000,6584.936891392,step1.layer34.pim_gwrite,PIM expert result read
1,34,step1.layer34.combine,combine,GPU_COMPUTE,step1.layer34.gpu_expert_compute;step1.layer34.pim_read,6646.008078848,1.036864000,6647.044942848,step1.layer34.gpu_expert_compute,weighted expert combine
1,34,step1.layer34.residual2,residual,GPU_COMPUTE,step1.layer34.combine,6647.044942848,1.012288000,6648.057230848,step1.layer34.combine,residual add
1,35,step1.layer35.norm1,norm,GPU_COMPUTE,step1.layer34.residual2,6648.057230848,1.008192000,6649.065422848,step1.layer34.residual2,RMSNorm
1,35,step1.layer35.qkv,qkv,GPU_COMPUTE,step1.layer35.norm1,6649.065422848,3.635776000,6652.701198848,step1.layer35.norm1,QKV projection
1,35,step1.layer35.rope,rope,GPU_COMPUTE,step1.layer35.qkv,6652.701198848,1.018432000,6653.719630848,step1.layer35.qkv,QK norm and RoPE
1,35,step1.layer35.attention,attention,GPU_COMPUTE,step1.layer35.rope,6653.719630848,3.115584000,6656.835214848,step1.layer35.rope,decode attention on GPU
1,35,step1.layer35.o_proj,attention_output,GPU_COMPUTE,step1.layer35.attention,6656.835214848,3.109440000,6659.944654848,step1.layer35.attention,attention output projection
1,35,step1.layer35.residual1,residual,GPU_COMPUTE,step1.layer35.o_proj,6659.944654848,1.012288000,6660.956942848,step1.layer35.o_proj,residual add
1,35,step1.layer35.norm2,norm,GPU_COMPUTE,step1.layer35.residual1,6660.956942848,1.008192000,6661.965134848,step1.layer35.residual1,RMSNorm
1,35,step1.layer35.router,router,GPU_COMPUTE,step1.layer35.norm2,6661.965134848,2.069888000,6664.035022848,step1.layer35.norm2,MoE router
1,35,step1.layer35.metadata,metadata,GPU_COMPUTE,step1.layer35.router,6664.035022848,1.000128000,6665.035150848,step1.layer35.router,routing metadata
1,35,step1.layer35.dispatch,dispatch,,step1.layer35.metadata,6665.035150848,0.000000000,6665.035150848,step1.layer35.metadata,single-GPU dispatch placeholder
1,35,step1.layer35.scheduler,scheduler,GPU_COMPUTE,step1.layer35.metadata,6665.035150848,0.000000000,6665.035150848,step1.layer35.metadata,gpu-only placement policy
1,35,step1.layer35.gpu_weight_load,gpu_weight_load,HBM_MEM_PATH,step1.layer35.scheduler,6665.035150848,57.802752000,6722.837902848,step1.layer35.scheduler,expert weights HBM to GPU
1,35,step1.layer35.gpu_expert_compute,gpu_expert,GPU_COMPUTE,step1.layer35.gpu_weight_load;step1.layer35.dispatch,6722.837902848,3.268435456,6726.106338304,step1.layer35.gpu_weight_load,grouped expert GEMM
1,35,step1.layer35.pim_gwrite,pim_write,GPU_PIM_IO,step1.layer35.scheduler;step1.layer35.dispatch,6665.035150848,0.000000000,6665.035150848,step1.layer35.scheduler,PIM_GWRITE token operands
1,35,step1.layer35.pim_expert_compute,pim_expert,PIM_COMPUTE,step1.layer35.pim_gwrite,6665.035150848,0.000000000,6665.035150848,step1.layer35.pim_gwrite,serialized PIM expert GEMV
1,35,step1.layer35.pim_read,pim_read,GPU_PIM_IO,step1.layer35.pim_expert_compute,6665.035150848,0.000000000,6665.035150848,step1.layer35.pim_gwrite,PIM expert result read
1,35,step1.layer35.combine,combine,GPU_COMPUTE,step1.layer35.gpu_expert_compute;step1.layer35.pim_read,6726.106338304,1.036864000,6727.143202304,step1.layer35.gpu_expert_compute,weighted expert combine
1,35,step1.layer35.residual2,residual,GPU_COMPUTE,step1.layer35.combine,6727.143202304,1.012288000,6728.155490304,step1.layer35.combine,residual add
1,36,step1.layer36.norm1,norm,GPU_COMPUTE,step1.layer35.residual2,6728.155490304,1.008192000,6729.163682304,step1.layer35.residual2,RMSNorm
1,36,step1.layer36.qkv,qkv,GPU_COMPUTE,step1.layer36.norm1,6729.163682304,3.635776000,6732.799458304,step1.layer36.norm1,QKV projection
1,36,step1.layer36.rope,rope,GPU_COMPUTE,step1.layer36.qkv,6732.799458304,1.018432000,6733.817890304,step1.layer36.qkv,QK norm and RoPE
1,36,step1.layer36.attention,attention,GPU_COMPUTE,step1.layer36.rope,6733.817890304,3.115584000,6736.933474304,step1.layer36.rope,decode attention on GPU
1,36,step1.layer36.o_proj,attention_output,GPU_COMPUTE,step1.layer36.attention,6736.933474304,3.109440000,6740.042914304,step1.layer36.attention,attention output projection
1,36,step1.layer36.residual1,residual,GPU_COMPUTE,step1.layer36.o_proj,6740.042914304,1.012288000,6741.055202304,step1.layer36.o_proj,residual add
1,36,step1.layer36.norm2,norm,GPU_COMPUTE,step1.layer36.residual1,6741.055202304,1.008192000,6742.063394304,step1.layer36.residual1,RMSNorm
1,36,step1.layer36.router,router,GPU_COMPUTE,step1.layer36.norm2,6742.063394304,2.069888000,6744.133282304,step1.layer36.norm2,MoE router
1,36,step1.layer36.metadata,metadata,GPU_COMPUTE,step1.layer36.router,6744.133282304,1.000128000,6745.133410304,step1.layer36.router,routing metadata
1,36,step1.layer36.dispatch,dispatch,,step1.layer36.metadata,6745.133410304,0.000000000,6745.133410304,step1.layer36.metadata,single-GPU dispatch placeholder
1,36,step1.layer36.scheduler,scheduler,GPU_COMPUTE,step1.layer36.metadata,6745.133410304,0.000000000,6745.133410304,step1.layer36.metadata,gpu-only placement policy
1,36,step1.layer36.gpu_weight_load,gpu_weight_load,HBM_MEM_PATH,step1.layer36.scheduler,6745.133410304,57.802752000,6802.936162304,step1.layer36.scheduler,expert weights HBM to GPU
1,36,step1.layer36.gpu_expert_compute,gpu_expert,GPU_COMPUTE,step1.layer36.gpu_weight_load;step1.layer36.dispatch,6802.936162304,3.268435456,6806.204597760,step1.layer36.gpu_weight_load,grouped expert GEMM
1,36,step1.layer36.pim_gwrite,pim_write,GPU_PIM_IO,step1.layer36.scheduler;step1.layer36.dispatch,6745.133410304,0.000000000,6745.133410304,step1.layer36.scheduler,PIM_GWRITE token operands
1,36,step1.layer36.pim_expert_compute,pim_expert,PIM_COMPUTE,step1.layer36.pim_gwrite,6745.133410304,0.000000000,6745.133410304,step1.layer36.pim_gwrite,serialized PIM expert GEMV
1,36,step1.layer36.pim_read,pim_read,GPU_PIM_IO,step1.layer36.pim_expert_compute,6745.133410304,0.000000000,6745.133410304,step1.layer36.pim_gwrite,PIM expert result read
1,36,step1.layer36.combine,combine,GPU_COMPUTE,step1.layer36.gpu_expert_compute;step1.layer36.pim_read,6806.204597760,1.036864000,6807.241461760,step1.layer36.gpu_expert_compute,weighted expert combine
1,36,step1.layer36.residual2,residual,GPU_COMPUTE,step1.layer36.combine,6807.241461760,1.012288000,6808.253749760,step1.layer36.combine,residual add
1,37,step1.layer37.norm1,norm,GPU_COMPUTE,step1.layer36.residual2,6808.253749760,1.008192000,6809.261941760,step1.layer36.residual2,RMSNorm
1,37,step1.layer37.qkv,qkv,GPU_COMPUTE,step1.layer37.norm1,6809.261941760,3.635776000,6812.897717760,step1.layer37.norm1,QKV projection
1,37,step1.layer37.rope,rope,GPU_COMPUTE,step1.layer37.qkv,6812.897717760,1.018432000,6813.916149760,step1.layer37.qkv,QK norm and RoPE
1,37,step1.layer37.attention,attention,GPU_COMPUTE,step1.layer37.rope,6813.916149760,3.115584000,6817.031733760,step1.layer37.rope,decode attention on GPU
1,37,step1.layer37.o_proj,attention_output,GPU_COMPUTE,step1.layer37.attention,6817.031733760,3.109440000,6820.141173760,step1.layer37.attention,attention output projection
1,37,step1.layer37.residual1,residual,GPU_COMPUTE,step1.layer37.o_proj,6820.141173760,1.012288000,6821.153461760,step1.layer37.o_proj,residual add
1,37,step1.layer37.norm2,norm,GPU_COMPUTE,step1.layer37.residual1,6821.153461760,1.008192000,6822.161653760,step1.layer37.residual1,RMSNorm
1,37,step1.layer37.router,router,GPU_COMPUTE,step1.layer37.norm2,6822.161653760,2.069888000,6824.231541760,step1.layer37.norm2,MoE router
1,37,step1.layer37.metadata,metadata,GPU_COMPUTE,step1.layer37.router,6824.231541760,1.000128000,6825.231669760,step1.layer37.router,routing metadata
1,37,step1.layer37.dispatch,dispatch,,step1.layer37.metadata,6825.231669760,0.000000000,6825.231669760,step1.layer37.metadata,single-GPU dispatch placeholder
1,37,step1.layer37.scheduler,scheduler,GPU_COMPUTE,step1.layer37.metadata,6825.231669760,0.000000000,6825.231669760,step1.layer37.metadata,gpu-only placement policy
1,37,step1.layer37.gpu_weight_load,gpu_weight_load,HBM_MEM_PATH,step1.layer37.scheduler,6825.231669760,57.802752000,6883.034421760,step1.layer37.scheduler,expert weights HBM to GPU
1,37,step1.layer37.gpu_expert_compute,gpu_expert,GPU_COMPUTE,step1.layer37.gpu_weight_load;step1.layer37.dispatch,6883.034421760,3.268435456,6886.302857216,step1.layer37.gpu_weight_load,grouped expert GEMM
1,37,step1.layer37.pim_gwrite,pim_write,GPU_PIM_IO,step1.layer37.scheduler;step1.layer37.dispatch,6825.231669760,0.000000000,6825.231669760,step1.layer37.scheduler,PIM_GWRITE token operands
1,37,step1.layer37.pim_expert_compute,pim_expert,PIM_COMPUTE,step1.layer37.pim_gwrite,6825.231669760,0.000000000,6825.231669760,step1.layer37.pim_gwrite,serialized PIM expert GEMV
1,37,step1.layer37.pim_read,pim_read,GPU_PIM_IO,step1.layer37.pim_expert_compute,6825.231669760,0.000000000,6825.231669760,step1.layer37.pim_gwrite,PIM expert result read
1,37,step1.layer37.combine,combine,GPU_COMPUTE,step1.layer37.gpu_expert_compute;step1.layer37.pim_read,6886.302857216,1.036864000,6887.339721216,step1.layer37.gpu_expert_compute,weighted expert combine
1,37,step1.layer37.residual2,residual,GPU_COMPUTE,step1.layer37.combine,6887.339721216,1.012288000,6888.352009216,step1.layer37.combine,residual add
1,38,step1.layer38.norm1,norm,GPU_COMPUTE,step1.layer37.residual2,6888.352009216,1.008192000,6889.360201216,step1.layer37.residual2,RMSNorm
1,38,step1.layer38.qkv,qkv,GPU_COMPUTE,step1.layer38.norm1,6889.360201216,3.635776000,6892.995977216,step1.layer38.norm1,QKV projection
1,38,step1.layer38.rope,rope,GPU_COMPUTE,step1.layer38.qkv,6892.995977216,1.018432000,6894.014409216,step1.layer38.qkv,QK norm and RoPE
1,38,step1.layer38.attention,attention,GPU_COMPUTE,step1.layer38.rope,6894.014409216,3.115584000,6897.129993216,step1.layer38.rope,decode attention on GPU
1,38,step1.layer38.o_proj,attention_output,GPU_COMPUTE,step1.layer38.attention,6897.129993216,3.109440000,6900.239433216,step1.layer38.attention,attention output projection
1,38,step1.layer38.residual1,residual,GPU_COMPUTE,step1.layer38.o_proj,6900.239433216,1.012288000,6901.251721216,step1.layer38.o_proj,residual add
1,38,step1.layer38.norm2,norm,GPU_COMPUTE,step1.layer38.residual1,6901.251721216,1.008192000,6902.259913216,step1.layer38.residual1,RMSNorm
1,38,step1.layer38.router,router,GPU_COMPUTE,step1.layer38.norm2,6902.259913216,2.069888000,6904.329801216,step1.layer38.norm2,MoE router
1,38,step1.layer38.metadata,metadata,GPU_COMPUTE,step1.layer38.router,6904.329801216,1.000128000,6905.329929216,step1.layer38.router,routing metadata
1,38,step1.layer38.dispatch,dispatch,,step1.layer38.metadata,6905.329929216,0.000000000,6905.329929216,step1.layer38.metadata,single-GPU dispatch placeholder
1,38,step1.layer38.scheduler,scheduler,GPU_COMPUTE,step1.layer38.metadata,6905.329929216,0.000000000,6905.329929216,step1.layer38.metadata,gpu-only placement policy
1,38,step1.layer38.gpu_weight_load,gpu_weight_load,HBM_MEM_PATH,step1.layer38.scheduler,6905.329929216,57.802752000,6963.132681216,step1.layer38.scheduler,expert weights HBM to GPU
1,38,step1.layer38.gpu_expert_compute,gpu_expert,GPU_COMPUTE,step1.layer38.gpu_weight_load;step1.layer38.dispatch,6963.132681216,3.268435456,6966.401116672,step1.layer38.gpu_weight_load,grouped expert GEMM
1,38,step1.layer38.pim_gwrite,pim_write,GPU_PIM_IO,step1.layer38.scheduler;step1.layer38.dispatch,6905.329929216,0.000000000,6905.329929216,step1.layer38.scheduler,PIM_GWRITE token operands
1,38,step1.layer38.pim_expert_compute,pim_expert,PIM_COMPUTE,step1.layer38.pim_gwrite,6905.329929216,0.000000000,6905.329929216,step1.layer38.pim_gwrite,serialized PIM expert GEMV
1,38,step1.layer38.pim_read,pim_read,GPU_PIM_IO,step1.layer38.pim_expert_compute,6905.329929216,0.000000000,6905.329929216,step1.layer38.pim_gwrite,PIM expert result read
1,38,step1.layer38.combine,combine,GPU_COMPUTE,step1.layer38.gpu_expert_compute;step1.layer38.pim_read,6966.401116672,1.036864000,6967.437980672,step1.layer38.gpu_expert_compute,weighted expert combine
1,38,step1.layer38.residual2,residual,GPU_COMPUTE,step1.layer38.combine,6967.437980672,1.012288000,6968.450268672,step1.layer38.combine,residual add
1,39,step1.layer39.norm1,norm,GPU_COMPUTE,step1.layer38.residual2,6968.450268672,1.008192000,6969.458460672,step1.layer38.residual2,RMSNorm
1,39,step1.layer39.qkv,qkv,GPU_COMPUTE,step1.layer39.norm1,6969.458460672,3.635776000,6973.094236672,step1.layer39.norm1,QKV projection
1,39,step1.layer39.rope,rope,GPU_COMPUTE,step1.layer39.qkv,6973.094236672,1.018432000,6974.112668672,step1.layer39.qkv,QK norm and RoPE
1,39,step1.layer39.attention,attention,GPU_COMPUTE,step1.layer39.rope,6974.112668672,3.115584000,6977.228252672,step1.layer39.rope,decode attention on GPU
1,39,step1.layer39.o_proj,attention_output,GPU_COMPUTE,step1.layer39.attention,6977.228252672,3.109440000,6980.337692672,step1.layer39.attention,attention output projection
1,39,step1.layer39.residual1,residual,GPU_COMPUTE,step1.layer39.o_proj,6980.337692672,1.012288000,6981.349980672,step1.layer39.o_proj,residual add
1,39,step1.layer39.norm2,norm,GPU_COMPUTE,step1.layer39.residual1,6981.349980672,1.008192000,6982.358172672,step1.layer39.residual1,RMSNorm
1,39,step1.layer39.router,router,GPU_COMPUTE,step1.layer39.norm2,6982.358172672,2.069888000,6984.428060672,step1.layer39.norm2,MoE router
1,39,step1.layer39.metadata,metadata,GPU_COMPUTE,step1.layer39.router,6984.428060672,1.000128000,6985.428188672,step1.layer39.router,routing metadata
1,39,step1.layer39.dispatch,dispatch,,step1.layer39.metadata,6985.428188672,0.000000000,6985.428188672,step1.layer39.metadata,single-GPU dispatch placeholder
1,39,step1.layer39.scheduler,scheduler,GPU_COMPUTE,step1.layer39.metadata,6985.428188672,0.000000000,6985.428188672,step1.layer39.metadata,gpu-only placement policy
1,39,step1.layer39.gpu_weight_load,gpu_weight_load,HBM_MEM_PATH,step1.layer39.scheduler,6985.428188672,57.802752000,7043.230940672,step1.layer39.scheduler,expert weights HBM to GPU
1,39,step1.layer39.gpu_expert_compute,gpu_expert,GPU_COMPUTE,step1.layer39.gpu_weight_load;step1.layer39.dispatch,7043.230940672,3.268435456,7046.499376128,step1.layer39.gpu_weight_load,grouped expert GEMM
1,39,step1.layer39.pim_gwrite,pim_write,GPU_PIM_IO,step1.layer39.scheduler;step1.layer39.dispatch,6985.428188672,0.000000000,6985.428188672,step1.layer39.scheduler,PIM_GWRITE token operands
1,39,step1.layer39.pim_expert_compute,pim_expert,PIM_COMPUTE,step1.layer39.pim_gwrite,6985.428188672,0.000000000,6985.428188672,step1.layer39.pim_gwrite,serialized PIM expert GEMV
1,39,step1.layer39.pim_read,pim_read,GPU_PIM_IO,step1.layer39.pim_expert_compute,6985.428188672,0.000000000,6985.428188672,step1.layer39.pim_gwrite,PIM expert result read
1,39,step1.layer39.combine,combine,GPU_COMPUTE,step1.layer39.gpu_expert_compute;step1.layer39.pim_read,7046.499376128,1.036864000,7047.536240128,step1.layer39.gpu_expert_compute,weighted expert combine
1,39,step1.layer39.residual2,residual,GPU_COMPUTE,step1.layer39.combine,7047.536240128,1.012288000,7048.548528128,step1.layer39.combine,residual add
1,40,step1.layer40.norm1,norm,GPU_COMPUTE,step1.layer39.residual2,7048.548528128,1.008192000,7049.556720128,step1.layer39.residual2,RMSNorm
1,40,step1.layer40.qkv,qkv,GPU_COMPUTE,step1.layer40.norm1,7049.556720128,3.635776000,7053.192496128,step1.layer40.norm1,QKV projection
1,40,step1.layer40.rope,rope,GPU_COMPUTE,step1.layer40.qkv,7053.192496128,1.018432000,7054.210928128,step1.layer40.qkv,QK norm and RoPE
1,40,step1.layer40.attention,attention,GPU_COMPUTE,step1.layer40.rope,7054.210928128,3.115584000,7057.326512128,step1.layer40.rope,decode attention on GPU
1,40,step1.layer40.o_proj,attention_output,GPU_COMPUTE,step1.layer40.attention,7057.326512128,3.109440000,7060.435952128,step1.layer40.attention,attention output projection
1,40,step1.layer40.residual1,residual,GPU_COMPUTE,step1.layer40.o_proj,7060.435952128,1.012288000,7061.448240128,step1.layer40.o_proj,residual add
1,40,step1.layer40.norm2,norm,GPU_COMPUTE,step1.layer40.residual1,7061.448240128,1.008192000,7062.456432128,step1.layer40.residual1,RMSNorm
1,40,step1.layer40.router,router,GPU_COMPUTE,step1.layer40.norm2,7062.456432128,2.069888000,7064.526320128,step1.layer40.norm2,MoE router
1,40,step1.layer40.metadata,metadata,GPU_COMPUTE,step1.layer40.router,7064.526320128,1.000128000,7065.526448128,step1.layer40.router,routing metadata
1,40,step1.layer40.dispatch,dispatch,,step1.layer40.metadata,7065.526448128,0.000000000,7065.526448128,step1.layer40.metadata,single-GPU dispatch placeholder
1,40,step1.layer40.scheduler,scheduler,GPU_COMPUTE,step1.layer40.metadata,7065.526448128,0.000000000,7065.526448128,step1.layer40.metadata,gpu-only placement policy
1,40,step1.layer40.gpu_weight_load,gpu_weight_load,HBM_MEM_PATH,step1.layer40.scheduler,7065.526448128,57.802752000,7123.329200128,step1.layer40.scheduler,expert weights HBM to GPU
1,40,step1.layer40.gpu_expert_compute,gpu_expert,GPU_COMPUTE,step1.layer40.gpu_weight_load;step1.layer40.dispatch,7123.329200128,3.268435456,7126.597635584,step1.layer40.gpu_weight_load,grouped expert GEMM
1,40,step1.layer40.pim_gwrite,pim_write,GPU_PIM_IO,step1.layer40.scheduler;step1.layer40.dispatch,7065.526448128,0.000000000,7065.526448128,step1.layer40.scheduler,PIM_GWRITE token operands
1,40,step1.layer40.pim_expert_compute,pim_expert,PIM_COMPUTE,step1.layer40.pim_gwrite,7065.526448128,0.000000000,7065.526448128,step1.layer40.pim_gwrite,serialized PIM expert GEMV
1,40,step1.layer40.pim_read,pim_read,GPU_PIM_IO,step1.layer40.pim_expert_compute,7065.526448128,0.000000000,7065.526448128,step1.layer40.pim_gwrite,PIM expert result read
1,40,step1.layer40.combine,combine,GPU_COMPUTE,step1.layer40.gpu_expert_compute;step1.layer40.pim_read,7126.597635584,1.036864000,7127.634499584,step1.layer40.gpu_expert_compute,weighted expert combine
1,40,step1.layer40.residual2,residual,GPU_COMPUTE,step1.layer40.combine,7127.634499584,1.012288000,7128.646787584,step1.layer40.combine,residual add
1,41,step1.layer41.norm1,norm,GPU_COMPUTE,step1.layer40.residual2,7128.646787584,1.008192000,7129.654979584,step1.layer40.residual2,RMSNorm
1,41,step1.layer41.qkv,qkv,GPU_COMPUTE,step1.layer41.norm1,7129.654979584,3.635776000,7133.290755584,step1.layer41.norm1,QKV projection
1,41,step1.layer41.rope,rope,GPU_COMPUTE,step1.layer41.qkv,7133.290755584,1.018432000,7134.309187584,step1.layer41.qkv,QK norm and RoPE
1,41,step1.layer41.attention,attention,GPU_COMPUTE,step1.layer41.rope,7134.309187584,3.115584000,7137.424771584,step1.layer41.rope,decode attention on GPU
1,41,step1.layer41.o_proj,attention_output,GPU_COMPUTE,step1.layer41.attention,7137.424771584,3.109440000,7140.534211584,step1.layer41.attention,attention output projection
1,41,step1.layer41.residual1,residual,GPU_COMPUTE,step1.layer41.o_proj,7140.534211584,1.012288000,7141.546499584,step1.layer41.o_proj,residual add
1,41,step1.layer41.norm2,norm,GPU_COMPUTE,step1.layer41.residual1,7141.546499584,1.008192000,7142.554691584,step1.layer41.residual1,RMSNorm
1,41,step1.layer41.router,router,GPU_COMPUTE,step1.layer41.norm2,7142.554691584,2.069888000,7144.624579584,step1.layer41.norm2,MoE router
1,41,step1.layer41.metadata,metadata,GPU_COMPUTE,step1.layer41.router,7144.624579584,1.000128000,7145.624707584,step1.layer41.router,routing metadata
1,41,step1.layer41.dispatch,dispatch,,step1.layer41.metadata,7145.624707584,0.000000000,7145.624707584,step1.layer41.metadata,single-GPU dispatch placeholder
1,41,step1.layer41.scheduler,scheduler,GPU_COMPUTE,step1.layer41.metadata,7145.624707584,0.000000000,7145.624707584,step1.layer41.metadata,gpu-only placement policy
1,41,step1.layer41.gpu_weight_load,gpu_weight_load,HBM_MEM_PATH,step1.layer41.scheduler,7145.624707584,57.802752000,7203.427459584,step1.layer41.scheduler,expert weights HBM to GPU
1,41,step1.layer41.gpu_expert_compute,gpu_expert,GPU_COMPUTE,step1.layer41.gpu_weight_load;step1.layer41.dispatch,7203.427459584,3.268435456,7206.695895040,step1.layer41.gpu_weight_load,grouped expert GEMM
1,41,step1.layer41.pim_gwrite,pim_write,GPU_PIM_IO,step1.layer41.scheduler;step1.layer41.dispatch,7145.624707584,0.000000000,7145.624707584,step1.layer41.scheduler,PIM_GWRITE token operands
1,41,step1.layer41.pim_expert_compute,pim_expert,PIM_COMPUTE,step1.layer41.pim_gwrite,7145.624707584,0.000000000,7145.624707584,step1.layer41.pim_gwrite,serialized PIM expert GEMV
1,41,step1.layer41.pim_read,pim_read,GPU_PIM_IO,step1.layer41.pim_expert_compute,7145.624707584,0.000000000,7145.624707584,step1.layer41.pim_gwrite,PIM expert result read
1,41,step1.layer41.combine,combine,GPU_COMPUTE,step1.layer41.gpu_expert_compute;step1.layer41.pim_read,7206.695895040,1.036864000,7207.732759040,step1.layer41.gpu_expert_compute,weighted expert combine
1,41,step1.layer41.residual2,residual,GPU_COMPUTE,step1.layer41.combine,7207.732759040,1.012288000,7208.745047040,step1.layer41.combine,residual add
1,42,step1.layer42.norm1,norm,GPU_COMPUTE,step1.layer41.residual2,7208.745047040,1.008192000,7209.753239040,step1.layer41.residual2,RMSNorm
1,42,step1.layer42.qkv,qkv,GPU_COMPUTE,step1.layer42.norm1,7209.753239040,3.635776000,7213.389015040,step1.layer42.norm1,QKV projection
1,42,step1.layer42.rope,rope,GPU_COMPUTE,step1.layer42.qkv,7213.389015040,1.018432000,7214.407447040,step1.layer42.qkv,QK norm and RoPE
1,42,step1.layer42.attention,attention,GPU_COMPUTE,step1.layer42.rope,7214.407447040,3.115584000,7217.523031040,step1.layer42.rope,decode attention on GPU
1,42,step1.layer42.o_proj,attention_output,GPU_COMPUTE,step1.layer42.attention,7217.523031040,3.109440000,7220.632471040,step1.layer42.attention,attention output projection
1,42,step1.layer42.residual1,residual,GPU_COMPUTE,step1.layer42.o_proj,7220.632471040,1.012288000,7221.644759040,step1.layer42.o_proj,residual add
1,42,step1.layer42.norm2,norm,GPU_COMPUTE,step1.layer42.residual1,7221.644759040,1.008192000,7222.652951040,step1.layer42.residual1,RMSNorm
1,42,step1.layer42.router,router,GPU_COMPUTE,step1.layer42.norm2,7222.652951040,2.069888000,7224.722839040,step1.layer42.norm2,MoE router
1,42,step1.layer42.metadata,metadata,GPU_COMPUTE,step1.layer42.router,7224.722839040,1.000128000,7225.722967040,step1.layer42.router,routing metadata
1,42,step1.layer42.dispatch,dispatch,,step1.layer42.metadata,7225.722967040,0.000000000,7225.722967040,step1.layer42.metadata,single-GPU dispatch placeholder
1,42,step1.layer42.scheduler,scheduler,GPU_COMPUTE,step1.layer42.metadata,7225.722967040,0.000000000,7225.722967040,step1.layer42.metadata,gpu-only placement policy
1,42,step1.layer42.gpu_weight_load,gpu_weight_load,HBM_MEM_PATH,step1.layer42.scheduler,7225.722967040,57.802752000,7283.525719040,step1.layer42.scheduler,expert weights HBM to GPU
1,42,step1.layer42.gpu_expert_compute,gpu_expert,GPU_COMPUTE,step1.layer42.gpu_weight_load;step1.layer42.dispatch,7283.525719040,3.268435456,7286.794154496,step1.layer42.gpu_weight_load,grouped expert GEMM
1,42,step1.layer42.pim_gwrite,pim_write,GPU_PIM_IO,step1.layer42.scheduler;step1.layer42.dispatch,7225.722967040,0.000000000,7225.722967040,step1.layer42.scheduler,PIM_GWRITE token operands
1,42,step1.layer42.pim_expert_compute,pim_expert,PIM_COMPUTE,step1.layer42.pim_gwrite,7225.722967040,0.000000000,7225.722967040,step1.layer42.pim_gwrite,serialized PIM expert GEMV
1,42,step1.layer42.pim_read,pim_read,GPU_PIM_IO,step1.layer42.pim_expert_compute,7225.722967040,0.000000000,7225.722967040,step1.layer42.pim_gwrite,PIM expert result read
1,42,step1.layer42.combine,combine,GPU_COMPUTE,step1.layer42.gpu_expert_compute;step1.layer42.pim_read,7286.794154496,1.036864000,7287.831018496,step1.layer42.gpu_expert_compute,weighted expert combine
1,42,step1.layer42.residual2,residual,GPU_COMPUTE,step1.layer42.combine,7287.831018496,1.012288000,7288.843306496,step1.layer42.combine,residual add
1,43,step1.layer43.norm1,norm,GPU_COMPUTE,step1.layer42.residual2,7288.843306496,1.008192000,7289.851498496,step1.layer42.residual2,RMSNorm
1,43,step1.layer43.qkv,qkv,GPU_COMPUTE,step1.layer43.norm1,7289.851498496,3.635776000,7293.487274496,step1.layer43.norm1,QKV projection
1,43,step1.layer43.rope,rope,GPU_COMPUTE,step1.layer43.qkv,7293.487274496,1.018432000,7294.505706496,step1.layer43.qkv,QK norm and RoPE
1,43,step1.layer43.attention,attention,GPU_COMPUTE,step1.layer43.rope,7294.505706496,3.115584000,7297.621290496,step1.layer43.rope,decode attention on GPU
1,43,step1.layer43.o_proj,attention_output,GPU_COMPUTE,step1.layer43.attention,7297.621290496,3.109440000,7300.730730496,step1.layer43.attention,attention output projection
1,43,step1.layer43.residual1,residual,GPU_COMPUTE,step1.layer43.o_proj,7300.730730496,1.012288000,7301.743018496,step1.layer43.o_proj,residual add
1,43,step1.layer43.norm2,norm,GPU_COMPUTE,step1.layer43.residual1,7301.743018496,1.008192000,7302.751210496,step1.layer43.residual1,RMSNorm
1,43,step1.layer43.router,router,GPU_COMPUTE,step1.layer43.norm2,7302.751210496,2.069888000,7304.821098496,step1.layer43.norm2,MoE router
1,43,step1.layer43.metadata,metadata,GPU_COMPUTE,step1.layer43.router,7304.821098496,1.000128000,7305.821226496,step1.layer43.router,routing metadata
1,43,step1.layer43.dispatch,dispatch,,step1.layer43.metadata,7305.821226496,0.000000000,7305.821226496,step1.layer43.metadata,single-GPU dispatch placeholder
1,43,step1.layer43.scheduler,scheduler,GPU_COMPUTE,step1.layer43.metadata,7305.821226496,0.000000000,7305.821226496,step1.layer43.metadata,gpu-only placement policy
1,43,step1.layer43.gpu_weight_load,gpu_weight_load,HBM_MEM_PATH,step1.layer43.scheduler,7305.821226496,57.802752000,7363.623978496,step1.layer43.scheduler,expert weights HBM to GPU
1,43,step1.layer43.gpu_expert_compute,gpu_expert,GPU_COMPUTE,step1.layer43.gpu_weight_load;step1.layer43.dispatch,7363.623978496,3.268435456,7366.892413952,step1.layer43.gpu_weight_load,grouped expert GEMM
1,43,step1.layer43.pim_gwrite,pim_write,GPU_PIM_IO,step1.layer43.scheduler;step1.layer43.dispatch,7305.821226496,0.000000000,7305.821226496,step1.layer43.scheduler,PIM_GWRITE token operands
1,43,step1.layer43.pim_expert_compute,pim_expert,PIM_COMPUTE,step1.layer43.pim_gwrite,7305.821226496,0.000000000,7305.821226496,step1.layer43.pim_gwrite,serialized PIM expert GEMV
1,43,step1.layer43.pim_read,pim_read,GPU_PIM_IO,step1.layer43.pim_expert_compute,7305.821226496,0.000000000,7305.821226496,step1.layer43.pim_gwrite,PIM expert result read
1,43,step1.layer43.combine,combine,GPU_COMPUTE,step1.layer43.gpu_expert_compute;step1.layer43.pim_read,7366.892413952,1.036864000,7367.929277952,step1.layer43.gpu_expert_compute,weighted expert combine
1,43,step1.layer43.residual2,residual,GPU_COMPUTE,step1.layer43.combine,7367.929277952,1.012288000,7368.941565952,step1.layer43.combine,residual add
1,44,step1.layer44.norm1,norm,GPU_COMPUTE,step1.layer43.residual2,7368.941565952,1.008192000,7369.949757952,step1.layer43.residual2,RMSNorm
1,44,step1.layer44.qkv,qkv,GPU_COMPUTE,step1.layer44.norm1,7369.949757952,3.635776000,7373.585533952,step1.layer44.norm1,QKV projection
1,44,step1.layer44.rope,rope,GPU_COMPUTE,step1.layer44.qkv,7373.585533952,1.018432000,7374.603965952,step1.layer44.qkv,QK norm and RoPE
1,44,step1.layer44.attention,attention,GPU_COMPUTE,step1.layer44.rope,7374.603965952,3.115584000,7377.719549952,step1.layer44.rope,decode attention on GPU
1,44,step1.layer44.o_proj,attention_output,GPU_COMPUTE,step1.layer44.attention,7377.719549952,3.109440000,7380.828989952,step1.layer44.attention,attention output projection
1,44,step1.layer44.residual1,residual,GPU_COMPUTE,step1.layer44.o_proj,7380.828989952,1.012288000,7381.841277952,step1.layer44.o_proj,residual add
1,44,step1.layer44.norm2,norm,GPU_COMPUTE,step1.layer44.residual1,7381.841277952,1.008192000,7382.849469952,step1.layer44.residual1,RMSNorm
1,44,step1.layer44.router,router,GPU_COMPUTE,step1.layer44.norm2,7382.849469952,2.069888000,7384.919357952,step1.layer44.norm2,MoE router
1,44,step1.layer44.metadata,metadata,GPU_COMPUTE,step1.layer44.router,7384.919357952,1.000128000,7385.919485952,step1.layer44.router,routing metadata
1,44,step1.layer44.dispatch,dispatch,,step1.layer44.metadata,7385.919485952,0.000000000,7385.919485952,step1.layer44.metadata,single-GPU dispatch placeholder
1,44,step1.layer44.scheduler,scheduler,GPU_COMPUTE,step1.layer44.metadata,7385.919485952,0.000000000,7385.919485952,step1.layer44.metadata,gpu-only placement policy
1,44,step1.layer44.gpu_weight_load,gpu_weight_load,HBM_MEM_PATH,step1.layer44.scheduler,7385.919485952,57.802752000,7443.722237952,step1.layer44.scheduler,expert weights HBM to GPU
1,44,step1.layer44.gpu_expert_compute,gpu_expert,GPU_COMPUTE,step1.layer44.gpu_weight_load;step1.layer44.dispatch,7443.722237952,3.268435456,7446.990673408,step1.layer44.gpu_weight_load,grouped expert GEMM
1,44,step1.layer44.pim_gwrite,pim_write,GPU_PIM_IO,step1.layer44.scheduler;step1.layer44.dispatch,7385.919485952,0.000000000,7385.919485952,step1.layer44.scheduler,PIM_GWRITE token operands
1,44,step1.layer44.pim_expert_compute,pim_expert,PIM_COMPUTE,step1.layer44.pim_gwrite,7385.919485952,0.000000000,7385.919485952,step1.layer44.pim_gwrite,serialized PIM expert GEMV
1,44,step1.layer44.pim_read,pim_read,GPU_PIM_IO,step1.layer44.pim_expert_compute,7385.919485952,0.000000000,7385.919485952,step1.layer44.pim_gwrite,PIM expert result read
1,44,step1.layer44.combine,combine,GPU_COMPUTE,step1.layer44.gpu_expert_compute;step1.layer44.pim_read,7446.990673408,1.036864000,7448.027537408,step1.layer44.gpu_expert_compute,weighted expert combine
1,44,step1.layer44.residual2,residual,GPU_COMPUTE,step1.layer44.combine,7448.027537408,1.012288000,7449.039825408,step1.layer44.combine,residual add
1,45,step1.layer45.norm1,norm,GPU_COMPUTE,step1.layer44.residual2,7449.039825408,1.008192000,7450.048017408,step1.layer44.residual2,RMSNorm
1,45,step1.layer45.qkv,qkv,GPU_COMPUTE,step1.layer45.norm1,7450.048017408,3.635776000,7453.683793408,step1.layer45.norm1,QKV projection
1,45,step1.layer45.rope,rope,GPU_COMPUTE,step1.layer45.qkv,7453.683793408,1.018432000,7454.702225408,step1.layer45.qkv,QK norm and RoPE
1,45,step1.layer45.attention,attention,GPU_COMPUTE,step1.layer45.rope,7454.702225408,3.115584000,7457.817809408,step1.layer45.rope,decode attention on GPU
1,45,step1.layer45.o_proj,attention_output,GPU_COMPUTE,step1.layer45.attention,7457.817809408,3.109440000,7460.927249408,step1.layer45.attention,attention output projection
1,45,step1.layer45.residual1,residual,GPU_COMPUTE,step1.layer45.o_proj,7460.927249408,1.012288000,7461.939537408,step1.layer45.o_proj,residual add
1,45,step1.layer45.norm2,norm,GPU_COMPUTE,step1.layer45.residual1,7461.939537408,1.008192000,7462.947729408,step1.layer45.residual1,RMSNorm
1,45,step1.layer45.router,router,GPU_COMPUTE,step1.layer45.norm2,7462.947729408,2.069888000,7465.017617408,step1.layer45.norm2,MoE router
1,45,step1.layer45.metadata,metadata,GPU_COMPUTE,step1.layer45.router,7465.017617408,1.000128000,7466.017745408,step1.layer45.router,routing metadata
1,45,step1.layer45.dispatch,dispatch,,step1.layer45.metadata,7466.017745408,0.000000000,7466.017745408,step1.layer45.metadata,single-GPU dispatch placeholder
1,45,step1.layer45.scheduler,scheduler,GPU_COMPUTE,step1.layer45.metadata,7466.017745408,0.000000000,7466.017745408,step1.layer45.metadata,gpu-only placement policy
1,45,step1.layer45.gpu_weight_load,gpu_weight_load,HBM_MEM_PATH,step1.layer45.scheduler,7466.017745408,57.802752000,7523.820497408,step1.layer45.scheduler,expert weights HBM to GPU
1,45,step1.layer45.gpu_expert_compute,gpu_expert,GPU_COMPUTE,step1.layer45.gpu_weight_load;step1.layer45.dispatch,7523.820497408,3.268435456,7527.088932864,step1.layer45.gpu_weight_load,grouped expert GEMM
1,45,step1.layer45.pim_gwrite,pim_write,GPU_PIM_IO,step1.layer45.scheduler;step1.layer45.dispatch,7466.017745408,0.000000000,7466.017745408,step1.layer45.scheduler,PIM_GWRITE token operands
1,45,step1.layer45.pim_expert_compute,pim_expert,PIM_COMPUTE,step1.layer45.pim_gwrite,7466.017745408,0.000000000,7466.017745408,step1.layer45.pim_gwrite,serialized PIM expert GEMV
1,45,step1.layer45.pim_read,pim_read,GPU_PIM_IO,step1.layer45.pim_expert_compute,7466.017745408,0.000000000,7466.017745408,step1.layer45.pim_gwrite,PIM expert result read
1,45,step1.layer45.combine,combine,GPU_COMPUTE,step1.layer45.gpu_expert_compute;step1.layer45.pim_read,7527.088932864,1.036864000,7528.125796864,step1.layer45.gpu_expert_compute,weighted expert combine
1,45,step1.layer45.residual2,residual,GPU_COMPUTE,step1.layer45.combine,7528.125796864,1.012288000,7529.138084864,step1.layer45.combine,residual add
1,46,step1.layer46.norm1,norm,GPU_COMPUTE,step1.layer45.residual2,7529.138084864,1.008192000,7530.146276864,step1.layer45.residual2,RMSNorm
1,46,step1.layer46.qkv,qkv,GPU_COMPUTE,step1.layer46.norm1,7530.146276864,3.635776000,7533.782052864,step1.layer46.norm1,QKV projection
1,46,step1.layer46.rope,rope,GPU_COMPUTE,step1.layer46.qkv,7533.782052864,1.018432000,7534.800484864,step1.layer46.qkv,QK norm and RoPE
1,46,step1.layer46.attention,attention,GPU_COMPUTE,step1.layer46.rope,7534.800484864,3.115584000,7537.916068864,step1.layer46.rope,decode attention on GPU
1,46,step1.layer46.o_proj,attention_output,GPU_COMPUTE,step1.layer46.attention,7537.916068864,3.109440000,7541.025508864,step1.layer46.attention,attention output projection
1,46,step1.layer46.residual1,residual,GPU_COMPUTE,step1.layer46.o_proj,7541.025508864,1.012288000,7542.037796864,step1.layer46.o_proj,residual add
1,46,step1.layer46.norm2,norm,GPU_COMPUTE,step1.layer46.residual1,7542.037796864,1.008192000,7543.045988864,step1.layer46.residual1,RMSNorm
1,46,step1.layer46.router,router,GPU_COMPUTE,step1.layer46.norm2,7543.045988864,2.069888000,7545.115876864,step1.layer46.norm2,MoE router
1,46,step1.layer46.metadata,metadata,GPU_COMPUTE,step1.layer46.router,7545.115876864,1.000128000,7546.116004864,step1.layer46.router,routing metadata
1,46,step1.layer46.dispatch,dispatch,,step1.layer46.metadata,7546.116004864,0.000000000,7546.116004864,step1.layer46.metadata,single-GPU dispatch placeholder
1,46,step1.layer46.scheduler,scheduler,GPU_COMPUTE,step1.layer46.metadata,7546.116004864,0.000000000,7546.116004864,step1.layer46.metadata,gpu-only placement policy
1,46,step1.layer46.gpu_weight_load,gpu_weight_load,HBM_MEM_PATH,step1.layer46.scheduler,7546.116004864,57.802752000,7603.918756864,step1.layer46.scheduler,expert weights HBM to GPU
1,46,step1.layer46.gpu_expert_compute,gpu_expert,GPU_COMPUTE,step1.layer46.gpu_weight_load;step1.layer46.dispatch,7603.918756864,3.268435456,7607.187192320,step1.layer46.gpu_weight_load,grouped expert GEMM
1,46,step1.layer46.pim_gwrite,pim_write,GPU_PIM_IO,step1.layer46.scheduler;step1.layer46.dispatch,7546.116004864,0.000000000,7546.116004864,step1.layer46.scheduler,PIM_GWRITE token operands
1,46,step1.layer46.pim_expert_compute,pim_expert,PIM_COMPUTE,step1.layer46.pim_gwrite,7546.116004864,0.000000000,7546.116004864,step1.layer46.pim_gwrite,serialized PIM expert GEMV
1,46,step1.layer46.pim_read,pim_read,GPU_PIM_IO,step1.layer46.pim_expert_compute,7546.116004864,0.000000000,7546.116004864,step1.layer46.pim_gwrite,PIM expert result read
1,46,step1.layer46.combine,combine,GPU_COMPUTE,step1.layer46.gpu_expert_compute;step1.layer46.pim_read,7607.187192320,1.036864000,7608.224056320,step1.layer46.gpu_expert_compute,weighted expert combine
1,46,step1.layer46.residual2,residual,GPU_COMPUTE,step1.layer46.combine,7608.224056320,1.012288000,7609.236344320,step1.layer46.combine,residual add
1,47,step1.layer47.norm1,norm,GPU_COMPUTE,step1.layer46.residual2,7609.236344320,1.008192000,7610.244536320,step1.layer46.residual2,RMSNorm
1,47,step1.layer47.qkv,qkv,GPU_COMPUTE,step1.layer47.norm1,7610.244536320,3.635776000,7613.880312320,step1.layer47.norm1,QKV projection
1,47,step1.layer47.rope,rope,GPU_COMPUTE,step1.layer47.qkv,7613.880312320,1.018432000,7614.898744320,step1.layer47.qkv,QK norm and RoPE
1,47,step1.layer47.attention,attention,GPU_COMPUTE,step1.layer47.rope,7614.898744320,3.115584000,7618.014328320,step1.layer47.rope,decode attention on GPU
1,47,step1.layer47.o_proj,attention_output,GPU_COMPUTE,step1.layer47.attention,7618.014328320,3.109440000,7621.123768320,step1.layer47.attention,attention output projection
1,47,step1.layer47.residual1,residual,GPU_COMPUTE,step1.layer47.o_proj,7621.123768320,1.012288000,7622.136056320,step1.layer47.o_proj,residual add
1,47,step1.layer47.norm2,norm,GPU_COMPUTE,step1.layer47.residual1,7622.136056320,1.008192000,7623.144248320,step1.layer47.residual1,RMSNorm
1,47,step1.layer47.router,router,GPU_COMPUTE,step1.layer47.norm2,7623.144248320,2.069888000,7625.214136320,step1.layer47.norm2,MoE router
1,47,step1.layer47.metadata,metadata,GPU_COMPUTE,step1.layer47.router,7625.214136320,1.000128000,7626.214264320,step1.layer47.router,routing metadata
1,47,step1.layer47.dispatch,dispatch,,step1.layer47.metadata,7626.214264320,0.000000000,7626.214264320,step1.layer47.metadata,single-GPU dispatch placeholder
1,47,step1.layer47.scheduler,scheduler,GPU_COMPUTE,step1.layer47.metadata,7626.214264320,0.000000000,7626.214264320,step1.layer47.metadata,gpu-only placement policy
1,47,step1.layer47.gpu_weight_load,gpu_weight_load,HBM_MEM_PATH,step1.layer47.scheduler,7626.214264320,57.802752000,7684.017016320,step1.layer47.scheduler,expert weights HBM to GPU
1,47,step1.layer47.gpu_expert_compute,gpu_expert,GPU_COMPUTE,step1.layer47.gpu_weight_load;step1.layer47.dispatch,7684.017016320,3.268435456,7687.285451776,step1.layer47.gpu_weight_load,grouped expert GEMM
1,47,step1.layer47.pim_gwrite,pim_write,GPU_PIM_IO,step1.layer47.scheduler;step1.layer47.dispatch,7626.214264320,0.000000000,7626.214264320,step1.layer47.scheduler,PIM_GWRITE token operands
1,47,step1.layer47.pim_expert_compute,pim_expert,PIM_COMPUTE,step1.layer47.pim_gwrite,7626.214264320,0.000000000,7626.214264320,step1.layer47.pim_gwrite,serialized PIM expert GEMV
1,47,step1.layer47.pim_read,pim_read,GPU_PIM_IO,step1.layer47.pim_expert_compute,7626.214264320,0.000000000,7626.214264320,step1.layer47.pim_gwrite,PIM expert result read
1,47,step1.layer47.combine,combine,GPU_COMPUTE,step1.layer47.gpu_expert_compute;step1.layer47.pim_read,7687.285451776,1.036864000,7688.322315776,step1.layer47.gpu_expert_compute,weighted expert combine
1,47,step1.layer47.residual2,residual,GPU_COMPUTE,step1.layer47.combine,7688.322315776,1.012288000,7689.334603776,step1.layer47.combine,residual add
