gpu_prefix_length,gpu_experts,gpu_tokens,pim_tokens,gpu_memory_us,gpu_compute_us,gpu_path_us,pim_path_us,scheduler_us,objective_us,isolation_available,step,layer,selected
0,,0,128,0.0,0.0,0.0,197.072304,20.0,217.072304,True,0,0,False
1,26,16,112,2.461056,3.067108864,5.528164864,172.447704,20.0,192.447704,True,0,0,False
2,26;43,32,96,5.406336,3.134217728,8.540553728,147.822168,20.0,167.822168,True,0,0,False
3,26;43;44,48,80,8.421504,3.201326592,11.622830592,123.196632,20.0,143.196632,True,0,0,False
4,26;43;44;59,64,64,11.366784,3.268435456,14.635219456,98.535528,20.0,118.535528,True,0,0,False
5,26;43;44;59;65,80,48,14.381952,3.33554432,17.71749632,73.909992,20.0,93.909992,True,0,0,False
6,26;43;44;59;65;66,96,32,17.385888,3.402653184,20.788541184,49.285704,20.0,69.285704,True,0,0,False
7,26;43;44;59;65;66;73,112,16,20.327112,3.469762048,23.796874048,24.661104,20.0,44.661104,True,0,0,True
8,26;43;44;59;65;66;73;114,128,0,23.288616,3.536870912,26.825486912,0.0,20.0,46.825486912,True,0,0,False
0,,0,128,0.0,0.0,0.0,197.072304,20.0,217.072304,True,0,1,False
1,26,16,112,2.461056,3.067108864,5.528164864,172.447704,20.0,192.447704,True,0,1,False
2,26;33,32,96,5.406336,3.134217728,8.540553728,147.822168,20.0,167.822168,True,0,1,False
3,26;33;34,48,80,8.421504,3.201326592,11.622830592,123.196632,20.0,143.196632,True,0,1,False
4,26;33;34;49,64,64,11.366784,3.268435456,14.635219456,98.535528,20.0,118.535528,True,0,1,False
5,26;33;34;49;50,80,48,14.381952,3.33554432,17.71749632,73.909992,20.0,93.909992,True,0,1,False
6,26;33;34;49;50;94,96,32,17.385888,3.402653184,20.788541184,49.285704,20.0,69.285704,True,0,1,False
7,26;33;34;49;50;94;104,112,16,20.327112,3.469762048,23.796874048,24.661104,20.0,44.661104,True,0,1,True
8,26;33;34;49;50;94;104;124,128,0,23.288616,3.536870912,26.825486912,0.0,20.0,46.825486912,True,0,1,False
0,,0,128,0.0,0.0,0.0,197.072304,20.0,217.072304,True,0,2,False
1,18,16,112,2.461056,3.067108864,5.528164864,172.447704,20.0,192.447704,True,0,2,False
2,18;53,32,96,5.406336,3.134217728,8.540553728,147.822168,20.0,167.822168,True,0,2,False
3,18;53;56,48,80,8.421504,3.201326592,11.622830592,123.196632,20.0,143.196632,True,0,2,False
4,18;53;56;62,64,64,11.366784,3.268435456,14.635219456,98.535528,20.0,118.535528,True,0,2,False
5,18;53;56;62;67,80,48,14.381952,3.33554432,17.71749632,73.909992,20.0,93.909992,True,0,2,False
6,18;53;56;62;67;72,96,32,17.385888,3.402653184,20.788541184,49.285704,20.0,69.285704,True,0,2,False
7,18;53;56;62;67;72;82,112,16,20.327112,3.469762048,23.796874048,24.661104,20.0,44.661104,True,0,2,True
8,18;53;56;62;67;72;82;123,128,0,23.288616,3.536870912,26.825486912,0.0,20.0,46.825486912,True,0,2,False
0,,0,128,0.0,0.0,0.0,197.072304,20.0,217.072304,True,0,3,False
1,46,16,112,2.461056,3.067108864,5.528164864,172.447704,20.0,192.447704,True,0,3,False
2,46;56,32,96,5.406336,3.134217728,8.540553728,147.822168,20.0,167.822168,True,0,3,False
3,46;56;71,48,80,8.421504,3.201326592,11.622830592,123.196632,20.0,143.196632,True,0,3,False
4,46;56;71;99,64,64,11.366784,3.268435456,14.635219456,98.535528,20.0,118.535528,True,0,3,False
5,46;56;71;99;101,80,48,14.381952,3.33554432,17.71749632,73.909992,20.0,93.909992,True,0,3,False
6,46;56;71;99;101;108,96,32,17.385888,3.402653184,20.788541184,49.285704,20.0,69.285704,True,0,3,False
7,46;56;71;99;101;108;114,112,16,20.327112,3.469762048,23.796874048,24.661104,20.0,44.661104,True,0,3,True
8,46;51;56;71;99;101;108;114,124,4,23.221536,3.520093696,26.741629696,6.190392,20.0,46.741629696,True,0,3,False
9,46;51;56;67;71;99;101;108;114,127,1,26.291616,3.532676608,29.824292608,1.591512,20.0,49.824292608,True,0,3,False
10,46;51;56;67;71;80;99;101;108;114,128,0,29.249064,3.536870912,32.785934912,0.0,20.0,52.785934912,True,0,3,False
0,,0,128,0.0,0.0,0.0,197.072304,20.0,217.072304,True,0,4,False
1,12,16,112,2.461056,3.067108864,5.528164864,172.447704,20.0,192.447704,True,0,4,False
2,12;43,32,96,5.406336,3.134217728,8.540553728,147.822168,20.0,167.822168,True,0,4,False
3,12;43;65,48,80,8.421504,3.201326592,11.622830592,123.196632,20.0,143.196632,True,0,4,False
4,12;43;65;100,64,64,11.366784,3.268435456,14.635219456,98.535528,20.0,118.535528,True,0,4,False
5,12;43;65;100;108,80,48,14.381952,3.33554432,17.71749632,73.909992,20.0,93.909992,True,0,4,False
6,12;43;65;100;108;121,96,32,17.385888,3.402653184,20.788541184,49.285704,20.0,69.285704,True,0,4,False
7,12;43;65;100;108;121;127,112,16,20.327112,3.469762048,23.796874048,24.661104,20.0,44.661104,True,0,4,True
8,12;43;65;100;107;108;121;127,121,7,23.186592,3.507510784,26.694102784,10.827336,20.0,46.694102784,True,0,4,False
9,12;43;65;100;107;108;114;121;127,128,0,26.303784,3.536870912,29.840654912,0.0,20.0,49.840654912,True,0,4,False
0,,0,128,0.0,0.0,0.0,197.072304,20.0,217.072304,True,0,5,False
1,20,16,112,2.461056,3.067108864,5.528164864,172.447704,20.0,192.447704,True,0,5,False
2,20;32,32,96,5.406336,3.134217728,8.540553728,147.822168,20.0,167.822168,True,0,5,False
3,20;32;46,48,80,8.421504,3.201326592,11.622830592,123.196632,20.0,143.196632,True,0,5,False
4,20;32;46;65,64,64,11.366784,3.268435456,14.635219456,98.535528,20.0,118.535528,True,0,5,False
5,20;32;46;65;73,80,48,14.381952,3.33554432,17.71749632,73.909992,20.0,93.909992,True,0,5,False
6,20;32;46;65;73;104,96,32,17.385888,3.402653184,20.788541184,49.285704,20.0,69.285704,True,0,5,False
7,20;32;38;46;65;73;104,107,21,20.380464,3.448790528,23.829254528,32.374368,20.0,52.374368,True,0,5,False
8,20;32;38;46;65;73;94;104,118,10,23.20656,3.494927872,26.701487872,15.426216,20.0,46.701487872,True,0,5,True
9,20;32;38;46;65;73;84;94;104,125,3,26.2626,3.524288,29.786888,4.670016,20.0,49.786888,True,0,5,False
10,4;20;32;38;46;65;73;84;94;104,128,0,29.249064,3.536870912,32.785934912,0.0,20.0,52.785934912,True,0,5,False
0,,0,128,0.0,0.0,0.0,197.072304,20.0,217.072304,True,0,6,False
1,33,16,112,2.461056,3.067108864,5.528164864,172.447704,20.0,192.447704,True,0,6,False
2,33;49,32,96,5.406336,3.134217728,8.540553728,147.822168,20.0,167.822168,True,0,6,False
3,33;49;58,48,80,8.421504,3.201326592,11.622830592,123.196632,20.0,143.196632,True,0,6,False
4,33;49;58;82,64,64,11.366784,3.268435456,14.635219456,98.535528,20.0,118.535528,True,0,6,False
5,33;49;58;82;92,80,48,14.381952,3.33554432,17.71749632,73.909992,20.0,93.909992,True,0,6,False
6,33;49;58;82;92;112,96,32,17.385888,3.402653184,20.788541184,49.285704,20.0,69.285704,True,0,6,False
7,33;49;58;82;92;112;126,112,16,20.327112,3.469762048,23.796874048,24.661104,20.0,44.661104,True,0,6,True
8,33;49;58;74;82;92;112;126,127,1,23.276448,3.532676608,26.809124608,1.591512,20.0,46.809124608,True,0,6,False
9,22;33;49;58;74;82;92;112;126,128,0,26.303784,3.536870912,29.840654912,0.0,20.0,49.840654912,True,0,6,False
0,,0,128,0.0,0.0,0.0,197.072304,20.0,217.072304,True,0,7,False
1,15,16,112,2.461056,3.067108864,5.528164864,172.447704,20.0,192.447704,True,0,7,False
2,15;19,32,96,5.406336,3.134217728,8.540553728,147.822168,20.0,167.822168,True,0,7,False
3,15;19;24,48,80,8.421504,3.201326592,11.622830592,123.196632,20.0,143.196632,True,0,7,False
4,15;19;24;29,64,64,11.366784,3.268435456,14.635219456,98.535528,20.0,118.535528,True,0,7,False
5,15;19;24;29;52,80,48,14.381952,3.33554432,17.71749632,73.909992,20.0,93.909992,True,0,7,False
6,15;19;24;29;52;56,96,32,17.385888,3.402653184,20.788541184,49.285704,20.0,69.285704,True,0,7,False
7,15;19;24;29;52;56;114,112,16,20.327112,3.469762048,23.796874048,24.661104,20.0,44.661104,True,0,7,True
8,15;19;24;29;52;56;114;125,128,0,23.288616,3.536870912,26.825486912,0.0,20.0,46.825486912,True,0,7,False
0,,0,128,0.0,0.0,0.0,197.072304,20.0,217.072304,True,0,8,False
1,17,16,112,2.461056,3.067108864,5.528164864,172.447704,20.0,192.447704,True,0,8,False
2,17;23,32,96,5.406336,3.134217728,8.540553728,147.822168,20.0,167.822168,True,0,8,False
3,17;23;50,48,80,8.421504,3.201326592,11.622830592,123.196632,20.0,143.196632,True,0,8,False
4,17;23;50;53,64,64,11.366784,3.268435456,14.635219456,98.535528,20.0,118.535528,True,0,8,False
5,17;23;50;53;66,80,48,14.381952,3.33554432,17.71749632,73.909992,20.0,93.909992,True,0,8,False
6,17;23;50;53;66;83,96,32,17.385888,3.402653184,20.788541184,49.285704,20.0,69.285704,True,0,8,False
7,17;23;50;53;66;83;92,112,16,20.327112,3.469762048,23.796874048,24.661104,20.0,44.661104,True,0,8,True
8,17;23;50;53;66;83;92;102,128,0,23.288616,3.536870912,26.825486912,0.0,20.0,46.825486912,True,0,8,False
0,,0,128,0.0,0.0,0.0,197.072304,20.0,217.072304,True,0,9,False
1,2,16,112,2.461056,3.067108864,5.528164864,172.447704,20.0,192.447704,True,0,9,False
2,2;6,32,96,5.406336,3.134217728,8.540553728,147.822168,20.0,167.822168,True,0,9,False
3,2;6;11,48,80,8.421504,3.201326592,11.622830592,123.196632,20.0,143.196632,True,0,9,False
4,2;6;11;13,64,64,11.366784,3.268435456,14.635219456,98.535528,20.0,118.535528,True,0,9,False
5,2;6;11;13;23,80,48,14.381952,3.33554432,17.71749632,73.909992,20.0,93.909992,True,0,9,False
6,2;6;11;13;23;26,96,32,17.385888,3.402653184,20.788541184,49.285704,20.0,69.285704,True,0,9,False
7,2;6;11;13;23;26;63,112,16,20.327112,3.469762048,23.796874048,24.661104,20.0,44.661104,True,0,9,True
8,2;6;11;13;23;26;63;85,128,0,23.288616,3.536870912,26.825486912,0.0,20.0,46.825486912,True,0,9,False
0,,0,128,0.0,0.0,0.0,197.072304,20.0,217.072304,True,0,10,False
1,1,16,112,2.461056,3.067108864,5.528164864,172.447704,20.0,192.447704,True,0,10,False
2,1;5,32,96,5.406336,3.134217728,8.540553728,147.822168,20.0,167.822168,True,0,10,False
3,1;5;12,48,80,8.421504,3.201326592,11.622830592,123.196632,20.0,143.196632,True,0,10,False
4,1;5;12;28,64,64,11.366784,3.268435456,14.635219456,98.535528,20.0,118.535528,True,0,10,False
5,1;5;12;28;31,80,48,14.381952,3.33554432,17.71749632,73.909992,20.0,93.909992,True,0,10,False
6,1;5;12;28;31;90,96,32,17.385888,3.402653184,20.788541184,49.285704,20.0,69.285704,True,0,10,False
7,1;5;12;28;31;90;92,112,16,20.327112,3.469762048,23.796874048,24.661104,20.0,44.661104,True,0,10,True
8,1;5;12;28;31;90;92;98,128,0,23.288616,3.536870912,26.825486912,0.0,20.0,46.825486912,True,0,10,False
0,,0,128,0.0,0.0,0.0,197.072304,20.0,217.072304,True,0,11,False
1,17,16,112,2.461056,3.067108864,5.528164864,172.447704,20.0,192.447704,True,0,11,False
2,17;54,32,96,5.406336,3.134217728,8.540553728,147.822168,20.0,167.822168,True,0,11,False
3,17;54;62,48,80,8.421504,3.201326592,11.622830592,123.196632,20.0,143.196632,True,0,11,False
4,17;54;62;108,64,64,11.366784,3.268435456,14.635219456,98.535528,20.0,118.535528,True,0,11,False
5,17;54;62;108;120,80,48,14.381952,3.33554432,17.71749632,73.909992,20.0,93.909992,True,0,11,False
6,17;54;62;108;120;121,96,32,17.385888,3.402653184,20.788541184,49.285704,20.0,69.285704,True,0,11,False
7,15;17;54;62;108;120;121,111,17,20.337096,3.465567744,23.802663744,26.217672,20.0,46.217672,True,0,11,True
8,15;17;54;62;81;108;120;121,124,4,23.221536,3.520093696,26.741629696,6.190392,20.0,46.741629696,True,0,11,False
9,15;17;54;62;81;104;108;120;121,128,0,26.303784,3.536870912,29.840654912,0.0,20.0,49.840654912,True,0,11,False
0,,0,128,0.0,0.0,0.0,197.072304,20.0,217.072304,True,0,12,False
1,11,16,112,2.461056,3.067108864,5.528164864,172.447704,20.0,192.447704,True,0,12,False
2,11;18,32,96,5.406336,3.134217728,8.540553728,147.822168,20.0,167.822168,True,0,12,False
3,11;18;33,48,80,8.421504,3.201326592,11.622830592,123.196632,20.0,143.196632,True,0,12,False
4,11;18;33;39,64,64,11.366784,3.268435456,14.635219456,98.535528,20.0,118.535528,True,0,12,False
5,11;18;33;39;41,80,48,14.381952,3.33554432,17.71749632,73.909992,20.0,93.909992,True,0,12,False
6,11;18;33;39;41;89,96,32,17.385888,3.402653184,20.788541184,49.285704,20.0,69.285704,True,0,12,False
7,11;18;33;39;41;49;89,110,18,20.296224,3.46137344,23.75759744,27.738672,20.0,47.738672,True,0,12,False
8,11;18;33;39;41;49;89;108,124,4,23.221536,3.520093696,26.741629696,6.190392,20.0,46.741629696,True,0,12,True
9,11;18;27;33;39;41;49;89;108,128,0,26.303784,3.536870912,29.840654912,0.0,20.0,49.840654912,True,0,12,False
0,,0,128,0.0,0.0,0.0,197.072304,20.0,217.072304,True,0,13,False
1,13,16,112,2.461056,3.067108864,5.528164864,172.447704,20.0,192.447704,True,0,13,False
2,13;27,32,96,5.406336,3.134217728,8.540553728,147.822168,20.0,167.822168,True,0,13,False
3,13;27;33,48,80,8.421504,3.201326592,11.622830592,123.196632,20.0,143.196632,True,0,13,False
4,13;27;33;34,64,64,11.366784,3.268435456,14.635219456,98.535528,20.0,118.535528,True,0,13,False
5,13;27;33;34;63,80,48,14.381952,3.33554432,17.71749632,73.909992,20.0,93.909992,True,0,13,False
6,13;27;33;34;63;91,96,32,17.385888,3.402653184,20.788541184,49.285704,20.0,69.285704,True,0,13,False
7,13;27;33;34;63;91;97,112,16,20.327112,3.469762048,23.796874048,24.661104,20.0,44.661104,True,0,13,True
8,13;27;33;34;63;85;91;97,127,1,23.276448,3.532676608,26.809124608,1.591512,20.0,46.809124608,True,0,13,False
9,13;27;33;34;63;85;91;93;97,128,0,26.303784,3.536870912,29.840654912,0.0,20.0,49.840654912,True,0,13,False
0,,0,128,0.0,0.0,0.0,197.072304,20.0,217.072304,True,0,14,False
1,2,16,112,2.461056,3.067108864,5.528164864,172.447704,20.0,192.447704,True,0,14,False
2,2;5,32,96,5.406336,3.134217728,8.540553728,147.822168,20.0,167.822168,True,0,14,False
3,2;5;49,48,80,8.421504,3.201326592,11.622830592,123.196632,20.0,143.196632,True,0,14,False
4,2;5;49;61,64,64,11.366784,3.268435456,14.635219456,98.535528,20.0,118.535528,True,0,14,False
5,2;5;49;61;63,80,48,14.381952,3.33554432,17.71749632,73.909992,20.0,93.909992,True,0,14,False
6,2;5;49;61;63;92,96,32,17.385888,3.402653184,20.788541184,49.285704,20.0,69.285704,True,0,14,False
7,2;5;49;61;63;92;109,112,16,20.327112,3.469762048,23.796874048,24.661104,20.0,44.661104,True,0,14,True
8,2;5;49;61;63;92;109;113,128,0,23.288616,3.536870912,26.825486912,0.0,20.0,46.825486912,True,0,14,False
0,,0,128,0.0,0.0,0.0,197.072304,20.0,217.072304,True,0,15,False
1,2,16,112,2.461056,3.067108864,5.528164864,172.447704,20.0,192.447704,True,0,15,False
2,2;26,32,96,5.406336,3.134217728,8.540553728,147.822168,20.0,167.822168,True,0,15,False
3,2;26;50,48,80,8.421504,3.201326592,11.622830592,123.196632,20.0,143.196632,True,0,15,False
4,2;26;50;58,64,64,11.366784,3.268435456,14.635219456,98.535528,20.0,118.535528,True,0,15,False
5,2;26;50;58;63,80,48,14.381952,3.33554432,17.71749632,73.909992,20.0,93.909992,True,0,15,False
6,2;26;50;58;63;84,96,32,17.385888,3.402653184,20.788541184,49.285704,20.0,69.285704,True,0,15,False
7,2;26;50;58;63;84;88,112,16,20.327112,3.469762048,23.796874048,24.661104,20.0,44.661104,True,0,15,True
8,2;26;50;58;63;84;88;127,128,0,23.288616,3.536870912,26.825486912,0.0,20.0,46.825486912,True,0,15,False
0,,0,128,0.0,0.0,0.0,197.072304,20.0,217.072304,True,0,16,False
1,42,16,112,2.461056,3.067108864,5.528164864,172.447704,20.0,192.447704,True,0,16,False
2,42;48,32,96,5.406336,3.134217728,8.540553728,147.822168,20.0,167.822168,True,0,16,False
3,42;48;54,48,80,8.421504,3.201326592,11.622830592,123.196632,20.0,143.196632,True,0,16,False
4,42;48;54;62,64,64,11.366784,3.268435456,14.635219456,98.535528,20.0,118.535528,True,0,16,False
5,42;48;54;62;97,80,48,14.381952,3.33554432,17.71749632,73.909992,20.0,93.909992,True,0,16,False
6,42;48;54;62;97;98,96,32,17.385888,3.402653184,20.788541184,49.285704,20.0,69.285704,True,0,16,False
7,42;48;54;62;97;98;107,112,16,20.327112,3.469762048,23.796874048,24.661104,20.0,44.661104,True,0,16,True
8,42;48;54;62;97;98;107;122,126,2,23.24868,3.528482304,26.777162304,3.112512,20.0,46.777162304,True,0,16,False
9,42;46;48;54;62;97;98;107;122,128,0,26.303784,3.536870912,29.840654912,0.0,20.0,49.840654912,True,0,16,False
0,,0,128,0.0,0.0,0.0,197.072304,20.0,217.072304,True,0,17,False
1,34,16,112,2.461056,3.067108864,5.528164864,172.447704,20.0,192.447704,True,0,17,False
2,34;39,32,96,5.406336,3.134217728,8.540553728,147.822168,20.0,167.822168,True,0,17,False
3,34;39;59,48,80,8.421504,3.201326592,11.622830592,123.196632,20.0,143.196632,True,0,17,False
4,34;39;59;80,64,64,11.366784,3.268435456,14.635219456,98.535528,20.0,118.535528,True,0,17,False
5,34;39;59;80;122,80,48,14.381952,3.33554432,17.71749632,73.909992,20.0,93.909992,True,0,17,False
6,34;39;59;80;122;124,96,32,17.385888,3.402653184,20.788541184,49.285704,20.0,69.285704,True,0,17,False
7,13;34;39;59;80;122;124,109,19,20.378592,3.457179136,23.835771136,29.296488,20.0,49.296488,True,0,17,False
8,13;34;39;59;80;122;123;124,122,6,23.228712,3.511705088,26.740417088,9.268896,20.0,46.740417088,True,0,17,True
9,13;34;39;59;61;80;122;123;124,126,2,26.263848,3.528482304,29.792330304,3.112512,20.0,49.792330304,True,0,17,False
10,13;34;39;59;60;61;80;122;123;124,128,0,29.249064,3.536870912,32.785934912,0.0,20.0,52.785934912,True,0,17,False
0,,0,128,0.0,0.0,0.0,197.072304,20.0,217.072304,True,0,18,False
1,49,16,112,2.461056,3.067108864,5.528164864,172.447704,20.0,192.447704,True,0,18,False
2,49;58,32,96,5.406336,3.134217728,8.540553728,147.822168,20.0,167.822168,True,0,18,False
3,49;58;82,48,80,8.421504,3.201326592,11.622830592,123.196632,20.0,143.196632,True,0,18,False
4,49;58;82;87,64,64,11.366784,3.268435456,14.635219456,98.535528,20.0,118.535528,True,0,18,False
5,49;58;82;87;91,80,48,14.381952,3.33554432,17.71749632,73.909992,20.0,93.909992,True,0,18,False
6,49;58;82;87;91;104,96,32,17.385888,3.402653184,20.788541184,49.285704,20.0,69.285704,True,0,18,False
7,49;58;82;87;91;104;112,112,16,20.327112,3.469762048,23.796874048,24.661104,20.0,44.661104,True,0,18,True
8,49;58;82;87;91;104;112;126,128,0,23.288616,3.536870912,26.825486912,0.0,20.0,46.825486912,True,0,18,False
0,,0,128,0.0,0.0,0.0,197.072304,20.0,217.072304,True,0,19,False
1,10,16,112,2.461056,3.067108864,5.528164864,172.447704,20.0,192.447704,True,0,19,False
2,10;15,32,96,5.406336,3.134217728,8.540553728,147.822168,20.0,167.822168,True,0,19,False
3,10;15;29,48,80,8.421504,3.201326592,11.622830592,123.196632,20.0,143.196632,True,0,19,False
4,10;15;29;52,64,64,11.366784,3.268435456,14.635219456,98.535528,20.0,118.535528,True,0,19,False
5,10;15;29;52;56,80,48,14.381952,3.33554432,17.71749632,73.909992,20.0,93.909992,True,0,19,False
6,10;15;29;52;56;76,96,32,17.385888,3.402653184,20.788541184,49.285704,20.0,69.285704,True,0,19,False
7,10;15;29;52;56;76;102,112,16,20.327112,3.469762048,23.796874048,24.661104,20.0,44.661104,True,0,19,True
8,10;15;29;52;56;76;102;114,128,0,23.288616,3.536870912,26.825486912,0.0,20.0,46.825486912,True,0,19,False
0,,0,128,0.0,0.0,0.0,197.072304,20.0,217.072304,True,0,20,False
1,23,16,112,2.461056,3.067108864,5.528164864,172.447704,20.0,192.447704,True,0,20,False
2,23;48,32,96,5.406336,3.134217728,8.540553728,147.822168,20.0,167.822168,True,0,20,False
3,23;48;53,48,80,8.421504,3.201326592,11.622830592,123.196632,20.0,143.196632,True,0,20,False
4,23;48;53;76,64,64,11.366784,3.268435456,14.635219456,98.535528,20.0,118.535528,True,0,20,False
5,23;48;53;76;85,80,48,14.381952,3.33554432,17.71749632,73.909992,20.0,93.909992,True,0,20,False
6,23;48;53;76;85;92,96,32,17.385888,3.402653184,20.788541184,49.285704,20.0,69.285704,True,0,20,False
7,23;48;53;76;85;92;114,112,16,20.327112,3.469762048,23.796874048,24.661104,20.0,44.661104,True,0,20,True
8,23;48;53;76;85;92;102;114,125,3,23.247432,3.524288,26.77172,4.670016,20.0,46.77172,True,0,20,False
9,23;48;53;76;85;92;102;113;114,128,0,26.303784,3.536870912,29.840654912,0.0,20.0,49.840654912,True,0,20,False
0,,0,128,0.0,0.0,0.0,197.072304,20.0,217.072304,True,0,21,False
1,2,16,112,2.461056,3.067108864,5.528164864,172.447704,20.0,192.447704,True,0,21,False
2,2;6,32,96,5.406336,3.134217728,8.540553728,147.822168,20.0,167.822168,True,0,21,False
3,2;6;11,48,80,8.421504,3.201326592,11.622830592,123.196632,20.0,143.196632,True,0,21,False
4,2;6;11;26,64,64,11.366784,3.268435456,14.635219456,98.535528,20.0,118.535528,True,0,21,False
5,2;6;11;26;38,80,48,14.381952,3.33554432,17.71749632,73.909992,20.0,93.909992,True,0,21,False
6,2;6;11;26;38;63,96,32,17.385888,3.402653184,20.788541184,49.285704,20.0,69.285704,True,0,21,False
7,2;6;11;13;26;38;63,111,17,20.337096,3.465567744,23.802663744,26.217672,20.0,46.217672,True,0,21,True
8,2;6;11;13;26;38;56;63,126,2,23.24868,3.528482304,26.777162304,3.112512,20.0,46.777162304,True,0,21,False
9,2;6;11;13;15;26;38;56;63,128,0,26.303784,3.536870912,29.840654912,0.0,20.0,49.840654912,True,0,21,False
0,,0,128,0.0,0.0,0.0,197.072304,20.0,217.072304,True,0,22,False
1,1,16,112,2.461056,3.067108864,5.528164864,172.447704,20.0,192.447704,True,0,22,False
2,1;12,32,96,5.406336,3.134217728,8.540553728,147.822168,20.0,167.822168,True,0,22,False
3,1;12;36,48,80,8.421504,3.201326592,11.622830592,123.196632,20.0,143.196632,True,0,22,False
4,1;12;36;75,64,64,11.366784,3.268435456,14.635219456,98.535528,20.0,118.535528,True,0,22,False
5,1;12;36;75;92,80,48,14.381952,3.33554432,17.71749632,73.909992,20.0,93.909992,True,0,22,False
6,1;7;12;36;75;92,95,33,17.374656,3.39845888,20.77311488,50.843832,20.0,70.843832,True,0,22,False
7,1;7;12;36;48;75;92,106,22,20.304648,3.444596224,23.749244224,33.89412,20.0,53.89412,True,0,22,False
8,1;6;7;12;36;48;75;92,115,13,23.327304,3.48234496,26.80964896,20.060976,20.0,46.80964896,True,0,22,True
9,1;6;7;12;28;36;48;75;92,122,6,26.24388,3.511705088,29.755585088,9.268896,20.0,49.755585088,True,0,22,False
10,1;6;7;8;12;28;36;48;75;92,126,2,29.209128,3.528482304,32.737610304,3.112512,20.0,52.737610304,True,0,22,False
11,0;1;6;7;8;12;28;36;48;75;92,127,1,32.252064,3.532676608,35.784740608,1.591512,20.0,55.784740608,True,0,22,False
12,0;1;6;7;8;12;28;36;48;75;92;114,128,0,35.209512,3.536870912,38.746382912,0.0,20.0,58.746382912,True,0,22,False
0,,0,128,0.0,0.0,0.0,197.072304,20.0,217.072304,True,0,23,False
1,14,16,112,2.461056,3.067108864,5.528164864,172.447704,20.0,192.447704,True,0,23,False
2,14;31,32,96,5.406336,3.134217728,8.540553728,147.822168,20.0,167.822168,True,0,23,False
3,14;31;36,48,80,8.421504,3.201326592,11.622830592,123.196632,20.0,143.196632,True,0,23,False
4,14;31;36;48,64,64,11.366784,3.268435456,14.635219456,98.535528,20.0,118.535528,True,0,23,False
5,14;31;36;48;65,80,48,14.381952,3.33554432,17.71749632,73.909992,20.0,93.909992,True,0,23,False
6,14;31;36;48;65;81,96,32,17.385888,3.402653184,20.788541184,49.285704,20.0,69.285704,True,0,23,False
7,14;31;36;48;65;81;104,112,16,20.327112,3.469762048,23.796874048,24.661104,20.0,44.661104,True,0,23,True
8,14;31;36;48;65;81;104;121,123,5,23.189712,3.515899392,26.705611392,7.747896,20.0,46.705611392,True,0,23,False
9,14;31;36;48;52;65;81;104;121,126,2,26.263848,3.528482304,29.792330304,3.112512,20.0,49.792330304,True,0,23,False
10,14;31;32;36;48;52;65;81;104;121,128,0,29.249064,3.536870912,32.785934912,0.0,20.0,52.785934912,True,0,23,False
0,,0,128,0.0,0.0,0.0,197.072304,20.0,217.072304,True,0,24,False
1,11,16,112,2.461056,3.067108864,5.528164864,172.447704,20.0,192.447704,True,0,24,False
2,11;18,32,96,5.406336,3.134217728,8.540553728,147.822168,20.0,167.822168,True,0,24,False
3,11;18;20,48,80,8.421504,3.201326592,11.622830592,123.196632,20.0,143.196632,True,0,24,False
4,11;18;20;28,64,64,11.366784,3.268435456,14.635219456,98.535528,20.0,118.535528,True,0,24,False
5,11;18;20;28;47,80,48,14.381952,3.33554432,17.71749632,73.909992,20.0,93.909992,True,0,24,False
6,11;18;20;28;47;57,96,32,17.385888,3.402653184,20.788541184,49.285704,20.0,69.285704,True,0,24,False
7,11;18;20;28;47;57;91,112,16,20.327112,3.469762048,23.796874048,24.661104,20.0,44.661104,True,0,24,True
8,11;18;20;28;47;57;91;108,127,1,23.276448,3.532676608,26.809124608,1.591512,20.0,46.809124608,True,0,24,False
9,11;18;20;28;47;57;59;91;108,128,0,26.303784,3.536870912,29.840654912,0.0,20.0,49.840654912,True,0,24,False
0,,0,128,0.0,0.0,0.0,197.072304,20.0,217.072304,True,0,25,False
1,13,16,112,2.461056,3.067108864,5.528164864,172.447704,20.0,192.447704,True,0,25,False
2,13;34,32,96,5.406336,3.134217728,8.540553728,147.822168,20.0,167.822168,True,0,25,False
3,13;34;72,48,80,8.421504,3.201326592,11.622830592,123.196632,20.0,143.196632,True,0,25,False
4,13;34;72;74,64,64,11.366784,3.268435456,14.635219456,98.535528,20.0,118.535528,True,0,25,False
5,13;34;72;74;108,80,48,14.381952,3.33554432,17.71749632,73.909992,20.0,93.909992,True,0,25,False
6,13;34;72;74;108;110,96,32,17.385888,3.402653184,20.788541184,49.285704,20.0,69.285704,True,0,25,False
7,13;34;72;74;108;110;119,111,17,20.337096,3.465567744,23.802663744,26.217672,20.0,46.217672,True,0,25,True
8,13;34;43;72;74;108;110;119,120,8,23.225904,3.50331648,26.72922048,12.347712,20.0,46.72922048,True,0,25,False
9,13;34;43;72;74;97;108;110;119,127,1,26.291616,3.532676608,29.824292608,1.591512,20.0,49.824292608,True,0,25,False
10,13;34;43;72;74;97;108;110;119;126,128,0,29.249064,3.536870912,32.785934912,0.0,20.0,52.785934912,True,0,25,False
0,,0,128,0.0,0.0,0.0,197.072304,20.0,217.072304,True,0,26,False
1,2,16,112,2.461056,3.067108864,5.528164864,172.447704,20.0,192.447704,True,0,26,False
2,2;29,32,96,5.406336,3.134217728,8.540553728,147.822168,20.0,167.822168,True,0,26,False
3,2;29;49,48,80,8.421504,3.201326592,11.622830592,123.196632,20.0,143.196632,True,0,26,False
4,2;29;49;61,64,64,11.366784,3.268435456,14.635219456,98.535528,20.0,118.535528,True,0,26,False
5,2;29;49;61;72,80,48,14.381952,3.33554432,17.71749632,73.909992,20.0,93.909992,True,0,26,False
6,2;29;49;61;72;116,96,32,17.385888,3.402653184,20.788541184,49.285704,20.0,69.285704,True,0,26,False
7,2;29;49;61;72;116;121,112,16,20.327112,3.469762048,23.796874048,24.661104,20.0,44.661104,True,0,26,True
8,2;29;49;61;72;97;116;121,122,6,23.228712,3.511705088,26.740417088,9.268896,20.0,46.740417088,True,0,26,False
9,2;29;49;61;72;89;97;116;121,126,2,26.263848,3.528482304,29.792330304,3.112512,20.0,49.792330304,True,0,26,False
10,2;19;29;49;61;72;89;97;116;121,128,0,29.249064,3.536870912,32.785934912,0.0,20.0,52.785934912,True,0,26,False
0,,0,128,0.0,0.0,0.0,197.072304,20.0,217.072304,True,0,27,False
1,26,16,112,2.461056,3.067108864,5.528164864,172.447704,20.0,192.447704,True,0,27,False
2,26;27,32,96,5.406336,3.134217728,8.540553728,147.822168,20.0,167.822168,True,0,27,False
3,26;27;50,48,80,8.421504,3.201326592,11.622830592,123.196632,20.0,143.196632,True,0,27,False
4,26;27;50;63,64,64,11.366784,3.268435456,14.635219456,98.535528,20.0,118.535528,True,0,27,False
5,26;27;50;63;84,80,48,14.381952,3.33554432,17.71749632,73.909992,20.0,93.909992,True,0,27,False
6,26;27;50;63;84;88,96,32,17.385888,3.402653184,20.788541184,49.285704,20.0,69.285704,True,0,27,False
7,26;27;50;63;84;88;118,112,16,20.327112,3.469762048,23.796874048,24.661104,20.0,44.661104,True,0,27,True
8,26;27;50;63;79;84;88;118,123,5,23.189712,3.515899392,26.705611392,7.747896,20.0,46.705611392,True,0,27,False
9,11;26;27;50;63;79;84;88;118,128,0,26.303784,3.536870912,29.840654912,0.0,20.0,49.840654912,True,0,27,False
0,,0,128,0.0,0.0,0.0,197.072304,20.0,217.072304,True,0,28,False
1,10,16,112,2.461056,3.067108864,5.528164864,172.447704,20.0,192.447704,True,0,28,False
2,10;42,32,96,5.406336,3.134217728,8.540553728,147.822168,20.0,167.822168,True,0,28,False
3,10;42;53,48,80,8.421504,3.201326592,11.622830592,123.196632,20.0,143.196632,True,0,28,False
4,10;42;53;70,64,64,11.366784,3.268435456,14.635219456,98.535528,20.0,118.535528,True,0,28,False
5,10;42;53;70;91,80,48,14.381952,3.33554432,17.71749632,73.909992,20.0,93.909992,True,0,28,False
6,10;42;53;70;91;98,96,32,17.385888,3.402653184,20.788541184,49.285704,20.0,69.285704,True,0,28,False
7,10;42;53;70;91;98;107,112,16,20.327112,3.469762048,23.796874048,24.661104,20.0,44.661104,True,0,28,True
8,10;42;53;70;91;98;107;122,128,0,23.288616,3.536870912,26.825486912,0.0,20.0,46.825486912,True,0,28,False
0,,0,128,0.0,0.0,0.0,197.072304,20.0,217.072304,True,0,29,False
1,3,16,112,2.461056,3.067108864,5.528164864,172.447704,20.0,192.447704,True,0,29,False
2,3;13,32,96,5.406336,3.134217728,8.540553728,147.822168,20.0,167.822168,True,0,29,False
3,3;13;34,48,80,8.421504,3.201326592,11.622830592,123.196632,20.0,143.196632,True,0,29,False
4,3;13;34;37,64,64,11.366784,3.268435456,14.635219456,98.535528,20.0,118.535528,True,0,29,False
5,3;13;34;37;61,80,48,14.381952,3.33554432,17.71749632,73.909992,20.0,93.909992,True,0,29,False
6,3;13;34;37;61;105,96,32,17.385888,3.402653184,20.788541184,49.285704,20.0,69.285704,True,0,29,False
7,3;13;34;37;61;105;124,112,16,20.327112,3.469762048,23.796874048,24.661104,20.0,44.661104,True,0,29,True
8,3;13;34;37;51;61;105;124,124,4,23.221536,3.520093696,26.741629696,6.190392,20.0,46.741629696,True,0,29,False
9,3;13;34;37;51;59;61;105;124,127,1,26.291616,3.532676608,29.824292608,1.591512,20.0,49.824292608,True,0,29,False
10,3;13;34;37;51;59;61;95;105;124,128,0,29.249064,3.536870912,32.785934912,0.0,20.0,52.785934912,True,0,29,False
0,,0,128,0.0,0.0,0.0,197.072304,20.0,217.072304,True,0,30,False
1,6,16,112,2.461056,3.067108864,5.528164864,172.447704,20.0,192.447704,True,0,30,False
2,6;48,32,96,5.406336,3.134217728,8.540553728,147.822168,20.0,167.822168,True,0,30,False
3,6;48;58,48,80,8.421504,3.201326592,11.622830592,123.196632,20.0,143.196632,True,0,30,False
4,6;48;58;91,64,64,11.366784,3.268435456,14.635219456,98.535528,20.0,118.535528,True,0,30,False
5,6;48;58;91;93,80,48,14.381952,3.33554432,17.71749632,73.909992,20.0,93.909992,True,0,30,False
6,6;48;58;91;93;120,96,32,17.385888,3.402653184,20.788541184,49.285704,20.0,69.285704,True,0,30,False
7,6;48;58;91;93;120;126,112,16,20.327112,3.469762048,23.796874048,24.661104,20.0,44.661104,True,0,30,True
8,6;48;58;65;91;93;120;126,118,10,23.20656,3.494927872,26.701487872,15.426216,20.0,46.701487872,True,0,30,False
9,6;48;58;62;65;91;93;120;126,122,6,26.24388,3.511705088,29.755585088,9.268896,20.0,49.755585088,True,0,30,False
10,6;48;58;62;65;84;91;93;120;126,126,2,29.209128,3.528482304,32.737610304,3.112512,20.0,52.737610304,True,0,30,False
11,6;48;58;62;65;84;91;93;104;120;126,128,0,32.264232,3.536870912,35.801102912,0.0,20.0,55.801102912,True,0,30,False
0,,0,128,0.0,0.0,0.0,197.072304,20.0,217.072304,True,0,31,False
1,24,16,112,2.461056,3.067108864,5.528164864,172.447704,20.0,192.447704,True,0,31,False
2,24;41,32,96,5.406336,3.134217728,8.540553728,147.822168,20.0,167.822168,True,0,31,False
3,24;41;56,48,80,8.421504,3.201326592,11.622830592,123.196632,20.0,143.196632,True,0,31,False
4,24;41;56;72,64,64,11.366784,3.268435456,14.635219456,98.535528,20.0,118.535528,True,0,31,False
5,24;41;56;72;102,80,48,14.381952,3.33554432,17.71749632,73.909992,20.0,93.909992,True,0,31,False
6,24;38;41;56;72;102,95,33,17.374656,3.39845888,20.77311488,50.843832,20.0,70.843832,True,0,31,False
7,24;38;41;56;72;102;114,106,22,20.304648,3.444596224,23.749244224,33.89412,20.0,53.89412,True,0,31,False
8,11;24;38;41;56;72;102;114,115,13,23.327304,3.48234496,26.80964896,20.060976,20.0,46.80964896,True,0,31,True
9,10;11;24;38;41;56;72;102;114,121,7,26.20176,3.507510784,29.709270784,10.827336,20.0,49.709270784,True,0,31,False
10,10;11;24;36;38;41;56;72;102;114,124,4,29.181984,3.520093696,32.702077696,6.190392,20.0,52.702077696,True,0,31,False
11,10;11;24;36;38;41;56;72;84;102;114,127,1,32.252064,3.532676608,35.784740608,1.591512,20.0,55.784740608,True,0,31,False
12,10;11;24;36;38;41;56;72;84;87;102;114,128,0,35.209512,3.536870912,38.746382912,0.0,20.0,58.746382912,True,0,31,False
0,,0,128,0.0,0.0,0.0,197.072304,20.0,217.072304,True,0,32,False
1,10,16,112,2.461056,3.067108864,5.528164864,172.447704,20.0,192.447704,True,0,32,False
2,10;50,32,96,5.406336,3.134217728,8.540553728,147.822168,20.0,167.822168,True,0,32,False
3,10;50;76,48,80,8.421504,3.201326592,11.622830592,123.196632,20.0,143.196632,True,0,32,False
4,10;50;76;83,64,64,11.366784,3.268435456,14.635219456,98.535528,20.0,118.535528,True,0,32,False
5,10;50;76;83;85,80,48,14.381952,3.33554432,17.71749632,73.909992,20.0,93.909992,True,0,32,False
6,10;50;76;83;85;90,96,32,17.385888,3.402653184,20.788541184,49.285704,20.0,69.285704,True,0,32,False
7,10;50;76;83;85;90;118,112,16,20.327112,3.469762048,23.796874048,24.661104,20.0,44.661104,True,0,32,True
8,10;48;50;76;83;85;90;118,125,3,23.247432,3.524288,26.77172,4.670016,20.0,46.77172,True,0,32,False
9,10;11;48;50;76;83;85;90;118,126,2,26.263848,3.528482304,29.792330304,3.112512,20.0,49.792330304,True,0,32,False
10,10;11;48;50;75;76;83;85;90;118,127,1,29.236896,3.532676608,32.769572608,1.591512,20.0,52.769572608,True,0,32,False
11,10;11;48;50;75;76;83;85;90;102;118,128,0,32.264232,3.536870912,35.801102912,0.0,20.0,55.801102912,True,0,32,False
0,,0,128,0.0,0.0,0.0,197.072304,20.0,217.072304,True,0,33,False
1,4,16,112,2.461056,3.067108864,5.528164864,172.447704,20.0,192.447704,True,0,33,False
2,4;11,32,96,5.406336,3.134217728,8.540553728,147.822168,20.0,167.822168,True,0,33,False
3,4;11;15,48,80,8.421504,3.201326592,11.622830592,123.196632,20.0,143.196632,True,0,33,False
4,4;11;15;26,64,64,11.366784,3.268435456,14.635219456,98.535528,20.0,118.535528,True,0,33,False
5,4;11;15;26;38,80,48,14.381952,3.33554432,17.71749632,73.909992,20.0,93.909992,True,0,33,False
6,4;11;15;26;38;53,96,32,17.385888,3.402653184,20.788541184,49.285704,20.0,69.285704,True,0,33,False
7,4;11;15;26;38;53;63,112,16,20.327112,3.469762048,23.796874048,24.661104,20.0,44.661104,True,0,33,True
8,4;11;15;26;38;44;53;63,127,1,23.276448,3.532676608,26.809124608,1.591512,20.0,46.809124608,True,0,33,False
9,4;11;13;15;26;38;44;53;63,128,0,26.303784,3.536870912,29.840654912,0.0,20.0,49.840654912,True,0,33,False
0,,0,128,0.0,0.0,0.0,197.072304,20.0,217.072304,True,0,34,False
1,1,16,112,2.461056,3.067108864,5.528164864,172.447704,20.0,192.447704,True,0,34,False
2,1;28,32,96,5.406336,3.134217728,8.540553728,147.822168,20.0,167.822168,True,0,34,False
3,1;28;42,48,80,8.421504,3.201326592,11.622830592,123.196632,20.0,143.196632,True,0,34,False
4,1;28;42;75,64,64,11.366784,3.268435456,14.635219456,98.535528,20.0,118.535528,True,0,34,False
5,1;28;42;75;81,80,48,14.381952,3.33554432,17.71749632,73.909992,20.0,93.909992,True,0,34,False
6,1;28;42;75;81;84,96,32,17.385888,3.402653184,20.788541184,49.285704,20.0,69.285704,True,0,34,False
7,1;28;42;75;81;84;92,112,16,20.327112,3.469762048,23.796874048,24.661104,20.0,44.661104,True,0,34,True
8,1;28;42;75;81;84;92;114,119,9,23.25336,3.499122176,26.752482176,13.904904,20.0,46.752482176,True,0,34,False
9,1;5;28;42;75;81;84;92;114,125,3,26.2626,3.524288,29.786888,4.670016,20.0,49.786888,True,0,34,False
10,0;1;5;28;42;75;81;84;92;114,128,0,29.249064,3.536870912,32.785934912,0.0,20.0,52.785934912,True,0,34,False
0,,0,128,0.0,0.0,0.0,197.072304,20.0,217.072304,True,0,35,False
1,17,16,112,2.461056,3.067108864,5.528164864,172.447704,20.0,192.447704,True,0,35,False
2,17;28,32,96,5.406336,3.134217728,8.540553728,147.822168,20.0,167.822168,True,0,35,False
3,17;28;31,48,80,8.421504,3.201326592,11.622830592,123.196632,20.0,143.196632,True,0,35,False
4,17;28;31;32,64,64,11.366784,3.268435456,14.635219456,98.535528,20.0,118.535528,True,0,35,False
5,17;28;31;32;104,80,48,14.381952,3.33554432,17.71749632,73.909992,20.0,93.909992,True,0,35,False
6,17;28;31;32;104;110,96,32,17.385888,3.402653184,20.788541184,49.285704,20.0,69.285704,True,0,35,False
7,17;28;31;32;104;110;120,109,19,20.378592,3.457179136,23.835771136,29.296488,20.0,49.296488,True,0,35,False
8,15;17;28;31;32;104;110;120,120,8,23.225904,3.50331648,26.72922048,12.347712,20.0,46.72922048,True,0,35,True
9,15;17;28;31;32;65;104;110;120,126,2,26.263848,3.528482304,29.792330304,3.112512,20.0,49.792330304,True,0,35,False
10,15;17;28;31;32;62;65;104;110;120,128,0,29.249064,3.536870912,32.785934912,0.0,20.0,52.785934912,True,0,35,False
0,,0,128,0.0,0.0,0.0,197.072304,20.0,217.072304,True,0,36,False
1,11,16,112,2.461056,3.067108864,5.528164864,172.447704,20.0,192.447704,True,0,36,False
2,11;18,32,96,5.406336,3.134217728,8.540553728,147.822168,20.0,167.822168,True,0,36,False
3,11;18;28,48,80,8.421504,3.201326592,11.622830592,123.196632,20.0,143.196632,True,0,36,False
4,11;18;28;33,64,64,11.366784,3.268435456,14.635219456,98.535528,20.0,118.535528,True,0,36,False
5,11;18;28;33;47,80,48,14.381952,3.33554432,17.71749632,73.909992,20.0,93.909992,True,0,36,False
6,11;18;28;33;47;57,96,32,17.385888,3.402653184,20.788541184,49.285704,20.0,69.285704,True,0,36,False
7,11;18;28;33;47;57;62,112,16,20.327112,3.469762048,23.796874048,24.661104,20.0,44.661104,True,0,36,True
8,11;18;28;33;47;57;62;109,128,0,23.288616,3.536870912,26.825486912,0.0,20.0,46.825486912,True,0,36,False
0,,0,128,0.0,0.0,0.0,197.072304,20.0,217.072304,True,0,37,False
1,27,16,112,2.461056,3.067108864,5.528164864,172.447704,20.0,192.447704,True,0,37,False
2,27;34,32,96,5.406336,3.134217728,8.540553728,147.822168,20.0,167.822168,True,0,37,False
3,27;34;72,48,80,8.421504,3.201326592,11.622830592,123.196632,20.0,143.196632,True,0,37,False
4,27;34;72;91,64,64,11.366784,3.268435456,14.635219456,98.535528,20.0,118.535528,True,0,37,False
5,27;34;72;91;110,80,48,14.381952,3.33554432,17.71749632,73.909992,20.0,93.909992,True,0,37,False
6,27;34;72;91;110;122,96,32,17.385888,3.402653184,20.788541184,49.285704,20.0,69.285704,True,0,37,False
7,27;34;72;85;91;110;122,111,17,20.337096,3.465567744,23.802663744,26.217672,20.0,46.217672,True,0,37,True
8,27;34;72;85;86;91;110;122,126,2,23.24868,3.528482304,26.777162304,3.112512,20.0,46.777162304,True,0,37,False
9,27;34;72;85;86;91;97;110;122,128,0,26.303784,3.536870912,29.840654912,0.0,20.0,49.840654912,True,0,37,False
0,,0,128,0.0,0.0,0.0,197.072304,20.0,217.072304,True,0,38,False
1,2,16,112,2.461056,3.067108864,5.528164864,172.447704,20.0,192.447704,True,0,38,False
2,2;19,32,96,5.406336,3.134217728,8.540553728,147.822168,20.0,167.822168,True,0,38,False
3,2;19;49,48,80,8.421504,3.201326592,11.622830592,123.196632,20.0,143.196632,True,0,38,False
4,2;19;49;91,64,64,11.366784,3.268435456,14.635219456,98.535528,20.0,118.535528,True,0,38,False
5,2;19;49;91;116,80,48,14.381952,3.33554432,17.71749632,73.909992,20.0,93.909992,True,0,38,False
6,2;19;49;91;116;121,96,32,17.385888,3.402653184,20.788541184,49.285704,20.0,69.285704,True,0,38,False
7,2;19;49;91;113;116;121,109,19,20.378592,3.457179136,23.835771136,29.296488,20.0,49.296488,True,0,38,False
8,2;19;29;49;91;113;116;121,120,8,23.225904,3.50331648,26.72922048,12.347712,20.0,46.72922048,True,0,38,True
9,2;19;29;49;91;110;113;116;121,127,1,26.291616,3.532676608,29.824292608,1.591512,20.0,49.824292608,True,0,38,False
10,2;19;29;49;91;109;110;113;116;121,128,0,29.249064,3.536870912,32.785934912,0.0,20.0,52.785934912,True,0,38,False
0,,0,128,0.0,0.0,0.0,197.072304,20.0,217.072304,True,0,39,False
1,14,16,112,2.461056,3.067108864,5.528164864,172.447704,20.0,192.447704,True,0,39,False
2,14;48,32,96,5.406336,3.134217728,8.540553728,147.822168,20.0,167.822168,True,0,39,False
3,14;48;63,48,80,8.421504,3.201326592,11.622830592,123.196632,20.0,143.196632,True,0,39,False
4,14;48;63;84,64,64,11.366784,3.268435456,14.635219456,98.535528,20.0,118.535528,True,0,39,False
5,14;48;63;84;118,79,49,14.381952,3.331350016,17.713302016,75.467496,20.0,95.467496,True,0,39,False
6,14;16;48;63;84;118,92,36,17.3784,3.385875968,20.764275968,55.442088,20.0,75.442088,True,0,39,False
7,14;16;48;50;63;84;118,105,23,20.368296,3.44040192,23.80869792,35.451936,20.0,55.451936,True,0,39,False
8,14;16;48;50;63;79;84;118,118,10,23.20656,3.494927872,26.701487872,15.426216,20.0,46.701487872,True,0,39,True
9,14;16;33;48;50;63;79;84;118,128,0,26.303784,3.536870912,29.840654912,0.0,20.0,49.840654912,True,0,39,False
0,,0,128,0.0,0.0,0.0,197.072304,20.0,217.072304,True,0,40,False
1,10,16,112,2.461056,3.067108864,5.528164864,172.447704,20.0,192.447704,True,0,40,False
2,10;19,32,96,5.406336,3.134217728,8.540553728,147.822168,20.0,167.822168,True,0,40,False
3,10;19;46,48,80,8.421504,3.201326592,11.622830592,123.196632,20.0,143.196632,True,0,40,False
4,10;19;46;53,64,64,11.366784,3.268435456,14.635219456,98.535528,20.0,118.535528,True,0,40,False
5,10;19;46;53;97,80,48,14.381952,3.33554432,17.71749632,73.909992,20.0,93.909992,True,0,40,False
6,10;19;46;53;97;98,96,32,17.385888,3.402653184,20.788541184,49.285704,20.0,69.285704,True,0,40,False
7,10;19;46;53;97;98;122,112,16,20.327112,3.469762048,23.796874048,24.661104,20.0,44.661104,True,0,40,True
8,10;19;34;46;53;97;98;122,120,8,23.225904,3.50331648,26.72922048,12.347712,20.0,46.72922048,True,0,40,False
9,10;19;33;34;46;53;97;98;122,124,4,26.236704,3.520093696,29.756797696,6.190392,20.0,49.756797696,True,0,40,False
10,10;19;33;34;46;50;53;97;98;122,127,1,29.236896,3.532676608,32.769572608,1.591512,20.0,52.769572608,True,0,40,False
11,10;19;33;34;46;48;50;53;97;98;122,128,0,32.264232,3.536870912,35.801102912,0.0,20.0,55.801102912,True,0,40,False
0,,0,128,0.0,0.0,0.0,197.072304,20.0,217.072304,True,0,41,False
1,34,16,112,2.461056,3.067108864,5.528164864,172.447704,20.0,192.447704,True,0,41,False
2,34;72,32,96,5.406336,3.134217728,8.540553728,147.822168,20.0,167.822168,True,0,41,False
3,34;72;80,48,80,8.421504,3.201326592,11.622830592,123.196632,20.0,143.196632,True,0,41,False
4,34;72;80;100,64,64,11.366784,3.268435456,14.635219456,98.535528,20.0,118.535528,True,0,41,False
5,34;72;80;100;105,80,48,14.381952,3.33554432,17.71749632,73.909992,20.0,93.909992,True,0,41,False
6,34;72;80;100;105;124,96,32,17.385888,3.402653184,20.788541184,49.285704,20.0,69.285704,True,0,41,False
7,10;34;72;80;100;105;124,109,19,20.378592,3.457179136,23.835771136,29.296488,20.0,49.296488,True,0,41,False
8,10;34;61;72;80;100;105;124,121,7,23.186592,3.507510784,26.694102784,10.827336,20.0,46.694102784,True,0,41,True
9,10;34;61;72;80;100;105;123;124,125,3,26.2626,3.524288,29.786888,4.670016,20.0,49.786888,True,0,41,False
10,10;34;61;72;80;100;105;116;123;124,128,0,29.249064,3.536870912,32.785934912,0.0,20.0,52.785934912,True,0,41,False
0,,0,128,0.0,0.0,0.0,197.072304,20.0,217.072304,True,0,42,False
1,30,16,112,2.461056,3.067108864,5.528164864,172.447704,20.0,192.447704,True,0,42,False
2,30;39,32,96,5.406336,3.134217728,8.540553728,147.822168,20.0,167.822168,True,0,42,False
3,30;39;43,48,80,8.421504,3.201326592,11.622830592,123.196632,20.0,143.196632,True,0,42,False
4,30;39;43;50,64,64,11.366784,3.268435456,14.635219456,98.535528,20.0,118.535528,True,0,42,False
5,30;39;43;50;66,80,48,14.381952,3.33554432,17.71749632,73.909992,20.0,93.909992,True,0,42,False
6,30;39;43;50;66;76,96,32,17.385888,3.402653184,20.788541184,49.285704,20.0,69.285704,True,0,42,False
7,30;39;43;50;66;76;88,112,16,20.327112,3.469762048,23.796874048,24.661104,20.0,44.661104,True,0,42,True
8,30;39;43;50;58;66;76;88,122,6,23.228712,3.511705088,26.740417088,9.268896,20.0,46.740417088,True,0,42,False
9,14;30;39;43;50;58;66;76;88,125,3,26.2626,3.524288,29.786888,4.670016,20.0,49.786888,True,0,42,False
10,14;30;39;43;50;58;66;76;88;112,128,0,29.249064,3.536870912,32.785934912,0.0,20.0,52.785934912,True,0,42,False
0,,0,128,0.0,0.0,0.0,197.072304,20.0,217.072304,True,0,43,False
1,10,16,112,2.461056,3.067108864,5.528164864,172.447704,20.0,192.447704,True,0,43,False
2,10;11,32,96,5.406336,3.134217728,8.540553728,147.822168,20.0,167.822168,True,0,43,False
3,10;11;92,48,80,8.421504,3.201326592,11.622830592,123.196632,20.0,143.196632,True,0,43,False
4,10;11;92;94,64,64,11.366784,3.268435456,14.635219456,98.535528,20.0,118.535528,True,0,43,False
5,10;11;92;94;96,80,48,14.381952,3.33554432,17.71749632,73.909992,20.0,93.909992,True,0,43,False
6,10;11;92;94;96;98,96,32,17.385888,3.402653184,20.788541184,49.285704,20.0,69.285704,True,0,43,False
7,10;11;92;94;96;98;99,112,16,20.327112,3.469762048,23.796874048,24.661104,20.0,44.661104,True,0,43,True
8,10;11;92;94;96;98;99;123,121,7,23.186592,3.507510784,26.694102784,10.827336,20.0,46.694102784,True,0,43,False
9,10;11;69;92;94;96;98;99;123,128,0,26.303784,3.536870912,29.840654912,0.0,20.0,49.840654912,True,0,43,False
0,,0,128,0.0,0.0,0.0,197.072304,20.0,217.072304,True,0,44,False
1,15,16,112,2.461056,3.067108864,5.528164864,172.447704,20.0,192.447704,True,0,44,False
2,15;50,32,96,5.406336,3.134217728,8.540553728,147.822168,20.0,167.822168,True,0,44,False
3,15;50;79,48,80,8.421504,3.201326592,11.622830592,123.196632,20.0,143.196632,True,0,44,False
4,15;50;79;113,64,64,11.366784,3.268435456,14.635219456,98.535528,20.0,118.535528,True,0,44,False
5,15;50;79;113;127,80,48,14.381952,3.33554432,17.71749632,73.909992,20.0,93.909992,True,0,44,False
6,15;19;50;79;113;127,95,33,17.374656,3.39845888,20.77311488,50.843832,20.0,70.843832,True,0,44,False
7,15;19;40;50;79;113;127,110,18,20.296224,3.46137344,23.75759744,27.738672,20.0,47.738672,True,0,44,False
8,15;19;40;50;63;79;113;127,122,6,23.228712,3.511705088,26.740417088,9.268896,20.0,46.740417088,True,0,44,True
9,15;19;40;49;50;63;79;113;127,125,3,26.2626,3.524288,29.786888,4.670016,20.0,49.786888,True,0,44,False
10,15;19;40;49;50;63;79;107;113;127,128,0,29.249064,3.536870912,32.785934912,0.0,20.0,52.785934912,True,0,44,False
0,,0,128,0.0,0.0,0.0,197.072304,20.0,217.072304,True,0,45,False
1,4,16,112,2.461056,3.067108864,5.528164864,172.447704,20.0,192.447704,True,0,45,False
2,4;18,32,96,5.406336,3.134217728,8.540553728,147.822168,20.0,167.822168,True,0,45,False
3,4;18;53,48,80,8.421504,3.201326592,11.622830592,123.196632,20.0,143.196632,True,0,45,False
4,4;18;53;65,64,64,11.366784,3.268435456,14.635219456,98.535528,20.0,118.535528,True,0,45,False
5,4;18;53;65;86,80,48,14.381952,3.33554432,17.71749632,73.909992,20.0,93.909992,True,0,45,False
6,4;18;53;65;86;98,96,32,17.385888,3.402653184,20.788541184,49.285704,20.0,69.285704,True,0,45,False
7,4;18;53;65;86;98;121,112,16,20.327112,3.469762048,23.796874048,24.661104,20.0,44.661104,True,0,45,True
8,4;18;53;65;86;98;113;121,126,2,23.24868,3.528482304,26.777162304,3.112512,20.0,46.777162304,True,0,45,False
9,4;18;39;53;65;86;98;113;121,127,1,26.291616,3.532676608,29.824292608,1.591512,20.0,49.824292608,True,0,45,False
10,4;18;39;53;65;86;98;113;121;127,128,0,29.249064,3.536870912,32.785934912,0.0,20.0,52.785934912,True,0,45,False
0,,0,128,0.0,0.0,0.0,197.072304,20.0,217.072304,True,0,46,False
1,4,16,112,2.461056,3.067108864,5.528164864,172.447704,20.0,192.447704,True,0,46,False
2,4;48,32,96,5.406336,3.134217728,8.540553728,147.822168,20.0,167.822168,True,0,46,False
3,4;48;76,48,80,8.421504,3.201326592,11.622830592,123.196632,20.0,143.196632,True,0,46,False
4,4;48;76;90,64,64,11.366784,3.268435456,14.635219456,98.535528,20.0,118.535528,True,0,46,False
5,4;18;48;76;90,79,49,14.381952,3.331350016,17.713302016,75.467496,20.0,95.467496,True,0,46,False
6,4;18;41;48;76;90,94,34,17.350632,3.394264576,20.744896576,52.364208,20.0,72.364208,True,0,46,False
7,4;18;41;43;48;76;90,108,20,20.312136,3.452984832,23.765120832,30.816864,20.0,50.816864,True,0,46,False
8,4;18;41;43;46;48;76;90,118,10,23.20656,3.494927872,26.701487872,15.426216,20.0,46.701487872,True,0,46,True
9,4;18;41;43;46;48;74;76;90,128,0,26.303784,3.536870912,29.840654912,0.0,20.0,49.840654912,True,0,46,False
0,,0,128,0.0,0.0,0.0,197.072304,20.0,217.072304,True,0,47,False
1,14,16,112,2.461056,3.067108864,5.528164864,172.447704,20.0,192.447704,True,0,47,False
2,14;46,32,96,5.406336,3.134217728,8.540553728,147.822168,20.0,167.822168,True,0,47,False
3,14;46;54,48,80,8.421504,3.201326592,11.622830592,123.196632,20.0,143.196632,True,0,47,False
4,14;46;54;58,64,64,11.366784,3.268435456,14.635219456,98.535528,20.0,118.535528,True,0,47,False
5,14;46;54;58;65,80,48,14.381952,3.33554432,17.71749632,73.909992,20.0,93.909992,True,0,47,False
6,14;46;54;58;65;79,96,32,17.385888,3.402653184,20.788541184,49.285704,20.0,69.285704,True,0,47,False
7,14;46;54;58;65;79;110,112,16,20.327112,3.469762048,23.796874048,24.661104,20.0,44.661104,True,0,47,True
8,14;41;46;54;58;65;79;110,121,7,23.186592,3.507510784,26.694102784,10.827336,20.0,46.694102784,True,0,47,False
9,14;41;46;54;55;58;65;79;110,127,1,26.291616,3.532676608,29.824292608,1.591512,20.0,49.824292608,True,0,47,False
10,14;41;46;54;55;58;65;79;109;110,128,0,29.249064,3.536870912,32.785934912,0.0,20.0,52.785934912,True,0,47,False
0,,0,128,0.0,0.0,0.0,197.072304,20.0,217.072304,True,1,0,False
1,14,16,112,2.461056,3.067108864,5.528164864,172.447704,20.0,192.447704,True,1,0,False
2,14;31,32,96,5.406336,3.134217728,8.540553728,147.822168,20.0,167.822168,True,1,0,False
3,14;31;43,48,80,8.421504,3.201326592,11.622830592,123.196632,20.0,143.196632,True,1,0,False
4,14;31;43;63,64,64,11.366784,3.268435456,14.635219456,98.535528,20.0,118.535528,True,1,0,False
5,14;31;43;63;83,80,48,14.381952,3.33554432,17.71749632,73.909992,20.0,93.909992,True,1,0,False
6,14;31;43;63;83;93,96,32,17.385888,3.402653184,20.788541184,49.285704,20.0,69.285704,True,1,0,False
7,14;31;43;63;83;93;97,112,16,20.327112,3.469762048,23.796874048,24.661104,20.0,44.661104,True,1,0,True
8,14;31;43;63;83;93;97;120,128,0,23.288616,3.536870912,26.825486912,0.0,20.0,46.825486912,True,1,0,False
0,,0,128,0.0,0.0,0.0,197.072304,20.0,217.072304,True,1,1,False
1,8,16,112,2.461056,3.067108864,5.528164864,172.447704,20.0,192.447704,True,1,1,False
2,8;26,32,96,5.406336,3.134217728,8.540553728,147.822168,20.0,167.822168,True,1,1,False
3,8;26;33,48,80,8.421504,3.201326592,11.622830592,123.196632,20.0,143.196632,True,1,1,False
4,8;26;33;34,64,64,11.366784,3.268435456,14.635219456,98.535528,20.0,118.535528,True,1,1,False
5,8;26;33;34;41,80,48,14.381952,3.33554432,17.71749632,73.909992,20.0,93.909992,True,1,1,False
6,8;26;33;34;41;42,96,32,17.385888,3.402653184,20.788541184,49.285704,20.0,69.285704,True,1,1,False
7,8;26;33;34;41;42;124,112,16,20.327112,3.469762048,23.796874048,24.661104,20.0,44.661104,True,1,1,True
8,8;26;33;34;41;42;124;126,128,0,23.288616,3.536870912,26.825486912,0.0,20.0,46.825486912,True,1,1,False
0,,0,128,0.0,0.0,0.0,197.072304,20.0,217.072304,True,1,2,False
1,10,16,112,2.461056,3.067108864,5.528164864,172.447704,20.0,192.447704,True,1,2,False
2,10;53,32,96,5.406336,3.134217728,8.540553728,147.822168,20.0,167.822168,True,1,2,False
3,10;53;56,48,80,8.421504,3.201326592,11.622830592,123.196632,20.0,143.196632,True,1,2,False
4,10;53;56;62,64,64,11.366784,3.268435456,14.635219456,98.535528,20.0,118.535528,True,1,2,False
5,10;53;56;62;67,80,48,14.381952,3.33554432,17.71749632,73.909992,20.0,93.909992,True,1,2,False
6,10;53;56;62;67;72,96,32,17.385888,3.402653184,20.788541184,49.285704,20.0,69.285704,True,1,2,False
7,10;53;56;62;67;72;92,112,16,20.327112,3.469762048,23.796874048,24.661104,20.0,44.661104,True,1,2,True
8,10;53;56;62;67;72;92;123,128,0,23.288616,3.536870912,26.825486912,0.0,20.0,46.825486912,True,1,2,False
0,,0,128,0.0,0.0,0.0,197.072304,20.0,217.072304,True,1,3,False
1,46,16,112,2.461056,3.067108864,5.528164864,172.447704,20.0,192.447704,True,1,3,False
2,46;56,32,96,5.406336,3.134217728,8.540553728,147.822168,20.0,167.822168,True,1,3,False
3,46;56;99,48,80,8.421504,3.201326592,11.622830592,123.196632,20.0,143.196632,True,1,3,False
4,46;56;99;101,64,64,11.366784,3.268435456,14.635219456,98.535528,20.0,118.535528,True,1,3,False
5,46;56;99;101;108,80,48,14.381952,3.33554432,17.71749632,73.909992,20.0,93.909992,True,1,3,False
6,46;56;99;101;108;114,96,32,17.385888,3.402653184,20.788541184,49.285704,20.0,69.285704,True,1,3,False
7,23;46;56;99;101;108;114,107,21,20.380464,3.448790528,23.829254528,32.374368,20.0,52.374368,True,1,3,False
8,23;46;56;80;99;101;108;114,116,12,23.220912,3.486539264,26.707451264,18.504096,20.0,46.707451264,True,1,3,True
9,23;46;56;69;80;99;101;108;114,121,7,26.20176,3.507510784,29.709270784,10.827336,20.0,49.709270784,True,1,3,False
10,23;46;56;67;69;80;99;101;108;114,124,4,29.181984,3.520093696,32.702077696,6.190392,20.0,52.702077696,True,1,3,False
11,23;46;51;56;67;69;80;99;101;108;114,126,2,32.224296,3.528482304,35.752778304,3.112512,20.0,55.752778304,True,1,3,False
12,23;46;51;56;67;69;80;87;99;101;108;114,128,0,35.209512,3.536870912,38.746382912,0.0,20.0,58.746382912,True,1,3,False
0,,0,128,0.0,0.0,0.0,197.072304,20.0,217.072304,True,1,4,False
1,12,16,112,2.461056,3.067108864,5.528164864,172.447704,20.0,192.447704,True,1,4,False
2,12;43,32,96,5.406336,3.134217728,8.540553728,147.822168,20.0,167.822168,True,1,4,False
3,12;43;65,48,80,8.421504,3.201326592,11.622830592,123.196632,20.0,143.196632,True,1,4,False
4,12;43;65;100,64,64,11.366784,3.268435456,14.635219456,98.535528,20.0,118.535528,True,1,4,False
5,12;43;65;100;108,80,48,14.381952,3.33554432,17.71749632,73.909992,20.0,93.909992,True,1,4,False
6,12;43;65;100;108;110,96,32,17.385888,3.402653184,20.788541184,49.285704,20.0,69.285704,True,1,4,False
7,12;43;65;100;107;108;110,110,18,20.296224,3.46137344,23.75759744,27.738672,20.0,47.738672,True,1,4,False
8,12;43;65;100;107;108;110;127,121,7,23.186592,3.507510784,26.694102784,10.827336,20.0,46.694102784,True,1,4,True
9,12;43;65;95;100;107;108;110;127,128,0,26.303784,3.536870912,29.840654912,0.0,20.0,49.840654912,True,1,4,False
0,,0,128,0.0,0.0,0.0,197.072304,20.0,217.072304,True,1,5,False
1,4,16,112,2.461056,3.067108864,5.528164864,172.447704,20.0,192.447704,True,1,5,False
2,4;19,32,96,5.406336,3.134217728,8.540553728,147.822168,20.0,167.822168,True,1,5,False
3,4;19;20,48,80,8.421504,3.201326592,11.622830592,123.196632,20.0,143.196632,True,1,5,False
4,4;19;20;46,64,64,11.366784,3.268435456,14.635219456,98.535528,20.0,118.535528,True,1,5,False
5,4;19;20;46;53,80,48,14.381952,3.33554432,17.71749632,73.909992,20.0,93.909992,True,1,5,False
6,4;19;20;46;53;65,96,32,17.385888,3.402653184,20.788541184,49.285704,20.0,69.285704,True,1,5,False
7,4;19;20;46;53;65;104,112,16,20.327112,3.469762048,23.796874048,24.661104,20.0,44.661104,True,1,5,True
8,4;19;20;46;53;65;94;104,123,5,23.189712,3.515899392,26.705611392,7.747896,20.0,46.705611392,True,1,5,False
9,4;19;20;32;46;53;65;94;104,128,0,26.303784,3.536870912,29.840654912,0.0,20.0,49.840654912,True,1,5,False
0,,0,128,0.0,0.0,0.0,197.072304,20.0,217.072304,True,1,6,False
1,22,16,112,2.461056,3.067108864,5.528164864,172.447704,20.0,192.447704,True,1,6,False
2,22;33,32,96,5.406336,3.134217728,8.540553728,147.822168,20.0,167.822168,True,1,6,False
3,22;33;49,48,80,8.421504,3.201326592,11.622830592,123.196632,20.0,143.196632,True,1,6,False
4,22;33;49;58,64,64,11.366784,3.268435456,14.635219456,98.535528,20.0,118.535528,True,1,6,False
5,22;33;49;58;82,80,48,14.381952,3.33554432,17.71749632,73.909992,20.0,93.909992,True,1,6,False
6,22;33;49;58;82;121,96,32,17.385888,3.402653184,20.788541184,49.285704,20.0,69.285704,True,1,6,False
7,22;33;49;58;82;121;126,112,16,20.327112,3.469762048,23.796874048,24.661104,20.0,44.661104,True,1,6,True
8,22;33;49;58;82;92;121;126,124,4,23.221536,3.520093696,26.741629696,6.190392,20.0,46.741629696,True,1,6,False
9,22;33;49;58;74;82;92;121;126,127,1,26.291616,3.532676608,29.824292608,1.591512,20.0,49.824292608,True,1,6,False
10,22;33;49;58;62;74;82;92;121;126,128,0,29.249064,3.536870912,32.785934912,0.0,20.0,52.785934912,True,1,6,False
0,,0,128,0.0,0.0,0.0,197.072304,20.0,217.072304,True,1,7,False
1,15,16,112,2.461056,3.067108864,5.528164864,172.447704,20.0,192.447704,True,1,7,False
2,15;19,32,96,5.406336,3.134217728,8.540553728,147.822168,20.0,167.822168,True,1,7,False
3,15;19;24,48,80,8.421504,3.201326592,11.622830592,123.196632,20.0,143.196632,True,1,7,False
4,15;19;24;29,64,64,11.366784,3.268435456,14.635219456,98.535528,20.0,118.535528,True,1,7,False
5,15;19;24;29;36,80,48,14.381952,3.33554432,17.71749632,73.909992,20.0,93.909992,True,1,7,False
6,15;19;24;29;36;52,96,32,17.385888,3.402653184,20.788541184,49.285704,20.0,69.285704,True,1,7,False
7,15;19;24;29;36;52;56,112,16,20.327112,3.469762048,23.796874048,24.661104,20.0,44.661104,True,1,7,True
8,15;19;24;29;36;52;56;114,128,0,23.288616,3.536870912,26.825486912,0.0,20.0,46.825486912,True,1,7,False
0,,0,128,0.0,0.0,0.0,197.072304,20.0,217.072304,True,1,8,False
1,22,16,112,2.461056,3.067108864,5.528164864,172.447704,20.0,192.447704,True,1,8,False
2,22;23,32,96,5.406336,3.134217728,8.540553728,147.822168,20.0,167.822168,True,1,8,False
3,22;23;50,48,80,8.421504,3.201326592,11.622830592,123.196632,20.0,143.196632,True,1,8,False
4,22;23;50;66,64,64,11.366784,3.268435456,14.635219456,98.535528,20.0,118.535528,True,1,8,False
5,22;23;50;66;83,80,48,14.381952,3.33554432,17.71749632,73.909992,20.0,93.909992,True,1,8,False
6,22;23;50;66;83;85,96,32,17.385888,3.402653184,20.788541184,49.285704,20.0,69.285704,True,1,8,False
7,22;23;50;66;83;85;102,112,16,20.327112,3.469762048,23.796874048,24.661104,20.0,44.661104,True,1,8,True
8,22;23;50;58;66;83;85;102,127,1,23.276448,3.532676608,26.809124608,1.591512,20.0,46.809124608,True,1,8,False
9,22;23;50;53;58;66;83;85;102,128,0,26.303784,3.536870912,29.840654912,0.0,20.0,49.840654912,True,1,8,False
0,,0,128,0.0,0.0,0.0,197.072304,20.0,217.072304,True,1,9,False
1,2,16,112,2.461056,3.067108864,5.528164864,172.447704,20.0,192.447704,True,1,9,False
2,2;16,32,96,5.406336,3.134217728,8.540553728,147.822168,20.0,167.822168,True,1,9,False
3,2;16;23,48,80,8.421504,3.201326592,11.622830592,123.196632,20.0,143.196632,True,1,9,False
4,2;16;23;26,64,64,11.366784,3.268435456,14.635219456,98.535528,20.0,118.535528,True,1,9,False
5,2;16;23;26;63,80,48,14.381952,3.33554432,17.71749632,73.909992,20.0,93.909992,True,1,9,False
6,2;16;23;26;63;98,96,32,17.385888,3.402653184,20.788541184,49.285704,20.0,69.285704,True,1,9,False
7,2;13;16;23;26;63;98,110,18,20.296224,3.46137344,23.75759744,27.738672,20.0,47.738672,True,1,9,False
8,2;13;16;23;26;63;95;98,121,7,23.186592,3.507510784,26.694102784,10.827336,20.0,46.694102784,True,1,9,True
9,2;11;13;16;23;26;63;95;98,128,0,26.303784,3.536870912,29.840654912,0.0,20.0,49.840654912,True,1,9,False
0,,0,128,0.0,0.0,0.0,197.072304,20.0,217.072304,True,1,10,False
1,1,16,112,2.461056,3.067108864,5.528164864,172.447704,20.0,192.447704,True,1,10,False
2,1;5,32,96,5.406336,3.134217728,8.540553728,147.822168,20.0,167.822168,True,1,10,False
3,1;5;28,48,80,8.421504,3.201326592,11.622830592,123.196632,20.0,143.196632,True,1,10,False
4,1;5;28;90,64,64,11.366784,3.268435456,14.635219456,98.535528,20.0,118.535528,True,1,10,False
5,1;5;28;90;92,80,48,14.381952,3.33554432,17.71749632,73.909992,20.0,93.909992,True,1,10,False
6,1;5;12;28;90;92,95,33,17.374656,3.39845888,20.77311488,50.843832,20.0,70.843832,True,1,10,False
7,1;5;12;28;36;90;92,110,18,20.296224,3.46137344,23.75759744,27.738672,20.0,47.738672,True,1,10,False
8,1;5;12;28;31;36;90;92,124,4,23.221536,3.520093696,26.741629696,6.190392,20.0,46.741629696,True,1,10,True
9,1;5;6;12;28;31;36;90;92,128,0,26.303784,3.536870912,29.840654912,0.0,20.0,49.840654912,True,1,10,False
0,,0,128,0.0,0.0,0.0,197.072304,20.0,217.072304,True,1,11,False
1,54,16,112,2.461056,3.067108864,5.528164864,172.447704,20.0,192.447704,True,1,11,False
2,54;81,32,96,5.406336,3.134217728,8.540553728,147.822168,20.0,167.822168,True,1,11,False
3,54;81;103,48,80,8.421504,3.201326592,11.622830592,123.196632,20.0,143.196632,True,1,11,False
4,54;81;103;120,64,64,11.366784,3.268435456,14.635219456,98.535528,20.0,118.535528,True,1,11,False
5,54;81;103;120;121,80,48,14.381952,3.33554432,17.71749632,73.909992,20.0,93.909992,True,1,11,False
6,54;72;81;103;120;121,94,34,17.350632,3.394264576,20.744896576,52.364208,20.0,72.364208,True,1,11,False
7,54;72;81;103;110;120;121,107,21,20.380464,3.448790528,23.829254528,32.374368,20.0,52.374368,True,1,11,False
8,48;54;72;81;103;110;120;121,118,10,23.20656,3.494927872,26.701487872,15.426216,20.0,46.701487872,True,1,11,True
9,48;52;54;72;81;103;110;120;121,127,1,26.291616,3.532676608,29.824292608,1.591512,20.0,49.824292608,True,1,11,False
10,48;52;54;72;81;103;109;110;120;121,128,0,29.249064,3.536870912,32.785934912,0.0,20.0,52.785934912,True,1,11,False
0,,0,128,0.0,0.0,0.0,197.072304,20.0,217.072304,True,1,12,False
1,11,16,112,2.461056,3.067108864,5.528164864,172.447704,20.0,192.447704,True,1,12,False
2,11;18,32,96,5.406336,3.134217728,8.540553728,147.822168,20.0,167.822168,True,1,12,False
3,11;18;27,48,80,8.421504,3.201326592,11.622830592,123.196632,20.0,143.196632,True,1,12,False
4,11;18;27;41,64,64,11.366784,3.268435456,14.635219456,98.535528,20.0,118.535528,True,1,12,False
5,11;18;27;41;62,80,48,14.381952,3.33554432,17.71749632,73.909992,20.0,93.909992,True,1,12,False
6,11;18;27;41;62;71,96,32,17.385888,3.402653184,20.788541184,49.285704,20.0,69.285704,True,1,12,False
7,11;18;27;41;62;71;92,112,16,20.327112,3.469762048,23.796874048,24.661104,20.0,44.661104,True,1,12,True
8,11;18;27;41;62;71;92;125,128,0,23.288616,3.536870912,26.825486912,0.0,20.0,46.825486912,True,1,12,False
0,,0,128,0.0,0.0,0.0,197.072304,20.0,217.072304,True,1,13,False
1,27,16,112,2.461056,3.067108864,5.528164864,172.447704,20.0,192.447704,True,1,13,False
2,27;33,32,96,5.406336,3.134217728,8.540553728,147.822168,20.0,167.822168,True,1,13,False
3,27;33;34,48,80,8.421504,3.201326592,11.622830592,123.196632,20.0,143.196632,True,1,13,False
4,27;33;34;61,64,64,11.366784,3.268435456,14.635219456,98.535528,20.0,118.535528,True,1,13,False
5,27;33;34;61;63,80,48,14.381952,3.33554432,17.71749632,73.909992,20.0,93.909992,True,1,13,False
6,27;33;34;61;63;80,96,32,17.385888,3.402653184,20.788541184,49.285704,20.0,69.285704,True,1,13,False
7,27;33;34;61;63;80;117,112,16,20.327112,3.469762048,23.796874048,24.661104,20.0,44.661104,True,1,13,True
8,27;30;33;34;61;63;80;117,127,1,23.276448,3.532676608,26.809124608,1.591512,20.0,46.809124608,True,1,13,False
9,27;30;33;34;61;63;80;93;117,128,0,26.303784,3.536870912,29.840654912,0.0,20.0,49.840654912,True,1,13,False
0,,0,128,0.0,0.0,0.0,197.072304,20.0,217.072304,True,1,14,False
1,2,16,112,2.461056,3.067108864,5.528164864,172.447704,20.0,192.447704,True,1,14,False
2,2;5,32,96,5.406336,3.134217728,8.540553728,147.822168,20.0,167.822168,True,1,14,False
3,2;5;49,48,80,8.421504,3.201326592,11.622830592,123.196632,20.0,143.196632,True,1,14,False
4,2;5;49;63,64,64,11.366784,3.268435456,14.635219456,98.535528,20.0,118.535528,True,1,14,False
5,2;5;49;63;92,80,48,14.381952,3.33554432,17.71749632,73.909992,20.0,93.909992,True,1,14,False
6,2;5;49;63;92;109,96,32,17.385888,3.402653184,20.788541184,49.285704,20.0,69.285704,True,1,14,False
7,2;5;49;63;92;109;113,112,16,20.327112,3.469762048,23.796874048,24.661104,20.0,44.661104,True,1,14,True
8,2;5;49;63;78;92;109;113,123,5,23.189712,3.515899392,26.705611392,7.747896,20.0,46.705611392,True,1,14,False
9,2;5;49;63;78;92;97;109;113,128,0,26.303784,3.536870912,29.840654912,0.0,20.0,49.840654912,True,1,14,False
0,,0,128,0.0,0.0,0.0,197.072304,20.0,217.072304,True,1,15,False
1,2,16,112,2.461056,3.067108864,5.528164864,172.447704,20.0,192.447704,True,1,15,False
2,2;26,32,96,5.406336,3.134217728,8.540553728,147.822168,20.0,167.822168,True,1,15,False
3,2;26;50,48,80,8.421504,3.201326592,11.622830592,123.196632,20.0,143.196632,True,1,15,False
4,2;26;50;58,64,64,11.366784,3.268435456,14.635219456,98.535528,20.0,118.535528,True,1,15,False
5,2;26;50;58;63,80,48,14.381952,3.33554432,17.71749632,73.909992,20.0,93.909992,True,1,15,False
6,2;26;50;58;63;84,96,32,17.385888,3.402653184,20.788541184,49.285704,20.0,69.285704,True,1,15,False
7,2;26;50;58;63;84;88,112,16,20.327112,3.469762048,23.796874048,24.661104,20.0,44.661104,True,1,15,True
8,2;26;50;58;63;84;88;127,128,0,23.288616,3.536870912,26.825486912,0.0,20.0,46.825486912,True,1,15,False
0,,0,128,0.0,0.0,0.0,197.072304,20.0,217.072304,True,1,16,False
1,10,16,112,2.461056,3.067108864,5.528164864,172.447704,20.0,192.447704,True,1,16,False
2,10;42,32,96,5.406336,3.134217728,8.540553728,147.822168,20.0,167.822168,True,1,16,False
3,10;42;48,48,80,8.421504,3.201326592,11.622830592,123.196632,20.0,143.196632,True,1,16,False
4,10;42;48;97,64,64,11.366784,3.268435456,14.635219456,98.535528,20.0,118.535528,True,1,16,False
5,10;42;48;97;98,80,48,14.381952,3.33554432,17.71749632,73.909992,20.0,93.909992,True,1,16,False
6,10;42;48;97;98;107,96,32,17.385888,3.402653184,20.788541184,49.285704,20.0,69.285704,True,1,16,False
7,10;42;48;97;98;107;122,112,16,20.327112,3.469762048,23.796874048,24.661104,20.0,44.661104,True,1,16,True
8,10;35;42;48;97;98;107;122,125,3,23.247432,3.524288,26.77172,4.670016,20.0,46.77172,True,1,16,False
9,10;35;42;48;82;97;98;107;122,128,0,26.303784,3.536870912,29.840654912,0.0,20.0,49.840654912,True,1,16,False
0,,0,128,0.0,0.0,0.0,197.072304,20.0,217.072304,True,1,17,False
1,3,16,112,2.461056,3.067108864,5.528164864,172.447704,20.0,192.447704,True,1,17,False
2,3;34,32,96,5.406336,3.134217728,8.540553728,147.822168,20.0,167.822168,True,1,17,False
3,3;34;59,48,80,8.421504,3.201326592,11.622830592,123.196632,20.0,143.196632,True,1,17,False
4,3;34;59;80,64,64,11.366784,3.268435456,14.635219456,98.535528,20.0,118.535528,True,1,17,False
5,3;34;59;80;122,80,48,14.381952,3.33554432,17.71749632,73.909992,20.0,93.909992,True,1,17,False
6,3;34;59;80;122;124,96,32,17.385888,3.402653184,20.788541184,49.285704,20.0,69.285704,True,1,17,False
7,3;34;59;80;100;122;124,110,18,20.296224,3.46137344,23.75759744,27.738672,20.0,47.738672,True,1,17,False
8,3;34;40;59;80;100;122;124,119,9,23.25336,3.499122176,26.752482176,13.904904,20.0,46.752482176,True,1,17,True
9,3;34;40;59;80;100;122;123;124,126,2,26.263848,3.528482304,29.792330304,3.112512,20.0,49.792330304,True,1,17,False
10,3;12;34;40;59;80;100;122;123;124,128,0,29.249064,3.536870912,32.785934912,0.0,20.0,52.785934912,True,1,17,False
0,,0,128,0.0,0.0,0.0,197.072304,20.0,217.072304,True,1,18,False
1,33,16,112,2.461056,3.067108864,5.528164864,172.447704,20.0,192.447704,True,1,18,False
2,33;49,32,96,5.406336,3.134217728,8.540553728,147.822168,20.0,167.822168,True,1,18,False
3,33;49;58,48,80,8.421504,3.201326592,11.622830592,123.196632,20.0,143.196632,True,1,18,False
4,33;49;58;82,64,64,11.366784,3.268435456,14.635219456,98.535528,20.0,118.535528,True,1,18,False
5,33;49;58;82;91,80,48,14.381952,3.33554432,17.71749632,73.909992,20.0,93.909992,True,1,18,False
6,33;49;58;82;91;107,96,32,17.385888,3.402653184,20.788541184,49.285704,20.0,69.285704,True,1,18,False
7,33;49;58;82;91;107;112,112,16,20.327112,3.469762048,23.796874048,24.661104,20.0,44.661104,True,1,18,True
8,33;49;58;82;91;107;112;126,128,0,23.288616,3.536870912,26.825486912,0.0,20.0,46.825486912,True,1,18,False
0,,0,128,0.0,0.0,0.0,197.072304,20.0,217.072304,True,1,19,False
1,28,16,112,2.461056,3.067108864,5.528164864,172.447704,20.0,192.447704,True,1,19,False
2,28;29,32,96,5.406336,3.134217728,8.540553728,147.822168,20.0,167.822168,True,1,19,False
3,28;29;52,48,80,8.421504,3.201326592,11.622830592,123.196632,20.0,143.196632,True,1,19,False
4,28;29;52;56,64,64,11.366784,3.268435456,14.635219456,98.535528,20.0,118.535528,True,1,19,False
5,28;29;52;56;92,80,48,14.381952,3.33554432,17.71749632,73.909992,20.0,93.909992,True,1,19,False
6,28;29;52;56;92;102,96,32,17.385888,3.402653184,20.788541184,49.285704,20.0,69.285704,True,1,19,False
7,28;29;52;56;92;102;114,112,16,20.327112,3.469762048,23.796874048,24.661104,20.0,44.661104,True,1,19,True
8,15;28;29;52;56;92;102;114,124,4,23.221536,3.520093696,26.741629696,6.190392,20.0,46.741629696,True,1,19,False
9,15;28;29;52;56;88;92;102;114,128,0,26.303784,3.536870912,29.840654912,0.0,20.0,49.840654912,True,1,19,False
0,,0,128,0.0,0.0,0.0,197.072304,20.0,217.072304,True,1,20,False
1,48,16,112,2.461056,3.067108864,5.528164864,172.447704,20.0,192.447704,True,1,20,False
2,48;53,32,96,5.406336,3.134217728,8.540553728,147.822168,20.0,167.822168,True,1,20,False
3,48;53;68,48,80,8.421504,3.201326592,11.622830592,123.196632,20.0,143.196632,True,1,20,False
4,48;53;68;76,64,64,11.366784,3.268435456,14.635219456,98.535528,20.0,118.535528,True,1,20,False
5,48;53;68;76;85,80,48,14.381952,3.33554432,17.71749632,73.909992,20.0,93.909992,True,1,20,False
6,48;53;68;76;85;92,96,32,17.385888,3.402653184,20.788541184,49.285704,20.0,69.285704,True,1,20,False
7,48;53;68;76;85;92;113,112,16,20.327112,3.469762048,23.796874048,24.661104,20.0,44.661104,True,1,20,True
8,48;53;68;76;85;92;113;114,128,0,23.288616,3.536870912,26.825486912,0.0,20.0,46.825486912,True,1,20,False
0,,0,128,0.0,0.0,0.0,197.072304,20.0,217.072304,True,1,21,False
1,2,16,112,2.461056,3.067108864,5.528164864,172.447704,20.0,192.447704,True,1,21,False
2,2;8,32,96,5.406336,3.134217728,8.540553728,147.822168,20.0,167.822168,True,1,21,False
3,2;8;11,48,80,8.421504,3.201326592,11.622830592,123.196632,20.0,143.196632,True,1,21,False
4,2;8;11;26,64,64,11.366784,3.268435456,14.635219456,98.535528,20.0,118.535528,True,1,21,False
5,2;8;11;26;56,80,48,14.381952,3.33554432,17.71749632,73.909992,20.0,93.909992,True,1,21,False
6,2;8;11;26;56;63,96,32,17.385888,3.402653184,20.788541184,49.285704,20.0,69.285704,True,1,21,False
7,2;8;11;13;26;56;63,111,17,20.337096,3.465567744,23.802663744,26.217672,20.0,46.217672,True,1,21,True
8,2;8;11;13;26;53;56;63,125,3,23.247432,3.524288,26.77172,4.670016,20.0,46.77172,True,1,21,False
9,0;2;8;11;13;26;53;56;63,126,2,26.263848,3.528482304,29.792330304,3.112512,20.0,49.792330304,True,1,21,False
10,0;2;4;8;11;13;26;53;56;63,127,1,29.236896,3.532676608,32.769572608,1.591512,20.0,52.769572608,True,1,21,False
11,0;2;4;6;8;11;13;26;53;56;63,128,0,32.264232,3.536870912,35.801102912,0.0,20.0,55.801102912,True,1,21,False
0,,0,128,0.0,0.0,0.0,197.072304,20.0,217.072304,True,1,22,False
1,1,16,112,2.461056,3.067108864,5.528164864,172.447704,20.0,192.447704,True,1,22,False
2,1;6,32,96,5.406336,3.134217728,8.540553728,147.822168,20.0,167.822168,True,1,22,False
3,1;6;12,48,80,8.421504,3.201326592,11.622830592,123.196632,20.0,143.196632,True,1,22,False
4,1;6;12;36,64,64,11.366784,3.268435456,14.635219456,98.535528,20.0,118.535528,True,1,22,False
5,1;6;12;36;75,80,48,14.381952,3.33554432,17.71749632,73.909992,20.0,93.909992,True,1,22,False
6,1;6;12;28;36;75,95,33,17.374656,3.39845888,20.77311488,50.843832,20.0,70.843832,True,1,22,False
7,1;6;12;28;36;75;118,110,18,20.296224,3.46137344,23.75759744,27.738672,20.0,47.738672,True,1,22,False
8,1;6;12;28;36;48;75;118,122,6,23.228712,3.511705088,26.740417088,9.268896,20.0,46.740417088,True,1,22,True
9,1;6;12;28;36;48;75;92;118,128,0,26.303784,3.536870912,29.840654912,0.0,20.0,49.840654912,True,1,22,False
0,,0,128,0.0,0.0,0.0,197.072304,20.0,217.072304,True,1,23,False
1,14,16,112,2.461056,3.067108864,5.528164864,172.447704,20.0,192.447704,True,1,23,False
2,14;31,32,96,5.406336,3.134217728,8.540553728,147.822168,20.0,167.822168,True,1,23,False
3,14;31;36,48,80,8.421504,3.201326592,11.622830592,123.196632,20.0,143.196632,True,1,23,False
4,14;31;36;48,64,64,11.366784,3.268435456,14.635219456,98.535528,20.0,118.535528,True,1,23,False
5,14;31;36;48;52,80,48,14.381952,3.33554432,17.71749632,73.909992,20.0,93.909992,True,1,23,False
6,14;31;36;48;52;81,96,32,17.385888,3.402653184,20.788541184,49.285704,20.0,69.285704,True,1,23,False
7,14;31;36;48;52;81;120,112,16,20.327112,3.469762048,23.796874048,24.661104,20.0,44.661104,True,1,23,True
8,14;31;36;48;52;65;81;120,126,2,23.24868,3.528482304,26.777162304,3.112512,20.0,46.777162304,True,1,23,False
9,4;14;31;36;48;52;65;81;120,127,1,26.291616,3.532676608,29.824292608,1.591512,20.0,49.824292608,True,1,23,False
10,4;14;31;36;48;52;65;81;120;121,128,0,29.249064,3.536870912,32.785934912,0.0,20.0,52.785934912,True,1,23,False
0,,0,128,0.0,0.0,0.0,197.072304,20.0,217.072304,True,1,24,False
1,11,16,112,2.461056,3.067108864,5.528164864,172.447704,20.0,192.447704,True,1,24,False
2,11;18,32,96,5.406336,3.134217728,8.540553728,147.822168,20.0,167.822168,True,1,24,False
3,11;18;20,48,80,8.421504,3.201326592,11.622830592,123.196632,20.0,143.196632,True,1,24,False
4,11;18;20;28,64,64,11.366784,3.268435456,14.635219456,98.535528,20.0,118.535528,True,1,24,False
5,11;18;20;28;37,80,48,14.381952,3.33554432,17.71749632,73.909992,20.0,93.909992,True,1,24,False
6,11;18;20;28;37;91,96,32,17.385888,3.402653184,20.788541184,49.285704,20.0,69.285704,True,1,24,False
7,11;18;20;28;37;91;125,112,16,20.327112,3.469762048,23.796874048,24.661104,20.0,44.661104,True,1,24,True
8,11;18;20;28;37;91;108;125,122,6,23.228712,3.511705088,26.740417088,9.268896,20.0,46.740417088,True,1,24,False
9,11;18;20;27;28;37;91;108;125,128,0,26.303784,3.536870912,29.840654912,0.0,20.0,49.840654912,True,1,24,False
0,,0,128,0.0,0.0,0.0,197.072304,20.0,217.072304,True,1,25,False
1,13,16,112,2.461056,3.067108864,5.528164864,172.447704,20.0,192.447704,True,1,25,False
2,13;30,32,96,5.406336,3.134217728,8.540553728,147.822168,20.0,167.822168,True,1,25,False
3,13;30;34,48,80,8.421504,3.201326592,11.622830592,123.196632,20.0,143.196632,True,1,25,False
4,13;30;34;91,64,64,11.366784,3.268435456,14.635219456,98.535528,20.0,118.535528,True,1,25,False
5,13;30;34;91;110,80,48,14.381952,3.33554432,17.71749632,73.909992,20.0,93.909992,True,1,25,False
6,13;30;34;91;110;124,96,32,17.385888,3.402653184,20.788541184,49.285704,20.0,69.285704,True,1,25,False
7,13;30;34;91;110;124;126,112,16,20.327112,3.469762048,23.796874048,24.661104,20.0,44.661104,True,1,25,True
8,13;30;34;43;91;110;124;126,121,7,23.186592,3.507510784,26.694102784,10.827336,20.0,46.694102784,True,1,25,False
9,13;30;34;43;74;91;110;124;126,128,0,26.303784,3.536870912,29.840654912,0.0,20.0,49.840654912,True,1,25,False
0,,0,128,0.0,0.0,0.0,197.072304,20.0,217.072304,True,1,26,False
1,2,16,112,2.461056,3.067108864,5.528164864,172.447704,20.0,192.447704,True,1,26,False
2,2;49,32,96,5.406336,3.134217728,8.540553728,147.822168,20.0,167.822168,True,1,26,False
3,2;49;72,48,80,8.421504,3.201326592,11.622830592,123.196632,20.0,143.196632,True,1,26,False
4,2;49;72;87,64,64,11.366784,3.268435456,14.635219456,98.535528,20.0,118.535528,True,1,26,False
5,2;49;72;87;97,80,48,14.381952,3.33554432,17.71749632,73.909992,20.0,93.909992,True,1,26,False
6,2;49;72;87;97;109,96,32,17.385888,3.402653184,20.788541184,49.285704,20.0,69.285704,True,1,26,False
7,2;49;72;87;97;109;113,112,16,20.327112,3.469762048,23.796874048,24.661104,20.0,44.661104,True,1,26,True
8,2;5;49;72;87;97;109;113,121,7,23.186592,3.507510784,26.694102784,10.827336,20.0,46.694102784,True,1,26,False
9,2;5;29;49;72;87;97;109;113,124,4,26.236704,3.520093696,29.756797696,6.190392,20.0,49.756797696,True,1,26,False
10,2;5;29;49;72;78;87;97;109;113,127,1,29.236896,3.532676608,32.769572608,1.591512,20.0,52.769572608,True,1,26,False
11,2;5;29;49;72;78;87;97;109;113;121,128,0,32.264232,3.536870912,35.801102912,0.0,20.0,55.801102912,True,1,26,False
0,,0,128,0.0,0.0,0.0,197.072304,20.0,217.072304,True,1,27,False
1,26,16,112,2.461056,3.067108864,5.528164864,172.447704,20.0,192.447704,True,1,27,False
2,26;27,32,96,5.406336,3.134217728,8.540553728,147.822168,20.0,167.822168,True,1,27,False
3,26;27;50,48,80,8.421504,3.201326592,11.622830592,123.196632,20.0,143.196632,True,1,27,False
4,26;27;50;63,64,64,11.366784,3.268435456,14.635219456,98.535528,20.0,118.535528,True,1,27,False
5,26;27;50;63;84,80,48,14.381952,3.33554432,17.71749632,73.909992,20.0,93.909992,True,1,27,False
6,26;27;50;63;84;88,96,32,17.385888,3.402653184,20.788541184,49.285704,20.0,69.285704,True,1,27,False
7,26;27;50;63;84;88;118,112,16,20.327112,3.469762048,23.796874048,24.661104,20.0,44.661104,True,1,27,True
8,26;27;44;50;63;84;88;118,126,2,23.24868,3.528482304,26.777162304,3.112512,20.0,46.777162304,True,1,27,False
9,26;27;44;50;63;84;88;106;118,128,0,26.303784,3.536870912,29.840654912,0.0,20.0,49.840654912,True,1,27,False
0,,0,128,0.0,0.0,0.0,197.072304,20.0,217.072304,True,1,28,False
1,42,16,112,2.461056,3.067108864,5.528164864,172.447704,20.0,192.447704,True,1,28,False
2,42;63,32,96,5.406336,3.134217728,8.540553728,147.822168,20.0,167.822168,True,1,28,False
3,42;63;91,48,80,8.421504,3.201326592,11.622830592,123.196632,20.0,143.196632,True,1,28,False
4,42;63;91;98,64,64,11.366784,3.268435456,14.635219456,98.535528,20.0,118.535528,True,1,28,False
5,42;63;91;98;107,80,48,14.381952,3.33554432,17.71749632,73.909992,20.0,93.909992,True,1,28,False
6,42;63;91;98;107;122,96,32,17.385888,3.402653184,20.788541184,49.285704,20.0,69.285704,True,1,28,False
7,42;58;63;91;98;107;122,111,17,20.337096,3.465567744,23.802663744,26.217672,20.0,46.217672,True,1,28,True
8,10;42;58;63;91;98;107;122,124,4,23.221536,3.520093696,26.741629696,6.190392,20.0,46.741629696,True,1,28,False
9,10;42;49;58;63;91;98;107;122,127,1,26.291616,3.532676608,29.824292608,1.591512,20.0,49.824292608,True,1,28,False
10,10;42;49;58;63;70;91;98;107;122,128,0,29.249064,3.536870912,32.785934912,0.0,20.0,52.785934912,True,1,28,False
0,,0,128,0.0,0.0,0.0,197.072304,20.0,217.072304,True,1,29,False
1,3,16,112,2.461056,3.067108864,5.528164864,172.447704,20.0,192.447704,True,1,29,False
2,3;12,32,96,5.406336,3.134217728,8.540553728,147.822168,20.0,167.822168,True,1,29,False
3,3;12;13,48,80,8.421504,3.201326592,11.622830592,123.196632,20.0,143.196632,True,1,29,False
4,3;12;13;34,64,64,11.366784,3.268435456,14.635219456,98.535528,20.0,118.535528,True,1,29,False
5,3;12;13;34;59,80,48,14.381952,3.33554432,17.71749632,73.909992,20.0,93.909992,True,1,29,False
6,3;12;13;34;59;61,96,32,17.385888,3.402653184,20.788541184,49.285704,20.0,69.285704,True,1,29,False
7,3;12;13;34;59;61;105,112,16,20.327112,3.469762048,23.796874048,24.661104,20.0,44.661104,True,1,29,True
8,3;12;13;34;59;61;105;124,128,0,23.288616,3.536870912,26.825486912,0.0,20.0,46.825486912,True,1,29,False
0,,0,128,0.0,0.0,0.0,197.072304,20.0,217.072304,True,1,30,False
1,6,16,112,2.461056,3.067108864,5.528164864,172.447704,20.0,192.447704,True,1,30,False
2,6;48,32,96,5.406336,3.134217728,8.540553728,147.822168,20.0,167.822168,True,1,30,False
3,6;48;58,48,80,8.421504,3.201326592,11.622830592,123.196632,20.0,143.196632,True,1,30,False
4,6;48;58;62,64,64,11.366784,3.268435456,14.635219456,98.535528,20.0,118.535528,True,1,30,False
5,6;48;58;62;93,80,48,14.381952,3.33554432,17.71749632,73.909992,20.0,93.909992,True,1,30,False
6,6;48;58;62;93;120,96,32,17.385888,3.402653184,20.788541184,49.285704,20.0,69.285704,True,1,30,False
7,6;48;58;62;93;120;126,112,16,20.327112,3.469762048,23.796874048,24.661104,20.0,44.661104,True,1,30,True
8,6;48;58;62;93;104;120;126,122,6,23.228712,3.511705088,26.740417088,9.268896,20.0,46.740417088,True,1,30,False
9,6;48;58;62;93;94;104;120;126,128,0,26.303784,3.536870912,29.840654912,0.0,20.0,49.840654912,True,1,30,False
0,,0,128,0.0,0.0,0.0,197.072304,20.0,217.072304,True,1,31,False
1,24,16,112,2.461056,3.067108864,5.528164864,172.447704,20.0,192.447704,True,1,31,False
2,24;36,32,96,5.406336,3.134217728,8.540553728,147.822168,20.0,167.822168,True,1,31,False
3,24;36;38,48,80,8.421504,3.201326592,11.622830592,123.196632,20.0,143.196632,True,1,31,False
4,24;36;38;41,64,64,11.366784,3.268435456,14.635219456,98.535528,20.0,118.535528,True,1,31,False
5,24;36;38;41;56,80,48,14.381952,3.33554432,17.71749632,73.909992,20.0,93.909992,True,1,31,False
6,24;36;38;41;56;72,96,32,17.385888,3.402653184,20.788541184,49.285704,20.0,69.285704,True,1,31,False
7,24;36;38;41;56;72;102,112,16,20.327112,3.469762048,23.796874048,24.661104,20.0,44.661104,True,1,31,True
8,11;24;36;38;41;56;72;102,127,1,23.276448,3.532676608,26.809124608,1.591512,20.0,46.809124608,True,1,31,False
9,11;24;36;38;41;56;63;72;102,128,0,26.303784,3.536870912,29.840654912,0.0,20.0,49.840654912,True,1,31,False
0,,0,128,0.0,0.0,0.0,197.072304,20.0,217.072304,True,1,32,False
1,10,16,112,2.461056,3.067108864,5.528164864,172.447704,20.0,192.447704,True,1,32,False
2,10;48,32,96,5.406336,3.134217728,8.540553728,147.822168,20.0,167.822168,True,1,32,False
3,10;48;76,48,80,8.421504,3.201326592,11.622830592,123.196632,20.0,143.196632,True,1,32,False
4,10;48;76;85,64,64,11.366784,3.268435456,14.635219456,98.535528,20.0,118.535528,True,1,32,False
5,10;48;76;85;113,80,48,14.381952,3.33554432,17.71749632,73.909992,20.0,93.909992,True,1,32,False
6,10;48;76;85;113;118,96,32,17.385888,3.402653184,20.788541184,49.285704,20.0,69.285704,True,1,32,False
7,10;48;76;83;85;113;118,111,17,20.337096,3.465567744,23.802663744,26.217672,20.0,46.217672,True,1,32,True
8,10;48;76;78;83;85;113;118,123,5,23.189712,3.515899392,26.705611392,7.747896,20.0,46.705611392,True,1,32,False
9,10;48;74;76;78;83;85;113;118,127,1,26.291616,3.532676608,29.824292608,1.591512,20.0,49.824292608,True,1,32,False
10,10;48;74;76;78;83;85;90;113;118,128,0,29.249064,3.536870912,32.785934912,0.0,20.0,52.785934912,True,1,32,False
0,,0,128,0.0,0.0,0.0,197.072304,20.0,217.072304,True,1,33,False
1,4,16,112,2.461056,3.067108864,5.528164864,172.447704,20.0,192.447704,True,1,33,False
2,4;11,32,96,5.406336,3.134217728,8.540553728,147.822168,20.0,167.822168,True,1,33,False
3,4;11;26,48,80,8.421504,3.201326592,11.622830592,123.196632,20.0,143.196632,True,1,33,False
4,4;11;26;53,64,64,11.366784,3.268435456,14.635219456,98.535528,20.0,118.535528,True,1,33,False
5,4;11;26;53;63,80,48,14.381952,3.33554432,17.71749632,73.909992,20.0,93.909992,True,1,33,False
6,4;11;15;26;53;63,95,33,17.374656,3.39845888,20.77311488,50.843832,20.0,70.843832,True,1,33,False
7,4;11;15;26;53;63;107,110,18,20.296224,3.46137344,23.75759744,27.738672,20.0,47.738672,True,1,33,False
8,4;11;13;15;26;53;63;107,123,5,23.189712,3.515899392,26.705611392,7.747896,20.0,46.705611392,True,1,33,True
9,4;11;13;15;26;34;53;63;107,126,2,26.263848,3.528482304,29.792330304,3.112512,20.0,49.792330304,True,1,33,False
10,4;11;13;15;26;34;44;53;63;107,127,1,29.236896,3.532676608,32.769572608,1.591512,20.0,52.769572608,True,1,33,False
11,4;11;13;15;26;34;44;53;63;107;115,128,0,32.264232,3.536870912,35.801102912,0.0,20.0,55.801102912,True,1,33,False
0,,0,128,0.0,0.0,0.0,197.072304,20.0,217.072304,True,1,34,False
1,28,16,112,2.461056,3.067108864,5.528164864,172.447704,20.0,192.447704,True,1,34,False
2,28;29,32,96,5.406336,3.134217728,8.540553728,147.822168,20.0,167.822168,True,1,34,False
3,28;29;75,48,80,8.421504,3.201326592,11.622830592,123.196632,20.0,143.196632,True,1,34,False
4,28;29;75;84,64,64,11.366784,3.268435456,14.635219456,98.535528,20.0,118.535528,True,1,34,False
5,28;29;75;84;92,80,48,14.381952,3.33554432,17.71749632,73.909992,20.0,93.909992,True,1,34,False
6,5;28;29;75;84;92,95,33,17.374656,3.39845888,20.77311488,50.843832,20.0,70.843832,True,1,34,False
7,5;22;28;29;75;84;92,110,18,20.296224,3.46137344,23.75759744,27.738672,20.0,47.738672,True,1,34,False
8,1;5;22;28;29;75;84;92,124,4,23.221536,3.520093696,26.741629696,6.190392,20.0,46.741629696,True,1,34,True
9,1;5;22;28;29;42;75;84;92,126,2,26.263848,3.528482304,29.792330304,3.112512,20.0,49.792330304,True,1,34,False
10,1;5;22;28;29;42;75;81;84;92,128,0,29.249064,3.536870912,32.785934912,0.0,20.0,52.785934912,True,1,34,False
0,,0,128,0.0,0.0,0.0,197.072304,20.0,217.072304,True,1,35,False
1,28,16,112,2.461056,3.067108864,5.528164864,172.447704,20.0,192.447704,True,1,35,False
2,28;31,32,96,5.406336,3.134217728,8.540553728,147.822168,20.0,167.822168,True,1,35,False
3,28;31;77,48,80,8.421504,3.201326592,11.622830592,123.196632,20.0,143.196632,True,1,35,False
4,28;31;77;81,64,64,11.366784,3.268435456,14.635219456,98.535528,20.0,118.535528,True,1,35,False
5,28;31;77;81;104,80,48,14.381952,3.33554432,17.71749632,73.909992,20.0,93.909992,True,1,35,False
6,28;31;77;81;104;110,96,32,17.385888,3.402653184,20.788541184,49.285704,20.0,69.285704,True,1,35,False
7,28;31;77;81;104;110;120,112,16,20.327112,3.469762048,23.796874048,24.661104,20.0,44.661104,True,1,35,True
8,28;31;62;77;81;104;110;120,121,7,23.186592,3.507510784,26.694102784,10.827336,20.0,46.694102784,True,1,35,False
9,15;28;31;62;77;81;104;110;120,128,0,26.303784,3.536870912,29.840654912,0.0,20.0,49.840654912,True,1,35,False
0,,0,128,0.0,0.0,0.0,197.072304,20.0,217.072304,True,1,36,False
1,11,16,112,2.461056,3.067108864,5.528164864,172.447704,20.0,192.447704,True,1,36,False
2,11;18,32,96,5.406336,3.134217728,8.540553728,147.822168,20.0,167.822168,True,1,36,False
3,11;18;28,48,80,8.421504,3.201326592,11.622830592,123.196632,20.0,143.196632,True,1,36,False
4,11;18;28;62,64,64,11.366784,3.268435456,14.635219456,98.535528,20.0,118.535528,True,1,36,False
5,11;18;28;62;109,80,48,14.381952,3.33554432,17.71749632,73.909992,20.0,93.909992,True,1,36,False
6,11;18;28;62;109;125,96,32,17.385888,3.402653184,20.788541184,49.285704,20.0,69.285704,True,1,36,False
7,11;18;28;62;106;109;125,108,20,20.312136,3.452984832,23.765120832,30.816864,20.0,50.816864,True,1,36,False
8,11;18;28;57;62;106;109;125,119,9,23.25336,3.499122176,26.752482176,13.904904,20.0,46.752482176,True,1,36,True
9,11;18;20;28;57;62;106;109;125,125,3,26.2626,3.524288,29.786888,4.670016,20.0,49.786888,True,1,36,False
10,11;18;20;28;57;62;106;109;111;125,127,1,29.236896,3.532676608,32.769572608,1.591512,20.0,52.769572608,True,1,36,False
11,11;18;20;28;57;62;77;106;109;111;125,128,0,32.264232,3.536870912,35.801102912,0.0,20.0,55.801102912,True,1,36,False
0,,0,128,0.0,0.0,0.0,197.072304,20.0,217.072304,True,1,37,False
1,27,16,112,2.461056,3.067108864,5.528164864,172.447704,20.0,192.447704,True,1,37,False
2,27;30,32,96,5.406336,3.134217728,8.540553728,147.822168,20.0,167.822168,True,1,37,False
3,27;30;34,48,80,8.421504,3.201326592,11.622830592,123.196632,20.0,143.196632,True,1,37,False
4,27;30;34;80,64,64,11.366784,3.268435456,14.635219456,98.535528,20.0,118.535528,True,1,37,False
5,27;30;34;80;86,80,48,14.381952,3.33554432,17.71749632,73.909992,20.0,93.909992,True,1,37,False
6,27;30;34;80;86;91,96,32,17.385888,3.402653184,20.788541184,49.285704,20.0,69.285704,True,1,37,False
7,27;30;34;80;86;91;110,112,16,20.327112,3.469762048,23.796874048,24.661104,20.0,44.661104,True,1,37,True
8,27;30;34;80;86;91;110;124,128,0,23.288616,3.536870912,26.825486912,0.0,20.0,46.825486912,True,1,37,False
0,,0,128,0.0,0.0,0.0,197.072304,20.0,217.072304,True,1,38,False
1,2,16,112,2.461056,3.067108864,5.528164864,172.447704,20.0,192.447704,True,1,38,False
2,2;19,32,96,5.406336,3.134217728,8.540553728,147.822168,20.0,167.822168,True,1,38,False
3,2;19;91,48,80,8.421504,3.201326592,11.622830592,123.196632,20.0,143.196632,True,1,38,False
4,2;19;91;97,64,64,11.366784,3.268435456,14.635219456,98.535528,20.0,118.535528,True,1,38,False
5,2;19;91;97;109,80,48,14.381952,3.33554432,17.71749632,73.909992,20.0,93.909992,True,1,38,False
6,2;19;91;97;109;110,96,32,17.385888,3.402653184,20.788541184,49.285704,20.0,69.285704,True,1,38,False
7,2;19;91;97;109;110;113,112,16,20.327112,3.469762048,23.796874048,24.661104,20.0,44.661104,True,1,38,True
8,2;19;91;97;109;110;113;121,128,0,23.288616,3.536870912,26.825486912,0.0,20.0,46.825486912,True,1,38,False
0,,0,128,0.0,0.0,0.0,197.072304,20.0,217.072304,True,1,39,False
1,14,16,112,2.461056,3.067108864,5.528164864,172.447704,20.0,192.447704,True,1,39,False
2,14;16,32,96,5.406336,3.134217728,8.540553728,147.822168,20.0,167.822168,True,1,39,False
3,14;16;48,48,80,8.421504,3.201326592,11.622830592,123.196632,20.0,143.196632,True,1,39,False
4,14;16;48;50,64,64,11.366784,3.268435456,14.635219456,98.535528,20.0,118.535528,True,1,39,False
5,14;16;48;50;84,80,48,14.381952,3.33554432,17.71749632,73.909992,20.0,93.909992,True,1,39,False
6,14;16;48;50;84;99,96,32,17.385888,3.402653184,20.788541184,49.285704,20.0,69.285704,True,1,39,False
7,14;16;48;50;84;99;118,112,16,20.327112,3.469762048,23.796874048,24.661104,20.0,44.661104,True,1,39,True
8,14;16;48;50;84;88;99;118,125,3,23.247432,3.524288,26.77172,4.670016,20.0,46.77172,True,1,39,False
9,14;16;48;50;84;88;99;112;118,128,0,26.303784,3.536870912,29.840654912,0.0,20.0,49.840654912,True,1,39,False
0,,0,128,0.0,0.0,0.0,197.072304,20.0,217.072304,True,1,40,False
1,4,16,112,2.461056,3.067108864,5.528164864,172.447704,20.0,192.447704,True,1,40,False
2,4;19,32,96,5.406336,3.134217728,8.540553728,147.822168,20.0,167.822168,True,1,40,False
3,4;19;34,48,80,8.421504,3.201326592,11.622830592,123.196632,20.0,143.196632,True,1,40,False
4,4;19;34;50,64,64,11.366784,3.268435456,14.635219456,98.535528,20.0,118.535528,True,1,40,False
5,4;19;34;50;53,80,48,14.381952,3.33554432,17.71749632,73.909992,20.0,93.909992,True,1,40,False
6,4;19;34;50;53;91,96,32,17.385888,3.402653184,20.788541184,49.285704,20.0,69.285704,True,1,40,False
7,4;19;34;50;53;91;98,112,16,20.327112,3.469762048,23.796874048,24.661104,20.0,44.661104,True,1,40,True
8,4;19;34;46;50;53;91;98,121,7,23.186592,3.507510784,26.694102784,10.827336,20.0,46.694102784,True,1,40,False
9,4;19;34;46;50;53;91;97;98,128,0,26.303784,3.536870912,29.840654912,0.0,20.0,49.840654912,True,1,40,False
0,,0,128,0.0,0.0,0.0,197.072304,20.0,217.072304,True,1,41,False
1,80,16,112,2.461056,3.067108864,5.528164864,172.447704,20.0,192.447704,True,1,41,False
2,80;83,32,96,5.406336,3.134217728,8.540553728,147.822168,20.0,167.822168,True,1,41,False
3,80;83;100,48,80,8.421504,3.201326592,11.622830592,123.196632,20.0,143.196632,True,1,41,False
4,80;83;100;116,64,64,11.366784,3.268435456,14.635219456,98.535528,20.0,118.535528,True,1,41,False
5,80;83;100;116;123,80,48,14.381952,3.33554432,17.71749632,73.909992,20.0,93.909992,True,1,41,False
6,80;83;100;116;123;124,96,32,17.385888,3.402653184,20.788541184,49.285704,20.0,69.285704,True,1,41,False
7,37;80;83;100;116;123;124,111,17,20.337096,3.465567744,23.802663744,26.217672,20.0,46.217672,True,1,41,True
8,30;37;80;83;100;116;123;124,122,6,23.228712,3.511705088,26.740417088,9.268896,20.0,46.740417088,True,1,41,False
9,30;37;61;80;83;100;116;123;124,127,1,26.291616,3.532676608,29.824292608,1.591512,20.0,49.824292608,True,1,41,False
10,30;37;51;61;80;83;100;116;123;124,128,0,29.249064,3.536870912,32.785934912,0.0,20.0,52.785934912,True,1,41,False
0,,0,128,0.0,0.0,0.0,197.072304,20.0,217.072304,True,1,42,False
1,21,16,112,2.461056,3.067108864,5.528164864,172.447704,20.0,192.447704,True,1,42,False
2,21;30,32,96,5.406336,3.134217728,8.540553728,147.822168,20.0,167.822168,True,1,42,False
3,21;30;43,48,80,8.421504,3.201326592,11.622830592,123.196632,20.0,143.196632,True,1,42,False
4,21;30;43;63,64,64,11.366784,3.268435456,14.635219456,98.535528,20.0,118.535528,True,1,42,False
5,21;30;43;63;76,80,48,14.381952,3.33554432,17.71749632,73.909992,20.0,93.909992,True,1,42,False
6,21;30;43;63;76;88,96,32,17.385888,3.402653184,20.788541184,49.285704,20.0,69.285704,True,1,42,False
7,21;30;43;63;76;88;119,112,16,20.327112,3.469762048,23.796874048,24.661104,20.0,44.661104,True,1,42,True
8,21;30;43;63;66;76;88;119,127,1,23.276448,3.532676608,26.809124608,1.591512,20.0,46.809124608,True,1,42,False
9,21;30;43;58;63;66;76;88;119,128,0,26.303784,3.536870912,29.840654912,0.0,20.0,49.840654912,True,1,42,False
0,,0,128,0.0,0.0,0.0,197.072304,20.0,217.072304,True,1,43,False
1,11,16,112,2.461056,3.067108864,5.528164864,172.447704,20.0,192.447704,True,1,43,False
2,11;29,32,96,5.406336,3.134217728,8.540553728,147.822168,20.0,167.822168,True,1,43,False
3,11;29;32,48,80,8.421504,3.201326592,11.622830592,123.196632,20.0,143.196632,True,1,43,False
4,11;29;32;45,64,64,11.366784,3.268435456,14.635219456,98.535528,20.0,118.535528,True,1,43,False
5,11;29;32;45;91,80,48,14.381952,3.33554432,17.71749632,73.909992,20.0,93.909992,True,1,43,False
6,11;29;32;45;91;94,96,32,17.385888,3.402653184,20.788541184,49.285704,20.0,69.285704,True,1,43,False
7,11;29;32;45;91;94;98,112,16,20.327112,3.469762048,23.796874048,24.661104,20.0,44.661104,True,1,43,True
8,11;29;32;45;86;91;94;98,124,4,23.221536,3.520093696,26.741629696,6.190392,20.0,46.741629696,True,1,43,False
9,10;11;29;32;45;86;91;94;98,128,0,26.303784,3.536870912,29.840654912,0.0,20.0,49.840654912,True,1,43,False
0,,0,128,0.0,0.0,0.0,197.072304,20.0,217.072304,True,1,44,False
1,15,16,112,2.461056,3.067108864,5.528164864,172.447704,20.0,192.447704,True,1,44,False
2,15;40,32,96,5.406336,3.134217728,8.540553728,147.822168,20.0,167.822168,True,1,44,False
3,15;40;63,48,80,8.421504,3.201326592,11.622830592,123.196632,20.0,143.196632,True,1,44,False
4,15;40;63;79,64,64,11.366784,3.268435456,14.635219456,98.535528,20.0,118.535528,True,1,44,False
5,15;40;63;79;96,80,48,14.381952,3.33554432,17.71749632,73.909992,20.0,93.909992,True,1,44,False
6,15;40;63;79;96;104,96,32,17.385888,3.402653184,20.788541184,49.285704,20.0,69.285704,True,1,44,False
7,15;40;63;79;96;104;108,112,16,20.327112,3.469762048,23.796874048,24.661104,20.0,44.661104,True,1,44,True
8,15;40;63;79;96;104;108;112,127,1,23.276448,3.532676608,26.809124608,1.591512,20.0,46.809124608,True,1,44,False
9,15;40;63;79;96;103;104;108;112,128,0,26.303784,3.536870912,29.840654912,0.0,20.0,49.840654912,True,1,44,False
0,,0,128,0.0,0.0,0.0,197.072304,20.0,217.072304,True,1,45,False
1,1,16,112,2.461056,3.067108864,5.528164864,172.447704,20.0,192.447704,True,1,45,False
2,1;4,32,96,5.406336,3.134217728,8.540553728,147.822168,20.0,167.822168,True,1,45,False
3,1;4;7,48,80,8.421504,3.201326592,11.622830592,123.196632,20.0,143.196632,True,1,45,False
4,1;4;7;18,64,64,11.366784,3.268435456,14.635219456,98.535528,20.0,118.535528,True,1,45,False
5,1;4;7;18;53,80,48,14.381952,3.33554432,17.71749632,73.909992,20.0,93.909992,True,1,45,False
6,1;4;7;18;53;54,96,32,17.385888,3.402653184,20.788541184,49.285704,20.0,69.285704,True,1,45,False
7,1;4;7;18;53;54;73,112,16,20.327112,3.469762048,23.796874048,24.661104,20.0,44.661104,True,1,45,True
8,1;4;7;18;53;54;73;89,128,0,23.288616,3.536870912,26.825486912,0.0,20.0,46.825486912,True,1,45,False
0,,0,128,0.0,0.0,0.0,197.072304,20.0,217.072304,True,1,46,False
1,4,16,112,2.461056,3.067108864,5.528164864,172.447704,20.0,192.447704,True,1,46,False
2,4;20,32,96,5.406336,3.134217728,8.540553728,147.822168,20.0,167.822168,True,1,46,False
3,4;20;40,48,80,8.421504,3.201326592,11.622830592,123.196632,20.0,143.196632,True,1,46,False
4,4;20;40;48,64,64,11.366784,3.268435456,14.635219456,98.535528,20.0,118.535528,True,1,46,False
5,4;20;40;48;102,80,48,14.381952,3.33554432,17.71749632,73.909992,20.0,93.909992,True,1,46,False
6,4;20;40;48;102;110,96,32,17.385888,3.402653184,20.788541184,49.285704,20.0,69.285704,True,1,46,False
7,4;20;40;48;102;110;119,112,16,20.327112,3.469762048,23.796874048,24.661104,20.0,44.661104,True,1,46,True
8,4;20;40;48;64;102;110;119,120,8,23.225904,3.50331648,26.72922048,12.347712,20.0,46.72922048,True,1,46,False
9,4;20;21;40;48;64;102;110;119,126,2,26.263848,3.528482304,29.792330304,3.112512,20.0,49.792330304,True,1,46,False
10,4;20;21;40;48;64;76;102;110;119,128,0,29.249064,3.536870912,32.785934912,0.0,20.0,52.785934912,True,1,46,False
0,,0,128,0.0,0.0,0.0,197.072304,20.0,217.072304,True,1,47,False
1,7,16,112,2.461056,3.067108864,5.528164864,172.447704,20.0,192.447704,True,1,47,False
2,7;38,32,96,5.406336,3.134217728,8.540553728,147.822168,20.0,167.822168,True,1,47,False
3,7;38;46,48,80,8.421504,3.201326592,11.622830592,123.196632,20.0,143.196632,True,1,47,False
4,7;38;46;54,64,64,11.366784,3.268435456,14.635219456,98.535528,20.0,118.535528,True,1,47,False
5,7;38;46;54;58,80,48,14.381952,3.33554432,17.71749632,73.909992,20.0,93.909992,True,1,47,False
6,7;38;46;54;58;76,96,32,17.385888,3.402653184,20.788541184,49.285704,20.0,69.285704,True,1,47,False
7,7;38;46;54;58;76;110,112,16,20.327112,3.469762048,23.796874048,24.661104,20.0,44.661104,True,1,47,True
8,7;38;46;54;58;76;79;110,125,3,23.247432,3.524288,26.77172,4.670016,20.0,46.77172,True,1,47,False
9,7;38;46;54;58;71;76;79;110,127,1,26.291616,3.532676608,29.824292608,1.591512,20.0,49.824292608,True,1,47,False
10,7;38;41;46;54;58;71;76;79;110,128,0,29.249064,3.536870912,32.785934912,0.0,20.0,52.785934912,True,1,47,False
0,,0,128,0.0,0.0,0.0,197.072304,20.0,217.072304,True,2,0,False
1,64,16,112,2.461056,3.067108864,5.528164864,172.447704,20.0,192.447704,True,2,0,False
2,64;67,32,96,5.406336,3.134217728,8.540553728,147.822168,20.0,167.822168,True,2,0,False
3,64;67;77,48,80,8.421504,3.201326592,11.622830592,123.196632,20.0,143.196632,True,2,0,False
4,64;67;77;79,64,64,11.366784,3.268435456,14.635219456,98.535528,20.0,118.535528,True,2,0,False
5,64;67;77;79;86,80,48,14.381952,3.33554432,17.71749632,73.909992,20.0,93.909992,True,2,0,False
6,64;67;77;79;86;91,96,32,17.385888,3.402653184,20.788541184,49.285704,20.0,69.285704,True,2,0,False
7,64;67;77;79;86;91;105,112,16,20.327112,3.469762048,23.796874048,24.661104,20.0,44.661104,True,2,0,True
8,64;67;77;79;86;91;105;112,128,0,23.288616,3.536870912,26.825486912,0.0,20.0,46.825486912,True,2,0,False
0,,0,128,0.0,0.0,0.0,197.072304,20.0,217.072304,True,2,1,False
1,8,16,112,2.461056,3.067108864,5.528164864,172.447704,20.0,192.447704,True,2,1,False
2,8;25,32,96,5.406336,3.134217728,8.540553728,147.822168,20.0,167.822168,True,2,1,False
3,8;25;68,48,80,8.421504,3.201326592,11.622830592,123.196632,20.0,143.196632,True,2,1,False
4,8;25;68;88,64,64,11.366784,3.268435456,14.635219456,98.535528,20.0,118.535528,True,2,1,False
5,8;25;68;88;90,80,48,14.381952,3.33554432,17.71749632,73.909992,20.0,93.909992,True,2,1,False
6,8;25;68;88;90;98,96,32,17.385888,3.402653184,20.788541184,49.285704,20.0,69.285704,True,2,1,False
7,8;25;68;88;90;98;101,112,16,20.327112,3.469762048,23.796874048,24.661104,20.0,44.661104,True,2,1,True
8,8;25;68;88;90;98;101;114,128,0,23.288616,3.536870912,26.825486912,0.0,20.0,46.825486912,True,2,1,False
0,,0,128,0.0,0.0,0.0,197.072304,20.0,217.072304,True,2,2,False
1,6,16,112,2.461056,3.067108864,5.528164864,172.447704,20.0,192.447704,True,2,2,False
2,6;23,32,96,5.406336,3.134217728,8.540553728,147.822168,20.0,167.822168,True,2,2,False
3,6;23;44,48,80,8.421504,3.201326592,11.622830592,123.196632,20.0,143.196632,True,2,2,False
4,6;23;44;46,64,64,11.366784,3.268435456,14.635219456,98.535528,20.0,118.535528,True,2,2,False
5,6;23;44;46;56,80,48,14.381952,3.33554432,17.71749632,73.909992,20.0,93.909992,True,2,2,False
6,6;23;44;46;56;71,96,32,17.385888,3.402653184,20.788541184,49.285704,20.0,69.285704,True,2,2,False
7,6;23;44;46;56;71;72,112,16,20.327112,3.469762048,23.796874048,24.661104,20.0,44.661104,True,2,2,True
8,6;23;44;46;56;71;72;94,128,0,23.288616,3.536870912,26.825486912,0.0,20.0,46.825486912,True,2,2,False
0,,0,128,0.0,0.0,0.0,197.072304,20.0,217.072304,True,2,3,False
1,3,16,112,2.461056,3.067108864,5.528164864,172.447704,20.0,192.447704,True,2,3,False
2,3;23,32,96,5.406336,3.134217728,8.540553728,147.822168,20.0,167.822168,True,2,3,False
3,3;23;29,48,80,8.421504,3.201326592,11.622830592,123.196632,20.0,143.196632,True,2,3,False
4,3;23;29;37,64,64,11.366784,3.268435456,14.635219456,98.535528,20.0,118.535528,True,2,3,False
5,3;23;29;37;42,80,48,14.381952,3.33554432,17.71749632,73.909992,20.0,93.909992,True,2,3,False
6,3;23;29;37;42;71,96,32,17.385888,3.402653184,20.788541184,49.285704,20.0,69.285704,True,2,3,False
7,3;23;29;37;42;71;99,112,16,20.327112,3.469762048,23.796874048,24.661104,20.0,44.661104,True,2,3,True
8,3;23;29;37;42;71;99;114,121,7,23.186592,3.507510784,26.694102784,10.827336,20.0,46.694102784,True,2,3,False
9,3;23;29;37;42;56;71;99;114,128,0,26.303784,3.536870912,29.840654912,0.0,20.0,49.840654912,True,2,3,False
0,,0,128,0.0,0.0,0.0,197.072304,20.0,217.072304,True,2,4,False
1,12,16,112,2.461056,3.067108864,5.528164864,172.447704,20.0,192.447704,True,2,4,False
2,12;14,32,96,5.406336,3.134217728,8.540553728,147.822168,20.0,167.822168,True,2,4,False
3,12;14;19,48,80,8.421504,3.201326592,11.622830592,123.196632,20.0,143.196632,True,2,4,False
4,12;14;19;33,64,64,11.366784,3.268435456,14.635219456,98.535528,20.0,118.535528,True,2,4,False
5,12;14;19;33;108,80,48,14.381952,3.33554432,17.71749632,73.909992,20.0,93.909992,True,2,4,False
6,12;14;19;33;108;110,96,32,17.385888,3.402653184,20.788541184,49.285704,20.0,69.285704,True,2,4,False
7,12;14;19;33;108;110;121,112,16,20.327112,3.469762048,23.796874048,24.661104,20.0,44.661104,True,2,4,True
8,12;14;19;33;108;110;121;127,128,0,23.288616,3.536870912,26.825486912,0.0,20.0,46.825486912,True,2,4,False
0,,0,128,0.0,0.0,0.0,197.072304,20.0,217.072304,True,2,5,False
1,4,16,112,2.461056,3.067108864,5.528164864,172.447704,20.0,192.447704,True,2,5,False
2,4;6,32,96,5.406336,3.134217728,8.540553728,147.822168,20.0,167.822168,True,2,5,False
3,4;6;12,48,80,8.421504,3.201326592,11.622830592,123.196632,20.0,143.196632,True,2,5,False
4,4;6;12;24,64,64,11.366784,3.268435456,14.635219456,98.535528,20.0,118.535528,True,2,5,False
5,4;6;12;24;63,80,48,14.381952,3.33554432,17.71749632,73.909992,20.0,93.909992,True,2,5,False
6,4;6;12;24;63;65,96,32,17.385888,3.402653184,20.788541184,49.285704,20.0,69.285704,True,2,5,False
7,4;6;12;24;63;65;73,112,16,20.327112,3.469762048,23.796874048,24.661104,20.0,44.661104,True,2,5,True
8,4;6;12;24;63;65;73;104,128,0,23.288616,3.536870912,26.825486912,0.0,20.0,46.825486912,True,2,5,False
0,,0,128,0.0,0.0,0.0,197.072304,20.0,217.072304,True,2,6,False
1,33,16,112,2.461056,3.067108864,5.528164864,172.447704,20.0,192.447704,True,2,6,False
2,33;49,32,96,5.406336,3.134217728,8.540553728,147.822168,20.0,167.822168,True,2,6,False
3,33;49;58,48,80,8.421504,3.201326592,11.622830592,123.196632,20.0,143.196632,True,2,6,False
4,33;49;58;74,64,64,11.366784,3.268435456,14.635219456,98.535528,20.0,118.535528,True,2,6,False
5,33;49;58;74;82,80,48,14.381952,3.33554432,17.71749632,73.909992,20.0,93.909992,True,2,6,False
6,33;49;58;74;82;92,96,32,17.385888,3.402653184,20.788541184,49.285704,20.0,69.285704,True,2,6,False
7,33;49;58;74;82;92;112,112,16,20.327112,3.469762048,23.796874048,24.661104,20.0,44.661104,True,2,6,True
8,33;49;58;74;82;92;112;121,128,0,23.288616,3.536870912,26.825486912,0.0,20.0,46.825486912,True,2,6,False
0,,0,128,0.0,0.0,0.0,197.072304,20.0,217.072304,True,2,7,False
1,15,16,112,2.461056,3.067108864,5.528164864,172.447704,20.0,192.447704,True,2,7,False
2,15;17,32,96,5.406336,3.134217728,8.540553728,147.822168,20.0,167.822168,True,2,7,False
3,15;17;19,48,80,8.421504,3.201326592,11.622830592,123.196632,20.0,143.196632,True,2,7,False
4,15;17;19;24,64,64,11.366784,3.268435456,14.635219456,98.535528,20.0,118.535528,True,2,7,False
5,15;17;19;24;36,80,48,14.381952,3.33554432,17.71749632,73.909992,20.0,93.909992,True,2,7,False
6,15;17;19;24;36;44,96,32,17.385888,3.402653184,20.788541184,49.285704,20.0,69.285704,True,2,7,False
7,15;17;19;24;36;44;63,112,16,20.327112,3.469762048,23.796874048,24.661104,20.0,44.661104,True,2,7,True
8,15;17;19;24;36;44;63;114,128,0,23.288616,3.536870912,26.825486912,0.0,20.0,46.825486912,True,2,7,False
0,,0,128,0.0,0.0,0.0,197.072304,20.0,217.072304,True,2,8,False
1,23,16,112,2.461056,3.067108864,5.528164864,172.447704,20.0,192.447704,True,2,8,False
2,23;50,32,96,5.406336,3.134217728,8.540553728,147.822168,20.0,167.822168,True,2,8,False
3,23;50;54,48,80,8.421504,3.201326592,11.622830592,123.196632,20.0,143.196632,True,2,8,False
4,23;50;54;68,64,64,11.366784,3.268435456,14.635219456,98.535528,20.0,118.535528,True,2,8,False
5,23;50;54;68;76,80,48,14.381952,3.33554432,17.71749632,73.909992,20.0,93.909992,True,2,8,False
6,23;50;54;68;76;78,96,32,17.385888,3.402653184,20.788541184,49.285704,20.0,69.285704,True,2,8,False
7,23;50;54;68;76;78;100,112,16,20.327112,3.469762048,23.796874048,24.661104,20.0,44.661104,True,2,8,True
8,23;50;54;68;76;78;100;124,128,0,23.288616,3.536870912,26.825486912,0.0,20.0,46.825486912,True,2,8,False
0,,0,128,0.0,0.0,0.0,197.072304,20.0,217.072304,True,2,9,False
1,0,16,112,2.461056,3.067108864,5.528164864,172.447704,20.0,192.447704,True,2,9,False
2,0;8,32,96,5.406336,3.134217728,8.540553728,147.822168,20.0,167.822168,True,2,9,False
3,0;8;13,48,80,8.421504,3.201326592,11.622830592,123.196632,20.0,143.196632,True,2,9,False
4,0;8;13;23,64,64,11.366784,3.268435456,14.635219456,98.535528,20.0,118.535528,True,2,9,False
5,0;8;13;23;82,80,48,14.381952,3.33554432,17.71749632,73.909992,20.0,93.909992,True,2,9,False
6,0;8;13;23;82;92,96,32,17.385888,3.402653184,20.788541184,49.285704,20.0,69.285704,True,2,9,False
7,0;8;13;23;82;92;95,112,16,20.327112,3.469762048,23.796874048,24.661104,20.0,44.661104,True,2,9,True
8,0;8;13;23;82;92;95;107,128,0,23.288616,3.536870912,26.825486912,0.0,20.0,46.825486912,True,2,9,False
0,,0,128,0.0,0.0,0.0,197.072304,20.0,217.072304,True,2,10,False
1,1,16,112,2.461056,3.067108864,5.528164864,172.447704,20.0,192.447704,True,2,10,False
2,1;5,32,96,5.406336,3.134217728,8.540553728,147.822168,20.0,167.822168,True,2,10,False
3,1;5;6,48,80,8.421504,3.201326592,11.622830592,123.196632,20.0,143.196632,True,2,10,False
4,1;5;6;19,64,64,11.366784,3.268435456,14.635219456,98.535528,20.0,118.535528,True,2,10,False
5,1;5;6;19;48,80,48,14.381952,3.33554432,17.71749632,73.909992,20.0,93.909992,True,2,10,False
6,1;5;6;19;48;66,96,32,17.385888,3.402653184,20.788541184,49.285704,20.0,69.285704,True,2,10,False
7,1;5;6;19;48;66;92,112,16,20.327112,3.469762048,23.796874048,24.661104,20.0,44.661104,True,2,10,True
8,1;5;6;19;48;66;92;98,128,0,23.288616,3.536870912,26.825486912,0.0,20.0,46.825486912,True,2,10,False
0,,0,128,0.0,0.0,0.0,197.072304,20.0,217.072304,True,2,11,False
1,14,16,112,2.461056,3.067108864,5.528164864,172.447704,20.0,192.447704,True,2,11,False
2,14;17,32,96,5.406336,3.134217728,8.540553728,147.822168,20.0,167.822168,True,2,11,False
3,14;17;48,48,80,8.421504,3.201326592,11.622830592,123.196632,20.0,143.196632,True,2,11,False
4,14;17;48;62,64,64,11.366784,3.268435456,14.635219456,98.535528,20.0,118.535528,True,2,11,False
5,14;17;48;62;81,80,48,14.381952,3.33554432,17.71749632,73.909992,20.0,93.909992,True,2,11,False
6,14;17;48;62;81;120,96,32,17.385888,3.402653184,20.788541184,49.285704,20.0,69.285704,True,2,11,False
7,14;17;48;62;81;120;121,112,16,20.327112,3.469762048,23.796874048,24.661104,20.0,44.661104,True,2,11,True
8,14;17;48;54;62;81;120;121,122,6,23.228712,3.511705088,26.740417088,9.268896,20.0,46.740417088,True,2,11,False
9,14;17;22;48;54;62;81;120;121,128,0,26.303784,3.536870912,29.840654912,0.0,20.0,49.840654912,True,2,11,False
0,,0,128,0.0,0.0,0.0,197.072304,20.0,217.072304,True,2,12,False
1,11,16,112,2.461056,3.067108864,5.528164864,172.447704,20.0,192.447704,True,2,12,False
2,11;18,32,96,5.406336,3.134217728,8.540553728,147.822168,20.0,167.822168,True,2,12,False
3,11;18;19,48,80,8.421504,3.201326592,11.622830592,123.196632,20.0,143.196632,True,2,12,False
4,11;18;19;40,64,64,11.366784,3.268435456,14.635219456,98.535528,20.0,118.535528,True,2,12,False
5,11;18;19;40;41,80,48,14.381952,3.33554432,17.71749632,73.909992,20.0,93.909992,True,2,12,False
6,11;18;19;40;41;57,96,32,17.385888,3.402653184,20.788541184,49.285704,20.0,69.285704,True,2,12,False
7,11;18;19;40;41;49;57,111,17,20.337096,3.465567744,23.802663744,26.217672,20.0,46.217672,True,2,12,True
8,11;18;19;27;40;41;49;57,122,6,23.228712,3.511705088,26.740417088,9.268896,20.0,46.740417088,True,2,12,False
9,11;18;19;27;28;40;41;49;57,128,0,26.303784,3.536870912,29.840654912,0.0,20.0,49.840654912,True,2,12,False
0,,0,128,0.0,0.0,0.0,197.072304,20.0,217.072304,True,2,13,False
1,1,16,112,2.461056,3.067108864,5.528164864,172.447704,20.0,192.447704,True,2,13,False
2,1;27,32,96,5.406336,3.134217728,8.540553728,147.822168,20.0,167.822168,True,2,13,False
3,1;27;34,48,80,8.421504,3.201326592,11.622830592,123.196632,20.0,143.196632,True,2,13,False
4,1;27;34;63,64,64,11.366784,3.268435456,14.635219456,98.535528,20.0,118.535528,True,2,13,False
5,1;27;34;63;91,80,48,14.381952,3.33554432,17.71749632,73.909992,20.0,93.909992,True,2,13,False
6,1;27;34;63;91;92,96,32,17.385888,3.402653184,20.788541184,49.285704,20.0,69.285704,True,2,13,False
7,1;27;34;63;91;92;104,112,16,20.327112,3.469762048,23.796874048,24.661104,20.0,44.661104,True,2,13,True
8,1;27;34;63;91;92;104;117,128,0,23.288616,3.536870912,26.825486912,0.0,20.0,46.825486912,True,2,13,False
0,,0,128,0.0,0.0,0.0,197.072304,20.0,217.072304,True,2,14,False
1,2,16,112,2.461056,3.067108864,5.528164864,172.447704,20.0,192.447704,True,2,14,False
2,2;5,32,96,5.406336,3.134217728,8.540553728,147.822168,20.0,167.822168,True,2,14,False
3,2;5;14,48,80,8.421504,3.201326592,11.622830592,123.196632,20.0,143.196632,True,2,14,False
4,2;5;14;81,64,64,11.366784,3.268435456,14.635219456,98.535528,20.0,118.535528,True,2,14,False
5,2;5;14;81;102,80,48,14.381952,3.33554432,17.71749632,73.909992,20.0,93.909992,True,2,14,False
6,2;5;14;81;102;108,96,32,17.385888,3.402653184,20.788541184,49.285704,20.0,69.285704,True,2,14,False
7,2;5;14;81;102;108;109,112,16,20.327112,3.469762048,23.796874048,24.661104,20.0,44.661104,True,2,14,True
8,2;5;14;81;102;108;109;113,128,0,23.288616,3.536870912,26.825486912,0.0,20.0,46.825486912,True,2,14,False
0,,0,128,0.0,0.0,0.0,197.072304,20.0,217.072304,True,2,15,False
1,2,16,112,2.461056,3.067108864,5.528164864,172.447704,20.0,192.447704,True,2,15,False
2,2;50,32,96,5.406336,3.134217728,8.540553728,147.822168,20.0,167.822168,True,2,15,False
3,2;50;51,48,80,8.421504,3.201326592,11.622830592,123.196632,20.0,143.196632,True,2,15,False
4,2;50;51;58,64,64,11.366784,3.268435456,14.635219456,98.535528,20.0,118.535528,True,2,15,False
5,2;50;51;58;64,80,48,14.381952,3.33554432,17.71749632,73.909992,20.0,93.909992,True,2,15,False
6,2;50;51;58;64;84,96,32,17.385888,3.402653184,20.788541184,49.285704,20.0,69.285704,True,2,15,False
7,2;50;51;58;64;84;125,112,16,20.327112,3.469762048,23.796874048,24.661104,20.0,44.661104,True,2,15,True
8,2;50;51;58;64;84;125;127,128,0,23.288616,3.536870912,26.825486912,0.0,20.0,46.825486912,True,2,15,False
0,,0,128,0.0,0.0,0.0,197.072304,20.0,217.072304,True,2,16,False
1,42,16,112,2.461056,3.067108864,5.528164864,172.447704,20.0,192.447704,True,2,16,False
2,42;48,32,96,5.406336,3.134217728,8.540553728,147.822168,20.0,167.822168,True,2,16,False
3,42;48;62,48,80,8.421504,3.201326592,11.622830592,123.196632,20.0,143.196632,True,2,16,False
4,42;48;62;94,64,64,11.366784,3.268435456,14.635219456,98.535528,20.0,118.535528,True,2,16,False
5,42;48;62;94;97,80,48,14.381952,3.33554432,17.71749632,73.909992,20.0,93.909992,True,2,16,False
6,42;48;62;94;97;98,96,32,17.385888,3.402653184,20.788541184,49.285704,20.0,69.285704,True,2,16,False
7,42;48;62;94;97;98;107,112,16,20.327112,3.469762048,23.796874048,24.661104,20.0,44.661104,True,2,16,True
8,42;48;62;94;97;98;107;122,128,0,23.288616,3.536870912,26.825486912,0.0,20.0,46.825486912,True,2,16,False
0,,0,128,0.0,0.0,0.0,197.072304,20.0,217.072304,True,2,17,False
1,73,16,112,2.461056,3.067108864,5.528164864,172.447704,20.0,192.447704,True,2,17,False
2,73;80,32,96,5.406336,3.134217728,8.540553728,147.822168,20.0,167.822168,True,2,17,False
3,73;80;82,48,80,8.421504,3.201326592,11.622830592,123.196632,20.0,143.196632,True,2,17,False
4,73;80;82;94,64,64,11.366784,3.268435456,14.635219456,98.535528,20.0,118.535528,True,2,17,False
5,73;80;82;94;116,80,48,14.381952,3.33554432,17.71749632,73.909992,20.0,93.909992,True,2,17,False
6,73;80;82;94;116;122,96,32,17.385888,3.402653184,20.788541184,49.285704,20.0,69.285704,True,2,17,False
7,73;80;82;94;116;122;123,112,16,20.327112,3.469762048,23.796874048,24.661104,20.0,44.661104,True,2,17,True
8,73;80;82;94;116;122;123;124,128,0,23.288616,3.536870912,26.825486912,0.0,20.0,46.825486912,True,2,17,False
0,,0,128,0.0,0.0,0.0,197.072304,20.0,217.072304,True,2,18,False
1,20,16,112,2.461056,3.067108864,5.528164864,172.447704,20.0,192.447704,True,2,18,False
2,20;32,32,96,5.406336,3.134217728,8.540553728,147.822168,20.0,167.822168,True,2,18,False
3,20;32;58,48,80,8.421504,3.201326592,11.622830592,123.196632,20.0,143.196632,True,2,18,False
4,20;32;58;74,64,64,11.366784,3.268435456,14.635219456,98.535528,20.0,118.535528,True,2,18,False
5,20;32;58;74;82,80,48,14.381952,3.33554432,17.71749632,73.909992,20.0,93.909992,True,2,18,False
6,20;32;58;74;82;87,96,32,17.385888,3.402653184,20.788541184,49.285704,20.0,69.285704,True,2,18,False
7,20;32;58;74;82;87;91,112,16,20.327112,3.469762048,23.796874048,24.661104,20.0,44.661104,True,2,18,True
8,20;32;58;74;82;87;91;112,128,0,23.288616,3.536870912,26.825486912,0.0,20.0,46.825486912,True,2,18,False
0,,0,128,0.0,0.0,0.0,197.072304,20.0,217.072304,True,2,19,False
1,24,16,112,2.461056,3.067108864,5.528164864,172.447704,20.0,192.447704,True,2,19,False
2,24;29,32,96,5.406336,3.134217728,8.540553728,147.822168,20.0,167.822168,True,2,19,False
3,24;29;44,48,80,8.421504,3.201326592,11.622830592,123.196632,20.0,143.196632,True,2,19,False
4,24;29;44;52,64,64,11.366784,3.268435456,14.635219456,98.535528,20.0,118.535528,True,2,19,False
5,24;29;44;52;56,80,48,14.381952,3.33554432,17.71749632,73.909992,20.0,93.909992,True,2,19,False
6,24;29;44;52;56;63,96,32,17.385888,3.402653184,20.788541184,49.285704,20.0,69.285704,True,2,19,False
7,24;29;44;52;56;63;92,112,16,20.327112,3.469762048,23.796874048,24.661104,20.0,44.661104,True,2,19,True
8,24;29;44;52;56;63;92;119,128,0,23.288616,3.536870912,26.825486912,0.0,20.0,46.825486912,True,2,19,False
0,,0,128,0.0,0.0,0.0,197.072304,20.0,217.072304,True,2,20,False
1,0,16,112,2.461056,3.067108864,5.528164864,172.447704,20.0,192.447704,True,2,20,False
2,0;69,32,96,5.406336,3.134217728,8.540553728,147.822168,20.0,167.822168,True,2,20,False
3,0;69;76,48,80,8.421504,3.201326592,11.622830592,123.196632,20.0,143.196632,True,2,20,False
4,0;69;76;85,64,64,11.366784,3.268435456,14.635219456,98.535528,20.0,118.535528,True,2,20,False
5,0;69;76;85;92,80,48,14.381952,3.33554432,17.71749632,73.909992,20.0,93.909992,True,2,20,False
6,0;69;76;85;92;114,96,32,17.385888,3.402653184,20.788541184,49.285704,20.0,69.285704,True,2,20,False
7,0;69;76;85;92;114;124,112,16,20.327112,3.469762048,23.796874048,24.661104,20.0,44.661104,True,2,20,True
8,0;45;69;76;85;92;114;124,124,4,23.221536,3.520093696,26.741629696,6.190392,20.0,46.741629696,True,2,20,False
9,0;45;68;69;76;85;92;114;124,128,0,26.303784,3.536870912,29.840654912,0.0,20.0,49.840654912,True,2,20,False
0,,0,128,0.0,0.0,0.0,197.072304,20.0,217.072304,True,2,21,False
1,0,16,112,2.461056,3.067108864,5.528164864,172.447704,20.0,192.447704,True,2,21,False
2,0;2,32,96,5.406336,3.134217728,8.540553728,147.822168,20.0,167.822168,True,2,21,False
3,0;2;6,48,80,8.421504,3.201326592,11.622830592,123.196632,20.0,143.196632,True,2,21,False
4,0;2;6;8,64,64,11.366784,3.268435456,14.635219456,98.535528,20.0,118.535528,True,2,21,False
5,0;2;6;8;13,80,48,14.381952,3.33554432,17.71749632,73.909992,20.0,93.909992,True,2,21,False
6,0;2;6;8;13;63,96,32,17.385888,3.402653184,20.788541184,49.285704,20.0,69.285704,True,2,21,False
7,0;2;6;8;13;63;92,112,16,20.327112,3.469762048,23.796874048,24.661104,20.0,44.661104,True,2,21,True
8,0;2;6;8;13;63;92;107,128,0,23.288616,3.536870912,26.825486912,0.0,20.0,46.825486912,True,2,21,False
0,,0,128,0.0,0.0,0.0,197.072304,20.0,217.072304,True,2,22,False
1,1,16,112,2.461056,3.067108864,5.528164864,172.447704,20.0,192.447704,True,2,22,False
2,1;12,32,96,5.406336,3.134217728,8.540553728,147.822168,20.0,167.822168,True,2,22,False
3,1;12;31,48,80,8.421504,3.201326592,11.622830592,123.196632,20.0,143.196632,True,2,22,False
4,1;12;31;36,64,64,11.366784,3.268435456,14.635219456,98.535528,20.0,118.535528,True,2,22,False
5,1;12;31;36;48,80,48,14.381952,3.33554432,17.71749632,73.909992,20.0,93.909992,True,2,22,False
6,1;12;31;36;48;71,96,32,17.385888,3.402653184,20.788541184,49.285704,20.0,69.285704,True,2,22,False
7,1;12;31;36;48;71;92,112,16,20.327112,3.469762048,23.796874048,24.661104,20.0,44.661104,True,2,22,True
8,1;6;12;31;36;48;71;92,126,2,23.24868,3.528482304,26.777162304,3.112512,20.0,46.777162304,True,2,22,False
9,1;6;12;31;36;42;48;71;92,128,0,26.303784,3.536870912,29.840654912,0.0,20.0,49.840654912,True,2,22,False
0,,0,128,0.0,0.0,0.0,197.072304,20.0,217.072304,True,2,23,False
1,4,16,112,2.461056,3.067108864,5.528164864,172.447704,20.0,192.447704,True,2,23,False
2,4;31,32,96,5.406336,3.134217728,8.540553728,147.822168,20.0,167.822168,True,2,23,False
3,4;31;48,48,80,8.421504,3.201326592,11.622830592,123.196632,20.0,143.196632,True,2,23,False
4,4;31;48;62,64,64,11.366784,3.268435456,14.635219456,98.535528,20.0,118.535528,True,2,23,False
5,4;31;48;62;65,80,48,14.381952,3.33554432,17.71749632,73.909992,20.0,93.909992,True,2,23,False
6,4;31;48;62;65;81,96,32,17.385888,3.402653184,20.788541184,49.285704,20.0,69.285704,True,2,23,False
7,4;31;48;62;65;81;120,112,16,20.327112,3.469762048,23.796874048,24.661104,20.0,44.661104,True,2,23,True
8,4;31;48;62;65;81;120;121,128,0,23.288616,3.536870912,26.825486912,0.0,20.0,46.825486912,True,2,23,False
0,,0,128,0.0,0.0,0.0,197.072304,20.0,217.072304,True,2,24,False
1,11,16,112,2.461056,3.067108864,5.528164864,172.447704,20.0,192.447704,True,2,24,False
2,11;18,32,96,5.406336,3.134217728,8.540553728,147.822168,20.0,167.822168,True,2,24,False
3,11;18;19,48,80,8.421504,3.201326592,11.622830592,123.196632,20.0,143.196632,True,2,24,False
4,11;18;19;20,64,64,11.366784,3.268435456,14.635219456,98.535528,20.0,118.535528,True,2,24,False
5,11;18;19;20;28,80,48,14.381952,3.33554432,17.71749632,73.909992,20.0,93.909992,True,2,24,False
6,11;18;19;20;28;57,96,32,17.385888,3.402653184,20.788541184,49.285704,20.0,69.285704,True,2,24,False
7,11;18;19;20;28;57;59,112,16,20.327112,3.469762048,23.796874048,24.661104,20.0,44.661104,True,2,24,True
8,11;18;19;20;28;57;59;108,128,0,23.288616,3.536870912,26.825486912,0.0,20.0,46.825486912,True,2,24,False
0,,0,128,0.0,0.0,0.0,197.072304,20.0,217.072304,True,2,25,False
1,1,16,112,2.461056,3.067108864,5.528164864,172.447704,20.0,192.447704,True,2,25,False
2,1;13,32,96,5.406336,3.134217728,8.540553728,147.822168,20.0,167.822168,True,2,25,False
3,1;13;34,48,80,8.421504,3.201326592,11.622830592,123.196632,20.0,143.196632,True,2,25,False
4,1;13;34;74,64,64,11.366784,3.268435456,14.635219456,98.535528,20.0,118.535528,True,2,25,False
5,1;13;34;74;91,80,48,14.381952,3.33554432,17.71749632,73.909992,20.0,93.909992,True,2,25,False
6,1;13;34;74;91;110,96,32,17.385888,3.402653184,20.788541184,49.285704,20.0,69.285704,True,2,25,False
7,1;13;34;74;91;110;119,112,16,20.327112,3.469762048,23.796874048,24.661104,20.0,44.661104,True,2,25,True
8,1;13;34;74;91;110;119;124,128,0,23.288616,3.536870912,26.825486912,0.0,20.0,46.825486912,True,2,25,False
0,,0,128,0.0,0.0,0.0,197.072304,20.0,217.072304,True,2,26,False
1,2,16,112,2.461056,3.067108864,5.528164864,172.447704,20.0,192.447704,True,2,26,False
2,2;31,32,96,5.406336,3.134217728,8.540553728,147.822168,20.0,167.822168,True,2,26,False
3,2;31;72,48,80,8.421504,3.201326592,11.622830592,123.196632,20.0,143.196632,True,2,26,False
4,2;31;72;81,64,64,11.366784,3.268435456,14.635219456,98.535528,20.0,118.535528,True,2,26,False
5,2;31;72;81;91,80,48,14.381952,3.33554432,17.71749632,73.909992,20.0,93.909992,True,2,26,False
6,2;31;72;81;91;109,96,32,17.385888,3.402653184,20.788541184,49.285704,20.0,69.285704,True,2,26,False
7,2;31;72;81;91;109;113,112,16,20.327112,3.469762048,23.796874048,24.661104,20.0,44.661104,True,2,26,True
8,2;31;72;81;83;91;109;113,127,1,23.276448,3.532676608,26.809124608,1.591512,20.0,46.809124608,True,2,26,False
9,2;31;72;81;83;91;97;109;113,128,0,26.303784,3.536870912,29.840654912,0.0,20.0,49.840654912,True,2,26,False
0,,0,128,0.0,0.0,0.0,197.072304,20.0,217.072304,True,2,27,False
1,15,16,112,2.461056,3.067108864,5.528164864,172.447704,20.0,192.447704,True,2,27,False
2,15;21,32,96,5.406336,3.134217728,8.540553728,147.822168,20.0,167.822168,True,2,27,False
3,15;21;26,48,80,8.421504,3.201326592,11.622830592,123.196632,20.0,143.196632,True,2,27,False
4,15;21;26;27,64,64,11.366784,3.268435456,14.635219456,98.535528,20.0,118.535528,True,2,27,False
5,15;21;26;27;51,80,48,14.381952,3.33554432,17.71749632,73.909992,20.0,93.909992,True,2,27,False
6,15;21;26;27;51;64,96,32,17.385888,3.402653184,20.788541184,49.285704,20.0,69.285704,True,2,27,False
7,15;21;26;27;51;64;84,112,16,20.327112,3.469762048,23.796874048,24.661104,20.0,44.661104,True,2,27,True
8,15;21;26;27;51;64;84;118,128,0,23.288616,3.536870912,26.825486912,0.0,20.0,46.825486912,True,2,27,False
0,,0,128,0.0,0.0,0.0,197.072304,20.0,217.072304,True,2,28,False
1,27,16,112,2.461056,3.067108864,5.528164864,172.447704,20.0,192.447704,True,2,28,False
2,27;42,32,96,5.406336,3.134217728,8.540553728,147.822168,20.0,167.822168,True,2,28,False
3,27;42;70,48,80,8.421504,3.201326592,11.622830592,123.196632,20.0,143.196632,True,2,28,False
4,27;42;70;91,64,64,11.366784,3.268435456,14.635219456,98.535528,20.0,118.535528,True,2,28,False
5,27;42;70;91;98,80,48,14.381952,3.33554432,17.71749632,73.909992,20.0,93.909992,True,2,28,False
6,27;42;70;91;98;107,96,32,17.385888,3.402653184,20.788541184,49.285704,20.0,69.285704,True,2,28,False
7,27;42;70;91;98;107;122,112,16,20.327112,3.469762048,23.796874048,24.661104,20.0,44.661104,True,2,28,True
8,27;42;53;70;91;98;107;122,122,6,23.228712,3.511705088,26.740417088,9.268896,20.0,46.740417088,True,2,28,False
9,27;34;42;53;70;91;98;107;122,127,1,26.291616,3.532676608,29.824292608,1.591512,20.0,49.824292608,True,2,28,False
10,10;27;34;42;53;70;91;98;107;122,128,0,29.249064,3.536870912,32.785934912,0.0,20.0,52.785934912,True,2,28,False
0,,0,128,0.0,0.0,0.0,197.072304,20.0,217.072304,True,2,29,False
1,13,16,112,2.461056,3.067108864,5.528164864,172.447704,20.0,192.447704,True,2,29,False
2,13;37,32,96,5.406336,3.134217728,8.540553728,147.822168,20.0,167.822168,True,2,29,False
3,13;37;60,48,80,8.421504,3.201326592,11.622830592,123.196632,20.0,143.196632,True,2,29,False
4,13;37;60;94,64,64,11.366784,3.268435456,14.635219456,98.535528,20.0,118.535528,True,2,29,False
5,13;37;60;94;95,80,48,14.381952,3.33554432,17.71749632,73.909992,20.0,93.909992,True,2,29,False
6,13;37;60;94;95;120,96,32,17.385888,3.402653184,20.788541184,49.285704,20.0,69.285704,True,2,29,False
7,13;37;60;94;95;120;124,112,16,20.327112,3.469762048,23.796874048,24.661104,20.0,44.661104,True,2,29,True
8,13;37;60;70;94;95;120;124,121,7,23.186592,3.507510784,26.694102784,10.827336,20.0,46.694102784,True,2,29,False
9,13;37;40;60;70;94;95;120;124,126,2,26.263848,3.528482304,29.792330304,3.112512,20.0,49.792330304,True,2,29,False
10,13;37;40;60;70;94;95;96;120;124,128,0,29.249064,3.536870912,32.785934912,0.0,20.0,52.785934912,True,2,29,False
0,,0,128,0.0,0.0,0.0,197.072304,20.0,217.072304,True,2,30,False
1,0,16,112,2.461056,3.067108864,5.528164864,172.447704,20.0,192.447704,True,2,30,False
2,0;6,32,96,5.406336,3.134217728,8.540553728,147.822168,20.0,167.822168,True,2,30,False
3,0;6;58,48,80,8.421504,3.201326592,11.622830592,123.196632,20.0,143.196632,True,2,30,False
4,0;6;58;98,64,64,11.366784,3.268435456,14.635219456,98.535528,20.0,118.535528,True,2,30,False
5,0;6;58;98;104,80,48,14.381952,3.33554432,17.71749632,73.909992,20.0,93.909992,True,2,30,False
6,0;6;58;82;98;104,95,33,17.374656,3.39845888,20.77311488,50.843832,20.0,70.843832,True,2,30,False
7,0;6;39;58;82;98;104,105,23,20.368296,3.44040192,23.80869792,35.451936,20.0,55.451936,True,2,30,False
8,0;6;39;55;58;82;98;104,113,15,23.204064,3.473956352,26.678020352,23.140104,20.0,46.678020352,True,2,30,True
9,0;6;39;55;58;82;91;98;104,120,8,26.203008,3.50331648,29.70632448,12.348024,20.0,49.70632448,True,2,30,False
10,0;6;39;55;58;82;91;94;98;104,126,2,29.209128,3.528482304,32.737610304,3.112512,20.0,52.737610304,True,2,30,False
11,0;6;18;39;55;58;82;91;94;98;104,128,0,32.264232,3.536870912,35.801102912,0.0,20.0,55.801102912,True,2,30,False
0,,0,128,0.0,0.0,0.0,197.072304,20.0,217.072304,True,2,31,False
1,17,16,112,2.461056,3.067108864,5.528164864,172.447704,20.0,192.447704,True,2,31,False
2,17;28,32,96,5.406336,3.134217728,8.540553728,147.822168,20.0,167.822168,True,2,31,False
3,17;28;36,48,80,8.421504,3.201326592,11.622830592,123.196632,20.0,143.196632,True,2,31,False
4,17;28;36;44,64,64,11.366784,3.268435456,14.635219456,98.535528,20.0,118.535528,True,2,31,False
5,17;28;36;44;63,80,48,14.381952,3.33554432,17.71749632,73.909992,20.0,93.909992,True,2,31,False
6,17;28;36;44;63;102,96,32,17.385888,3.402653184,20.788541184,49.285704,20.0,69.285704,True,2,31,False
7,17;28;36;44;63;102;115,112,16,20.327112,3.469762048,23.796874048,24.661104,20.0,44.661104,True,2,31,True
8,17;24;28;36;44;63;102;115,125,3,23.247432,3.524288,26.77172,4.670016,20.0,46.77172,True,2,31,False
9,11;17;24;28;36;44;63;102;115,127,1,26.291616,3.532676608,29.824292608,1.591512,20.0,49.824292608,True,2,31,False
10,11;17;24;28;29;36;44;63;102;115,128,0,29.249064,3.536870912,32.785934912,0.0,20.0,52.785934912,True,2,31,False
0,,0,128,0.0,0.0,0.0,197.072304,20.0,217.072304,True,2,32,False
1,0,16,112,2.461056,3.067108864,5.528164864,172.447704,20.0,192.447704,True,2,32,False
2,0;4,32,96,5.406336,3.134217728,8.540553728,147.822168,20.0,167.822168,True,2,32,False
3,0;4;10,48,80,8.421504,3.201326592,11.622830592,123.196632,20.0,143.196632,True,2,32,False
4,0;4;10;69,64,64,11.366784,3.268435456,14.635219456,98.535528,20.0,118.535528,True,2,32,False
5,0;4;10;69;85,80,48,14.381952,3.33554432,17.71749632,73.909992,20.0,93.909992,True,2,32,False
6,0;4;10;69;85;90,96,32,17.385888,3.402653184,20.788541184,49.285704,20.0,69.285704,True,2,32,False
7,0;4;10;69;85;90;124,112,16,20.327112,3.469762048,23.796874048,24.661104,20.0,44.661104,True,2,32,True
8,0;4;10;48;69;85;90;124,121,7,23.186592,3.507510784,26.694102784,10.827336,20.0,46.694102784,True,2,32,False
9,0;4;10;48;69;72;85;90;124,128,0,26.303784,3.536870912,29.840654912,0.0,20.0,49.840654912,True,2,32,False
0,,0,128,0.0,0.0,0.0,197.072304,20.0,217.072304,True,2,33,False
1,8,16,112,2.461056,3.067108864,5.528164864,172.447704,20.0,192.447704,True,2,33,False
2,8;13,32,96,5.406336,3.134217728,8.540553728,147.822168,20.0,167.822168,True,2,33,False
3,8;13;26,48,80,8.421504,3.201326592,11.622830592,123.196632,20.0,143.196632,True,2,33,False
4,8;13;26;63,64,64,11.366784,3.268435456,14.635219456,98.535528,20.0,118.535528,True,2,33,False
5,8;13;26;63;107,80,48,14.381952,3.33554432,17.71749632,73.909992,20.0,93.909992,True,2,33,False
6,8;13;26;63;107;124,96,32,17.385888,3.402653184,20.788541184,49.285704,20.0,69.285704,True,2,33,False
7,8;13;26;38;63;107;124,110,18,20.296224,3.46137344,23.75759744,27.738672,20.0,47.738672,True,2,33,False
8,8;13;15;26;38;63;107;124,118,10,23.20656,3.494927872,26.701487872,15.426216,20.0,46.701487872,True,2,33,True
9,8;13;15;26;38;56;63;107;124,124,4,26.236704,3.520093696,29.756797696,6.190392,20.0,49.756797696,True,2,33,False
10,2;8;13;15;26;38;56;63;107;124,126,2,29.209128,3.528482304,32.737610304,3.112512,20.0,52.737610304,True,2,33,False
11,2;8;11;13;15;26;38;56;63;107;124,127,1,32.252064,3.532676608,35.784740608,1.591512,20.0,55.784740608,True,2,33,False
12,2;8;11;13;15;26;38;56;63;95;107;124,128,0,35.209512,3.536870912,38.746382912,0.0,20.0,58.746382912,True,2,33,False
0,,0,128,0.0,0.0,0.0,197.072304,20.0,217.072304,True,2,34,False
1,1,16,112,2.461056,3.067108864,5.528164864,172.447704,20.0,192.447704,True,2,34,False
2,1;5,32,96,5.406336,3.134217728,8.540553728,147.822168,20.0,167.822168,True,2,34,False
3,1;5;22,48,80,8.421504,3.201326592,11.622830592,123.196632,20.0,143.196632,True,2,34,False
4,1;5;22;42,64,64,11.366784,3.268435456,14.635219456,98.535528,20.0,118.535528,True,2,34,False
5,1;5;22;42;75,80,48,14.381952,3.33554432,17.71749632,73.909992,20.0,93.909992,True,2,34,False
6,1;5;22;42;75;92,96,32,17.385888,3.402653184,20.788541184,49.285704,20.0,69.285704,True,2,34,False
7,1;5;22;29;42;75;92,108,20,20.312136,3.452984832,23.765120832,30.816864,20.0,50.816864,True,2,34,False
8,1;5;22;29;42;75;89;92,118,10,23.20656,3.494927872,26.701487872,15.426216,20.0,46.701487872,True,2,34,True
9,1;5;8;22;29;42;75;89;92,124,4,26.236704,3.520093696,29.756797696,6.190392,20.0,49.756797696,True,2,34,False
10,0;1;5;8;22;29;42;75;89;92,126,2,29.209128,3.528482304,32.737610304,3.112512,20.0,52.737610304,True,2,34,False
11,0;1;5;8;10;22;29;42;75;89;92,128,0,32.264232,3.536870912,35.801102912,0.0,20.0,55.801102912,True,2,34,False
0,,0,128,0.0,0.0,0.0,197.072304,20.0,217.072304,True,2,35,False
1,17,16,112,2.461056,3.067108864,5.528164864,172.447704,20.0,192.447704,True,2,35,False
2,17;48,32,96,5.406336,3.134217728,8.540553728,147.822168,20.0,167.822168,True,2,35,False
3,17;48;51,48,80,8.421504,3.201326592,11.622830592,123.196632,20.0,143.196632,True,2,35,False
4,17;48;51;62,64,64,11.366784,3.268435456,14.635219456,98.535528,20.0,118.535528,True,2,35,False
5,17;48;51;62;81,80,48,14.381952,3.33554432,17.71749632,73.909992,20.0,93.909992,True,2,35,False
6,17;48;51;62;81;110,96,32,17.385888,3.402653184,20.788541184,49.285704,20.0,69.285704,True,2,35,False
7,17;48;51;62;81;110;120,112,16,20.327112,3.469762048,23.796874048,24.661104,20.0,44.661104,True,2,35,True
8,17;28;48;51;62;81;110;120,121,7,23.186592,3.507510784,26.694102784,10.827336,20.0,46.694102784,True,2,35,False
9,17;28;48;51;62;65;81;110;120,128,0,26.303784,3.536870912,29.840654912,0.0,20.0,49.840654912,True,2,35,False
0,,0,128,0.0,0.0,0.0,197.072304,20.0,217.072304,True,2,36,False
1,11,16,112,2.461056,3.067108864,5.528164864,172.447704,20.0,192.447704,True,2,36,False
2,11;18,32,96,5.406336,3.134217728,8.540553728,147.822168,20.0,167.822168,True,2,36,False
3,11;18;19,48,80,8.421504,3.201326592,11.622830592,123.196632,20.0,143.196632,True,2,36,False
4,11;18;19;20,64,64,11.366784,3.268435456,14.635219456,98.535528,20.0,118.535528,True,2,36,False
5,11;18;19;20;28,80,48,14.381952,3.33554432,17.71749632,73.909992,20.0,93.909992,True,2,36,False
6,11;18;19;20;28;57,96,32,17.385888,3.402653184,20.788541184,49.285704,20.0,69.285704,True,2,36,False
7,11;18;19;20;28;57;59,112,16,20.327112,3.469762048,23.796874048,24.661104,20.0,44.661104,True,2,36,True
8,11;18;19;20;28;57;59;62,128,0,23.288616,3.536870912,26.825486912,0.0,20.0,46.825486912,True,2,36,False
0,,0,128,0.0,0.0,0.0,197.072304,20.0,217.072304,True,2,37,False
1,1,16,112,2.461056,3.067108864,5.528164864,172.447704,20.0,192.447704,True,2,37,False
2,1;27,32,96,5.406336,3.134217728,8.540553728,147.822168,20.0,167.822168,True,2,37,False
3,1;27;34,48,80,8.421504,3.201326592,11.622830592,123.196632,20.0,143.196632,True,2,37,False
4,1;27;34;86,64,64,11.366784,3.268435456,14.635219456,98.535528,20.0,118.535528,True,2,37,False
5,1;27;34;86;91,80,48,14.381952,3.33554432,17.71749632,73.909992,20.0,93.909992,True,2,37,False
6,1;27;34;86;91;110,96,32,17.385888,3.402653184,20.788541184,49.285704,20.0,69.285704,True,2,37,False
7,1;27;34;86;91;110;119,112,16,20.327112,3.469762048,23.796874048,24.661104,20.0,44.661104,True,2,37,True
8,1;27;34;86;91;110;119;124,128,0,23.288616,3.536870912,26.825486912,0.0,20.0,46.825486912,True,2,37,False
0,,0,128,0.0,0.0,0.0,197.072304,20.0,217.072304,True,2,38,False
1,2,16,112,2.461056,3.067108864,5.528164864,172.447704,20.0,192.447704,True,2,38,False
2,2;31,32,96,5.406336,3.134217728,8.540553728,147.822168,20.0,167.822168,True,2,38,False
3,2;31;81,48,80,8.421504,3.201326592,11.622830592,123.196632,20.0,143.196632,True,2,38,False
4,2;31;81;91,64,64,11.366784,3.268435456,14.635219456,98.535528,20.0,118.535528,True,2,38,False
5,2;31;81;91;102,80,48,14.381952,3.33554432,17.71749632,73.909992,20.0,93.909992,True,2,38,False
6,2;31;81;91;102;108,96,32,17.385888,3.402653184,20.788541184,49.285704,20.0,69.285704,True,2,38,False
7,2;31;81;91;102;108;110,112,16,20.327112,3.469762048,23.796874048,24.661104,20.0,44.661104,True,2,38,True
8,2;31;81;91;102;108;110;113,128,0,23.288616,3.536870912,26.825486912,0.0,20.0,46.825486912,True,2,38,False
0,,0,128,0.0,0.0,0.0,197.072304,20.0,217.072304,True,2,39,False
1,5,16,112,2.461056,3.067108864,5.528164864,172.447704,20.0,192.447704,True,2,39,False
2,5;14,32,96,5.406336,3.134217728,8.540553728,147.822168,20.0,167.822168,True,2,39,False
3,5;14;16,48,80,8.421504,3.201326592,11.622830592,123.196632,20.0,143.196632,True,2,39,False
4,5;14;16;48,64,64,11.366784,3.268435456,14.635219456,98.535528,20.0,118.535528,True,2,39,False
5,5;14;16;48;51,80,48,14.381952,3.33554432,17.71749632,73.909992,20.0,93.909992,True,2,39,False
6,5;14;16;48;51;84,96,32,17.385888,3.402653184,20.788541184,49.285704,20.0,69.285704,True,2,39,False
7,5;14;16;48;51;84;125,112,16,20.327112,3.469762048,23.796874048,24.661104,20.0,44.661104,True,2,39,True
8,5;14;16;26;48;51;84;125,120,8,23.225904,3.50331648,26.72922048,12.347712,20.0,46.72922048,True,2,39,False
9,5;14;16;26;33;48;51;84;125,124,4,26.236704,3.520093696,29.756797696,6.190392,20.0,49.756797696,True,2,39,False
10,5;14;16;26;33;48;51;63;84;125,126,2,29.209128,3.528482304,32.737610304,3.112512,20.0,52.737610304,True,2,39,False
11,5;14;16;26;33;48;51;63;84;118;125,128,0,32.264232,3.536870912,35.801102912,0.0,20.0,55.801102912,True,2,39,False
0,,0,128,0.0,0.0,0.0,197.072304,20.0,217.072304,True,2,40,False
1,19,16,112,2.461056,3.067108864,5.528164864,172.447704,20.0,192.447704,True,2,40,False
2,19;91,32,96,5.406336,3.134217728,8.540553728,147.822168,20.0,167.822168,True,2,40,False
3,19;91;94,48,80,8.421504,3.201326592,11.622830592,123.196632,20.0,143.196632,True,2,40,False
4,19;91;94;98,64,64,11.366784,3.268435456,14.635219456,98.535528,20.0,118.535528,True,2,40,False
5,19;91;94;98;122,80,48,14.381952,3.33554432,17.71749632,73.909992,20.0,93.909992,True,2,40,False
6,19;27;91;94;98;122,95,33,17.374656,3.39845888,20.77311488,50.843832,20.0,70.843832,True,2,40,False
7,19;27;48;91;94;98;122,110,18,20.296224,3.46137344,23.75759744,27.738672,20.0,47.738672,True,2,40,False
8,19;27;48;53;91;94;98;122,119,9,23.25336,3.499122176,26.752482176,13.904904,20.0,46.752482176,True,2,40,True
9,11;19;27;48;53;91;94;98;122,126,2,26.263848,3.528482304,29.792330304,3.112512,20.0,49.792330304,True,2,40,False
10,11;19;27;33;48;53;91;94;98;122,128,0,29.249064,3.536870912,32.785934912,0.0,20.0,52.785934912,True,2,40,False
0,,0,128,0.0,0.0,0.0,197.072304,20.0,217.072304,True,2,41,False
1,37,16,112,2.461056,3.067108864,5.528164864,172.447704,20.0,192.447704,True,2,41,False
2,37;80,32,96,5.406336,3.134217728,8.540553728,147.822168,20.0,167.822168,True,2,41,False
3,37;80;81,48,80,8.421504,3.201326592,11.622830592,123.196632,20.0,143.196632,True,2,41,False
4,37;80;81;94,64,64,11.366784,3.268435456,14.635219456,98.535528,20.0,118.535528,True,2,41,False
5,37;80;81;94;100,80,48,14.381952,3.33554432,17.71749632,73.909992,20.0,93.909992,True,2,41,False
6,37;80;81;94;100;116,96,32,17.385888,3.402653184,20.788541184,49.285704,20.0,69.285704,True,2,41,False
7,37;80;81;94;100;116;122,112,16,20.327112,3.469762048,23.796874048,24.661104,20.0,44.661104,True,2,41,True
8,37;80;81;94;100;116;122;124,128,0,23.288616,3.536870912,26.825486912,0.0,20.0,46.825486912,True,2,41,False
0,,0,128,0.0,0.0,0.0,197.072304,20.0,217.072304,True,2,42,False
1,30,16,112,2.461056,3.067108864,5.528164864,172.447704,20.0,192.447704,True,2,42,False
2,30;43,32,96,5.406336,3.134217728,8.540553728,147.822168,20.0,167.822168,True,2,42,False
3,30;43;47,48,80,8.421504,3.201326592,11.622830592,123.196632,20.0,143.196632,True,2,42,False
4,30;43;47;66,64,64,11.366784,3.268435456,14.635219456,98.535528,20.0,118.535528,True,2,42,False
5,30;43;47;66;76,80,48,14.381952,3.33554432,17.71749632,73.909992,20.0,93.909992,True,2,42,False
6,30;43;47;66;76;88,96,32,17.385888,3.402653184,20.788541184,49.285704,20.0,69.285704,True,2,42,False
7,30;43;47;66;76;88;106,112,16,20.327112,3.469762048,23.796874048,24.661104,20.0,44.661104,True,2,42,True
8,14;30;43;47;66;76;88;106,120,8,23.225904,3.50331648,26.72922048,12.347712,20.0,46.72922048,True,2,42,False
9,0;14;30;43;47;66;76;88;106,126,2,26.263848,3.528482304,29.792330304,3.112512,20.0,49.792330304,True,2,42,False
10,0;14;30;43;47;66;76;88;106;112,128,0,29.249064,3.536870912,32.785934912,0.0,20.0,52.785934912,True,2,42,False
0,,0,128,0.0,0.0,0.0,197.072304,20.0,217.072304,True,2,43,False
1,11,16,112,2.461056,3.067108864,5.528164864,172.447704,20.0,192.447704,True,2,43,False
2,11;45,32,96,5.406336,3.134217728,8.540553728,147.822168,20.0,167.822168,True,2,43,False
3,11;45;80,48,80,8.421504,3.201326592,11.622830592,123.196632,20.0,143.196632,True,2,43,False
4,11;45;80;86,64,64,11.366784,3.268435456,14.635219456,98.535528,20.0,118.535528,True,2,43,False
5,11;45;80;86;98,80,48,14.381952,3.33554432,17.71749632,73.909992,20.0,93.909992,True,2,43,False
6,11;45;80;86;98;111,96,32,17.385888,3.402653184,20.788541184,49.285704,20.0,69.285704,True,2,43,False
7,11;20;45;80;86;98;111,109,19,20.378592,3.457179136,23.835771136,29.296488,20.0,49.296488,True,2,43,False
8,11;20;37;45;80;86;98;111,121,7,23.186592,3.507510784,26.694102784,10.827336,20.0,46.694102784,True,2,43,True
9,11;18;20;37;45;80;86;98;111,128,0,26.303784,3.536870912,29.840654912,0.0,20.0,49.840654912,True,2,43,False
0,,0,128,0.0,0.0,0.0,197.072304,20.0,217.072304,True,2,44,False
1,12,16,112,2.461056,3.067108864,5.528164864,172.447704,20.0,192.447704,True,2,44,False
2,12;15,32,96,5.406336,3.134217728,8.540553728,147.822168,20.0,167.822168,True,2,44,False
3,12;15;34,48,80,8.421504,3.201326592,11.622830592,123.196632,20.0,143.196632,True,2,44,False
4,12;15;34;79,64,64,11.366784,3.268435456,14.635219456,98.535528,20.0,118.535528,True,2,44,False
5,12;15;34;79;112,79,49,14.381952,3.331350016,17.713302016,75.467496,20.0,95.467496,True,2,44,False
6,2;12;15;34;79;112,93,35,17.383704,3.390070272,20.773774272,53.9214,20.0,73.9214,True,2,44,False
7,2;12;15;34;76;79;112,107,21,20.380464,3.448790528,23.829254528,32.374368,20.0,52.374368,True,2,44,False
8,2;12;15;34;76;79;96;112,116,12,23.220912,3.486539264,26.707451264,18.504096,20.0,46.707451264,True,2,44,True
9,2;12;15;34;76;79;96;112;119,122,6,26.24388,3.511705088,29.755585088,9.268896,20.0,49.755585088,True,2,44,False
10,2;12;15;34;70;76;79;96;112;119,126,2,29.209128,3.528482304,32.737610304,3.112512,20.0,52.737610304,True,2,44,False
11,2;12;15;34;50;70;76;79;96;112;119,128,0,32.264232,3.536870912,35.801102912,0.0,20.0,55.801102912,True,2,44,False
0,,0,128,0.0,0.0,0.0,197.072304,20.0,217.072304,True,2,45,False
1,1,16,112,2.461056,3.067108864,5.528164864,172.447704,20.0,192.447704,True,2,45,False
2,1;4,32,96,5.406336,3.134217728,8.540553728,147.822168,20.0,167.822168,True,2,45,False
3,1;4;7,48,80,8.421504,3.201326592,11.622830592,123.196632,20.0,143.196632,True,2,45,False
4,1;4;7;19,64,64,11.366784,3.268435456,14.635219456,98.535528,20.0,118.535528,True,2,45,False
5,1;4;7;19;26,80,48,14.381952,3.33554432,17.71749632,73.909992,20.0,93.909992,True,2,45,False
6,1;4;7;19;26;53,96,32,17.385888,3.402653184,20.788541184,49.285704,20.0,69.285704,True,2,45,False
7,1;4;7;19;26;53;73,112,16,20.327112,3.469762048,23.796874048,24.661104,20.0,44.661104,True,2,45,True
8,1;4;7;19;26;53;73;110,128,0,23.288616,3.536870912,26.825486912,0.0,20.0,46.825486912,True,2,45,False
0,,0,128,0.0,0.0,0.0,197.072304,20.0,217.072304,True,2,46,False
1,4,16,112,2.461056,3.067108864,5.528164864,172.447704,20.0,192.447704,True,2,46,False
2,4;14,32,96,5.406336,3.134217728,8.540553728,147.822168,20.0,167.822168,True,2,46,False
3,4;14;48,48,80,8.421504,3.201326592,11.622830592,123.196632,20.0,143.196632,True,2,46,False
4,4;14;48;102,64,64,11.366784,3.268435456,14.635219456,98.535528,20.0,118.535528,True,2,46,False
5,4;14;48;102;110,80,48,14.381952,3.33554432,17.71749632,73.909992,20.0,93.909992,True,2,46,False
6,4;14;20;48;102;110,95,33,17.374656,3.39845888,20.77311488,50.843832,20.0,70.843832,True,2,46,False
7,4;13;14;20;48;102;110,105,23,20.368296,3.44040192,23.80869792,35.451936,20.0,55.451936,True,2,46,False
8,4;13;14;18;20;48;102;110,114,14,23.30016,3.478150656,26.778310656,21.5826,20.0,46.778310656,True,2,46,True
9,4;13;14;18;20;48;102;110;119,121,7,26.20176,3.507510784,29.709270784,10.827336,20.0,49.709270784,True,2,46,False
10,4;13;14;18;20;42;48;102;110;119,127,1,29.236896,3.532676608,32.769572608,1.591512,20.0,52.769572608,True,2,46,False
11,4;13;14;18;20;42;48;64;102;110;119,128,0,32.264232,3.536870912,35.801102912,0.0,20.0,55.801102912,True,2,46,False
0,,0,128,0.0,0.0,0.0,197.072304,20.0,217.072304,True,2,47,False
1,7,16,112,2.461056,3.067108864,5.528164864,172.447704,20.0,192.447704,True,2,47,False
2,7;30,32,96,5.406336,3.134217728,8.540553728,147.822168,20.0,167.822168,True,2,47,False
3,7;30;38,48,80,8.421504,3.201326592,11.622830592,123.196632,20.0,143.196632,True,2,47,False
4,7;30;38;41,64,64,11.366784,3.268435456,14.635219456,98.535528,20.0,118.535528,True,2,47,False
5,7;30;38;41;46,80,48,14.381952,3.33554432,17.71749632,73.909992,20.0,93.909992,True,2,47,False
6,7;30;38;41;46;58,96,32,17.385888,3.402653184,20.788541184,49.285704,20.0,69.285704,True,2,47,False
7,7;30;38;41;46;58;108,112,16,20.327112,3.469762048,23.796874048,24.661104,20.0,44.661104,True,2,47,True
8,7;30;38;41;46;58;108;110,128,0,23.288616,3.536870912,26.825486912,0.0,20.0,46.825486912,True,2,47,False
0,,0,128,0.0,0.0,0.0,197.072304,20.0,217.072304,True,3,0,False
1,3,16,112,2.461056,3.067108864,5.528164864,172.447704,20.0,192.447704,True,3,0,False
2,3;12,32,96,5.406336,3.134217728,8.540553728,147.822168,20.0,167.822168,True,3,0,False
3,3;12;64,48,80,8.421504,3.201326592,11.622830592,123.196632,20.0,143.196632,True,3,0,False
4,3;12;64;67,64,64,11.366784,3.268435456,14.635219456,98.535528,20.0,118.535528,True,3,0,False
5,3;12;64;67;77,80,48,14.381952,3.33554432,17.71749632,73.909992,20.0,93.909992,True,3,0,False
6,3;12;64;67;77;79,96,32,17.385888,3.402653184,20.788541184,49.285704,20.0,69.285704,True,3,0,False
7,3;12;64;67;77;79;112,112,16,20.327112,3.469762048,23.796874048,24.661104,20.0,44.661104,True,3,0,True
8,3;12;64;67;77;79;112;122,128,0,23.288616,3.536870912,26.825486912,0.0,20.0,46.825486912,True,3,0,False
0,,0,128,0.0,0.0,0.0,197.072304,20.0,217.072304,True,3,1,False
1,13,16,112,2.461056,3.067108864,5.528164864,172.447704,20.0,192.447704,True,3,1,False
2,13;14,32,96,5.406336,3.134217728,8.540553728,147.822168,20.0,167.822168,True,3,1,False
3,13;14;36,48,80,8.421504,3.201326592,11.622830592,123.196632,20.0,143.196632,True,3,1,False
4,13;14;36;46,64,64,11.366784,3.268435456,14.635219456,98.535528,20.0,118.535528,True,3,1,False
5,13;14;36;46;92,80,48,14.381952,3.33554432,17.71749632,73.909992,20.0,93.909992,True,3,1,False
6,13;14;36;46;92;97,96,32,17.385888,3.402653184,20.788541184,49.285704,20.0,69.285704,True,3,1,False
7,13;14;36;46;92;97;101,112,16,20.327112,3.469762048,23.796874048,24.661104,20.0,44.661104,True,3,1,True
8,13;14;36;46;92;97;101;109,128,0,23.288616,3.536870912,26.825486912,0.0,20.0,46.825486912,True,3,1,False
0,,0,128,0.0,0.0,0.0,197.072304,20.0,217.072304,True,3,2,False
1,0,16,112,2.461056,3.067108864,5.528164864,172.447704,20.0,192.447704,True,3,2,False
2,0;49,32,96,5.406336,3.134217728,8.540553728,147.822168,20.0,167.822168,True,3,2,False
3,0;49;50,48,80,8.421504,3.201326592,11.622830592,123.196632,20.0,143.196632,True,3,2,False
4,0;49;50;56,64,64,11.366784,3.268435456,14.635219456,98.535528,20.0,118.535528,True,3,2,False
5,0;49;50;56;71,80,48,14.381952,3.33554432,17.71749632,73.909992,20.0,93.909992,True,3,2,False
6,0;49;50;56;71;72,96,32,17.385888,3.402653184,20.788541184,49.285704,20.0,69.285704,True,3,2,False
7,0;49;50;56;71;72;76,112,16,20.327112,3.469762048,23.796874048,24.661104,20.0,44.661104,True,3,2,True
8,0;49;50;56;71;72;76;126,128,0,23.288616,3.536870912,26.825486912,0.0,20.0,46.825486912,True,3,2,False
0,,0,128,0.0,0.0,0.0,197.072304,20.0,217.072304,True,3,3,False
1,3,16,112,2.461056,3.067108864,5.528164864,172.447704,20.0,192.447704,True,3,3,False
2,3;12,32,96,5.406336,3.134217728,8.540553728,147.822168,20.0,167.822168,True,3,3,False
3,3;12;23,48,80,8.421504,3.201326592,11.622830592,123.196632,20.0,143.196632,True,3,3,False
4,3;12;23;42,64,64,11.366784,3.268435456,14.635219456,98.535528,20.0,118.535528,True,3,3,False
5,3;12;23;42;46,80,48,14.381952,3.33554432,17.71749632,73.909992,20.0,93.909992,True,3,3,False
6,3;12;23;42;46;95,96,32,17.385888,3.402653184,20.788541184,49.285704,20.0,69.285704,True,3,3,False
7,3;12;23;42;46;95;99,112,16,20.327112,3.469762048,23.796874048,24.661104,20.0,44.661104,True,3,3,True
8,3;12;23;42;46;95;99;119,128,0,23.288616,3.536870912,26.825486912,0.0,20.0,46.825486912,True,3,3,False
0,,0,128,0.0,0.0,0.0,197.072304,20.0,217.072304,True,3,4,False
1,12,16,112,2.461056,3.067108864,5.528164864,172.447704,20.0,192.447704,True,3,4,False
2,12;19,32,96,5.406336,3.134217728,8.540553728,147.822168,20.0,167.822168,True,3,4,False
3,12;19;26,48,80,8.421504,3.201326592,11.622830592,123.196632,20.0,143.196632,True,3,4,False
4,12;19;26;43,64,64,11.366784,3.268435456,14.635219456,98.535528,20.0,118.535528,True,3,4,False
5,12;19;26;43;108,80,48,14.381952,3.33554432,17.71749632,73.909992,20.0,93.909992,True,3,4,False
6,12;19;26;43;108;110,96,32,17.385888,3.402653184,20.788541184,49.285704,20.0,69.285704,True,3,4,False
7,12;19;26;43;108;110;121,112,16,20.327112,3.469762048,23.796874048,24.661104,20.0,44.661104,True,3,4,True
8,12;19;26;43;60;108;110;121,121,7,23.186592,3.507510784,26.694102784,10.827336,20.0,46.694102784,True,3,4,False
9,12;14;19;26;43;60;108;110;121,128,0,26.303784,3.536870912,29.840654912,0.0,20.0,49.840654912,True,3,4,False
0,,0,128,0.0,0.0,0.0,197.072304,20.0,217.072304,True,3,5,False
1,4,16,112,2.461056,3.067108864,5.528164864,172.447704,20.0,192.447704,True,3,5,False
2,4;38,32,96,5.406336,3.134217728,8.540553728,147.822168,20.0,167.822168,True,3,5,False
3,4;38;43,48,80,8.421504,3.201326592,11.622830592,123.196632,20.0,143.196632,True,3,5,False
4,4;38;43;46,64,64,11.366784,3.268435456,14.635219456,98.535528,20.0,118.535528,True,3,5,False
5,4;38;43;46;65,80,48,14.381952,3.33554432,17.71749632,73.909992,20.0,93.909992,True,3,5,False
6,4;38;43;46;65;72,96,32,17.385888,3.402653184,20.788541184,49.285704,20.0,69.285704,True,3,5,False
7,4;38;43;46;65;72;73,112,16,20.327112,3.469762048,23.796874048,24.661104,20.0,44.661104,True,3,5,True
8,4;38;43;46;53;65;72;73,127,1,23.276448,3.532676608,26.809124608,1.591512,20.0,46.809124608,True,3,5,False
9,4;12;38;43;46;53;65;72;73,128,0,26.303784,3.536870912,29.840654912,0.0,20.0,49.840654912,True,3,5,False
0,,0,128,0.0,0.0,0.0,197.072304,20.0,217.072304,True,3,6,False
1,33,16,112,2.461056,3.067108864,5.528164864,172.447704,20.0,192.447704,True,3,6,False
2,33;49,32,96,5.406336,3.134217728,8.540553728,147.822168,20.0,167.822168,True,3,6,False
3,33;49;74,48,80,8.421504,3.201326592,11.622830592,123.196632,20.0,143.196632,True,3,6,False
4,33;49;74;82,64,64,11.366784,3.268435456,14.635219456,98.535528,20.0,118.535528,True,3,6,False
5,33;49;74;82;88,80,48,14.381952,3.33554432,17.71749632,73.909992,20.0,93.909992,True,3,6,False
6,33;49;74;82;88;92,96,32,17.385888,3.402653184,20.788541184,49.285704,20.0,69.285704,True,3,6,False
7,33;49;74;82;88;92;112,112,16,20.327112,3.469762048,23.796874048,24.661104,20.0,44.661104,True,3,6,True
8,33;49;74;82;88;92;112;121,128,0,23.288616,3.536870912,26.825486912,0.0,20.0,46.825486912,True,3,6,False
0,,0,128,0.0,0.0,0.0,197.072304,20.0,217.072304,True,3,7,False
1,11,16,112,2.461056,3.067108864,5.528164864,172.447704,20.0,192.447704,True,3,7,False
2,11;12,32,96,5.406336,3.134217728,8.540553728,147.822168,20.0,167.822168,True,3,7,False
3,11;12;15,48,80,8.421504,3.201326592,11.622830592,123.196632,20.0,143.196632,True,3,7,False
4,11;12;15;19,64,64,11.366784,3.268435456,14.635219456,98.535528,20.0,118.535528,True,3,7,False
5,11;12;15;19;29,80,48,14.381952,3.33554432,17.71749632,73.909992,20.0,93.909992,True,3,7,False
6,11;12;15;19;29;44,96,32,17.385888,3.402653184,20.788541184,49.285704,20.0,69.285704,True,3,7,False
7,11;12;15;19;29;44;63,112,16,20.327112,3.469762048,23.796874048,24.661104,20.0,44.661104,True,3,7,True
8,11;12;15;19;29;44;63;114,128,0,23.288616,3.536870912,26.825486912,0.0,20.0,46.825486912,True,3,7,False
0,,0,128,0.0,0.0,0.0,197.072304,20.0,217.072304,True,3,8,False
1,23,16,112,2.461056,3.067108864,5.528164864,172.447704,20.0,192.447704,True,3,8,False
2,23;45,32,96,5.406336,3.134217728,8.540553728,147.822168,20.0,167.822168,True,3,8,False
3,23;45;50,48,80,8.421504,3.201326592,11.622830592,123.196632,20.0,143.196632,True,3,8,False
4,23;45;50;54,64,64,11.366784,3.268435456,14.635219456,98.535528,20.0,118.535528,True,3,8,False
5,23;45;50;54;68,80,48,14.381952,3.33554432,17.71749632,73.909992,20.0,93.909992,True,3,8,False
6,23;45;50;54;68;85,96,32,17.385888,3.402653184,20.788541184,49.285704,20.0,69.285704,True,3,8,False
7,23;45;50;54;68;85;117,112,16,20.327112,3.469762048,23.796874048,24.661104,20.0,44.661104,True,3,8,True
8,23;32;45;50;54;68;85;117,127,1,23.276448,3.532676608,26.809124608,1.591512,20.0,46.809124608,True,3,8,False
9,23;32;45;50;54;68;76;85;117,128,0,26.303784,3.536870912,29.840654912,0.0,20.0,49.840654912,True,3,8,False
0,,0,128,0.0,0.0,0.0,197.072304,20.0,217.072304,True,3,9,False
1,13,16,112,2.461056,3.067108864,5.528164864,172.447704,20.0,192.447704,True,3,9,False
2,13;16,32,96,5.406336,3.134217728,8.540553728,147.822168,20.0,167.822168,True,3,9,False
3,13;16;21,48,80,8.421504,3.201326592,11.622830592,123.196632,20.0,143.196632,True,3,9,False
4,13;16;21;23,64,64,11.366784,3.268435456,14.635219456,98.535528,20.0,118.535528,True,3,9,False
5,13;16;21;23;63,80,48,14.381952,3.33554432,17.71749632,73.909992,20.0,93.909992,True,3,9,False
6,13;16;21;23;63;67,96,32,17.385888,3.402653184,20.788541184,49.285704,20.0,69.285704,True,3,9,False
7,13;16;21;23;63;67;92,112,16,20.327112,3.469762048,23.796874048,24.661104,20.0,44.661104,True,3,9,True
8,13;16;21;23;63;67;80;92,127,1,23.276448,3.532676608,26.809124608,1.591512,20.0,46.809124608,True,3,9,False
9,13;16;21;23;63;67;70;80;92,128,0,26.303784,3.536870912,29.840654912,0.0,20.0,49.840654912,True,3,9,False
0,,0,128,0.0,0.0,0.0,197.072304,20.0,217.072304,True,3,10,False
1,1,16,112,2.461056,3.067108864,5.528164864,172.447704,20.0,192.447704,True,3,10,False
2,1;5,32,96,5.406336,3.134217728,8.540553728,147.822168,20.0,167.822168,True,3,10,False
3,1;5;31,48,80,8.421504,3.201326592,11.622830592,123.196632,20.0,143.196632,True,3,10,False
4,1;5;31;36,64,64,11.366784,3.268435456,14.635219456,98.535528,20.0,118.535528,True,3,10,False
5,1;5;31;36;42,80,48,14.381952,3.33554432,17.71749632,73.909992,20.0,93.909992,True,3,10,False
6,1;5;31;36;42;48,96,32,17.385888,3.402653184,20.788541184,49.285704,20.0,69.285704,True,3,10,False
7,1;5;31;36;42;48;92,112,16,20.327112,3.469762048,23.796874048,24.661104,20.0,44.661104,True,3,10,True
8,1;5;19;31;36;42;48;92,127,1,23.276448,3.532676608,26.809124608,1.591512,20.0,46.809124608,True,3,10,False
9,1;5;19;31;36;42;48;68;92,128,0,26.303784,3.536870912,29.840654912,0.0,20.0,49.840654912,True,3,10,False
0,,0,128,0.0,0.0,0.0,197.072304,20.0,217.072304,True,3,11,False
1,15,16,112,2.461056,3.067108864,5.528164864,172.447704,20.0,192.447704,True,3,11,False
2,15;22,32,96,5.406336,3.134217728,8.540553728,147.822168,20.0,167.822168,True,3,11,False
3,15;22;52,48,80,8.421504,3.201326592,11.622830592,123.196632,20.0,143.196632,True,3,11,False
4,15;22;52;54,64,64,11.366784,3.268435456,14.635219456,98.535528,20.0,118.535528,True,3,11,False
5,15;22;52;54;76,80,48,14.381952,3.33554432,17.71749632,73.909992,20.0,93.909992,True,3,11,False
6,15;22;52;54;76;81,96,32,17.385888,3.402653184,20.788541184,49.285704,20.0,69.285704,True,3,11,False
7,15;22;52;54;76;81;121,112,16,20.327112,3.469762048,23.796874048,24.661104,20.0,44.661104,True,3,11,True
8,15;22;25;52;54;76;81;121,122,6,23.228712,3.511705088,26.740417088,9.268896,20.0,46.740417088,True,3,11,False
9,3;15;22;25;52;54;76;81;121,128,0,26.303784,3.536870912,29.840654912,0.0,20.0,49.840654912,True,3,11,False
0,,0,128,0.0,0.0,0.0,197.072304,20.0,217.072304,True,3,12,False
1,1,16,112,2.461056,3.067108864,5.528164864,172.447704,20.0,192.447704,True,3,12,False
2,1;11,32,96,5.406336,3.134217728,8.540553728,147.822168,20.0,167.822168,True,3,12,False
3,1;11;18,48,80,8.421504,3.201326592,11.622830592,123.196632,20.0,143.196632,True,3,12,False
4,1;11;18;49,64,64,11.366784,3.268435456,14.635219456,98.535528,20.0,118.535528,True,3,12,False
5,1;11;18;49;57,80,48,14.381952,3.33554432,17.71749632,73.909992,20.0,93.909992,True,3,12,False
6,1;11;18;49;57;77,96,32,17.385888,3.402653184,20.788541184,49.285704,20.0,69.285704,True,3,12,False
7,1;11;18;49;57;77;78,112,16,20.327112,3.469762048,23.796874048,24.661104,20.0,44.661104,True,3,12,True
8,1;11;18;27;49;57;77;78,122,6,23.228712,3.511705088,26.740417088,9.268896,20.0,46.740417088,True,3,12,False
9,1;11;18;27;49;57;62;77;78,128,0,26.303784,3.536870912,29.840654912,0.0,20.0,49.840654912,True,3,12,False
0,,0,128,0.0,0.0,0.0,197.072304,20.0,217.072304,True,3,13,False
1,20,16,112,2.461056,3.067108864,5.528164864,172.447704,20.0,192.447704,True,3,13,False
2,20;27,32,96,5.406336,3.134217728,8.540553728,147.822168,20.0,167.822168,True,3,13,False
3,20;27;63,48,80,8.421504,3.201326592,11.622830592,123.196632,20.0,143.196632,True,3,13,False
4,20;27;63;91,64,64,11.366784,3.268435456,14.635219456,98.535528,20.0,118.535528,True,3,13,False
5,20;27;63;91;110,80,48,14.381952,3.33554432,17.71749632,73.909992,20.0,93.909992,True,3,13,False
6,20;27;63;91;110;122,96,32,17.385888,3.402653184,20.788541184,49.285704,20.0,69.285704,True,3,13,False
7,20;27;37;63;91;110;122,110,18,20.296224,3.46137344,23.75759744,27.738672,20.0,47.738672,True,3,13,False
8,20;27;34;37;63;91;110;122,119,9,23.25336,3.499122176,26.752482176,13.904904,20.0,46.752482176,True,3,13,True
9,20;27;34;37;63;91;104;110;122,128,0,26.303784,3.536870912,29.840654912,0.0,20.0,49.840654912,True,3,13,False
0,,0,128,0.0,0.0,0.0,197.072304,20.0,217.072304,True,3,14,False
1,2,16,112,2.461056,3.067108864,5.528164864,172.447704,20.0,192.447704,True,3,14,False
2,2;5,32,96,5.406336,3.134217728,8.540553728,147.822168,20.0,167.822168,True,3,14,False
3,2;5;14,48,80,8.421504,3.201326592,11.622830592,123.196632,20.0,143.196632,True,3,14,False
4,2;5;14;61,64,64,11.366784,3.268435456,14.635219456,98.535528,20.0,118.535528,True,3,14,False
5,2;5;14;61;81,80,48,14.381952,3.33554432,17.71749632,73.909992,20.0,93.909992,True,3,14,False
6,2;5;14;61;81;83,96,32,17.385888,3.402653184,20.788541184,49.285704,20.0,69.285704,True,3,14,False
7,2;5;14;61;81;83;97,112,16,20.327112,3.469762048,23.796874048,24.661104,20.0,44.661104,True,3,14,True
8,2;5;14;61;81;83;97;109,128,0,23.288616,3.536870912,26.825486912,0.0,20.0,46.825486912,True,3,14,False
0,,0,128,0.0,0.0,0.0,197.072304,20.0,217.072304,True,3,15,False
1,2,16,112,2.461056,3.067108864,5.528164864,172.447704,20.0,192.447704,True,3,15,False
2,2;21,32,96,5.406336,3.134217728,8.540553728,147.822168,20.0,167.822168,True,3,15,False
3,2;21;50,48,80,8.421504,3.201326592,11.622830592,123.196632,20.0,143.196632,True,3,15,False
4,2;21;50;58,64,64,11.366784,3.268435456,14.635219456,98.535528,20.0,118.535528,True,3,15,False
5,2;21;50;58;64,80,48,14.381952,3.33554432,17.71749632,73.909992,20.0,93.909992,True,3,15,False
6,2;21;50;58;64;84,96,32,17.385888,3.402653184,20.788541184,49.285704,20.0,69.285704,True,3,15,False
7,2;21;50;58;64;84;122,112,16,20.327112,3.469762048,23.796874048,24.661104,20.0,44.661104,True,3,15,True
8,2;21;50;58;64;84;122;127,128,0,23.288616,3.536870912,26.825486912,0.0,20.0,46.825486912,True,3,15,False
0,,0,128,0.0,0.0,0.0,197.072304,20.0,217.072304,True,3,16,False
1,23,16,112,2.461056,3.067108864,5.528164864,172.447704,20.0,192.447704,True,3,16,False
2,23;42,32,96,5.406336,3.134217728,8.540553728,147.822168,20.0,167.822168,True,3,16,False
3,23;42;48,48,80,8.421504,3.201326592,11.622830592,123.196632,20.0,143.196632,True,3,16,False
4,23;42;48;54,64,64,11.366784,3.268435456,14.635219456,98.535528,20.0,118.535528,True,3,16,False
5,23;42;48;54;62,80,48,14.381952,3.33554432,17.71749632,73.909992,20.0,93.909992,True,3,16,False
6,23;42;48;54;62;97,96,32,17.385888,3.402653184,20.788541184,49.285704,20.0,69.285704,True,3,16,False
7,23;42;48;54;62;97;107,112,16,20.327112,3.469762048,23.796874048,24.661104,20.0,44.661104,True,3,16,True
8,23;42;48;54;62;97;107;122,128,0,23.288616,3.536870912,26.825486912,0.0,20.0,46.825486912,True,3,16,False
0,,0,128,0.0,0.0,0.0,197.072304,20.0,217.072304,True,3,17,False
1,73,16,112,2.461056,3.067108864,5.528164864,172.447704,20.0,192.447704,True,3,17,False
2,73;80,32,96,5.406336,3.134217728,8.540553728,147.822168,20.0,167.822168,True,3,17,False
3,73;80;96,48,80,8.421504,3.201326592,11.622830592,123.196632,20.0,143.196632,True,3,17,False
4,73;80;96;108,64,64,11.366784,3.268435456,14.635219456,98.535528,20.0,118.535528,True,3,17,False
5,73;80;96;108;122,80,48,14.381952,3.33554432,17.71749632,73.909992,20.0,93.909992,True,3,17,False
6,73;80;96;108;122;124,96,32,17.385888,3.402653184,20.788541184,49.285704,20.0,69.285704,True,3,17,False
7,13;73;80;96;108;122;124,111,17,20.337096,3.465567744,23.802663744,26.217672,20.0,46.217672,True,3,17,True
8,13;73;80;96;108;116;122;124,126,2,23.24868,3.528482304,26.777162304,3.112512,20.0,46.777162304,True,3,17,False
9,13;73;80;96;108;116;122;123;124,128,0,26.303784,3.536870912,29.840654912,0.0,20.0,49.840654912,True,3,17,False
0,,0,128,0.0,0.0,0.0,197.072304,20.0,217.072304,True,3,18,False
1,32,16,112,2.461056,3.067108864,5.528164864,172.447704,20.0,192.447704,True,3,18,False
2,32;58,32,96,5.406336,3.134217728,8.540553728,147.822168,20.0,167.822168,True,3,18,False
3,32;58;82,48,80,8.421504,3.201326592,11.622830592,123.196632,20.0,143.196632,True,3,18,False
4,32;58;82;88,64,64,11.366784,3.268435456,14.635219456,98.535528,20.0,118.535528,True,3,18,False
5,32;58;82;88;91,80,48,14.381952,3.33554432,17.71749632,73.909992,20.0,93.909992,True,3,18,False
6,32;58;82;88;91;107,96,32,17.385888,3.402653184,20.788541184,49.285704,20.0,69.285704,True,3,18,False
7,32;58;82;88;91;107;112,112,16,20.327112,3.469762048,23.796874048,24.661104,20.0,44.661104,True,3,18,True
8,32;58;82;88;91;107;112;126,128,0,23.288616,3.536870912,26.825486912,0.0,20.0,46.825486912,True,3,18,False
0,,0,128,0.0,0.0,0.0,197.072304,20.0,217.072304,True,3,19,False
1,28,16,112,2.461056,3.067108864,5.528164864,172.447704,20.0,192.447704,True,3,19,False
2,28;29,32,96,5.406336,3.134217728,8.540553728,147.822168,20.0,167.822168,True,3,19,False
3,28;29;52,48,80,8.421504,3.201326592,11.622830592,123.196632,20.0,143.196632,True,3,19,False
4,28;29;52;56,64,64,11.366784,3.268435456,14.635219456,98.535528,20.0,118.535528,True,3,19,False
5,28;29;52;56;92,80,48,14.381952,3.33554432,17.71749632,73.909992,20.0,93.909992,True,3,19,False
6,28;29;52;56;92;114,96,32,17.385888,3.402653184,20.788541184,49.285704,20.0,69.285704,True,3,19,False
7,28;29;52;56;92;114;119,112,16,20.327112,3.469762048,23.796874048,24.661104,20.0,44.661104,True,3,19,True
8,15;28;29;52;56;92;114;119,125,3,23.247432,3.524288,26.77172,4.670016,20.0,46.77172,True,3,19,False
9,15;24;28;29;52;56;92;114;119,128,0,26.303784,3.536870912,29.840654912,0.0,20.0,49.840654912,True,3,19,False
0,,0,128,0.0,0.0,0.0,197.072304,20.0,217.072304,True,3,20,False
1,6,16,112,2.461056,3.067108864,5.528164864,172.447704,20.0,192.447704,True,3,20,False
2,6;45,32,96,5.406336,3.134217728,8.540553728,147.822168,20.0,167.822168,True,3,20,False
3,6;45;53,48,80,8.421504,3.201326592,11.622830592,123.196632,20.0,143.196632,True,3,20,False
4,6;45;53;69,64,64,11.366784,3.268435456,14.635219456,98.535528,20.0,118.535528,True,3,20,False
5,6;45;53;69;85,80,48,14.381952,3.33554432,17.71749632,73.909992,20.0,93.909992,True,3,20,False
6,6;45;53;69;85;92,96,32,17.385888,3.402653184,20.788541184,49.285704,20.0,69.285704,True,3,20,False
7,6;45;53;69;85;92;114,112,16,20.327112,3.469762048,23.796874048,24.661104,20.0,44.661104,True,3,20,True
8,6;45;53;69;76;85;92;114,120,8,23.225904,3.50331648,26.72922048,12.347712,20.0,46.72922048,True,3,20,False
9,6;45;53;54;69;76;85;92;114,124,4,26.236704,3.520093696,29.756797696,6.190392,20.0,49.756797696,True,3,20,False
10,6;45;53;54;69;72;76;85;92;114,128,0,29.249064,3.536870912,32.785934912,0.0,20.0,52.785934912,True,3,20,False
0,,0,128,0.0,0.0,0.0,197.072304,20.0,217.072304,True,3,21,False
1,0,16,112,2.461056,3.067108864,5.528164864,172.447704,20.0,192.447704,True,3,21,False
2,0;2,32,96,5.406336,3.134217728,8.540553728,147.822168,20.0,167.822168,True,3,21,False
3,0;2;11,48,80,8.421504,3.201326592,11.622830592,123.196632,20.0,143.196632,True,3,21,False
4,0;2;11;13,64,64,11.366784,3.268435456,14.635219456,98.535528,20.0,118.535528,True,3,21,False
5,0;2;11;13;51,80,48,14.381952,3.33554432,17.71749632,73.909992,20.0,93.909992,True,3,21,False
6,0;2;11;13;51;56,96,32,17.385888,3.402653184,20.788541184,49.285704,20.0,69.285704,True,3,21,False
7,0;2;11;13;51;56;63,112,16,20.327112,3.469762048,23.796874048,24.661104,20.0,44.661104,True,3,21,True
8,0;2;11;13;38;51;56;63,125,3,23.247432,3.524288,26.77172,4.670016,20.0,46.77172,True,3,21,False
9,0;2;11;13;38;51;56;63;67,127,1,26.291616,3.532676608,29.824292608,1.591512,20.0,49.824292608,True,3,21,False
10,0;2;11;13;38;51;56;63;67;92,128,0,29.249064,3.536870912,32.785934912,0.0,20.0,52.785934912,True,3,21,False
0,,0,128,0.0,0.0,0.0,197.072304,20.0,217.072304,True,3,22,False
1,1,16,112,2.461056,3.067108864,5.528164864,172.447704,20.0,192.447704,True,3,22,False
2,1;12,32,96,5.406336,3.134217728,8.540553728,147.822168,20.0,167.822168,True,3,22,False
3,1;12;31,48,80,8.421504,3.201326592,11.622830592,123.196632,20.0,143.196632,True,3,22,False
4,1;12;31;36,64,64,11.366784,3.268435456,14.635219456,98.535528,20.0,118.535528,True,3,22,False
5,1;12;31;36;48,80,48,14.381952,3.33554432,17.71749632,73.909992,20.0,93.909992,True,3,22,False
6,1;12;31;36;48;71,96,32,17.385888,3.402653184,20.788541184,49.285704,20.0,69.285704,True,3,22,False
7,1;12;31;36;48;71;75,112,16,20.327112,3.469762048,23.796874048,24.661104,20.0,44.661104,True,3,22,True
8,1;12;31;36;48;71;75;92,128,0,23.288616,3.536870912,26.825486912,0.0,20.0,46.825486912,True,3,22,False
0,,0,128,0.0,0.0,0.0,197.072304,20.0,217.072304,True,3,23,False
1,4,16,112,2.461056,3.067108864,5.528164864,172.447704,20.0,192.447704,True,3,23,False
2,4;15,32,96,5.406336,3.134217728,8.540553728,147.822168,20.0,167.822168,True,3,23,False
3,4;15;25,48,80,8.421504,3.201326592,11.622830592,123.196632,20.0,143.196632,True,3,23,False
4,4;15;25;48,64,64,11.366784,3.268435456,14.635219456,98.535528,20.0,118.535528,True,3,23,False
5,4;15;25;48;54,80,48,14.381952,3.33554432,17.71749632,73.909992,20.0,93.909992,True,3,23,False
6,4;15;25;48;54;76,96,32,17.385888,3.402653184,20.788541184,49.285704,20.0,69.285704,True,3,23,False
7,4;15;25;48;54;76;81,112,16,20.327112,3.469762048,23.796874048,24.661104,20.0,44.661104,True,3,23,True
8,4;15;25;48;54;76;81;121,128,0,23.288616,3.536870912,26.825486912,0.0,20.0,46.825486912,True,3,23,False
0,,0,128,0.0,0.0,0.0,197.072304,20.0,217.072304,True,3,24,False
1,1,16,112,2.461056,3.067108864,5.528164864,172.447704,20.0,192.447704,True,3,24,False
2,1;11,32,96,5.406336,3.134217728,8.540553728,147.822168,20.0,167.822168,True,3,24,False
3,1;11;18,48,80,8.421504,3.201326592,11.622830592,123.196632,20.0,143.196632,True,3,24,False
4,1;11;18;37,64,64,11.366784,3.268435456,14.635219456,98.535528,20.0,118.535528,True,3,24,False
5,1;11;18;37;77,80,48,14.381952,3.33554432,17.71749632,73.909992,20.0,93.909992,True,3,24,False
6,1;11;18;37;77;89,96,32,17.385888,3.402653184,20.788541184,49.285704,20.0,69.285704,True,3,24,False
7,1;11;18;37;77;89;108,112,16,20.327112,3.469762048,23.796874048,24.661104,20.0,44.661104,True,3,24,True
8,1;11;18;20;37;77;89;108,121,7,23.186592,3.507510784,26.694102784,10.827336,20.0,46.694102784,True,3,24,False
9,1;11;18;20;28;37;77;89;108,125,3,26.2626,3.524288,29.786888,4.670016,20.0,49.786888,True,3,24,False
10,1;11;18;20;28;37;49;77;89;108,128,0,29.249064,3.536870912,32.785934912,0.0,20.0,52.785934912,True,3,24,False
0,,0,128,0.0,0.0,0.0,197.072304,20.0,217.072304,True,3,25,False
1,37,16,112,2.461056,3.067108864,5.528164864,172.447704,20.0,192.447704,True,3,25,False
2,37;50,32,96,5.406336,3.134217728,8.540553728,147.822168,20.0,167.822168,True,3,25,False
3,37;50;91,48,80,8.421504,3.201326592,11.622830592,123.196632,20.0,143.196632,True,3,25,False
4,37;50;91;110,64,64,11.366784,3.268435456,14.635219456,98.535528,20.0,118.535528,True,3,25,False
5,34;37;50;91;110,79,49,14.381952,3.331350016,17.713302016,75.467496,20.0,95.467496,True,3,25,False
6,34;37;50;52;91;110,91,37,17.36436,3.381681664,20.746041664,56.99928,20.0,76.99928,True,3,25,False
7,1;34;37;50;52;91;110,102,26,20.348952,3.427819008,23.776771008,40.051752,20.0,60.051752,True,3,25,False
8,1;34;37;50;52;72;91;110,111,17,23.2284,3.465567744,26.693967744,26.217984,20.0,46.693967744,True,3,25,True
9,1;34;37;50;52;72;91;110;122,118,10,26.17524,3.494927872,29.670167872,15.426216,20.0,49.670167872,True,3,25,False
10,1;34;37;50;52;72;91;110;116;122,123,5,29.15016,3.515899392,32.666059392,7.747896,20.0,52.666059392,True,3,25,False
11,1;34;37;50;52;72;91;110;116;122;124,128,0,32.264232,3.536870912,35.801102912,0.0,20.0,55.801102912,True,3,25,False
0,,0,128,0.0,0.0,0.0,197.072304,20.0,217.072304,True,3,26,False
1,2,16,112,2.461056,3.067108864,5.528164864,172.447704,20.0,192.447704,True,3,26,False
2,2;9,32,96,5.406336,3.134217728,8.540553728,147.822168,20.0,167.822168,True,3,26,False
3,2;9;31,48,80,8.421504,3.201326592,11.622830592,123.196632,20.0,143.196632,True,3,26,False
4,2;9;31;72,64,64,11.366784,3.268435456,14.635219456,98.535528,20.0,118.535528,True,3,26,False
5,2;9;31;72;81,80,48,14.381952,3.33554432,17.71749632,73.909992,20.0,93.909992,True,3,26,False
6,2;9;31;72;81;109,96,32,17.385888,3.402653184,20.788541184,49.285704,20.0,69.285704,True,3,26,False
7,2;9;31;61;72;81;109,111,17,20.337096,3.465567744,23.802663744,26.217672,20.0,46.217672,True,3,26,True
8,2;9;31;61;72;81;109;113,126,2,23.24868,3.528482304,26.777162304,3.112512,20.0,46.777162304,True,3,26,False
9,2;9;31;61;72;81;87;109;113,128,0,26.303784,3.536870912,29.840654912,0.0,20.0,49.840654912,True,3,26,False
0,,0,128,0.0,0.0,0.0,197.072304,20.0,217.072304,True,3,27,False
1,2,16,112,2.461056,3.067108864,5.528164864,172.447704,20.0,192.447704,True,3,27,False
2,2;11,32,96,5.406336,3.134217728,8.540553728,147.822168,20.0,167.822168,True,3,27,False
3,2;11;15,48,80,8.421504,3.201326592,11.622830592,123.196632,20.0,143.196632,True,3,27,False
4,2;11;15;84,64,64,11.366784,3.268435456,14.635219456,98.535528,20.0,118.535528,True,3,27,False
5,2;11;15;84;118,80,48,14.381952,3.33554432,17.71749632,73.909992,20.0,93.909992,True,3,27,False
6,2;11;15;84;118;122,96,32,17.385888,3.402653184,20.788541184,49.285704,20.0,69.285704,True,3,27,False
7,2;11;15;21;84;118;122,110,18,20.296224,3.46137344,23.75759744,27.738672,20.0,47.738672,True,3,27,False
8,2;11;15;21;26;84;118;122,123,5,23.189712,3.515899392,26.705611392,7.747896,20.0,46.705611392,True,3,27,True
9,2;11;15;21;24;26;84;118;122,128,0,26.303784,3.536870912,29.840654912,0.0,20.0,49.840654912,True,3,27,False
0,,0,128,0.0,0.0,0.0,197.072304,20.0,217.072304,True,3,28,False
1,23,16,112,2.461056,3.067108864,5.528164864,172.447704,20.0,192.447704,True,3,28,False
2,23;42,32,96,5.406336,3.134217728,8.540553728,147.822168,20.0,167.822168,True,3,28,False
3,23;42;48,48,80,8.421504,3.201326592,11.622830592,123.196632,20.0,143.196632,True,3,28,False
4,23;42;48;54,64,64,11.366784,3.268435456,14.635219456,98.535528,20.0,118.535528,True,3,28,False
5,23;42;48;54;107,80,48,14.381952,3.33554432,17.71749632,73.909992,20.0,93.909992,True,3,28,False
6,23;42;48;54;107;122,96,32,17.385888,3.402653184,20.788541184,49.285704,20.0,69.285704,True,3,28,False
7,23;42;48;54;91;107;122,110,18,20.296224,3.46137344,23.75759744,27.738672,20.0,47.738672,True,3,28,False
8,23;42;48;54;74;91;107;122,122,6,23.228712,3.511705088,26.740417088,9.268896,20.0,46.740417088,True,3,28,True
9,23;42;48;54;74;91;97;107;122,128,0,26.303784,3.536870912,29.840654912,0.0,20.0,49.840654912,True,3,28,False
0,,0,128,0.0,0.0,0.0,197.072304,20.0,217.072304,True,3,29,False
1,13,16,112,2.461056,3.067108864,5.528164864,172.447704,20.0,192.447704,True,3,29,False
2,13;34,32,96,5.406336,3.134217728,8.540553728,147.822168,20.0,167.822168,True,3,29,False
3,13;34;37,48,80,8.421504,3.201326592,11.622830592,123.196632,20.0,143.196632,True,3,29,False
4,13;34;37;50,64,64,11.366784,3.268435456,14.635219456,98.535528,20.0,118.535528,True,3,29,False
5,13;34;37;50;51,80,48,14.381952,3.33554432,17.71749632,73.909992,20.0,93.909992,True,3,29,False
6,13;34;37;50;51;96,96,32,17.385888,3.402653184,20.788541184,49.285704,20.0,69.285704,True,3,29,False
7,13;34;37;50;51;96;108,112,16,20.327112,3.469762048,23.796874048,24.661104,20.0,44.661104,True,3,29,True
8,13;34;37;50;51;96;108;120,128,0,23.288616,3.536870912,26.825486912,0.0,20.0,46.825486912,True,3,29,False
0,,0,128,0.0,0.0,0.0,197.072304,20.0,217.072304,True,3,30,False
1,55,16,112,2.461056,3.067108864,5.528164864,172.447704,20.0,192.447704,True,3,30,False
2,55;88,32,96,5.406336,3.134217728,8.540553728,147.822168,20.0,167.822168,True,3,30,False
3,55;88;104,48,80,8.421504,3.201326592,11.622830592,123.196632,20.0,143.196632,True,3,30,False
4,55;88;104;108,64,64,11.366784,3.268435456,14.635219456,98.535528,20.0,118.535528,True,3,30,False
5,55;88;104;108;120,80,48,14.381952,3.33554432,17.71749632,73.909992,20.0,93.909992,True,3,30,False
6,55;88;104;108;120;126,96,32,17.385888,3.402653184,20.788541184,49.285704,20.0,69.285704,True,3,30,False
7,55;88;91;104;108;120;126,111,17,20.337096,3.465567744,23.802663744,26.217672,20.0,46.217672,True,3,30,True
8,6;55;88;91;104;108;120;126,122,6,23.228712,3.511705088,26.740417088,9.268896,20.0,46.740417088,True,3,30,False
9,6;55;88;91;104;107;108;120;126,126,2,26.263848,3.528482304,29.792330304,3.112512,20.0,49.792330304,True,3,30,False
10,6;55;87;88;91;104;107;108;120;126,128,0,29.249064,3.536870912,32.785934912,0.0,20.0,52.785934912,True,3,30,False
0,,0,128,0.0,0.0,0.0,197.072304,20.0,217.072304,True,3,31,False
1,15,16,112,2.461056,3.067108864,5.528164864,172.447704,20.0,192.447704,True,3,31,False
2,15;24,32,96,5.406336,3.134217728,8.540553728,147.822168,20.0,167.822168,True,3,31,False
3,15;24;28,48,80,8.421504,3.201326592,11.622830592,123.196632,20.0,143.196632,True,3,31,False
4,15;24;28;36,64,64,11.366784,3.268435456,14.635219456,98.535528,20.0,118.535528,True,3,31,False
5,15;24;28;36;59,80,48,14.381952,3.33554432,17.71749632,73.909992,20.0,93.909992,True,3,31,False
6,15;24;28;36;59;114,96,32,17.385888,3.402653184,20.788541184,49.285704,20.0,69.285704,True,3,31,False
7,11;15;24;28;36;59;114,108,20,20.312136,3.452984832,23.765120832,30.816864,20.0,50.816864,True,3,31,False
8,11;15;24;28;36;59;63;114,117,11,23.213736,3.490733568,26.704469568,16.983408,20.0,46.704469568,True,3,31,True
9,11;15;24;28;36;41;59;63;114,123,5,26.20488,3.515899392,29.720779392,7.747896,20.0,49.720779392,True,3,31,False
10,11;15;24;28;36;41;59;63;114;119,127,1,29.236896,3.532676608,32.769572608,1.591512,20.0,52.769572608,True,3,31,False
11,11;15;24;28;36;41;59;63;108;114;119,128,0,32.264232,3.536870912,35.801102912,0.0,20.0,55.801102912,True,3,31,False
0,,0,128,0.0,0.0,0.0,197.072304,20.0,217.072304,True,3,32,False
1,6,16,112,2.461056,3.067108864,5.528164864,172.447704,20.0,192.447704,True,3,32,False
2,6;24,32,96,5.406336,3.134217728,8.540553728,147.822168,20.0,167.822168,True,3,32,False
3,6;24;48,48,80,8.421504,3.201326592,11.622830592,123.196632,20.0,143.196632,True,3,32,False
4,6;24;48;85,64,64,11.366784,3.268435456,14.635219456,98.535528,20.0,118.535528,True,3,32,False
5,6;24;48;85;124,80,48,14.381952,3.33554432,17.71749632,73.909992,20.0,93.909992,True,3,32,False
6,6;18;24;48;85;124,93,35,17.383704,3.390070272,20.773774272,53.9214,20.0,73.9214,True,3,32,False
7,6;10;18;24;48;85;124,104,24,20.3892,3.436207616,23.825407616,36.973248,20.0,56.973248,True,3,32,False
8,6;10;18;24;48;85;113;124,115,13,23.327304,3.48234496,26.80964896,20.060976,20.0,46.80964896,True,3,32,True
9,6;10;18;24;48;51;85;113;124,125,3,26.2626,3.524288,29.786888,4.670016,20.0,49.786888,True,3,32,False
10,6;10;18;24;48;51;85;92;113;124,127,1,29.236896,3.532676608,32.769572608,1.591512,20.0,52.769572608,True,3,32,False
11,6;10;18;24;48;51;85;90;92;113;124,128,0,32.264232,3.536870912,35.801102912,0.0,20.0,55.801102912,True,3,32,False
0,,0,128,0.0,0.0,0.0,197.072304,20.0,217.072304,True,3,33,False
1,2,16,112,2.461056,3.067108864,5.528164864,172.447704,20.0,192.447704,True,3,33,False
2,2;11,32,96,5.406336,3.134217728,8.540553728,147.822168,20.0,167.822168,True,3,33,False
3,2;11;13,48,80,8.421504,3.201326592,11.622830592,123.196632,20.0,143.196632,True,3,33,False
4,2;11;13;38,64,64,11.366784,3.268435456,14.635219456,98.535528,20.0,118.535528,True,3,33,False
5,2;11;13;38;56,80,48,14.381952,3.33554432,17.71749632,73.909992,20.0,93.909992,True,3,33,False
6,2;11;13;38;56;63,96,32,17.385888,3.402653184,20.788541184,49.285704,20.0,69.285704,True,3,33,False
7,2;11;13;38;56;63;67,112,16,20.327112,3.469762048,23.796874048,24.661104,20.0,44.661104,True,3,33,True
8,2;11;13;38;51;56;63;67,124,4,23.221536,3.520093696,26.741629696,6.190392,20.0,46.741629696,True,3,33,False
9,2;11;13;38;51;56;63;67;92,127,1,26.291616,3.532676608,29.824292608,1.591512,20.0,49.824292608,True,3,33,False
10,0;2;11;13;38;51;56;63;67;92,128,0,29.249064,3.536870912,32.785934912,0.0,20.0,52.785934912,True,3,33,False
0,,0,128,0.0,0.0,0.0,197.072304,20.0,217.072304,True,3,34,False
1,36,16,112,2.461056,3.067108864,5.528164864,172.447704,20.0,192.447704,True,3,34,False
2,36;42,32,96,5.406336,3.134217728,8.540553728,147.822168,20.0,167.822168,True,3,34,False
3,36;42;75,48,80,8.421504,3.201326592,11.622830592,123.196632,20.0,143.196632,True,3,34,False
4,36;42;75;84,64,64,11.366784,3.268435456,14.635219456,98.535528,20.0,118.535528,True,3,34,False
5,36;42;75;84;92,80,48,14.381952,3.33554432,17.71749632,73.909992,20.0,93.909992,True,3,34,False
6,36;42;75;77;84;92,92,36,17.3784,3.385875968,20.764275968,55.442088,20.0,75.442088,True,3,34,False
7,10;36;42;75;77;84;92,102,26,20.348952,3.427819008,23.776771008,40.051752,20.0,60.051752,True,3,34,False
8,10;29;36;42;75;77;84;92,109,19,23.30484,3.457179136,26.762019136,29.296488,20.0,49.296488,True,3,34,True
9,10;29;36;42;51;75;77;84;92,116,12,26.252616,3.486539264,29.739155264,18.503472,20.0,49.739155264,True,3,34,False
10,1;10;29;36;42;51;75;77;84;92,122,6,29.18916,3.511705088,32.700865088,9.268896,20.0,52.700865088,True,3,34,False
11,1;10;22;29;36;42;51;75;77;84;92,125,3,32.223048,3.524288,35.747336,4.670016,20.0,55.747336,True,3,34,False
12,1;10;22;29;36;42;51;68;75;77;84;92,128,0,35.209512,3.536870912,38.746382912,0.0,20.0,58.746382912,True,3,34,False
0,,0,128,0.0,0.0,0.0,197.072304,20.0,217.072304,True,3,35,False
1,11,16,112,2.461056,3.067108864,5.528164864,172.447704,20.0,192.447704,True,3,35,False
2,11;15,32,96,5.406336,3.134217728,8.540553728,147.822168,20.0,167.822168,True,3,35,False
3,11;15;31,48,80,8.421504,3.201326592,11.622830592,123.196632,20.0,143.196632,True,3,35,False
4,11;15;31;48,64,64,11.366784,3.268435456,14.635219456,98.535528,20.0,118.535528,True,3,35,False
5,11;15;31;48;76,80,48,14.381952,3.33554432,17.71749632,73.909992,20.0,93.909992,True,3,35,False
6,11;15;31;48;76;77,96,32,17.385888,3.402653184,20.788541184,49.285704,20.0,69.285704,True,3,35,False
7,11;14;15;31;48;76;77,106,22,20.304648,3.444596224,23.749244224,33.89412,20.0,53.89412,True,3,35,False
8,11;14;15;31;48;76;77;84,112,16,23.273016,3.469762048,26.742778048,24.660792,20.0,46.742778048,True,3,35,True
9,11;14;15;31;48;53;76;77;84,117,11,26.224536,3.490733568,29.715269568,16.982784,20.0,49.715269568,True,3,35,False
10,11;14;15;31;48;53;76;77;81;84,121,7,29.14704,3.507510784,32.654550784,10.827336,20.0,52.654550784,True,3,35,False
11,11;14;15;31;48;53;62;76;77;81;84,124,4,32.197152,3.520093696,35.717245696,6.190392,20.0,55.717245696,True,3,35,False
12,6;11;14;15;31;48;53;62;76;77;81;84,126,2,35.169576,3.528482304,38.698058304,3.112512,20.0,58.698058304,True,3,35,False
13,6;11;14;15;31;48;53;62;76;77;81;84;110,128,0,38.22468,3.536870912,41.761550912,0.0,20.0,61.761550912,True,3,35,False
0,,0,128,0.0,0.0,0.0,197.072304,20.0,217.072304,True,3,36,False
1,11,16,112,2.461056,3.067108864,5.528164864,172.447704,20.0,192.447704,True,3,36,False
2,11;18,32,96,5.406336,3.134217728,8.540553728,147.822168,20.0,167.822168,True,3,36,False
3,11;18;28,48,80,8.421504,3.201326592,11.622830592,123.196632,20.0,143.196632,True,3,36,False
4,11;18;28;37,64,64,11.366784,3.268435456,14.635219456,98.535528,20.0,118.535528,True,3,36,False
5,11;18;28;37;57,80,48,14.381952,3.33554432,17.71749632,73.909992,20.0,93.909992,True,3,36,False
6,11;18;28;37;57;62,96,32,17.385888,3.402653184,20.788541184,49.285704,20.0,69.285704,True,3,36,False
7,11;18;28;37;57;62;77,112,16,20.327112,3.469762048,23.796874048,24.661104,20.0,44.661104,True,3,36,True
8,11;18;20;28;37;57;62;77,123,5,23.189712,3.515899392,26.705611392,7.747896,20.0,46.705611392,True,3,36,False
9,11;18;20;28;37;57;62;77;101,128,0,26.303784,3.536870912,29.840654912,0.0,20.0,49.840654912,True,3,36,False
0,,0,128,0.0,0.0,0.0,197.072304,20.0,217.072304,True,3,37,False
1,1,16,112,2.461056,3.067108864,5.528164864,172.447704,20.0,192.447704,True,3,37,False
2,1;34,32,96,5.406336,3.134217728,8.540553728,147.822168,20.0,167.822168,True,3,37,False
3,1;34;37,48,80,8.421504,3.201326592,11.622830592,123.196632,20.0,143.196632,True,3,37,False
4,1;34;37;50,64,64,11.366784,3.268435456,14.635219456,98.535528,20.0,118.535528,True,3,37,False
5,1;34;37;50;91,80,48,14.381952,3.33554432,17.71749632,73.909992,20.0,93.909992,True,3,37,False
6,1;34;37;50;91;110,96,32,17.385888,3.402653184,20.788541184,49.285704,20.0,69.285704,True,3,37,False
7,1;34;37;50;91;110;122,112,16,20.327112,3.469762048,23.796874048,24.661104,20.0,44.661104,True,3,37,True
8,1;34;37;50;91;110;122;124,128,0,23.288616,3.536870912,26.825486912,0.0,20.0,46.825486912,True,3,37,False
0,,0,128,0.0,0.0,0.0,197.072304,20.0,217.072304,True,3,38,False
1,12,16,112,2.461056,3.067108864,5.528164864,172.447704,20.0,192.447704,True,3,38,False
2,12;31,32,96,5.406336,3.134217728,8.540553728,147.822168,20.0,167.822168,True,3,38,False
3,12;31;81,48,80,8.421504,3.201326592,11.622830592,123.196632,20.0,143.196632,True,3,38,False
4,12;31;81;97,64,64,11.366784,3.268435456,14.635219456,98.535528,20.0,118.535528,True,3,38,False
5,12;31;81;97;109,80,48,14.381952,3.33554432,17.71749632,73.909992,20.0,93.909992,True,3,38,False
6,12;31;81;97;109;110,96,32,17.385888,3.402653184,20.788541184,49.285704,20.0,69.285704,True,3,38,False
7,2;12;31;81;97;109;110,110,18,20.296224,3.46137344,23.75759744,27.738672,20.0,47.738672,True,3,38,False
8,2;12;31;61;81;97;109;110,120,8,23.225904,3.50331648,26.72922048,12.347712,20.0,46.72922048,True,3,38,True
9,2;12;31;61;81;83;97;109;110,127,1,26.291616,3.532676608,29.824292608,1.591512,20.0,49.824292608,True,3,38,False
10,2;12;31;61;81;83;91;97;109;110,128,0,29.249064,3.536870912,32.785934912,0.0,20.0,52.785934912,True,3,38,False
0,,0,128,0.0,0.0,0.0,197.072304,20.0,217.072304,True,3,39,False
1,2,16,112,2.461056,3.067108864,5.528164864,172.447704,20.0,192.447704,True,3,39,False
2,2;16,32,96,5.406336,3.134217728,8.540553728,147.822168,20.0,167.822168,True,3,39,False
3,2;16;19,48,80,8.421504,3.201326592,11.622830592,123.196632,20.0,143.196632,True,3,39,False
4,2;16;19;21,64,64,11.366784,3.268435456,14.635219456,98.535528,20.0,118.535528,True,3,39,False
5,2;16;19;21;49,80,48,14.381952,3.33554432,17.71749632,73.909992,20.0,93.909992,True,3,39,False
6,2;16;19;21;49;84,96,32,17.385888,3.402653184,20.788541184,49.285704,20.0,69.285704,True,3,39,False
7,2;16;19;21;49;84;118,112,16,20.327112,3.469762048,23.796874048,24.661104,20.0,44.661104,True,3,39,True
8,2;16;19;21;48;49;84;118,122,6,23.228712,3.511705088,26.740417088,9.268896,20.0,46.740417088,True,3,39,False
9,2;5;16;19;21;48;49;84;118,128,0,26.303784,3.536870912,29.840654912,0.0,20.0,49.840654912,True,3,39,False
0,,0,128,0.0,0.0,0.0,197.072304,20.0,217.072304,True,3,40,False
1,23,16,112,2.461056,3.067108864,5.528164864,172.447704,20.0,192.447704,True,3,40,False
2,23;54,32,96,5.406336,3.134217728,8.540553728,147.822168,20.0,167.822168,True,3,40,False
3,23;54;70,48,80,8.421504,3.201326592,11.622830592,123.196632,20.0,143.196632,True,3,40,False
4,23;54;70;89,64,64,11.366784,3.268435456,14.635219456,98.535528,20.0,118.535528,True,3,40,False
5,23;54;70;89;91,80,48,14.381952,3.33554432,17.71749632,73.909992,20.0,93.909992,True,3,40,False
6,23;54;70;89;91;97,96,32,17.385888,3.402653184,20.788541184,49.285704,20.0,69.285704,True,3,40,False
7,23;54;70;89;91;97;122,112,16,20.327112,3.469762048,23.796874048,24.661104,20.0,44.661104,True,3,40,True
8,23;34;54;70;89;91;97;122,124,4,23.221536,3.520093696,26.741629696,6.190392,20.0,46.741629696,True,3,40,False
9,23;34;46;54;70;89;91;97;122,126,2,26.263848,3.528482304,29.792330304,3.112512,20.0,49.792330304,True,3,40,False
10,19;23;34;46;54;70;89;91;97;122,127,1,29.236896,3.532676608,32.769572608,1.591512,20.0,52.769572608,True,3,40,False
11,19;23;34;46;54;70;89;91;94;97;122,128,0,32.264232,3.536870912,35.801102912,0.0,20.0,55.801102912,True,3,40,False
0,,0,128,0.0,0.0,0.0,197.072304,20.0,217.072304,True,3,41,False
1,10,16,112,2.461056,3.067108864,5.528164864,172.447704,20.0,192.447704,True,3,41,False
2,10;37,32,96,5.406336,3.134217728,8.540553728,147.822168,20.0,167.822168,True,3,41,False
3,10;37;81,48,80,8.421504,3.201326592,11.622830592,123.196632,20.0,143.196632,True,3,41,False
4,10;37;81;96,64,64,11.366784,3.268435456,14.635219456,98.535528,20.0,118.535528,True,3,41,False
5,10;37;81;96;100,80,48,14.381952,3.33554432,17.71749632,73.909992,20.0,93.909992,True,3,41,False
6,10;37;81;96;100;111,96,32,17.385888,3.402653184,20.788541184,49.285704,20.0,69.285704,True,3,41,False
7,10;37;81;96;100;111;120,112,16,20.327112,3.469762048,23.796874048,24.661104,20.0,44.661104,True,3,41,True
8,10;37;81;96;100;111;120;123,128,0,23.288616,3.536870912,26.825486912,0.0,20.0,46.825486912,True,3,41,False
0,,0,128,0.0,0.0,0.0,197.072304,20.0,217.072304,True,3,42,False
1,30,16,112,2.461056,3.067108864,5.528164864,172.447704,20.0,192.447704,True,3,42,False
2,30;33,32,96,5.406336,3.134217728,8.540553728,147.822168,20.0,167.822168,True,3,42,False
3,30;33;43,48,80,8.421504,3.201326592,11.622830592,123.196632,20.0,143.196632,True,3,42,False
4,30;33;43;52,64,64,11.366784,3.268435456,14.635219456,98.535528,20.0,118.535528,True,3,42,False
5,30;33;43;52;69,80,48,14.381952,3.33554432,17.71749632,73.909992,20.0,93.909992,True,3,42,False
6,30;33;43;52;69;76,96,32,17.385888,3.402653184,20.788541184,49.285704,20.0,69.285704,True,3,42,False
7,30;33;43;52;69;76;81,112,16,20.327112,3.469762048,23.796874048,24.661104,20.0,44.661104,True,3,42,True
8,30;33;43;52;69;76;81;88,128,0,23.288616,3.536870912,26.825486912,0.0,20.0,46.825486912,True,3,42,False
0,,0,128,0.0,0.0,0.0,197.072304,20.0,217.072304,True,3,43,False
1,11,16,112,2.461056,3.067108864,5.528164864,172.447704,20.0,192.447704,True,3,43,False
2,11;18,32,96,5.406336,3.134217728,8.540553728,147.822168,20.0,167.822168,True,3,43,False
3,11;18;74,48,80,8.421504,3.201326592,11.622830592,123.196632,20.0,143.196632,True,3,43,False
4,11;18;74;94,64,64,11.366784,3.268435456,14.635219456,98.535528,20.0,118.535528,True,3,43,False
5,11;18;74;94;96,80,48,14.381952,3.33554432,17.71749632,73.909992,20.0,93.909992,True,3,43,False
6,11;18;74;94;96;98,96,32,17.385888,3.402653184,20.788541184,49.285704,20.0,69.285704,True,3,43,False
7,11;18;74;83;94;96;98,111,17,20.337096,3.465567744,23.802663744,26.217672,20.0,46.217672,True,3,43,True
8,11;18;69;74;83;94;96;98,119,9,23.25336,3.499122176,26.752482176,13.904904,20.0,46.752482176,True,3,43,False
9,11;18;35;69;74;83;94;96;98,126,2,26.263848,3.528482304,29.792330304,3.112512,20.0,49.792330304,True,3,43,False
10,11;18;35;69;74;83;92;94;96;98,127,1,29.236896,3.532676608,32.769572608,1.591512,20.0,52.769572608,True,3,43,False
11,11;18;35;69;74;83;92;94;96;98;108,128,0,32.264232,3.536870912,35.801102912,0.0,20.0,55.801102912,True,3,43,False
0,,0,128,0.0,0.0,0.0,197.072304,20.0,217.072304,True,3,44,False
1,12,16,112,2.461056,3.067108864,5.528164864,172.447704,20.0,192.447704,True,3,44,False
2,12;15,32,96,5.406336,3.134217728,8.540553728,147.822168,20.0,167.822168,True,3,44,False
3,12;15;49,48,80,8.421504,3.201326592,11.622830592,123.196632,20.0,143.196632,True,3,44,False
4,12;15;49;50,64,64,11.366784,3.268435456,14.635219456,98.535528,20.0,118.535528,True,3,44,False
5,12;15;49;50;79,80,48,14.381952,3.33554432,17.71749632,73.909992,20.0,93.909992,True,3,44,False
6,12;15;49;50;79;94,96,32,17.385888,3.402653184,20.788541184,49.285704,20.0,69.285704,True,3,44,False
7,12;15;49;50;79;94;102,112,16,20.327112,3.469762048,23.796874048,24.661104,20.0,44.661104,True,3,44,True
8,12;15;49;50;79;94;102;104,125,3,23.247432,3.524288,26.77172,4.670016,20.0,46.77172,True,3,44,False
9,7;12;15;49;50;79;94;102;104,128,0,26.303784,3.536870912,29.840654912,0.0,20.0,49.840654912,True,3,44,False
0,,0,128,0.0,0.0,0.0,197.072304,20.0,217.072304,True,3,45,False
1,2,16,112,2.461056,3.067108864,5.528164864,172.447704,20.0,192.447704,True,3,45,False
2,2;4,32,96,5.406336,3.134217728,8.540553728,147.822168,20.0,167.822168,True,3,45,False
3,2;4;54,48,80,8.421504,3.201326592,11.622830592,123.196632,20.0,143.196632,True,3,45,False
4,2;4;54;65,64,64,11.366784,3.268435456,14.635219456,98.535528,20.0,118.535528,True,3,45,False
5,2;4;54;65;77,80,48,14.381952,3.33554432,17.71749632,73.909992,20.0,93.909992,True,3,45,False
6,2;4;54;65;77;90,96,32,17.385888,3.402653184,20.788541184,49.285704,20.0,69.285704,True,3,45,False
7,2;4;18;54;65;77;90,111,17,20.337096,3.465567744,23.802663744,26.217672,20.0,46.217672,True,3,45,True
8,2;4;18;54;64;65;77;90,120,8,23.225904,3.50331648,26.72922048,12.347712,20.0,46.72922048,True,3,45,False
9,2;4;18;54;64;65;67;77;90,127,1,26.291616,3.532676608,29.824292608,1.591512,20.0,49.824292608,True,3,45,False
10,2;4;18;53;54;64;65;67;77;90,128,0,29.249064,3.536870912,32.785934912,0.0,20.0,52.785934912,True,3,45,False
0,,0,128,0.0,0.0,0.0,197.072304,20.0,217.072304,True,3,46,False
1,1,16,112,2.461056,3.067108864,5.528164864,172.447704,20.0,192.447704,True,3,46,False
2,1;4,32,96,5.406336,3.134217728,8.540553728,147.822168,20.0,167.822168,True,3,46,False
3,1;4;15,48,80,8.421504,3.201326592,11.622830592,123.196632,20.0,143.196632,True,3,46,False
4,1;4;15;20,64,64,11.366784,3.268435456,14.635219456,98.535528,20.0,118.535528,True,3,46,False
5,1;4;15;20;76,80,48,14.381952,3.33554432,17.71749632,73.909992,20.0,93.909992,True,3,46,False
6,1;4;15;20;76;90,96,32,17.385888,3.402653184,20.788541184,49.285704,20.0,69.285704,True,3,46,False
7,1;4;15;20;76;90;97,112,16,20.327112,3.469762048,23.796874048,24.661104,20.0,44.661104,True,3,46,True
8,1;4;15;20;43;76;90;97,127,1,23.276448,3.532676608,26.809124608,1.591512,20.0,46.809124608,True,3,46,False
9,1;4;15;20;43;48;76;90;97,128,0,26.303784,3.536870912,29.840654912,0.0,20.0,49.840654912,True,3,46,False
0,,0,128,0.0,0.0,0.0,197.072304,20.0,217.072304,True,3,47,False
1,0,16,112,2.461056,3.067108864,5.528164864,172.447704,20.0,192.447704,True,3,47,False
2,0;7,32,96,5.406336,3.134217728,8.540553728,147.822168,20.0,167.822168,True,3,47,False
3,0;7;14,48,80,8.421504,3.201326592,11.622830592,123.196632,20.0,143.196632,True,3,47,False
4,0;7;14;44,64,64,11.366784,3.268435456,14.635219456,98.535528,20.0,118.535528,True,3,47,False
5,0;7;14;44;46,80,48,14.381952,3.33554432,17.71749632,73.909992,20.0,93.909992,True,3,47,False
6,0;7;14;44;46;58,96,32,17.385888,3.402653184,20.788541184,49.285704,20.0,69.285704,True,3,47,False
7,0;7;14;44;46;58;61,112,16,20.327112,3.469762048,23.796874048,24.661104,20.0,44.661104,True,3,47,True
8,0;7;14;44;46;58;61;65,128,0,23.288616,3.536870912,26.825486912,0.0,20.0,46.825486912,True,3,47,False
0,,0,128,0.0,0.0,0.0,197.072304,20.0,217.072304,True,4,0,False
1,43,16,112,2.461056,3.067108864,5.528164864,172.447704,20.0,192.447704,True,4,0,False
2,43;45,32,96,5.406336,3.134217728,8.540553728,147.822168,20.0,167.822168,True,4,0,False
3,43;45;65,48,80,8.421504,3.201326592,11.622830592,123.196632,20.0,143.196632,True,4,0,False
4,43;45;65;73,64,64,11.366784,3.268435456,14.635219456,98.535528,20.0,118.535528,True,4,0,False
5,43;45;65;73;85,80,48,14.381952,3.33554432,17.71749632,73.909992,20.0,93.909992,True,4,0,False
6,43;45;65;73;85;98,96,32,17.385888,3.402653184,20.788541184,49.285704,20.0,69.285704,True,4,0,False
7,43;45;65;73;85;98;100,112,16,20.327112,3.469762048,23.796874048,24.661104,20.0,44.661104,True,4,0,True
8,43;45;65;73;85;98;100;114,128,0,23.288616,3.536870912,26.825486912,0.0,20.0,46.825486912,True,4,0,False
0,,0,128,0.0,0.0,0.0,197.072304,20.0,217.072304,True,4,1,False
1,18,16,112,2.461056,3.067108864,5.528164864,172.447704,20.0,192.447704,True,4,1,False
2,18;26,32,96,5.406336,3.134217728,8.540553728,147.822168,20.0,167.822168,True,4,1,False
3,18;26;38,48,80,8.421504,3.201326592,11.622830592,123.196632,20.0,143.196632,True,4,1,False
4,18;26;38;42,64,64,11.366784,3.268435456,14.635219456,98.535528,20.0,118.535528,True,4,1,False
5,18;26;38;42;43,80,48,14.381952,3.33554432,17.71749632,73.909992,20.0,93.909992,True,4,1,False
6,18;26;38;42;43;44,96,32,17.385888,3.402653184,20.788541184,49.285704,20.0,69.285704,True,4,1,False
7,18;26;38;42;43;44;49,112,16,20.327112,3.469762048,23.796874048,24.661104,20.0,44.661104,True,4,1,True
8,18;26;38;42;43;44;49;94,128,0,23.288616,3.536870912,26.825486912,0.0,20.0,46.825486912,True,4,1,False
0,,0,128,0.0,0.0,0.0,197.072304,20.0,217.072304,True,4,2,False
1,38,16,112,2.461056,3.067108864,5.528164864,172.447704,20.0,192.447704,True,4,2,False
2,38;40,32,96,5.406336,3.134217728,8.540553728,147.822168,20.0,167.822168,True,4,2,False
3,38;40;57,48,80,8.421504,3.201326592,11.622830592,123.196632,20.0,143.196632,True,4,2,False
4,38;40;57;82,64,64,11.366784,3.268435456,14.635219456,98.535528,20.0,118.535528,True,4,2,False
5,38;40;57;82;88,80,48,14.381952,3.33554432,17.71749632,73.909992,20.0,93.909992,True,4,2,False
6,38;40;57;82;88;95,96,32,17.385888,3.402653184,20.788541184,49.285704,20.0,69.285704,True,4,2,False
7,38;40;57;82;88;95;113,112,16,20.327112,3.469762048,23.796874048,24.661104,20.0,44.661104,True,4,2,True
8,38;40;57;82;88;95;113;123,128,0,23.288616,3.536870912,26.825486912,0.0,20.0,46.825486912,True,4,2,False
0,,0,128,0.0,0.0,0.0,197.072304,20.0,217.072304,True,4,3,False
1,51,16,112,2.461056,3.067108864,5.528164864,172.447704,20.0,192.447704,True,4,3,False
2,51;56,32,96,5.406336,3.134217728,8.540553728,147.822168,20.0,167.822168,True,4,3,False
3,51;56;67,48,80,8.421504,3.201326592,11.622830592,123.196632,20.0,143.196632,True,4,3,False
4,51;56;67;71,64,64,11.366784,3.268435456,14.635219456,98.535528,20.0,118.535528,True,4,3,False
5,51;56;67;71;80,80,48,14.381952,3.33554432,17.71749632,73.909992,20.0,93.909992,True,4,3,False
6,51;56;67;71;80;87,96,32,17.385888,3.402653184,20.788541184,49.285704,20.0,69.285704,True,4,3,False
7,51;56;67;71;80;87;101,112,16,20.327112,3.469762048,23.796874048,24.661104,20.0,44.661104,True,4,3,True
8,51;56;67;71;80;87;101;117,128,0,23.288616,3.536870912,26.825486912,0.0,20.0,46.825486912,True,4,3,False
0,,0,128,0.0,0.0,0.0,197.072304,20.0,217.072304,True,4,4,False
1,12,16,112,2.461056,3.067108864,5.528164864,172.447704,20.0,192.447704,True,4,4,False
2,12;61,32,96,5.406336,3.134217728,8.540553728,147.822168,20.0,167.822168,True,4,4,False
3,12;61;64,48,80,8.421504,3.201326592,11.622830592,123.196632,20.0,143.196632,True,4,4,False
4,12;61;64;65,64,64,11.366784,3.268435456,14.635219456,98.535528,20.0,118.535528,True,4,4,False
5,12;61;64;65;95,80,48,14.381952,3.33554432,17.71749632,73.909992,20.0,93.909992,True,4,4,False
6,12;61;64;65;95;108,96,32,17.385888,3.402653184,20.788541184,49.285704,20.0,69.285704,True,4,4,False
7,12;61;64;65;95;108;110,112,16,20.327112,3.469762048,23.796874048,24.661104,20.0,44.661104,True,4,4,True
8,12;61;64;65;95;108;110;121,128,0,23.288616,3.536870912,26.825486912,0.0,20.0,46.825486912,True,4,4,False
0,,0,128,0.0,0.0,0.0,197.072304,20.0,217.072304,True,4,5,False
1,9,16,112,2.461056,3.067108864,5.528164864,172.447704,20.0,192.447704,True,4,5,False
2,9;38,32,96,5.406336,3.134217728,8.540553728,147.822168,20.0,167.822168,True,4,5,False
3,9;38;64,48,80,8.421504,3.201326592,11.622830592,123.196632,20.0,143.196632,True,4,5,False
4,9;38;64;73,64,64,11.366784,3.268435456,14.635219456,98.535528,20.0,118.535528,True,4,5,False
5,9;38;64;73;84,80,48,14.381952,3.33554432,17.71749632,73.909992,20.0,93.909992,True,4,5,False
6,9;38;64;73;84;94,96,32,17.385888,3.402653184,20.788541184,49.285704,20.0,69.285704,True,4,5,False
7,9;38;64;73;84;94;104,112,16,20.327112,3.469762048,23.796874048,24.661104,20.0,44.661104,True,4,5,True
8,9;38;45;64;73;84;94;104,118,10,23.20656,3.494927872,26.701487872,15.426216,20.0,46.701487872,True,4,5,False
9,9;38;45;46;64;73;84;94;104,123,5,26.20488,3.515899392,29.720779392,7.747896,20.0,49.720779392,True,4,5,False
10,9;17;38;45;46;64;73;84;94;104,127,1,29.236896,3.532676608,32.769572608,1.591512,20.0,52.769572608,True,4,5,False
11,9;17;32;38;45;46;64;73;84;94;104,128,0,32.264232,3.536870912,35.801102912,0.0,20.0,55.801102912,True,4,5,False
0,,0,128,0.0,0.0,0.0,197.072304,20.0,217.072304,True,4,6,False
1,12,16,112,2.461056,3.067108864,5.528164864,172.447704,20.0,192.447704,True,4,6,False
2,12;58,32,96,5.406336,3.134217728,8.540553728,147.822168,20.0,167.822168,True,4,6,False
3,12;58;62,48,80,8.421504,3.201326592,11.622830592,123.196632,20.0,143.196632,True,4,6,False
4,12;58;62;107,64,64,11.366784,3.268435456,14.635219456,98.535528,20.0,118.535528,True,4,6,False
5,12;58;62;107;112,80,48,14.381952,3.33554432,17.71749632,73.909992,20.0,93.909992,True,4,6,False
6,12;58;62;107;112;116,96,32,17.385888,3.402653184,20.788541184,49.285704,20.0,69.285704,True,4,6,False
7,12;58;62;107;112;116;126,112,16,20.327112,3.469762048,23.796874048,24.661104,20.0,44.661104,True,4,6,True
8,12;41;58;62;107;112;116;126,120,8,23.225904,3.50331648,26.72922048,12.347712,20.0,46.72922048,True,4,6,False
9,12;24;41;58;62;107;112;116;126,125,3,26.2626,3.524288,29.786888,4.670016,20.0,49.786888,True,4,6,False
10,12;24;35;41;58;62;107;112;116;126,128,0,29.249064,3.536870912,32.785934912,0.0,20.0,52.785934912,True,4,6,False
0,,0,128,0.0,0.0,0.0,197.072304,20.0,217.072304,True,4,7,False
1,10,16,112,2.461056,3.067108864,5.528164864,172.447704,20.0,192.447704,True,4,7,False
2,10;19,32,96,5.406336,3.134217728,8.540553728,147.822168,20.0,167.822168,True,4,7,False
3,10;19;24,48,80,8.421504,3.201326592,11.622830592,123.196632,20.0,143.196632,True,4,7,False
4,10;19;24;52,64,64,11.366784,3.268435456,14.635219456,98.535528,20.0,118.535528,True,4,7,False
5,10;19;24;52;75,80,48,14.381952,3.33554432,17.71749632,73.909992,20.0,93.909992,True,4,7,False
6,10;19;24;52;75;114,96,32,17.385888,3.402653184,20.788541184,49.285704,20.0,69.285704,True,4,7,False
7,10;19;24;52;75;114;125,108,20,20.312136,3.452984832,23.765120832,30.816864,20.0,50.816864,True,4,7,False
8,10;15;19;24;52;75;114;125,119,9,23.25336,3.499122176,26.752482176,13.904904,20.0,46.752482176,True,4,7,True
9,10;15;19;24;29;52;75;114;125,128,0,26.303784,3.536870912,29.840654912,0.0,20.0,49.840654912,True,4,7,False
0,,0,128,0.0,0.0,0.0,197.072304,20.0,217.072304,True,4,8,False
1,9,16,112,2.461056,3.067108864,5.528164864,172.447704,20.0,192.447704,True,4,8,False
2,9;45,32,96,5.406336,3.134217728,8.540553728,147.822168,20.0,167.822168,True,4,8,False
3,9;45;58,48,80,8.421504,3.201326592,11.622830592,123.196632,20.0,143.196632,True,4,8,False
4,9;45;58;92,64,64,11.366784,3.268435456,14.635219456,98.535528,20.0,118.535528,True,4,8,False
5,9;45;58;92;102,80,48,14.381952,3.33554432,17.71749632,73.909992,20.0,93.909992,True,4,8,False
6,9;17;45;58;92;102,95,33,17.374656,3.39845888,20.77311488,50.843832,20.0,70.843832,True,4,8,False
7,9;17;45;58;85;92;102,109,19,20.378592,3.457179136,23.835771136,29.296488,20.0,49.296488,True,4,8,False
8,9;17;45;58;77;85;92;102,122,6,23.228712,3.511705088,26.740417088,9.268896,20.0,46.740417088,True,4,8,True
9,9;17;45;50;58;77;85;92;102,127,1,26.291616,3.532676608,29.824292608,1.591512,20.0,49.824292608,True,4,8,False
10,9;17;23;45;50;58;77;85;92;102,128,0,29.249064,3.536870912,32.785934912,0.0,20.0,52.785934912,True,4,8,False
0,,0,128,0.0,0.0,0.0,197.072304,20.0,217.072304,True,4,9,False
1,2,16,112,2.461056,3.067108864,5.528164864,172.447704,20.0,192.447704,True,4,9,False
2,2;11,32,96,5.406336,3.134217728,8.540553728,147.822168,20.0,167.822168,True,4,9,False
3,2;11;13,48,80,8.421504,3.201326592,11.622830592,123.196632,20.0,143.196632,True,4,9,False
4,2;11;13;16,64,64,11.366784,3.268435456,14.635219456,98.535528,20.0,118.535528,True,4,9,False
5,2;11;13;16;23,80,48,14.381952,3.33554432,17.71749632,73.909992,20.0,93.909992,True,4,9,False
6,2;11;13;16;23;69,96,32,17.385888,3.402653184,20.788541184,49.285704,20.0,69.285704,True,4,9,False
7,2;11;13;16;23;69;125,112,16,20.327112,3.469762048,23.796874048,24.661104,20.0,44.661104,True,4,9,True
8,2;11;13;16;23;58;69;125,124,4,23.221536,3.520093696,26.741629696,6.190392,20.0,46.741629696,True,4,9,False
9,2;11;13;16;23;58;69;124;125,128,0,26.303784,3.536870912,29.840654912,0.0,20.0,49.840654912,True,4,9,False
0,,0,128,0.0,0.0,0.0,197.072304,20.0,217.072304,True,4,10,False
1,1,16,112,2.461056,3.067108864,5.528164864,172.447704,20.0,192.447704,True,4,10,False
2,1;5,32,96,5.406336,3.134217728,8.540553728,147.822168,20.0,167.822168,True,4,10,False
3,1;5;12,48,80,8.421504,3.201326592,11.622830592,123.196632,20.0,143.196632,True,4,10,False
4,1;5;12;36,64,64,11.366784,3.268435456,14.635219456,98.535528,20.0,118.535528,True,4,10,False
5,1;5;12;36;68,80,48,14.381952,3.33554432,17.71749632,73.909992,20.0,93.909992,True,4,10,False
6,1;5;12;36;68;78,96,32,17.385888,3.402653184,20.788541184,49.285704,20.0,69.285704,True,4,10,False
7,1;5;12;36;68;78;92,112,16,20.327112,3.469762048,23.796874048,24.661104,20.0,44.661104,True,4,10,True
8,1;5;12;36;68;78;92;98,128,0,23.288616,3.536870912,26.825486912,0.0,20.0,46.825486912,True,4,10,False
0,,0,128,0.0,0.0,0.0,197.072304,20.0,217.072304,True,4,11,False
1,3,16,112,2.461056,3.067108864,5.528164864,172.447704,20.0,192.447704,True,4,11,False
2,3;15,32,96,5.406336,3.134217728,8.540553728,147.822168,20.0,167.822168,True,4,11,False
3,3;15;32,48,80,8.421504,3.201326592,11.622830592,123.196632,20.0,143.196632,True,4,11,False
4,3;15;32;54,64,64,11.366784,3.268435456,14.635219456,98.535528,20.0,118.535528,True,4,11,False
5,3;15;32;54;62,80,48,14.381952,3.33554432,17.71749632,73.909992,20.0,93.909992,True,4,11,False
6,3;15;32;54;62;76,96,32,17.385888,3.402653184,20.788541184,49.285704,20.0,69.285704,True,4,11,False
7,3;15;32;54;62;76;125,112,16,20.327112,3.469762048,23.796874048,24.661104,20.0,44.661104,True,4,11,True
8,3;15;32;54;62;76;81;125,120,8,23.225904,3.50331648,26.72922048,12.347712,20.0,46.72922048,True,4,11,False
9,3;15;32;52;54;62;76;81;125,126,2,26.263848,3.528482304,29.792330304,3.112512,20.0,49.792330304,True,4,11,False
10,3;15;32;52;54;62;76;81;121;125,128,0,29.249064,3.536870912,32.785934912,0.0,20.0,52.785934912,True,4,11,False
0,,0,128,0.0,0.0,0.0,197.072304,20.0,217.072304,True,4,12,False
1,11,16,112,2.461056,3.067108864,5.528164864,172.447704,20.0,192.447704,True,4,12,False
2,11;18,32,96,5.406336,3.134217728,8.540553728,147.822168,20.0,167.822168,True,4,12,False
3,11;18;23,48,80,8.421504,3.201326592,11.622830592,123.196632,20.0,143.196632,True,4,12,False
4,11;18;23;39,64,64,11.366784,3.268435456,14.635219456,98.535528,20.0,118.535528,True,4,12,False
5,11;18;23;39;57,80,48,14.381952,3.33554432,17.71749632,73.909992,20.0,93.909992,True,4,12,False
6,11;18;23;39;57;65,96,32,17.385888,3.402653184,20.788541184,49.285704,20.0,69.285704,True,4,12,False
7,11;18;23;39;57;65;78,112,16,20.327112,3.469762048,23.796874048,24.661104,20.0,44.661104,True,4,12,True
8,11;18;23;39;49;57;65;78,127,1,23.276448,3.532676608,26.809124608,1.591512,20.0,46.809124608,True,4,12,False
9,11;18;23;39;49;57;65;78;108,128,0,26.303784,3.536870912,29.840654912,0.0,20.0,49.840654912,True,4,12,False
0,,0,128,0.0,0.0,0.0,197.072304,20.0,217.072304,True,4,13,False
1,33,16,112,2.461056,3.067108864,5.528164864,172.447704,20.0,192.447704,True,4,13,False
2,33;34,32,96,5.406336,3.134217728,8.540553728,147.822168,20.0,167.822168,True,4,13,False
3,33;34;58,48,80,8.421504,3.201326592,11.622830592,123.196632,20.0,143.196632,True,4,13,False
4,33;34;58;63,64,64,11.366784,3.268435456,14.635219456,98.535528,20.0,118.535528,True,4,13,False
5,33;34;58;63;104,80,48,14.381952,3.33554432,17.71749632,73.909992,20.0,93.909992,True,4,13,False
6,33;34;58;63;104;110,96,32,17.385888,3.402653184,20.788541184,49.285704,20.0,69.285704,True,4,13,False
7,33;34;58;63;104;110;122,112,16,20.327112,3.469762048,23.796874048,24.661104,20.0,44.661104,True,4,13,True
8,33;34;58;63;103;104;110;122,122,6,23.228712,3.511705088,26.740417088,9.268896,20.0,46.740417088,True,4,13,False
9,11;33;34;58;63;103;104;110;122,128,0,26.303784,3.536870912,29.840654912,0.0,20.0,49.840654912,True,4,13,False
0,,0,128,0.0,0.0,0.0,197.072304,20.0,217.072304,True,4,14,False
1,2,16,112,2.461056,3.067108864,5.528164864,172.447704,20.0,192.447704,True,4,14,False
2,2;5,32,96,5.406336,3.134217728,8.540553728,147.822168,20.0,167.822168,True,4,14,False
3,2;5;61,48,80,8.421504,3.201326592,11.622830592,123.196632,20.0,143.196632,True,4,14,False
4,2;5;61;63,64,64,11.366784,3.268435456,14.635219456,98.535528,20.0,118.535528,True,4,14,False
5,2;5;61;63;67,80,48,14.381952,3.33554432,17.71749632,73.909992,20.0,93.909992,True,4,14,False
6,2;5;61;63;67;81,96,32,17.385888,3.402653184,20.788541184,49.285704,20.0,69.285704,True,4,14,False
7,2;5;61;63;67;81;104,112,16,20.327112,3.469762048,23.796874048,24.661104,20.0,44.661104,True,4,14,True
8,2;5;61;63;67;81;104;109,128,0,23.288616,3.536870912,26.825486912,0.0,20.0,46.825486912,True,4,14,False
0,,0,128,0.0,0.0,0.0,197.072304,20.0,217.072304,True,4,15,False
1,2,16,112,2.461056,3.067108864,5.528164864,172.447704,20.0,192.447704,True,4,15,False
2,2;33,32,96,5.406336,3.134217728,8.540553728,147.822168,20.0,167.822168,True,4,15,False
3,2;33;49,48,80,8.421504,3.201326592,11.622830592,123.196632,20.0,143.196632,True,4,15,False
4,2;33;49;58,64,64,11.366784,3.268435456,14.635219456,98.535528,20.0,118.535528,True,4,15,False
5,2;33;49;58;84,80,48,14.381952,3.33554432,17.71749632,73.909992,20.0,93.909992,True,4,15,False
6,2;33;49;58;84;106,96,32,17.385888,3.402653184,20.788541184,49.285704,20.0,69.285704,True,4,15,False
7,2;33;49;58;84;106;122,112,16,20.327112,3.469762048,23.796874048,24.661104,20.0,44.661104,True,4,15,True
8,2;33;49;58;84;106;122;127,128,0,23.288616,3.536870912,26.825486912,0.0,20.0,46.825486912,True,4,15,False
0,,0,128,0.0,0.0,0.0,197.072304,20.0,217.072304,True,4,16,False
1,42,16,112,2.461056,3.067108864,5.528164864,172.447704,20.0,192.447704,True,4,16,False
2,42;46,32,96,5.406336,3.134217728,8.540553728,147.822168,20.0,167.822168,True,4,16,False
3,42;46;48,48,80,8.421504,3.201326592,11.622830592,123.196632,20.0,143.196632,True,4,16,False
4,42;46;48;54,64,64,11.366784,3.268435456,14.635219456,98.535528,20.0,118.535528,True,4,16,False
5,42;46;48;54;97,80,48,14.381952,3.33554432,17.71749632,73.909992,20.0,93.909992,True,4,16,False
6,42;46;48;54;97;98,96,32,17.385888,3.402653184,20.788541184,49.285704,20.0,69.285704,True,4,16,False
7,42;46;48;54;97;98;107,112,16,20.327112,3.469762048,23.796874048,24.661104,20.0,44.661104,True,4,16,True
8,42;46;48;54;97;98;107;122,128,0,23.288616,3.536870912,26.825486912,0.0,20.0,46.825486912,True,4,16,False
0,,0,128,0.0,0.0,0.0,197.072304,20.0,217.072304,True,4,17,False
1,21,16,112,2.461056,3.067108864,5.528164864,172.447704,20.0,192.447704,True,4,17,False
2,21;59,32,96,5.406336,3.134217728,8.540553728,147.822168,20.0,167.822168,True,4,17,False
3,21;59;80,48,80,8.421504,3.201326592,11.622830592,123.196632,20.0,143.196632,True,4,17,False
4,21;59;80;88,64,64,11.366784,3.268435456,14.635219456,98.535528,20.0,118.535528,True,4,17,False
5,21;59;80;88;105,80,48,14.381952,3.33554432,17.71749632,73.909992,20.0,93.909992,True,4,17,False
6,21;59;80;88;105;122,96,32,17.385888,3.402653184,20.788541184,49.285704,20.0,69.285704,True,4,17,False
7,21;59;80;88;105;122;123,112,16,20.327112,3.469762048,23.796874048,24.661104,20.0,44.661104,True,4,17,True
8,21;59;80;88;105;122;123;124,128,0,23.288616,3.536870912,26.825486912,0.0,20.0,46.825486912,True,4,17,False
0,,0,128,0.0,0.0,0.0,197.072304,20.0,217.072304,True,4,18,False
1,12,16,112,2.461056,3.067108864,5.528164864,172.447704,20.0,192.447704,True,4,18,False
2,12;24,32,96,5.406336,3.134217728,8.540553728,147.822168,20.0,167.822168,True,4,18,False
3,12;24;58,48,80,8.421504,3.201326592,11.622830592,123.196632,20.0,143.196632,True,4,18,False
4,12;24;58;104,64,64,11.366784,3.268435456,14.635219456,98.535528,20.0,118.535528,True,4,18,False
5,12;24;58;104;112,80,48,14.381952,3.33554432,17.71749632,73.909992,20.0,93.909992,True,4,18,False
6,12;24;58;104;112;126,96,32,17.385888,3.402653184,20.788541184,49.285704,20.0,69.285704,True,4,18,False
7,12;24;58;104;112;122;126,108,20,20.312136,3.452984832,23.765120832,30.816864,20.0,50.816864,True,4,18,False
8,12;24;25;58;104;112;122;126,116,12,23.220912,3.486539264,26.707451264,18.504096,20.0,46.707451264,True,4,18,True
9,12;24;25;58;82;104;112;122;126,124,4,26.236704,3.520093696,29.756797696,6.190392,20.0,49.756797696,True,4,18,False
10,12;24;25;58;63;82;104;112;122;126,127,1,29.236896,3.532676608,32.769572608,1.591512,20.0,52.769572608,True,4,18,False
11,12;24;25;58;63;82;104;107;112;122;126,128,0,32.264232,3.536870912,35.801102912,0.0,20.0,55.801102912,True,4,18,False
0,,0,128,0.0,0.0,0.0,197.072304,20.0,217.072304,True,4,19,False
1,24,16,112,2.461056,3.067108864,5.528164864,172.447704,20.0,192.447704,True,4,19,False
2,24;52,32,96,5.406336,3.134217728,8.540553728,147.822168,20.0,167.822168,True,4,19,False
3,24;52;56,48,80,8.421504,3.201326592,11.622830592,123.196632,20.0,143.196632,True,4,19,False
4,24;52;56;59,64,64,11.366784,3.268435456,14.635219456,98.535528,20.0,118.535528,True,4,19,False
5,24;52;56;59;75,80,48,14.381952,3.33554432,17.71749632,73.909992,20.0,93.909992,True,4,19,False
6,24;52;56;59;75;112,96,32,17.385888,3.402653184,20.788541184,49.285704,20.0,69.285704,True,4,19,False
7,24;52;56;59;75;112;119,112,16,20.327112,3.469762048,23.796874048,24.661104,20.0,44.661104,True,4,19,True
8,24;29;52;56;59;75;112;119,123,5,23.189712,3.515899392,26.705611392,7.747896,20.0,46.705611392,True,4,19,False
9,24;29;52;56;59;75;79;112;119,128,0,26.303784,3.536870912,29.840654912,0.0,20.0,49.840654912,True,4,19,False
0,,0,128,0.0,0.0,0.0,197.072304,20.0,217.072304,True,4,20,False
1,9,16,112,2.461056,3.067108864,5.528164864,172.447704,20.0,192.447704,True,4,20,False
2,9;45,32,96,5.406336,3.134217728,8.540553728,147.822168,20.0,167.822168,True,4,20,False
3,9;45;48,48,80,8.421504,3.201326592,11.622830592,123.196632,20.0,143.196632,True,4,20,False
4,9;45;48;53,64,64,11.366784,3.268435456,14.635219456,98.535528,20.0,118.535528,True,4,20,False
5,9;45;48;53;65,80,48,14.381952,3.33554432,17.71749632,73.909992,20.0,93.909992,True,4,20,False
6,9;45;48;53;65;85,96,32,17.385888,3.402653184,20.788541184,49.285704,20.0,69.285704,True,4,20,False
7,9;45;48;53;65;85;114,112,16,20.327112,3.469762048,23.796874048,24.661104,20.0,44.661104,True,4,20,True
8,9;16;45;48;53;65;85;114,122,6,23.228712,3.511705088,26.740417088,9.268896,20.0,46.740417088,True,4,20,False
9,9;16;45;48;53;65;85;92;114,126,2,26.263848,3.528482304,29.792330304,3.112512,20.0,49.792330304,True,4,20,False
10,9;16;45;48;53;65;72;85;92;114,128,0,29.249064,3.536870912,32.785934912,0.0,20.0,52.785934912,True,4,20,False
0,,0,128,0.0,0.0,0.0,197.072304,20.0,217.072304,True,4,21,False
1,0,16,112,2.461056,3.067108864,5.528164864,172.447704,20.0,192.447704,True,4,21,False
2,0;2,32,96,5.406336,3.134217728,8.540553728,147.822168,20.0,167.822168,True,4,21,False
3,0;2;11,48,80,8.421504,3.201326592,11.622830592,123.196632,20.0,143.196632,True,4,21,False
4,0;2;11;13,64,64,11.366784,3.268435456,14.635219456,98.535528,20.0,118.535528,True,4,21,False
5,0;2;11;13;50,80,48,14.381952,3.33554432,17.71749632,73.909992,20.0,93.909992,True,4,21,False
6,0;2;11;13;50;63,96,32,17.385888,3.402653184,20.788541184,49.285704,20.0,69.285704,True,4,21,False
7,0;2;11;13;50;58;63,111,17,20.337096,3.465567744,23.802663744,26.217672,20.0,46.217672,True,4,21,True
8,0;2;11;13;50;58;63;124,126,2,23.24868,3.528482304,26.777162304,3.112512,20.0,46.777162304,True,4,21,False
9,0;2;11;13;16;50;58;63;124,127,1,26.291616,3.532676608,29.824292608,1.591512,20.0,49.824292608,True,4,21,False
10,0;2;11;13;16;50;56;58;63;124,128,0,29.249064,3.536870912,32.785934912,0.0,20.0,52.785934912,True,4,21,False
0,,0,128,0.0,0.0,0.0,197.072304,20.0,217.072304,True,4,22,False
1,6,16,112,2.461056,3.067108864,5.528164864,172.447704,20.0,192.447704,True,4,22,False
2,6;12,32,96,5.406336,3.134217728,8.540553728,147.822168,20.0,167.822168,True,4,22,False
3,6;12;31,48,80,8.421504,3.201326592,11.622830592,123.196632,20.0,143.196632,True,4,22,False
4,6;12;31;36,64,64,11.366784,3.268435456,14.635219456,98.535528,20.0,118.535528,True,4,22,False
5,6;12;31;36;68,80,48,14.381952,3.33554432,17.71749632,73.909992,20.0,93.909992,True,4,22,False
6,6;12;31;36;68;78,96,32,17.385888,3.402653184,20.788541184,49.285704,20.0,69.285704,True,4,22,False
7,6;12;31;36;68;78;90,112,16,20.327112,3.469762048,23.796874048,24.661104,20.0,44.661104,True,4,22,True
8,6;12;31;36;68;75;78;90,126,2,23.24868,3.528482304,26.777162304,3.112512,20.0,46.777162304,True,4,22,False
9,6;12;31;36;51;68;75;78;90,128,0,26.303784,3.536870912,29.840654912,0.0,20.0,49.840654912,True,4,22,False
0,,0,128,0.0,0.0,0.0,197.072304,20.0,217.072304,True,4,23,False
1,3,16,112,2.461056,3.067108864,5.528164864,172.447704,20.0,192.447704,True,4,23,False
2,3;4,32,96,5.406336,3.134217728,8.540553728,147.822168,20.0,167.822168,True,4,23,False
3,3;4;14,48,80,8.421504,3.201326592,11.622830592,123.196632,20.0,143.196632,True,4,23,False
4,3;4;14;32,64,64,11.366784,3.268435456,14.635219456,98.535528,20.0,118.535528,True,4,23,False
5,3;4;14;32;54,80,48,14.381952,3.33554432,17.71749632,73.909992,20.0,93.909992,True,4,23,False
6,3;4;14;32;54;56,96,32,17.385888,3.402653184,20.788541184,49.285704,20.0,69.285704,True,4,23,False
7,3;4;14;32;54;56;121,112,16,20.327112,3.469762048,23.796874048,24.661104,20.0,44.661104,True,4,23,True
8,3;4;14;32;48;54;56;121,122,6,23.228712,3.511705088,26.740417088,9.268896,20.0,46.740417088,True,4,23,False
9,3;4;14;15;32;48;54;56;121,128,0,26.303784,3.536870912,29.840654912,0.0,20.0,49.840654912,True,4,23,False
0,,0,128,0.0,0.0,0.0,197.072304,20.0,217.072304,True,4,24,False
1,11,16,112,2.461056,3.067108864,5.528164864,172.447704,20.0,192.447704,True,4,24,False
2,11;21,32,96,5.406336,3.134217728,8.540553728,147.822168,20.0,167.822168,True,4,24,False
3,11;21;23,48,80,8.421504,3.201326592,11.622830592,123.196632,20.0,143.196632,True,4,24,False
4,11;21;23;57,64,64,11.366784,3.268435456,14.635219456,98.535528,20.0,118.535528,True,4,24,False
5,11;21;23;57;89,80,48,14.381952,3.33554432,17.71749632,73.909992,20.0,93.909992,True,4,24,False
6,11;21;23;57;89;108,96,32,17.385888,3.402653184,20.788541184,49.285704,20.0,69.285704,True,4,24,False
7,11;21;23;57;89;108;111,112,16,20.327112,3.469762048,23.796874048,24.661104,20.0,44.661104,True,4,24,True
8,11;21;23;57;62;89;108;111,120,8,23.225904,3.50331648,26.72922048,12.347712,20.0,46.72922048,True,4,24,False
9,8;11;21;23;57;62;89;108;111,123,5,26.20488,3.515899392,29.720779392,7.747896,20.0,49.720779392,True,4,24,False
10,8;11;20;21;23;57;62;89;108;111,125,3,29.20788,3.524288,32.732168,4.670016,20.0,52.732168,True,4,24,False
11,8;11;20;21;23;35;57;62;89;108;111,127,1,32.252064,3.532676608,35.784740608,1.591512,20.0,55.784740608,True,4,24,False
12,8;11;20;21;23;35;57;62;78;89;108;111,128,0,35.209512,3.536870912,38.746382912,0.0,20.0,58.746382912,True,4,24,False
0,,0,128,0.0,0.0,0.0,197.072304,20.0,217.072304,True,4,25,False
1,1,16,112,2.461056,3.067108864,5.528164864,172.447704,20.0,192.447704,True,4,25,False
2,1;33,32,96,5.406336,3.134217728,8.540553728,147.822168,20.0,167.822168,True,4,25,False
3,1;33;52,48,80,8.421504,3.201326592,11.622830592,123.196632,20.0,143.196632,True,4,25,False
4,1;33;52;87,64,64,11.366784,3.268435456,14.635219456,98.535528,20.0,118.535528,True,4,25,False
5,1;33;52;87;91,80,48,14.381952,3.33554432,17.71749632,73.909992,20.0,93.909992,True,4,25,False
6,1;33;52;87;91;110,96,32,17.385888,3.402653184,20.788541184,49.285704,20.0,69.285704,True,4,25,False
7,1;33;52;87;91;110;122,112,16,20.327112,3.469762048,23.796874048,24.661104,20.0,44.661104,True,4,25,True
8,1;33;34;52;87;91;110;122,121,7,23.186592,3.507510784,26.694102784,10.827336,20.0,46.694102784,True,4,25,False
9,1;33;34;52;87;91;99;110;122,128,0,26.303784,3.536870912,29.840654912,0.0,20.0,49.840654912,True,4,25,False
0,,0,128,0.0,0.0,0.0,197.072304,20.0,217.072304,True,4,26,False
1,4,16,112,2.461056,3.067108864,5.528164864,172.447704,20.0,192.447704,True,4,26,False
2,4;61,32,96,5.406336,3.134217728,8.540553728,147.822168,20.0,167.822168,True,4,26,False
3,4;61;67,48,80,8.421504,3.201326592,11.622830592,123.196632,20.0,143.196632,True,4,26,False
4,4;61;67;81,64,64,11.366784,3.268435456,14.635219456,98.535528,20.0,118.535528,True,4,26,False
5,4;61;67;81;94,80,48,14.381952,3.33554432,17.71749632,73.909992,20.0,93.909992,True,4,26,False
6,4;61;67;81;94;104,96,32,17.385888,3.402653184,20.788541184,49.285704,20.0,69.285704,True,4,26,False
7,4;61;67;81;94;104;109,112,16,20.327112,3.469762048,23.796874048,24.661104,20.0,44.661104,True,4,26,True
8,4;14;61;67;81;94;104;109,127,1,23.276448,3.532676608,26.809124608,1.591512,20.0,46.809124608,True,4,26,False
9,4;14;61;67;81;94;104;109;121,128,0,26.303784,3.536870912,29.840654912,0.0,20.0,49.840654912,True,4,26,False
0,,0,128,0.0,0.0,0.0,197.072304,20.0,217.072304,True,4,27,False
1,2,16,112,2.461056,3.067108864,5.528164864,172.447704,20.0,192.447704,True,4,27,False
2,2;11,32,96,5.406336,3.134217728,8.540553728,147.822168,20.0,167.822168,True,4,27,False
3,2;11;33,48,80,8.421504,3.201326592,11.622830592,123.196632,20.0,143.196632,True,4,27,False
4,2;11;33;49,64,64,11.366784,3.268435456,14.635219456,98.535528,20.0,118.535528,True,4,27,False
5,2;11;33;49;51,80,48,14.381952,3.33554432,17.71749632,73.909992,20.0,93.909992,True,4,27,False
6,2;11;33;49;51;106,96,32,17.385888,3.402653184,20.788541184,49.285704,20.0,69.285704,True,4,27,False
7,2;11;33;49;51;106;122,112,16,20.327112,3.469762048,23.796874048,24.661104,20.0,44.661104,True,4,27,True
8,2;11;33;49;51;106;122;127,128,0,23.288616,3.536870912,26.825486912,0.0,20.0,46.825486912,True,4,27,False
0,,0,128,0.0,0.0,0.0,197.072304,20.0,217.072304,True,4,28,False
1,42,16,112,2.461056,3.067108864,5.528164864,172.447704,20.0,192.447704,True,4,28,False
2,42;48,32,96,5.406336,3.134217728,8.540553728,147.822168,20.0,167.822168,True,4,28,False
3,42;48;58,48,80,8.421504,3.201326592,11.622830592,123.196632,20.0,143.196632,True,4,28,False
4,42;48;58;91,64,64,11.366784,3.268435456,14.635219456,98.535528,20.0,118.535528,True,4,28,False
5,42;48;58;91;97,80,48,14.381952,3.33554432,17.71749632,73.909992,20.0,93.909992,True,4,28,False
6,42;48;58;91;97;98,96,32,17.385888,3.402653184,20.788541184,49.285704,20.0,69.285704,True,4,28,False
7,42;48;58;91;97;98;109,112,16,20.327112,3.469762048,23.796874048,24.661104,20.0,44.661104,True,4,28,True
8,42;48;58;91;97;98;109;122,128,0,23.288616,3.536870912,26.825486912,0.0,20.0,46.825486912,True,4,28,False
0,,0,128,0.0,0.0,0.0,197.072304,20.0,217.072304,True,4,29,False
1,33,16,112,2.461056,3.067108864,5.528164864,172.447704,20.0,192.447704,True,4,29,False
2,33;34,32,96,5.406336,3.134217728,8.540553728,147.822168,20.0,167.822168,True,4,29,False
3,33;34;50,48,80,8.421504,3.201326592,11.622830592,123.196632,20.0,143.196632,True,4,29,False
4,33;34;50;75,64,64,11.366784,3.268435456,14.635219456,98.535528,20.0,118.535528,True,4,29,False
5,33;34;50;75;105,80,48,14.381952,3.33554432,17.71749632,73.909992,20.0,93.909992,True,4,29,False
6,33;34;50;75;105;120,96,32,17.385888,3.402653184,20.788541184,49.285704,20.0,69.285704,True,4,29,False
7,33;34;50;73;75;105;120,111,17,20.337096,3.465567744,23.802663744,26.217672,20.0,46.217672,True,4,29,True
8,33;34;50;73;75;80;105;120,120,8,23.225904,3.50331648,26.72922048,12.347712,20.0,46.72922048,True,4,29,False
9,33;34;50;59;73;75;80;105;120,125,3,26.2626,3.524288,29.786888,4.670016,20.0,49.786888,True,4,29,False
10,3;33;34;50;59;73;75;80;105;120,128,0,29.249064,3.536870912,32.785934912,0.0,20.0,52.785934912,True,4,29,False
0,,0,128,0.0,0.0,0.0,197.072304,20.0,217.072304,True,4,30,False
1,24,16,112,2.461056,3.067108864,5.528164864,172.447704,20.0,192.447704,True,4,30,False
2,24;58,32,96,5.406336,3.134217728,8.540553728,147.822168,20.0,167.822168,True,4,30,False
3,24;58;71,48,80,8.421504,3.201326592,11.622830592,123.196632,20.0,143.196632,True,4,30,False
4,24;58;71;84,64,64,11.366784,3.268435456,14.635219456,98.535528,20.0,118.535528,True,4,30,False
5,24;58;71;84;107,80,48,14.381952,3.33554432,17.71749632,73.909992,20.0,93.909992,True,4,30,False
6,24;58;71;84;107;122,96,32,17.385888,3.402653184,20.788541184,49.285704,20.0,69.285704,True,4,30,False
7,24;58;71;84;107;122;126,112,16,20.327112,3.469762048,23.796874048,24.661104,20.0,44.661104,True,4,30,True
8,24;58;63;71;84;107;122;126,120,8,23.225904,3.50331648,26.72922048,12.347712,20.0,46.72922048,True,4,30,False
9,24;58;63;71;84;93;107;122;126,128,0,26.303784,3.536870912,29.840654912,0.0,20.0,49.840654912,True,4,30,False
0,,0,128,0.0,0.0,0.0,197.072304,20.0,217.072304,True,4,31,False
1,10,16,112,2.461056,3.067108864,5.528164864,172.447704,20.0,192.447704,True,4,31,False
2,10;24,32,96,5.406336,3.134217728,8.540553728,147.822168,20.0,167.822168,True,4,31,False
3,10;24;59,48,80,8.421504,3.201326592,11.622830592,123.196632,20.0,143.196632,True,4,31,False
4,10;24;59;79,64,64,11.366784,3.268435456,14.635219456,98.535528,20.0,118.535528,True,4,31,False
5,10;24;59;79;82,80,48,14.381952,3.33554432,17.71749632,73.909992,20.0,93.909992,True,4,31,False
6,10;24;59;79;82;114,96,32,17.385888,3.402653184,20.788541184,49.285704,20.0,69.285704,True,4,31,False
7,10;24;32;59;79;82;114,111,17,20.337096,3.465567744,23.802663744,26.217672,20.0,46.217672,True,4,31,True
8,10;24;32;47;59;79;82;114,118,10,23.20656,3.494927872,26.701487872,15.426216,20.0,46.701487872,True,4,31,False
9,10;24;32;47;52;59;79;82;114,123,5,26.20488,3.515899392,29.720779392,7.747896,20.0,49.720779392,True,4,31,False
10,10;24;32;45;47;52;59;79;82;114,126,2,29.209128,3.528482304,32.737610304,3.112512,20.0,52.737610304,True,4,31,False
11,10;24;32;38;45;47;52;59;79;82;114,128,0,32.264232,3.536870912,35.801102912,0.0,20.0,55.801102912,True,4,31,False
0,,0,128,0.0,0.0,0.0,197.072304,20.0,217.072304,True,4,32,False
1,5,16,112,2.461056,3.067108864,5.528164864,172.447704,20.0,192.447704,True,4,32,False
2,5;16,32,96,5.406336,3.134217728,8.540553728,147.822168,20.0,167.822168,True,4,32,False
3,5;16;30,48,80,8.421504,3.201326592,11.622830592,123.196632,20.0,143.196632,True,4,32,False
4,5;16;30;48,64,64,11.366784,3.268435456,14.635219456,98.535528,20.0,118.535528,True,4,32,False
5,5;16;30;48;57,80,48,14.381952,3.33554432,17.71749632,73.909992,20.0,93.909992,True,4,32,False
6,5;16;30;48;57;83,96,32,17.385888,3.402653184,20.788541184,49.285704,20.0,69.285704,True,4,32,False
7,5;16;30;48;57;83;92,112,16,20.327112,3.469762048,23.796874048,24.661104,20.0,44.661104,True,4,32,True
8,5;16;30;48;57;83;92;114,128,0,23.288616,3.536870912,26.825486912,0.0,20.0,46.825486912,True,4,32,False
0,,0,128,0.0,0.0,0.0,197.072304,20.0,217.072304,True,4,33,False
1,0,16,112,2.461056,3.067108864,5.528164864,172.447704,20.0,192.447704,True,4,33,False
2,0;2,32,96,5.406336,3.134217728,8.540553728,147.822168,20.0,167.822168,True,4,33,False
3,0;2;13,48,80,8.421504,3.201326592,11.622830592,123.196632,20.0,143.196632,True,4,33,False
4,0;2;13;14,64,64,11.366784,3.268435456,14.635219456,98.535528,20.0,118.535528,True,4,33,False
5,0;2;13;14;34,80,48,14.381952,3.33554432,17.71749632,73.909992,20.0,93.909992,True,4,33,False
6,0;2;13;14;34;50,96,32,17.385888,3.402653184,20.788541184,49.285704,20.0,69.285704,True,4,33,False
7,0;2;13;14;34;50;51,112,16,20.327112,3.469762048,23.796874048,24.661104,20.0,44.661104,True,4,33,True
8,0;2;13;14;34;50;51;63,128,0,23.288616,3.536870912,26.825486912,0.0,20.0,46.825486912,True,4,33,False
0,,0,128,0.0,0.0,0.0,197.072304,20.0,217.072304,True,4,34,False
1,12,16,112,2.461056,3.067108864,5.528164864,172.447704,20.0,192.447704,True,4,34,False
2,12;22,32,96,5.406336,3.134217728,8.540553728,147.822168,20.0,167.822168,True,4,34,False
3,12;22;29,48,80,8.421504,3.201326592,11.622830592,123.196632,20.0,143.196632,True,4,34,False
4,12;22;29;67,64,64,11.366784,3.268435456,14.635219456,98.535528,20.0,118.535528,True,4,34,False
5,12;22;29;67;68,80,48,14.381952,3.33554432,17.71749632,73.909992,20.0,93.909992,True,4,34,False
6,12;22;29;67;68;75,96,32,17.385888,3.402653184,20.788541184,49.285704,20.0,69.285704,True,4,34,False
7,12;22;29;67;68;75;84,112,16,20.327112,3.469762048,23.796874048,24.661104,20.0,44.661104,True,4,34,True
8,12;22;29;58;67;68;75;84,122,6,23.228712,3.511705088,26.740417088,9.268896,20.0,46.740417088,True,4,34,False
9,12;22;29;31;58;67;68;75;84,127,1,26.291616,3.532676608,29.824292608,1.591512,20.0,49.824292608,True,4,34,False
10,12;22;29;31;58;67;68;75;84;92,128,0,29.249064,3.536870912,32.785934912,0.0,20.0,52.785934912,True,4,34,False
0,,0,128,0.0,0.0,0.0,197.072304,20.0,217.072304,True,4,35,False
1,3,16,112,2.461056,3.067108864,5.528164864,172.447704,20.0,192.447704,True,4,35,False
2,3;15,32,96,5.406336,3.134217728,8.540553728,147.822168,20.0,167.822168,True,4,35,False
3,3;15;32,48,80,8.421504,3.201326592,11.622830592,123.196632,20.0,143.196632,True,4,35,False
4,3;15;32;54,64,64,11.366784,3.268435456,14.635219456,98.535528,20.0,118.535528,True,4,35,False
5,3;15;32;54;62,80,48,14.381952,3.33554432,17.71749632,73.909992,20.0,93.909992,True,4,35,False
6,3;14;15;32;54;62,95,33,17.374656,3.39845888,20.77311488,50.843832,20.0,70.843832,True,4,35,False
7,3;14;15;31;32;54;62,109,19,20.378592,3.457179136,23.835771136,29.296488,20.0,49.296488,True,4,35,False
8,3;14;15;31;32;54;62;76,119,9,23.25336,3.499122176,26.752482176,13.904904,20.0,46.752482176,True,4,35,True
9,3;14;15;17;31;32;54;62;76,125,3,26.2626,3.524288,29.786888,4.670016,20.0,49.786888,True,4,35,False
10,3;14;15;17;31;32;54;56;62;76,128,0,29.249064,3.536870912,32.785934912,0.0,20.0,52.785934912,True,4,35,False
0,,0,128,0.0,0.0,0.0,197.072304,20.0,217.072304,True,4,36,False
1,20,16,112,2.461056,3.067108864,5.528164864,172.447704,20.0,192.447704,True,4,36,False
2,20;21,32,96,5.406336,3.134217728,8.540553728,147.822168,20.0,167.822168,True,4,36,False
3,20;21;62,48,80,8.421504,3.201326592,11.622830592,123.196632,20.0,143.196632,True,4,36,False
4,20;21;62;85,64,64,11.366784,3.268435456,14.635219456,98.535528,20.0,118.535528,True,4,36,False
5,20;21;62;85;89,80,48,14.381952,3.33554432,17.71749632,73.909992,20.0,93.909992,True,4,36,False
6,20;21;62;85;89;111,96,32,17.385888,3.402653184,20.788541184,49.285704,20.0,69.285704,True,4,36,False
7,20;21;62;85;89;111;122,112,16,20.327112,3.469762048,23.796874048,24.661104,20.0,44.661104,True,4,36,True
8,20;21;62;85;89;91;111;122,118,10,23.20656,3.494927872,26.701487872,15.426216,20.0,46.701487872,True,4,36,False
9,11;20;21;62;85;89;91;111;122,122,6,26.24388,3.511705088,29.755585088,9.268896,20.0,49.755585088,True,4,36,False
10,11;20;21;49;62;85;89;91;111;122,125,3,29.20788,3.524288,32.732168,4.670016,20.0,52.732168,True,4,36,False
11,11;20;21;49;62;78;85;89;91;111;122,128,0,32.264232,3.536870912,35.801102912,0.0,20.0,55.801102912,True,4,36,False
0,,0,128,0.0,0.0,0.0,197.072304,20.0,217.072304,True,4,37,False
1,0,16,112,2.461056,3.067108864,5.528164864,172.447704,20.0,192.447704,True,4,37,False
2,0;25,32,96,5.406336,3.134217728,8.540553728,147.822168,20.0,167.822168,True,4,37,False
3,0;25;26,48,80,8.421504,3.201326592,11.622830592,123.196632,20.0,143.196632,True,4,37,False
4,0;25;26;71,64,64,11.366784,3.268435456,14.635219456,98.535528,20.0,118.535528,True,4,37,False
5,0;25;26;71;91,80,48,14.381952,3.33554432,17.71749632,73.909992,20.0,93.909992,True,4,37,False
6,0;25;26;71;91;110,96,32,17.385888,3.402653184,20.788541184,49.285704,20.0,69.285704,True,4,37,False
7,0;25;26;71;91;110;122,112,16,20.327112,3.469762048,23.796874048,24.661104,20.0,44.661104,True,4,37,True
8,0;25;26;71;73;91;110;122,125,3,23.247432,3.524288,26.77172,4.670016,20.0,46.77172,True,4,37,False
9,0;25;26;71;73;91;97;110;122,127,1,26.291616,3.532676608,29.824292608,1.591512,20.0,49.824292608,True,4,37,False
10,0;11;25;26;71;73;91;97;110;122,128,0,29.249064,3.536870912,32.785934912,0.0,20.0,52.785934912,True,4,37,False
0,,0,128,0.0,0.0,0.0,197.072304,20.0,217.072304,True,4,38,False
1,12,16,112,2.461056,3.067108864,5.528164864,172.447704,20.0,192.447704,True,4,38,False
2,12;76,32,96,5.406336,3.134217728,8.540553728,147.822168,20.0,167.822168,True,4,38,False
3,12;76;81,48,80,8.421504,3.201326592,11.622830592,123.196632,20.0,143.196632,True,4,38,False
4,12;76;81;104,64,64,11.366784,3.268435456,14.635219456,98.535528,20.0,118.535528,True,4,38,False
5,12;76;81;104;109,80,48,14.381952,3.33554432,17.71749632,73.909992,20.0,93.909992,True,4,38,False
6,12;76;81;104;109;110,96,32,17.385888,3.402653184,20.788541184,49.285704,20.0,69.285704,True,4,38,False
7,12;76;81;100;104;109;110,107,21,20.380464,3.448790528,23.829254528,32.374368,20.0,52.374368,True,4,38,False
8,12;76;81;91;100;104;109;110,115,13,23.327304,3.48234496,26.80964896,20.060976,20.0,46.80964896,True,4,38,True
9,12;76;81;91;100;104;109;110;121,122,6,26.24388,3.511705088,29.755585088,9.268896,20.0,49.755585088,True,4,38,False
10,4;12;76;81;91;100;104;109;110;121,128,0,29.249064,3.536870912,32.785934912,0.0,20.0,52.785934912,True,4,38,False
0,,0,128,0.0,0.0,0.0,197.072304,20.0,217.072304,True,4,39,False
1,2,16,112,2.461056,3.067108864,5.528164864,172.447704,20.0,192.447704,True,4,39,False
2,2;49,32,96,5.406336,3.134217728,8.540553728,147.822168,20.0,167.822168,True,4,39,False
3,2;49;59,48,80,8.421504,3.201326592,11.622830592,123.196632,20.0,143.196632,True,4,39,False
4,2;49;59;70,64,64,11.366784,3.268435456,14.635219456,98.535528,20.0,118.535528,True,4,39,False
5,2;49;59;70;106,80,48,14.381952,3.33554432,17.71749632,73.909992,20.0,93.909992,True,4,39,False
6,2;49;59;70;106;118,96,32,17.385888,3.402653184,20.788541184,49.285704,20.0,69.285704,True,4,39,False
7,2;49;59;70;106;118;127,112,16,20.327112,3.469762048,23.796874048,24.661104,20.0,44.661104,True,4,39,True
8,2;16;49;59;70;106;118;127,118,10,23.20656,3.494927872,26.701487872,15.426216,20.0,46.701487872,True,4,39,False
9,2;8;16;49;59;70;106;118;127,123,5,26.20488,3.515899392,29.720779392,7.747896,20.0,49.720779392,True,4,39,False
10,2;8;16;49;59;70;84;106;118;127,127,1,29.236896,3.532676608,32.769572608,1.591512,20.0,52.769572608,True,4,39,False
11,2;5;8;16;49;59;70;84;106;118;127,128,0,32.264232,3.536870912,35.801102912,0.0,20.0,55.801102912,True,4,39,False
0,,0,128,0.0,0.0,0.0,197.072304,20.0,217.072304,True,4,40,False
1,34,16,112,2.461056,3.067108864,5.528164864,172.447704,20.0,192.447704,True,4,40,False
2,34;48,32,96,5.406336,3.134217728,8.540553728,147.822168,20.0,167.822168,True,4,40,False
3,34;48;58,48,80,8.421504,3.201326592,11.622830592,123.196632,20.0,143.196632,True,4,40,False
4,34;48;58;65,64,64,11.366784,3.268435456,14.635219456,98.535528,20.0,118.535528,True,4,40,False
5,34;48;58;65;87,80,48,14.381952,3.33554432,17.71749632,73.909992,20.0,93.909992,True,4,40,False
6,34;48;58;65;87;91,96,32,17.385888,3.402653184,20.788541184,49.285704,20.0,69.285704,True,4,40,False
7,34;48;58;65;87;91;122,112,16,20.327112,3.469762048,23.796874048,24.661104,20.0,44.661104,True,4,40,True
8,34;48;58;65;87;91;98;122,124,4,23.221536,3.520093696,26.741629696,6.190392,20.0,46.741629696,True,4,40,False
9,34;48;58;65;87;89;91;98;122,128,0,26.303784,3.536870912,29.840654912,0.0,20.0,49.840654912,True,4,40,False
0,,0,128,0.0,0.0,0.0,197.072304,20.0,217.072304,True,4,41,False
1,1,16,112,2.461056,3.067108864,5.528164864,172.447704,20.0,192.447704,True,4,41,False
2,1;10,32,96,5.406336,3.134217728,8.540553728,147.822168,20.0,167.822168,True,4,41,False
3,1;10;21,48,80,8.421504,3.201326592,11.622830592,123.196632,20.0,143.196632,True,4,41,False
4,1;10;21;33,64,64,11.366784,3.268435456,14.635219456,98.535528,20.0,118.535528,True,4,41,False
5,1;10;21;33;80,80,48,14.381952,3.33554432,17.71749632,73.909992,20.0,93.909992,True,4,41,False
6,1;10;21;33;80;105,96,32,17.385888,3.402653184,20.788541184,49.285704,20.0,69.285704,True,4,41,False
7,1;10;21;33;80;105;123,112,16,20.327112,3.469762048,23.796874048,24.661104,20.0,44.661104,True,4,41,True
8,1;10;21;33;37;80;105;123,127,1,23.276448,3.532676608,26.809124608,1.591512,20.0,46.809124608,True,4,41,False
9,1;10;21;33;37;80;105;120;123,128,0,26.303784,3.536870912,29.840654912,0.0,20.0,49.840654912,True,4,41,False
0,,0,128,0.0,0.0,0.0,197.072304,20.0,217.072304,True,4,42,False
1,30,16,112,2.461056,3.067108864,5.528164864,172.447704,20.0,192.447704,True,4,42,False
2,30;35,32,96,5.406336,3.134217728,8.540553728,147.822168,20.0,167.822168,True,4,42,False
3,30;35;43,48,80,8.421504,3.201326592,11.622830592,123.196632,20.0,143.196632,True,4,42,False
4,30;35;43;76,64,64,11.366784,3.268435456,14.635219456,98.535528,20.0,118.535528,True,4,42,False
5,30;35;43;76;81,80,48,14.381952,3.33554432,17.71749632,73.909992,20.0,93.909992,True,4,42,False
6,30;35;43;76;81;88,96,32,17.385888,3.402653184,20.788541184,49.285704,20.0,69.285704,True,4,42,False
7,30;35;43;76;81;88;114,112,16,20.327112,3.469762048,23.796874048,24.661104,20.0,44.661104,True,4,42,True
8,30;35;39;43;76;81;88;114,125,3,23.247432,3.524288,26.77172,4.670016,20.0,46.77172,True,4,42,False
9,30;35;39;43;76;81;88;114;115,128,0,26.303784,3.536870912,29.840654912,0.0,20.0,49.840654912,True,4,42,False
0,,0,128,0.0,0.0,0.0,197.072304,20.0,217.072304,True,4,43,False
1,10,16,112,2.461056,3.067108864,5.528164864,172.447704,20.0,192.447704,True,4,43,False
2,10;11,32,96,5.406336,3.134217728,8.540553728,147.822168,20.0,167.822168,True,4,43,False
3,10;11;37,48,80,8.421504,3.201326592,11.622830592,123.196632,20.0,143.196632,True,4,43,False
4,10;11;37;83,64,64,11.366784,3.268435456,14.635219456,98.535528,20.0,118.535528,True,4,43,False
5,10;11;37;83;92,80,48,14.381952,3.33554432,17.71749632,73.909992,20.0,93.909992,True,4,43,False
6,10;11;37;83;92;94,96,32,17.385888,3.402653184,20.788541184,49.285704,20.0,69.285704,True,4,43,False
7,10;11;37;83;92;94;96,112,16,20.327112,3.469762048,23.796874048,24.661104,20.0,44.661104,True,4,43,True
8,10;11;37;45;83;92;94;96,126,2,23.24868,3.528482304,26.777162304,3.112512,20.0,46.777162304,True,4,43,False
9,10;11;37;45;83;92;94;96;98,128,0,26.303784,3.536870912,29.840654912,0.0,20.0,49.840654912,True,4,43,False
0,,0,128,0.0,0.0,0.0,197.072304,20.0,217.072304,True,4,44,False
1,12,16,112,2.461056,3.067108864,5.528164864,172.447704,20.0,192.447704,True,4,44,False
2,12;15,32,96,5.406336,3.134217728,8.540553728,147.822168,20.0,167.822168,True,4,44,False
3,12;15;79,48,80,8.421504,3.201326592,11.622830592,123.196632,20.0,143.196632,True,4,44,False
4,12;15;79;90,64,64,11.366784,3.268435456,14.635219456,98.535528,20.0,118.535528,True,4,44,False
5,12;15;79;90;102,80,48,14.381952,3.33554432,17.71749632,73.909992,20.0,93.909992,True,4,44,False
6,12;15;79;90;102;107,96,32,17.385888,3.402653184,20.788541184,49.285704,20.0,69.285704,True,4,44,False
7,12;15;65;79;90;102;107,109,19,20.378592,3.457179136,23.835771136,29.296488,20.0,49.296488,True,4,44,False
8,12;15;65;79;90;102;104;107,120,8,23.225904,3.50331648,26.72922048,12.347712,20.0,46.72922048,True,4,44,True
9,12;15;50;65;79;90;102;104;107,128,0,26.303784,3.536870912,29.840654912,0.0,20.0,49.840654912,True,4,44,False
0,,0,128,0.0,0.0,0.0,197.072304,20.0,217.072304,True,4,45,False
1,1,16,112,2.461056,3.067108864,5.528164864,172.447704,20.0,192.447704,True,4,45,False
2,1;2,32,96,5.406336,3.134217728,8.540553728,147.822168,20.0,167.822168,True,4,45,False
3,1;2;4,48,80,8.421504,3.201326592,11.622830592,123.196632,20.0,143.196632,True,4,45,False
4,1;2;4;18,64,64,11.366784,3.268435456,14.635219456,98.535528,20.0,118.535528,True,4,45,False
5,1;2;4;18;53,80,48,14.381952,3.33554432,17.71749632,73.909992,20.0,93.909992,True,4,45,False
6,1;2;4;18;53;64,96,32,17.385888,3.402653184,20.788541184,49.285704,20.0,69.285704,True,4,45,False
7,1;2;4;18;53;64;92,112,16,20.327112,3.469762048,23.796874048,24.661104,20.0,44.661104,True,4,45,True
8,1;2;4;18;53;64;92;107,128,0,23.288616,3.536870912,26.825486912,0.0,20.0,46.825486912,True,4,45,False
0,,0,128,0.0,0.0,0.0,197.072304,20.0,217.072304,True,4,46,False
1,21,16,112,2.461056,3.067108864,5.528164864,172.447704,20.0,192.447704,True,4,46,False
2,21;34,32,96,5.406336,3.134217728,8.540553728,147.822168,20.0,167.822168,True,4,46,False
3,21;34;35,48,80,8.421504,3.201326592,11.622830592,123.196632,20.0,143.196632,True,4,46,False
4,21;34;35;38,64,64,11.366784,3.268435456,14.635219456,98.535528,20.0,118.535528,True,4,46,False
5,21;34;35;38;97,80,48,14.381952,3.33554432,17.71749632,73.909992,20.0,93.909992,True,4,46,False
6,21;34;35;38;97;103,96,32,17.385888,3.402653184,20.788541184,49.285704,20.0,69.285704,True,4,46,False
7,21;34;35;38;97;102;103,109,19,20.378592,3.457179136,23.835771136,29.296488,20.0,49.296488,True,4,46,False
8,21;34;35;38;97;99;102;103,118,10,23.20656,3.494927872,26.701487872,15.426216,20.0,46.701487872,True,4,46,True
9,21;34;35;38;76;97;99;102;103,126,2,26.263848,3.528482304,29.792330304,3.112512,20.0,49.792330304,True,4,46,False
10,21;34;35;38;46;76;97;99;102;103,128,0,29.249064,3.536870912,32.785934912,0.0,20.0,52.785934912,True,4,46,False
0,,0,128,0.0,0.0,0.0,197.072304,20.0,217.072304,True,4,47,False
1,20,16,112,2.461056,3.067108864,5.528164864,172.447704,20.0,192.447704,True,4,47,False
2,20;46,32,96,5.406336,3.134217728,8.540553728,147.822168,20.0,167.822168,True,4,47,False
3,20;46;57,48,80,8.421504,3.201326592,11.622830592,123.196632,20.0,143.196632,True,4,47,False
4,20;46;57;58,64,64,11.366784,3.268435456,14.635219456,98.535528,20.0,118.535528,True,4,47,False
5,20;46;57;58;73,80,48,14.381952,3.33554432,17.71749632,73.909992,20.0,93.909992,True,4,47,False
6,20;46;57;58;73;105,96,32,17.385888,3.402653184,20.788541184,49.285704,20.0,69.285704,True,4,47,False
7,20;46;57;58;73;105;109,112,16,20.327112,3.469762048,23.796874048,24.661104,20.0,44.661104,True,4,47,True
8,20;46;57;58;73;105;109;110,128,0,23.288616,3.536870912,26.825486912,0.0,20.0,46.825486912,True,4,47,False
0,,0,128,0.0,0.0,0.0,197.072304,20.0,217.072304,True,5,0,False
1,14,16,112,2.461056,3.067108864,5.528164864,172.447704,20.0,192.447704,True,5,0,False
2,14;21,32,96,5.406336,3.134217728,8.540553728,147.822168,20.0,167.822168,True,5,0,False
3,14;21;50,48,80,8.421504,3.201326592,11.622830592,123.196632,20.0,143.196632,True,5,0,False
4,14;21;50;51,64,64,11.366784,3.268435456,14.635219456,98.535528,20.0,118.535528,True,5,0,False
5,14;21;50;51;57,80,48,14.381952,3.33554432,17.71749632,73.909992,20.0,93.909992,True,5,0,False
6,14;21;50;51;57;103,96,32,17.385888,3.402653184,20.788541184,49.285704,20.0,69.285704,True,5,0,False
7,14;21;50;51;57;103;106,112,16,20.327112,3.469762048,23.796874048,24.661104,20.0,44.661104,True,5,0,True
8,14;21;50;51;57;103;106;110,128,0,23.288616,3.536870912,26.825486912,0.0,20.0,46.825486912,True,5,0,False
0,,0,128,0.0,0.0,0.0,197.072304,20.0,217.072304,True,5,1,False
1,3,16,112,2.461056,3.067108864,5.528164864,172.447704,20.0,192.447704,True,5,1,False
2,3;6,32,96,5.406336,3.134217728,8.540553728,147.822168,20.0,167.822168,True,5,1,False
3,3;6;9,48,80,8.421504,3.201326592,11.622830592,123.196632,20.0,143.196632,True,5,1,False
4,3;6;9;33,64,64,11.366784,3.268435456,14.635219456,98.535528,20.0,118.535528,True,5,1,False
5,3;6;9;33;42,80,48,14.381952,3.33554432,17.71749632,73.909992,20.0,93.909992,True,5,1,False
6,3;6;9;33;42;49,96,32,17.385888,3.402653184,20.788541184,49.285704,20.0,69.285704,True,5,1,False
7,3;6;9;33;42;49;51,112,16,20.327112,3.469762048,23.796874048,24.661104,20.0,44.661104,True,5,1,True
8,3;6;9;33;42;49;51;95,128,0,23.288616,3.536870912,26.825486912,0.0,20.0,46.825486912,True,5,1,False
0,,0,128,0.0,0.0,0.0,197.072304,20.0,217.072304,True,5,2,False
1,56,16,112,2.461056,3.067108864,5.528164864,172.447704,20.0,192.447704,True,5,2,False
2,56;72,32,96,5.406336,3.134217728,8.540553728,147.822168,20.0,167.822168,True,5,2,False
3,56;72;82,48,80,8.421504,3.201326592,11.622830592,123.196632,20.0,143.196632,True,5,2,False
4,56;72;82;90,64,64,11.366784,3.268435456,14.635219456,98.535528,20.0,118.535528,True,5,2,False
5,56;72;82;90;92,80,48,14.381952,3.33554432,17.71749632,73.909992,20.0,93.909992,True,5,2,False
6,56;72;82;90;92;95,96,32,17.385888,3.402653184,20.788541184,49.285704,20.0,69.285704,True,5,2,False
7,56;72;82;90;92;95;122,112,16,20.327112,3.469762048,23.796874048,24.661104,20.0,44.661104,True,5,2,True
8,56;72;82;90;92;95;122;123,128,0,23.288616,3.536870912,26.825486912,0.0,20.0,46.825486912,True,5,2,False
0,,0,128,0.0,0.0,0.0,197.072304,20.0,217.072304,True,5,3,False
1,30,16,112,2.461056,3.067108864,5.528164864,172.447704,20.0,192.447704,True,5,3,False
2,30;39,32,96,5.406336,3.134217728,8.540553728,147.822168,20.0,167.822168,True,5,3,False
3,30;39;56,48,80,8.421504,3.201326592,11.622830592,123.196632,20.0,143.196632,True,5,3,False
4,30;39;56;71,64,64,11.366784,3.268435456,14.635219456,98.535528,20.0,118.535528,True,5,3,False
5,30;39;56;71;87,80,48,14.381952,3.33554432,17.71749632,73.909992,20.0,93.909992,True,5,3,False
6,30;39;56;71;87;108,96,32,17.385888,3.402653184,20.788541184,49.285704,20.0,69.285704,True,5,3,False
7,30;39;56;71;87;108;114,112,16,20.327112,3.469762048,23.796874048,24.661104,20.0,44.661104,True,5,3,True
8,30;39;56;71;87;108;114;117,128,0,23.288616,3.536870912,26.825486912,0.0,20.0,46.825486912,True,5,3,False
0,,0,128,0.0,0.0,0.0,197.072304,20.0,217.072304,True,5,4,False
1,12,16,112,2.461056,3.067108864,5.528164864,172.447704,20.0,192.447704,True,5,4,False
2,12;19,32,96,5.406336,3.134217728,8.540553728,147.822168,20.0,167.822168,True,5,4,False
3,12;19;64,48,80,8.421504,3.201326592,11.622830592,123.196632,20.0,143.196632,True,5,4,False
4,12;19;64;100,64,64,11.366784,3.268435456,14.635219456,98.535528,20.0,118.535528,True,5,4,False
5,12;19;64;100;108,80,48,14.381952,3.33554432,17.71749632,73.909992,20.0,93.909992,True,5,4,False
6,12;19;64;100;108;110,96,32,17.385888,3.402653184,20.788541184,49.285704,20.0,69.285704,True,5,4,False
7,12;19;64;100;108;110;114,112,16,20.327112,3.469762048,23.796874048,24.661104,20.0,44.661104,True,5,4,True
8,12;19;64;100;108;110;114;127,128,0,23.288616,3.536870912,26.825486912,0.0,20.0,46.825486912,True,5,4,False
0,,0,128,0.0,0.0,0.0,197.072304,20.0,217.072304,True,5,5,False
1,4,16,112,2.461056,3.067108864,5.528164864,172.447704,20.0,192.447704,True,5,5,False
2,4;38,32,96,5.406336,3.134217728,8.540553728,147.822168,20.0,167.822168,True,5,5,False
3,4;38;46,48,80,8.421504,3.201326592,11.622830592,123.196632,20.0,143.196632,True,5,5,False
4,4;38;46;53,64,64,11.366784,3.268435456,14.635219456,98.535528,20.0,118.535528,True,5,5,False
5,4;38;46;53;65,80,48,14.381952,3.33554432,17.71749632,73.909992,20.0,93.909992,True,5,5,False
6,4;38;46;53;65;73,96,32,17.385888,3.402653184,20.788541184,49.285704,20.0,69.285704,True,5,5,False
7,4;38;46;53;65;73;84,112,16,20.327112,3.469762048,23.796874048,24.661104,20.0,44.661104,True,5,5,True
8,4;38;46;53;65;73;84;104,128,0,23.288616,3.536870912,26.825486912,0.0,20.0,46.825486912,True,5,5,False
0,,0,128,0.0,0.0,0.0,197.072304,20.0,217.072304,True,5,6,False
1,33,16,112,2.461056,3.067108864,5.528164864,172.447704,20.0,192.447704,True,5,6,False
2,33;43,32,96,5.406336,3.134217728,8.540553728,147.822168,20.0,167.822168,True,5,6,False
3,33;43;49,48,80,8.421504,3.201326592,11.622830592,123.196632,20.0,143.196632,True,5,6,False
4,33;43;49;58,64,64,11.366784,3.268435456,14.635219456,98.535528,20.0,118.535528,True,5,6,False
5,33;43;49;58;82,80,48,14.381952,3.33554432,17.71749632,73.909992,20.0,93.909992,True,5,6,False
6,33;43;49;58;82;112,96,32,17.385888,3.402653184,20.788541184,49.285704,20.0,69.285704,True,5,6,False
7,33;43;49;58;82;112;116,112,16,20.327112,3.469762048,23.796874048,24.661104,20.0,44.661104,True,5,6,True
8,33;43;49;58;82;112;116;126,128,0,23.288616,3.536870912,26.825486912,0.0,20.0,46.825486912,True,5,6,False
0,,0,128,0.0,0.0,0.0,197.072304,20.0,217.072304,True,5,7,False
1,15,16,112,2.461056,3.067108864,5.528164864,172.447704,20.0,192.447704,True,5,7,False
2,15;19,32,96,5.406336,3.134217728,8.540553728,147.822168,20.0,167.822168,True,5,7,False
3,15;19;29,48,80,8.421504,3.201326592,11.622830592,123.196632,20.0,143.196632,True,5,7,False
4,15;19;29;44,64,64,11.366784,3.268435456,14.635219456,98.535528,20.0,118.535528,True,5,7,False
5,15;19;29;44;52,80,48,14.381952,3.33554432,17.71749632,73.909992,20.0,93.909992,True,5,7,False
6,15;19;29;44;52;56,96,32,17.385888,3.402653184,20.788541184,49.285704,20.0,69.285704,True,5,7,False
7,15;19;29;44;52;56;75,112,16,20.327112,3.469762048,23.796874048,24.661104,20.0,44.661104,True,5,7,True
8,15;19;29;44;52;56;75;114,128,0,23.288616,3.536870912,26.825486912,0.0,20.0,46.825486912,True,5,7,False
0,,0,128,0.0,0.0,0.0,197.072304,20.0,217.072304,True,5,8,False
1,11,16,112,2.461056,3.067108864,5.528164864,172.447704,20.0,192.447704,True,5,8,False
2,11;50,32,96,5.406336,3.134217728,8.540553728,147.822168,20.0,167.822168,True,5,8,False
3,11;50;53,48,80,8.421504,3.201326592,11.622830592,123.196632,20.0,143.196632,True,5,8,False
4,11;50;53;83,64,64,11.366784,3.268435456,14.635219456,98.535528,20.0,118.535528,True,5,8,False
5,11;50;53;83;85,80,48,14.381952,3.33554432,17.71749632,73.909992,20.0,93.909992,True,5,8,False
6,11;50;53;83;85;92,96,32,17.385888,3.402653184,20.788541184,49.285704,20.0,69.285704,True,5,8,False
7,11;50;53;83;85;92;123,112,16,20.327112,3.469762048,23.796874048,24.661104,20.0,44.661104,True,5,8,True
8,11;50;53;83;85;92;102;123,120,8,23.225904,3.50331648,26.72922048,12.347712,20.0,46.72922048,True,5,8,False
9,11;22;50;53;83;85;92;102;123,126,2,26.263848,3.528482304,29.792330304,3.112512,20.0,49.792330304,True,5,8,False
10,11;22;50;53;76;83;85;92;102;123,128,0,29.249064,3.536870912,32.785934912,0.0,20.0,52.785934912,True,5,8,False
0,,0,128,0.0,0.0,0.0,197.072304,20.0,217.072304,True,5,9,False
1,2,16,112,2.461056,3.067108864,5.528164864,172.447704,20.0,192.447704,True,5,9,False
2,2;11,32,96,5.406336,3.134217728,8.540553728,147.822168,20.0,167.822168,True,5,9,False
3,2;11;13,48,80,8.421504,3.201326592,11.622830592,123.196632,20.0,143.196632,True,5,9,False
4,2;11;13;16,64,64,11.366784,3.268435456,14.635219456,98.535528,20.0,118.535528,True,5,9,False
5,2;11;13;16;92,80,48,14.381952,3.33554432,17.71749632,73.909992,20.0,93.909992,True,5,9,False
6,2;11;13;16;92;124,96,32,17.385888,3.402653184,20.788541184,49.285704,20.0,69.285704,True,5,9,False
7,2;11;13;16;92;124;125,112,16,20.327112,3.469762048,23.796874048,24.661104,20.0,44.661104,True,5,9,True
8,2;11;13;16;38;92;124;125,126,2,23.24868,3.528482304,26.777162304,3.112512,20.0,46.777162304,True,5,9,False
9,2;6;11;13;16;38;92;124;125,128,0,26.303784,3.536870912,29.840654912,0.0,20.0,49.840654912,True,5,9,False
0,,0,128,0.0,0.0,0.0,197.072304,20.0,217.072304,True,5,10,False
1,1,16,112,2.461056,3.067108864,5.528164864,172.447704,20.0,192.447704,True,5,10,False
2,1;29,32,96,5.406336,3.134217728,8.540553728,147.822168,20.0,167.822168,True,5,10,False
3,1;29;42,48,80,8.421504,3.201326592,11.622830592,123.196632,20.0,143.196632,True,5,10,False
4,1;29;42;48,64,64,11.366784,3.268435456,14.635219456,98.535528,20.0,118.535528,True,5,10,False
5,1;29;42;48;84,80,48,14.381952,3.33554432,17.71749632,73.909992,20.0,93.909992,True,5,10,False
6,1;29;42;48;84;98,96,32,17.385888,3.402653184,20.788541184,49.285704,20.0,69.285704,True,5,10,False
7,1;9;29;42;48;84;98,109,19,20.378592,3.457179136,23.835771136,29.296488,20.0,49.296488,True,5,10,False
8,1;6;9;29;42;48;84;98,120,8,23.225904,3.50331648,26.72922048,12.347712,20.0,46.72922048,True,5,10,True
9,1;6;9;19;29;42;48;84;98,127,1,26.291616,3.532676608,29.824292608,1.591512,20.0,49.824292608,True,5,10,False
10,1;6;9;19;29;42;48;68;84;98,128,0,29.249064,3.536870912,32.785934912,0.0,20.0,52.785934912,True,5,10,False
0,,0,128,0.0,0.0,0.0,197.072304,20.0,217.072304,True,5,11,False
1,3,16,112,2.461056,3.067108864,5.528164864,172.447704,20.0,192.447704,True,5,11,False
2,3;17,32,96,5.406336,3.134217728,8.540553728,147.822168,20.0,167.822168,True,5,11,False
3,3;17;62,48,80,8.421504,3.201326592,11.622830592,123.196632,20.0,143.196632,True,5,11,False
4,3;17;62;76,64,64,11.366784,3.268435456,14.635219456,98.535528,20.0,118.535528,True,5,11,False
5,3;17;62;76;81,80,48,14.381952,3.33554432,17.71749632,73.909992,20.0,93.909992,True,5,11,False
6,3;17;62;76;81;108,96,32,17.385888,3.402653184,20.788541184,49.285704,20.0,69.285704,True,5,11,False
7,3;17;62;76;81;108;109,112,16,20.327112,3.469762048,23.796874048,24.661104,20.0,44.661104,True,5,11,True
8,3;17;62;76;81;108;109;121,128,0,23.288616,3.536870912,26.825486912,0.0,20.0,46.825486912,True,5,11,False
0,,0,128,0.0,0.0,0.0,197.072304,20.0,217.072304,True,5,12,False
1,11,16,112,2.461056,3.067108864,5.528164864,172.447704,20.0,192.447704,True,5,12,False
2,11;24,32,96,5.406336,3.134217728,8.540553728,147.822168,20.0,167.822168,True,5,12,False
3,11;24;41,48,80,8.421504,3.201326592,11.622830592,123.196632,20.0,143.196632,True,5,12,False
4,11;24;41;57,64,64,11.366784,3.268435456,14.635219456,98.535528,20.0,118.535528,True,5,12,False
5,11;24;41;57;78,80,48,14.381952,3.33554432,17.71749632,73.909992,20.0,93.909992,True,5,12,False
6,11;24;41;57;78;111,96,32,17.385888,3.402653184,20.788541184,49.285704,20.0,69.285704,True,5,12,False
7,11;24;41;57;78;111;125,112,16,20.327112,3.469762048,23.796874048,24.661104,20.0,44.661104,True,5,12,True
8,11;24;41;57;65;78;111;125,124,4,23.221536,3.520093696,26.741629696,6.190392,20.0,46.741629696,True,5,12,False
9,11;24;41;57;65;78;106;111;125,128,0,26.303784,3.536870912,29.840654912,0.0,20.0,49.840654912,True,5,12,False
0,,0,128,0.0,0.0,0.0,197.072304,20.0,217.072304,True,5,13,False
1,11,16,112,2.461056,3.067108864,5.528164864,172.447704,20.0,192.447704,True,5,13,False
2,11;34,32,96,5.406336,3.134217728,8.540553728,147.822168,20.0,167.822168,True,5,13,False
3,11;34;93,48,80,8.421504,3.201326592,11.622830592,123.196632,20.0,143.196632,True,5,13,False
4,11;34;93;104,64,64,11.366784,3.268435456,14.635219456,98.535528,20.0,118.535528,True,5,13,False
5,11;34;93;104;110,80,48,14.381952,3.33554432,17.71749632,73.909992,20.0,93.909992,True,5,13,False
6,11;34;93;104;110;117,96,32,17.385888,3.402653184,20.788541184,49.285704,20.0,69.285704,True,5,13,False
7,11;34;93;104;110;117;119,112,16,20.327112,3.469762048,23.796874048,24.661104,20.0,44.661104,True,5,13,True
8,11;33;34;93;104;110;117;119,121,7,23.186592,3.507510784,26.694102784,10.827336,20.0,46.694102784,True,5,13,False
9,11;31;33;34;93;104;110;117;119,128,0,26.303784,3.536870912,29.840654912,0.0,20.0,49.840654912,True,5,13,False
0,,0,128,0.0,0.0,0.0,197.072304,20.0,217.072304,True,5,14,False
1,2,16,112,2.461056,3.067108864,5.528164864,172.447704,20.0,192.447704,True,5,14,False
2,2;5,32,96,5.406336,3.134217728,8.540553728,147.822168,20.0,167.822168,True,5,14,False
3,2;5;61,48,80,8.421504,3.201326592,11.622830592,123.196632,20.0,143.196632,True,5,14,False
4,2;5;61;97,64,64,11.366784,3.268435456,14.635219456,98.535528,20.0,118.535528,True,5,14,False
5,2;5;61;97;105,80,48,14.381952,3.33554432,17.71749632,73.909992,20.0,93.909992,True,5,14,False
6,2;5;61;97;105;109,96,32,17.385888,3.402653184,20.788541184,49.285704,20.0,69.285704,True,5,14,False
7,2;5;61;97;105;109;121,112,16,20.327112,3.469762048,23.796874048,24.661104,20.0,44.661104,True,5,14,True
8,2;5;61;97;105;109;113;121,126,2,23.24868,3.528482304,26.777162304,3.112512,20.0,46.777162304,True,5,14,False
9,2;5;14;61;97;105;109;113;121,128,0,26.303784,3.536870912,29.840654912,0.0,20.0,49.840654912,True,5,14,False
0,,0,128,0.0,0.0,0.0,197.072304,20.0,217.072304,True,5,15,False
1,15,16,112,2.461056,3.067108864,5.528164864,172.447704,20.0,192.447704,True,5,15,False
2,15;21,32,96,5.406336,3.134217728,8.540553728,147.822168,20.0,167.822168,True,5,15,False
3,15;21;58,48,80,8.421504,3.201326592,11.622830592,123.196632,20.0,143.196632,True,5,15,False
4,15;21;58;63,64,64,11.366784,3.268435456,14.635219456,98.535528,20.0,118.535528,True,5,15,False
5,15;21;58;63;64,80,48,14.381952,3.33554432,17.71749632,73.909992,20.0,93.909992,True,5,15,False
6,15;21;58;63;64;84,96,32,17.385888,3.402653184,20.788541184,49.285704,20.0,69.285704,True,5,15,False
7,15;21;58;63;64;84;122,112,16,20.327112,3.469762048,23.796874048,24.661104,20.0,44.661104,True,5,15,True
8,15;21;58;63;64;84;122;127,128,0,23.288616,3.536870912,26.825486912,0.0,20.0,46.825486912,True,5,15,False
0,,0,128,0.0,0.0,0.0,197.072304,20.0,217.072304,True,5,16,False
1,12,16,112,2.461056,3.067108864,5.528164864,172.447704,20.0,192.447704,True,5,16,False
2,12;42,32,96,5.406336,3.134217728,8.540553728,147.822168,20.0,167.822168,True,5,16,False
3,12;42;48,48,80,8.421504,3.201326592,11.622830592,123.196632,20.0,143.196632,True,5,16,False
4,12;42;48;97,64,64,11.366784,3.268435456,14.635219456,98.535528,20.0,118.535528,True,5,16,False
5,12;42;48;97;98,80,48,14.381952,3.33554432,17.71749632,73.909992,20.0,93.909992,True,5,16,False
6,12;42;48;97;98;107,96,32,17.385888,3.402653184,20.788541184,49.285704,20.0,69.285704,True,5,16,False
7,12;42;48;97;98;107;119,112,16,20.327112,3.469762048,23.796874048,24.661104,20.0,44.661104,True,5,16,True
8,12;42;48;53;97;98;107;119,124,4,23.221536,3.520093696,26.741629696,6.190392,20.0,46.741629696,True,5,16,False
9,12;42;48;53;91;97;98;107;119,128,0,26.303784,3.536870912,29.840654912,0.0,20.0,49.840654912,True,5,16,False
0,,0,128,0.0,0.0,0.0,197.072304,20.0,217.072304,True,5,17,False
1,73,16,112,2.461056,3.067108864,5.528164864,172.447704,20.0,192.447704,True,5,17,False
2,73;75,32,96,5.406336,3.134217728,8.540553728,147.822168,20.0,167.822168,True,5,17,False
3,73;75;80,48,80,8.421504,3.201326592,11.622830592,123.196632,20.0,143.196632,True,5,17,False
4,73;75;80;90,64,64,11.366784,3.268435456,14.635219456,98.535528,20.0,118.535528,True,5,17,False
5,73;75;80;90;94,80,48,14.381952,3.33554432,17.71749632,73.909992,20.0,93.909992,True,5,17,False
6,73;75;80;90;94;105,96,32,17.385888,3.402653184,20.788541184,49.285704,20.0,69.285704,True,5,17,False
7,73;75;80;90;94;105;122,112,16,20.327112,3.469762048,23.796874048,24.661104,20.0,44.661104,True,5,17,True
8,73;75;80;90;94;105;122;124,128,0,23.288616,3.536870912,26.825486912,0.0,20.0,46.825486912,True,5,17,False
0,,0,128,0.0,0.0,0.0,197.072304,20.0,217.072304,True,5,18,False
1,58,16,112,2.461056,3.067108864,5.528164864,172.447704,20.0,192.447704,True,5,18,False
2,58;82,32,96,5.406336,3.134217728,8.540553728,147.822168,20.0,167.822168,True,5,18,False
3,58;82;87,48,80,8.421504,3.201326592,11.622830592,123.196632,20.0,143.196632,True,5,18,False
4,58;82;87;91,64,64,11.366784,3.268435456,14.635219456,98.535528,20.0,118.535528,True,5,18,False
5,58;82;87;91;104,80,48,14.381952,3.33554432,17.71749632,73.909992,20.0,93.909992,True,5,18,False
6,58;82;87;91;104;112,96,32,17.385888,3.402653184,20.788541184,49.285704,20.0,69.285704,True,5,18,False
7,58;82;87;91;104;112;126,112,16,20.327112,3.469762048,23.796874048,24.661104,20.0,44.661104,True,5,18,True
8,12;58;82;87;91;104;112;126,126,2,23.24868,3.528482304,26.777162304,3.112512,20.0,46.777162304,True,5,18,False
9,12;58;74;82;87;91;104;112;126,128,0,26.303784,3.536870912,29.840654912,0.0,20.0,49.840654912,True,5,18,False
0,,0,128,0.0,0.0,0.0,197.072304,20.0,217.072304,True,5,19,False
1,29,16,112,2.461056,3.067108864,5.528164864,172.447704,20.0,192.447704,True,5,19,False
2,29;52,32,96,5.406336,3.134217728,8.540553728,147.822168,20.0,167.822168,True,5,19,False
3,29;52;56,48,80,8.421504,3.201326592,11.622830592,123.196632,20.0,143.196632,True,5,19,False
4,29;52;56;75,64,64,11.366784,3.268435456,14.635219456,98.535528,20.0,118.535528,True,5,19,False
5,29;52;56;75;119,80,48,14.381952,3.33554432,17.71749632,73.909992,20.0,93.909992,True,5,19,False
6,10;29;52;56;75;119,95,33,17.374656,3.39845888,20.77311488,50.843832,20.0,70.843832,True,5,19,False
7,10;28;29;52;56;75;119,110,18,20.296224,3.46137344,23.75759744,27.738672,20.0,47.738672,True,5,19,False
8,10;28;29;52;56;75;92;119,117,11,23.213736,3.490733568,26.704469568,16.983408,20.0,46.704469568,True,5,19,True
9,10;28;29;32;52;56;75;92;119,122,6,26.24388,3.511705088,29.755585088,9.268896,20.0,49.755585088,True,5,19,False
10,10;28;29;32;52;56;75;92;114;119,127,1,29.236896,3.532676608,32.769572608,1.591512,20.0,52.769572608,True,5,19,False
11,10;24;28;29;32;52;56;75;92;114;119,128,0,32.264232,3.536870912,35.801102912,0.0,20.0,55.801102912,True,5,19,False
0,,0,128,0.0,0.0,0.0,197.072304,20.0,217.072304,True,5,20,False
1,9,16,112,2.461056,3.067108864,5.528164864,172.447704,20.0,192.447704,True,5,20,False
2,9;10,32,96,5.406336,3.134217728,8.540553728,147.822168,20.0,167.822168,True,5,20,False
3,9;10;48,48,80,8.421504,3.201326592,11.622830592,123.196632,20.0,143.196632,True,5,20,False
4,9;10;48;76,64,64,11.366784,3.268435456,14.635219456,98.535528,20.0,118.535528,True,5,20,False
5,9;10;48;76;85,80,48,14.381952,3.33554432,17.71749632,73.909992,20.0,93.909992,True,5,20,False
6,9;10;48;76;85;92,96,32,17.385888,3.402653184,20.788541184,49.285704,20.0,69.285704,True,5,20,False
7,9;10;48;76;85;92;114,112,16,20.327112,3.469762048,23.796874048,24.661104,20.0,44.661104,True,5,20,True
8,9;10;48;76;85;92;114;123,128,0,23.288616,3.536870912,26.825486912,0.0,20.0,46.825486912,True,5,20,False
0,,0,128,0.0,0.0,0.0,197.072304,20.0,217.072304,True,5,21,False
1,11,16,112,2.461056,3.067108864,5.528164864,172.447704,20.0,192.447704,True,5,21,False
2,11;13,32,96,5.406336,3.134217728,8.540553728,147.822168,20.0,167.822168,True,5,21,False
3,11;13;32,48,80,8.421504,3.201326592,11.622830592,123.196632,20.0,143.196632,True,5,21,False
4,11;13;32;38,64,64,11.366784,3.268435456,14.635219456,98.535528,20.0,118.535528,True,5,21,False
5,11;13;32;38;63,80,48,14.381952,3.33554432,17.71749632,73.909992,20.0,93.909992,True,5,21,False
6,2;11;13;32;38;63,92,36,17.3784,3.385875968,20.764275968,55.442088,20.0,75.442088,True,5,21,False
7,2;11;13;32;38;44;63,104,24,20.3892,3.436207616,23.825407616,36.973248,20.0,56.973248,True,5,21,False
8,2;11;13;32;38;44;53;63,116,12,23.220912,3.486539264,26.707451264,18.504096,20.0,46.707451264,True,5,21,True
9,2;11;13;32;38;44;53;63;124,128,0,26.303784,3.536870912,29.840654912,0.0,20.0,49.840654912,True,5,21,False
0,,0,128,0.0,0.0,0.0,197.072304,20.0,217.072304,True,5,22,False
1,1,16,112,2.461056,3.067108864,5.528164864,172.447704,20.0,192.447704,True,5,22,False
2,1;29,32,96,5.406336,3.134217728,8.540553728,147.822168,20.0,167.822168,True,5,22,False
3,1;29;42,48,80,8.421504,3.201326592,11.622830592,123.196632,20.0,143.196632,True,5,22,False
4,1;29;42;48,64,64,11.366784,3.268435456,14.635219456,98.535528,20.0,118.535528,True,5,22,False
5,1;29;42;48;54,80,48,14.381952,3.33554432,17.71749632,73.909992,20.0,93.909992,True,5,22,False
6,1;29;42;48;54;75,96,32,17.385888,3.402653184,20.788541184,49.285704,20.0,69.285704,True,5,22,False
7,1;29;42;48;54;75;84,112,16,20.327112,3.469762048,23.796874048,24.661104,20.0,44.661104,True,5,22,True
8,1;12;29;42;48;54;75;84,121,7,23.186592,3.507510784,26.694102784,10.827336,20.0,46.694102784,True,5,22,False
9,1;12;29;42;48;54;71;75;84,128,0,26.303784,3.536870912,29.840654912,0.0,20.0,49.840654912,True,5,22,False
0,,0,128,0.0,0.0,0.0,197.072304,20.0,217.072304,True,5,23,False
1,4,16,112,2.461056,3.067108864,5.528164864,172.447704,20.0,192.447704,True,5,23,False
2,4;14,32,96,5.406336,3.134217728,8.540553728,147.822168,20.0,167.822168,True,5,23,False
3,4;14;32,48,80,8.421504,3.201326592,11.622830592,123.196632,20.0,143.196632,True,5,23,False
4,4;14;32;36,64,64,11.366784,3.268435456,14.635219456,98.535528,20.0,118.535528,True,5,23,False
5,4;14;32;36;62,80,48,14.381952,3.33554432,17.71749632,73.909992,20.0,93.909992,True,5,23,False
6,4;14;32;36;62;76,96,32,17.385888,3.402653184,20.788541184,49.285704,20.0,69.285704,True,5,23,False
7,4;14;32;36;62;76;109,112,16,20.327112,3.469762048,23.796874048,24.661104,20.0,44.661104,True,5,23,True
8,4;14;31;32;36;62;76;109,120,8,23.225904,3.50331648,26.72922048,12.347712,20.0,46.72922048,True,5,23,False
9,4;14;31;32;36;62;76;108;109,125,3,26.2626,3.524288,29.786888,4.670016,20.0,49.786888,True,5,23,False
10,4;14;17;31;32;36;62;76;108;109,128,0,29.249064,3.536870912,32.785934912,0.0,20.0,52.785934912,True,5,23,False
0,,0,128,0.0,0.0,0.0,197.072304,20.0,217.072304,True,5,24,False
1,11,16,112,2.461056,3.067108864,5.528164864,172.447704,20.0,192.447704,True,5,24,False
2,11;18,32,96,5.406336,3.134217728,8.540553728,147.822168,20.0,167.822168,True,5,24,False
3,11;18;20,48,80,8.421504,3.201326592,11.622830592,123.196632,20.0,143.196632,True,5,24,False
4,11;18;20;24,64,64,11.366784,3.268435456,14.635219456,98.535528,20.0,118.535528,True,5,24,False
5,11;18;20;24;54,80,48,14.381952,3.33554432,17.71749632,73.909992,20.0,93.909992,True,5,24,False
6,11;18;20;24;54;57,96,32,17.385888,3.402653184,20.788541184,49.285704,20.0,69.285704,True,5,24,False
7,11;18;20;24;54;57;111,112,16,20.327112,3.469762048,23.796874048,24.661104,20.0,44.661104,True,5,24,True
8,11;18;20;24;54;57;111;125,128,0,23.288616,3.536870912,26.825486912,0.0,20.0,46.825486912,True,5,24,False
0,,0,128,0.0,0.0,0.0,197.072304,20.0,217.072304,True,5,25,False
1,13,16,112,2.461056,3.067108864,5.528164864,172.447704,20.0,192.447704,True,5,25,False
2,13;31,32,96,5.406336,3.134217728,8.540553728,147.822168,20.0,167.822168,True,5,25,False
3,13;31;34,48,80,8.421504,3.201326592,11.622830592,123.196632,20.0,143.196632,True,5,25,False
4,13;31;34;74,64,64,11.366784,3.268435456,14.635219456,98.535528,20.0,118.535528,True,5,25,False
5,13;31;34;74;110,80,48,14.381952,3.33554432,17.71749632,73.909992,20.0,93.909992,True,5,25,False
6,13;31;34;74;110;119,96,32,17.385888,3.402653184,20.788541184,49.285704,20.0,69.285704,True,5,25,False
7,13;31;34;74;110;119;126,112,16,20.327112,3.469762048,23.796874048,24.661104,20.0,44.661104,True,5,25,True
8,13;31;34;72;74;110;119;126,124,4,23.221536,3.520093696,26.741629696,6.190392,20.0,46.741629696,True,5,25,False
9,13;31;34;72;74;87;110;119;126,128,0,26.303784,3.536870912,29.840654912,0.0,20.0,49.840654912,True,5,25,False
0,,0,128,0.0,0.0,0.0,197.072304,20.0,217.072304,True,5,26,False
1,72,16,112,2.461056,3.067108864,5.528164864,172.447704,20.0,192.447704,True,5,26,False
2,72;81,32,96,5.406336,3.134217728,8.540553728,147.822168,20.0,167.822168,True,5,26,False
3,72;81;87,48,80,8.421504,3.201326592,11.622830592,123.196632,20.0,143.196632,True,5,26,False
4,72;81;87;91,64,64,11.366784,3.268435456,14.635219456,98.535528,20.0,118.535528,True,5,26,False
5,72;81;87;91;97,80,48,14.381952,3.33554432,17.71749632,73.909992,20.0,93.909992,True,5,26,False
6,72;81;87;91;97;105,96,32,17.385888,3.402653184,20.788541184,49.285704,20.0,69.285704,True,5,26,False
7,72;81;87;91;97;105;121,112,16,20.327112,3.469762048,23.796874048,24.661104,20.0,44.661104,True,5,26,True
8,61;72;81;87;91;97;105;121,127,1,23.276448,3.532676608,26.809124608,1.591512,20.0,46.809124608,True,5,26,False
9,61;72;81;87;91;97;105;113;121,128,0,26.303784,3.536870912,29.840654912,0.0,20.0,49.840654912,True,5,26,False
0,,0,128,0.0,0.0,0.0,197.072304,20.0,217.072304,True,5,27,False
1,26,16,112,2.461056,3.067108864,5.528164864,172.447704,20.0,192.447704,True,5,27,False
2,26;63,32,96,5.406336,3.134217728,8.540553728,147.822168,20.0,167.822168,True,5,27,False
3,26;63;79,48,80,8.421504,3.201326592,11.622830592,123.196632,20.0,143.196632,True,5,27,False
4,26;63;79;84,64,64,11.366784,3.268435456,14.635219456,98.535528,20.0,118.535528,True,5,27,False
5,26;63;79;84;122,80,48,14.381952,3.33554432,17.71749632,73.909992,20.0,93.909992,True,5,27,False
6,26;63;79;84;118;122,94,34,17.350632,3.394264576,20.744896576,52.364208,20.0,72.364208,True,5,27,False
7,15;26;63;79;84;118;122,104,24,20.3892,3.436207616,23.825407616,36.973248,20.0,56.973248,True,5,27,False
8,15;26;63;64;79;84;118;122,112,16,23.273016,3.469762048,26.742778048,24.660792,20.0,46.742778048,True,5,27,True
9,15;26;33;63;64;79;84;118;122,118,10,26.17524,3.494927872,29.670167872,15.426216,20.0,49.670167872,True,5,27,False
10,2;15;26;33;63;64;79;84;118;122,122,6,29.18916,3.511705088,32.700865088,9.268896,20.0,52.700865088,True,5,27,False
11,2;15;24;26;33;63;64;79;84;118;122,125,3,32.223048,3.524288,35.747336,4.670016,20.0,55.747336,True,5,27,False
12,2;15;24;26;33;63;64;72;79;84;118;122,128,0,35.209512,3.536870912,38.746382912,0.0,20.0,58.746382912,True,5,27,False
0,,0,128,0.0,0.0,0.0,197.072304,20.0,217.072304,True,5,28,False
1,12,16,112,2.461056,3.067108864,5.528164864,172.447704,20.0,192.447704,True,5,28,False
2,12;42,32,96,5.406336,3.134217728,8.540553728,147.822168,20.0,167.822168,True,5,28,False
3,12;42;91,48,80,8.421504,3.201326592,11.622830592,123.196632,20.0,143.196632,True,5,28,False
4,12;42;91;98,64,64,11.366784,3.268435456,14.635219456,98.535528,20.0,118.535528,True,5,28,False
5,12;42;91;98;119,80,48,14.381952,3.33554432,17.71749632,73.909992,20.0,93.909992,True,5,28,False
6,12;42;91;98;119;122,96,32,17.385888,3.402653184,20.788541184,49.285704,20.0,69.285704,True,5,28,False
7,12;42;53;91;98;119;122,108,20,20.312136,3.452984832,23.765120832,30.816864,20.0,50.816864,True,5,28,False
8,12;34;42;53;91;98;119;122,117,11,23.213736,3.490733568,26.704469568,16.983408,20.0,46.704469568,True,5,28,True
9,12;34;42;48;53;91;98;119;122,121,7,26.20176,3.507510784,29.709270784,10.827336,20.0,49.709270784,True,5,28,False
10,12;34;42;48;53;58;91;98;119;122,125,3,29.20788,3.524288,32.732168,4.670016,20.0,52.732168,True,5,28,False
11,12;34;42;48;53;58;91;97;98;119;122,128,0,32.264232,3.536870912,35.801102912,0.0,20.0,55.801102912,True,5,28,False
0,,0,128,0.0,0.0,0.0,197.072304,20.0,217.072304,True,5,29,False
1,3,16,112,2.461056,3.067108864,5.528164864,172.447704,20.0,192.447704,True,5,29,False
2,3;13,32,96,5.406336,3.134217728,8.540553728,147.822168,20.0,167.822168,True,5,29,False
3,3;13;34,48,80,8.421504,3.201326592,11.622830592,123.196632,20.0,143.196632,True,5,29,False
4,3;13;34;78,64,64,11.366784,3.268435456,14.635219456,98.535528,20.0,118.535528,True,5,29,False
5,3;13;34;78;94,80,48,14.381952,3.33554432,17.71749632,73.909992,20.0,93.909992,True,5,29,False
6,3;13;34;78;94;120,96,32,17.385888,3.402653184,20.788541184,49.285704,20.0,69.285704,True,5,29,False
7,3;13;34;78;94;120;124,112,16,20.327112,3.469762048,23.796874048,24.661104,20.0,44.661104,True,5,29,True
8,3;13;34;78;94;105;120;124,124,4,23.221536,3.520093696,26.741629696,6.190392,20.0,46.741629696,True,5,29,False
9,3;13;34;78;94;99;105;120;124,128,0,26.303784,3.536870912,29.840654912,0.0,20.0,49.840654912,True,5,29,False
0,,0,128,0.0,0.0,0.0,197.072304,20.0,217.072304,True,5,30,False
1,6,16,112,2.461056,3.067108864,5.528164864,172.447704,20.0,192.447704,True,5,30,False
2,6;58,32,96,5.406336,3.134217728,8.540553728,147.822168,20.0,167.822168,True,5,30,False
3,6;58;82,48,80,8.421504,3.201326592,11.622830592,123.196632,20.0,143.196632,True,5,30,False
4,6;58;82;91,64,64,11.366784,3.268435456,14.635219456,98.535528,20.0,118.535528,True,5,30,False
5,6;58;82;91;107,80,48,14.381952,3.33554432,17.71749632,73.909992,20.0,93.909992,True,5,30,False
6,6;58;82;91;107;125,96,32,17.385888,3.402653184,20.788541184,49.285704,20.0,69.285704,True,5,30,False
7,6;58;82;91;107;125;126,112,16,20.327112,3.469762048,23.796874048,24.661104,20.0,44.661104,True,5,30,True
8,6;58;82;84;91;107;125;126,120,8,23.225904,3.50331648,26.72922048,12.347712,20.0,46.72922048,True,5,30,False
9,6;58;82;84;91;107;120;125;126,128,0,26.303784,3.536870912,29.840654912,0.0,20.0,49.840654912,True,5,30,False
0,,0,128,0.0,0.0,0.0,197.072304,20.0,217.072304,True,5,31,False
1,24,16,112,2.461056,3.067108864,5.528164864,172.447704,20.0,192.447704,True,5,31,False
2,24;41,32,96,5.406336,3.134217728,8.540553728,147.822168,20.0,167.822168,True,5,31,False
3,24;41;56,48,80,8.421504,3.201326592,11.622830592,123.196632,20.0,143.196632,True,5,31,False
4,24;41;56;59,64,64,11.366784,3.268435456,14.635219456,98.535528,20.0,118.535528,True,5,31,False
5,24;29;41;56;59,78,50,14.381952,3.327155712,17.709107712,76.988184,20.0,96.988184,True,5,31,False
6,24;29;41;56;59;79,91,37,17.36436,3.381681664,20.746041664,56.99928,20.0,76.99928,True,5,31,False
7,24;29;36;41;56;59;79,101,27,20.357376,3.423624704,23.781000704,41.608944,20.0,61.608944,True,5,31,False
8,24;29;36;38;41;56;59;79,109,19,23.30484,3.457179136,26.762019136,29.296488,20.0,49.296488,True,5,31,True
9,24;29;36;38;41;56;59;79;114,116,12,26.252616,3.486539264,29.739155264,18.503472,20.0,49.739155264,True,5,31,False
10,24;29;36;38;41;56;59;79;88;114,122,6,29.18916,3.511705088,32.700865088,9.268896,20.0,52.700865088,True,5,31,False
11,10;24;29;36;38;41;56;59;79;88;114,127,1,32.252064,3.532676608,35.784740608,1.591512,20.0,55.784740608,True,5,31,False
12,10;24;29;36;38;41;56;59;79;88;106;114,128,0,35.209512,3.536870912,38.746382912,0.0,20.0,58.746382912,True,5,31,False
0,,0,128,0.0,0.0,0.0,197.072304,20.0,217.072304,True,5,32,False
1,5,16,112,2.461056,3.067108864,5.528164864,172.447704,20.0,192.447704,True,5,32,False
2,5;11,32,96,5.406336,3.134217728,8.540553728,147.822168,20.0,167.822168,True,5,32,False
3,5;11;48,48,80,8.421504,3.201326592,11.622830592,123.196632,20.0,143.196632,True,5,32,False
4,5;11;48;78,64,64,11.366784,3.268435456,14.635219456,98.535528,20.0,118.535528,True,5,32,False
5,5;11;48;78;85,80,48,14.381952,3.33554432,17.71749632,73.909992,20.0,93.909992,True,5,32,False
6,5;11;48;78;85;92,96,32,17.385888,3.402653184,20.788541184,49.285704,20.0,69.285704,True,5,32,False
7,5;10;11;48;78;85;92,111,17,20.337096,3.465567744,23.802663744,26.217672,20.0,46.217672,True,5,32,True
8,5;10;11;48;72;78;85;92,125,3,23.247432,3.524288,26.77172,4.670016,20.0,46.77172,True,5,32,False
9,5;10;11;48;72;78;85;90;92,127,1,26.291616,3.532676608,29.824292608,1.591512,20.0,49.824292608,True,5,32,False
10,5;10;11;48;72;74;78;85;90;92,128,0,29.249064,3.536870912,32.785934912,0.0,20.0,52.785934912,True,5,32,False
0,,0,128,0.0,0.0,0.0,197.072304,20.0,217.072304,True,5,33,False
1,11,16,112,2.461056,3.067108864,5.528164864,172.447704,20.0,192.447704,True,5,33,False
2,11;13,32,96,5.406336,3.134217728,8.540553728,147.822168,20.0,167.822168,True,5,33,False
3,11;13;44,48,80,8.421504,3.201326592,11.622830592,123.196632,20.0,143.196632,True,5,33,False
4,11;13;44;53,64,64,11.366784,3.268435456,14.635219456,98.535528,20.0,118.535528,True,5,33,False
5,11;13;44;53;63,80,48,14.381952,3.33554432,17.71749632,73.909992,20.0,93.909992,True,5,33,False
6,11;13;44;53;63;124,96,32,17.385888,3.402653184,20.788541184,49.285704,20.0,69.285704,True,5,33,False
7,11;13;32;44;53;63;124,111,17,20.337096,3.465567744,23.802663744,26.217672,20.0,46.217672,True,5,33,True
8,11;13;14;32;44;53;63;124,118,10,23.20656,3.494927872,26.701487872,15.426216,20.0,46.701487872,True,5,33,False
9,2;11;13;14;32;44;53;63;124,123,5,26.20488,3.515899392,29.720779392,7.747896,20.0,49.720779392,True,5,33,False
10,2;11;13;14;32;44;51;53;63;124,126,2,29.209128,3.528482304,32.737610304,3.112512,20.0,52.737610304,True,5,33,False
11,2;11;13;14;32;44;51;53;63;115;124,128,0,32.264232,3.536870912,35.801102912,0.0,20.0,55.801102912,True,5,33,False
0,,0,128,0.0,0.0,0.0,197.072304,20.0,217.072304,True,5,34,False
1,1,16,112,2.461056,3.067108864,5.528164864,172.447704,20.0,192.447704,True,5,34,False
2,1;22,32,96,5.406336,3.134217728,8.540553728,147.822168,20.0,167.822168,True,5,34,False
3,1;22;29,48,80,8.421504,3.201326592,11.622830592,123.196632,20.0,143.196632,True,5,34,False
4,1;22;29;54,64,64,11.366784,3.268435456,14.635219456,98.535528,20.0,118.535528,True,5,34,False
5,1;22;29;54;75,80,48,14.381952,3.33554432,17.71749632,73.909992,20.0,93.909992,True,5,34,False
6,1;22;29;54;75;84,96,32,17.385888,3.402653184,20.788541184,49.285704,20.0,69.285704,True,5,34,False
7,1;22;29;54;75;84;92,112,16,20.327112,3.469762048,23.796874048,24.661104,20.0,44.661104,True,5,34,True
8,1;22;29;42;54;75;84;92,123,5,23.189712,3.515899392,26.705611392,7.747896,20.0,46.705611392,True,5,34,False
9,1;22;29;42;54;75;81;84;92,128,0,26.303784,3.536870912,29.840654912,0.0,20.0,49.840654912,True,5,34,False
0,,0,128,0.0,0.0,0.0,197.072304,20.0,217.072304,True,5,35,False
1,31,16,112,2.461056,3.067108864,5.528164864,172.447704,20.0,192.447704,True,5,35,False
2,31;32,32,96,5.406336,3.134217728,8.540553728,147.822168,20.0,167.822168,True,5,35,False
3,31;32;62,48,80,8.421504,3.201326592,11.622830592,123.196632,20.0,143.196632,True,5,35,False
4,31;32;62;76,64,64,11.366784,3.268435456,14.635219456,98.535528,20.0,118.535528,True,5,35,False
5,31;32;62;76;109,80,48,14.381952,3.33554432,17.71749632,73.909992,20.0,93.909992,True,5,35,False
6,31;32;62;76;109;120,96,32,17.385888,3.402653184,20.788541184,49.285704,20.0,69.285704,True,5,35,False
7,28;31;32;62;76;109;120,110,18,20.296224,3.46137344,23.75759744,27.738672,20.0,47.738672,True,5,35,False
8,28;31;32;62;76;109;117;120,123,5,23.189712,3.515899392,26.705611392,7.747896,20.0,46.705611392,True,5,35,True
9,28;31;32;62;76;109;110;117;120,126,2,26.263848,3.528482304,29.792330304,3.112512,20.0,49.792330304,True,5,35,False
10,5;28;31;32;62;76;109;110;117;120,127,1,29.236896,3.532676608,32.769572608,1.591512,20.0,52.769572608,True,5,35,False
11,5;14;28;31;32;62;76;109;110;117;120,128,0,32.264232,3.536870912,35.801102912,0.0,20.0,55.801102912,True,5,35,False
0,,0,128,0.0,0.0,0.0,197.072304,20.0,217.072304,True,5,36,False
1,11,16,112,2.461056,3.067108864,5.528164864,172.447704,20.0,192.447704,True,5,36,False
2,11;18,32,96,5.406336,3.134217728,8.540553728,147.822168,20.0,167.822168,True,5,36,False
3,11;18;20,48,80,8.421504,3.201326592,11.622830592,123.196632,20.0,143.196632,True,5,36,False
4,11;18;20;24,64,64,11.366784,3.268435456,14.635219456,98.535528,20.0,118.535528,True,5,36,False
5,11;18;20;24;57,80,48,14.381952,3.33554432,17.71749632,73.909992,20.0,93.909992,True,5,36,False
6,11;18;20;24;57;62,96,32,17.385888,3.402653184,20.788541184,49.285704,20.0,69.285704,True,5,36,False
7,11;18;20;24;57;62;125,112,16,20.327112,3.469762048,23.796874048,24.661104,20.0,44.661104,True,5,36,True
8,11;18;20;24;54;57;62;125,121,7,23.186592,3.507510784,26.694102784,10.827336,20.0,46.694102784,True,5,36,False
9,11;18;20;24;28;54;57;62;125,128,0,26.303784,3.536870912,29.840654912,0.0,20.0,49.840654912,True,5,36,False
0,,0,128,0.0,0.0,0.0,197.072304,20.0,217.072304,True,5,37,False
1,11,16,112,2.461056,3.067108864,5.528164864,172.447704,20.0,192.447704,True,5,37,False
2,11;13,32,96,5.406336,3.134217728,8.540553728,147.822168,20.0,167.822168,True,5,37,False
3,11;13;27,48,80,8.421504,3.201326592,11.622830592,123.196632,20.0,143.196632,True,5,37,False
4,11;13;27;82,64,64,11.366784,3.268435456,14.635219456,98.535528,20.0,118.535528,True,5,37,False
5,11;13;27;82;91,80,48,14.381952,3.33554432,17.71749632,73.909992,20.0,93.909992,True,5,37,False
6,11;13;27;82;91;110,96,32,17.385888,3.402653184,20.788541184,49.285704,20.0,69.285704,True,5,37,False
7,11;13;27;82;91;110;119,112,16,20.327112,3.469762048,23.796874048,24.661104,20.0,44.661104,True,5,37,True
8,11;13;27;53;82;91;110;119,123,5,23.189712,3.515899392,26.705611392,7.747896,20.0,46.705611392,True,5,37,False
9,11;13;27;53;82;91;110;119;122,128,0,26.303784,3.536870912,29.840654912,0.0,20.0,49.840654912,True,5,37,False
0,,0,128,0.0,0.0,0.0,197.072304,20.0,217.072304,True,5,38,False
1,2,16,112,2.461056,3.067108864,5.528164864,172.447704,20.0,192.447704,True,5,38,False
2,2;16,32,96,5.406336,3.134217728,8.540553728,147.822168,20.0,167.822168,True,5,38,False
3,2;16;81,48,80,8.421504,3.201326592,11.622830592,123.196632,20.0,143.196632,True,5,38,False
4,2;16;81;91,64,64,11.366784,3.268435456,14.635219456,98.535528,20.0,118.535528,True,5,38,False
5,2;16;81;91;105,80,48,14.381952,3.33554432,17.71749632,73.909992,20.0,93.909992,True,5,38,False
6,2;16;81;91;105;109,96,32,17.385888,3.402653184,20.788541184,49.285704,20.0,69.285704,True,5,38,False
7,2;16;81;91;105;109;110,112,16,20.327112,3.469762048,23.796874048,24.661104,20.0,44.661104,True,5,38,True
8,2;16;81;91;97;105;109;110,121,7,23.186592,3.507510784,26.694102784,10.827336,20.0,46.694102784,True,5,38,False
9,2;5;16;81;91;97;105;109;110,126,2,26.263848,3.528482304,29.792330304,3.112512,20.0,49.792330304,True,5,38,False
10,2;5;16;37;81;91;97;105;109;110,128,0,29.249064,3.536870912,32.785934912,0.0,20.0,52.785934912,True,5,38,False
0,,0,128,0.0,0.0,0.0,197.072304,20.0,217.072304,True,5,39,False
1,5,16,112,2.461056,3.067108864,5.528164864,172.447704,20.0,192.447704,True,5,39,False
2,5;16,32,96,5.406336,3.134217728,8.540553728,147.822168,20.0,167.822168,True,5,39,False
3,5;16;48,48,80,8.421504,3.201326592,11.622830592,123.196632,20.0,143.196632,True,5,39,False
4,5;16;48;72,64,64,11.366784,3.268435456,14.635219456,98.535528,20.0,118.535528,True,5,39,False
5,5;16;48;72;84,80,48,14.381952,3.33554432,17.71749632,73.909992,20.0,93.909992,True,5,39,False
6,5;16;48;72;84;118,96,32,17.385888,3.402653184,20.788541184,49.285704,20.0,69.285704,True,5,39,False
7,5;16;48;49;72;84;118,109,19,20.378592,3.457179136,23.835771136,29.296488,20.0,49.296488,True,5,39,False
8,5;16;48;49;59;72;84;118,120,8,23.225904,3.50331648,26.72922048,12.347712,20.0,46.72922048,True,5,39,True
9,5;16;48;49;59;63;72;84;118,128,0,26.303784,3.536870912,29.840654912,0.0,20.0,49.840654912,True,5,39,False
0,,0,128,0.0,0.0,0.0,197.072304,20.0,217.072304,True,5,40,False
1,12,16,112,2.461056,3.067108864,5.528164864,172.447704,20.0,192.447704,True,5,40,False
2,12;34,32,96,5.406336,3.134217728,8.540553728,147.822168,20.0,167.822168,True,5,40,False
3,12;34;48,48,80,8.421504,3.201326592,11.622830592,123.196632,20.0,143.196632,True,5,40,False
4,12;34;48;91,64,64,11.366784,3.268435456,14.635219456,98.535528,20.0,118.535528,True,5,40,False
5,12;34;48;91;98,80,48,14.381952,3.33554432,17.71749632,73.909992,20.0,93.909992,True,5,40,False
6,12;34;48;91;98;115,96,32,17.385888,3.402653184,20.788541184,49.285704,20.0,69.285704,True,5,40,False
7,12;34;48;91;98;115;119,112,16,20.327112,3.469762048,23.796874048,24.661104,20.0,44.661104,True,5,40,True
8,12;34;48;91;98;115;119;122,128,0,23.288616,3.536870912,26.825486912,0.0,20.0,46.825486912,True,5,40,False
0,,0,128,0.0,0.0,0.0,197.072304,20.0,217.072304,True,5,41,False
1,49,16,112,2.461056,3.067108864,5.528164864,172.447704,20.0,192.447704,True,5,41,False
2,49;68,32,96,5.406336,3.134217728,8.540553728,147.822168,20.0,167.822168,True,5,41,False
3,49;68;78,48,80,8.421504,3.201326592,11.622830592,123.196632,20.0,143.196632,True,5,41,False
4,49;68;78;80,64,64,11.366784,3.268435456,14.635219456,98.535528,20.0,118.535528,True,5,41,False
5,49;68;78;80;94,80,48,14.381952,3.33554432,17.71749632,73.909992,20.0,93.909992,True,5,41,False
6,49;68;78;80;94;120,96,32,17.385888,3.402653184,20.788541184,49.285704,20.0,69.285704,True,5,41,False
7,49;68;78;80;94;120;123,112,16,20.327112,3.469762048,23.796874048,24.661104,20.0,44.661104,True,5,41,True
8,49;68;78;80;94;120;123;124,128,0,23.288616,3.536870912,26.825486912,0.0,20.0,46.825486912,True,5,41,False
0,,0,128,0.0,0.0,0.0,197.072304,20.0,217.072304,True,5,42,False
1,27,16,112,2.461056,3.067108864,5.528164864,172.447704,20.0,192.447704,True,5,42,False
2,27;30,32,96,5.406336,3.134217728,8.540553728,147.822168,20.0,167.822168,True,5,42,False
3,27;30;43,48,80,8.421504,3.201326592,11.622830592,123.196632,20.0,143.196632,True,5,42,False
4,27;30;43;60,64,64,11.366784,3.268435456,14.635219456,98.535528,20.0,118.535528,True,5,42,False
5,27;30;43;60;76,80,48,14.381952,3.33554432,17.71749632,73.909992,20.0,93.909992,True,5,42,False
6,27;30;43;60;76;109,96,32,17.385888,3.402653184,20.788541184,49.285704,20.0,69.285704,True,5,42,False
7,27;30;43;60;71;76;109,110,18,20.296224,3.46137344,23.75759744,27.738672,20.0,47.738672,True,5,42,False
8,14;27;30;43;60;71;76;109,123,5,23.189712,3.515899392,26.705611392,7.747896,20.0,46.705611392,True,5,42,True
9,14;27;30;43;60;63;71;76;109,128,0,26.303784,3.536870912,29.840654912,0.0,20.0,49.840654912,True,5,42,False
0,,0,128,0.0,0.0,0.0,197.072304,20.0,217.072304,True,5,43,False
1,6,16,112,2.461056,3.067108864,5.528164864,172.447704,20.0,192.447704,True,5,43,False
2,6;11,32,96,5.406336,3.134217728,8.540553728,147.822168,20.0,167.822168,True,5,43,False
3,6;11;29,48,80,8.421504,3.201326592,11.622830592,123.196632,20.0,143.196632,True,5,43,False
4,6;11;29;45,64,64,11.366784,3.268435456,14.635219456,98.535528,20.0,118.535528,True,5,43,False
5,6;11;29;45;85,80,48,14.381952,3.33554432,17.71749632,73.909992,20.0,93.909992,True,5,43,False
6,6;11;29;45;85;94,96,32,17.385888,3.402653184,20.788541184,49.285704,20.0,69.285704,True,5,43,False
7,6;11;29;45;85;94;98,112,16,20.327112,3.469762048,23.796874048,24.661104,20.0,44.661104,True,5,43,True
8,6;11;29;37;45;85;94;98,122,6,23.228712,3.511705088,26.740417088,9.268896,20.0,46.740417088,True,5,43,False
9,6;11;29;37;45;85;94;98;106,127,1,26.291616,3.532676608,29.824292608,1.591512,20.0,49.824292608,True,5,43,False
10,6;11;29;32;37;45;85;94;98;106,128,0,29.249064,3.536870912,32.785934912,0.0,20.0,52.785934912,True,5,43,False
0,,0,128,0.0,0.0,0.0,197.072304,20.0,217.072304,True,5,44,False
1,15,16,112,2.461056,3.067108864,5.528164864,172.447704,20.0,192.447704,True,5,44,False
2,15;49,32,96,5.406336,3.134217728,8.540553728,147.822168,20.0,167.822168,True,5,44,False
3,15;49;50,48,80,8.421504,3.201326592,11.622830592,123.196632,20.0,143.196632,True,5,44,False
4,15;49;50;79,64,64,11.366784,3.268435456,14.635219456,98.535528,20.0,118.535528,True,5,44,False
5,15;49;50;79;108,80,48,14.381952,3.33554432,17.71749632,73.909992,20.0,93.909992,True,5,44,False
6,15;49;50;79;108;112,96,32,17.385888,3.402653184,20.788541184,49.285704,20.0,69.285704,True,5,44,False
7,15;49;50;79;108;112;127,112,16,20.327112,3.469762048,23.796874048,24.661104,20.0,44.661104,True,5,44,True
8,15;30;49;50;79;108;112;127,120,8,23.225904,3.50331648,26.72922048,12.347712,20.0,46.72922048,True,5,44,False
9,2;15;30;49;50;79;108;112;127,124,4,26.236704,3.520093696,29.756797696,6.190392,20.0,49.756797696,True,5,44,False
10,2;15;30;49;50;79;82;108;112;127,128,0,29.249064,3.536870912,32.785934912,0.0,20.0,52.785934912,True,5,44,False
0,,0,128,0.0,0.0,0.0,197.072304,20.0,217.072304,True,5,45,False
1,1,16,112,2.461056,3.067108864,5.528164864,172.447704,20.0,192.447704,True,5,45,False
2,1;2,32,96,5.406336,3.134217728,8.540553728,147.822168,20.0,167.822168,True,5,45,False
3,1;2;4,48,80,8.421504,3.201326592,11.622830592,123.196632,20.0,143.196632,True,5,45,False
4,1;2;4;18,64,64,11.366784,3.268435456,14.635219456,98.535528,20.0,118.535528,True,5,45,False
5,1;2;4;18;53,80,48,14.381952,3.33554432,17.71749632,73.909992,20.0,93.909992,True,5,45,False
6,1;2;4;18;53;58,96,32,17.385888,3.402653184,20.788541184,49.285704,20.0,69.285704,True,5,45,False
7,1;2;4;18;53;58;126,112,16,20.327112,3.469762048,23.796874048,24.661104,20.0,44.661104,True,5,45,True
8,1;2;4;18;53;58;107;126,123,5,23.189712,3.515899392,26.705611392,7.747896,20.0,46.705611392,True,5,45,False
9,1;2;4;13;18;53;58;107;126,128,0,26.303784,3.536870912,29.840654912,0.0,20.0,49.840654912,True,5,45,False
0,,0,128,0.0,0.0,0.0,197.072304,20.0,217.072304,True,5,46,False
1,4,16,112,2.461056,3.067108864,5.528164864,172.447704,20.0,192.447704,True,5,46,False
2,4;64,32,96,5.406336,3.134217728,8.540553728,147.822168,20.0,167.822168,True,5,46,False
3,4;64;70,48,80,8.421504,3.201326592,11.622830592,123.196632,20.0,143.196632,True,5,46,False
4,4;64;70;76,64,64,11.366784,3.268435456,14.635219456,98.535528,20.0,118.535528,True,5,46,False
5,4;64;70;76;102,80,48,14.381952,3.33554432,17.71749632,73.909992,20.0,93.909992,True,5,46,False
6,4;64;70;76;102;107,96,32,17.385888,3.402653184,20.788541184,49.285704,20.0,69.285704,True,5,46,False
7,4;64;70;76;102;107;112,112,16,20.327112,3.469762048,23.796874048,24.661104,20.0,44.661104,True,5,46,True
8,4;15;64;70;76;102;107;112,121,7,23.186592,3.507510784,26.694102784,10.827336,20.0,46.694102784,True,5,46,False
9,4;15;64;70;76;92;102;107;112,125,3,26.2626,3.524288,29.786888,4.670016,20.0,49.786888,True,5,46,False
10,4;13;15;64;70;76;92;102;107;112,127,1,29.236896,3.532676608,32.769572608,1.591512,20.0,52.769572608,True,5,46,False
11,4;13;15;64;70;76;83;92;102;107;112,128,0,32.264232,3.536870912,35.801102912,0.0,20.0,55.801102912,True,5,46,False
0,,0,128,0.0,0.0,0.0,197.072304,20.0,217.072304,True,5,47,False
1,7,16,112,2.461056,3.067108864,5.528164864,172.447704,20.0,192.447704,True,5,47,False
2,7;22,32,96,5.406336,3.134217728,8.540553728,147.822168,20.0,167.822168,True,5,47,False
3,7;22;36,48,80,8.421504,3.201326592,11.622830592,123.196632,20.0,143.196632,True,5,47,False
4,7;22;36;46,64,64,11.366784,3.268435456,14.635219456,98.535528,20.0,118.535528,True,5,47,False
5,7;22;36;46;58,80,48,14.381952,3.33554432,17.71749632,73.909992,20.0,93.909992,True,5,47,False
6,7;22;36;46;58;110,96,32,17.385888,3.402653184,20.788541184,49.285704,20.0,69.285704,True,5,47,False
7,7;22;36;46;58;110;112,112,16,20.327112,3.469762048,23.796874048,24.661104,20.0,44.661104,True,5,47,True
8,7;22;36;38;46;58;110;112,127,1,23.276448,3.532676608,26.809124608,1.591512,20.0,46.809124608,True,5,47,False
9,7;22;36;38;46;48;58;110;112,128,0,26.303784,3.536870912,29.840654912,0.0,20.0,49.840654912,True,5,47,False
0,,0,128,0.0,0.0,0.0,197.072304,20.0,217.072304,True,6,0,False
1,23,16,112,2.461056,3.067108864,5.528164864,172.447704,20.0,192.447704,True,6,0,False
2,23;30,32,96,5.406336,3.134217728,8.540553728,147.822168,20.0,167.822168,True,6,0,False
3,23;30;41,48,80,8.421504,3.201326592,11.622830592,123.196632,20.0,143.196632,True,6,0,False
4,23;30;41;79,64,64,11.366784,3.268435456,14.635219456,98.535528,20.0,118.535528,True,6,0,False
5,23;30;41;79;86,80,48,14.381952,3.33554432,17.71749632,73.909992,20.0,93.909992,True,6,0,False
6,23;30;41;79;86;105,96,32,17.385888,3.402653184,20.788541184,49.285704,20.0,69.285704,True,6,0,False
7,23;30;41;79;86;105;112,112,16,20.327112,3.469762048,23.796874048,24.661104,20.0,44.661104,True,6,0,True
8,23;30;41;79;86;105;112;125,128,0,23.288616,3.536870912,26.825486912,0.0,20.0,46.825486912,True,6,0,False
0,,0,128,0.0,0.0,0.0,197.072304,20.0,217.072304,True,6,1,False
1,9,16,112,2.461056,3.067108864,5.528164864,172.447704,20.0,192.447704,True,6,1,False
2,9;16,32,96,5.406336,3.134217728,8.540553728,147.822168,20.0,167.822168,True,6,1,False
3,9;16;28,48,80,8.421504,3.201326592,11.622830592,123.196632,20.0,143.196632,True,6,1,False
4,9;16;28;29,64,64,11.366784,3.268435456,14.635219456,98.535528,20.0,118.535528,True,6,1,False
5,9;16;28;29;48,80,48,14.381952,3.33554432,17.71749632,73.909992,20.0,93.909992,True,6,1,False
6,9;16;28;29;48;68,96,32,17.385888,3.402653184,20.788541184,49.285704,20.0,69.285704,True,6,1,False
7,9;16;28;29;48;68;88,112,16,20.327112,3.469762048,23.796874048,24.661104,20.0,44.661104,True,6,1,True
8,9;16;28;29;48;68;88;101,128,0,23.288616,3.536870912,26.825486912,0.0,20.0,46.825486912,True,6,1,False
0,,0,128,0.0,0.0,0.0,197.072304,20.0,217.072304,True,6,2,False
1,23,16,112,2.461056,3.067108864,5.528164864,172.447704,20.0,192.447704,True,6,2,False
2,23;25,32,96,5.406336,3.134217728,8.540553728,147.822168,20.0,167.822168,True,6,2,False
3,23;25;44,48,80,8.421504,3.201326592,11.622830592,123.196632,20.0,143.196632,True,6,2,False
4,23;25;44;56,64,64,11.366784,3.268435456,14.635219456,98.535528,20.0,118.535528,True,6,2,False
5,23;25;44;56;71,80,48,14.381952,3.33554432,17.71749632,73.909992,20.0,93.909992,True,6,2,False
6,23;25;44;56;71;72,96,32,17.385888,3.402653184,20.788541184,49.285704,20.0,69.285704,True,6,2,False
7,23;25;44;56;71;72;74,112,16,20.327112,3.469762048,23.796874048,24.661104,20.0,44.661104,True,6,2,True
8,23;25;44;56;71;72;74;126,128,0,23.288616,3.536870912,26.825486912,0.0,20.0,46.825486912,True,6,2,False
0,,0,128,0.0,0.0,0.0,197.072304,20.0,217.072304,True,6,3,False
1,3,16,112,2.461056,3.067108864,5.528164864,172.447704,20.0,192.447704,True,6,3,False
2,3;30,32,96,5.406336,3.134217728,8.540553728,147.822168,20.0,167.822168,True,6,3,False
3,3;30;32,48,80,8.421504,3.201326592,11.622830592,123.196632,20.0,143.196632,True,6,3,False
4,3;30;32;53,64,64,11.366784,3.268435456,14.635219456,98.535528,20.0,118.535528,True,6,3,False
5,3;30;32;53;56,80,48,14.381952,3.33554432,17.71749632,73.909992,20.0,93.909992,True,6,3,False
6,3;30;32;53;56;99,96,32,17.385888,3.402653184,20.788541184,49.285704,20.0,69.285704,True,6,3,False
7,3;30;32;53;56;99;101,112,16,20.327112,3.469762048,23.796874048,24.661104,20.0,44.661104,True,6,3,True
8,3;30;32;53;56;99;101;114,128,0,23.288616,3.536870912,26.825486912,0.0,20.0,46.825486912,True,6,3,False
0,,0,128,0.0,0.0,0.0,197.072304,20.0,217.072304,True,6,4,False
1,12,16,112,2.461056,3.067108864,5.528164864,172.447704,20.0,192.447704,True,6,4,False
2,12;19,32,96,5.406336,3.134217728,8.540553728,147.822168,20.0,167.822168,True,6,4,False
3,12;19;26,48,80,8.421504,3.201326592,11.622830592,123.196632,20.0,143.196632,True,6,4,False
4,12;19;26;60,64,64,11.366784,3.268435456,14.635219456,98.535528,20.0,118.535528,True,6,4,False
5,12;19;26;60;64,80,48,14.381952,3.33554432,17.71749632,73.909992,20.0,93.909992,True,6,4,False
6,12;19;26;60;64;65,96,32,17.385888,3.402653184,20.788541184,49.285704,20.0,69.285704,True,6,4,False
7,12;19;26;60;64;65;100,112,16,20.327112,3.469762048,23.796874048,24.661104,20.0,44.661104,True,6,4,True
8,12;19;26;60;64;65;100;108,128,0,23.288616,3.536870912,26.825486912,0.0,20.0,46.825486912,True,6,4,False
0,,0,128,0.0,0.0,0.0,197.072304,20.0,217.072304,True,6,5,False
1,4,16,112,2.461056,3.067108864,5.528164864,172.447704,20.0,192.447704,True,6,5,False
2,4;17,32,96,5.406336,3.134217728,8.540553728,147.822168,20.0,167.822168,True,6,5,False
3,4;17;46,48,80,8.421504,3.201326592,11.622830592,123.196632,20.0,143.196632,True,6,5,False
4,4;17;46;63,64,64,11.366784,3.268435456,14.635219456,98.535528,20.0,118.535528,True,6,5,False
5,4;17;46;63;65,80,48,14.381952,3.33554432,17.71749632,73.909992,20.0,93.909992,True,6,5,False
6,4;17;46;63;65;73,96,32,17.385888,3.402653184,20.788541184,49.285704,20.0,69.285704,True,6,5,False
7,4;17;46;63;65;73;104,112,16,20.327112,3.469762048,23.796874048,24.661104,20.0,44.661104,True,6,5,True
8,4;17;46;63;65;73;95;104,126,2,23.24868,3.528482304,26.777162304,3.112512,20.0,46.777162304,True,6,5,False
9,4;17;20;46;63;65;73;95;104,128,0,26.303784,3.536870912,29.840654912,0.0,20.0,49.840654912,True,6,5,False
0,,0,128,0.0,0.0,0.0,197.072304,20.0,217.072304,True,6,6,False
1,22,16,112,2.461056,3.067108864,5.528164864,172.447704,20.0,192.447704,True,6,6,False
2,22;33,32,96,5.406336,3.134217728,8.540553728,147.822168,20.0,167.822168,True,6,6,False
3,22;33;39,48,80,8.421504,3.201326592,11.622830592,123.196632,20.0,143.196632,True,6,6,False
4,22;33;39;49,64,64,11.366784,3.268435456,14.635219456,98.535528,20.0,118.535528,True,6,6,False
5,22;33;39;49;58,80,48,14.381952,3.33554432,17.71749632,73.909992,20.0,93.909992,True,6,6,False
6,22;33;39;49;58;74,96,32,17.385888,3.402653184,20.788541184,49.285704,20.0,69.285704,True,6,6,False
7,22;33;39;49;58;74;82,112,16,20.327112,3.469762048,23.796874048,24.661104,20.0,44.661104,True,6,6,True
8,22;33;39;49;58;74;82;112,128,0,23.288616,3.536870912,26.825486912,0.0,20.0,46.825486912,True,6,6,False
0,,0,128,0.0,0.0,0.0,197.072304,20.0,217.072304,True,6,7,False
1,15,16,112,2.461056,3.067108864,5.528164864,172.447704,20.0,192.447704,True,6,7,False
2,15;19,32,96,5.406336,3.134217728,8.540553728,147.822168,20.0,167.822168,True,6,7,False
3,15;19;29,48,80,8.421504,3.201326592,11.622830592,123.196632,20.0,143.196632,True,6,7,False
4,15;19;29;44,64,64,11.366784,3.268435456,14.635219456,98.535528,20.0,118.535528,True,6,7,False
5,15;19;29;44;56,80,48,14.381952,3.33554432,17.71749632,73.909992,20.0,93.909992,True,6,7,False
6,15;19;29;44;56;63,96,32,17.385888,3.402653184,20.788541184,49.285704,20.0,69.285704,True,6,7,False
7,15;19;29;44;56;63;114,112,16,20.327112,3.469762048,23.796874048,24.661104,20.0,44.661104,True,6,7,True
8,15;19;29;44;56;63;114;115,124,4,23.221536,3.520093696,26.741629696,6.190392,20.0,46.741629696,True,6,7,False
9,15;19;24;29;44;56;63;114;115,128,0,26.303784,3.536870912,29.840654912,0.0,20.0,49.840654912,True,6,7,False
0,,0,128,0.0,0.0,0.0,197.072304,20.0,217.072304,True,6,8,False
1,11,16,112,2.461056,3.067108864,5.528164864,172.447704,20.0,192.447704,True,6,8,False
2,11;17,32,96,5.406336,3.134217728,8.540553728,147.822168,20.0,167.822168,True,6,8,False
3,11;17;22,48,80,8.421504,3.201326592,11.622830592,123.196632,20.0,143.196632,True,6,8,False
4,11;17;22;45,64,64,11.366784,3.268435456,14.635219456,98.535528,20.0,118.535528,True,6,8,False
5,11;17;22;45;50,80,48,14.381952,3.33554432,17.71749632,73.909992,20.0,93.909992,True,6,8,False
6,11;17;22;45;50;85,96,32,17.385888,3.402653184,20.788541184,49.285704,20.0,69.285704,True,6,8,False
7,11;17;22;45;50;85;100,112,16,20.327112,3.469762048,23.796874048,24.661104,20.0,44.661104,True,6,8,True
8,11;17;22;45;50;85;100;124,128,0,23.288616,3.536870912,26.825486912,0.0,20.0,46.825486912,True,6,8,False
0,,0,128,0.0,0.0,0.0,197.072304,20.0,217.072304,True,6,9,False
1,6,16,112,2.461056,3.067108864,5.528164864,172.447704,20.0,192.447704,True,6,9,False
2,6;23,32,96,5.406336,3.134217728,8.540553728,147.822168,20.0,167.822168,True,6,9,False
3,6;23;38,48,80,8.421504,3.201326592,11.622830592,123.196632,20.0,143.196632,True,6,9,False
4,6;23;38;67,64,64,11.366784,3.268435456,14.635219456,98.535528,20.0,118.535528,True,6,9,False
5,6;23;38;67;92,80,48,14.381952,3.33554432,17.71749632,73.909992,20.0,93.909992,True,6,9,False
6,6;23;38;66;67;92,94,34,17.350632,3.394264576,20.744896576,52.364208,20.0,72.364208,True,6,9,False
7,6;13;23;38;66;67;92,106,22,20.304648,3.444596224,23.749244224,33.89412,20.0,53.89412,True,6,9,False
8,6;13;23;38;63;66;67;92,118,10,23.20656,3.494927872,26.701487872,15.426216,20.0,46.701487872,True,6,9,True
9,6;13;23;38;39;63;66;67;92,128,0,26.303784,3.536870912,29.840654912,0.0,20.0,49.840654912,True,6,9,False
0,,0,128,0.0,0.0,0.0,197.072304,20.0,217.072304,True,6,10,False
1,1,16,112,2.461056,3.067108864,5.528164864,172.447704,20.0,192.447704,True,6,10,False
2,1;5,32,96,5.406336,3.134217728,8.540553728,147.822168,20.0,167.822168,True,6,10,False
3,1;5;6,48,80,8.421504,3.201326592,11.622830592,123.196632,20.0,143.196632,True,6,10,False
4,1;5;6;19,64,64,11.366784,3.268435456,14.635219456,98.535528,20.0,118.535528,True,6,10,False
5,1;5;6;19;36,80,48,14.381952,3.33554432,17.71749632,73.909992,20.0,93.909992,True,6,10,False
6,1;5;6;19;36;42,96,32,17.385888,3.402653184,20.788541184,49.285704,20.0,69.285704,True,6,10,False
7,1;5;6;19;36;42;48,112,16,20.327112,3.469762048,23.796874048,24.661104,20.0,44.661104,True,6,10,True
8,1;5;6;19;36;42;48;92,119,9,23.25336,3.499122176,26.752482176,13.904904,20.0,46.752482176,True,6,10,False
9,1;5;6;19;36;42;48;66;92,124,4,26.236704,3.520093696,29.756797696,6.190392,20.0,49.756797696,True,6,10,False
10,1;5;6;19;36;42;48;66;92;98,128,0,29.249064,3.536870912,32.785934912,0.0,20.0,52.785934912,True,6,10,False
0,,0,128,0.0,0.0,0.0,197.072304,20.0,217.072304,True,6,11,False
1,14,16,112,2.461056,3.067108864,5.528164864,172.447704,20.0,192.447704,True,6,11,False
2,14;17,32,96,5.406336,3.134217728,8.540553728,147.822168,20.0,167.822168,True,6,11,False
3,14;17;22,48,80,8.421504,3.201326592,11.622830592,123.196632,20.0,143.196632,True,6,11,False
4,14;17;22;52,64,64,11.366784,3.268435456,14.635219456,98.535528,20.0,118.535528,True,6,11,False
5,14;17;22;52;62,80,48,14.381952,3.33554432,17.71749632,73.909992,20.0,93.909992,True,6,11,False
6,14;17;22;52;62;117,96,32,17.385888,3.402653184,20.788541184,49.285704,20.0,69.285704,True,6,11,False
7,14;17;22;52;62;117;121,112,16,20.327112,3.469762048,23.796874048,24.661104,20.0,44.661104,True,6,11,True
8,14;17;22;36;52;62;117;121,117,11,23.213736,3.490733568,26.704469568,16.983408,20.0,46.704469568,True,6,11,False
9,14;17;22;36;52;62;104;117;121,122,6,26.24388,3.511705088,29.755585088,9.268896,20.0,49.755585088,True,6,11,False
10,14;17;22;36;52;62;76;104;117;121,126,2,29.209128,3.528482304,32.737610304,3.112512,20.0,52.737610304,True,6,11,False
11,14;17;22;36;52;62;76;104;108;117;121,128,0,32.264232,3.536870912,35.801102912,0.0,20.0,55.801102912,True,6,11,False
0,,0,128,0.0,0.0,0.0,197.072304,20.0,217.072304,True,6,12,False
1,11,16,112,2.461056,3.067108864,5.528164864,172.447704,20.0,192.447704,True,6,12,False
2,11;19,32,96,5.406336,3.134217728,8.540553728,147.822168,20.0,167.822168,True,6,12,False
3,11;19;28,48,80,8.421504,3.201326592,11.622830592,123.196632,20.0,143.196632,True,6,12,False
4,11;19;28;41,64,64,11.366784,3.268435456,14.635219456,98.535528,20.0,118.535528,True,6,12,False
5,11;19;28;41;57,80,48,14.381952,3.33554432,17.71749632,73.909992,20.0,93.909992,True,6,12,False
6,11;19;28;41;57;59,96,32,17.385888,3.402653184,20.788541184,49.285704,20.0,69.285704,True,6,12,False
7,11;19;28;41;57;59;111,112,16,20.327112,3.469762048,23.796874048,24.661104,20.0,44.661104,True,6,12,True
8,11;19;20;28;41;57;59;111,124,4,23.221536,3.520093696,26.741629696,6.190392,20.0,46.741629696,True,6,12,False
9,11;18;19;20;28;41;57;59;111,126,2,26.263848,3.528482304,29.792330304,3.112512,20.0,49.792330304,True,6,12,False
10,11;18;19;20;28;41;57;59;111;125,128,0,29.249064,3.536870912,32.785934912,0.0,20.0,52.785934912,True,6,12,False
0,,0,128,0.0,0.0,0.0,197.072304,20.0,217.072304,True,6,13,False
1,13,16,112,2.461056,3.067108864,5.528164864,172.447704,20.0,192.447704,True,6,13,False
2,13;34,32,96,5.406336,3.134217728,8.540553728,147.822168,20.0,167.822168,True,6,13,False
3,13;34;52,48,80,8.421504,3.201326592,11.622830592,123.196632,20.0,143.196632,True,6,13,False
4,13;34;52;84,64,64,11.366784,3.268435456,14.635219456,98.535528,20.0,118.535528,True,6,13,False
5,13;34;52;84;93,80,48,14.381952,3.33554432,17.71749632,73.909992,20.0,93.909992,True,6,13,False
6,13;34;52;84;93;104,96,32,17.385888,3.402653184,20.788541184,49.285704,20.0,69.285704,True,6,13,False
7,13;34;52;84;93;104;110,112,16,20.327112,3.469762048,23.796874048,24.661104,20.0,44.661104,True,6,13,True
8,13;34;52;84;93;104;110;117,121,7,23.186592,3.507510784,26.694102784,10.827336,20.0,46.694102784,True,6,13,False
9,13;20;34;52;84;93;104;110;117,126,2,26.263848,3.528482304,29.792330304,3.112512,20.0,49.792330304,True,6,13,False
10,11;13;20;34;52;84;93;104;110;117,128,0,29.249064,3.536870912,32.785934912,0.0,20.0,52.785934912,True,6,13,False
0,,0,128,0.0,0.0,0.0,197.072304,20.0,217.072304,True,6,14,False
1,2,16,112,2.461056,3.067108864,5.528164864,172.447704,20.0,192.447704,True,6,14,False
2,2;5,32,96,5.406336,3.134217728,8.540553728,147.822168,20.0,167.822168,True,6,14,False
3,2;5;24,48,80,8.421504,3.201326592,11.622830592,123.196632,20.0,143.196632,True,6,14,False
4,2;5;24;61,64,64,11.366784,3.268435456,14.635219456,98.535528,20.0,118.535528,True,6,14,False
5,2;5;24;61;97,80,48,14.381952,3.33554432,17.71749632,73.909992,20.0,93.909992,True,6,14,False
6,2;5;24;61;97;102,96,32,17.385888,3.402653184,20.788541184,49.285704,20.0,69.285704,True,6,14,False
7,2;5;24;61;97;102;109,112,16,20.327112,3.469762048,23.796874048,24.661104,20.0,44.661104,True,6,14,True
8,2;5;14;24;61;97;102;109,121,7,23.186592,3.507510784,26.694102784,10.827336,20.0,46.694102784,True,6,14,False
9,2;5;14;24;61;66;97;102;109,128,0,26.303784,3.536870912,29.840654912,0.0,20.0,49.840654912,True,6,14,False
0,,0,128,0.0,0.0,0.0,197.072304,20.0,217.072304,True,6,15,False
1,58,16,112,2.461056,3.067108864,5.528164864,172.447704,20.0,192.447704,True,6,15,False
2,58;63,32,96,5.406336,3.134217728,8.540553728,147.822168,20.0,167.822168,True,6,15,False
3,58;63;64,48,80,8.421504,3.201326592,11.622830592,123.196632,20.0,143.196632,True,6,15,False
4,58;63;64;79,64,64,11.366784,3.268435456,14.635219456,98.535528,20.0,118.535528,True,6,15,False
5,58;63;64;79;84,80,48,14.381952,3.33554432,17.71749632,73.909992,20.0,93.909992,True,6,15,False
6,58;63;64;79;84;111,96,32,17.385888,3.402653184,20.788541184,49.285704,20.0,69.285704,True,6,15,False
7,58;63;64;79;84;111;127,112,16,20.327112,3.469762048,23.796874048,24.661104,20.0,44.661104,True,6,15,True
8,58;63;64;79;84;111;122;127,124,4,23.221536,3.520093696,26.741629696,6.190392,20.0,46.741629696,True,6,15,False
9,2;58;63;64;79;84;111;122;127,128,0,26.303784,3.536870912,29.840654912,0.0,20.0,49.840654912,True,6,15,False
0,,0,128,0.0,0.0,0.0,197.072304,20.0,217.072304,True,6,16,False
1,42,16,112,2.461056,3.067108864,5.528164864,172.447704,20.0,192.447704,True,6,16,False
2,42;48,32,96,5.406336,3.134217728,8.540553728,147.822168,20.0,167.822168,True,6,16,False
3,42;48;70,48,80,8.421504,3.201326592,11.622830592,123.196632,20.0,143.196632,True,6,16,False
4,42;48;70;93,64,64,11.366784,3.268435456,14.635219456,98.535528,20.0,118.535528,True,6,16,False
5,42;48;70;93;97,80,48,14.381952,3.33554432,17.71749632,73.909992,20.0,93.909992,True,6,16,False
6,42;48;70;93;97;107,96,32,17.385888,3.402653184,20.788541184,49.285704,20.0,69.285704,True,6,16,False
7,42;48;70;93;97;107;122,112,16,20.327112,3.469762048,23.796874048,24.661104,20.0,44.661104,True,6,16,True
8,42;48;70;93;97;107;116;122,122,6,23.228712,3.511705088,26.740417088,9.268896,20.0,46.740417088,True,6,16,False
9,42;46;48;70;93;97;107;116;122,126,2,26.263848,3.528482304,29.792330304,3.112512,20.0,49.792330304,True,6,16,False
10,6;42;46;48;70;93;97;107;116;122,128,0,29.249064,3.536870912,32.785934912,0.0,20.0,52.785934912,True,6,16,False
0,,0,128,0.0,0.0,0.0,197.072304,20.0,217.072304,True,6,17,False
1,75,16,112,2.461056,3.067108864,5.528164864,172.447704,20.0,192.447704,True,6,17,False
2,75;80,32,96,5.406336,3.134217728,8.540553728,147.822168,20.0,167.822168,True,6,17,False
3,75;80;94,48,80,8.421504,3.201326592,11.622830592,123.196632,20.0,143.196632,True,6,17,False
4,75;80;94;105,64,64,11.366784,3.268435456,14.635219456,98.535528,20.0,118.535528,True,6,17,False
5,75;80;94;105;122,80,48,14.381952,3.33554432,17.71749632,73.909992,20.0,93.909992,True,6,17,False
6,75;80;94;105;122;124,96,32,17.385888,3.402653184,20.788541184,49.285704,20.0,69.285704,True,6,17,False
7,73;75;80;94;105;122;124,111,17,20.337096,3.465567744,23.802663744,26.217672,20.0,46.217672,True,6,17,True
8,73;75;80;90;94;105;122;124,122,6,23.228712,3.511705088,26.740417088,9.268896,20.0,46.740417088,True,6,17,False
9,73;75;80;90;94;105;122;123;124,127,1,26.291616,3.532676608,29.824292608,1.591512,20.0,49.824292608,True,6,17,False
10,73;75;80;90;94;105;116;122;123;124,128,0,29.249064,3.536870912,32.785934912,0.0,20.0,52.785934912,True,6,17,False
0,,0,128,0.0,0.0,0.0,197.072304,20.0,217.072304,True,6,18,False
1,32,16,112,2.461056,3.067108864,5.528164864,172.447704,20.0,192.447704,True,6,18,False
2,32;58,32,96,5.406336,3.134217728,8.540553728,147.822168,20.0,167.822168,True,6,18,False
3,32;58;74,48,80,8.421504,3.201326592,11.622830592,123.196632,20.0,143.196632,True,6,18,False
4,32;58;74;82,64,64,11.366784,3.268435456,14.635219456,98.535528,20.0,118.535528,True,6,18,False
5,32;58;74;82;112,80,48,14.381952,3.33554432,17.71749632,73.909992,20.0,93.909992,True,6,18,False
6,32;58;74;82;112;126,96,32,17.385888,3.402653184,20.788541184,49.285704,20.0,69.285704,True,6,18,False
7,32;58;74;82;91;112;126,111,17,20.337096,3.465567744,23.802663744,26.217672,20.0,46.217672,True,6,18,True
8,32;33;58;74;82;91;112;126,124,4,23.221536,3.520093696,26.741629696,6.190392,20.0,46.741629696,True,6,18,False
9,32;33;58;74;82;91;104;112;126,128,0,26.303784,3.536870912,29.840654912,0.0,20.0,49.840654912,True,6,18,False
0,,0,128,0.0,0.0,0.0,197.072304,20.0,217.072304,True,6,19,False
1,10,16,112,2.461056,3.067108864,5.528164864,172.447704,20.0,192.447704,True,6,19,False
2,10;28,32,96,5.406336,3.134217728,8.540553728,147.822168,20.0,167.822168,True,6,19,False
3,10;28;29,48,80,8.421504,3.201326592,11.622830592,123.196632,20.0,143.196632,True,6,19,False
4,10;28;29;44,64,64,11.366784,3.268435456,14.635219456,98.535528,20.0,118.535528,True,6,19,False
5,10;28;29;44;52,80,48,14.381952,3.33554432,17.71749632,73.909992,20.0,93.909992,True,6,19,False
6,10;28;29;44;52;92,96,32,17.385888,3.402653184,20.788541184,49.285704,20.0,69.285704,True,6,19,False
7,10;28;29;44;52;63;92,111,17,20.337096,3.465567744,23.802663744,26.217672,20.0,46.217672,True,6,19,True
8,10;11;28;29;44;52;63;92,119,9,23.25336,3.499122176,26.752482176,13.904904,20.0,46.752482176,True,6,19,False
9,10;11;28;29;44;52;56;63;92,124,4,26.236704,3.520093696,29.756797696,6.190392,20.0,49.756797696,True,6,19,False
10,10;11;28;29;32;44;52;56;63;92,128,0,29.249064,3.536870912,32.785934912,0.0,20.0,52.785934912,True,6,19,False
0,,0,128,0.0,0.0,0.0,197.072304,20.0,217.072304,True,6,20,False
1,0,16,112,2.461056,3.067108864,5.528164864,172.447704,20.0,192.447704,True,6,20,False
2,0;76,32,96,5.406336,3.134217728,8.540553728,147.822168,20.0,167.822168,True,6,20,False
3,0;76;85,48,80,8.421504,3.201326592,11.622830592,123.196632,20.0,143.196632,True,6,20,False
4,0;76;85;92,64,64,11.366784,3.268435456,14.635219456,98.535528,20.0,118.535528,True,6,20,False
5,0;76;85;92;123,80,48,14.381952,3.33554432,17.71749632,73.909992,20.0,93.909992,True,6,20,False
6,0;76;85;92;123;124,96,32,17.385888,3.402653184,20.788541184,49.285704,20.0,69.285704,True,6,20,False
7,0;45;76;85;92;123;124,110,18,20.296224,3.46137344,23.75759744,27.738672,20.0,47.738672,True,6,20,False
8,0;45;48;76;85;92;123;124,124,4,23.221536,3.520093696,26.741629696,6.190392,20.0,46.741629696,True,6,20,True
9,0;45;48;76;85;92;114;123;124,127,1,26.291616,3.532676608,29.824292608,1.591512,20.0,49.824292608,True,6,20,False
10,0;45;48;76;85;92;108;114;123;124,128,0,29.249064,3.536870912,32.785934912,0.0,20.0,52.785934912,True,6,20,False
0,,0,128,0.0,0.0,0.0,197.072304,20.0,217.072304,True,6,21,False
1,2,16,112,2.461056,3.067108864,5.528164864,172.447704,20.0,192.447704,True,6,21,False
2,2;11,32,96,5.406336,3.134217728,8.540553728,147.822168,20.0,167.822168,True,6,21,False
3,2;11;32,48,80,8.421504,3.201326592,11.622830592,123.196632,20.0,143.196632,True,6,21,False
4,2;11;32;38,64,64,11.366784,3.268435456,14.635219456,98.535528,20.0,118.535528,True,6,21,False
5,2;11;32;38;44,80,48,14.381952,3.33554432,17.71749632,73.909992,20.0,93.909992,True,6,21,False
6,2;11;32;38;44;63,96,32,17.385888,3.402653184,20.788541184,49.285704,20.0,69.285704,True,6,21,False
7,2;11;32;38;39;44;63,110,18,20.296224,3.46137344,23.75759744,27.738672,20.0,47.738672,True,6,21,False
8,2;6;11;32;38;39;44;63,122,6,23.228712,3.511705088,26.740417088,9.268896,20.0,46.740417088,True,6,21,True
9,2;6;11;32;38;39;44;63;115,127,1,26.291616,3.532676608,29.824292608,1.591512,20.0,49.824292608,True,6,21,False
10,2;6;11;32;38;39;44;63;115;124,128,0,29.249064,3.536870912,32.785934912,0.0,20.0,52.785934912,True,6,21,False
0,,0,128,0.0,0.0,0.0,197.072304,20.0,217.072304,True,6,22,False
1,1,16,112,2.461056,3.067108864,5.528164864,172.447704,20.0,192.447704,True,6,22,False
2,1;36,32,96,5.406336,3.134217728,8.540553728,147.822168,20.0,167.822168,True,6,22,False
3,1;36;42,48,80,8.421504,3.201326592,11.622830592,123.196632,20.0,143.196632,True,6,22,False
4,1;36;42;48,64,64,11.366784,3.268435456,14.635219456,98.535528,20.0,118.535528,True,6,22,False
5,1;36;42;48;71,80,48,14.381952,3.33554432,17.71749632,73.909992,20.0,93.909992,True,6,22,False
6,1;36;42;48;71;75,96,32,17.385888,3.402653184,20.788541184,49.285704,20.0,69.285704,True,6,22,False
7,1;36;42;48;71;75;89,112,16,20.327112,3.469762048,23.796874048,24.661104,20.0,44.661104,True,6,22,True
8,1;36;42;48;71;75;89;122,128,0,23.288616,3.536870912,26.825486912,0.0,20.0,46.825486912,True,6,22,False
0,,0,128,0.0,0.0,0.0,197.072304,20.0,217.072304,True,6,23,False
1,14,16,112,2.461056,3.067108864,5.528164864,172.447704,20.0,192.447704,True,6,23,False
2,14;31,32,96,5.406336,3.134217728,8.540553728,147.822168,20.0,167.822168,True,6,23,False
3,14;31;36,48,80,8.421504,3.201326592,11.622830592,123.196632,20.0,143.196632,True,6,23,False
4,14;31;36;62,64,64,11.366784,3.268435456,14.635219456,98.535528,20.0,118.535528,True,6,23,False
5,14;31;36;62;65,80,48,14.381952,3.33554432,17.71749632,73.909992,20.0,93.909992,True,6,23,False
6,14;31;36;62;65;117,96,32,17.385888,3.402653184,20.788541184,49.285704,20.0,69.285704,True,6,23,False
7,4;14;31;36;62;65;117,109,19,20.378592,3.457179136,23.835771136,29.296488,20.0,49.296488,True,6,23,False
8,4;14;17;31;36;62;65;117,121,7,23.186592,3.507510784,26.694102784,10.827336,20.0,46.694102784,True,6,23,True
9,4;14;17;31;36;62;65;76;117,126,2,26.263848,3.528482304,29.792330304,3.112512,20.0,49.792330304,True,6,23,False
10,4;14;17;31;36;62;65;76;108;117,128,0,29.249064,3.536870912,32.785934912,0.0,20.0,52.785934912,True,6,23,False
0,,0,128,0.0,0.0,0.0,197.072304,20.0,217.072304,True,6,24,False
1,11,16,112,2.461056,3.067108864,5.528164864,172.447704,20.0,192.447704,True,6,24,False
2,11;18,32,96,5.406336,3.134217728,8.540553728,147.822168,20.0,167.822168,True,6,24,False
3,11;18;19,48,80,8.421504,3.201326592,11.622830592,123.196632,20.0,143.196632,True,6,24,False
4,11;18;19;20,64,64,11.366784,3.268435456,14.635219456,98.535528,20.0,118.535528,True,6,24,False
5,11;18;19;20;28,80,48,14.381952,3.33554432,17.71749632,73.909992,20.0,93.909992,True,6,24,False
6,11;18;19;20;28;57,96,32,17.385888,3.402653184,20.788541184,49.285704,20.0,69.285704,True,6,24,False
7,11;18;19;20;28;57;108,112,16,20.327112,3.469762048,23.796874048,24.661104,20.0,44.661104,True,6,24,True
8,11;18;19;20;28;57;59;108,127,1,23.276448,3.532676608,26.809124608,1.591512,20.0,46.809124608,True,6,24,False
9,11;18;19;20;28;57;59;101;108,128,0,26.303784,3.536870912,29.840654912,0.0,20.0,49.840654912,True,6,24,False
0,,0,128,0.0,0.0,0.0,197.072304,20.0,217.072304,True,6,25,False
1,13,16,112,2.461056,3.067108864,5.528164864,172.447704,20.0,192.447704,True,6,25,False
2,13;34,32,96,5.406336,3.134217728,8.540553728,147.822168,20.0,167.822168,True,6,25,False
3,13;34;50,48,80,8.421504,3.201326592,11.622830592,123.196632,20.0,143.196632,True,6,25,False
4,13;34;50;72,64,64,11.366784,3.268435456,14.635219456,98.535528,20.0,118.535528,True,6,25,False
5,13;34;50;72;84,80,48,14.381952,3.33554432,17.71749632,73.909992,20.0,93.909992,True,6,25,False
6,13;34;50;72;84;110,96,32,17.385888,3.402653184,20.788541184,49.285704,20.0,69.285704,True,6,25,False
7,13;34;50;72;84;86;110,111,17,20.337096,3.465567744,23.802663744,26.217672,20.0,46.217672,True,6,25,True
8,13;34;50;72;84;86;87;110,125,3,23.247432,3.524288,26.77172,4.670016,20.0,46.77172,True,6,25,False
9,13;34;50;52;72;84;86;87;110,128,0,26.303784,3.536870912,29.840654912,0.0,20.0,49.840654912,True,6,25,False
0,,0,128,0.0,0.0,0.0,197.072304,20.0,217.072304,True,6,26,False
1,24,16,112,2.461056,3.067108864,5.528164864,172.447704,20.0,192.447704,True,6,26,False
2,24;27,32,96,5.406336,3.134217728,8.540553728,147.822168,20.0,167.822168,True,6,26,False
3,24;27;72,48,80,8.421504,3.201326592,11.622830592,123.196632,20.0,143.196632,True,6,26,False
4,24;27;72;91,64,64,11.366784,3.268435456,14.635219456,98.535528,20.0,118.535528,True,6,26,False
5,24;27;72;91;97,80,48,14.381952,3.33554432,17.71749632,73.909992,20.0,93.909992,True,6,26,False
6,24;27;72;91;97;113,96,32,17.385888,3.402653184,20.788541184,49.285704,20.0,69.285704,True,6,26,False
7,24;27;59;72;91;97;113,109,19,20.378592,3.457179136,23.835771136,29.296488,20.0,49.296488,True,6,26,False
8,5;24;27;59;72;91;97;113,120,8,23.225904,3.50331648,26.72922048,12.347712,20.0,46.72922048,True,6,26,True
9,5;24;27;29;59;72;91;97;113,126,2,26.263848,3.528482304,29.792330304,3.112512,20.0,49.792330304,True,6,26,False
10,2;5;24;27;29;59;72;91;97;113,127,1,29.236896,3.532676608,32.769572608,1.591512,20.0,52.769572608,True,6,26,False
11,2;5;24;27;29;59;72;91;94;97;113,128,0,32.264232,3.536870912,35.801102912,0.0,20.0,55.801102912,True,6,26,False
0,,0,128,0.0,0.0,0.0,197.072304,20.0,217.072304,True,6,27,False
1,15,16,112,2.461056,3.067108864,5.528164864,172.447704,20.0,192.447704,True,6,27,False
2,15;63,32,96,5.406336,3.134217728,8.540553728,147.822168,20.0,167.822168,True,6,27,False
3,15;63;64,48,80,8.421504,3.201326592,11.622830592,123.196632,20.0,143.196632,True,6,27,False
4,15;63;64;79,64,64,11.366784,3.268435456,14.635219456,98.535528,20.0,118.535528,True,6,27,False
5,15;63;64;79;84,80,48,14.381952,3.33554432,17.71749632,73.909992,20.0,93.909992,True,6,27,False
6,15;63;64;79;84;111,96,32,17.385888,3.402653184,20.788541184,49.285704,20.0,69.285704,True,6,27,False
7,15;63;64;79;84;111;118,112,16,20.327112,3.469762048,23.796874048,24.661104,20.0,44.661104,True,6,27,True
8,15;63;64;79;84;111;118;122,128,0,23.288616,3.536870912,26.825486912,0.0,20.0,46.825486912,True,6,27,False
0,,0,128,0.0,0.0,0.0,197.072304,20.0,217.072304,True,6,28,False
1,6,16,112,2.461056,3.067108864,5.528164864,172.447704,20.0,192.447704,True,6,28,False
2,6;11,32,96,5.406336,3.134217728,8.540553728,147.822168,20.0,167.822168,True,6,28,False
3,6;11;42,48,80,8.421504,3.201326592,11.622830592,123.196632,20.0,143.196632,True,6,28,False
4,6;11;42;70,64,64,11.366784,3.268435456,14.635219456,98.535528,20.0,118.535528,True,6,28,False
5,6;11;42;70;91,80,48,14.381952,3.33554432,17.71749632,73.909992,20.0,93.909992,True,6,28,False
6,6;11;42;70;91;98,96,32,17.385888,3.402653184,20.788541184,49.285704,20.0,69.285704,True,6,28,False
7,6;11;42;70;91;98;122,112,16,20.327112,3.469762048,23.796874048,24.661104,20.0,44.661104,True,6,28,True
8,6;11;42;70;91;98;107;122,123,5,23.189712,3.515899392,26.705611392,7.747896,20.0,46.705611392,True,6,28,False
9,6;11;42;70;91;97;98;107;122,128,0,26.303784,3.536870912,29.840654912,0.0,20.0,49.840654912,True,6,28,False
0,,0,128,0.0,0.0,0.0,197.072304,20.0,217.072304,True,6,29,False
1,13,16,112,2.461056,3.067108864,5.528164864,172.447704,20.0,192.447704,True,6,29,False
2,13;37,32,96,5.406336,3.134217728,8.540553728,147.822168,20.0,167.822168,True,6,29,False
3,13;37;46,48,80,8.421504,3.201326592,11.622830592,123.196632,20.0,143.196632,True,6,29,False
4,13;37;46;70,64,64,11.366784,3.268435456,14.635219456,98.535528,20.0,118.535528,True,6,29,False
5,13;37;46;70;94,80,48,14.381952,3.33554432,17.71749632,73.909992,20.0,93.909992,True,6,29,False
6,13;37;46;70;94;105,96,32,17.385888,3.402653184,20.788541184,49.285704,20.0,69.285704,True,6,29,False
7,13;37;46;70;94;105;120,112,16,20.327112,3.469762048,23.796874048,24.661104,20.0,44.661104,True,6,29,True
8,13;37;46;70;94;105;120;124,128,0,23.288616,3.536870912,26.825486912,0.0,20.0,46.825486912,True,6,29,False
0,,0,128,0.0,0.0,0.0,197.072304,20.0,217.072304,True,6,30,False
1,6,16,112,2.461056,3.067108864,5.528164864,172.447704,20.0,192.447704,True,6,30,False
2,6;25,32,96,5.406336,3.134217728,8.540553728,147.822168,20.0,167.822168,True,6,30,False
3,6;25;48,48,80,8.421504,3.201326592,11.622830592,123.196632,20.0,143.196632,True,6,30,False
4,6;25;48;58,64,64,11.366784,3.268435456,14.635219456,98.535528,20.0,118.535528,True,6,30,False
5,6;25;48;58;74,80,48,14.381952,3.33554432,17.71749632,73.909992,20.0,93.909992,True,6,30,False
6,6;25;48;58;74;82,96,32,17.385888,3.402653184,20.788541184,49.285704,20.0,69.285704,True,6,30,False
7,6;25;39;48;58;74;82,111,17,20.337096,3.465567744,23.802663744,26.217672,20.0,46.217672,True,6,30,True
8,6;25;39;48;58;74;82;98,123,5,23.189712,3.515899392,26.705611392,7.747896,20.0,46.705611392,True,6,30,False
9,6;25;33;39;48;58;74;82;98,128,0,26.303784,3.536870912,29.840654912,0.0,20.0,49.840654912,True,6,30,False
0,,0,128,0.0,0.0,0.0,197.072304,20.0,217.072304,True,6,31,False
1,24,16,112,2.461056,3.067108864,5.528164864,172.447704,20.0,192.447704,True,6,31,False
2,24;28,32,96,5.406336,3.134217728,8.540553728,147.822168,20.0,167.822168,True,6,31,False
3,24;28;29,48,80,8.421504,3.201326592,11.622830592,123.196632,20.0,143.196632,True,6,31,False
4,24;28;29;44,64,64,11.366784,3.268435456,14.635219456,98.535528,20.0,118.535528,True,6,31,False
5,24;28;29;44;63,80,48,14.381952,3.33554432,17.71749632,73.909992,20.0,93.909992,True,6,31,False
6,24;28;29;44;63;115,96,32,17.385888,3.402653184,20.788541184,49.285704,20.0,69.285704,True,6,31,False
7,10;24;28;29;44;63;115,108,20,20.312136,3.452984832,23.765120832,30.816864,20.0,50.816864,True,6,31,False
8,10;24;28;29;44;59;63;115,118,10,23.20656,3.494927872,26.701487872,15.426216,20.0,46.701487872,True,6,31,True
9,10;24;28;29;41;44;59;63;115,122,6,26.24388,3.511705088,29.755585088,9.268896,20.0,49.755585088,True,6,31,False
10,10;24;28;29;36;41;44;59;63;115,125,3,29.20788,3.524288,32.732168,4.670016,20.0,52.732168,True,6,31,False
11,2;10;24;28;29;36;41;44;59;63;115,127,1,32.252064,3.532676608,35.784740608,1.591512,20.0,55.784740608,True,6,31,False
12,2;10;24;28;29;36;38;41;44;59;63;115,128,0,35.209512,3.536870912,38.746382912,0.0,20.0,58.746382912,True,6,31,False
0,,0,128,0.0,0.0,0.0,197.072304,20.0,217.072304,True,6,32,False
1,0,16,112,2.461056,3.067108864,5.528164864,172.447704,20.0,192.447704,True,6,32,False
2,0;48,32,96,5.406336,3.134217728,8.540553728,147.822168,20.0,167.822168,True,6,32,False
3,0;48;72,48,80,8.421504,3.201326592,11.622830592,123.196632,20.0,143.196632,True,6,32,False
4,0;48;72;85,64,64,11.366784,3.268435456,14.635219456,98.535528,20.0,118.535528,True,6,32,False
5,0;48;72;85;90,80,48,14.381952,3.33554432,17.71749632,73.909992,20.0,93.909992,True,6,32,False
6,0;48;72;85;90;108,96,32,17.385888,3.402653184,20.788541184,49.285704,20.0,69.285704,True,6,32,False
7,0;48;72;85;90;108;113,112,16,20.327112,3.469762048,23.796874048,24.661104,20.0,44.661104,True,6,32,True
8,0;48;72;85;90;108;113;124,128,0,23.288616,3.536870912,26.825486912,0.0,20.0,46.825486912,True,6,32,False
0,,0,128,0.0,0.0,0.0,197.072304,20.0,217.072304,True,6,33,False
1,2,16,112,2.461056,3.067108864,5.528164864,172.447704,20.0,192.447704,True,6,33,False
2,2;13,32,96,5.406336,3.134217728,8.540553728,147.822168,20.0,167.822168,True,6,33,False
3,2;13;32,48,80,8.421504,3.201326592,11.622830592,123.196632,20.0,143.196632,True,6,33,False
4,2;13;32;53,64,64,11.366784,3.268435456,14.635219456,98.535528,20.0,118.535528,True,6,33,False
5,2;13;32;53;63,80,48,14.381952,3.33554432,17.71749632,73.909992,20.0,93.909992,True,6,33,False
6,2;13;32;53;63;115,96,32,17.385888,3.402653184,20.788541184,49.285704,20.0,69.285704,True,6,33,False
7,2;13;32;38;53;63;115,111,17,20.337096,3.465567744,23.802663744,26.217672,20.0,46.217672,True,6,33,True
8,2;13;32;38;39;53;63;115,125,3,23.247432,3.524288,26.77172,4.670016,20.0,46.77172,True,6,33,False
9,2;6;13;32;38;39;53;63;115,128,0,26.303784,3.536870912,29.840654912,0.0,20.0,49.840654912,True,6,33,False
0,,0,128,0.0,0.0,0.0,197.072304,20.0,217.072304,True,6,34,False
1,1,16,112,2.461056,3.067108864,5.528164864,172.447704,20.0,192.447704,True,6,34,False
2,1;5,32,96,5.406336,3.134217728,8.540553728,147.822168,20.0,167.822168,True,6,34,False
3,1;5;29,48,80,8.421504,3.201326592,11.622830592,123.196632,20.0,143.196632,True,6,34,False
4,1;5;29;36,64,64,11.366784,3.268435456,14.635219456,98.535528,20.0,118.535528,True,6,34,False
5,1;5;29;36;42,80,48,14.381952,3.33554432,17.71749632,73.909992,20.0,93.909992,True,6,34,False
6,1;5;29;36;42;75,96,32,17.385888,3.402653184,20.788541184,49.285704,20.0,69.285704,True,6,34,False
7,1;5;29;36;42;75;89,112,16,20.327112,3.469762048,23.796874048,24.661104,20.0,44.661104,True,6,34,True
8,1;5;29;35;36;42;75;89,121,7,23.186592,3.507510784,26.694102784,10.827336,20.0,46.694102784,True,6,34,False
9,1;5;29;35;36;42;75;89;92,126,2,26.263848,3.528482304,29.792330304,3.112512,20.0,49.792330304,True,6,34,False
10,1;5;29;35;36;42;75;84;89;92,128,0,29.249064,3.536870912,32.785934912,0.0,20.0,52.785934912,True,6,34,False
0,,0,128,0.0,0.0,0.0,197.072304,20.0,217.072304,True,6,35,False
1,6,16,112,2.461056,3.067108864,5.528164864,172.447704,20.0,192.447704,True,6,35,False
2,6;31,32,96,5.406336,3.134217728,8.540553728,147.822168,20.0,167.822168,True,6,35,False
3,6;31;62,48,80,8.421504,3.201326592,11.622830592,123.196632,20.0,143.196632,True,6,35,False
4,6;31;62;110,64,64,11.366784,3.268435456,14.635219456,98.535528,20.0,118.535528,True,6,35,False
5,6;31;62;110;117,80,48,14.381952,3.33554432,17.71749632,73.909992,20.0,93.909992,True,6,35,False
6,6;31;62;110;117;120,96,32,17.385888,3.402653184,20.788541184,49.285704,20.0,69.285704,True,6,35,False
7,6;31;62;65;110;117;120,109,19,20.378592,3.457179136,23.835771136,29.296488,20.0,49.296488,True,6,35,False
8,6;31;36;62;65;110;117;120,116,12,23.220912,3.486539264,26.707451264,18.504096,20.0,46.707451264,True,6,35,True
9,6;31;32;36;62;65;110;117;120,122,6,26.24388,3.511705088,29.755585088,9.268896,20.0,49.755585088,True,6,35,False
10,6;31;32;36;62;65;104;110;117;120,128,0,29.249064,3.536870912,32.785934912,0.0,20.0,52.785934912,True,6,35,False
0,,0,128,0.0,0.0,0.0,197.072304,20.0,217.072304,True,6,36,False
1,11,16,112,2.461056,3.067108864,5.528164864,172.447704,20.0,192.447704,True,6,36,False
2,11;18,32,96,5.406336,3.134217728,8.540553728,147.822168,20.0,167.822168,True,6,36,False
3,11;18;19,48,80,8.421504,3.201326592,11.622830592,123.196632,20.0,143.196632,True,6,36,False
4,11;18;19;20,64,64,11.366784,3.268435456,14.635219456,98.535528,20.0,118.535528,True,6,36,False
5,11;18;19;20;57,80,48,14.381952,3.33554432,17.71749632,73.909992,20.0,93.909992,True,6,36,False
6,11;18;19;20;57;59,96,32,17.385888,3.402653184,20.788541184,49.285704,20.0,69.285704,True,6,36,False
7,11;18;19;20;57;59;62,112,16,20.327112,3.469762048,23.796874048,24.661104,20.0,44.661104,True,6,36,True
8,11;18;19;20;57;59;62;101,128,0,23.288616,3.536870912,26.825486912,0.0,20.0,46.825486912,True,6,36,False
0,,0,128,0.0,0.0,0.0,197.072304,20.0,217.072304,True,6,37,False
1,2,16,112,2.461056,3.067108864,5.528164864,172.447704,20.0,192.447704,True,6,37,False
2,2;13,32,96,5.406336,3.134217728,8.540553728,147.822168,20.0,167.822168,True,6,37,False
3,2;13;27,48,80,8.421504,3.201326592,11.622830592,123.196632,20.0,143.196632,True,6,37,False
4,2;13;27;50,64,64,11.366784,3.268435456,14.635219456,98.535528,20.0,118.535528,True,6,37,False
5,2;13;27;50;82,80,48,14.381952,3.33554432,17.71749632,73.909992,20.0,93.909992,True,6,37,False
6,2;13;27;50;82;84,96,32,17.385888,3.402653184,20.788541184,49.285704,20.0,69.285704,True,6,37,False
7,2;13;27;50;82;84;91,112,16,20.327112,3.469762048,23.796874048,24.661104,20.0,44.661104,True,6,37,True
8,2;13;27;50;82;84;91;110,128,0,23.288616,3.536870912,26.825486912,0.0,20.0,46.825486912,True,6,37,False
0,,0,128,0.0,0.0,0.0,197.072304,20.0,217.072304,True,6,38,False
1,2,16,112,2.461056,3.067108864,5.528164864,172.447704,20.0,192.447704,True,6,38,False
2,2;16,32,96,5.406336,3.134217728,8.540553728,147.822168,20.0,167.822168,True,6,38,False
3,2;16;24,48,80,8.421504,3.201326592,11.622830592,123.196632,20.0,143.196632,True,6,38,False
4,2;16;24;102,64,64,11.366784,3.268435456,14.635219456,98.535528,20.0,118.535528,True,6,38,False
5,2;16;24;102;109,80,48,14.381952,3.33554432,17.71749632,73.909992,20.0,93.909992,True,6,38,False
6,2;16;24;102;109;110,96,32,17.385888,3.402653184,20.788541184,49.285704,20.0,69.285704,True,6,38,False
7,2;16;24;102;109;110;113,112,16,20.327112,3.469762048,23.796874048,24.661104,20.0,44.661104,True,6,38,True
8,2;16;24;102;108;109;110;113,121,7,23.186592,3.507510784,26.694102784,10.827336,20.0,46.694102784,True,6,38,False
9,2;16;24;91;102;108;109;110;113,127,1,26.291616,3.532676608,29.824292608,1.591512,20.0,49.824292608,True,6,38,False
10,2;16;24;29;91;102;108;109;110;113,128,0,29.249064,3.536870912,32.785934912,0.0,20.0,52.785934912,True,6,38,False
0,,0,128,0.0,0.0,0.0,197.072304,20.0,217.072304,True,6,39,False
1,5,16,112,2.461056,3.067108864,5.528164864,172.447704,20.0,192.447704,True,6,39,False
2,5;16,32,96,5.406336,3.134217728,8.540553728,147.822168,20.0,167.822168,True,6,39,False
3,5;16;48,48,80,8.421504,3.201326592,11.622830592,123.196632,20.0,143.196632,True,6,39,False
4,5;16;48;72,64,64,11.366784,3.268435456,14.635219456,98.535528,20.0,118.535528,True,6,39,False
5,5;16;48;72;84,80,48,14.381952,3.33554432,17.71749632,73.909992,20.0,93.909992,True,6,39,False
6,5;16;48;72;84;118,93,35,17.383704,3.390070272,20.773774272,53.9214,20.0,73.9214,True,6,39,False
7,5;16;48;63;72;84;118,105,23,20.368296,3.44040192,23.80869792,35.451936,20.0,55.451936,True,6,39,False
8,5;16;48;63;72;84;111;118,116,12,23.220912,3.486539264,26.707451264,18.504096,20.0,46.707451264,True,6,39,True
9,5;16;48;58;63;72;84;111;118,126,2,26.263848,3.528482304,29.792330304,3.112512,20.0,49.792330304,True,6,39,False
10,5;16;48;58;63;72;79;84;111;118,128,0,29.249064,3.536870912,32.785934912,0.0,20.0,52.785934912,True,6,39,False
0,,0,128,0.0,0.0,0.0,197.072304,20.0,217.072304,True,6,40,False
1,11,16,112,2.461056,3.067108864,5.528164864,172.447704,20.0,192.447704,True,6,40,False
2,11;48,32,96,5.406336,3.134217728,8.540553728,147.822168,20.0,167.822168,True,6,40,False
3,11;48;70,48,80,8.421504,3.201326592,11.622830592,123.196632,20.0,143.196632,True,6,40,False
4,11;48;70;91,64,64,11.366784,3.268435456,14.635219456,98.535528,20.0,118.535528,True,6,40,False
5,11;48;70;91;97,80,48,14.381952,3.33554432,17.71749632,73.909992,20.0,93.909992,True,6,40,False
6,11;48;70;91;97;98,96,32,17.385888,3.402653184,20.788541184,49.285704,20.0,69.285704,True,6,40,False
7,11;48;70;91;97;98;122,112,16,20.327112,3.469762048,23.796874048,24.661104,20.0,44.661104,True,6,40,True
8,11;48;69;70;91;97;98;122,127,1,23.276448,3.532676608,26.809124608,1.591512,20.0,46.809124608,True,6,40,False
9,11;19;48;69;70;91;97;98;122,128,0,26.303784,3.536870912,29.840654912,0.0,20.0,49.840654912,True,6,40,False
0,,0,128,0.0,0.0,0.0,197.072304,20.0,217.072304,True,6,41,False
1,37,16,112,2.461056,3.067108864,5.528164864,172.447704,20.0,192.447704,True,6,41,False
2,37;46,32,96,5.406336,3.134217728,8.540553728,147.822168,20.0,167.822168,True,6,41,False
3,37;46;80,48,80,8.421504,3.201326592,11.622830592,123.196632,20.0,143.196632,True,6,41,False
4,37;46;80;81,64,64,11.366784,3.268435456,14.635219456,98.535528,20.0,118.535528,True,6,41,False
5,37;46;80;81;94,80,48,14.381952,3.33554432,17.71749632,73.909992,20.0,93.909992,True,6,41,False
6,37;46;80;81;94;123,96,32,17.385888,3.402653184,20.788541184,49.285704,20.0,69.285704,True,6,41,False
7,37;46;80;81;94;123;124,112,16,20.327112,3.469762048,23.796874048,24.661104,20.0,44.661104,True,6,41,True
8,37;46;80;81;94;105;123;124,125,3,23.247432,3.524288,26.77172,4.670016,20.0,46.77172,True,6,41,False
9,37;46;80;81;94;105;116;123;124,128,0,26.303784,3.536870912,29.840654912,0.0,20.0,49.840654912,True,6,41,False
0,,0,128,0.0,0.0,0.0,197.072304,20.0,217.072304,True,6,42,False
1,0,16,112,2.461056,3.067108864,5.528164864,172.447704,20.0,192.447704,True,6,42,False
2,0;30,32,96,5.406336,3.134217728,8.540553728,147.822168,20.0,167.822168,True,6,42,False
3,0;30;60,48,80,8.421504,3.201326592,11.622830592,123.196632,20.0,143.196632,True,6,42,False
4,0;30;60;63,64,64,11.366784,3.268435456,14.635219456,98.535528,20.0,118.535528,True,6,42,False
5,0;30;60;63;70,80,48,14.381952,3.33554432,17.71749632,73.909992,20.0,93.909992,True,6,42,False
6,0;30;60;63;70;76,96,32,17.385888,3.402653184,20.788541184,49.285704,20.0,69.285704,True,6,42,False
7,0;30;60;63;70;76;109,112,16,20.327112,3.469762048,23.796874048,24.661104,20.0,44.661104,True,6,42,True
8,0;30;58;60;63;70;76;109,119,9,23.25336,3.499122176,26.752482176,13.904904,20.0,46.752482176,True,6,42,False
9,0;14;30;58;60;63;70;76;109,125,3,26.2626,3.524288,29.786888,4.670016,20.0,49.786888,True,6,42,False
10,0;14;30;58;60;63;70;76;106;109,127,1,29.236896,3.532676608,32.769572608,1.591512,20.0,52.769572608,True,6,42,False
11,0;14;30;58;60;63;66;70;76;106;109,128,0,32.264232,3.536870912,35.801102912,0.0,20.0,55.801102912,True,6,42,False
0,,0,128,0.0,0.0,0.0,197.072304,20.0,217.072304,True,6,43,False
1,11,16,112,2.461056,3.067108864,5.528164864,172.447704,20.0,192.447704,True,6,43,False
2,11;18,32,96,5.406336,3.134217728,8.540553728,147.822168,20.0,167.822168,True,6,43,False
3,11;18;45,48,80,8.421504,3.201326592,11.622830592,123.196632,20.0,143.196632,True,6,43,False
4,11;18;45;51,64,64,11.366784,3.268435456,14.635219456,98.535528,20.0,118.535528,True,6,43,False
5,11;18;45;51;56,80,48,14.381952,3.33554432,17.71749632,73.909992,20.0,93.909992,True,6,43,False
6,11;18;45;51;56;96,96,32,17.385888,3.402653184,20.788541184,49.285704,20.0,69.285704,True,6,43,False
7,11;18;45;51;56;96;99,112,16,20.327112,3.469762048,23.796874048,24.661104,20.0,44.661104,True,6,43,True
8,11;18;45;51;56;80;96;99,124,4,23.221536,3.520093696,26.741629696,6.190392,20.0,46.741629696,True,6,43,False
9,11;18;45;51;56;80;94;96;99,128,0,26.303784,3.536870912,29.840654912,0.0,20.0,49.840654912,True,6,43,False
0,,0,128,0.0,0.0,0.0,197.072304,20.0,217.072304,True,6,44,False
1,7,16,112,2.461056,3.067108864,5.528164864,172.447704,20.0,192.447704,True,6,44,False
2,7;12,32,96,5.406336,3.134217728,8.540553728,147.822168,20.0,167.822168,True,6,44,False
3,7;12;15,48,80,8.421504,3.201326592,11.622830592,123.196632,20.0,143.196632,True,6,44,False
4,7;12;15;79,64,64,11.366784,3.268435456,14.635219456,98.535528,20.0,118.535528,True,6,44,False
5,7;12;15;79;99,80,48,14.381952,3.33554432,17.71749632,73.909992,20.0,93.909992,True,6,44,False
6,7;12;15;79;99;103,96,32,17.385888,3.402653184,20.788541184,49.285704,20.0,69.285704,True,6,44,False
7,7;12;15;79;99;103;104,112,16,20.327112,3.469762048,23.796874048,24.661104,20.0,44.661104,True,6,44,True
8,7;12;15;79;99;103;104;119,126,2,23.24868,3.528482304,26.777162304,3.112512,20.0,46.777162304,True,6,44,False
9,7;11;12;15;79;99;103;104;119,128,0,26.303784,3.536870912,29.840654912,0.0,20.0,49.840654912,True,6,44,False
0,,0,128,0.0,0.0,0.0,197.072304,20.0,217.072304,True,6,45,False
1,1,16,112,2.461056,3.067108864,5.528164864,172.447704,20.0,192.447704,True,6,45,False
2,1;4,32,96,5.406336,3.134217728,8.540553728,147.822168,20.0,167.822168,True,6,45,False
3,1;4;13,48,80,8.421504,3.201326592,11.622830592,123.196632,20.0,143.196632,True,6,45,False
4,1;4;13;16,64,64,11.366784,3.268435456,14.635219456,98.535528,20.0,118.535528,True,6,45,False
5,1;4;13;16;53,80,48,14.381952,3.33554432,17.71749632,73.909992,20.0,93.909992,True,6,45,False
6,1;4;13;16;53;58,96,32,17.385888,3.402653184,20.788541184,49.285704,20.0,69.285704,True,6,45,False
7,1;4;13;16;53;58;92,112,16,20.327112,3.469762048,23.796874048,24.661104,20.0,44.661104,True,6,45,True
8,1;4;13;16;36;53;58;92,125,3,23.247432,3.524288,26.77172,4.670016,20.0,46.77172,True,6,45,False
9,1;4;13;16;36;53;58;77;92,127,1,26.291616,3.532676608,29.824292608,1.591512,20.0,49.824292608,True,6,45,False
10,1;4;13;16;36;53;58;76;77;92,128,0,29.249064,3.536870912,32.785934912,0.0,20.0,52.785934912,True,6,45,False
0,,0,128,0.0,0.0,0.0,197.072304,20.0,217.072304,True,6,46,False
1,4,16,112,2.461056,3.067108864,5.528164864,172.447704,20.0,192.447704,True,6,46,False
2,4;13,32,96,5.406336,3.134217728,8.540553728,147.822168,20.0,167.822168,True,6,46,False
3,4;13;29,48,80,8.421504,3.201326592,11.622830592,123.196632,20.0,143.196632,True,6,46,False
4,4;13;29;42,64,64,11.366784,3.268435456,14.635219456,98.535528,20.0,118.535528,True,6,46,False
5,4;13;29;42;46,80,48,14.381952,3.33554432,17.71749632,73.909992,20.0,93.909992,True,6,46,False
6,4;13;29;42;46;48,96,32,17.385888,3.402653184,20.788541184,49.285704,20.0,69.285704,True,6,46,False
7,4;13;29;42;46;48;81,112,16,20.327112,3.469762048,23.796874048,24.661104,20.0,44.661104,True,6,46,True
8,4;13;29;42;46;48;81;102,128,0,23.288616,3.536870912,26.825486912,0.0,20.0,46.825486912,True,6,46,False
0,,0,128,0.0,0.0,0.0,197.072304,20.0,217.072304,True,6,47,False
1,10,16,112,2.461056,3.067108864,5.528164864,172.447704,20.0,192.447704,True,6,47,False
2,10;58,32,96,5.406336,3.134217728,8.540553728,147.822168,20.0,167.822168,True,6,47,False
3,10;58;67,48,80,8.421504,3.201326592,11.622830592,123.196632,20.0,143.196632,True,6,47,False
4,10;58;67;71,64,64,11.366784,3.268435456,14.635219456,98.535528,20.0,118.535528,True,6,47,False
5,10;58;67;71;108,80,48,14.381952,3.33554432,17.71749632,73.909992,20.0,93.909992,True,6,47,False
6,10;58;67;71;108;110,96,32,17.385888,3.402653184,20.788541184,49.285704,20.0,69.285704,True,6,47,False
7,10;46;58;67;71;108;110,111,17,20.337096,3.465567744,23.802663744,26.217672,20.0,46.217672,True,6,47,True
8,10;46;51;58;67;71;108;110,125,3,23.247432,3.524288,26.77172,4.670016,20.0,46.77172,True,6,47,False
9,10;46;51;58;67;71;83;108;110,127,1,26.291616,3.532676608,29.824292608,1.591512,20.0,49.824292608,True,6,47,False
10,10;38;46;51;58;67;71;83;108;110,128,0,29.249064,3.536870912,32.785934912,0.0,20.0,52.785934912,True,6,47,False
0,,0,128,0.0,0.0,0.0,197.072304,20.0,217.072304,True,7,0,False
1,23,16,112,2.461056,3.067108864,5.528164864,172.447704,20.0,192.447704,True,7,0,False
2,23;66,32,96,5.406336,3.134217728,8.540553728,147.822168,20.0,167.822168,True,7,0,False
3,23;66;70,48,80,8.421504,3.201326592,11.622830592,123.196632,20.0,143.196632,True,7,0,False
4,23;66;70;77,64,64,11.366784,3.268435456,14.635219456,98.535528,20.0,118.535528,True,7,0,False
5,23;66;70;77;86,80,48,14.381952,3.33554432,17.71749632,73.909992,20.0,93.909992,True,7,0,False
6,23;66;70;77;86;87,96,32,17.385888,3.402653184,20.788541184,49.285704,20.0,69.285704,True,7,0,False
7,23;66;70;77;86;87;91,112,16,20.327112,3.469762048,23.796874048,24.661104,20.0,44.661104,True,7,0,True
8,23;66;70;77;86;87;91;112,128,0,23.288616,3.536870912,26.825486912,0.0,20.0,46.825486912,True,7,0,False
0,,0,128,0.0,0.0,0.0,197.072304,20.0,217.072304,True,7,1,False
1,13,16,112,2.461056,3.067108864,5.528164864,172.447704,20.0,192.447704,True,7,1,False
2,13;14,32,96,5.406336,3.134217728,8.540553728,147.822168,20.0,167.822168,True,7,1,False
3,13;14;29,48,80,8.421504,3.201326592,11.622830592,123.196632,20.0,143.196632,True,7,1,False
4,13;14;29;78,64,64,11.366784,3.268435456,14.635219456,98.535528,20.0,118.535528,True,7,1,False
5,13;14;29;78;86,80,48,14.381952,3.33554432,17.71749632,73.909992,20.0,93.909992,True,7,1,False
6,13;14;29;78;86;101,96,32,17.385888,3.402653184,20.788541184,49.285704,20.0,69.285704,True,7,1,False
7,13;14;29;78;86;101;104,112,16,20.327112,3.469762048,23.796874048,24.661104,20.0,44.661104,True,7,1,True
8,13;14;29;78;86;101;104;107,128,0,23.288616,3.536870912,26.825486912,0.0,20.0,46.825486912,True,7,1,False
0,,0,128,0.0,0.0,0.0,197.072304,20.0,217.072304,True,7,2,False
1,15,16,112,2.461056,3.067108864,5.528164864,172.447704,20.0,192.447704,True,7,2,False
2,15;23,32,96,5.406336,3.134217728,8.540553728,147.822168,20.0,167.822168,True,7,2,False
3,15;23;56,48,80,8.421504,3.201326592,11.622830592,123.196632,20.0,143.196632,True,7,2,False
4,15;23;56;64,64,64,11.366784,3.268435456,14.635219456,98.535528,20.0,118.535528,True,7,2,False
5,15;23;56;64;71,80,48,14.381952,3.33554432,17.71749632,73.909992,20.0,93.909992,True,7,2,False
6,15;23;56;64;71;72,96,32,17.385888,3.402653184,20.788541184,49.285704,20.0,69.285704,True,7,2,False
7,15;23;56;64;71;72;115,112,16,20.327112,3.469762048,23.796874048,24.661104,20.0,44.661104,True,7,2,True
8,15;23;56;64;71;72;115;119,128,0,23.288616,3.536870912,26.825486912,0.0,20.0,46.825486912,True,7,2,False
0,,0,128,0.0,0.0,0.0,197.072304,20.0,217.072304,True,7,3,False
1,46,16,112,2.461056,3.067108864,5.528164864,172.447704,20.0,192.447704,True,7,3,False
2,46;53,32,96,5.406336,3.134217728,8.540553728,147.822168,20.0,167.822168,True,7,3,False
3,46;53;56,48,80,8.421504,3.201326592,11.622830592,123.196632,20.0,143.196632,True,7,3,False
4,46;53;56;80,64,64,11.366784,3.268435456,14.635219456,98.535528,20.0,118.535528,True,7,3,False
5,46;53;56;80;90,80,48,14.381952,3.33554432,17.71749632,73.909992,20.0,93.909992,True,7,3,False
6,46;53;56;80;90;117,96,32,17.385888,3.402653184,20.788541184,49.285704,20.0,69.285704,True,7,3,False
7,46;53;56;80;90;117;119,112,16,20.327112,3.469762048,23.796874048,24.661104,20.0,44.661104,True,7,3,True
8,23;46;53;56;80;90;117;119,127,1,23.276448,3.532676608,26.809124608,1.591512,20.0,46.809124608,True,7,3,False
9,23;32;46;53;56;80;90;117;119,128,0,26.303784,3.536870912,29.840654912,0.0,20.0,49.840654912,True,7,3,False
0,,0,128,0.0,0.0,0.0,197.072304,20.0,217.072304,True,7,4,False
1,12,16,112,2.461056,3.067108864,5.528164864,172.447704,20.0,192.447704,True,7,4,False
2,12;19,32,96,5.406336,3.134217728,8.540553728,147.822168,20.0,167.822168,True,7,4,False
3,12;19;64,48,80,8.421504,3.201326592,11.622830592,123.196632,20.0,143.196632,True,7,4,False
4,12;19;64;65,64,64,11.366784,3.268435456,14.635219456,98.535528,20.0,118.535528,True,7,4,False
5,12;19;64;65;93,80,48,14.381952,3.33554432,17.71749632,73.909992,20.0,93.909992,True,7,4,False
6,12;19;64;65;93;108,96,32,17.385888,3.402653184,20.788541184,49.285704,20.0,69.285704,True,7,4,False
7,12;19;64;65;93;108;110,112,16,20.327112,3.469762048,23.796874048,24.661104,20.0,44.661104,True,7,4,True
8,12;19;64;65;93;108;110;127,128,0,23.288616,3.536870912,26.825486912,0.0,20.0,46.825486912,True,7,4,False
0,,0,128,0.0,0.0,0.0,197.072304,20.0,217.072304,True,7,5,False
1,4,16,112,2.461056,3.067108864,5.528164864,172.447704,20.0,192.447704,True,7,5,False
2,4;41,32,96,5.406336,3.134217728,8.540553728,147.822168,20.0,167.822168,True,7,5,False
3,4;41;45,48,80,8.421504,3.201326592,11.622830592,123.196632,20.0,143.196632,True,7,5,False
4,4;41;45;46,64,64,11.366784,3.268435456,14.635219456,98.535528,20.0,118.535528,True,7,5,False
5,4;41;45;46;53,80,48,14.381952,3.33554432,17.71749632,73.909992,20.0,93.909992,True,7,5,False
6,4;41;45;46;53;63,96,32,17.385888,3.402653184,20.788541184,49.285704,20.0,69.285704,True,7,5,False
7,4;41;45;46;53;63;65,112,16,20.327112,3.469762048,23.796874048,24.661104,20.0,44.661104,True,7,5,True
8,4;41;45;46;53;63;65;95,119,9,23.25336,3.499122176,26.752482176,13.904904,20.0,46.752482176,True,7,5,False
9,4;41;45;46;53;63;65;95;120,126,2,26.263848,3.528482304,29.792330304,3.112512,20.0,49.792330304,True,7,5,False
10,4;6;41;45;46;53;63;65;95;120,128,0,29.249064,3.536870912,32.785934912,0.0,20.0,52.785934912,True,7,5,False
0,,0,128,0.0,0.0,0.0,197.072304,20.0,217.072304,True,7,6,False
1,22,16,112,2.461056,3.067108864,5.528164864,172.447704,20.0,192.447704,True,7,6,False
2,22;33,32,96,5.406336,3.134217728,8.540553728,147.822168,20.0,167.822168,True,7,6,False
3,22;33;49,48,80,8.421504,3.201326592,11.622830592,123.196632,20.0,143.196632,True,7,6,False
4,22;33;49;58,64,64,11.366784,3.268435456,14.635219456,98.535528,20.0,118.535528,True,7,6,False
5,22;33;49;58;74,80,48,14.381952,3.33554432,17.71749632,73.909992,20.0,93.909992,True,7,6,False
6,22;33;49;58;74;82,96,32,17.385888,3.402653184,20.788541184,49.285704,20.0,69.285704,True,7,6,False
7,22;33;49;58;74;82;116,112,16,20.327112,3.469762048,23.796874048,24.661104,20.0,44.661104,True,7,6,True
8,22;33;49;58;74;82;116;121,126,2,23.24868,3.528482304,26.777162304,3.112512,20.0,46.777162304,True,7,6,False
9,22;33;49;58;74;82;101;116;121,128,0,26.303784,3.536870912,29.840654912,0.0,20.0,49.840654912,True,7,6,False
0,,0,128,0.0,0.0,0.0,197.072304,20.0,217.072304,True,7,7,False
1,15,16,112,2.461056,3.067108864,5.528164864,172.447704,20.0,192.447704,True,7,7,False
2,15;24,32,96,5.406336,3.134217728,8.540553728,147.822168,20.0,167.822168,True,7,7,False
3,15;24;29,48,80,8.421504,3.201326592,11.622830592,123.196632,20.0,143.196632,True,7,7,False
4,15;24;29;44,64,64,11.366784,3.268435456,14.635219456,98.535528,20.0,118.535528,True,7,7,False
5,15;24;29;44;52,80,48,14.381952,3.33554432,17.71749632,73.909992,20.0,93.909992,True,7,7,False
6,15;24;29;44;52;63,96,32,17.385888,3.402653184,20.788541184,49.285704,20.0,69.285704,True,7,7,False
7,15;24;29;44;52;63;114,112,16,20.327112,3.469762048,23.796874048,24.661104,20.0,44.661104,True,7,7,True
8,15;19;24;29;44;52;63;114,121,7,23.186592,3.507510784,26.694102784,10.827336,20.0,46.694102784,True,7,7,False
9,15;19;24;29;44;52;63;114;125,128,0,26.303784,3.536870912,29.840654912,0.0,20.0,49.840654912,True,7,7,False
0,,0,128,0.0,0.0,0.0,197.072304,20.0,217.072304,True,7,8,False
1,22,16,112,2.461056,3.067108864,5.528164864,172.447704,20.0,192.447704,True,7,8,False
2,22;45,32,96,5.406336,3.134217728,8.540553728,147.822168,20.0,167.822168,True,7,8,False
3,22;45;68,48,80,8.421504,3.201326592,11.622830592,123.196632,20.0,143.196632,True,7,8,False
4,22;45;68;85,64,64,11.366784,3.268435456,14.635219456,98.535528,20.0,118.535528,True,7,8,False
5,22;45;68;85;92,80,48,14.381952,3.33554432,17.71749632,73.909992,20.0,93.909992,True,7,8,False
6,22;45;68;85;92;97,96,32,17.385888,3.402653184,20.788541184,49.285704,20.0,69.285704,True,7,8,False
7,22;45;68;85;92;97;123,112,16,20.327112,3.469762048,23.796874048,24.661104,20.0,44.661104,True,7,8,True
8,22;45;68;85;92;97;123;124,128,0,23.288616,3.536870912,26.825486912,0.0,20.0,46.825486912,True,7,8,False
0,,0,128,0.0,0.0,0.0,197.072304,20.0,217.072304,True,7,9,False
1,6,16,112,2.461056,3.067108864,5.528164864,172.447704,20.0,192.447704,True,7,9,False
2,6;13,32,96,5.406336,3.134217728,8.540553728,147.822168,20.0,167.822168,True,7,9,False
3,6;13;23,48,80,8.421504,3.201326592,11.622830592,123.196632,20.0,143.196632,True,7,9,False
4,6;13;23;38,64,64,11.366784,3.268435456,14.635219456,98.535528,20.0,118.535528,True,7,9,False
5,6;13;23;38;67,80,48,14.381952,3.33554432,17.71749632,73.909992,20.0,93.909992,True,7,9,False
6,6;13;23;38;67;69,96,32,17.385888,3.402653184,20.788541184,49.285704,20.0,69.285704,True,7,9,False
7,6;13;23;38;67;69;92,112,16,20.327112,3.469762048,23.796874048,24.661104,20.0,44.661104,True,7,9,True
8,6;13;23;38;67;69;92;95,128,0,23.288616,3.536870912,26.825486912,0.0,20.0,46.825486912,True,7,9,False
0,,0,128,0.0,0.0,0.0,197.072304,20.0,217.072304,True,7,10,False
1,0,16,112,2.461056,3.067108864,5.528164864,172.447704,20.0,192.447704,True,7,10,False
2,0;1,32,96,5.406336,3.134217728,8.540553728,147.822168,20.0,167.822168,True,7,10,False
3,0;1;5,48,80,8.421504,3.201326592,11.622830592,123.196632,20.0,143.196632,True,7,10,False
4,0;1;5;19,64,64,11.366784,3.268435456,14.635219456,98.535528,20.0,118.535528,True,7,10,False
5,0;1;5;19;36,80,48,14.381952,3.33554432,17.71749632,73.909992,20.0,93.909992,True,7,10,False
6,0;1;5;19;36;42,96,32,17.385888,3.402653184,20.788541184,49.285704,20.0,69.285704,True,7,10,False
7,0;1;5;19;36;42;48,112,16,20.327112,3.469762048,23.796874048,24.661104,20.0,44.661104,True,7,10,True
8,0;1;5;19;36;42;48;92,128,0,23.288616,3.536870912,26.825486912,0.0,20.0,46.825486912,True,7,10,False
0,,0,128,0.0,0.0,0.0,197.072304,20.0,217.072304,True,7,11,False
1,14,16,112,2.461056,3.067108864,5.528164864,172.447704,20.0,192.447704,True,7,11,False
2,14;15,32,96,5.406336,3.134217728,8.540553728,147.822168,20.0,167.822168,True,7,11,False
3,14;15;17,48,80,8.421504,3.201326592,11.622830592,123.196632,20.0,143.196632,True,7,11,False
4,14;15;17;52,64,64,11.366784,3.268435456,14.635219456,98.535528,20.0,118.535528,True,7,11,False
5,14;15;17;52;62,80,48,14.381952,3.33554432,17.71749632,73.909992,20.0,93.909992,True,7,11,False
6,14;15;17;52;62;81,96,32,17.385888,3.402653184,20.788541184,49.285704,20.0,69.285704,True,7,11,False
7,14;15;17;52;62;81;110,112,16,20.327112,3.469762048,23.796874048,24.661104,20.0,44.661104,True,7,11,True
8,14;15;17;52;62;81;110;121,128,0,23.288616,3.536870912,26.825486912,0.0,20.0,46.825486912,True,7,11,False
0,,0,128,0.0,0.0,0.0,197.072304,20.0,217.072304,True,7,12,False
1,11,16,112,2.461056,3.067108864,5.528164864,172.447704,20.0,192.447704,True,7,12,False
2,11;18,32,96,5.406336,3.134217728,8.540553728,147.822168,20.0,167.822168,True,7,12,False
3,11;18;37,48,80,8.421504,3.201326592,11.622830592,123.196632,20.0,143.196632,True,7,12,False
4,11;18;37;41,64,64,11.366784,3.268435456,14.635219456,98.535528,20.0,118.535528,True,7,12,False
5,11;18;37;41;57,80,48,14.381952,3.33554432,17.71749632,73.909992,20.0,93.909992,True,7,12,False
6,11;18;37;41;57;106,96,32,17.385888,3.402653184,20.788541184,49.285704,20.0,69.285704,True,7,12,False
7,11;18;37;41;57;106;125,112,16,20.327112,3.469762048,23.796874048,24.661104,20.0,44.661104,True,7,12,True
8,11;18;27;37;41;57;106;125,121,7,23.186592,3.507510784,26.694102784,10.827336,20.0,46.694102784,True,7,12,False
9,11;18;27;37;41;57;85;106;125,128,0,26.303784,3.536870912,29.840654912,0.0,20.0,49.840654912,True,7,12,False
0,,0,128,0.0,0.0,0.0,197.072304,20.0,217.072304,True,7,13,False
1,20,16,112,2.461056,3.067108864,5.528164864,172.447704,20.0,192.447704,True,7,13,False
2,20;33,32,96,5.406336,3.134217728,8.540553728,147.822168,20.0,167.822168,True,7,13,False
3,20;33;37,48,80,8.421504,3.201326592,11.622830592,123.196632,20.0,143.196632,True,7,13,False
4,20;33;37;52,64,64,11.366784,3.268435456,14.635219456,98.535528,20.0,118.535528,True,7,13,False
5,20;33;37;52;92,80,48,14.381952,3.33554432,17.71749632,73.909992,20.0,93.909992,True,7,13,False
6,20;33;37;52;92;93,96,32,17.385888,3.402653184,20.788541184,49.285704,20.0,69.285704,True,7,13,False
7,20;33;37;52;92;93;104,112,16,20.327112,3.469762048,23.796874048,24.661104,20.0,44.661104,True,7,13,True
8,20;33;37;52;92;93;104;110,128,0,23.288616,3.536870912,26.825486912,0.0,20.0,46.825486912,True,7,13,False
0,,0,128,0.0,0.0,0.0,197.072304,20.0,217.072304,True,7,14,False
1,2,16,112,2.461056,3.067108864,5.528164864,172.447704,20.0,192.447704,True,7,14,False
2,2;5,32,96,5.406336,3.134217728,8.540553728,147.822168,20.0,167.822168,True,7,14,False
3,2;5;9,48,80,8.421504,3.201326592,11.622830592,123.196632,20.0,143.196632,True,7,14,False
4,2;5;9;24,64,64,11.366784,3.268435456,14.635219456,98.535528,20.0,118.535528,True,7,14,False
5,2;5;9;24;29,80,48,14.381952,3.33554432,17.71749632,73.909992,20.0,93.909992,True,7,14,False
6,2;5;9;24;29;61,96,32,17.385888,3.402653184,20.788541184,49.285704,20.0,69.285704,True,7,14,False
7,2;5;9;24;29;61;92,112,16,20.327112,3.469762048,23.796874048,24.661104,20.0,44.661104,True,7,14,True
8,2;5;9;24;29;61;92;109,128,0,23.288616,3.536870912,26.825486912,0.0,20.0,46.825486912,True,7,14,False
0,,0,128,0.0,0.0,0.0,197.072304,20.0,217.072304,True,7,15,False
1,0,16,112,2.461056,3.067108864,5.528164864,172.447704,20.0,192.447704,True,7,15,False
2,0;2,32,96,5.406336,3.134217728,8.540553728,147.822168,20.0,167.822168,True,7,15,False
3,0;2;51,48,80,8.421504,3.201326592,11.622830592,123.196632,20.0,143.196632,True,7,15,False
4,0;2;51;58,64,64,11.366784,3.268435456,14.635219456,98.535528,20.0,118.535528,True,7,15,False
5,0;2;51;58;79,80,48,14.381952,3.33554432,17.71749632,73.909992,20.0,93.909992,True,7,15,False
6,0;2;51;58;79;84,96,32,17.385888,3.402653184,20.788541184,49.285704,20.0,69.285704,True,7,15,False
7,0;2;51;58;79;84;122,112,16,20.327112,3.469762048,23.796874048,24.661104,20.0,44.661104,True,7,15,True
8,0;2;51;58;79;84;122;127,128,0,23.288616,3.536870912,26.825486912,0.0,20.0,46.825486912,True,7,15,False
0,,0,128,0.0,0.0,0.0,197.072304,20.0,217.072304,True,7,16,False
1,23,16,112,2.461056,3.067108864,5.528164864,172.447704,20.0,192.447704,True,7,16,False
2,23;42,32,96,5.406336,3.134217728,8.540553728,147.822168,20.0,167.822168,True,7,16,False
3,23;42;48,48,80,8.421504,3.201326592,11.622830592,123.196632,20.0,143.196632,True,7,16,False
4,23;42;48;91,64,64,11.366784,3.268435456,14.635219456,98.535528,20.0,118.535528,True,7,16,False
5,23;42;48;91;93,80,48,14.381952,3.33554432,17.71749632,73.909992,20.0,93.909992,True,7,16,False
6,23;42;48;91;93;97,96,32,17.385888,3.402653184,20.788541184,49.285704,20.0,69.285704,True,7,16,False
7,23;42;48;91;93;97;98,112,16,20.327112,3.469762048,23.796874048,24.661104,20.0,44.661104,True,7,16,True
8,23;42;48;91;93;97;98;122,128,0,23.288616,3.536870912,26.825486912,0.0,20.0,46.825486912,True,7,16,False
0,,0,128,0.0,0.0,0.0,197.072304,20.0,217.072304,True,7,17,False
1,70,16,112,2.461056,3.067108864,5.528164864,172.447704,20.0,192.447704,True,7,17,False
2,70;73,32,96,5.406336,3.134217728,8.540553728,147.822168,20.0,167.822168,True,7,17,False
3,70;73;80,48,80,8.421504,3.201326592,11.622830592,123.196632,20.0,143.196632,True,7,17,False
4,70;73;80;90,64,64,11.366784,3.268435456,14.635219456,98.535528,20.0,118.535528,True,7,17,False
5,70;73;80;90;116,80,48,14.381952,3.33554432,17.71749632,73.909992,20.0,93.909992,True,7,17,False
6,70;73;80;90;116;122,96,32,17.385888,3.402653184,20.788541184,49.285704,20.0,69.285704,True,7,17,False
7,70;73;80;90;116;122;123,112,16,20.327112,3.469762048,23.796874048,24.661104,20.0,44.661104,True,7,17,True
8,70;73;80;90;116;122;123;124,128,0,23.288616,3.536870912,26.825486912,0.0,20.0,46.825486912,True,7,17,False
0,,0,128,0.0,0.0,0.0,197.072304,20.0,217.072304,True,7,18,False
1,25,16,112,2.461056,3.067108864,5.528164864,172.447704,20.0,192.447704,True,7,18,False
2,25;58,32,96,5.406336,3.134217728,8.540553728,147.822168,20.0,167.822168,True,7,18,False
3,25;58;74,48,80,8.421504,3.201326592,11.622830592,123.196632,20.0,143.196632,True,7,18,False
4,25;58;74;82,64,64,11.366784,3.268435456,14.635219456,98.535528,20.0,118.535528,True,7,18,False
5,25;58;74;82;91,80,48,14.381952,3.33554432,17.71749632,73.909992,20.0,93.909992,True,7,18,False
6,25;58;74;82;91;107,96,32,17.385888,3.402653184,20.788541184,49.285704,20.0,69.285704,True,7,18,False
7,25;58;74;82;91;107;112,112,16,20.327112,3.469762048,23.796874048,24.661104,20.0,44.661104,True,7,18,True
8,25;58;74;82;91;107;112;126,128,0,23.288616,3.536870912,26.825486912,0.0,20.0,46.825486912,True,7,18,False
0,,0,128,0.0,0.0,0.0,197.072304,20.0,217.072304,True,7,19,False
1,15,16,112,2.461056,3.067108864,5.528164864,172.447704,20.0,192.447704,True,7,19,False
2,15;28,32,96,5.406336,3.134217728,8.540553728,147.822168,20.0,167.822168,True,7,19,False
3,15;28;29,48,80,8.421504,3.201326592,11.622830592,123.196632,20.0,143.196632,True,7,19,False
4,15;28;29;52,64,64,11.366784,3.268435456,14.635219456,98.535528,20.0,118.535528,True,7,19,False
5,15;28;29;52;56,80,48,14.381952,3.33554432,17.71749632,73.909992,20.0,93.909992,True,7,19,False
6,15;28;29;52;56;92,96,32,17.385888,3.402653184,20.788541184,49.285704,20.0,69.285704,True,7,19,False
7,15;28;29;52;56;92;102,112,16,20.327112,3.469762048,23.796874048,24.661104,20.0,44.661104,True,7,19,True
8,15;28;29;52;56;92;102;114,128,0,23.288616,3.536870912,26.825486912,0.0,20.0,46.825486912,True,7,19,False
0,,0,128,0.0,0.0,0.0,197.072304,20.0,217.072304,True,7,20,False
1,45,16,112,2.461056,3.067108864,5.528164864,172.447704,20.0,192.447704,True,7,20,False
2,45;51,32,96,5.406336,3.134217728,8.540553728,147.822168,20.0,167.822168,True,7,20,False
3,45;51;68,48,80,8.421504,3.201326592,11.622830592,123.196632,20.0,143.196632,True,7,20,False
4,45;51;68;76,64,64,11.366784,3.268435456,14.635219456,98.535528,20.0,118.535528,True,7,20,False
5,45;51;68;76;85,80,48,14.381952,3.33554432,17.71749632,73.909992,20.0,93.909992,True,7,20,False
6,45;51;68;76;85;92,96,32,17.385888,3.402653184,20.788541184,49.285704,20.0,69.285704,True,7,20,False
7,45;51;68;76;85;92;114,112,16,20.327112,3.469762048,23.796874048,24.661104,20.0,44.661104,True,7,20,True
8,45;51;68;76;85;92;114;123,128,0,23.288616,3.536870912,26.825486912,0.0,20.0,46.825486912,True,7,20,False
0,,0,128,0.0,0.0,0.0,197.072304,20.0,217.072304,True,7,21,False
1,2,16,112,2.461056,3.067108864,5.528164864,172.447704,20.0,192.447704,True,7,21,False
2,2;32,32,96,5.406336,3.134217728,8.540553728,147.822168,20.0,167.822168,True,7,21,False
3,2;32;38,48,80,8.421504,3.201326592,11.622830592,123.196632,20.0,143.196632,True,7,21,False
4,2;32;38;44,64,64,11.366784,3.268435456,14.635219456,98.535528,20.0,118.535528,True,7,21,False
5,2;32;38;44;51,80,48,14.381952,3.33554432,17.71749632,73.909992,20.0,93.909992,True,7,21,False
6,2;32;38;44;51;56,96,32,17.385888,3.402653184,20.788541184,49.285704,20.0,69.285704,True,7,21,False
7,2;32;38;44;51;56;63,112,16,20.327112,3.469762048,23.796874048,24.661104,20.0,44.661104,True,7,21,True
8,2;32;38;44;51;56;63;67,128,0,23.288616,3.536870912,26.825486912,0.0,20.0,46.825486912,True,7,21,False
0,,0,128,0.0,0.0,0.0,197.072304,20.0,217.072304,True,7,22,False
1,1,16,112,2.461056,3.067108864,5.528164864,172.447704,20.0,192.447704,True,7,22,False
2,1;36,32,96,5.406336,3.134217728,8.540553728,147.822168,20.0,167.822168,True,7,22,False
3,1;36;42,48,80,8.421504,3.201326592,11.622830592,123.196632,20.0,143.196632,True,7,22,False
4,1;36;42;48,64,64,11.366784,3.268435456,14.635219456,98.535528,20.0,118.535528,True,7,22,False
5,1;36;42;48;71,80,48,14.381952,3.33554432,17.71749632,73.909992,20.0,93.909992,True,7,22,False
6,1;36;42;48;71;75,96,32,17.385888,3.402653184,20.788541184,49.285704,20.0,69.285704,True,7,22,False
7,1;36;42;48;71;75;77,112,16,20.327112,3.469762048,23.796874048,24.661104,20.0,44.661104,True,7,22,True
8,1;36;42;48;70;71;75;77,126,2,23.24868,3.528482304,26.777162304,3.112512,20.0,46.777162304,True,7,22,False
9,0;1;36;42;48;70;71;75;77,128,0,26.303784,3.536870912,29.840654912,0.0,20.0,49.840654912,True,7,22,False
0,,0,128,0.0,0.0,0.0,197.072304,20.0,217.072304,True,7,23,False
1,6,16,112,2.461056,3.067108864,5.528164864,172.447704,20.0,192.447704,True,7,23,False
2,6;14,32,96,5.406336,3.134217728,8.540553728,147.822168,20.0,167.822168,True,7,23,False
3,6;14;15,48,80,8.421504,3.201326592,11.622830592,123.196632,20.0,143.196632,True,7,23,False
4,6;14;15;17,64,64,11.366784,3.268435456,14.635219456,98.535528,20.0,118.535528,True,7,23,False
5,6;14;15;17;31,80,48,14.381952,3.33554432,17.71749632,73.909992,20.0,93.909992,True,7,23,False
6,6;14;15;17;31;48,96,32,17.385888,3.402653184,20.788541184,49.285704,20.0,69.285704,True,7,23,False
7,6;14;15;17;31;48;110,112,16,20.327112,3.469762048,23.796874048,24.661104,20.0,44.661104,True,7,23,True
8,6;14;15;17;31;48;110;121,128,0,23.288616,3.536870912,26.825486912,0.0,20.0,46.825486912,True,7,23,False
0,,0,128,0.0,0.0,0.0,197.072304,20.0,217.072304,True,7,24,False
1,11,16,112,2.461056,3.067108864,5.528164864,172.447704,20.0,192.447704,True,7,24,False
2,11;18,32,96,5.406336,3.134217728,8.540553728,147.822168,20.0,167.822168,True,7,24,False
3,11;18;28,48,80,8.421504,3.201326592,11.622830592,123.196632,20.0,143.196632,True,7,24,False
4,11;18;28;37,64,64,11.366784,3.268435456,14.635219456,98.535528,20.0,118.535528,True,7,24,False
5,11;18;28;37;62,80,48,14.381952,3.33554432,17.71749632,73.909992,20.0,93.909992,True,7,24,False
6,11;18;28;37;62;101,96,32,17.385888,3.402653184,20.788541184,49.285704,20.0,69.285704,True,7,24,False
7,11;18;28;37;62;101;106,112,16,20.327112,3.469762048,23.796874048,24.661104,20.0,44.661104,True,7,24,True
8,11;18;28;37;62;101;106;125,128,0,23.288616,3.536870912,26.825486912,0.0,20.0,46.825486912,True,7,24,False
0,,0,128,0.0,0.0,0.0,197.072304,20.0,217.072304,True,7,25,False
1,37,16,112,2.461056,3.067108864,5.528164864,172.447704,20.0,192.447704,True,7,25,False
2,37;72,32,96,5.406336,3.134217728,8.540553728,147.822168,20.0,167.822168,True,7,25,False
3,37;72;84,48,80,8.421504,3.201326592,11.622830592,123.196632,20.0,143.196632,True,7,25,False
4,37;72;84;91,64,64,11.366784,3.268435456,14.635219456,98.535528,20.0,118.535528,True,7,25,False
5,37;72;84;91;110,80,48,14.381952,3.33554432,17.71749632,73.909992,20.0,93.909992,True,7,25,False
6,37;72;84;91;110;122,96,32,17.385888,3.402653184,20.788541184,49.285704,20.0,69.285704,True,7,25,False
7,37;72;84;91;110;122;124,108,20,20.312136,3.452984832,23.765120832,30.816864,20.0,50.816864,True,7,25,False
8,13;37;72;84;91;110;122;124,119,9,23.25336,3.499122176,26.752482176,13.904904,20.0,46.752482176,True,7,25,True
9,13;34;37;72;84;91;110;122;124,128,0,26.303784,3.536870912,29.840654912,0.0,20.0,49.840654912,True,7,25,False
0,,0,128,0.0,0.0,0.0,197.072304,20.0,217.072304,True,7,26,False
1,5,16,112,2.461056,3.067108864,5.528164864,172.447704,20.0,192.447704,True,7,26,False
2,5;9,32,96,5.406336,3.134217728,8.540553728,147.822168,20.0,167.822168,True,7,26,False
3,5;9;24,48,80,8.421504,3.201326592,11.622830592,123.196632,20.0,143.196632,True,7,26,False
4,5;9;24;29,64,64,11.366784,3.268435456,14.635219456,98.535528,20.0,118.535528,True,7,26,False
5,5;9;24;29;72,80,48,14.381952,3.33554432,17.71749632,73.909992,20.0,93.909992,True,7,26,False
6,5;9;24;29;72;87,96,32,17.385888,3.402653184,20.788541184,49.285704,20.0,69.285704,True,7,26,False
7,5;9;24;29;72;87;97,112,16,20.327112,3.469762048,23.796874048,24.661104,20.0,44.661104,True,7,26,True
8,5;9;24;29;72;87;97;109,128,0,23.288616,3.536870912,26.825486912,0.0,20.0,46.825486912,True,7,26,False
0,,0,128,0.0,0.0,0.0,197.072304,20.0,217.072304,True,7,27,False
1,2,16,112,2.461056,3.067108864,5.528164864,172.447704,20.0,192.447704,True,7,27,False
2,2;26,32,96,5.406336,3.134217728,8.540553728,147.822168,20.0,167.822168,True,7,27,False
3,2;26;51,48,80,8.421504,3.201326592,11.622830592,123.196632,20.0,143.196632,True,7,27,False
4,2;26;51;84,64,64,11.366784,3.268435456,14.635219456,98.535528,20.0,118.535528,True,7,27,False
5,2;26;51;84;99,80,48,14.381952,3.33554432,17.71749632,73.909992,20.0,93.909992,True,7,27,False
6,2;26;51;84;99;102,96,32,17.385888,3.402653184,20.788541184,49.285704,20.0,69.285704,True,7,27,False
7,2;26;51;84;99;102;118,112,16,20.327112,3.469762048,23.796874048,24.661104,20.0,44.661104,True,7,27,True
8,2;14;26;51;84;99;102;118,119,9,23.25336,3.499122176,26.752482176,13.904904,20.0,46.752482176,True,7,27,False
9,2;14;26;49;51;84;99;102;118,124,4,26.236704,3.520093696,29.756797696,6.190392,20.0,49.756797696,True,7,27,False
10,2;14;24;26;49;51;84;99;102;118,127,1,29.236896,3.532676608,32.769572608,1.591512,20.0,52.769572608,True,7,27,False
11,2;14;24;26;33;49;51;84;99;102;118,128,0,32.264232,3.536870912,35.801102912,0.0,20.0,55.801102912,True,7,27,False
0,,0,128,0.0,0.0,0.0,197.072304,20.0,217.072304,True,7,28,False
1,23,16,112,2.461056,3.067108864,5.528164864,172.447704,20.0,192.447704,True,7,28,False
2,23;42,32,96,5.406336,3.134217728,8.540553728,147.822168,20.0,167.822168,True,7,28,False
3,23;42;63,48,80,8.421504,3.201326592,11.622830592,123.196632,20.0,143.196632,True,7,28,False
4,23;42;63;70,64,64,11.366784,3.268435456,14.635219456,98.535528,20.0,118.535528,True,7,28,False
5,23;42;63;70;91,80,48,14.381952,3.33554432,17.71749632,73.909992,20.0,93.909992,True,7,28,False
6,23;42;63;70;91;97,96,32,17.385888,3.402653184,20.788541184,49.285704,20.0,69.285704,True,7,28,False
7,23;42;63;70;91;97;122,112,16,20.327112,3.469762048,23.796874048,24.661104,20.0,44.661104,True,7,28,True
8,23;42;48;63;70;91;97;122,125,3,23.247432,3.524288,26.77172,4.670016,20.0,46.77172,True,7,28,False
9,23;42;48;63;70;91;97;98;122,128,0,26.303784,3.536870912,29.840654912,0.0,20.0,49.840654912,True,7,28,False
0,,0,128,0.0,0.0,0.0,197.072304,20.0,217.072304,True,7,29,False
1,13,16,112,2.461056,3.067108864,5.528164864,172.447704,20.0,192.447704,True,7,29,False
2,13;14,32,96,5.406336,3.134217728,8.540553728,147.822168,20.0,167.822168,True,7,29,False
3,13;14;34,48,80,8.421504,3.201326592,11.622830592,123.196632,20.0,143.196632,True,7,29,False
4,13;14;34;37,64,64,11.366784,3.268435456,14.635219456,98.535528,20.0,118.535528,True,7,29,False
5,13;14;34;37;51,80,48,14.381952,3.33554432,17.71749632,73.909992,20.0,93.909992,True,7,29,False
6,13;14;34;37;51;70,96,32,17.385888,3.402653184,20.788541184,49.285704,20.0,69.285704,True,7,29,False
7,13;14;34;37;51;70;120,112,16,20.327112,3.469762048,23.796874048,24.661104,20.0,44.661104,True,7,29,True
8,13;14;34;37;51;70;120;124,128,0,23.288616,3.536870912,26.825486912,0.0,20.0,46.825486912,True,7,29,False
0,,0,128,0.0,0.0,0.0,197.072304,20.0,217.072304,True,7,30,False
1,6,16,112,2.461056,3.067108864,5.528164864,172.447704,20.0,192.447704,True,7,30,False
2,6;25,32,96,5.406336,3.134217728,8.540553728,147.822168,20.0,167.822168,True,7,30,False
3,6;25;39,48,80,8.421504,3.201326592,11.622830592,123.196632,20.0,143.196632,True,7,30,False
4,6;25;39;48,64,64,11.366784,3.268435456,14.635219456,98.535528,20.0,118.535528,True,7,30,False
5,6;25;39;48;58,80,48,14.381952,3.33554432,17.71749632,73.909992,20.0,93.909992,True,7,30,False
6,6;25;39;48;58;79,96,32,17.385888,3.402653184,20.788541184,49.285704,20.0,69.285704,True,7,30,False
7,6;25;39;48;58;79;82,112,16,20.327112,3.469762048,23.796874048,24.661104,20.0,44.661104,True,7,30,True
8,6;25;39;48;58;79;82;93,118,10,23.20656,3.494927872,26.701487872,15.426216,20.0,46.701487872,True,7,30,False
9,6;25;33;39;48;58;79;82;93,123,5,26.20488,3.515899392,29.720779392,7.747896,20.0,49.720779392,True,7,30,False
10,6;25;33;39;48;58;79;82;93;94,127,1,29.236896,3.532676608,32.769572608,1.591512,20.0,52.769572608,True,7,30,False
11,6;25;33;39;48;58;79;82;93;94;126,128,0,32.264232,3.536870912,35.801102912,0.0,20.0,55.801102912,True,7,30,False
0,,0,128,0.0,0.0,0.0,197.072304,20.0,217.072304,True,7,31,False
1,24,16,112,2.461056,3.067108864,5.528164864,172.447704,20.0,192.447704,True,7,31,False
2,24;28,32,96,5.406336,3.134217728,8.540553728,147.822168,20.0,167.822168,True,7,31,False
3,24;28;29,48,80,8.421504,3.201326592,11.622830592,123.196632,20.0,143.196632,True,7,31,False
4,24;28;29;38,64,64,11.366784,3.268435456,14.635219456,98.535528,20.0,118.535528,True,7,31,False
5,24;28;29;38;39,80,48,14.381952,3.33554432,17.71749632,73.909992,20.0,93.909992,True,7,31,False
6,24;28;29;38;39;59,96,32,17.385888,3.402653184,20.788541184,49.285704,20.0,69.285704,True,7,31,False
7,24;28;29;38;39;59;87,112,16,20.327112,3.469762048,23.796874048,24.661104,20.0,44.661104,True,7,31,True
8,24;28;29;38;39;59;87;115,128,0,23.288616,3.536870912,26.825486912,0.0,20.0,46.825486912,True,7,31,False
0,,0,128,0.0,0.0,0.0,197.072304,20.0,217.072304,True,7,32,False
1,5,16,112,2.461056,3.067108864,5.528164864,172.447704,20.0,192.447704,True,7,32,False
2,5;18,32,96,5.406336,3.134217728,8.540553728,147.822168,20.0,167.822168,True,7,32,False
3,5;18;24,48,80,8.421504,3.201326592,11.622830592,123.196632,20.0,143.196632,True,7,32,False
4,5;18;24;48,64,64,11.366784,3.268435456,14.635219456,98.535528,20.0,118.535528,True,7,32,False
5,5;18;24;48;51,80,48,14.381952,3.33554432,17.71749632,73.909992,20.0,93.909992,True,7,32,False
6,5;18;24;48;51;85,96,32,17.385888,3.402653184,20.788541184,49.285704,20.0,69.285704,True,7,32,False
7,5;18;24;48;51;85;124,112,16,20.327112,3.469762048,23.796874048,24.661104,20.0,44.661104,True,7,32,True
8,5;18;24;48;51;85;118;124,127,1,23.276448,3.532676608,26.809124608,1.591512,20.0,46.809124608,True,7,32,False
9,5;18;24;48;51;72;85;118;124,128,0,26.303784,3.536870912,29.840654912,0.0,20.0,49.840654912,True,7,32,False
0,,0,128,0.0,0.0,0.0,197.072304,20.0,217.072304,True,7,33,False
1,44,16,112,2.461056,3.067108864,5.528164864,172.447704,20.0,192.447704,True,7,33,False
2,44;53,32,96,5.406336,3.134217728,8.540553728,147.822168,20.0,167.822168,True,7,33,False
3,44;53;56,48,80,8.421504,3.201326592,11.622830592,123.196632,20.0,143.196632,True,7,33,False
4,44;53;56;63,64,64,11.366784,3.268435456,14.635219456,98.535528,20.0,118.535528,True,7,33,False
5,44;53;56;63;67,80,48,14.381952,3.33554432,17.71749632,73.909992,20.0,93.909992,True,7,33,False
6,44;53;56;63;67;115,96,32,17.385888,3.402653184,20.788541184,49.285704,20.0,69.285704,True,7,33,False
7,13;44;53;56;63;67;115,110,18,20.296224,3.46137344,23.75759744,27.738672,20.0,47.738672,True,7,33,False
8,6;13;44;53;56;63;67;115,120,8,23.225904,3.50331648,26.72922048,12.347712,20.0,46.72922048,True,7,33,True
9,6;13;38;44;53;56;63;67;115,127,1,26.291616,3.532676608,29.824292608,1.591512,20.0,49.824292608,True,7,33,False
10,6;13;38;39;44;53;56;63;67;115,128,0,29.249064,3.536870912,32.785934912,0.0,20.0,52.785934912,True,7,33,False
0,,0,128,0.0,0.0,0.0,197.072304,20.0,217.072304,True,7,34,False
1,1,16,112,2.461056,3.067108864,5.528164864,172.447704,20.0,192.447704,True,7,34,False
2,1;5,32,96,5.406336,3.134217728,8.540553728,147.822168,20.0,167.822168,True,7,34,False
3,1;5;36,48,80,8.421504,3.201326592,11.622830592,123.196632,20.0,143.196632,True,7,34,False
4,1;5;36;42,64,64,11.366784,3.268435456,14.635219456,98.535528,20.0,118.535528,True,7,34,False
5,1;5;36;42;70,80,48,14.381952,3.33554432,17.71749632,73.909992,20.0,93.909992,True,7,34,False
6,1;5;36;42;70;75,96,32,17.385888,3.402653184,20.788541184,49.285704,20.0,69.285704,True,7,34,False
7,1;5;36;42;70;75;77,112,16,20.327112,3.469762048,23.796874048,24.661104,20.0,44.661104,True,7,34,True
8,1;5;36;42;70;75;77;92,128,0,23.288616,3.536870912,26.825486912,0.0,20.0,46.825486912,True,7,34,False
0,,0,128,0.0,0.0,0.0,197.072304,20.0,217.072304,True,7,35,False
1,6,16,112,2.461056,3.067108864,5.528164864,172.447704,20.0,192.447704,True,7,35,False
2,6;15,32,96,5.406336,3.134217728,8.540553728,147.822168,20.0,167.822168,True,7,35,False
3,6;15;17,48,80,8.421504,3.201326592,11.622830592,123.196632,20.0,143.196632,True,7,35,False
4,6;15;17;28,64,64,11.366784,3.268435456,14.635219456,98.535528,20.0,118.535528,True,7,35,False
5,6;15;17;28;31,80,48,14.381952,3.33554432,17.71749632,73.909992,20.0,93.909992,True,7,35,False
6,6;15;17;28;31;48,96,32,17.385888,3.402653184,20.788541184,49.285704,20.0,69.285704,True,7,35,False
7,6;15;17;28;31;48;110,112,16,20.327112,3.469762048,23.796874048,24.661104,20.0,44.661104,True,7,35,True
8,6;15;17;28;31;48;62;110,126,2,23.24868,3.528482304,26.777162304,3.112512,20.0,46.777162304,True,7,35,False
9,6;15;17;28;31;48;62;77;110,128,0,26.303784,3.536870912,29.840654912,0.0,20.0,49.840654912,True,7,35,False
0,,0,128,0.0,0.0,0.0,197.072304,20.0,217.072304,True,7,36,False
1,11,16,112,2.461056,3.067108864,5.528164864,172.447704,20.0,192.447704,True,7,36,False
2,11;18,32,96,5.406336,3.134217728,8.540553728,147.822168,20.0,167.822168,True,7,36,False
3,11;18;37,48,80,8.421504,3.201326592,11.622830592,123.196632,20.0,143.196632,True,7,36,False
4,11;18;37;57,64,64,11.366784,3.268435456,14.635219456,98.535528,20.0,118.535528,True,7,36,False
5,11;18;37;57;62,80,48,14.381952,3.33554432,17.71749632,73.909992,20.0,93.909992,True,7,36,False
6,11;18;37;57;62;101,96,32,17.385888,3.402653184,20.788541184,49.285704,20.0,69.285704,True,7,36,False
7,11;18;37;57;62;101;106,112,16,20.327112,3.469762048,23.796874048,24.661104,20.0,44.661104,True,7,36,True
8,11;18;37;57;62;101;106;125,128,0,23.288616,3.536870912,26.825486912,0.0,20.0,46.825486912,True,7,36,False
0,,0,128,0.0,0.0,0.0,197.072304,20.0,217.072304,True,7,37,False
1,13,16,112,2.461056,3.067108864,5.528164864,172.447704,20.0,192.447704,True,7,37,False
2,13;27,32,96,5.406336,3.134217728,8.540553728,147.822168,20.0,167.822168,True,7,37,False
3,13;27;36,48,80,8.421504,3.201326592,11.622830592,123.196632,20.0,143.196632,True,7,37,False
4,13;27;36;37,64,64,11.366784,3.268435456,14.635219456,98.535528,20.0,118.535528,True,7,37,False
5,13;27;36;37;72,80,48,14.381952,3.33554432,17.71749632,73.909992,20.0,93.909992,True,7,37,False
6,13;27;36;37;72;82,96,32,17.385888,3.402653184,20.788541184,49.285704,20.0,69.285704,True,7,37,False
7,13;27;36;37;72;82;91,112,16,20.327112,3.469762048,23.796874048,24.661104,20.0,44.661104,True,7,37,True
8,13;27;36;37;72;82;91;110,128,0,23.288616,3.536870912,26.825486912,0.0,20.0,46.825486912,True,7,37,False
0,,0,128,0.0,0.0,0.0,197.072304,20.0,217.072304,True,7,38,False
1,2,16,112,2.461056,3.067108864,5.528164864,172.447704,20.0,192.447704,True,7,38,False
2,2;9,32,96,5.406336,3.134217728,8.540553728,147.822168,20.0,167.822168,True,7,38,False
3,2;9;24,48,80,8.421504,3.201326592,11.622830592,123.196632,20.0,143.196632,True,7,38,False
4,2;9;24;29,64,64,11.366784,3.268435456,14.635219456,98.535528,20.0,118.535528,True,7,38,False
5,2;9;24;29;62,80,48,14.381952,3.33554432,17.71749632,73.909992,20.0,93.909992,True,7,38,False
6,2;9;24;29;62;109,96,32,17.385888,3.402653184,20.788541184,49.285704,20.0,69.285704,True,7,38,False
7,2;9;24;29;62;109;110,112,16,20.327112,3.469762048,23.796874048,24.661104,20.0,44.661104,True,7,38,True
8,2;9;24;29;62;97;109;110,122,6,23.228712,3.511705088,26.740417088,9.268896,20.0,46.740417088,True,7,38,False
9,2;9;24;29;62;72;97;109;110,128,0,26.303784,3.536870912,29.840654912,0.0,20.0,49.840654912,True,7,38,False
0,,0,128,0.0,0.0,0.0,197.072304,20.0,217.072304,True,7,39,False
1,5,16,112,2.461056,3.067108864,5.528164864,172.447704,20.0,192.447704,True,7,39,False
2,5;14,32,96,5.406336,3.134217728,8.540553728,147.822168,20.0,167.822168,True,7,39,False
3,5;14;16,48,80,8.421504,3.201326592,11.622830592,123.196632,20.0,143.196632,True,7,39,False
4,5;14;16;48,64,64,11.366784,3.268435456,14.635219456,98.535528,20.0,118.535528,True,7,39,False
5,5;14;16;48;51,80,48,14.381952,3.33554432,17.71749632,73.909992,20.0,93.909992,True,7,39,False
6,5;14;16;48;51;84,96,32,17.385888,3.402653184,20.788541184,49.285704,20.0,69.285704,True,7,39,False
7,5;14;16;48;51;84;118,110,18,20.296224,3.46137344,23.75759744,27.738672,20.0,47.738672,True,7,39,False
8,5;14;16;48;51;58;84;118,120,8,23.225904,3.50331648,26.72922048,12.347712,20.0,46.72922048,True,7,39,True
9,5;14;16;48;49;51;58;84;118,128,0,26.303784,3.536870912,29.840654912,0.0,20.0,49.840654912,True,7,39,False
0,,0,128,0.0,0.0,0.0,197.072304,20.0,217.072304,True,7,40,False
1,19,16,112,2.461056,3.067108864,5.528164864,172.447704,20.0,192.447704,True,7,40,False
2,19;48,32,96,5.406336,3.134217728,8.540553728,147.822168,20.0,167.822168,True,7,40,False
3,19;48;69,48,80,8.421504,3.201326592,11.622830592,123.196632,20.0,143.196632,True,7,40,False
4,19;48;69;91,64,64,11.366784,3.268435456,14.635219456,98.535528,20.0,118.535528,True,7,40,False
5,19;48;69;91;105,80,48,14.381952,3.33554432,17.71749632,73.909992,20.0,93.909992,True,7,40,False
6,19;48;69;91;105;122,96,32,17.385888,3.402653184,20.788541184,49.285704,20.0,69.285704,True,7,40,False
7,19;48;69;91;105;122;123,111,17,20.337096,3.465567744,23.802663744,26.217672,20.0,46.217672,True,7,40,True
8,4;19;48;69;91;105;122;123,121,7,23.186592,3.507510784,26.694102784,10.827336,20.0,46.694102784,True,7,40,False
9,4;19;48;50;69;91;105;122;123,126,2,26.263848,3.528482304,29.792330304,3.112512,20.0,49.792330304,True,7,40,False
10,4;19;23;48;50;69;91;105;122;123,127,1,29.236896,3.532676608,32.769572608,1.591512,20.0,52.769572608,True,7,40,False
11,4;19;23;48;50;69;70;91;105;122;123,128,0,32.264232,3.536870912,35.801102912,0.0,20.0,55.801102912,True,7,40,False
0,,0,128,0.0,0.0,0.0,197.072304,20.0,217.072304,True,7,41,False
1,49,16,112,2.461056,3.067108864,5.528164864,172.447704,20.0,192.447704,True,7,41,False
2,49;51,32,96,5.406336,3.134217728,8.540553728,147.822168,20.0,167.822168,True,7,41,False
3,49;51;58,48,80,8.421504,3.201326592,11.622830592,123.196632,20.0,143.196632,True,7,41,False
4,49;51;58;80,64,64,11.366784,3.268435456,14.635219456,98.535528,20.0,118.535528,True,7,41,False
5,49;51;58;80;81,80,48,14.381952,3.33554432,17.71749632,73.909992,20.0,93.909992,True,7,41,False
6,49;51;58;80;81;100,96,32,17.385888,3.402653184,20.788541184,49.285704,20.0,69.285704,True,7,41,False
7,49;51;58;80;81;100;116,112,16,20.327112,3.469762048,23.796874048,24.661104,20.0,44.661104,True,7,41,True
8,49;51;58;80;81;100;116;124,128,0,23.288616,3.536870912,26.825486912,0.0,20.0,46.825486912,True,7,41,False
0,,0,128,0.0,0.0,0.0,197.072304,20.0,217.072304,True,7,42,False
1,25,16,112,2.461056,3.067108864,5.528164864,172.447704,20.0,192.447704,True,7,42,False
2,25;28,32,96,5.406336,3.134217728,8.540553728,147.822168,20.0,167.822168,True,7,42,False
3,25;28;30,48,80,8.421504,3.201326592,11.622830592,123.196632,20.0,143.196632,True,7,42,False
4,25;28;30;63,64,64,11.366784,3.268435456,14.635219456,98.535528,20.0,118.535528,True,7,42,False
5,25;28;30;63;76,80,48,14.381952,3.33554432,17.71749632,73.909992,20.0,93.909992,True,7,42,False
6,25;28;30;63;76;88,96,32,17.385888,3.402653184,20.788541184,49.285704,20.0,69.285704,True,7,42,False
7,25;28;30;63;76;88;119,112,16,20.327112,3.469762048,23.796874048,24.661104,20.0,44.661104,True,7,42,True
8,25;28;30;43;63;76;88;119,122,6,23.228712,3.511705088,26.740417088,9.268896,20.0,46.740417088,True,7,42,False
9,25;28;30;43;63;76;88;115;119,128,0,26.303784,3.536870912,29.840654912,0.0,20.0,49.840654912,True,7,42,False
0,,0,128,0.0,0.0,0.0,197.072304,20.0,217.072304,True,7,43,False
1,2,16,112,2.461056,3.067108864,5.528164864,172.447704,20.0,192.447704,True,7,43,False
2,2;11,32,96,5.406336,3.134217728,8.540553728,147.822168,20.0,167.822168,True,7,43,False
3,2;11;18,48,80,8.421504,3.201326592,11.622830592,123.196632,20.0,143.196632,True,7,43,False
4,2;11;18;45,64,64,11.366784,3.268435456,14.635219456,98.535528,20.0,118.535528,True,7,43,False
5,2;11;18;45;46,80,48,14.381952,3.33554432,17.71749632,73.909992,20.0,93.909992,True,7,43,False
6,2;11;18;45;46;91,96,32,17.385888,3.402653184,20.788541184,49.285704,20.0,69.285704,True,7,43,False
7,2;11;18;45;46;91;96,112,16,20.327112,3.469762048,23.796874048,24.661104,20.0,44.661104,True,7,43,True
8,2;11;18;45;46;91;96;111,120,8,23.225904,3.50331648,26.72922048,12.347712,20.0,46.72922048,True,7,43,False
9,2;11;18;29;45;46;91;96;111,124,4,26.236704,3.520093696,29.756797696,6.190392,20.0,49.756797696,True,7,43,False
10,2;11;18;29;37;45;46;91;96;111,128,0,29.249064,3.536870912,32.785934912,0.0,20.0,52.785934912,True,7,43,False
0,,0,128,0.0,0.0,0.0,197.072304,20.0,217.072304,True,7,44,False
1,2,16,112,2.461056,3.067108864,5.528164864,172.447704,20.0,192.447704,True,7,44,False
2,2;12,32,96,5.406336,3.134217728,8.540553728,147.822168,20.0,167.822168,True,7,44,False
3,2;12;15,48,80,8.421504,3.201326592,11.622830592,123.196632,20.0,143.196632,True,7,44,False
4,2;12;15;49,64,64,11.366784,3.268435456,14.635219456,98.535528,20.0,118.535528,True,7,44,False
5,2;12;15;49;79,80,48,14.381952,3.33554432,17.71749632,73.909992,20.0,93.909992,True,7,44,False
6,2;12;15;49;79;104,96,32,17.385888,3.402653184,20.788541184,49.285704,20.0,69.285704,True,7,44,False
7,2;12;15;49;79;104;112,112,16,20.327112,3.469762048,23.796874048,24.661104,20.0,44.661104,True,7,44,True
8,2;12;15;49;79;104;112;113,128,0,23.288616,3.536870912,26.825486912,0.0,20.0,46.825486912,True,7,44,False
0,,0,128,0.0,0.0,0.0,197.072304,20.0,217.072304,True,7,45,False
1,1,16,112,2.461056,3.067108864,5.528164864,172.447704,20.0,192.447704,True,7,45,False
2,1;2,32,96,5.406336,3.134217728,8.540553728,147.822168,20.0,167.822168,True,7,45,False
3,1;2;3,48,80,8.421504,3.201326592,11.622830592,123.196632,20.0,143.196632,True,7,45,False
4,1;2;3;4,64,64,11.366784,3.268435456,14.635219456,98.535528,20.0,118.535528,True,7,45,False
5,1;2;3;4;53,80,48,14.381952,3.33554432,17.71749632,73.909992,20.0,93.909992,True,7,45,False
6,1;2;3;4;53;65,96,32,17.385888,3.402653184,20.788541184,49.285704,20.0,69.285704,True,7,45,False
7,1;2;3;4;53;65;127,112,16,20.327112,3.469762048,23.796874048,24.661104,20.0,44.661104,True,7,45,True
8,1;2;3;4;53;54;65;127,123,5,23.189712,3.515899392,26.705611392,7.747896,20.0,46.705611392,True,7,45,False
9,1;2;3;4;53;54;60;65;127,128,0,26.303784,3.536870912,29.840654912,0.0,20.0,49.840654912,True,7,45,False
0,,0,128,0.0,0.0,0.0,197.072304,20.0,217.072304,True,7,46,False
1,4,16,112,2.461056,3.067108864,5.528164864,172.447704,20.0,192.447704,True,7,46,False
2,4;13,32,96,5.406336,3.134217728,8.540553728,147.822168,20.0,167.822168,True,7,46,False
3,4;13;17,48,80,8.421504,3.201326592,11.622830592,123.196632,20.0,143.196632,True,7,46,False
4,4;13;17;40,64,64,11.366784,3.268435456,14.635219456,98.535528,20.0,118.535528,True,7,46,False
5,4;13;17;40;48,80,48,14.381952,3.33554432,17.71749632,73.909992,20.0,93.909992,True,7,46,False
6,4;13;17;40;48;64,96,32,17.385888,3.402653184,20.788541184,49.285704,20.0,69.285704,True,7,46,False
7,4;13;17;40;48;64;74,112,16,20.327112,3.469762048,23.796874048,24.661104,20.0,44.661104,True,7,46,True
8,4;13;17;40;48;64;74;102,128,0,23.288616,3.536870912,26.825486912,0.0,20.0,46.825486912,True,7,46,False
0,,0,128,0.0,0.0,0.0,197.072304,20.0,217.072304,True,7,47,False
1,39,16,112,2.461056,3.067108864,5.528164864,172.447704,20.0,192.447704,True,7,47,False
2,39;41,32,96,5.406336,3.134217728,8.540553728,147.822168,20.0,167.822168,True,7,47,False
3,39;41;45,48,80,8.421504,3.201326592,11.622830592,123.196632,20.0,143.196632,True,7,47,False
4,39;41;45;46,64,64,11.366784,3.268435456,14.635219456,98.535528,20.0,118.535528,True,7,47,False
5,39;41;45;46;54,80,48,14.381952,3.33554432,17.71749632,73.909992,20.0,93.909992,True,7,47,False
6,39;41;45;46;54;58,96,32,17.385888,3.402653184,20.788541184,49.285704,20.0,69.285704,True,7,47,False
7,39;41;45;46;54;58;79,112,16,20.327112,3.469762048,23.796874048,24.661104,20.0,44.661104,True,7,47,True
8,39;41;45;46;54;58;79;110,128,0,23.288616,3.536870912,26.825486912,0.0,20.0,46.825486912,True,7,47,False
