step,layer,expert,assignment_count,normalized_assignment_share,routing_weight_sum,hot_rank
0,0,43,16,0.125,3.28504549,1
0,0,45,16,0.125,1.527688153,2
0,0,65,16,0.125,4.742517024,3
0,0,73,16,0.125,1.369410872,4
0,0,85,16,0.125,0.768170383,5
0,0,98,16,0.125,1.731097311,6
0,0,100,16,0.125,1.758358203,7
0,0,114,16,0.125,0.817712564,8
0,1,18,16,0.125,3.177331507,1
0,1,26,16,0.125,1.553045116,2
0,1,38,16,0.125,2.776716277,3
0,1,42,16,0.125,1.25033801,4
0,1,43,16,0.125,1.397587635,5
0,1,49,16,0.125,1.261395939,6
0,1,51,16,0.125,1.230953336,7
0,1,94,16,0.125,3.35263218,8
0,2,38,16,0.125,2.851278439,1
0,2,40,16,0.125,1.381496541,2
0,2,57,16,0.125,1.978901185,3
0,2,82,16,0.125,3.278599069,4
0,2,88,16,0.125,1.648585699,5
0,2,95,16,0.125,1.490841448,6
0,2,113,16,0.125,1.385602005,7
0,2,123,16,0.125,1.984695613,8
0,3,51,16,0.125,1.968881436,1
0,3,56,16,0.125,2.257330805,2
0,3,67,16,0.125,1.884227172,3
0,3,71,16,0.125,1.752871916,4
0,3,80,16,0.125,1.974660367,5
0,3,87,16,0.125,1.953562878,6
0,3,101,16,0.125,2.033370182,7
0,3,117,16,0.125,2.175095245,8
0,4,12,16,0.125,2.152087301,1
0,4,61,16,0.125,1.90109054,2
0,4,64,16,0.125,1.853413127,3
0,4,65,16,0.125,2.218240127,4
0,4,108,16,0.125,2.154187009,5
0,4,110,16,0.125,1.819343299,6
0,4,121,16,0.125,2.160514727,7
0,4,95,14,0.109375,1.524790458,8
0,4,53,2,0.015625,0.216333412,0
0,5,9,16,0.125,1.632652201,1
0,5,38,16,0.125,1.933106683,2
0,5,45,16,0.125,1.618369982,3
0,5,64,16,0.125,3.369724259,4
0,5,73,16,0.125,1.893921256,5
0,5,84,16,0.125,1.864501745,6
0,5,104,16,0.125,2.059833869,7
0,5,94,15,0.1171875,1.526257515,8
0,5,46,1,0.0078125,0.101632491,0
0,6,12,16,0.125,1.498682246,1
0,6,41,16,0.125,1.339481436,2
0,6,58,16,0.125,1.629973792,3
0,6,62,16,0.125,1.418919556,4
0,6,107,16,0.125,1.501661852,5
0,6,112,16,0.125,3.012939498,6
0,6,116,16,0.125,1.579859652,7
0,6,126,16,0.125,4.01848197,8
0,7,10,16,0.125,2.026665047,1
0,7,15,16,0.125,1.755679004,2
0,7,19,16,0.125,1.909481406,3
0,7,24,16,0.125,2.597227678,4
0,7,52,16,0.125,1.885348931,5
0,7,75,16,0.125,2.062614307,6
0,7,114,16,0.125,2.082810268,7
0,7,29,8,0.0625,0.836268604,8
0,7,82,7,0.0546875,0.738399714,0
0,7,125,1,0.0078125,0.105505042,0
0,8,9,16,0.125,3.117705643,1
0,8,17,16,0.125,1.670406528,2
0,8,45,16,0.125,1.66073107,3
0,8,58,16,0.125,2.024815068,4
0,8,77,16,0.125,1.698375054,5
0,8,92,16,0.125,2.030683711,6
0,8,102,16,0.125,2.170259684,7
0,8,85,9,0.0703125,0.919292718,8
0,8,50,5,0.0390625,0.506887026,0
0,8,23,2,0.015625,0.200843498,0
0,9,2,16,0.125,1.894697167,1
0,9,11,16,0.125,1.847484365,2
0,9,13,16,0.125,2.775706291,3
0,9,16,16,0.125,2.337291762,4
0,9,23,16,0.125,1.721662186,5
0,9,58,16,0.125,1.470219098,6
0,9,69,16,0.125,1.711739175,7
0,9,125,16,0.125,2.241199955,8
0,10,1,16,0.125,2.212238386,1
0,10,5,16,0.125,1.729575492,2
0,10,12,16,0.125,1.631240197,3
0,10,36,16,0.125,1.743434377,4
0,10,68,16,0.125,2.882373944,5
0,10,78,16,0.125,2.412953705,6
0,10,92,16,0.125,1.57015606,7
0,10,98,16,0.125,1.818027839,8
0,11,3,16,0.125,1.835703686,1
0,11,15,16,0.125,2.603680551,2
0,11,32,16,0.125,1.475097895,3
0,11,54,16,0.125,2.742042601,4
0,11,76,16,0.125,2.657706797,5
0,11,125,16,0.125,1.982795745,6
0,11,62,13,0.1015625,1.092911147,7
0,11,121,10,0.078125,0.845847681,8
0,11,81,9,0.0703125,0.764213897,0
0,12,11,16,0.125,1.966191866,1
0,12,18,16,0.125,1.907310657,2
0,12,23,16,0.125,1.787997507,3
0,12,39,16,0.125,1.905058511,4
0,12,49,16,0.125,1.767110705,5
0,12,57,16,0.125,2.328224465,6
0,12,65,16,0.125,1.884790301,7
0,12,78,16,0.125,2.453315988,8
0,13,33,16,0.125,2.684141025,1
0,13,34,16,0.125,1.670167774,2
0,13,58,16,0.125,1.419992968,3
0,13,63,16,0.125,1.42853348,4
0,13,110,16,0.125,4.543824196,5
0,13,122,16,0.125,1.681325994,6
0,13,103,14,0.109375,1.11772912,7
0,13,104,14,0.109375,1.135566205,8
0,13,91,4,0.03125,0.318719238,0
0,14,2,16,0.125,1.680598699,1
0,14,5,16,0.125,2.279070094,2
0,14,61,16,0.125,2.007333711,3
0,14,63,16,0.125,2.077141955,4
0,14,67,16,0.125,1.9384657,5
0,14,81,16,0.125,2.198301479,6
0,14,104,16,0.125,1.769986458,7
0,14,109,16,0.125,2.049101904,8
0,15,2,16,0.125,2.177242234,1
0,15,33,16,0.125,1.775295839,2
0,15,49,16,0.125,1.775199018,3
0,15,58,16,0.125,1.835294105,4
0,15,84,16,0.125,2.170852348,5
0,15,106,16,0.125,1.680970743,6
0,15,122,16,0.125,2.059731513,7
0,15,127,16,0.125,2.525414199,8
0,16,42,16,0.125,2.320191801,1
0,16,46,16,0.125,1.541165791,2
0,16,48,16,0.125,2.2909206,3
0,16,54,16,0.125,1.562317036,4
0,16,97,16,0.125,2.345529377,5
0,16,98,16,0.125,1.857262038,6
0,16,107,16,0.125,2.538431302,7
0,16,122,16,0.125,1.544182055,8
0,17,21,16,0.125,1.450163916,1
0,17,59,16,0.125,1.878563777,2
0,17,80,16,0.125,1.995750666,3
0,17,88,16,0.125,1.574120857,4
0,17,105,16,0.125,4.321162552,5
0,17,122,16,0.125,1.900815345,6
0,17,123,16,0.125,1.450307548,7
0,17,124,16,0.125,1.42911534,8
0,18,12,16,0.125,1.410919882,1
0,18,24,16,0.125,1.412307717,2
0,18,58,16,0.125,1.754252993,3
0,18,82,16,0.125,1.197546504,4
0,18,104,16,0.125,1.377035901,5
0,18,112,16,0.125,3.192315295,6
0,18,122,16,0.125,1.301110625,7
0,18,126,16,0.125,4.354511082,8
0,19,24,16,0.125,2.152793124,1
0,19,52,16,0.125,2.038106106,2
0,19,56,16,0.125,1.571928449,3
0,19,59,16,0.125,1.807337634,4
0,19,75,16,0.125,1.923846155,5
0,19,112,16,0.125,3.419602454,6
0,19,119,16,0.125,1.644014582,7
0,19,29,13,0.1015625,1.17103149,8
0,19,79,3,0.0234375,0.271340005,0
0,20,9,16,0.125,2.209510788,1
0,20,45,16,0.125,1.734264471,2
0,20,48,16,0.125,1.998082168,3
0,20,65,16,0.125,2.188030735,4
0,20,85,16,0.125,1.936603412,5
0,20,114,16,0.125,2.678250775,6
0,20,16,12,0.09375,1.220089093,7
0,20,53,12,0.09375,1.215993106,8
0,20,72,7,0.0546875,0.716262303,0
0,20,92,1,0.0078125,0.102913149,0
0,21,0,16,0.125,2.663911238,1
0,21,2,16,0.125,2.566572443,2
0,21,13,16,0.125,3.033093601,3
0,21,50,16,0.125,1.798744559,4
0,21,56,16,0.125,1.423010603,5
0,21,58,16,0.125,1.490034729,6
0,21,63,16,0.125,1.609387092,7
0,21,11,14,0.109375,1.238373861,8
0,21,16,1,0.0078125,0.085616603,0
0,21,124,1,0.0078125,0.09125527,0
0,22,6,16,0.125,2.157172501,1
0,22,12,16,0.125,1.910780393,2
0,22,31,16,0.125,2.539062008,3
0,22,36,16,0.125,2.221075535,4
0,22,68,16,0.125,2.396797031,5
0,22,75,16,0.125,1.484027065,6
0,22,78,16,0.125,1.729777202,7
0,22,90,16,0.125,1.561308265,8
0,23,3,16,0.125,2.021278903,1
0,23,4,16,0.125,1.932787642,2
0,23,14,16,0.125,1.357012779,3
0,23,32,16,0.125,2.239478096,4
0,23,48,16,0.125,1.412456535,5
0,23,54,16,0.125,3.828069896,6
0,23,56,16,0.125,1.614675269,7
0,23,121,16,0.125,1.594240882,8
0,24,11,16,0.125,1.473929271,1
0,24,21,16,0.125,3.160170183,2
0,24,23,16,0.125,1.458086267,3
0,24,57,16,0.125,1.590679921,4
0,24,89,16,0.125,3.393646419,5
0,24,108,16,0.125,1.788365416,6
0,24,111,16,0.125,1.742049791,7
0,24,28,12,0.09375,1.05218976,8
0,24,8,2,0.015625,0.168607354,0
0,24,62,2,0.015625,0.172275618,0
0,25,1,16,0.125,1.538705125,1
0,25,33,16,0.125,2.908357099,2
0,25,52,16,0.125,1.441089652,3
0,25,87,16,0.125,1.52514635,4
0,25,91,16,0.125,1.534028158,5
0,25,110,16,0.125,4.264094472,6
0,25,122,16,0.125,1.476533562,7
0,25,53,14,0.109375,1.149537012,8
0,25,34,2,0.015625,0.16250857,0
0,26,61,16,0.125,1.643571921,1
0,26,67,16,0.125,2.834201738,2
0,26,81,16,0.125,2.535542771,3
0,26,94,16,0.125,1.629178628,4
0,26,104,16,0.125,2.077602074,5
0,26,109,16,0.125,1.965049893,6
0,26,121,16,0.125,1.682489172,7
0,26,4,15,0.1171875,1.531496473,8
0,26,59,1,0.0078125,0.100867331,0
0,27,2,16,0.125,1.806336842,1
0,27,33,16,0.125,1.752362691,2
0,27,49,16,0.125,1.620589457,3
0,27,51,16,0.125,1.638195165,4
0,27,106,16,0.125,2.719336927,5
0,27,122,16,0.125,2.6852469,6
0,27,127,16,0.125,2.279057339,7
0,27,15,8,0.0625,0.743671738,8
0,27,118,8,0.0625,0.755202942,0
0,28,42,16,0.125,2.610420838,1
0,28,48,16,0.125,2.912246734,2
0,28,58,16,0.125,1.811972789,3
0,28,91,16,0.125,1.512305669,4
0,28,97,16,0.125,1.930433705,5
0,28,98,16,0.125,1.630593427,6
0,28,109,16,0.125,1.815405689,7
0,28,122,16,0.125,1.776621148,8
0,29,33,16,0.125,1.651021875,1
0,29,34,16,0.125,1.7335812,2
0,29,50,16,0.125,1.397024311,3
0,29,59,16,0.125,1.384839691,4
0,29,75,16,0.125,1.889328241,5
0,29,80,16,0.125,1.398528077,6
0,29,105,16,0.125,4.962543607,7
0,29,120,16,0.125,1.583132997,8
0,30,24,16,0.125,1.917301439,1
0,30,58,16,0.125,1.354164273,2
0,30,71,16,0.125,1.331931747,3
0,30,107,16,0.125,1.428961016,4
0,30,122,16,0.125,1.485873953,5
0,30,126,16,0.125,6.098613173,6
0,30,84,13,0.1015625,0.971775189,7
0,30,63,10,0.078125,0.74321235,8
0,30,87,9,0.0703125,0.668166861,0
0,31,10,16,0.125,1.735471174,1
0,31,24,16,0.125,2.559661955,2
0,31,59,16,0.125,2.860952377,3
0,31,79,16,0.125,1.883671515,4
0,31,114,16,0.125,1.861714438,5
0,31,38,14,0.109375,1.483581953,6
0,31,47,13,0.1015625,1.38074936,7
0,31,82,10,0.078125,1.063512146,8
0,31,45,9,0.0703125,0.961293906,0
0,31,36,1,0.0078125,0.104360245,0
0,31,112,1,0.0078125,0.105030932,0
0,32,5,16,0.125,1.662613809,1
0,32,16,16,0.125,3.034118086,2
0,32,30,16,0.125,1.749197789,3
0,32,48,16,0.125,1.630550645,4
0,32,83,16,0.125,1.730405517,5
0,32,92,16,0.125,2.344490409,6
0,32,114,16,0.125,2.241588295,7
0,32,10,13,0.1015625,1.303988293,8
0,32,57,3,0.0234375,0.303047158,0
0,33,0,16,0.125,1.617745578,1
0,33,2,16,0.125,2.383657008,2
0,33,13,16,0.125,4.183513284,3
0,33,14,16,0.125,1.787760325,4
0,33,34,16,0.125,1.586352803,5
0,33,50,16,0.125,1.670605928,6
0,33,51,16,0.125,1.393497057,7
0,33,63,16,0.125,1.376868017,8
0,34,12,16,0.125,1.459741712,1
0,34,29,16,0.125,2.355531499,2
0,34,58,16,0.125,1.444125995,3
0,34,67,16,0.125,1.933996208,4
0,34,68,16,0.125,3.709436625,5
0,34,75,16,0.125,1.97961098,6
0,34,84,16,0.125,1.742241047,7
0,34,22,7,0.0546875,0.601754755,8
0,34,51,6,0.046875,0.517410211,0
0,34,92,3,0.0234375,0.256150968,0
0,35,3,16,0.125,3.140168816,1
0,35,14,16,0.125,1.518601134,2
0,35,15,16,0.125,2.479341388,3
0,35,32,16,0.125,2.071705297,4
0,35,54,16,0.125,2.316496208,5
0,35,62,16,0.125,1.63118954,6
0,35,31,14,0.109375,1.258028209,7
0,35,17,13,0.1015625,1.137476742,8
0,35,76,5,0.0390625,0.446992666,0
0,36,20,16,0.125,1.961116403,1
0,36,21,16,0.125,2.417887777,2
0,36,62,16,0.125,2.555270866,3
0,36,85,16,0.125,2.01748991,4
0,36,89,16,0.125,1.768541776,5
0,36,111,16,0.125,2.041316159,6
0,36,122,16,0.125,1.65345981,7
0,36,78,9,0.0703125,0.890081294,8
0,36,11,7,0.0546875,0.694836006,0
0,37,0,16,0.125,1.564267337,1
0,37,25,16,0.125,1.44983235,2
0,37,26,16,0.125,1.476771526,3
0,37,71,16,0.125,1.338146187,4
0,37,91,16,0.125,2.512065887,5
0,37,110,16,0.125,4.729986995,6
0,37,122,16,0.125,1.620545961,7
0,37,73,13,0.1015625,1.065702707,8
0,37,11,2,0.015625,0.160788596,0
0,37,97,1,0.0078125,0.081892453,0
0,38,12,16,0.125,2.668208897,1
0,38,76,16,0.125,1.524831511,2
0,38,81,16,0.125,2.563475609,3
0,38,100,16,0.125,1.478143908,4
0,38,104,16,0.125,2.843494251,5
0,38,109,16,0.125,1.417149425,6
0,38,110,16,0.125,2.110801622,7
0,38,4,7,0.0546875,0.605126686,8
0,38,121,6,0.046875,0.525713019,0
0,38,5,3,0.0234375,0.263055071,0
0,39,2,16,0.125,2.189356402,1
0,39,49,16,0.125,2.375588998,2
0,39,59,16,0.125,1.717682429,3
0,39,70,16,0.125,1.94072783,4
0,39,106,16,0.125,2.010205716,5
0,39,118,16,0.125,1.692979291,6
0,39,127,16,0.125,2.366622686,7
0,39,16,15,0.1171875,1.60800571,8
0,39,5,1,0.0078125,0.098830938,0
0,40,34,16,0.125,1.83489307,1
0,40,48,16,0.125,2.997758687,2
0,40,58,16,0.125,1.983610399,3
0,40,65,16,0.125,1.783360593,4
0,40,91,16,0.125,2.038644381,5
0,40,122,16,0.125,2.056750849,6
0,40,87,15,0.1171875,1.560878336,7
0,40,115,8,0.0625,0.825683296,8
0,40,89,5,0.0390625,0.508563906,0
0,40,98,4,0.03125,0.409856483,0
0,41,1,16,0.125,1.720486268,1
0,41,10,16,0.125,1.499184065,2
0,41,21,16,0.125,1.961216964,3
0,41,33,16,0.125,1.860607237,4
0,41,37,16,0.125,1.430547826,5
0,41,80,16,0.125,1.732562356,6
0,41,105,16,0.125,4.225445658,7
0,41,123,16,0.125,1.569949627,8
0,42,30,16,0.125,1.767487429,1
0,42,35,16,0.125,2.348851487,2
0,42,43,16,0.125,2.182375163,3
0,42,76,16,0.125,2.344084501,4
0,42,81,16,0.125,2.260514721,5
0,42,114,16,0.125,1.726717465,6
0,42,39,15,0.1171875,1.598628111,7
0,42,115,11,0.0859375,1.146171957,8
0,42,88,6,0.046875,0.625169165,0
0,43,10,16,0.125,1.429131642,1
0,43,11,16,0.125,5.347928703,2
0,43,37,16,0.125,1.55772353,3
0,43,45,16,0.125,1.496940121,4
0,43,83,16,0.125,1.413956456,5
0,43,92,16,0.125,1.632442757,6
0,43,94,16,0.125,1.439339235,7
0,43,96,16,0.125,1.682537556,8
0,44,7,16,0.125,1.447534807,1
0,44,12,16,0.125,1.78366179,2
0,44,15,16,0.125,1.595905401,3
0,44,79,16,0.125,1.945823036,4
0,44,90,16,0.125,3.544238344,5
0,44,102,16,0.125,2.376918837,6
0,44,107,16,0.125,1.899005964,7
0,44,65,13,0.1015625,1.144303001,8
0,44,104,2,0.015625,0.17543681,0
0,44,96,1,0.0078125,0.087172009,0
0,45,1,16,0.125,1.950927809,1
0,45,2,16,0.125,2.251624569,2
0,45,4,16,0.125,1.573407486,3
0,45,18,16,0.125,2.001013726,4
0,45,53,16,0.125,1.607615419,5
0,45,64,16,0.125,2.556973234,6
0,45,92,16,0.125,1.628431045,7
0,45,107,16,0.125,2.430006713,8
0,46,21,16,0.125,1.623489164,1
0,46,34,16,0.125,2.26286076,2
0,46,35,16,0.125,1.828926228,3
0,46,38,16,0.125,3.228516504,4
0,46,97,16,0.125,2.012478158,5
0,46,102,16,0.125,1.637807973,6
0,46,103,16,0.125,1.809406169,7
0,46,4,11,0.0859375,1.098451324,8
0,46,99,5,0.0390625,0.498063721,0
0,47,20,16,0.125,2.132441059,1
0,47,46,16,0.125,1.367693022,2
0,47,57,16,0.125,1.561850794,3
0,47,58,16,0.125,1.394601233,4
0,47,73,16,0.125,1.424230456,5
0,47,105,16,0.125,5.498518527,6
0,47,109,16,0.125,1.452813685,7
0,47,110,16,0.125,1.167851225,8
1,0,14,16,0.125,1.391495124,1
1,0,21,16,0.125,1.458274364,2
1,0,50,16,0.125,4.121969461,3
1,0,51,16,0.125,1.153589867,4
1,0,57,16,0.125,1.786715098,5
1,0,103,16,0.125,1.348683305,6
1,0,106,16,0.125,3.390589476,7
1,0,110,16,0.125,1.348683305,8
1,1,3,16,0.125,2.199289843,1
1,1,6,16,0.125,3.199947774,2
1,1,9,16,0.125,1.66011101,3
1,1,33,16,0.125,1.609034821,4
1,1,42,16,0.125,1.971430652,5
1,1,49,16,0.125,1.584088996,6
1,1,51,16,0.125,1.656885125,7
1,1,95,16,0.125,2.119211778,8
1,2,56,16,0.125,1.702859312,1
1,2,72,16,0.125,4.985504746,2
1,2,82,16,0.125,1.456532493,3
1,2,90,16,0.125,1.758639298,4
1,2,92,16,0.125,1.44241032,5
1,2,95,16,0.125,1.52793248,6
1,2,122,16,0.125,1.526433095,7
1,2,123,16,0.125,1.599688254,8
1,3,30,16,0.125,1.857166782,1
1,3,39,16,0.125,1.826593541,2
1,3,56,16,0.125,1.775592908,3
1,3,71,16,0.125,2.41277954,4
1,3,87,16,0.125,2.084013849,5
1,3,108,16,0.125,2.171247855,6
1,3,114,16,0.125,1.895661749,7
1,3,117,16,0.125,1.976943776,8
1,4,12,16,0.125,2.56825164,1
1,4,19,16,0.125,1.654944785,2
1,4,64,16,0.125,3.544829994,3
1,4,65,16,0.125,1.446308583,4
1,4,100,16,0.125,1.860718668,5
1,4,108,16,0.125,1.699174158,6
1,4,110,16,0.125,1.556199193,7
1,4,114,16,0.125,1.669572979,8
1,5,4,16,0.125,2.041305467,1
1,5,38,16,0.125,1.682379842,2
1,5,46,16,0.125,2.029337242,3
1,5,53,16,0.125,1.766572297,4
1,5,65,16,0.125,1.851352885,5
1,5,73,16,0.125,2.023427345,6
1,5,84,16,0.125,1.94589927,7
1,5,104,16,0.125,2.659725651,8
1,6,33,16,0.125,1.760152608,1
1,6,43,16,0.125,1.80191572,2
1,6,49,16,0.125,1.729483657,3
1,6,58,16,0.125,2.336399406,4
1,6,82,16,0.125,2.082092687,5
1,6,112,16,0.125,2.021971062,6
1,6,116,16,0.125,1.780905657,7
1,6,126,16,0.125,2.487079203,8
1,7,15,16,0.125,1.924616024,1
1,7,19,16,0.125,1.904066339,2
1,7,29,16,0.125,2.081014484,3
1,7,44,16,0.125,2.095278636,4
1,7,52,16,0.125,2.103472546,5
1,7,56,16,0.125,1.769574255,6
1,7,75,16,0.125,1.802718788,7
1,7,114,16,0.125,2.319258928,8
1,8,11,16,0.125,1.940685727,1
1,8,50,16,0.125,1.916203156,2
1,8,53,16,0.125,1.91245766,3
1,8,85,16,0.125,2.494314939,4
1,8,92,16,0.125,2.037792146,5
1,8,102,16,0.125,1.906883053,6
1,8,123,16,0.125,1.9143437,7
1,8,83,14,0.109375,1.645055652,8
1,8,68,2,0.015625,0.232263967,0
1,9,2,16,0.125,1.873026252,1
1,9,11,16,0.125,2.029196441,2
1,9,13,16,0.125,2.101789996,3
1,9,16,16,0.125,2.430984586,4
1,9,38,16,0.125,1.906322509,5
1,9,92,16,0.125,1.849391088,6
1,9,124,16,0.125,1.880440086,7
1,9,125,16,0.125,1.928849041,8
1,10,1,16,0.125,2.730442867,1
1,10,6,16,0.125,1.756035216,2
1,10,29,16,0.125,2.321861669,3
1,10,42,16,0.125,1.915480852,4
1,10,48,16,0.125,1.851117566,5
1,10,84,16,0.125,1.959006444,6
1,10,98,16,0.125,1.787164047,7
1,10,9,12,0.09375,1.256366611,8
1,10,19,4,0.03125,0.422524728,0
1,11,17,16,0.125,1.506138377,1
1,11,62,16,0.125,2.29907386,2
1,11,76,16,0.125,2.674491569,3
1,11,81,16,0.125,1.592365816,4
1,11,108,16,0.125,2.054580554,5
1,11,109,16,0.125,2.971932948,6
1,11,3,15,0.1171875,1.363691635,7
1,11,121,15,0.1171875,1.35913191,8
1,11,52,2,0.015625,0.17859333,0
1,12,11,16,0.125,2.044006988,1
1,12,24,16,0.125,1.739931419,2
1,12,41,16,0.125,1.905300841,3
1,12,57,16,0.125,2.255913109,4
1,12,78,16,0.125,1.979192302,5
1,12,106,16,0.125,1.526419878,6
1,12,111,16,0.125,2.175839946,7
1,12,125,16,0.125,2.373395517,8
1,13,34,16,0.125,1.967170432,1
1,13,93,16,0.125,1.929152764,2
1,13,104,16,0.125,1.889988787,3
1,13,110,16,0.125,2.33379969,4
1,13,117,16,0.125,1.932974018,5
1,13,119,16,0.125,2.450700775,6
1,13,31,12,0.09375,1.312446006,7
1,13,33,12,0.09375,1.32269147,8
1,13,11,8,0.0625,0.861076057,0
1,14,2,16,0.125,1.98306708,1
1,14,5,16,0.125,1.782555826,2
1,14,61,16,0.125,2.022159249,3
1,14,97,16,0.125,1.741671063,4
1,14,105,16,0.125,3.650792599,5
1,14,109,16,0.125,1.751585029,6
1,14,121,16,0.125,1.679565035,7
1,14,113,13,0.1015625,1.137843803,8
1,14,14,3,0.0234375,0.250760317,0
1,15,15,16,0.125,1.878512435,1
1,15,21,16,0.125,1.624179088,2
1,15,58,16,0.125,2.228547737,3
1,15,63,16,0.125,1.845634423,4
1,15,64,16,0.125,2.035392247,5
1,15,84,16,0.125,2.035034671,6
1,15,122,16,0.125,2.017294034,7
1,15,127,16,0.125,2.335405365,8
1,16,12,16,0.125,2.6604366,1
1,16,42,16,0.125,2.235958427,2
1,16,48,16,0.125,2.100518808,3
1,16,97,16,0.125,2.334175959,4
1,16,98,16,0.125,1.553397216,5
1,16,107,16,0.125,1.828649253,6
1,16,119,16,0.125,1.946481794,7
1,16,53,9,0.0703125,0.751532093,8
1,16,122,5,0.0390625,0.420061097,0
1,16,91,2,0.015625,0.168788753,0
1,17,75,16,0.125,1.73596216,1
1,17,80,16,0.125,2.094171658,2
1,17,90,16,0.125,2.012146205,3
1,17,94,16,0.125,2.331621781,4
1,17,105,16,0.125,1.946160302,5
1,17,122,16,0.125,2.061686814,6
1,17,124,16,0.125,2.266516775,7
1,17,123,13,0.1015625,1.268244311,8
1,17,73,3,0.0234375,0.283489995,0
1,18,58,16,0.125,1.865660965,1
1,18,82,16,0.125,1.740610942,2
1,18,87,16,0.125,1.624044999,3
1,18,91,16,0.125,2.077517323,4
1,18,104,16,0.125,1.575788401,5
1,18,112,16,0.125,2.547430873,6
1,18,126,16,0.125,3.127327859,7
1,18,12,14,0.109375,1.259935759,8
1,18,74,2,0.015625,0.181682877,0
1,19,10,16,0.125,1.809126146,1
1,19,29,16,0.125,2.327662274,2
1,19,52,16,0.125,2.201554462,3
1,19,56,16,0.125,2.10282582,4
1,19,75,16,0.125,2.09250471,5
1,19,119,16,0.125,1.908988297,6
1,19,114,15,0.1171875,1.690250359,7
1,19,28,12,0.09375,1.3171141,8
1,19,92,5,0.0390625,0.549973831,0
1,20,9,16,0.125,1.988469109,1
1,20,10,16,0.125,1.630909547,2
1,20,48,16,0.125,1.812374331,3
1,20,76,16,0.125,1.910565116,4
1,20,85,16,0.125,3.020418599,5
1,20,92,16,0.125,1.978667058,6
1,20,114,16,0.125,1.770297736,7
1,20,123,16,0.125,1.888298504,8
1,21,11,16,0.125,2.759966493,1
1,21,13,16,0.125,2.071280017,2
1,21,32,16,0.125,1.698713176,3
1,21,38,16,0.125,1.785466008,4
1,21,44,16,0.125,1.757695563,5
1,21,63,16,0.125,2.567438513,6
1,21,53,15,0.1171875,1.577109262,7
1,21,2,13,0.1015625,1.36563389,8
1,21,124,4,0.03125,0.416697077,0
1,22,1,16,0.125,1.721134692,1
1,22,29,16,0.125,2.799046949,2
1,22,42,16,0.125,2.3364425,3
1,22,48,16,0.125,1.931292072,4
1,22,54,16,0.125,1.721454196,5
1,22,75,16,0.125,2.084563673,6
1,22,84,16,0.125,1.78455548,7
1,22,12,13,0.1015625,1.319149435,8
1,22,71,3,0.0234375,0.302361004,0
1,23,14,16,0.125,2.07680428,1
1,23,32,16,0.125,1.806514807,2
1,23,36,16,0.125,1.910173602,3
1,23,62,16,0.125,1.766733386,4
1,23,76,16,0.125,2.208676085,5
1,23,109,16,0.125,2.986512125,6
1,23,4,15,0.1171875,1.518226042,7
1,23,31,15,0.1171875,1.527657352,8
1,23,17,1,0.0078125,0.097798921,0
1,23,108,1,0.0078125,0.100903399,0
1,24,11,16,0.125,1.828920253,1
1,24,18,16,0.125,1.636815414,2
1,24,20,16,0.125,1.94526276,3
1,24,24,16,0.125,2.68463248,4
1,24,54,16,0.125,1.883303687,5
1,24,57,16,0.125,2.089303762,6
1,24,111,16,0.125,1.818080634,7
1,24,125,16,0.125,2.113681011,8
1,25,13,16,0.125,1.663093001,1
1,25,31,16,0.125,1.632512614,2
1,25,34,16,0.125,1.499435998,3
1,25,72,16,0.125,1.460439682,4
1,25,74,16,0.125,1.582281701,5
1,25,110,16,0.125,3.997461244,6
1,25,119,16,0.125,2.533962458,7
1,25,126,16,0.125,1.630813301,8
1,26,61,16,0.125,1.712942585,1
1,26,72,16,0.125,1.824881859,2
1,26,81,16,0.125,1.793226764,3
1,26,91,16,0.125,1.933067299,4
1,26,97,16,0.125,2.171899199,5
1,26,105,16,0.125,3.178025275,6
1,26,121,16,0.125,1.754919395,7
1,26,87,15,0.1171875,1.530201487,8
1,26,113,1,0.0078125,0.100836135,0
1,27,26,16,0.125,1.892493017,1
1,27,33,16,0.125,1.830651209,2
1,27,63,16,0.125,2.359783247,3
1,27,79,16,0.125,1.993084349,4
1,27,84,16,0.125,2.298386157,5
1,27,122,16,0.125,2.005100384,6
1,27,118,15,0.1171875,1.695780315,7
1,27,15,9,0.0703125,1.014972538,8
1,27,64,7,0.0546875,0.796262644,0
1,27,24,1,0.0078125,0.113486141,0
1,28,12,16,0.125,3.218612954,1
1,28,42,16,0.125,1.957937278,2
1,28,53,16,0.125,1.321126819,3
1,28,91,16,0.125,1.99870874,4
1,28,98,16,0.125,1.686351992,5
1,28,119,16,0.125,2.062091544,6
1,28,122,16,0.125,2.502067655,7
1,28,107,13,0.1015625,1.016785599,8
1,28,58,2,0.015625,0.157305859,0
1,28,34,1,0.0078125,0.079011559,0
1,29,3,16,0.125,1.590247571,1
1,29,13,16,0.125,2.020099737,2
1,29,34,16,0.125,1.627981924,3
1,29,78,16,0.125,1.731332347,4
1,29,94,16,0.125,1.866582058,5
1,29,105,16,0.125,1.523385815,6
1,29,120,16,0.125,2.723750785,7
1,29,124,16,0.125,2.916619763,8
1,30,6,16,0.125,1.852176636,1
1,30,58,16,0.125,1.927911073,2
1,30,82,16,0.125,1.706285104,3
1,30,91,16,0.125,1.977356926,4
1,30,107,16,0.125,1.92779009,5
1,30,120,16,0.125,1.733533621,6
1,30,125,16,0.125,1.59511973,7
1,30,126,16,0.125,3.27982682,8
1,31,24,16,0.125,2.290923849,1
1,31,36,16,0.125,1.897331543,2
1,31,41,16,0.125,1.932862245,3
1,31,56,16,0.125,2.137603655,4
1,31,59,16,0.125,2.340518355,5
1,31,79,16,0.125,1.853352077,6
1,31,28,11,0.0859375,1.222241677,7
1,31,29,10,0.078125,1.105534866,8
1,31,88,7,0.0546875,0.778707869,0
1,31,38,3,0.0234375,0.329516061,0
1,31,114,1,0.0078125,0.111407802,0
1,32,5,16,0.125,1.871822588,1
1,32,10,16,0.125,1.962116703,2
1,32,11,16,0.125,2.090295136,3
1,32,72,16,0.125,1.921733461,4
1,32,78,16,0.125,1.85539718,5
1,32,85,16,0.125,2.643030256,6
1,32,92,16,0.125,1.860685728,7
1,32,48,11,0.0859375,1.244441845,8
1,32,90,3,0.0234375,0.331562847,0
1,32,118,2,0.015625,0.218914255,0
1,33,11,16,0.125,1.863997154,1
1,33,13,16,0.125,2.831004485,2
1,33,32,16,0.125,1.785381846,3
1,33,44,16,0.125,1.994021878,4
1,33,53,16,0.125,1.944799244,5
1,33,63,16,0.125,2.196078196,6
1,33,2,11,0.0859375,1.198038317,7
1,33,115,11,0.0859375,1.15576233,8
1,33,14,9,0.0703125,0.926192306,0
1,33,51,1,0.0078125,0.104724243,0
1,34,1,16,0.125,1.452075645,1
1,34,22,16,0.125,1.444087192,2
1,34,29,16,0.125,4.164291084,3
1,34,42,16,0.125,1.46173621,4
1,34,54,16,0.125,1.667851277,5
1,34,75,16,0.125,2.057483047,6
1,34,84,16,0.125,2.220518708,7
1,34,92,16,0.125,1.531956837,8
1,35,28,16,0.125,1.618714832,1
1,35,31,16,0.125,2.199820146,2
1,35,32,16,0.125,2.357903391,3
1,35,36,16,0.125,1.518919013,4
1,35,62,16,0.125,2.063905358,5
1,35,76,16,0.125,1.868489914,6
1,35,109,16,0.125,2.835336298,7
1,35,120,16,0.125,1.536911048,8
1,36,11,16,0.125,1.776585817,1
1,36,18,16,0.125,1.646103278,2
1,36,20,16,0.125,2.789331019,3
1,36,24,16,0.125,2.579790309,4
1,36,54,16,0.125,1.42046953,5
1,36,57,16,0.125,1.656336673,6
1,36,62,16,0.125,2.305732161,7
1,36,125,16,0.125,1.825651214,8
1,37,11,16,0.125,1.452742167,1
1,37,13,16,0.125,1.815202817,2
1,37,27,16,0.125,1.652592845,3
1,37,53,16,0.125,1.308670409,4
1,37,82,16,0.125,2.298977673,5
1,37,91,16,0.125,2.633165836,6
1,37,110,16,0.125,3.042522788,7
1,37,119,16,0.125,1.796125464,8
1,38,2,16,0.125,1.335802481,1
1,38,5,16,0.125,1.320109211,2
1,38,16,16,0.125,2.58477737,3
1,38,91,16,0.125,1.817216381,4
1,38,97,16,0.125,1.370231129,5
1,38,105,16,0.125,4.191101819,6
1,38,109,16,0.125,1.47855892,7
1,38,110,16,0.125,1.902202688,8
1,39,5,16,0.125,1.615662724,1
1,39,16,16,0.125,2.050295681,2
1,39,48,16,0.125,2.020572625,3
1,39,63,16,0.125,1.703260988,4
1,39,72,16,0.125,2.919914395,5
1,39,84,16,0.125,2.352994964,6
1,39,118,16,0.125,1.806132428,7
1,39,59,14,0.109375,1.34488336,8
1,39,49,2,0.015625,0.186282836,0
1,40,12,16,0.125,2.383406892,1
1,40,34,16,0.125,1.17535042,2
1,40,48,16,0.125,1.380725384,3
1,40,91,16,0.125,2.286094427,4
1,40,98,16,0.125,1.730218425,5
1,40,115,16,0.125,1.360675849,6
1,40,119,16,0.125,3.081252858,7
1,40,122,16,0.125,2.602275744,8
1,41,78,16,0.125,1.869983904,1
1,41,80,16,0.125,2.699782476,2
1,41,94,16,0.125,1.615237527,3
1,41,120,16,0.125,1.694266066,4
1,41,123,16,0.125,2.180324629,5
1,41,124,16,0.125,2.887964547,6
1,41,82,13,0.1015625,1.240351789,7
1,41,68,8,0.0625,0.760126032,8
1,41,100,7,0.0546875,0.670671038,0
1,41,49,4,0.03125,0.381291993,0
1,42,14,16,0.125,1.338656828,1
1,42,27,16,0.125,3.438388869,2
1,42,30,16,0.125,1.999965876,3
1,42,43,16,0.125,1.671177112,4
1,42,60,16,0.125,1.919598155,5
1,42,76,16,0.125,2.850734219,6
1,42,109,16,0.125,1.513940513,7
1,42,63,15,0.1171875,1.188803568,8
1,42,71,1,0.0078125,0.07873486,0
1,43,6,16,0.125,1.682097003,1
1,43,11,16,0.125,2.853024647,2
1,43,29,16,0.125,4.042684525,3
1,43,45,16,0.125,1.922923081,4
1,43,94,16,0.125,1.368790098,5
1,43,98,16,0.125,1.488732032,6
1,43,32,14,0.109375,1.151507944,7
1,43,106,10,0.078125,0.832508877,8
1,43,37,6,0.046875,0.49289237,0
1,43,85,1,0.0078125,0.082263671,0
1,43,120,1,0.0078125,0.082575753,0
1,44,15,16,0.125,3.118534192,1
1,44,49,16,0.125,1.775054999,2
1,44,50,16,0.125,1.734146297,3
1,44,79,16,0.125,2.722485691,4
1,44,108,16,0.125,1.533206128,5
1,44,112,16,0.125,1.928688318,6
1,44,127,16,0.125,1.672479525,7
1,44,2,14,0.109375,1.328729413,8
1,44,96,2,0.015625,0.186675437,0
1,45,1,16,0.125,1.716083251,1
1,45,2,16,0.125,1.299015291,2
1,45,4,16,0.125,1.704258181,3
1,45,18,16,0.125,1.296504676,4
1,45,53,16,0.125,1.84815567,5
1,45,58,16,0.125,5.670152366,6
1,45,107,16,0.125,1.237113148,7
1,45,126,11,0.0859375,0.847312815,8
1,45,54,5,0.0390625,0.381404601,0
1,46,4,16,0.125,2.011261806,1
1,46,15,16,0.125,1.539410807,2
1,46,64,16,0.125,2.381322384,3
1,46,70,16,0.125,1.727125891,4
1,46,76,16,0.125,1.786932342,5
1,46,102,16,0.125,3.173074797,6
1,46,107,16,0.125,1.749009736,7
1,46,112,16,0.125,1.631862238,8
1,47,7,16,0.125,1.749132909,1
1,47,22,16,0.125,1.964812152,2
1,47,36,16,0.125,2.618375748,3
1,47,46,16,0.125,1.8913799,4
1,47,48,16,0.125,1.611375049,5
1,47,58,16,0.125,1.949498855,6
1,47,110,16,0.125,2.481515244,7
1,47,112,16,0.125,1.733910143,8
2,0,23,16,0.125,2.124161154,1
2,0,30,16,0.125,3.421082288,2
2,0,41,16,0.125,1.068095542,3
2,0,79,16,0.125,1.288368978,4
2,0,86,16,0.125,1.603401117,5
2,0,105,16,0.125,2.261157975,6
2,0,112,16,0.125,2.727477074,7
2,0,125,16,0.125,1.506255873,8
2,1,9,16,0.125,1.84707164,1
2,1,16,16,0.125,2.52218549,2
2,1,28,16,0.125,1.232819431,3
2,1,29,16,0.125,1.377994262,4
2,1,48,16,0.125,3.518831596,5
2,1,68,16,0.125,2.497667953,6
2,1,88,16,0.125,1.434299186,7
2,1,101,16,0.125,1.569130443,8
2,2,23,16,0.125,2.043387011,1
2,2,25,16,0.125,0.937355872,2
2,2,44,16,0.125,2.407709718,3
2,2,56,16,0.125,2.603355885,4
2,2,71,16,0.125,1.646709807,5
2,2,72,16,0.125,3.889008388,6
2,2,74,16,0.125,0.925532687,7
2,2,126,16,0.125,1.546940632,8
2,3,3,16,0.125,1.583025061,1
2,3,30,16,0.125,1.552398801,2
2,3,32,16,0.125,2.937305793,3
2,3,53,16,0.125,2.093083009,4
2,3,56,16,0.125,2.056596279,5
2,3,99,16,0.125,1.802574962,6
2,3,101,16,0.125,1.924448572,7
2,3,114,16,0.125,2.050567523,8
2,4,12,16,0.125,2.770340785,1
2,4,19,16,0.125,2.219525114,2
2,4,26,16,0.125,1.802698202,3
2,4,60,16,0.125,1.570814759,4
2,4,64,16,0.125,2.274359837,5
2,4,65,16,0.125,1.660714626,6
2,4,100,16,0.125,1.94918111,7
2,4,108,16,0.125,1.752365567,8
2,5,4,16,0.125,3.604327798,1
2,5,17,16,0.125,1.712561004,2
2,5,20,16,0.125,1.395028748,3
2,5,46,16,0.125,1.704233378,4
2,5,63,16,0.125,1.944387145,5
2,5,65,16,0.125,1.886416294,6
2,5,73,16,0.125,2.063732758,7
2,5,104,16,0.125,1.689312875,8
2,6,22,16,0.125,2.00830999,1
2,6,33,16,0.125,2.273488477,2
2,6,39,16,0.125,1.69614289,3
2,6,49,16,0.125,1.800237335,4
2,6,58,16,0.125,1.9446178,5
2,6,74,16,0.125,2.08833839,6
2,6,82,16,0.125,2.432006389,7
2,6,112,16,0.125,1.756858729,8
2,7,15,16,0.125,1.979669996,1
2,7,19,16,0.125,1.898244627,2
2,7,29,16,0.125,2.115575761,3
2,7,44,16,0.125,2.271916375,4
2,7,56,16,0.125,1.926268175,5
2,7,63,16,0.125,2.046490371,6
2,7,114,16,0.125,2.038512185,7
2,7,115,16,0.125,1.723322511,8
2,8,11,16,0.125,1.734833315,1
2,8,17,16,0.125,1.821617171,2
2,8,22,16,0.125,2.030177251,3
2,8,45,16,0.125,1.866656698,4
2,8,50,16,0.125,1.883122325,5
2,8,85,16,0.125,2.439352438,6
2,8,100,16,0.125,1.950516827,7
2,8,124,16,0.125,2.273723975,8
2,9,6,16,0.125,2.364309549,1
2,9,13,16,0.125,1.802214287,2
2,9,23,16,0.125,2.056159228,3
2,9,38,16,0.125,2.113157079,4
2,9,67,16,0.125,1.864851929,5
2,9,92,16,0.125,2.293809503,6
2,9,63,15,0.1171875,1.648286708,7
2,9,39,11,0.0859375,1.196888976,8
2,9,66,6,0.046875,0.660322741,0
2,10,1,16,0.125,2.808898136,1
2,10,5,16,0.125,1.71543698,2
2,10,6,16,0.125,1.665878057,3
2,10,19,16,0.125,1.882089391,4
2,10,36,16,0.125,2.083302185,5
2,10,42,16,0.125,1.985966414,6
2,10,48,16,0.125,2.285833538,7
2,10,66,9,0.0703125,0.880952299,8
2,10,92,7,0.0546875,0.691643,0
2,11,14,16,0.125,1.614114769,1
2,11,17,16,0.125,1.704837427,2
2,11,22,16,0.125,1.676780619,3
2,11,36,16,0.125,1.665349238,4
2,11,52,16,0.125,2.303074598,5
2,11,62,16,0.125,2.900011867,6
2,11,117,16,0.125,2.167830825,7
2,11,121,16,0.125,1.968000658,8
2,12,11,16,0.125,2.026310824,1
2,12,19,16,0.125,2.090638116,2
2,12,20,16,0.125,1.704567015,3
2,12,28,16,0.125,1.835954525,4
2,12,41,16,0.125,2.368968219,5
2,12,57,16,0.125,2.16104193,6
2,12,59,16,0.125,1.90352764,7
2,12,111,16,0.125,1.908991732,8
2,13,13,16,0.125,2.294874281,1
2,13,34,16,0.125,2.031128936,2
2,13,52,16,0.125,1.945685856,3
2,13,84,16,0.125,1.845762268,4
2,13,93,16,0.125,1.974414952,5
2,13,104,16,0.125,2.079309687,6
2,13,110,16,0.125,2.013383441,7
2,13,117,9,0.0703125,1.029456303,8
2,13,27,5,0.0390625,0.561599284,0
2,13,11,2,0.015625,0.224384993,0
2,14,2,16,0.125,2.60145776,1
2,14,5,16,0.125,2.133458793,2
2,14,24,16,0.125,2.205465779,3
2,14,61,16,0.125,1.76697696,4
2,14,97,16,0.125,1.71771685,5
2,14,102,16,0.125,1.793450303,6
2,14,109,16,0.125,2.249029711,7
2,14,14,9,0.0703125,0.84731406,8
2,14,66,7,0.0546875,0.685129784,0
2,15,58,16,0.125,2.241768628,1
2,15,63,16,0.125,2.213787079,2
2,15,64,16,0.125,1.92868685,3
2,15,79,16,0.125,1.803078502,4
2,15,84,16,0.125,2.16005981,5
2,15,111,16,0.125,1.928835668,6
2,15,127,16,0.125,2.059546374,7
2,15,122,9,0.0703125,0.931185283,8
2,15,2,7,0.0546875,0.733051807,0
2,16,42,16,0.125,2.337267771,1
2,16,48,16,0.125,2.334967867,2
2,16,70,16,0.125,1.863640994,3
2,16,93,16,0.125,1.934330724,4
2,16,97,16,0.125,2.772907868,5
2,16,107,16,0.125,1.662364937,6
2,16,122,16,0.125,1.592781156,7
2,16,6,10,0.078125,0.933574505,8
2,16,116,6,0.046875,0.568164177,0
2,17,73,16,0.125,1.58711952,1
2,17,75,16,0.125,1.835519768,2
2,17,80,16,0.125,1.812575713,3
2,17,94,16,0.125,3.490927219,4
2,17,122,16,0.125,1.875537567,5
2,17,124,16,0.125,2.216199383,6
2,17,123,12,0.09375,1.199044541,7
2,17,105,11,0.0859375,1.095012508,8
2,17,90,8,0.0625,0.788263611,0
2,17,116,1,0.0078125,0.099800169,0
2,18,32,16,0.125,1.668689609,1
2,18,33,16,0.125,1.686806768,2
2,18,58,16,0.125,1.968358941,3
2,18,74,16,0.125,2.089180768,4
2,18,82,16,0.125,2.170109317,5
2,18,104,16,0.125,1.675458826,6
2,18,112,16,0.125,2.450396359,7
2,18,126,16,0.125,2.290999413,8
2,19,10,16,0.125,1.970708422,1
2,19,28,16,0.125,2.237482339,2
2,19,29,16,0.125,2.649110615,3
2,19,44,16,0.125,1.778522119,4
2,19,52,16,0.125,1.978339463,5
2,19,92,16,0.125,1.849394046,6
2,19,63,11,0.0859375,1.210643075,7
2,19,56,8,0.0625,0.890681729,8
2,19,75,7,0.0546875,0.781784989,0
2,19,114,4,0.03125,0.43552538,0
2,19,32,2,0.015625,0.217807822,0
2,20,0,16,0.125,1.779689208,1
2,20,76,16,0.125,1.857896939,2
2,20,85,16,0.125,3.405078501,3
2,20,92,16,0.125,1.721566163,4
2,20,123,16,0.125,1.714817613,5
2,20,124,16,0.125,2.318958431,6
2,20,114,13,0.1015625,1.322218724,7
2,20,48,10,0.078125,0.99426917,8
2,20,45,8,0.0625,0.790198579,0
2,20,100,1,0.0078125,0.095306672,0
2,21,2,16,0.125,1.866659239,1
2,21,32,16,0.125,2.319867954,2
2,21,38,16,0.125,2.457643852,3
2,21,44,16,0.125,1.777050152,4
2,21,63,16,0.125,2.320238739,5
2,21,6,15,0.1171875,1.628511727,6
2,21,11,14,0.109375,1.567035429,7
2,21,39,12,0.09375,1.308458857,8
2,21,13,7,0.0546875,0.754534051,0
2,22,1,16,0.125,2.023769103,1
2,22,36,16,0.125,1.719497256,2
2,22,42,16,0.125,2.690673187,3
2,22,48,16,0.125,2.46884948,4
2,22,71,16,0.125,1.601988927,5
2,22,75,16,0.125,1.741018154,6
2,22,89,16,0.125,2.147032365,7
2,22,122,11,0.0859375,1.118720368,8
2,22,12,5,0.0390625,0.48845116,0
2,23,14,16,0.125,2.028553762,1
2,23,31,16,0.125,1.91293475,2
2,23,36,16,0.125,2.359955683,3
2,23,62,16,0.125,2.527084261,4
2,23,65,16,0.125,1.907151915,5
2,23,76,16,0.125,1.650362395,6
2,23,117,16,0.125,1.968211941,7
2,23,108,9,0.0703125,0.926260442,8
2,23,4,6,0.046875,0.617239408,0
2,23,17,1,0.0078125,0.102245443,0
2,24,11,16,0.125,1.947260134,1
2,24,18,16,0.125,2.114066884,2
2,24,19,16,0.125,2.140655056,3
2,24,20,16,0.125,2.176571682,4
2,24,28,16,0.125,1.87825042,5
2,24,57,16,0.125,2.239130035,6
2,24,59,16,0.125,1.683734208,7
2,24,108,16,0.125,1.820331581,8
2,25,13,16,0.125,2.362824038,1
2,25,34,16,0.125,1.582920581,2
2,25,50,16,0.125,2.174283847,3
2,25,72,16,0.125,1.811148152,4
2,25,84,16,0.125,2.099125847,5
2,25,87,16,0.125,1.525381677,6
2,25,110,16,0.125,2.936768562,7
2,25,52,15,0.1171875,1.415255152,8
2,25,86,1,0.0078125,0.092292145,0
2,26,5,16,0.125,1.883293077,1
2,26,24,16,0.125,2.320990726,2
2,26,27,16,0.125,1.861422889,3
2,26,59,16,0.125,1.811170548,4
2,26,72,16,0.125,1.814941078,5
2,26,91,16,0.125,2.044426695,6
2,26,97,16,0.125,2.254821718,7
2,26,113,16,0.125,2.008933268,8
2,27,15,16,0.125,1.575685918,1
2,27,63,16,0.125,2.473911241,2
2,27,64,16,0.125,1.878667027,3
2,27,79,16,0.125,1.847732395,4
2,27,84,16,0.125,2.2745094,5
2,27,111,16,0.125,2.374505028,6
2,27,118,16,0.125,1.636875898,7
2,27,122,16,0.125,1.938113093,8
2,28,6,16,0.125,2.278149694,1
2,28,11,16,0.125,1.615311936,2
2,28,42,16,0.125,2.045740731,3
2,28,70,16,0.125,1.974998236,4
2,28,91,16,0.125,1.837724842,5
2,28,98,16,0.125,1.700902991,6
2,28,122,16,0.125,3.110651791,7
2,28,97,6,0.046875,0.539755896,8
2,28,107,6,0.046875,0.54055056,0
2,28,116,4,0.03125,0.356213324,0
2,29,13,16,0.125,1.731801122,1
2,29,37,16,0.125,1.621812895,2
2,29,46,16,0.125,1.77962283,3
2,29,70,16,0.125,1.587561779,4
2,29,94,16,0.125,2.566686496,5
2,29,105,16,0.125,1.892410919,6
2,29,120,16,0.125,2.33009097,7
2,29,124,16,0.125,2.490012988,8
2,30,6,16,0.125,2.060926437,1
2,30,25,16,0.125,1.870979443,2
2,30,58,16,0.125,2.321840063,3
2,30,74,16,0.125,1.926721223,4
2,30,82,16,0.125,2.414358646,5
2,30,39,15,0.1171875,1.690178081,6
2,30,98,12,0.09375,1.367642209,7
2,30,48,11,0.0859375,1.235648587,8
2,30,33,10,0.078125,1.111705311,0
2,31,24,16,0.125,1.905811697,1
2,31,28,16,0.125,2.466189861,2
2,31,29,16,0.125,2.263395518,3
2,31,44,16,0.125,1.977649666,4
2,31,63,16,0.125,1.981476568,5
2,31,115,16,0.125,1.948840745,6
2,31,59,13,0.1015625,1.422006853,7
2,31,2,12,0.09375,1.280477718,8
2,31,10,4,0.03125,0.428408094,0
2,31,41,3,0.0234375,0.32574328,0
2,32,0,16,0.125,1.856339023,1
2,32,72,16,0.125,1.67208001,2
2,32,85,16,0.125,3.042611822,3
2,32,90,16,0.125,1.831159458,4
2,32,108,16,0.125,1.605039939,5
2,32,113,16,0.125,1.651087686,6
2,32,124,16,0.125,2.794974789,7
2,32,10,8,0.0625,0.76825694,8
2,32,48,8,0.0625,0.778450333,0
2,33,2,16,0.125,1.825611137,1
2,33,13,16,0.125,1.785199001,2
2,33,32,16,0.125,2.298667938,3
2,33,38,16,0.125,1.708220914,4
2,33,53,16,0.125,2.115707591,5
2,33,63,16,0.125,2.891536221,6
2,33,115,16,0.125,1.788975991,7
2,33,6,11,0.0859375,1.080690533,8
2,33,39,5,0.0390625,0.505390674,0
2,34,1,16,0.125,1.825467356,1
2,34,5,16,0.125,1.631810173,2
2,34,29,16,0.125,1.902206518,3
2,34,36,16,0.125,2.138673261,4
2,34,42,16,0.125,3.494791657,5
2,34,75,16,0.125,2.170047179,6
2,34,89,16,0.125,1.49733609,7
2,34,35,10,0.078125,0.825875163,8
2,34,84,6,0.046875,0.513792604,0
2,35,6,16,0.125,2.036185518,1
2,35,31,16,0.125,2.296867222,2
2,35,36,16,0.125,1.850564264,3
2,35,62,16,0.125,2.937175661,4
2,35,110,16,0.125,1.821910307,5
2,35,117,16,0.125,1.72312928,6
2,35,120,13,0.1015625,1.371399984,7
2,35,17,8,0.0625,0.818566576,8
2,35,32,8,0.0625,0.836313404,0
2,35,104,3,0.0234375,0.307887785,0
2,36,11,16,0.125,1.999272197,1
2,36,18,16,0.125,1.870433904,2
2,36,19,16,0.125,1.532714613,3
2,36,20,16,0.125,2.863421828,4
2,36,57,16,0.125,1.807791695,5
2,36,59,16,0.125,1.89640677,6
2,36,62,16,0.125,2.574443206,7
2,36,101,11,0.0859375,1.010814197,8
2,36,28,5,0.0390625,0.44470159,0
2,37,2,16,0.125,1.595562108,1
2,37,13,16,0.125,3.133710101,2
2,37,27,16,0.125,1.549458846,3
2,37,50,16,0.125,1.448537558,4
2,37,82,16,0.125,1.7887135,5
2,37,84,16,0.125,1.462816887,6
2,37,91,16,0.125,2.602413163,7
2,37,110,16,0.125,2.418787837,8
2,38,2,16,0.125,2.360510543,1
2,38,16,16,0.125,1.913418762,2
2,38,24,16,0.125,1.747278608,3
2,38,102,16,0.125,2.025059633,4
2,38,109,16,0.125,1.920983419,5
2,38,110,16,0.125,2.285531119,6
2,38,113,16,0.125,2.056897506,7
2,38,91,13,0.1015625,1.376257233,8
2,38,97,2,0.015625,0.210427597,0
2,38,108,1,0.0078125,0.103635579,0
2,39,5,16,0.125,1.896852367,1
2,39,16,16,0.125,1.958922297,2
2,39,48,16,0.125,2.085287943,3
2,39,63,16,0.125,1.773311101,4
2,39,72,16,0.125,2.296979547,5
2,39,84,16,0.125,2.597787753,6
2,39,118,16,0.125,1.785739563,7
2,39,58,8,0.0625,0.800044551,8
2,39,111,7,0.0546875,0.705916032,0
2,39,14,1,0.0078125,0.099158846,0
2,40,11,16,0.125,2.743894324,1
2,40,48,16,0.125,1.666004181,2
2,40,70,16,0.125,1.720229723,3
2,40,91,16,0.125,2.226313144,4
2,40,97,16,0.125,1.550963782,5
2,40,98,16,0.125,2.13276574,6
2,40,122,16,0.125,2.411789805,7
2,40,69,15,0.1171875,1.453242637,8
2,40,6,1,0.0078125,0.094796665,0
2,41,37,16,0.125,1.802774087,1
2,41,46,16,0.125,1.872774936,2
2,41,80,16,0.125,1.922958456,3
2,41,81,16,0.125,2.267938763,4
2,41,94,16,0.125,2.354232177,5
2,41,105,16,0.125,1.687016428,6
2,41,123,16,0.125,1.841997504,7
2,41,124,16,0.125,2.250307649,8
2,42,0,16,0.125,2.080877915,1
2,42,30,16,0.125,2.920208126,2
2,42,60,16,0.125,2.41644305,3
2,42,63,16,0.125,1.630212553,4
2,42,70,16,0.125,1.58933115,5
2,42,76,16,0.125,2.332611367,6
2,42,109,16,0.125,1.612637326,7
2,42,58,15,0.1171875,1.330307677,8
2,42,14,1,0.0078125,0.087370835,0
2,43,11,16,0.125,2.078985497,1
2,43,18,16,0.125,4.982130289,2
2,43,45,16,0.125,1.293341838,3
2,43,51,16,0.125,1.421888553,4
2,43,56,16,0.125,2.00520914,5
2,43,96,16,0.125,1.311183929,6
2,43,99,16,0.125,1.630195051,7
2,43,80,8,0.0625,0.639350146,8
2,43,98,8,0.0625,0.637715556,0
2,44,7,16,0.125,2.087225527,1
2,44,12,16,0.125,1.675359242,2
2,44,15,16,0.125,2.43311958,3
2,44,79,16,0.125,2.362654611,4
2,44,99,16,0.125,2.960676059,5
2,44,103,16,0.125,1.529980406,6
2,44,104,16,0.125,1.537414685,7
2,44,119,16,0.125,1.41356989,8
2,45,1,16,0.125,1.874184541,1
2,45,4,16,0.125,1.837837987,2
2,45,16,16,0.125,1.929736637,3
2,45,53,16,0.125,3.247703582,4
2,45,58,16,0.125,2.630178332,5
2,45,77,16,0.125,1.428466707,6
2,45,92,16,0.125,1.698082499,7
2,45,13,9,0.0703125,0.759419546,8
2,45,76,6,0.046875,0.508050308,0
2,45,36,1,0.0078125,0.086339861,0
2,46,4,16,0.125,1.904540546,1
2,46,42,16,0.125,1.776964463,2
2,46,48,16,0.125,1.833472513,3
2,46,81,16,0.125,4.119186193,4
2,46,102,16,0.125,1.614796415,5
2,46,40,15,0.1171875,1.469648153,6
2,46,46,15,0.1171875,1.507662378,7
2,46,29,14,0.109375,1.387209103,8
2,46,13,4,0.03125,0.386520237,0
2,47,10,16,0.125,2.560923681,1
2,47,46,16,0.125,1.213131785,2
2,47,58,16,0.125,2.135405213,3
2,47,71,16,0.125,1.296621874,4
2,47,108,16,0.125,3.104541153,5
2,47,110,16,0.125,3.268940508,6
2,47,51,14,0.109375,1.061076805,7
2,47,67,11,0.0859375,0.832924709,8
2,47,41,4,0.03125,0.303349353,0
2,47,83,3,0.0234375,0.223084919,0
3,0,23,16,0.125,2.236014232,1
3,0,66,16,0.125,1.124338642,2
3,0,70,16,0.125,1.489506669,3
3,0,77,16,0.125,2.271226466,4
3,0,86,16,0.125,1.106907494,5
3,0,87,16,0.125,2.573636696,6
3,0,91,16,0.125,1.274042517,7
3,0,112,16,0.125,3.924327284,8
3,1,13,16,0.125,1.503264852,1
3,1,14,16,0.125,2.274403945,2
3,1,29,16,0.125,1.330521539,3
3,1,78,16,0.125,3.185517371,4
3,1,86,16,0.125,2.582262099,5
3,1,101,16,0.125,1.273331508,6
3,1,104,16,0.125,1.757494472,7
3,1,107,16,0.125,2.093204215,8
3,2,15,16,0.125,1.929184593,1
3,2,23,16,0.125,1.579168282,2
3,2,56,16,0.125,2.282044142,3
3,2,64,16,0.125,0.922034763,4
3,2,71,16,0.125,1.103514418,5
3,2,72,16,0.125,4.492029995,6
3,2,115,16,0.125,2.087984055,7
3,2,119,16,0.125,1.604039751,8
3,3,23,16,0.125,1.650352441,1
3,3,46,16,0.125,2.642410219,2
3,3,53,16,0.125,2.394237354,3
3,3,56,16,0.125,1.83572381,4
3,3,80,16,0.125,1.623183236,5
3,3,90,16,0.125,1.676340371,6
3,3,117,16,0.125,1.96558255,7
3,3,119,16,0.125,2.21217002,8
3,4,12,16,0.125,1.682525203,1
3,4,19,16,0.125,1.73593761,2
3,4,64,16,0.125,2.073588654,3
3,4,65,16,0.125,2.089856938,4
3,4,93,16,0.125,1.965148456,5
3,4,108,16,0.125,3.252648503,6
3,4,110,16,0.125,1.48626674,7
3,4,127,16,0.125,1.714027897,8
3,5,4,16,0.125,2.320957303,1
3,5,41,16,0.125,1.671722047,2
3,5,45,16,0.125,1.681530863,3
3,5,46,16,0.125,2.546587527,4
3,5,53,16,0.125,1.963986576,5
3,5,63,16,0.125,1.816399008,6
3,5,65,16,0.125,2.369023055,7
3,5,120,16,0.125,1.629793622,8
3,6,22,16,0.125,1.888597637,1
3,6,33,16,0.125,2.29820855,2
3,6,49,16,0.125,1.823368087,3
3,6,58,16,0.125,1.828711875,4
3,6,74,16,0.125,1.907135092,5
3,6,82,16,0.125,2.721182972,6
3,6,116,16,0.125,1.821578063,7
3,6,121,12,0.09375,1.286263078,8
3,6,101,4,0.03125,0.424954645,0
3,7,15,16,0.125,2.581406265,1
3,7,19,16,0.125,1.681349151,2
3,7,24,16,0.125,2.429667681,3
3,7,29,16,0.125,2.072232291,4
3,7,44,16,0.125,1.684631765,5
3,7,52,16,0.125,1.658525437,6
3,7,63,16,0.125,1.791539006,7
3,7,114,16,0.125,2.100648403,8
3,8,22,16,0.125,2.269683346,1
3,8,45,16,0.125,1.892685957,2
3,8,68,16,0.125,1.894536138,3
3,8,85,16,0.125,1.939473122,4
3,8,92,16,0.125,1.962333672,5
3,8,97,16,0.125,1.890838392,6
3,8,123,16,0.125,1.865168132,7
3,8,124,16,0.125,2.285281241,8
3,9,6,16,0.125,2.203417316,1
3,9,13,16,0.125,1.884687409,2
3,9,23,16,0.125,2.119057864,3
3,9,38,16,0.125,1.899498329,4
3,9,44,16,0.125,1.853706054,5
3,9,67,16,0.125,2.235952511,6
3,9,69,16,0.125,1.946408644,7
3,9,92,16,0.125,1.857271872,8
3,10,0,16,0.125,1.801834054,1
3,10,1,16,0.125,3.110239506,2
3,10,5,16,0.125,1.659962475,3
3,10,19,16,0.125,1.853570543,4
3,10,36,16,0.125,1.686057977,5
3,10,42,16,0.125,1.758376554,6
3,10,48,16,0.125,2.484560564,7
3,10,92,16,0.125,1.645398326,8
3,11,14,16,0.125,1.578848124,1
3,11,15,16,0.125,2.132913649,2
3,11,17,16,0.125,2.328831136,3
3,11,52,16,0.125,1.849461399,4
3,11,62,16,0.125,1.754481599,5
3,11,81,16,0.125,2.235218912,6
3,11,110,16,0.125,2.187718377,7
3,11,121,16,0.125,1.932526805,8
3,12,11,16,0.125,2.312835678,1
3,12,18,16,0.125,2.041075364,2
3,12,37,16,0.125,2.367719352,3
3,12,41,16,0.125,2.007462919,4
3,12,57,16,0.125,1.773325317,5
3,12,106,16,0.125,1.81545227,6
3,12,125,16,0.125,1.966713004,7
3,12,85,13,0.1015625,1.395409703,8
3,12,27,3,0.0234375,0.320006393,0
3,13,20,16,0.125,1.883315384,1
3,13,33,16,0.125,2.090758801,2
3,13,37,16,0.125,2.178328857,3
3,13,52,16,0.125,1.883333653,4
3,13,92,16,0.125,2.044294,5
3,13,93,16,0.125,2.19536446,6
3,13,104,16,0.125,1.854099713,7
3,13,110,16,0.125,1.870505132,8
3,14,2,16,0.125,1.865438186,1
3,14,5,16,0.125,2.070896119,2
3,14,9,16,0.125,2.172472313,3
3,14,24,16,0.125,2.219587758,4
3,14,29,16,0.125,2.132476062,5
3,14,61,16,0.125,1.834720612,6
3,14,92,16,0.125,1.889275484,7
3,14,109,16,0.125,1.815133467,8
3,15,0,16,0.125,1.67839437,1
3,15,2,16,0.125,2.383300498,2
3,15,51,16,0.125,1.868766665,3
3,15,58,16,0.125,2.778062701,4
3,15,79,16,0.125,1.839823619,5
3,15,84,16,0.125,2.172030166,6
3,15,127,16,0.125,1.698189586,7
3,15,122,15,0.1171875,1.486071877,8
3,15,25,1,0.0078125,0.095360518,0
3,16,23,16,0.125,1.794662386,1
3,16,42,16,0.125,2.498975888,2
3,16,48,16,0.125,2.207462758,3
3,16,91,16,0.125,1.489287674,4
3,16,93,16,0.125,1.571453981,5
3,16,97,16,0.125,2.277550682,6
3,16,98,16,0.125,1.469145007,7
3,16,122,16,0.125,2.691461623,8
3,17,70,16,0.125,1.737348944,1
3,17,80,16,0.125,1.911813639,2
3,17,90,16,0.125,2.158015013,3
3,17,116,16,0.125,1.592729867,4
3,17,122,16,0.125,2.717351854,5
3,17,123,16,0.125,1.80132056,6
3,17,124,16,0.125,2.585221082,7
3,17,73,15,0.1171875,1.402046613,8
3,17,82,1,0.0078125,0.094152428,0
3,18,25,16,0.125,1.65818765,1
3,18,58,16,0.125,2.384529293,2
3,18,74,16,0.125,1.855263114,3
3,18,82,16,0.125,2.279781625,4
3,18,91,16,0.125,1.650142968,5
3,18,107,16,0.125,1.69592727,6
3,18,112,16,0.125,2.162690118,7
3,18,126,16,0.125,2.313477963,8
3,19,15,16,0.125,1.71932245,1
3,19,28,16,0.125,2.403442293,2
3,19,29,16,0.125,2.477270901,3
3,19,52,16,0.125,1.936897717,4
3,19,56,16,0.125,1.753244989,5
3,19,92,16,0.125,2.22713691,6
3,19,102,16,0.125,1.727748565,7
3,19,114,16,0.125,1.754936174,8
3,20,45,16,0.125,1.907643311,1
3,20,68,16,0.125,1.764243722,2
3,20,72,16,0.125,1.757409289,3
3,20,76,16,0.125,1.903912909,4
3,20,85,16,0.125,3.160501733,5
3,20,92,16,0.125,1.878021196,6
3,20,114,16,0.125,1.83097706,7
3,20,123,16,0.125,1.79729078,8
3,21,2,16,0.125,1.638184972,1
3,21,32,16,0.125,1.883773252,2
3,21,38,16,0.125,1.987669513,3
3,21,44,16,0.125,2.808532834,4
3,21,51,16,0.125,1.898517288,5
3,21,56,16,0.125,1.693517543,6
3,21,63,16,0.125,2.369638517,7
3,21,67,16,0.125,1.72016608,8
3,22,0,16,0.125,1.534587167,1
3,22,1,16,0.125,2.374554142,2
3,22,36,16,0.125,1.827841878,3
3,22,42,16,0.125,2.079236582,4
3,22,48,16,0.125,2.245928034,5
3,22,71,16,0.125,1.725390367,6
3,22,75,16,0.125,2.510465205,7
3,22,77,16,0.125,1.701996624,8
3,23,6,16,0.125,1.831160113,1
3,23,14,16,0.125,1.972225614,2
3,23,15,16,0.125,1.926534005,3
3,23,17,16,0.125,2.292280093,4
3,23,31,16,0.125,1.797513939,5
3,23,36,16,0.125,1.685301811,6
3,23,110,16,0.125,2.803108558,7
3,23,121,16,0.125,1.691875868,8
3,24,11,16,0.125,2.006227165,1
3,24,18,16,0.125,2.976596311,2
3,24,28,16,0.125,1.659948356,3
3,24,37,16,0.125,1.952120163,4
3,24,62,16,0.125,1.756683871,5
3,24,101,16,0.125,1.882830948,6
3,24,106,16,0.125,2.116926596,7
3,24,125,16,0.125,1.64866659,8
3,25,37,16,0.125,2.438749269,1
3,25,52,16,0.125,1.498084031,2
3,25,53,16,0.125,1.536591776,3
3,25,72,16,0.125,2.06978181,4
3,25,84,16,0.125,1.664786443,5
3,25,91,16,0.125,1.978852883,6
3,25,110,16,0.125,3.310674921,7
3,25,122,16,0.125,1.502478868,8
3,26,5,16,0.125,2.109659672,1
3,26,9,16,0.125,2.056820124,2
3,26,24,16,0.125,2.411671609,3
3,26,29,16,0.125,2.122204542,4
3,26,72,16,0.125,2.367366493,5
3,26,87,16,0.125,1.491651438,6
3,26,97,16,0.125,1.740452379,7
3,26,109,16,0.125,1.700173743,8
3,27,2,16,0.125,1.838336378,1
3,27,14,16,0.125,1.696780838,2
3,27,24,16,0.125,1.711760163,3
3,27,51,16,0.125,2.813998401,4
3,27,84,16,0.125,2.406955808,5
3,27,102,16,0.125,1.748918131,6
3,27,118,16,0.125,2.064799175,7
3,27,99,15,0.1171875,1.61184594,8
3,27,33,1,0.0078125,0.106605165,0
3,28,23,16,0.125,2.047822595,1
3,28,42,16,0.125,2.148166671,2
3,28,63,16,0.125,1.51736705,3
3,28,70,16,0.125,1.417119227,4
3,28,91,16,0.125,2.747585505,5
3,28,107,16,0.125,1.407435946,6
3,28,122,16,0.125,3.320668668,7
3,28,97,13,0.1015625,1.136046998,8
3,28,48,3,0.0234375,0.257787339,0
3,29,13,16,0.125,1.696847245,1
3,29,14,16,0.125,1.902215526,2
3,29,34,16,0.125,1.832886532,3
3,29,37,16,0.125,1.617529497,4
3,29,51,16,0.125,2.124120206,5
3,29,70,16,0.125,1.790461689,6
3,29,120,16,0.125,2.016950771,7
3,29,124,16,0.125,3.018988535,8
3,30,6,16,0.125,1.91896598,1
3,30,25,16,0.125,2.089100972,2
3,30,48,16,0.125,1.900324769,3
3,30,58,16,0.125,2.473661527,4
3,30,79,16,0.125,2.060878143,5
3,30,82,16,0.125,2.161833376,6
3,30,33,15,0.1171875,1.596830308,7
3,30,39,9,0.0703125,0.948437542,8
3,30,107,6,0.046875,0.636363246,0
3,30,94,2,0.015625,0.213604137,0
3,31,24,16,0.125,2.005784534,1
3,31,28,16,0.125,2.108274311,2
3,31,29,16,0.125,1.96907036,3
3,31,39,16,0.125,1.651638165,4
3,31,59,16,0.125,1.707332201,5
3,31,63,16,0.125,1.602277689,6
3,31,87,16,0.125,3.300800726,7
3,31,115,16,0.125,1.654822014,8
3,32,5,16,0.125,1.883746006,1
3,32,6,16,0.125,1.589376591,2
3,32,24,16,0.125,2.294532239,3
3,32,48,16,0.125,1.628700651,4
3,32,51,16,0.125,2.869506925,5
3,32,85,16,0.125,2.252339557,6
3,32,124,16,0.125,1.841870017,7
3,32,18,15,0.1171875,1.539328508,8
3,32,72,1,0.0078125,0.100599505,0
3,33,13,16,0.125,1.737310104,1
3,33,44,16,0.125,2.35622935,2
3,33,53,16,0.125,2.153889179,3
3,33,56,16,0.125,1.750961155,4
3,33,63,16,0.125,2.847719446,5
3,33,67,16,0.125,1.845870852,6
3,33,115,16,0.125,1.677502885,7
3,33,6,15,0.1171875,1.529267095,8
3,33,38,1,0.0078125,0.101249933,0
3,34,1,16,0.125,1.794156618,1
3,34,36,16,0.125,2.567838177,2
3,34,42,16,0.125,2.442870453,3
3,34,70,16,0.125,1.906113766,4
3,34,75,16,0.125,2.547537699,5
3,34,77,16,0.125,1.617875524,6
3,34,92,16,0.125,1.609819107,7
3,34,5,15,0.1171875,1.416714288,8
3,34,35,1,0.0078125,0.097074367,0
3,35,6,16,0.125,2.234099254,1
3,35,15,16,0.125,2.008517362,2
3,35,17,16,0.125,1.788115069,3
3,35,28,16,0.125,1.542977192,4
3,35,31,16,0.125,2.988704771,5
3,35,48,16,0.125,1.616953827,6
3,35,110,16,0.125,2.482611969,7
3,35,87,11,0.0859375,0.921421938,8
3,35,77,3,0.0234375,0.253033288,0
3,35,62,2,0.015625,0.16356533,0
3,36,11,16,0.125,2.738690391,1
3,36,18,16,0.125,2.147607043,2
3,36,37,16,0.125,1.672571339,3
3,36,57,16,0.125,1.66948875,4
3,36,62,16,0.125,2.672851935,5
3,36,101,16,0.125,1.649835251,6
3,36,106,16,0.125,2.025261208,7
3,36,85,12,0.09375,1.061550967,8
3,36,125,4,0.03125,0.362143114,0
3,37,13,16,0.125,1.625821523,1
3,37,27,16,0.125,1.808099516,2
3,37,36,16,0.125,1.478642702,3
3,37,37,16,0.125,1.577084422,4
3,37,72,16,0.125,1.501875207,5
3,37,82,16,0.125,1.561888605,6
3,37,91,16,0.125,3.325537056,7
3,37,110,16,0.125,3.121050969,8
3,38,2,16,0.125,2.224811599,1
3,38,5,16,0.125,1.756373294,2
3,38,24,16,0.125,2.051447064,3
3,38,29,16,0.125,2.375381768,4
3,38,62,16,0.125,1.799839109,5
3,38,110,16,0.125,2.299810454,6
3,38,109,15,0.1171875,1.644022882,7
3,38,97,14,0.109375,1.524580322,8
3,38,72,3,0.0234375,0.323733509,0
3,39,5,16,0.125,1.89944464,1
3,39,14,16,0.125,2.11246188,2
3,39,16,16,0.125,2.023621149,3
3,39,48,16,0.125,2.337903917,4
3,39,51,16,0.125,2.049308278,5
3,39,84,16,0.125,2.235361412,6
3,39,58,15,0.1171875,1.570504762,7
3,39,118,14,0.109375,1.464596733,8
3,39,49,3,0.0234375,0.306797229,0
3,40,19,16,0.125,1.814612389,1
3,40,23,16,0.125,1.529695168,2
3,40,48,16,0.125,1.988897026,3
3,40,69,16,0.125,1.724734768,4
3,40,91,16,0.125,2.932157382,5
3,40,105,16,0.125,1.858557343,6
3,40,122,16,0.125,2.645538196,7
3,40,123,12,0.09375,1.126757644,8
3,40,50,4,0.03125,0.379050083,0
3,41,49,16,0.125,1.554189689,1
3,41,51,16,0.125,2.040488899,2
3,41,58,16,0.125,1.623544596,3
3,41,80,16,0.125,2.579409182,4
3,41,81,16,0.125,1.698130481,5
3,41,100,16,0.125,2.123717397,6
3,41,116,16,0.125,1.634990267,7
3,41,124,16,0.125,2.745529488,8
3,42,25,16,0.125,4.143133909,1
3,42,30,16,0.125,2.019032948,2
3,42,63,16,0.125,1.498913832,3
3,42,76,16,0.125,2.048874304,4
3,42,88,16,0.125,1.733782768,5
3,42,119,16,0.125,1.836723365,6
3,42,28,14,0.109375,1.21277909,7
3,42,115,13,0.1015625,1.083184592,8
3,42,43,5,0.0390625,0.423575193,0
3,43,2,16,0.125,1.850177504,1
3,43,11,16,0.125,2.249381721,2
3,43,18,16,0.125,2.420082465,3
3,43,45,16,0.125,1.96561332,4
3,43,46,16,0.125,1.761992924,5
3,43,86,16,0.125,1.731229834,6
3,43,91,16,0.125,2.32537964,7
3,43,96,12,0.09375,1.280325241,8
3,43,29,4,0.03125,0.41581735,0
3,44,2,16,0.125,1.923836559,1
3,44,12,16,0.125,1.726044811,2
3,44,15,16,0.125,2.642186388,3
3,44,49,16,0.125,1.775671832,4
3,44,79,16,0.125,2.868113741,5
3,44,104,16,0.125,1.755039826,6
3,44,113,16,0.125,1.68119105,7
3,44,112,12,0.09375,1.227007851,8
3,44,50,2,0.015625,0.198663674,0
3,44,114,2,0.015625,0.202244267,0
3,45,1,16,0.125,2.613547549,1
3,45,2,16,0.125,1.87134251,2
3,45,3,16,0.125,1.897146612,3
3,45,4,16,0.125,2.023367584,4
3,45,53,16,0.125,1.938377842,5
3,45,65,16,0.125,1.843266211,6
3,45,127,16,0.125,2.094020978,7
3,45,54,12,0.09375,1.294988811,8
3,45,60,4,0.03125,0.423941903,0
3,46,4,16,0.125,2.24546279,1
3,46,13,16,0.125,1.760823667,2
3,46,17,16,0.125,1.774708919,3
3,46,40,16,0.125,2.191463381,4
3,46,48,16,0.125,2.054695271,5
3,46,74,16,0.125,2.099573925,6
3,46,102,16,0.125,2.087392777,7
3,46,64,15,0.1171875,1.680178836,8
3,46,76,1,0.0078125,0.105700433,0
3,47,39,16,0.125,2.023837321,1
3,47,41,16,0.125,1.52925083,2
3,47,45,16,0.125,1.9450721,3
3,47,46,16,0.125,1.90245679,4
3,47,54,16,0.125,2.655238673,5
3,47,58,16,0.125,1.910589002,6
3,47,79,16,0.125,1.471964866,7
3,47,110,16,0.125,2.561590418,8
4,0,0,16,0.125,1.485223792,1
4,0,27,16,0.125,1.819734149,2
4,0,33,16,0.125,2.448719919,3
4,0,37,16,0.125,1.631199077,4
4,0,64,16,0.125,2.774763316,5
4,0,68,16,0.125,1.736402519,6
4,0,72,16,0.125,2.19501847,7
4,0,79,16,0.125,1.908938758,8
4,1,14,16,0.125,1.439062037,1
4,1,19,16,0.125,2.257325336,2
4,1,28,16,0.125,2.089720264,3
4,1,88,16,0.125,1.392053768,4
4,1,90,16,0.125,3.438661307,5
4,1,96,16,0.125,1.627475806,6
4,1,101,16,0.125,1.995980494,7
4,1,111,16,0.125,1.759720989,8
4,2,46,16,0.125,1.167011522,1
4,2,56,16,0.125,2.325425774,2
4,2,71,16,0.125,2.705417767,3
4,2,72,16,0.125,4.387036502,4
4,2,74,16,0.125,1.317227162,5
4,2,77,16,0.125,1.431250259,6
4,2,94,16,0.125,1.276700392,7
4,2,107,16,0.125,1.389930621,8
4,3,3,16,0.125,1.780105099,1
4,3,37,16,0.125,2.476255357,2
4,3,51,16,0.125,1.759362109,3
4,3,56,16,0.125,1.503391787,4
4,3,71,16,0.125,1.542061314,5
4,3,99,16,0.125,1.530063339,6
4,3,101,16,0.125,2.47384803,7
4,3,109,16,0.125,2.934912965,8
4,4,12,16,0.125,3.09025839,1
4,4,19,16,0.125,1.931949489,2
4,4,52,16,0.125,1.537296042,3
4,4,53,16,0.125,2.444609866,4
4,4,65,16,0.125,1.839887425,5
4,4,107,16,0.125,1.671976201,6
4,4,108,16,0.125,1.752231166,7
4,4,110,16,0.125,1.731791422,8
4,5,4,16,0.125,3.277883887,1
4,5,32,16,0.125,1.819068469,2
4,5,63,16,0.125,1.908216938,3
4,5,65,16,0.125,2.304011062,4
4,5,73,16,0.125,1.682358421,5
4,5,84,16,0.125,1.70718313,6
4,5,46,15,0.1171875,1.552397728,7
4,5,41,13,0.1015625,1.334657021,8
4,5,114,4,0.03125,0.414223343,0
4,6,33,16,0.125,2.167649105,1
4,6,49,16,0.125,1.979507811,2
4,6,58,16,0.125,2.016465239,3
4,6,74,16,0.125,2.188996464,4
4,6,82,16,0.125,1.924250588,5
4,6,92,16,0.125,1.816342957,6
4,6,112,16,0.125,2.249488756,7
4,6,116,16,0.125,1.657299079,8
4,7,15,16,0.125,2.417998344,1
4,7,19,16,0.125,2.604190797,2
4,7,24,16,0.125,1.960556976,3
4,7,44,16,0.125,1.694588706,4
4,7,52,16,0.125,1.676456019,5
4,7,63,16,0.125,1.767260209,6
4,7,114,16,0.125,2.242828563,7
4,7,56,9,0.0703125,0.912247516,8
4,7,125,7,0.0546875,0.72387287,0
4,8,22,16,0.125,2.463521764,1
4,8,23,16,0.125,2.066318646,2
4,8,50,16,0.125,2.072612047,3
4,8,53,16,0.125,1.809377156,4
4,8,68,16,0.125,2.101094291,5
4,8,100,16,0.125,1.852275074,6
4,8,123,16,0.125,1.807594024,7
4,8,76,15,0.1171875,1.714212716,8
4,8,17,1,0.0078125,0.112994283,0
4,9,2,16,0.125,1.663171031,1
4,9,13,16,0.125,2.006485566,2
4,9,23,16,0.125,1.565505497,3
4,9,34,16,0.125,3.095447093,4
4,9,39,16,0.125,1.701104999,5
4,9,69,16,0.125,2.275742799,6
4,9,82,16,0.125,1.768733591,7
4,9,95,16,0.125,1.923809424,8
4,10,0,16,0.125,2.169835359,1
4,10,1,16,0.125,1.91497983,2
4,10,6,16,0.125,1.807637833,3
4,10,19,16,0.125,2.146659702,4
4,10,36,16,0.125,2.129954055,5
4,10,48,16,0.125,1.929905228,6
4,10,67,16,0.125,2.212795541,7
4,10,92,15,0.1171875,1.585020617,8
4,10,31,1,0.0078125,0.103211835,0
4,11,3,16,0.125,1.525840238,1
4,11,48,16,0.125,2.906856835,2
4,11,52,16,0.125,1.66612374,3
4,11,75,16,0.125,2.365633652,4
4,11,81,16,0.125,2.205016956,5
4,11,104,16,0.125,1.876809791,6
4,11,121,16,0.125,1.930774644,7
4,11,110,12,0.09375,1.147801921,8
4,11,72,4,0.03125,0.375142224,0
4,12,11,16,0.125,1.878115527,1
4,12,41,16,0.125,2.301186681,2
4,12,78,16,0.125,2.217487067,3
4,12,92,16,0.125,2.390462011,4
4,12,111,16,0.125,2.05463776,5
4,12,122,16,0.125,1.83822006,6
4,12,18,14,0.109375,1.45590727,7
4,12,37,11,0.0859375,1.144312292,8
4,12,39,4,0.03125,0.412542775,0
4,12,57,2,0.015625,0.205980346,0
4,12,28,1,0.0078125,0.10114821,0
4,13,1,16,0.125,1.770745121,1
4,13,43,16,0.125,1.736644194,2
4,13,52,16,0.125,2.843459144,3
4,13,61,16,0.125,2.117194414,4
4,13,63,16,0.125,1.901579276,5
4,13,104,16,0.125,1.983117379,6
4,13,117,16,0.125,1.996783905,7
4,13,31,9,0.0703125,0.931950964,8
4,13,27,7,0.0546875,0.718525603,0
4,14,2,16,0.125,1.921950184,1
4,14,19,16,0.125,1.719434366,2
4,14,49,16,0.125,3.068214029,3
4,14,66,16,0.125,1.656890571,4
4,14,92,16,0.125,2.242649272,5
4,14,109,16,0.125,1.907027543,6
4,14,113,16,0.125,1.857387707,7
4,14,97,13,0.1015625,1.32573285,8
4,14,78,2,0.015625,0.202298336,0
4,14,61,1,0.0078125,0.098415144,0
4,15,0,16,0.125,2.335075557,1
4,15,26,16,0.125,1.939692788,2
4,15,58,16,0.125,2.290078491,3
4,15,79,16,0.125,2.027121089,4
4,15,84,16,0.125,1.970466129,5
4,15,122,16,0.125,1.843747132,6
4,15,125,16,0.125,1.608051114,7
4,15,127,16,0.125,1.9857677,8
4,16,35,16,0.125,1.634954631,1
4,16,42,16,0.125,1.878178239,2
4,16,48,16,0.125,1.850884371,3
4,16,82,16,0.125,3.007537857,4
4,16,91,16,0.125,2.042794615,5
4,16,97,16,0.125,2.013238959,6
4,16,107,16,0.125,1.472948432,7
4,16,122,16,0.125,2.099462897,8
4,17,73,16,0.125,1.766256966,1
4,17,80,16,0.125,2.250344545,2
4,17,90,16,0.125,2.374312401,3
4,17,118,16,0.125,1.808139823,4
4,17,122,16,0.125,2.250235438,5
4,17,123,16,0.125,1.615991987,6
4,17,124,16,0.125,2.428409174,7
4,17,13,8,0.0625,0.753924862,8
4,17,100,4,0.03125,0.380209312,0
4,17,54,3,0.0234375,0.280247726,0
4,17,3,1,0.0078125,0.091927767,0
4,18,58,16,0.125,2.114457205,1
4,18,74,16,0.125,1.659630165,2
4,18,82,16,0.125,2.035565615,3
4,18,87,16,0.125,1.723968722,4
4,18,104,16,0.125,1.531827904,5
4,18,112,16,0.125,3.103551611,6
4,18,126,16,0.125,2.315346837,7
4,18,49,9,0.0703125,0.846806325,8
4,18,122,6,0.046875,0.575731896,0
4,18,25,1,0.0078125,0.09311372,0
4,19,15,16,0.125,1.796410479,1
4,19,24,16,0.125,1.780672915,2
4,19,29,16,0.125,1.951912232,3
4,19,52,16,0.125,2.568278626,4
4,19,56,16,0.125,2.169064581,5
4,19,114,16,0.125,2.023761936,6
4,19,119,16,0.125,1.929181568,7
4,19,10,15,0.1171875,1.668532237,8
4,19,63,1,0.0078125,0.112185426,0
4,20,10,16,0.125,1.753922686,1
4,20,48,16,0.125,2.016465373,2
4,20,76,16,0.125,1.807501137,3
4,20,85,16,0.125,2.260370627,4
4,20,92,16,0.125,2.02816736,5
4,20,114,16,0.125,2.627521813,6
4,20,123,16,0.125,1.874643855,7
4,20,53,14,0.109375,1.434709266,8
4,20,45,2,0.015625,0.196697883,0
4,21,2,16,0.125,1.608625539,1
4,21,8,16,0.125,1.583673149,2
4,21,13,16,0.125,1.60059014,3
4,21,34,16,0.125,4.06707567,4
4,21,39,16,0.125,1.970490552,5
4,21,51,16,0.125,1.374435149,6
4,21,63,16,0.125,2.481213465,7
4,21,67,16,0.125,1.313896336,8
4,22,0,16,0.125,1.92063462,1
4,22,1,16,0.125,1.791990623,2
4,22,9,16,0.125,2.201941743,3
4,22,12,16,0.125,1.800911494,4
4,22,36,16,0.125,2.732366428,5
4,22,48,16,0.125,2.076590657,6
4,22,67,16,0.125,1.759102039,7
4,22,118,15,0.1171875,1.609955654,8
4,22,122,1,0.0078125,0.106506743,0
4,23,5,16,0.125,2.10871461,1
4,23,15,16,0.125,1.715843081,2
4,23,31,16,0.125,2.637040913,3
4,23,75,16,0.125,2.347639531,4
4,23,104,16,0.125,1.791194282,5
4,23,117,16,0.125,1.957707345,6
4,23,48,15,0.1171875,1.621206321,7
4,23,6,14,0.109375,1.501861654,8
4,23,110,3,0.0234375,0.318792261,0
4,24,11,16,0.125,1.784846812,1
4,24,18,16,0.125,2.307544053,2
4,24,28,16,0.125,1.894397236,3
4,24,37,16,0.125,1.728097126,4
4,24,57,16,0.125,2.093144938,5
4,24,59,16,0.125,2.138230547,6
4,24,101,16,0.125,1.832578309,7
4,24,122,16,0.125,2.221160978,8
4,25,1,16,0.125,2.022723749,1
4,25,13,16,0.125,1.79942549,2
4,25,43,16,0.125,2.174599633,3
4,25,52,16,0.125,2.468575299,4
4,25,72,16,0.125,2.022812821,5
4,25,91,16,0.125,1.529896155,6
4,25,108,16,0.125,1.667156532,7
4,25,110,16,0.125,2.314810321,8
4,26,2,16,0.125,1.656024434,1
4,26,19,16,0.125,1.620776527,2
4,26,27,16,0.125,2.151268125,3
4,26,29,16,0.125,1.831297018,4
4,26,49,16,0.125,2.836188674,5
4,26,59,16,0.125,1.683631711,6
4,26,78,16,0.125,1.953137174,7
4,26,113,16,0.125,2.267676339,8
4,27,0,16,0.125,2.176966861,1
4,27,15,16,0.125,1.964837037,2
4,27,26,16,0.125,2.411958352,3
4,27,33,16,0.125,1.957236715,4
4,27,63,16,0.125,1.989871919,5
4,27,79,16,0.125,1.85134384,6
4,27,84,16,0.125,1.980341345,7
4,27,111,12,0.09375,1.252162181,8
4,27,64,4,0.03125,0.41528175,0
4,28,10,16,0.125,1.409776151,1
4,28,42,16,0.125,1.521418236,2
4,28,70,16,0.125,2.043170467,3
4,28,82,16,0.125,3.205006674,4
4,28,91,16,0.125,1.793297671,5
4,28,109,16,0.125,1.35166695,6
4,28,122,16,0.125,3.34870103,7
4,28,116,14,0.109375,1.163988955,8
4,28,98,2,0.015625,0.162973866,0
4,29,3,16,0.125,2.125158459,1
4,29,13,16,0.125,1.770247623,2
4,29,51,16,0.125,1.579176076,3
4,29,54,16,0.125,1.969173543,4
4,29,105,16,0.125,1.47764878,5
4,29,120,16,0.125,2.311103404,6
4,29,124,16,0.125,3.356130019,7
4,29,59,7,0.0546875,0.617452443,8
4,29,40,6,0.046875,0.528787047,0
4,29,37,3,0.0234375,0.265122607,0
4,30,6,16,0.125,2.100373581,1
4,30,48,16,0.125,1.886314258,2
4,30,58,16,0.125,2.140231907,3
4,30,82,16,0.125,1.895550579,4
4,30,93,16,0.125,1.893756077,5
4,30,98,16,0.125,2.474747568,6
4,30,111,13,0.1015625,1.478823237,7
4,30,25,12,0.09375,1.340189852,8
4,30,94,4,0.03125,0.452913582,0
4,30,18,2,0.015625,0.224773422,0
4,30,62,1,0.0078125,0.112325937,0
4,31,24,16,0.125,2.131961018,1
4,31,29,16,0.125,1.885024942,2
4,31,38,16,0.125,1.956265919,3
4,31,41,16,0.125,2.111529678,4
4,31,47,16,0.125,1.914666288,5
4,31,87,16,0.125,2.060199566,6
4,31,114,16,0.125,1.998697437,7
4,31,56,15,0.1171875,1.82503216,8
4,31,115,1,0.0078125,0.116622992,0
4,32,10,16,0.125,2.734403208,1
4,32,48,16,0.125,1.789872542,2
4,32,50,16,0.125,1.932011925,3
4,32,51,16,0.125,1.772465929,4
4,32,85,16,0.125,2.389675438,5
4,32,92,16,0.125,1.954235137,6
4,32,78,11,0.0859375,1.181534253,7
4,32,108,8,0.0625,0.858393565,8
4,32,4,7,0.0546875,0.742583483,0
4,32,76,4,0.03125,0.426120609,0
4,32,123,1,0.0078125,0.109264612,0
4,32,124,1,0.0078125,0.109439299,0
4,33,13,16,0.125,1.546157688,1
4,33,34,16,0.125,4.71123296,2
4,33,39,16,0.125,1.686258532,3
4,33,51,16,0.125,1.478129692,4
4,33,63,16,0.125,2.100627854,5
4,33,67,16,0.125,1.58262334,6
4,33,15,14,0.109375,1.281356595,7
4,33,4,11,0.0859375,0.986111835,8
4,33,115,5,0.0390625,0.454850107,0
4,33,2,2,0.015625,0.172651395,0
4,34,0,16,0.125,1.791374616,1
4,34,1,16,0.125,2.034194492,2
4,34,9,16,0.125,2.135874167,3
4,34,22,16,0.125,1.779336162,4
4,34,67,16,0.125,1.818144195,5
4,34,81,16,0.125,1.692707032,6
4,34,92,16,0.125,1.871849015,7
4,34,118,16,0.125,2.876520321,8
4,35,5,16,0.125,2.176981375,1
4,35,6,16,0.125,1.919269569,2
4,35,75,16,0.125,2.319856659,3
4,35,77,16,0.125,1.882299587,4
4,35,104,16,0.125,2.069502965,5
4,35,110,16,0.125,2.290492788,6
4,35,15,15,0.1171875,1.556448281,7
4,35,51,12,0.09375,1.267069377,8
4,35,31,5,0.0390625,0.5180794,0
4,36,18,16,0.125,2.399713144,1
4,36,28,16,0.125,1.863772556,2
4,36,57,16,0.125,1.938458845,3
4,36,59,16,0.125,1.740315296,4
4,36,62,16,0.125,2.364674777,5
4,36,101,16,0.125,1.714933544,6
4,36,122,16,0.125,2.432774052,7
4,36,11,13,0.1015625,1.261268258,8
4,36,37,2,0.015625,0.189872302,0
4,36,106,1,0.0078125,0.094217226,0
4,37,1,16,0.125,2.512641817,1
4,37,13,16,0.125,1.674049146,2
4,37,27,16,0.125,2.046855114,3
4,37,43,16,0.125,1.97673098,4
4,37,86,16,0.125,2.037088737,5
4,37,91,16,0.125,2.252579257,6
4,37,110,16,0.125,2.113807425,7
4,37,61,10,0.078125,0.869195499,8
4,37,52,6,0.046875,0.517052025,0
4,38,2,16,0.125,1.742709838,1
4,38,19,16,0.125,1.41525878,2
4,38,26,16,0.125,2.621434018,3
4,38,27,16,0.125,1.492561355,4
4,38,49,16,0.125,3.314577386,5
4,38,78,16,0.125,1.600541599,6
4,38,92,16,0.125,1.875605173,7
4,38,113,16,0.125,1.93731185,8
4,39,0,16,0.125,2.822955251,1
4,39,14,16,0.125,1.886112265,2
4,39,25,16,0.125,3.040543303,3
4,39,48,16,0.125,1.848043732,4
4,39,51,16,0.125,1.509779602,5
4,39,63,16,0.125,1.508268312,6
4,39,84,16,0.125,1.921978354,7
4,39,26,15,0.1171875,1.37201266,8
4,39,50,1,0.0078125,0.09030652,0
4,40,35,16,0.125,3.463842109,1
4,40,49,16,0.125,1.142132506,2
4,40,82,16,0.125,4.181159735,3
4,40,98,16,0.125,1.194831125,4
4,40,109,16,0.125,1.181933604,5
4,40,116,16,0.125,1.527208775,6
4,40,122,16,0.125,2.186704278,7
4,40,19,12,0.09375,0.841810405,8
4,40,28,4,0.03125,0.280377463,0
4,41,6,16,0.125,1.166172184,1
4,41,37,16,0.125,2.132614911,2
4,41,54,16,0.125,1.759005807,3
4,41,99,16,0.125,2.568988502,4
4,41,116,16,0.125,1.973777674,5
4,41,118,16,0.125,1.618189551,6
4,41,123,16,0.125,1.140339002,7
4,41,124,16,0.125,3.640912369,8
4,42,4,16,0.125,2.350597709,1
4,42,30,16,0.125,1.144682065,2
4,42,33,16,0.125,1.265561856,3
4,42,66,16,0.125,2.576662838,4
4,42,70,16,0.125,4.985665768,5
4,42,106,16,0.125,0.880919334,6
4,42,116,16,0.125,1.958460897,7
4,42,71,12,0.09375,0.622369334,8
4,42,76,4,0.03125,0.215080198,0
4,43,41,16,0.125,1.696260236,1
4,43,45,16,0.125,2.491905749,2
4,43,61,16,0.125,4.516649038,3
4,43,69,16,0.125,1.318503752,4
4,43,86,16,0.125,1.897664689,5
4,43,106,16,0.125,1.267860316,6
4,43,111,16,0.125,1.410566986,7
4,43,119,16,0.125,1.400589235,8
4,44,24,16,0.125,1.540024832,1
4,44,42,16,0.125,4.057338595,2
4,44,49,16,0.125,1.540033564,3
4,44,62,16,0.125,2.004617907,4
4,44,79,16,0.125,1.476710714,5
4,44,82,16,0.125,1.203146927,6
4,44,96,16,0.125,2.843728572,7
4,44,103,16,0.125,1.334398888,8
4,45,1,16,0.125,2.024236806,1
4,45,3,16,0.125,1.350898802,2
4,45,34,16,0.125,0.994106643,3
4,45,43,16,0.125,1.00583341,4
4,45,48,16,0.125,1.585450858,5
4,45,51,16,0.125,1.45370619,6
4,45,67,16,0.125,6.510840654,7
4,45,88,16,0.125,1.074926637,8
4,46,4,16,0.125,2.560945332,1
4,46,26,16,0.125,1.541117802,2
4,46,33,16,0.125,3.603989542,3
4,46,40,16,0.125,1.456214011,4
4,46,54,16,0.125,2.379814804,5
4,46,79,16,0.125,1.551563144,6
4,46,102,16,0.125,1.493591629,7
4,46,13,14,0.109375,1.236354336,8
4,46,107,2,0.015625,0.176409401,0
4,47,0,16,0.125,2.961979449,1
4,47,17,16,0.125,2.560901165,2
4,47,23,16,0.125,2.169166774,3
4,47,39,16,0.125,2.739351004,4
4,47,42,16,0.125,1.067562789,5
4,47,80,16,0.125,2.696881294,6
4,47,106,16,0.125,0.906927895,7
4,47,96,13,0.1015625,0.728985902,8
4,47,119,3,0.0234375,0.168243729,0
5,0,4,16,0.125,0.860753287,1
5,0,18,16,0.125,4.936389685,2
5,0,38,16,0.125,1.387641758,3
5,0,79,16,0.125,1.174232505,4
5,0,86,16,0.125,2.610202298,5
5,0,100,16,0.125,2.452058107,6
5,0,101,16,0.125,1.608098961,7
5,0,118,16,0.125,0.9706234,8
5,1,2,16,0.125,2.430709675,1
5,1,13,16,0.125,1.444387801,2
5,1,21,16,0.125,2.003377706,3
5,1,34,16,0.125,2.213189766,4
5,1,67,16,0.125,2.544866636,5
5,1,91,16,0.125,1.750775628,6
5,1,101,16,0.125,2.176739886,7
5,1,36,11,0.0859375,0.98369313,8
5,1,109,5,0.0390625,0.452259772,0
5,2,46,16,0.125,1.473498285,1
5,2,56,16,0.125,2.441206306,2
5,2,64,16,0.125,1.332416341,3
5,2,71,16,0.125,2.555843055,4
5,2,72,16,0.125,2.793521613,5
5,2,77,16,0.125,2.626802921,6
5,2,81,16,0.125,1.407340571,7
5,2,95,16,0.125,1.369370908,8
5,3,3,16,0.125,2.193633169,1
5,3,37,16,0.125,1.690078825,2
5,3,56,16,0.125,1.73019623,3
5,3,71,16,0.125,2.303447008,4
5,3,97,16,0.125,2.159557253,5
5,3,101,16,0.125,1.970108047,6
5,3,108,16,0.125,1.843501903,7
5,3,118,16,0.125,2.109477565,8
5,4,12,16,0.125,2.675326496,1
5,4,33,16,0.125,1.562055439,2
5,4,52,16,0.125,2.75756897,3
5,4,53,16,0.125,1.616337717,4
5,4,107,16,0.125,2.37486355,5
5,4,108,16,0.125,2.041280732,6
5,4,121,16,0.125,1.618066169,7
5,4,82,10,0.078125,0.851522177,8
5,4,60,6,0.046875,0.50297875,0
5,5,4,16,0.125,1.851856753,1
5,5,12,16,0.125,1.731093273,2
5,5,17,16,0.125,2.436086968,3
5,5,41,16,0.125,1.793138817,4
5,5,63,16,0.125,1.904736228,5
5,5,65,16,0.125,2.116627231,6
5,5,73,16,0.125,1.812184893,7
5,5,104,16,0.125,2.354275838,8
5,6,25,16,0.125,1.665811822,1
5,6,32,16,0.125,1.9863602,2
5,6,33,16,0.125,1.788907312,3
5,6,39,16,0.125,2.035063013,4
5,6,58,16,0.125,1.904230326,5
5,6,62,16,0.125,1.693707123,6
5,6,74,16,0.125,2.677721068,7
5,6,112,16,0.125,2.248199135,8
5,7,19,16,0.125,2.542291164,1
5,7,24,16,0.125,2.663899973,2
5,7,44,16,0.125,1.892830014,3
5,7,63,16,0.125,1.866958641,4
5,7,88,16,0.125,1.725567535,5
5,7,119,16,0.125,1.693392083,6
5,7,125,16,0.125,1.952763207,7
5,7,52,9,0.0703125,0.924055979,8
5,7,75,6,0.046875,0.635043211,0
5,7,114,1,0.0078125,0.103198193,0
5,8,22,16,0.125,2.728647232,1
5,8,45,16,0.125,2.021339901,2
5,8,53,16,0.125,2.257135808,3
5,8,68,16,0.125,1.829669453,4
5,8,92,16,0.125,1.771986187,5
5,8,100,14,0.109375,1.590479702,6
5,8,9,11,0.0859375,1.25853657,7
5,8,23,10,0.078125,1.120667823,8
5,8,118,6,0.046875,0.663153194,0
5,8,17,5,0.0390625,0.541524418,0
5,8,38,2,0.015625,0.216859713,0
5,9,2,16,0.125,1.572436199,1
5,9,8,16,0.125,3.123491883,2
5,9,13,16,0.125,2.178987607,3
5,9,39,16,0.125,2.038952537,4
5,9,69,16,0.125,2.214760154,5
5,9,82,16,0.125,1.787572227,6
5,9,0,14,0.109375,1.363674536,7
5,9,6,9,0.0703125,0.848043151,8
5,9,95,9,0.0703125,0.872081704,0
5,10,1,16,0.125,2.182940707,1
5,10,5,16,0.125,1.864584588,2
5,10,6,16,0.125,2.060020193,3
5,10,9,16,0.125,2.130951948,4
5,10,19,16,0.125,2.130246311,5
5,10,98,16,0.125,1.901579544,6
5,10,92,12,0.09375,1.407348737,7
5,10,36,9,0.0703125,1.028355159,8
5,10,78,6,0.046875,0.713869564,0
5,10,54,5,0.0390625,0.580103248,0
5,11,3,16,0.125,2.372108549,1
5,11,4,16,0.125,2.031792812,2
5,11,25,16,0.125,2.143866688,3
5,11,48,16,0.125,2.241976544,4
5,11,52,16,0.125,1.995805234,5
5,11,72,16,0.125,1.516874187,6
5,11,108,16,0.125,1.44290188,7
5,11,121,16,0.125,2.254674107,8
5,12,8,16,0.125,1.860616811,1
5,12,18,16,0.125,2.04972598,2
5,12,28,16,0.125,2.121902227,3
5,12,65,16,0.125,2.446060061,4
5,12,78,16,0.125,2.081977934,5
5,12,92,16,0.125,2.168261133,6
5,12,91,15,0.1171875,1.603419699,7
5,12,41,9,0.0703125,0.875918895,8
5,12,85,8,0.0625,0.79211726,0
5,13,20,16,0.125,1.460917369,1
5,13,52,16,0.125,2.856017962,2
5,13,91,16,0.125,1.620860517,3
5,13,104,16,0.125,2.01109577,4
5,13,117,16,0.125,1.972315915,5
5,13,119,16,0.125,3.306145042,6
5,13,92,14,0.109375,1.230346642,7
5,13,61,10,0.078125,0.852376916,8
5,13,58,4,0.03125,0.351882651,0
5,13,0,3,0.0234375,0.254259527,0
5,13,93,1,0.0078125,0.083781689,0
5,14,2,16,0.125,1.558136307,1
5,14,19,16,0.125,1.490233406,2
5,14,49,16,0.125,4.784448147,3
5,14,66,16,0.125,1.855075128,4
5,14,92,16,0.125,1.752197027,5
5,14,109,16,0.125,1.967772216,6
5,14,113,13,0.1015625,1.056104638,7
5,14,14,10,0.078125,0.793430991,8
5,14,5,9,0.0703125,0.74260214,0
5,15,0,16,0.125,2.301044241,1
5,15,14,16,0.125,1.936714113,2
5,15,25,16,0.125,1.839950882,3
5,15,58,16,0.125,2.03684853,4
5,15,84,16,0.125,2.040143579,5
5,15,125,16,0.125,1.973090947,6
5,15,127,16,0.125,2.155827656,7
5,15,50,10,0.078125,1.030390628,8
5,15,49,6,0.046875,0.685989425,0
5,16,42,16,0.125,1.849902608,1
5,16,48,16,0.125,1.933514595,2
5,16,82,16,0.125,1.808742382,3
5,16,93,16,0.125,2.085175827,4
5,16,97,16,0.125,2.603388831,5
5,16,100,16,0.125,2.103811264,6
5,16,107,16,0.125,1.814304642,7
5,16,35,15,0.1171875,1.703624897,8
5,16,98,1,0.0078125,0.097534955,0
5,17,73,16,0.125,2.302890271,1
5,17,75,16,0.125,1.494259074,2
5,17,80,16,0.125,1.892259605,3
5,17,90,16,0.125,1.656247877,4
5,17,100,16,0.125,2.001863495,5
5,17,116,16,0.125,2.301681876,6
5,17,124,16,0.125,2.902636081,7
5,17,22,13,0.1015625,1.167711906,8
5,17,13,2,0.015625,0.174084708,0
5,17,21,1,0.0078125,0.106365107,0
5,18,25,16,0.125,1.795493975,1
5,18,32,16,0.125,2.215393245,2
5,18,58,16,0.125,1.678353578,3
5,18,74,16,0.125,2.246961713,4
5,18,82,16,0.125,1.899865657,5
5,18,87,16,0.125,1.73143775,6
5,18,112,16,0.125,2.685422331,7
5,18,20,15,0.1171875,1.649053141,8
5,18,12,1,0.0078125,0.098018609,0
5,19,19,16,0.125,1.949321538,1
5,19,28,16,0.125,2.758105874,2
5,19,29,16,0.125,1.791855216,3
5,19,44,16,0.125,1.859852538,4
5,19,52,16,0.125,1.773230888,5
5,19,75,16,0.125,2.234329447,6
5,19,63,15,0.1171875,1.882659487,7
5,19,114,12,0.09375,1.229706034,8
5,19,88,4,0.03125,0.415827572,0
5,19,59,1,0.0078125,0.105111405,0
5,20,9,16,0.125,2.026871234,1
5,20,85,16,0.125,1.64862401,2
5,20,118,16,0.125,1.671465926,3
5,20,123,16,0.125,2.845713183,4
5,20,76,15,0.1171875,1.568749256,5
5,20,124,15,0.1171875,2.783043221,6
5,20,92,11,0.0859375,1.124231189,7
5,20,68,10,0.078125,0.975185752,8
5,20,65,6,0.046875,0.657441132,0
5,20,54,4,0.03125,0.378229924,0
5,20,45,1,0.0078125,0.119783871,0
5,20,72,1,0.0078125,0.093287736,0
5,20,114,1,0.0078125,0.107373565,0
5,21,2,16,0.125,1.743113726,1
5,21,6,16,0.125,1.457102142,2
5,21,8,16,0.125,3.175022185,3
5,21,13,16,0.125,1.75582502,4
5,21,39,16,0.125,3.559136465,5
5,21,63,16,0.125,1.429684043,6
5,21,11,15,0.1171875,1.290212311,7
5,21,69,10,0.078125,1.033939257,8
5,21,14,3,0.0234375,0.226799786,0
5,21,38,3,0.0234375,0.238923207,0
5,21,84,1,0.0078125,0.090241857,0
5,22,1,16,0.125,2.082179062,1
5,22,9,16,0.125,2.371518038,2
5,22,71,16,0.125,2.365406096,3
5,22,114,16,0.125,2.238877527,4
5,22,54,15,0.1171875,1.795679539,5
5,22,66,15,0.1171875,1.476357929,6
5,22,92,15,0.1171875,1.753896147,7
5,22,0,13,0.1015625,1.194367014,8
5,22,78,2,0.015625,0.257694222,0
5,22,5,1,0.0078125,0.092234336,0
5,22,36,1,0.0078125,0.11720904,0
5,22,58,1,0.0078125,0.11539188,0
5,22,68,1,0.0078125,0.139189169,0
5,23,4,16,0.125,2.732370809,1
5,23,14,16,0.125,1.847830623,2
5,23,31,16,0.125,2.013863549,3
5,23,65,16,0.125,1.685501397,4
5,23,121,16,0.125,1.950735874,5
5,23,15,15,0.1171875,1.881133556,6
5,23,120,15,0.1171875,1.929044567,7
5,23,76,9,0.0703125,0.940108195,8
5,23,48,6,0.046875,0.62630187,0
5,23,3,1,0.0078125,0.183257401,0
5,23,54,1,0.0078125,0.083901316,0
5,23,125,1,0.0078125,0.125950843,0
5,24,11,16,0.125,1.92198047,1
5,24,28,16,0.125,2.467812791,2
5,24,92,16,0.125,2.329597995,3
5,24,109,16,0.125,2.069981918,4
5,24,37,15,0.1171875,1.858121961,5
5,24,59,15,0.1171875,1.555591591,6
5,24,101,15,0.1171875,1.793401428,7
5,24,91,11,0.0859375,1.189892665,8
5,24,57,5,0.0390625,0.486999497,0
5,24,8,1,0.0078125,0.107311532,0
5,24,62,1,0.0078125,0.097708255,0
5,24,85,1,0.0078125,0.121599898,0
5,25,85,16,0.125,1.505827658,1
5,25,99,16,0.125,2.238306761,2
5,25,119,16,0.125,4.763829738,3
5,25,13,15,0.1171875,2.010394193,4
5,25,20,12,0.09375,0.957193926,5
5,25,86,10,0.078125,0.839667872,6
5,25,52,9,0.0703125,0.779881045,7
5,25,31,7,0.0546875,0.610477693,8
5,25,93,7,0.0546875,0.607243299,0
5,25,104,6,0.046875,0.530356534,0
5,25,72,5,0.0390625,0.394051485,0
5,25,110,4,0.03125,0.33754538,0
5,25,92,3,0.0234375,0.254335552,0
5,25,91,1,0.0078125,0.082399271,0
5,25,122,1,0.0078125,0.088489592,0
5,26,2,16,0.125,1.639002375,1
5,26,19,16,0.125,2.213886566,2
5,26,29,16,0.125,1.741775833,3
5,26,49,16,0.125,3.114317358,4
5,26,113,16,0.125,1.695241787,5
5,26,116,16,0.125,1.915576488,6
5,26,91,15,0.1171875,1.997160509,7
5,26,59,14,0.109375,1.382877246,8
5,26,109,2,0.015625,0.195029177,0
5,26,94,1,0.0078125,0.105132662,0
5,27,15,16,0.125,2.400200725,1
5,27,79,16,0.125,2.032150507,2
5,27,84,16,0.125,2.220716394,3
5,27,111,16,0.125,1.973555908,4
5,27,26,15,0.1171875,1.621096462,5
5,27,50,15,0.1171875,1.905472837,6
5,27,63,15,0.1171875,1.850951202,7
5,27,21,10,0.078125,1.021729022,8
5,27,88,5,0.0390625,0.505662128,0
5,27,11,1,0.0078125,0.117681608,0
5,27,14,1,0.0078125,0.103853635,0
5,27,49,1,0.0078125,0.117681608,0
5,27,122,1,0.0078125,0.129247963,0
5,28,70,16,0.125,2.308016732,1
5,28,82,16,0.125,1.85789638,2
5,28,98,16,0.125,2.521490507,3
5,28,107,16,0.125,1.601948671,4
5,28,122,16,0.125,2.864414066,5
5,28,42,15,0.1171875,1.540823922,6
5,28,49,13,0.1015625,1.330511808,7
5,28,10,10,0.078125,0.984339558,8
5,28,53,8,0.0625,0.767451353,0
5,28,97,1,0.0078125,0.115908831,0
5,28,109,1,0.0078125,0.107198171,0
5,29,50,16,0.125,1.606101677,1
5,29,72,16,0.125,2.854994059,2
5,29,75,16,0.125,1.931340463,3
5,29,120,16,0.125,1.853456959,4
5,29,124,16,0.125,3.368227638,5
5,29,13,15,0.1171875,1.371205442,6
5,29,116,14,0.109375,1.347184174,7
5,29,61,8,0.0625,0.723866999,8
5,29,93,3,0.0234375,0.312085807,0
5,29,22,2,0.015625,0.156610034,0
5,29,30,2,0.015625,0.157172255,0
5,29,37,2,0.015625,0.159172192,0
5,29,94,1,0.0078125,0.07805232,0
5,29,123,1,0.0078125,0.08052998,0
5,30,58,16,0.125,2.255663402,1
5,30,74,16,0.125,2.367578208,2
5,30,82,16,0.125,2.191736944,3
5,30,104,16,0.125,1.913071111,4
5,30,39,15,0.1171875,1.734388374,5
5,30,120,13,0.1015625,1.679104201,6
5,30,6,10,0.078125,1.01450479,7
5,30,55,7,0.0546875,0.756891839,8
5,30,25,6,0.046875,0.629001543,0
5,30,18,4,0.03125,0.429211393,0
5,30,32,3,0.0234375,0.318634413,0
5,30,94,3,0.0234375,0.31747748,0
5,30,83,1,0.0078125,0.13098909,0
5,30,107,1,0.0078125,0.110979691,0
5,30,126,1,0.0078125,0.15076752,0
5,31,28,16,0.125,2.071468249,1
5,31,29,15,0.1171875,1.753881164,2
5,31,10,14,0.109375,1.529250421,3
5,31,44,14,0.109375,1.582880683,4
5,31,63,13,0.1015625,1.642277688,5
5,31,31,12,0.09375,1.645538583,6
5,31,24,11,0.0859375,1.170732401,7
5,31,56,9,0.0703125,1.804380372,8
5,31,19,7,0.0546875,0.773907989,0
5,31,39,5,0.0390625,0.632295899,0
5,31,59,3,0.0234375,0.331342138,0
5,31,115,3,0.0234375,0.341316141,0
5,31,3,1,0.0078125,0.118750297,0
5,31,36,1,0.0078125,0.113695934,0
5,31,68,1,0.0078125,0.103837736,0
5,31,79,1,0.0078125,0.111933231,0
5,31,106,1,0.0078125,0.152994603,0
5,31,125,1,0.0078125,0.11951647,0
5,32,118,16,0.125,2.173715942,1
5,32,92,15,0.1171875,1.644563615,2
5,32,6,14,0.109375,1.553875089,3
5,32,9,14,0.109375,2.662938364,4
5,32,85,14,0.109375,1.885032624,5
5,32,124,11,0.0859375,1.275774978,6
5,32,10,9,0.0703125,1.133837886,7
5,32,90,9,0.0703125,0.901234858,8
5,32,68,8,0.0625,0.897808746,0
5,32,3,5,0.0390625,0.512699746,0
5,32,45,4,0.03125,0.40829654,0
5,32,76,4,0.03125,0.450453848,0
5,32,72,2,0.015625,0.207286209,0
5,32,23,1,0.0078125,0.096449412,0
5,32,54,1,0.0078125,0.094954036,0
5,32,78,1,0.0078125,0.101078108,0
5,33,8,16,0.125,2.565710261,1
5,33,39,16,0.125,3.027017117,2
5,33,13,15,0.1171875,1.77419965,3
5,33,63,14,0.109375,1.380551539,4
5,33,11,13,0.1015625,1.437256016,5
5,33,69,13,0.1015625,1.445943989,6
5,33,14,12,0.09375,1.242786802,7
5,33,51,12,0.09375,1.308757603,8
5,33,6,8,0.0625,0.834755965,0
5,33,2,2,0.015625,0.208398484,0
5,33,56,2,0.015625,0.238721907,0
5,33,15,1,0.0078125,0.081083216,0
5,33,67,1,0.0078125,0.132785425,0
5,33,81,1,0.0078125,0.116808534,0
5,33,92,1,0.0078125,0.103413388,0
5,33,124,1,0.0078125,0.101810105,0
5,34,114,16,0.125,2.036829837,1
5,34,1,15,0.1171875,2.419087864,2
5,34,92,15,0.1171875,2.01727397,3
5,34,5,14,0.109375,1.605606548,4
5,34,7,13,0.1015625,2.30393225,5
5,34,29,13,0.1015625,1.353452474,6
5,34,9,9,0.0703125,0.996195048,7
5,34,22,7,0.0546875,0.701875687,8
5,34,75,7,0.0546875,0.700932674,0
5,34,0,5,0.0390625,0.513754092,0
5,34,10,4,0.03125,0.351287372,0
5,34,81,4,0.03125,0.403138801,0
5,34,58,2,0.015625,0.224524684,0
5,34,34,1,0.0078125,0.098295391,0
5,34,59,1,0.0078125,0.100716844,0
5,34,77,1,0.0078125,0.079429738,0
5,34,84,1,0.0078125,0.093666725,0
5,35,36,16,0.125,2.243276455,1
5,35,4,13,0.1015625,2.22500512,2
5,35,15,13,0.1015625,1.4651834,3
5,35,121,13,0.1015625,1.615435712,4
5,35,51,12,0.09375,1.471672535,5
5,35,120,12,0.09375,1.606980778,6
5,35,14,9,0.0703125,0.956105873,7
5,35,94,8,0.0625,0.81577874,8
5,35,110,8,0.0625,1.019102246,0
5,35,5,5,0.0390625,0.529211953,0
5,35,62,4,0.03125,0.431773417,0
5,35,82,4,0.03125,0.446499974,0
5,35,96,4,0.03125,0.455468252,0
5,35,11,3,0.0234375,0.288037598,0
5,35,77,3,0.0234375,0.347115725,0
5,35,21,1,0.0078125,0.083352223,0
5,36,57,15,0.1171875,1.776521318,1
5,36,28,14,0.109375,1.951001115,2
5,36,59,14,0.109375,1.588793688,3
5,36,108,13,0.1015625,3.153412439,4
5,36,18,12,0.09375,1.228538349,5
5,36,92,12,0.09375,1.277180143,6
5,36,62,11,0.0859375,1.235116512,7
5,36,91,9,0.0703125,0.891820349,8
5,36,115,7,0.0546875,0.715749241,0
5,36,11,5,0.0390625,0.48314108,0
5,36,101,5,0.0390625,0.596866772,0
5,36,85,4,0.03125,0.414258726,0
5,36,111,3,0.0234375,0.302589633,0
5,36,122,2,0.015625,0.204886667,0
5,36,17,1,0.0078125,0.077820487,0
5,36,109,1,0.0078125,0.102303483,0
5,37,27,16,0.125,2.40450941,1
5,37,119,16,0.125,3.499734327,2
5,37,91,15,0.1171875,1.399228267,3
5,37,52,12,0.09375,1.068247221,4
5,37,110,12,0.09375,1.292234838,5
5,37,13,11,0.0859375,1.16730018,6
5,37,86,11,0.0859375,1.197161771,7
5,37,20,10,0.078125,1.747269586,8
5,37,82,4,0.03125,0.314389654,0
5,37,92,4,0.03125,0.338164784,0
5,37,34,3,0.0234375,0.250169776,0
5,37,85,3,0.0234375,0.269910716,0
5,37,104,3,0.0234375,0.244869709,0
5,37,125,3,0.0234375,0.285361104,0
5,37,42,1,0.0078125,0.112934612,0
5,37,68,1,0.0078125,0.101123355,0
5,37,71,1,0.0078125,0.123465538,0
5,37,72,1,0.0078125,0.07995674,0
5,37,122,1,0.0078125,0.103968412,0
5,38,49,16,0.125,5.140082523,1
5,38,19,14,0.109375,1.444278419,2
5,38,92,13,0.1015625,0.985462181,3
5,38,2,12,0.09375,1.068073347,4
5,38,27,11,0.0859375,0.868150569,5
5,38,113,11,0.0859375,0.970922589,6
5,38,91,8,0.0625,0.628311887,7
5,38,125,8,0.0625,2.304644287,8
5,38,31,7,0.0546875,0.503304765,0
5,38,97,7,0.0546875,0.603373475,0
5,38,109,7,0.0546875,0.503546145,0
5,38,108,3,0.0234375,0.21054253,0
5,38,83,2,0.015625,0.157788645,0
5,38,94,2,0.015625,0.126224991,0
5,38,110,2,0.015625,0.146165546,0
5,38,3,1,0.0078125,0.05468905,0
5,38,29,1,0.0078125,0.081109881,0
5,38,30,1,0.0078125,0.061970811,0
5,38,69,1,0.0078125,0.083490595,0
5,38,102,1,0.0078125,0.057867762,0
5,39,0,16,0.125,2.397250824,1
5,39,25,16,0.125,3.053804949,2
5,39,125,16,0.125,1.690940686,3
5,39,14,15,0.1171875,1.625965297,4
5,39,48,14,0.109375,1.231939524,5
5,39,84,11,0.0859375,1.16629675,6
5,39,50,10,0.078125,0.99595549,7
5,39,11,8,0.0625,1.210615456,8
5,39,75,7,0.0546875,1.341896445,0
5,39,110,7,0.0546875,0.648603819,0
5,39,16,3,0.0234375,0.235246845,0
5,39,15,2,0.015625,0.127042383,0
5,39,63,2,0.015625,0.183998138,0
5,39,72,1,0.0078125,0.090443395,0
5,40,35,16,0.125,3.359714031,1
5,40,42,16,0.125,2.22999838,2
5,40,82,16,0.125,2.706204101,3
5,40,28,13,0.1015625,1.297518678,4
5,40,122,13,0.1015625,1.501747184,5
5,40,49,12,0.09375,1.142362542,6
5,40,94,9,0.0703125,0.717246197,7
5,40,98,9,0.0703125,0.705723174,8
5,40,48,7,0.0546875,0.520362809,0
5,40,107,7,0.0546875,1.154434942,0
5,40,113,3,0.0234375,0.220174789,0
5,40,1,2,0.015625,0.113138765,0
5,40,19,2,0.015625,0.107221484,0
5,40,34,1,0.0078125,0.049057793,0
5,40,70,1,0.0078125,0.112864994,0
5,40,97,1,0.0078125,0.062230136,0
5,41,49,16,0.125,3.914124623,1
5,41,116,16,0.125,1.98313313,2
5,41,99,14,0.109375,2.161549695,3
5,41,118,14,0.109375,1.393100709,4
5,41,37,13,0.1015625,1.155750804,5
5,41,124,13,0.1015625,1.41863624,6
5,41,80,12,0.09375,0.960690804,7
5,41,61,7,0.0546875,0.556253538,8
5,41,75,4,0.03125,0.330270909,0
5,41,123,4,0.03125,0.30169148,0
5,41,34,3,0.0234375,0.372643381,0
5,41,50,3,0.0234375,0.187607944,0
5,41,59,3,0.0234375,0.551513582,0
5,41,88,3,0.0234375,0.478412241,0
5,41,105,2,0.015625,0.142579466,0
5,41,6,1,0.0078125,0.092041455,0
5,42,4,16,0.125,2.123187967,1
5,42,66,16,0.125,6.118033856,2
5,42,70,16,0.125,2.262108035,3
5,42,30,15,0.1171875,0.917874441,4
5,42,106,13,0.1015625,0.904571559,5
5,42,63,12,0.09375,0.701802067,6
5,42,33,11,0.0859375,0.600275561,7
5,42,53,9,0.0703125,0.476083331,8
5,42,76,5,0.0390625,0.264881071,0
5,42,17,3,0.0234375,0.42251353,0
5,42,25,3,0.0234375,0.211194314,0
5,42,56,3,0.0234375,0.358179703,0
5,42,111,3,0.0234375,0.466526136,0
5,42,88,2,0.015625,0.116353463,0
5,42,0,1,0.0078125,0.056414966,0
5,43,18,16,0.125,1.507409878,1
5,43,80,16,0.125,1.408643194,2
5,43,111,16,0.125,5.883852527,3
5,43,45,14,0.109375,1.570619449,4
5,43,61,14,0.109375,1.466655068,5
5,43,11,13,0.1015625,1.020657368,6
5,43,41,9,0.0703125,0.690752342,7
5,43,75,8,0.0625,0.595924728,8
5,43,86,6,0.046875,0.448818825,0
5,43,91,4,0.03125,0.324177675,0
5,43,83,3,0.0234375,0.33976119,0
5,43,74,2,0.015625,0.163225777,0
5,43,2,1,0.0078125,0.081589296,0
5,43,39,1,0.0078125,0.076614529,0
5,43,72,1,0.0078125,0.081555769,0
5,43,85,1,0.0078125,0.075688623,0
5,43,98,1,0.0078125,0.082874134,0
5,43,99,1,0.0078125,0.0877598,0
5,43,113,1,0.0078125,0.093419828,0
5,44,15,16,0.125,1.43209362,1
5,44,42,16,0.125,3.791249245,2
5,44,62,16,0.125,2.338107236,3
5,44,79,16,0.125,1.886915132,4
5,44,96,16,0.125,1.845939711,5
5,44,50,12,0.09375,1.170471214,6
5,44,49,11,0.0859375,0.935299471,7
5,44,40,9,0.0703125,0.743017174,8
5,44,5,7,0.0546875,1.133006215,0
5,44,24,3,0.0234375,0.247801498,0
5,44,103,2,0.015625,0.179380916,0
5,44,127,2,0.015625,0.149568573,0
5,44,12,1,0.0078125,0.065022916,0
5,44,100,1,0.0078125,0.082127079,0
5,45,48,16,0.125,2.819066748,1
5,45,51,16,0.125,3.029918611,2
5,45,89,16,0.125,3.006753936,3
5,45,88,15,0.1171875,1.467396662,4
5,45,1,13,0.1015625,1.635780811,5
5,45,4,13,0.1015625,0.969256543,6
5,45,34,9,0.0703125,0.620977443,7
5,45,67,8,0.0625,0.539447092,8
5,45,43,6,0.046875,0.440913808,0
5,45,53,5,0.0390625,0.371171415,0
5,45,29,3,0.0234375,0.287722476,0
5,45,77,3,0.0234375,0.383900747,0
5,45,3,2,0.015625,0.185193285,0
5,45,7,1,0.0078125,0.059944518,0
5,45,19,1,0.0078125,0.092239149,0
5,45,90,1,0.0078125,0.090316758,0
5,46,33,16,0.125,2.494869635,1
5,46,40,16,0.125,1.730316989,2
5,46,43,16,0.125,2.527178094,3
5,46,54,16,0.125,2.37795046,4
5,46,107,16,0.125,1.659868747,5
5,46,102,14,0.109375,1.741205037,6
5,46,4,12,0.09375,1.406162329,7
5,46,26,11,0.0859375,0.960676238,8
5,46,76,5,0.0390625,0.450289026,0
5,46,46,3,0.0234375,0.33517386,0
5,46,90,3,0.0234375,0.316309586,0
5,47,17,16,0.125,3.015505999,1
5,47,23,16,0.125,2.437830761,2
5,47,39,16,0.125,2.42989707,3
5,47,42,16,0.125,1.190697223,4
5,47,61,16,0.125,3.150934711,5
5,47,80,16,0.125,1.633010574,6
5,47,110,16,0.125,1.139979884,7
5,47,48,14,0.109375,0.859452121,8
5,47,30,1,0.0078125,0.073255971,0
5,47,55,1,0.0078125,0.069435686,0
6,0,12,16,0.125,1.52422823,1
6,0,24,16,0.125,1.572612375,2
6,0,29,16,0.125,1.263629541,3
6,0,47,16,0.125,1.031343862,4
6,0,66,16,0.125,4.07904619,5
6,0,67,16,0.125,3.543936729,6
6,0,77,16,0.125,1.597377419,7
6,0,86,16,0.125,1.387825653,8
6,1,13,16,0.125,2.830118209,1
6,1,14,16,0.125,1.06585446,2
6,1,36,16,0.125,2.42072852,3
6,1,38,16,0.125,1.532731265,4
6,1,67,16,0.125,1.587552421,5
6,1,91,16,0.125,2.212750956,6
6,1,101,16,0.125,2.737711474,7
6,1,109,16,0.125,1.612552695,8
6,2,49,16,0.125,2.440405861,1
6,2,56,16,0.125,1.921100982,2
6,2,60,16,0.125,1.420700394,3
6,2,70,16,0.125,1.496155664,4
6,2,71,16,0.125,3.267904401,5
6,2,72,16,0.125,2.107852563,6
6,2,74,16,0.125,1.808242552,7
6,2,121,16,0.125,1.537637584,8
6,3,3,16,0.125,2.079113185,1
6,3,37,16,0.125,1.333247751,2
6,3,56,16,0.125,1.267222501,3
6,3,71,16,0.125,2.473840117,4
6,3,73,16,0.125,1.2859248,5
6,3,97,16,0.125,3.984200031,6
6,3,117,16,0.125,1.343703225,7
6,3,118,16,0.125,2.232748389,8
6,4,6,16,0.125,1.774350375,1
6,4,12,16,0.125,2.302896827,2
6,4,14,16,0.125,1.731532097,3
6,4,37,16,0.125,1.841410257,4
6,4,43,16,0.125,1.821789354,5
6,4,60,16,0.125,1.811114356,6
6,4,108,16,0.125,1.903599851,7
6,4,127,16,0.125,2.813306883,8
6,5,4,16,0.125,3.358088046,1
6,5,6,16,0.125,1.444280662,2
6,5,12,16,0.125,2.054776609,3
6,5,46,16,0.125,2.078980982,4
6,5,63,16,0.125,1.390330695,5
6,5,65,16,0.125,2.827764288,6
6,5,73,16,0.125,1.39441251,7
6,5,85,16,0.125,1.451366208,8
6,6,32,16,0.125,1.76440537,1
6,6,33,16,0.125,2.007153653,2
6,6,39,16,0.125,1.667258352,3
6,6,49,16,0.125,1.985718466,4
6,6,74,16,0.125,2.397560343,5
6,6,82,16,0.125,2.43531552,6
6,6,92,16,0.125,1.634995818,7
6,6,121,16,0.125,2.107592478,8
6,7,15,16,0.125,2.040340856,1
6,7,19,16,0.125,2.74022533,2
6,7,28,16,0.125,1.55831866,3
6,7,29,16,0.125,1.469603308,4
6,7,44,16,0.125,2.171936288,5
6,7,63,16,0.125,2.111295298,6
6,7,68,16,0.125,1.555257462,7
6,7,114,16,0.125,2.353022799,8
6,8,23,16,0.125,1.915429235,1
6,8,50,16,0.125,2.841889396,2
6,8,54,16,0.125,1.766292609,3
6,8,68,16,0.125,2.473902494,4
6,8,76,16,0.125,1.953206591,5
6,8,123,16,0.125,2.040949211,6
6,8,22,15,0.1171875,1.411713511,7
6,8,4,12,0.09375,1.127204247,8
6,8,74,5,0.0390625,0.469412707,0
6,9,0,16,0.125,1.69224757,1
6,9,7,16,0.125,1.621120177,2
6,9,8,16,0.125,1.420811243,3
6,9,23,16,0.125,1.730582729,4
6,9,39,16,0.125,4.541767001,5
6,9,67,16,0.125,1.486056425,6
6,9,82,16,0.125,1.936239257,7
6,9,95,16,0.125,1.571175598,8
6,10,1,16,0.125,3.093879059,1
6,10,6,16,0.125,1.792278394,2
6,10,19,16,0.125,1.672220536,3
6,10,36,16,0.125,1.960840479,4
6,10,48,16,0.125,1.771408968,5
6,10,71,16,0.125,2.128415897,6
6,10,92,16,0.125,1.947428524,7
6,10,59,12,0.09375,1.224571899,8
6,10,5,2,0.015625,0.201920234,0
6,10,66,2,0.015625,0.207036011,0
6,11,22,16,0.125,2.208095282,1
6,11,25,16,0.125,2.345874146,2
6,11,31,16,0.125,1.914781332,3
6,11,48,16,0.125,1.691255637,4
6,11,52,16,0.125,1.673190624,5
6,11,75,16,0.125,1.939049795,6
6,11,81,16,0.125,2.309435844,7
6,11,121,16,0.125,1.91831734,8
6,12,18,16,0.125,2.078719497,1
6,12,28,16,0.125,1.66866345,2
6,12,37,16,0.125,1.821848415,3
6,12,41,16,0.125,1.724900641,4
6,12,59,16,0.125,1.967916489,5
6,12,92,16,0.125,3.308505908,6
6,12,109,16,0.125,1.84509737,7
6,12,11,13,0.1015625,1.284390226,8
6,12,91,3,0.0234375,0.299958006,0
6,13,1,16,0.125,2.505962729,1
6,13,20,16,0.125,2.019494504,2
6,13,27,16,0.125,2.071441695,3
6,13,52,16,0.125,1.876894936,4
6,13,91,16,0.125,1.669382378,5
6,13,92,16,0.125,2.049299717,6
6,13,104,16,0.125,1.912024908,7
6,13,119,16,0.125,1.895499133,8
6,14,2,16,0.125,2.963479295,1
6,14,5,16,0.125,1.995473549,2
6,14,24,16,0.125,1.856292024,3
6,14,61,16,0.125,1.804450192,4
6,14,87,16,0.125,1.966384992,5
6,14,113,16,0.125,2.026803553,6
6,14,109,13,0.1015625,1.390033193,7
6,14,15,11,0.0859375,1.160581842,8
6,14,14,8,0.0625,0.83650136,0
6,15,21,16,0.125,1.702671804,1
6,15,26,16,0.125,1.691058017,2
6,15,50,16,0.125,2.396361768,3
6,15,58,16,0.125,2.501541287,4
6,15,84,16,0.125,2.448450372,5
6,15,106,16,0.125,1.700954139,6
6,15,125,16,0.125,2.035746366,7
6,15,46,7,0.0546875,0.6636611,8
6,15,127,7,0.0546875,0.668343402,0
6,15,27,2,0.015625,0.191211745,0
6,16,23,16,0.125,1.561080717,1
6,16,42,16,0.125,1.666623332,2
6,16,48,16,0.125,2.051992625,3
6,16,93,16,0.125,2.293664232,4
6,16,97,16,0.125,1.901477627,5
6,16,109,16,0.125,1.873798028,6
6,16,116,16,0.125,1.961783625,7
6,16,122,16,0.125,2.689579815,8
6,17,13,16,0.125,1.588057719,1
6,17,26,16,0.125,1.58176998,2
6,17,73,16,0.125,1.703574941,3
6,17,75,16,0.125,1.955127999,4
6,17,116,16,0.125,2.28577286,5
6,17,118,16,0.125,1.66092211,6
6,17,122,16,0.125,2.374443084,7
6,17,124,16,0.125,2.850331306,8
6,18,20,16,0.125,1.652369924,1
6,18,32,16,0.125,2.092950955,2
6,18,74,16,0.125,2.223509595,3
6,18,82,16,0.125,2.267363191,4
6,18,87,16,0.125,1.859741054,5
6,18,90,16,0.125,1.769381851,6
6,18,112,16,0.125,2.522157505,7
6,18,121,16,0.125,1.612525925,8
6,19,15,16,0.125,1.770556048,1
6,19,19,16,0.125,1.950344384,2
6,19,28,16,0.125,2.63222912,3
6,19,44,16,0.125,1.74310264,4
6,19,52,16,0.125,1.920158453,5
6,19,63,16,0.125,2.100561634,6
6,19,92,16,0.125,1.784541659,7
6,19,114,16,0.125,2.098506063,8
6,20,4,16,0.125,1.879608288,1
6,20,10,16,0.125,1.683082007,2
6,20,50,16,0.125,1.82512334,3
6,20,68,16,0.125,2.054040551,4
6,20,76,16,0.125,2.229662746,5
6,20,85,16,0.125,2.289521039,6
6,20,123,16,0.125,2.42505081,7
6,20,124,12,0.09375,1.213444732,8
6,20,54,4,0.03125,0.400466487,0
6,21,8,16,0.125,2.579234913,1
6,21,13,16,0.125,1.398335986,2
6,21,14,16,0.125,1.416032173,3
6,21,39,16,0.125,4.157743126,4
6,21,63,16,0.125,2.09484832,5
6,21,67,16,0.125,1.741692558,6
6,21,95,16,0.125,1.280591108,7
6,21,124,16,0.125,1.331521817,8
6,22,0,16,0.125,1.552120171,1
6,22,1,16,0.125,1.863070637,2
6,22,36,16,0.125,2.650723308,3
6,22,48,16,0.125,1.960068941,4
6,22,59,16,0.125,1.714819193,5
6,22,71,16,0.125,2.589122638,6
6,22,92,16,0.125,1.645745695,7
6,22,122,16,0.125,2.024329416,8
6,23,25,16,0.125,2.109792352,1
6,23,31,16,0.125,2.732994884,2
6,23,36,16,0.125,1.860100932,3
6,23,38,16,0.125,1.708581202,4
6,23,48,16,0.125,2.312622428,5
6,23,81,16,0.125,1.802864723,6
6,23,121,16,0.125,1.757658318,7
6,23,51,15,0.1171875,1.612485282,8
6,23,17,1,0.0078125,0.102899879,0
6,24,18,16,0.125,2.820533425,1
6,24,28,16,0.125,1.942437068,2
6,24,37,16,0.125,1.904748671,3
6,24,91,16,0.125,2.231356472,4
6,24,92,16,0.125,2.065572798,5
6,24,109,16,0.125,1.661337957,6
6,24,122,16,0.125,1.747976951,7
6,24,57,14,0.109375,1.42184791,8
6,24,59,2,0.015625,0.204188749,0
6,25,1,16,0.125,2.021518923,1
6,25,52,16,0.125,1.632316373,2
6,25,72,16,0.125,2.701731548,3
6,25,91,16,0.125,1.784052782,4
6,25,108,16,0.125,1.666111939,5
6,25,110,16,0.125,2.143505543,6
6,25,119,16,0.125,2.515859127,7
6,25,31,12,0.09375,1.151733264,8
6,25,43,3,0.0234375,0.287678435,0
6,25,124,1,0.0078125,0.095492065,0
6,26,2,16,0.125,1.987090454,1
6,26,5,16,0.125,1.758829683,2
6,26,24,16,0.125,2.159102157,3
6,26,29,16,0.125,2.078360841,4
6,26,31,16,0.125,2.176009476,5
6,26,72,16,0.125,1.9184862,6
6,26,87,16,0.125,1.960081056,7
6,26,113,16,0.125,1.962040134,8
6,27,26,16,0.125,2.286465824,1
6,27,27,16,0.125,2.098155811,2
6,27,50,16,0.125,2.333771765,3
6,27,84,16,0.125,2.147892997,4
6,27,106,16,0.125,2.331520721,5
6,27,118,16,0.125,1.585444763,6
6,27,125,16,0.125,1.671139717,7
6,27,111,14,0.109375,1.356822766,8
6,27,14,2,0.015625,0.188785635,0
6,28,10,16,0.125,1.406220391,1
6,28,42,16,0.125,1.80906155,2
6,28,91,16,0.125,2.25579834,3
6,28,98,16,0.125,1.877436683,4
6,28,100,16,0.125,1.485214852,5
6,28,109,16,0.125,2.024119109,6
6,28,122,16,0.125,3.748279512,7
6,28,107,14,0.109375,1.222327054,8
6,28,23,2,0.015625,0.17154251,0
6,29,13,16,0.125,1.85996601,1
6,29,26,16,0.125,1.522550911,2
6,29,37,16,0.125,1.701828435,3
6,29,50,16,0.125,1.778263681,4
6,29,70,16,0.125,1.867413148,5
6,29,105,16,0.125,1.917224966,6
6,29,116,16,0.125,1.577075347,7
6,29,124,16,0.125,3.775677502,8
6,30,6,16,0.125,2.000798583,1
6,30,18,16,0.125,2.028391339,2
6,30,55,16,0.125,2.373725176,3
6,30,58,16,0.125,1.762333125,4
6,30,74,16,0.125,1.929779842,5
6,30,82,16,0.125,1.894379385,6
6,30,94,16,0.125,2.273983195,7
6,30,93,9,0.0703125,0.977798253,8
6,30,39,7,0.0546875,0.758811101,0
6,31,19,16,0.125,1.836504683,1
6,31,24,16,0.125,1.889352091,2
6,31,28,16,0.125,2.365071803,3
6,31,38,16,0.125,1.976046063,4
6,31,41,16,0.125,1.880069599,5
6,31,63,16,0.125,2.040780291,6
6,31,76,16,0.125,1.920922399,7
6,31,114,16,0.125,2.091253072,8
6,32,4,16,0.125,2.503938973,1
6,32,10,16,0.125,1.875410512,2
6,32,54,16,0.125,1.79996141,3
6,32,68,16,0.125,1.798204444,4
6,32,74,16,0.125,1.75830248,5
6,32,76,16,0.125,1.957757317,6
6,32,85,16,0.125,2.553327858,7
6,32,48,15,0.1171875,1.64338465,8
6,32,90,1,0.0078125,0.109712355,0
6,33,8,16,0.125,1.72414045,1
6,33,13,16,0.125,1.440467536,2
6,33,14,16,0.125,1.473137952,3
6,33,39,16,0.125,4.317048609,4
6,33,63,16,0.125,2.087680206,5
6,33,67,16,0.125,1.847673237,6
6,33,124,16,0.125,1.734036207,7
6,33,51,12,0.09375,1.036059804,8
6,33,15,4,0.03125,0.339755997,0
6,34,0,16,0.125,1.895202279,1
6,34,1,16,0.125,2.279480696,2
6,34,5,16,0.125,1.584990613,3
6,34,36,16,0.125,2.152019605,4
6,34,59,16,0.125,1.680810645,5
6,34,75,16,0.125,2.139079675,6
6,34,92,16,0.125,2.698827073,7
6,34,8,8,0.0625,0.781779058,8
6,34,29,8,0.0625,0.787810355,0
6,35,6,16,0.125,1.945336051,1
6,35,15,16,0.125,1.806189738,2
6,35,17,16,0.125,1.638079993,3
6,35,31,16,0.125,2.174591497,4
6,35,36,16,0.125,1.466898218,5
6,35,48,16,0.125,1.985664785,6
6,35,51,16,0.125,3.460759774,7
6,35,70,16,0.125,1.522479944,8
6,36,11,16,0.125,1.883167006,1
6,36,18,16,0.125,2.74555251,2
6,36,37,16,0.125,1.992925785,3
6,36,57,16,0.125,1.857934915,4
6,36,59,16,0.125,1.845098965,5
6,36,62,16,0.125,1.760492176,6
6,36,91,16,0.125,1.618667901,7
6,36,109,16,0.125,2.296160743,8
6,37,1,16,0.125,1.739619754,1
6,37,27,16,0.125,2.538591221,2
6,37,72,16,0.125,2.047936276,3
6,37,86,16,0.125,1.626326755,4
6,37,91,16,0.125,2.936169699,5
6,37,110,16,0.125,2.082139716,6
6,37,119,16,0.125,1.599648565,7
6,37,53,12,0.09375,1.071341731,8
6,37,108,4,0.03125,0.358226284,0
6,38,2,16,0.125,2.171067446,1
6,38,24,16,0.125,1.796521917,2
6,38,29,16,0.125,1.963211127,3
6,38,31,16,0.125,2.299605161,4
6,38,87,16,0.125,2.001743682,5
6,38,91,16,0.125,1.838925138,6
6,38,113,16,0.125,2.246449172,7
6,38,19,10,0.078125,1.054710761,8
6,38,109,6,0.046875,0.627765596,0
6,39,14,16,0.125,1.812364966,1
6,39,26,16,0.125,1.709406555,2
6,39,46,16,0.125,1.886832029,3
6,39,48,16,0.125,2.047747202,4
6,39,50,16,0.125,2.692605361,5
6,39,84,16,0.125,1.894056216,6
6,39,106,16,0.125,2.256068423,7
6,39,125,15,0.1171875,1.592383519,8
6,39,27,1,0.0078125,0.108535729,0
6,40,19,16,0.125,1.752440669,1
6,40,46,16,0.125,1.821290128,2
6,40,69,16,0.125,2.149828151,3
6,40,91,16,0.125,1.79890731,4
6,40,98,16,0.125,1.947530039,5
6,40,109,16,0.125,2.049003199,6
6,40,122,16,0.125,2.869548932,7
6,40,48,12,0.09375,1.214513473,8
6,40,62,4,0.03125,0.3969381,0
6,41,6,16,0.125,1.635472655,1
6,41,75,16,0.125,2.141451672,2
6,41,81,16,0.125,1.680862963,3
6,41,100,16,0.125,2.029456049,4
6,41,105,16,0.125,1.674854457,5
6,41,116,16,0.125,2.82302846,6
6,41,124,16,0.125,2.403146237,7
6,41,80,15,0.1171875,1.512761623,8
6,41,37,1,0.0078125,0.098965883,0
6,42,0,16,0.125,1.89889358,1
6,42,30,16,0.125,2.58838813,2
6,42,47,16,0.125,2.363137588,3
6,42,66,16,0.125,2.146145001,4
6,42,76,16,0.125,1.771596417,5
6,42,88,16,0.125,1.840398259,6
6,42,95,14,0.109375,1.500699028,7
6,42,63,11,0.0859375,1.167925611,8
6,42,106,7,0.0546875,0.722816385,0
6,43,11,16,0.125,2.656365529,1
6,43,32,16,0.125,1.867191583,2
6,43,45,16,0.125,2.08137171,3
6,43,61,16,0.125,1.765996195,4
6,43,86,16,0.125,2.243508264,5
6,43,91,16,0.125,1.695175685,6
6,43,111,16,0.125,2.160426766,7
6,43,82,7,0.0546875,0.674419731,8
6,43,96,7,0.0546875,0.666445717,0
6,43,16,2,0.015625,0.18909882,0
6,44,15,16,0.125,2.345708773,1
6,44,50,16,0.125,1.731382154,2
6,44,70,16,0.125,1.877524815,3
6,44,79,16,0.125,3.369746536,4
6,44,96,16,0.125,2.007043943,5
6,44,112,16,0.125,1.566064782,6
6,44,114,16,0.125,1.598307878,7
6,44,49,12,0.09375,1.123891443,8
6,44,65,4,0.03125,0.380329676,0
6,45,1,16,0.125,2.649801746,1
6,45,7,16,0.125,1.553561024,2
6,45,19,16,0.125,1.672341175,3
6,45,64,16,0.125,2.884612426,4
6,45,73,16,0.125,1.627306201,5
6,45,110,16,0.125,2.023755059,6
6,45,121,16,0.125,2.126476169,7
6,45,98,14,0.109375,1.290508226,8
6,45,4,2,0.015625,0.171637975,0
6,46,4,16,0.125,2.942822516,1
6,46,13,16,0.125,1.641938433,2
6,46,18,16,0.125,1.90754234,3
6,46,48,16,0.125,2.566704646,4
6,46,62,16,0.125,1.686736211,5
6,46,102,16,0.125,1.968871519,6
6,46,110,16,0.125,1.641091086,7
6,46,40,13,0.1015625,1.336627208,8
6,46,64,3,0.0234375,0.307666041,0
6,47,22,16,0.125,1.434895799,1
6,47,24,16,0.125,1.385690145,2
6,47,30,16,0.125,2.352323532,3
6,47,38,16,0.125,1.469004042,4
6,47,41,16,0.125,1.483564921,5
6,47,46,16,0.125,2.319846645,6
6,47,58,16,0.125,1.904590838,7
6,47,110,16,0.125,3.650084078,8
7,0,3,16,0.125,2.782578379,1
7,0,12,16,0.125,1.560885184,2
7,0,64,16,0.125,1.2347617,3
7,0,67,16,0.125,1.97314366,4
7,0,79,16,0.125,1.196772084,5
7,0,112,16,0.125,4.377610564,6
7,0,122,16,0.125,1.15995159,7
7,0,126,16,0.125,1.71429684,8
7,1,13,16,0.125,1.769026391,1
7,1,14,16,0.125,1.584201358,2
7,1,20,16,0.125,2.036136955,3
7,1,36,16,0.125,2.653038159,4
7,1,67,16,0.125,1.399415292,5
7,1,68,16,0.125,1.399415158,6
7,1,98,16,0.125,1.942895457,7
7,1,101,16,0.125,3.21587123,8
7,2,23,16,0.125,1.594896451,1
7,2,44,16,0.125,2.639856055,2
7,2,56,16,0.125,2.710370138,3
7,2,62,16,0.125,1.52186086,4
7,2,71,16,0.125,2.216465071,5
7,2,72,16,0.125,2.286818787,6
7,2,76,16,0.125,1.986822441,7
7,2,120,16,0.125,1.042910196,8
7,3,11,16,0.125,1.869979315,1
7,3,42,16,0.125,1.963536762,2
7,3,71,16,0.125,1.75154835,3
7,3,90,16,0.125,2.125162616,4
7,3,118,16,0.125,1.699316248,5
7,3,119,16,0.125,2.90759851,6
7,3,126,16,0.125,2.059778228,7
7,3,56,14,0.109375,1.419075787,8
7,3,99,2,0.015625,0.204004183,0
7,4,12,16,0.125,2.285637543,1
7,4,14,16,0.125,1.947418168,2
7,4,26,16,0.125,1.787005246,3
7,4,33,16,0.125,1.97431916,4
7,4,82,16,0.125,1.662687212,5
7,4,100,16,0.125,1.833026931,6
7,4,108,16,0.125,2.457081288,7
7,4,127,16,0.125,2.052824453,8
7,5,4,16,0.125,4.020537406,1
7,5,12,16,0.125,1.560680278,2
7,5,41,16,0.125,1.325824343,3
7,5,46,16,0.125,2.443313286,4
7,5,52,16,0.125,1.435015671,5
7,5,53,16,0.125,1.441977575,6
7,5,65,16,0.125,2.496384919,7
7,5,43,10,0.078125,0.796379112,8
7,5,120,6,0.046875,0.479887411,0
7,6,33,16,0.125,2.399007365,1
7,6,49,16,0.125,1.99465397,2
7,6,74,16,0.125,2.175990328,3
7,6,82,16,0.125,2.269274428,4
7,6,92,16,0.125,1.721261173,5
7,6,101,16,0.125,1.774025686,6
7,6,121,16,0.125,2.163104519,7
7,6,20,8,0.0625,0.74680908,8
7,6,112,6,0.046875,0.567731857,0
7,6,39,2,0.015625,0.188141592,0
7,7,15,16,0.125,2.203545094,1
7,7,19,16,0.125,2.41588904,2
7,7,24,16,0.125,1.826732576,3
7,7,56,16,0.125,2.245026574,4
7,7,63,16,0.125,1.744817451,5
7,7,114,16,0.125,2.076016098,6
7,7,44,14,0.109375,1.525718167,7
7,7,29,10,0.078125,1.093772426,8
7,7,68,8,0.0625,0.868482575,0
7,8,6,16,0.125,2.221569315,1
7,8,23,16,0.125,2.10123758,2
7,8,50,16,0.125,1.995289378,3
7,8,54,16,0.125,2.030586824,4
7,8,68,16,0.125,2.49312295,5
7,8,78,16,0.125,1.77456893,6
7,8,11,14,0.109375,1.485848434,7
7,8,45,10,0.078125,1.06133537,8
7,8,76,7,0.0546875,0.731798708,0
7,8,85,1,0.0078125,0.10464251,0
7,9,0,16,0.125,1.777737647,1
7,9,11,16,0.125,2.049621068,2
7,9,23,16,0.125,1.959422402,3
7,9,39,16,0.125,2.631644249,4
7,9,63,16,0.125,1.984548219,5
7,9,67,16,0.125,2.426593035,6
7,9,107,16,0.125,1.626128294,7
7,9,95,8,0.0625,0.782064773,8
7,9,70,5,0.0390625,0.475836657,0
7,9,46,2,0.015625,0.190975726,0
7,9,115,1,0.0078125,0.09542793,0
7,10,1,16,0.125,2.834580839,1
7,10,6,16,0.125,1.814443707,2
7,10,19,16,0.125,1.709296227,3
7,10,36,16,0.125,2.455620781,4
7,10,48,16,0.125,1.672912508,5
7,10,59,16,0.125,1.732800752,6
7,10,84,16,0.125,1.704472065,7
7,10,92,16,0.125,2.075873122,8
7,11,17,16,0.125,1.894629136,1
7,11,22,16,0.125,1.774610475,2
7,11,48,16,0.125,2.131942153,3
7,11,52,16,0.125,1.850710176,4
7,11,76,16,0.125,1.834975116,5
7,11,81,16,0.125,2.844552681,6
7,11,99,16,0.125,1.723496497,7
7,11,121,16,0.125,1.945083767,8
7,12,11,16,0.125,2.832232505,1
7,12,18,16,0.125,2.234221905,2
7,12,41,16,0.125,1.661815062,3
7,12,49,16,0.125,1.623186968,4
7,12,77,16,0.125,2.411068588,5
7,12,109,16,0.125,2.086627543,6
7,12,27,15,0.1171875,1.451515839,7
7,12,40,15,0.1171875,1.500169218,8
7,12,91,2,0.015625,0.199162371,0
7,13,27,16,0.125,2.500847161,1
7,13,49,16,0.125,2.342479751,2
7,13,63,16,0.125,2.069283053,3
7,13,92,16,0.125,1.91559501,4
7,13,110,16,0.125,1.976546682,5
7,13,119,15,0.1171875,1.646770701,6
7,13,91,12,0.09375,1.301420331,7
7,13,20,7,0.0546875,0.74634558,8
7,13,31,5,0.0390625,0.53720738,0
7,13,52,4,0.03125,0.427885465,0
7,13,34,3,0.0234375,0.320957467,0
7,13,104,2,0.015625,0.214661419,0
7,14,2,16,0.125,2.166971654,1
7,14,5,16,0.125,1.965181403,2
7,14,9,16,0.125,1.667902395,3
7,14,59,16,0.125,1.737586968,4
7,14,87,16,0.125,2.252979681,5
7,14,97,16,0.125,2.54143478,6
7,14,109,16,0.125,2.07349737,7
7,14,14,9,0.0703125,0.897002228,8
7,14,61,7,0.0546875,0.697443523,0
7,15,2,16,0.125,1.866770893,1
7,15,15,16,0.125,1.519008406,2
7,15,21,16,0.125,2.417822883,3
7,15,50,16,0.125,2.131886959,4
7,15,58,16,0.125,2.650346994,5
7,15,79,16,0.125,1.567293696,6
7,15,84,16,0.125,2.36444439,7
7,15,64,13,0.1015625,1.209145658,8
7,15,122,3,0.0234375,0.273280121,0
7,16,23,16,0.125,4.511890382,1
7,16,42,16,0.125,1.675433591,2
7,16,48,16,0.125,2.118000582,3
7,16,70,16,0.125,1.253693029,4
7,16,93,16,0.125,1.372800604,5
7,16,97,16,0.125,1.512210831,6
7,16,107,16,0.125,1.46850498,7
7,16,122,16,0.125,2.087466002,8
7,17,34,16,0.125,1.760285586,1
7,17,54,16,0.125,1.958168097,2
7,17,73,16,0.125,1.769010045,3
7,17,96,16,0.125,1.87575677,4
7,17,116,16,0.125,1.897837557,5
7,17,122,16,0.125,3.250369683,6
7,17,80,15,0.1171875,1.627713665,7
7,17,124,10,0.078125,1.107456803,8
7,17,70,4,0.03125,0.428632088,0
7,17,123,3,0.0234375,0.324769706,0
7,18,32,16,0.125,2.1834158,1
7,18,33,16,0.125,1.707201183,2
7,18,58,16,0.125,1.895264275,3
7,18,74,16,0.125,2.073323384,4
7,18,82,16,0.125,2.481297031,5
7,18,87,16,0.125,1.771988504,6
7,18,112,16,0.125,2.248978883,7
7,18,66,9,0.0703125,0.918381445,8
7,18,20,6,0.046875,0.618310675,0
7,18,62,1,0.0078125,0.10183882,0
7,19,15,16,0.125,1.850348294,1
7,19,28,16,0.125,2.123527929,2
7,19,29,16,0.125,1.907207966,3
7,19,44,16,0.125,1.811003387,4
7,19,52,16,0.125,2.165800437,5
7,19,56,16,0.125,2.02080816,6
7,19,63,16,0.125,1.941001743,7
7,19,114,16,0.125,2.180302083,8
7,20,6,16,0.125,3.339595482,1
7,20,68,16,0.125,1.907179378,2
7,20,76,16,0.125,1.897680447,3
7,20,85,16,0.125,2.326847777,4
7,20,92,16,0.125,1.684117913,5
7,20,114,16,0.125,1.733822174,6
7,20,0,14,0.109375,1.361264676,7
7,20,69,13,0.1015625,1.272802174,8
7,20,48,3,0.0234375,0.283501178,0
7,20,123,2,0.015625,0.193188801,0
7,21,2,16,0.125,1.423508443,1
7,21,11,16,0.125,1.970486648,2
7,21,39,16,0.125,3.16073516,3
7,21,51,16,0.125,1.447329834,4
7,21,63,16,0.125,2.79469806,5
7,21,67,16,0.125,2.582211062,6
7,21,56,11,0.0859375,0.899220847,7
7,21,107,9,0.0703125,0.741117172,8
7,21,13,6,0.046875,0.486163586,0
7,21,124,6,0.046875,0.494529188,0
7,22,1,16,0.125,2.129533097,1
7,22,36,16,0.125,2.601578489,2
7,22,48,16,0.125,1.994734116,3
7,22,59,16,0.125,1.797017932,4
7,22,75,16,0.125,1.65364074,5
7,22,84,16,0.125,2.429689124,6
7,22,92,16,0.125,1.933180653,7
7,22,122,6,0.046875,0.548725173,8
7,22,0,5,0.0390625,0.459647715,0
7,22,71,5,0.0390625,0.452252962,0
7,23,31,16,0.125,2.777888849,1
7,23,38,16,0.125,1.961952344,2
7,23,48,16,0.125,2.444124818,3
7,23,81,16,0.125,2.243048638,4
7,23,121,16,0.125,1.832497127,5
7,23,14,14,0.109375,1.372573957,6
7,23,52,11,0.0859375,1.099649779,7
7,23,36,9,0.0703125,0.889146626,8
7,23,25,6,0.046875,0.586346984,0
7,23,17,5,0.0390625,0.497330442,0
7,23,117,3,0.0234375,0.295440435,0
7,24,11,16,0.125,1.988640703,1
7,24,18,16,0.125,2.508853167,2
7,24,77,16,0.125,2.40810971,3
7,24,91,16,0.125,2.434236825,4
7,24,101,16,0.125,1.994599864,5
7,24,109,16,0.125,1.80712083,6
7,24,28,15,0.1171875,1.370100625,7
7,24,37,11,0.0859375,0.967057236,8
7,24,1,2,0.015625,0.172816992,0
7,24,45,2,0.015625,0.173860446,0
7,24,122,2,0.015625,0.174603604,0
7,25,31,16,0.125,1.841580339,1
7,25,49,16,0.125,2.052999675,2
7,25,50,16,0.125,1.954627983,3
7,25,72,16,0.125,2.432555735,4
7,25,91,16,0.125,1.593900509,5
7,25,110,16,0.125,2.679521829,6
7,25,119,16,0.125,1.915050045,7
7,25,124,16,0.125,1.529763885,8
7,26,5,16,0.125,1.865139589,1
7,26,29,16,0.125,2.109279856,2
7,26,31,16,0.125,1.854234293,3
7,26,59,16,0.125,2.002928689,4
7,26,72,16,0.125,1.839733794,5
7,26,87,16,0.125,2.442159578,6
7,26,97,16,0.125,2.124089003,7
7,26,2,15,0.1171875,1.652599625,8
7,26,109,1,0.0078125,0.109835573,0
7,27,21,16,0.125,2.290317759,1
7,27,50,16,0.125,1.909736156,2
7,27,64,16,0.125,1.918937683,3
7,27,84,16,0.125,2.339743197,4
7,27,111,16,0.125,1.849090807,5
7,27,118,16,0.125,2.105751082,6
7,27,14,15,0.1171875,1.667253405,7
7,27,26,14,0.109375,1.583256602,8
7,27,79,3,0.0234375,0.335913308,0
7,28,23,16,0.125,3.581011131,1
7,28,42,16,0.125,1.688063279,2
7,28,70,16,0.125,1.52960211,3
7,28,91,16,0.125,1.799149469,4
7,28,98,16,0.125,1.235060841,5
7,28,107,16,0.125,1.593614303,6
7,28,122,16,0.125,3.549350888,7
7,28,74,15,0.1171875,0.963720717,8
7,28,34,1,0.0078125,0.060427263,0
7,29,13,16,0.125,2.190193385,1
7,29,34,16,0.125,2.20300974,2
7,29,37,16,0.125,1.680765361,3
7,29,70,16,0.125,1.984387964,4
7,29,96,16,0.125,1.847807586,5
7,29,120,16,0.125,2.209353775,6
7,29,124,16,0.125,2.412587687,7
7,29,123,14,0.109375,1.291465476,8
7,29,60,2,0.015625,0.180429026,0
7,30,6,16,0.125,2.056482255,1
7,30,18,16,0.125,2.09709233,2
7,30,58,16,0.125,2.070580423,3
7,30,63,16,0.125,1.854296617,4
7,30,82,16,0.125,2.357928365,5
7,30,94,16,0.125,1.9337795,6
7,30,120,13,0.1015625,1.492903247,7
7,30,39,8,0.0625,0.903805852,8
7,30,93,7,0.0546875,0.787297085,0
7,30,33,4,0.03125,0.445834324,0
7,31,28,16,0.125,2.376747146,1
7,31,29,16,0.125,1.928170167,2
7,31,38,16,0.125,1.868874721,3
7,31,41,16,0.125,1.901977248,4
7,31,63,16,0.125,1.997114018,5
7,31,114,16,0.125,2.316724762,6
7,31,24,15,0.1171875,1.689962134,7
7,31,15,14,0.109375,1.583764322,8
7,31,40,3,0.0234375,0.336665481,0
7,32,6,16,0.125,4.473376423,1
7,32,48,16,0.125,1.793492302,2
7,32,51,16,0.125,1.539982133,3
7,32,68,16,0.125,1.463603936,4
7,32,85,16,0.125,2.186525658,5
7,32,124,16,0.125,1.760755226,6
7,32,11,14,0.109375,1.223983169,7
7,32,90,6,0.046875,0.52283603,8
7,32,54,5,0.0390625,0.431229144,0
7,32,74,4,0.03125,0.34484157,0
7,32,76,3,0.0234375,0.25937441,0
7,33,11,16,0.125,1.479446344,1
7,33,39,16,0.125,2.7051007,2
7,33,53,16,0.125,1.499759749,3
7,33,63,16,0.125,3.281955361,4
7,33,67,16,0.125,2.506538168,5
7,33,115,16,0.125,1.46948912,6
7,33,124,16,0.125,1.640645936,7
7,33,56,14,0.109375,1.243727125,8
7,33,14,1,0.0078125,0.086953714,0
7,33,51,1,0.0078125,0.086383782,0
7,34,1,16,0.125,1.562433109,1
7,34,8,16,0.125,1.349533305,2
7,34,10,16,0.125,1.784256168,3
7,34,29,16,0.125,1.601372488,4
7,34,36,16,0.125,2.062725008,5
7,34,75,16,0.125,2.049980119,6
7,34,84,16,0.125,2.962966263,7
7,34,92,16,0.125,2.626733541,8
7,35,6,16,0.125,1.892621197,1
7,35,17,16,0.125,1.803814404,2
7,35,31,16,0.125,3.601846233,3
7,35,51,16,0.125,2.137933046,4
7,35,70,16,0.125,1.673299782,5
7,35,77,16,0.125,1.834417306,6
7,35,48,14,0.109375,1.349745415,7
7,35,110,12,0.09375,1.13534274,8
7,35,117,5,0.0390625,0.476457424,0
7,35,28,1,0.0078125,0.094522454,0
7,36,11,16,0.125,3.237670079,1
7,36,18,16,0.125,2.144363552,2
7,36,62,16,0.125,2.088602453,3
7,36,77,16,0.125,2.144264668,4
7,36,101,16,0.125,2.142075315,5
7,36,109,16,0.125,1.761985771,6
7,36,49,15,0.1171875,1.165357895,7
7,36,91,9,0.0703125,0.694731362,8
7,36,57,7,0.0546875,0.544023693,0
7,36,27,1,0.0078125,0.076925211,0
7,37,27,16,0.125,2.219152495,1
7,37,34,16,0.125,1.7350768,2
7,37,49,16,0.125,1.852454163,3
7,37,50,16,0.125,1.872391179,4
7,37,72,16,0.125,1.841498919,5
7,37,91,16,0.125,2.635183886,6
7,37,110,16,0.125,2.292029068,7
7,37,31,11,0.0859375,1.069584213,8
7,37,119,5,0.0390625,0.482629277,0
7,38,2,16,0.125,1.993486457,1
7,38,29,16,0.125,1.710412227,2
7,38,31,16,0.125,2.323692963,3
7,38,87,16,0.125,1.786925294,4
7,38,97,16,0.125,2.20261313,5
7,38,109,16,0.125,2.134455055,6
7,38,110,16,0.125,2.258911058,7
7,38,113,11,0.0859375,1.101315521,8
7,38,27,5,0.0390625,0.488188297,0
7,39,14,16,0.125,2.557253554,1
7,39,48,16,0.125,2.021190524,2
7,39,63,16,0.125,1.81180016,3
7,39,84,16,0.125,2.349005356,4
7,39,110,16,0.125,1.766303085,5
7,39,118,16,0.125,2.179152653,6
7,39,16,11,0.0859375,1.140396193,7
7,39,99,11,0.0859375,1.140043303,8
7,39,2,10,0.078125,1.034855172,0
7,40,19,16,0.125,1.458297364,1
7,40,23,16,0.125,3.553028017,2
7,40,27,16,0.125,1.562895142,3
7,40,70,16,0.125,1.709678896,4
7,40,91,16,0.125,2.424404085,5
7,40,94,16,0.125,1.430577129,6
7,40,97,16,0.125,1.539982297,7
7,40,122,16,0.125,2.321137071,8
7,41,80,16,0.125,1.634806536,1
7,41,81,16,0.125,2.278440952,2
7,41,96,16,0.125,1.89450606,3
7,41,100,16,0.125,3.012619331,4
7,41,116,16,0.125,1.95665279,5
7,41,118,16,0.125,1.654279411,6
7,41,124,16,0.125,1.993514612,7
7,41,123,14,0.109375,1.380422555,8
7,41,37,2,0.015625,0.194757752,0
7,42,0,16,0.125,1.880659856,1
7,42,30,16,0.125,2.021460593,2
7,42,63,16,0.125,2.077633783,3
7,42,66,16,0.125,2.187920079,4
7,42,76,16,0.125,1.972693317,5
7,42,88,16,0.125,2.4598452,6
7,42,28,15,0.1171875,1.608045757,7
7,42,47,10,0.078125,1.047487117,8
7,42,81,4,0.03125,0.419792525,0
7,42,95,3,0.0234375,0.324461773,0
7,43,11,16,0.125,2.55896011,1
7,43,72,16,0.125,2.257784307,2
7,43,74,16,0.125,1.716347173,3
7,43,94,16,0.125,1.726036534,4
7,43,96,16,0.125,3.301160648,5
7,43,98,16,0.125,1.631057389,6
7,43,106,16,0.125,1.436701596,7
7,43,10,8,0.0625,0.682258859,8
7,43,32,7,0.0546875,0.60350389,0
7,43,124,1,0.0078125,0.086189494,0
7,44,7,16,0.125,1.850503035,1
7,44,15,16,0.125,2.076349691,2
7,44,50,16,0.125,1.870913692,3
7,44,60,16,0.125,1.816190906,4
7,44,79,16,0.125,2.591276348,5
7,44,94,16,0.125,2.20045723,6
7,44,114,16,0.125,1.859421961,7
7,44,100,9,0.0703125,0.983067207,8
7,44,49,7,0.0546875,0.751819931,0
7,45,4,16,0.125,2.064136758,1
7,45,54,16,0.125,1.946537636,2
7,45,65,16,0.125,1.99715174,3
7,45,67,16,0.125,2.154960901,4
7,45,113,16,0.125,1.984864004,5
7,45,121,16,0.125,1.977606386,6
7,45,110,15,0.1171875,1.846866339,7
7,45,41,7,0.0546875,0.844187126,8
7,45,53,7,0.0546875,0.832455263,0
7,45,31,3,0.0234375,0.351233847,0
7,46,4,16,0.125,2.09846992,1
7,46,15,16,0.125,1.548524305,2
7,46,18,16,0.125,1.404427141,3
7,46,48,16,0.125,1.712489128,4
7,46,70,16,0.125,1.7530756,5
7,46,90,16,0.125,1.421022154,6
7,46,122,16,0.125,4.681862056,7
7,46,20,15,0.1171875,1.294095472,8
7,46,42,1,0.0078125,0.086034223,0
7,47,7,16,0.125,1.90113879,1
7,47,30,16,0.125,2.035811834,2
7,47,41,16,0.125,1.744884118,3
7,47,46,16,0.125,2.119649127,4
7,47,58,16,0.125,2.021972977,5
7,47,65,16,0.125,1.998461701,6
7,47,79,16,0.125,2.694275901,7
7,47,84,10,0.078125,0.93256744,8
7,47,12,6,0.046875,0.551238112,0
