step,layer,name,category,resources,dependencies,start_us,duration_us,end_us,blocking_event,description
0,0,step0.layer0.norm1,norm,GPU_COMPUTE,,0.000000000,1.008192000,1.008192000,,RMSNorm
0,0,step0.layer0.qkv,qkv,GPU_COMPUTE,step0.layer0.norm1,1.008192000,3.635776000,4.643968000,step0.layer0.norm1,QKV projection
0,0,step0.layer0.rope,rope,GPU_COMPUTE,step0.layer0.qkv,4.643968000,1.018432000,5.662400000,step0.layer0.qkv,QK norm and RoPE
0,0,step0.layer0.attention,attention,PIM_COMPUTE,step0.layer0.rope,5.662400000,17.577216000,23.239616000,step0.layer0.rope,decode attention on PIM
0,0,step0.layer0.o_proj,attention_output,GPU_COMPUTE,step0.layer0.attention,23.239616000,3.109440000,26.349056000,step0.layer0.attention,attention output projection
0,0,step0.layer0.residual1,residual,GPU_COMPUTE,step0.layer0.o_proj,26.349056000,1.012288000,27.361344000,step0.layer0.o_proj,residual add
0,0,step0.layer0.norm2,norm,GPU_COMPUTE,step0.layer0.residual1,27.361344000,1.008192000,28.369536000,step0.layer0.residual1,RMSNorm
0,0,step0.layer0.router,router,GPU_COMPUTE,step0.layer0.norm2,28.369536000,2.069888000,30.439424000,step0.layer0.norm2,MoE router
0,0,step0.layer0.metadata,metadata,GPU_COMPUTE,step0.layer0.router,30.439424000,1.000128000,31.439552000,step0.layer0.router,routing metadata
0,0,step0.layer0.dispatch,dispatch,,step0.layer0.metadata,31.439552000,0.000000000,31.439552000,step0.layer0.metadata,single-GPU dispatch placeholder
0,0,step0.layer0.scheduler,scheduler,GPU_COMPUTE,step0.layer0.metadata,31.439552000,20.000000000,51.439552000,step0.layer0.metadata,sieve placement policy
0,0,step0.layer0.gpu_weight_load,gpu_weight_load,HBM_MEM_PATH,step0.layer0.scheduler,51.439552000,37.748736000,89.188288000,step0.layer0.scheduler,expert weights HBM to GPU
0,0,step0.layer0.gpu_expert_compute,gpu_expert,GPU_COMPUTE,step0.layer0.gpu_weight_load;step0.layer0.dispatch,89.188288000,3.197132288,92.385420288,step0.layer0.gpu_weight_load,grouped expert GEMM
0,0,step0.layer0.pim_gwrite,pim_write,GPU_PIM_IO,step0.layer0.scheduler;step0.layer0.dispatch,51.439552000,0.058704000,51.498256000,step0.layer0.scheduler,PIM_GWRITE token operands
0,0,step0.layer0.pim_expert_compute,pim_expert,PIM_COMPUTE,step0.layer0.pim_gwrite,51.498256000,22.604016000,74.102272000,step0.layer0.pim_gwrite,serialized PIM expert GEMV
0,0,step0.layer0.pim_read,pim_read,GPU_PIM_IO,step0.layer0.pim_expert_compute,74.102272000,0.058704000,74.160976000,step0.layer0.pim_expert_compute,PIM expert result read
0,0,step0.layer0.combine,combine,GPU_COMPUTE,step0.layer0.gpu_expert_compute;step0.layer0.pim_read,92.385420288,1.036864000,93.422284288,step0.layer0.gpu_expert_compute,weighted expert combine
0,0,step0.layer0.residual2,residual,GPU_COMPUTE,step0.layer0.combine,93.422284288,1.012288000,94.434572288,step0.layer0.combine,residual add
0,1,step0.layer1.norm1,norm,GPU_COMPUTE,step0.layer0.residual2,94.434572288,1.008192000,95.442764288,step0.layer0.residual2,RMSNorm
0,1,step0.layer1.qkv,qkv,GPU_COMPUTE,step0.layer1.norm1,95.442764288,3.635776000,99.078540288,step0.layer1.norm1,QKV projection
0,1,step0.layer1.rope,rope,GPU_COMPUTE,step0.layer1.qkv,99.078540288,1.018432000,100.096972288,step0.layer1.qkv,QK norm and RoPE
0,1,step0.layer1.attention,attention,PIM_COMPUTE,step0.layer1.rope,100.096972288,17.577216000,117.674188288,step0.layer1.rope,decode attention on PIM
0,1,step0.layer1.o_proj,attention_output,GPU_COMPUTE,step0.layer1.attention,117.674188288,3.109440000,120.783628288,step0.layer1.attention,attention output projection
0,1,step0.layer1.residual1,residual,GPU_COMPUTE,step0.layer1.o_proj,120.783628288,1.012288000,121.795916288,step0.layer1.o_proj,residual add
0,1,step0.layer1.norm2,norm,GPU_COMPUTE,step0.layer1.residual1,121.795916288,1.008192000,122.804108288,step0.layer1.residual1,RMSNorm
0,1,step0.layer1.router,router,GPU_COMPUTE,step0.layer1.norm2,122.804108288,2.069888000,124.873996288,step0.layer1.norm2,MoE router
0,1,step0.layer1.metadata,metadata,GPU_COMPUTE,step0.layer1.router,124.873996288,1.000128000,125.874124288,step0.layer1.router,routing metadata
0,1,step0.layer1.dispatch,dispatch,,step0.layer1.metadata,125.874124288,0.000000000,125.874124288,step0.layer1.metadata,single-GPU dispatch placeholder
0,1,step0.layer1.scheduler,scheduler,GPU_COMPUTE,step0.layer1.metadata,125.874124288,20.000000000,145.874124288,step0.layer1.metadata,sieve placement policy
0,1,step0.layer1.gpu_weight_load,gpu_weight_load,HBM_MEM_PATH,step0.layer1.scheduler,145.874124288,37.748736000,183.622860288,step0.layer1.scheduler,expert weights HBM to GPU
0,1,step0.layer1.gpu_expert_compute,gpu_expert,GPU_COMPUTE,step0.layer1.gpu_weight_load;step0.layer1.dispatch,183.622860288,3.197132288,186.819992576,step0.layer1.gpu_weight_load,grouped expert GEMM
0,1,step0.layer1.pim_gwrite,pim_write,GPU_PIM_IO,step0.layer1.scheduler;step0.layer1.dispatch,145.874124288,0.058704000,145.932828288,step0.layer1.scheduler,PIM_GWRITE token operands
0,1,step0.layer1.pim_expert_compute,pim_expert,PIM_COMPUTE,step0.layer1.pim_gwrite,145.932828288,22.604016000,168.536844288,step0.layer1.pim_gwrite,serialized PIM expert GEMV
0,1,step0.layer1.pim_read,pim_read,GPU_PIM_IO,step0.layer1.pim_expert_compute,168.536844288,0.058704000,168.595548288,step0.layer1.pim_expert_compute,PIM expert result read
0,1,step0.layer1.combine,combine,GPU_COMPUTE,step0.layer1.gpu_expert_compute;step0.layer1.pim_read,186.819992576,1.036864000,187.856856576,step0.layer1.gpu_expert_compute,weighted expert combine
0,1,step0.layer1.residual2,residual,GPU_COMPUTE,step0.layer1.combine,187.856856576,1.012288000,188.869144576,step0.layer1.combine,residual add
0,2,step0.layer2.norm1,norm,GPU_COMPUTE,step0.layer1.residual2,188.869144576,1.008192000,189.877336576,step0.layer1.residual2,RMSNorm
0,2,step0.layer2.qkv,qkv,GPU_COMPUTE,step0.layer2.norm1,189.877336576,3.635776000,193.513112576,step0.layer2.norm1,QKV projection
0,2,step0.layer2.rope,rope,GPU_COMPUTE,step0.layer2.qkv,193.513112576,1.018432000,194.531544576,step0.layer2.qkv,QK norm and RoPE
0,2,step0.layer2.attention,attention,PIM_COMPUTE,step0.layer2.rope,194.531544576,17.577216000,212.108760576,step0.layer2.rope,decode attention on PIM
0,2,step0.layer2.o_proj,attention_output,GPU_COMPUTE,step0.layer2.attention,212.108760576,3.109440000,215.218200576,step0.layer2.attention,attention output projection
0,2,step0.layer2.residual1,residual,GPU_COMPUTE,step0.layer2.o_proj,215.218200576,1.012288000,216.230488576,step0.layer2.o_proj,residual add
0,2,step0.layer2.norm2,norm,GPU_COMPUTE,step0.layer2.residual1,216.230488576,1.008192000,217.238680576,step0.layer2.residual1,RMSNorm
0,2,step0.layer2.router,router,GPU_COMPUTE,step0.layer2.norm2,217.238680576,2.069888000,219.308568576,step0.layer2.norm2,MoE router
0,2,step0.layer2.metadata,metadata,GPU_COMPUTE,step0.layer2.router,219.308568576,1.000128000,220.308696576,step0.layer2.router,routing metadata
0,2,step0.layer2.dispatch,dispatch,,step0.layer2.metadata,220.308696576,0.000000000,220.308696576,step0.layer2.metadata,single-GPU dispatch placeholder
0,2,step0.layer2.scheduler,scheduler,GPU_COMPUTE,step0.layer2.metadata,220.308696576,20.000000000,240.308696576,step0.layer2.metadata,sieve placement policy
0,2,step0.layer2.gpu_weight_load,gpu_weight_load,HBM_MEM_PATH,step0.layer2.scheduler,240.308696576,37.748736000,278.057432576,step0.layer2.scheduler,expert weights HBM to GPU
0,2,step0.layer2.gpu_expert_compute,gpu_expert,GPU_COMPUTE,step0.layer2.gpu_weight_load;step0.layer2.dispatch,278.057432576,3.197132288,281.254564864,step0.layer2.gpu_weight_load,grouped expert GEMM
0,2,step0.layer2.pim_gwrite,pim_write,GPU_PIM_IO,step0.layer2.scheduler;step0.layer2.dispatch,240.308696576,0.058704000,240.367400576,step0.layer2.scheduler,PIM_GWRITE token operands
0,2,step0.layer2.pim_expert_compute,pim_expert,PIM_COMPUTE,step0.layer2.pim_gwrite,240.367400576,22.604016000,262.971416576,step0.layer2.pim_gwrite,serialized PIM expert GEMV
0,2,step0.layer2.pim_read,pim_read,GPU_PIM_IO,step0.layer2.pim_expert_compute,262.971416576,0.058704000,263.030120576,step0.layer2.pim_expert_compute,PIM expert result read
0,2,step0.layer2.combine,combine,GPU_COMPUTE,step0.layer2.gpu_expert_compute;step0.layer2.pim_read,281.254564864,1.036864000,282.291428864,step0.layer2.gpu_expert_compute,weighted expert combine
0,2,step0.layer2.residual2,residual,GPU_COMPUTE,step0.layer2.combine,282.291428864,1.012288000,283.303716864,step0.layer2.combine,residual add
0,3,step0.layer3.norm1,norm,GPU_COMPUTE,step0.layer2.residual2,283.303716864,1.008192000,284.311908864,step0.layer2.residual2,RMSNorm
0,3,step0.layer3.qkv,qkv,GPU_COMPUTE,step0.layer3.norm1,284.311908864,3.635776000,287.947684864,step0.layer3.norm1,QKV projection
0,3,step0.layer3.rope,rope,GPU_COMPUTE,step0.layer3.qkv,287.947684864,1.018432000,288.966116864,step0.layer3.qkv,QK norm and RoPE
0,3,step0.layer3.attention,attention,PIM_COMPUTE,step0.layer3.rope,288.966116864,17.577216000,306.543332864,step0.layer3.rope,decode attention on PIM
0,3,step0.layer3.o_proj,attention_output,GPU_COMPUTE,step0.layer3.attention,306.543332864,3.109440000,309.652772864,step0.layer3.attention,attention output projection
0,3,step0.layer3.residual1,residual,GPU_COMPUTE,step0.layer3.o_proj,309.652772864,1.012288000,310.665060864,step0.layer3.o_proj,residual add
0,3,step0.layer3.norm2,norm,GPU_COMPUTE,step0.layer3.residual1,310.665060864,1.008192000,311.673252864,step0.layer3.residual1,RMSNorm
0,3,step0.layer3.router,router,GPU_COMPUTE,step0.layer3.norm2,311.673252864,2.069888000,313.743140864,step0.layer3.norm2,MoE router
0,3,step0.layer3.metadata,metadata,GPU_COMPUTE,step0.layer3.router,313.743140864,1.000128000,314.743268864,step0.layer3.router,routing metadata
0,3,step0.layer3.dispatch,dispatch,,step0.layer3.metadata,314.743268864,0.000000000,314.743268864,step0.layer3.metadata,single-GPU dispatch placeholder
0,3,step0.layer3.scheduler,scheduler,GPU_COMPUTE,step0.layer3.metadata,314.743268864,20.000000000,334.743268864,step0.layer3.metadata,sieve placement policy
0,3,step0.layer3.gpu_weight_load,gpu_weight_load,HBM_MEM_PATH,step0.layer3.scheduler,334.743268864,37.748736000,372.492004864,step0.layer3.scheduler,expert weights HBM to GPU
0,3,step0.layer3.gpu_expert_compute,gpu_expert,GPU_COMPUTE,step0.layer3.gpu_weight_load;step0.layer3.dispatch,372.492004864,3.197132288,375.689137152,step0.layer3.gpu_weight_load,grouped expert GEMM
0,3,step0.layer3.pim_gwrite,pim_write,GPU_PIM_IO,step0.layer3.scheduler;step0.layer3.dispatch,334.743268864,0.058704000,334.801972864,step0.layer3.scheduler,PIM_GWRITE token operands
0,3,step0.layer3.pim_expert_compute,pim_expert,PIM_COMPUTE,step0.layer3.pim_gwrite,334.801972864,22.604016000,357.405988864,step0.layer3.pim_gwrite,serialized PIM expert GEMV
0,3,step0.layer3.pim_read,pim_read,GPU_PIM_IO,step0.layer3.pim_expert_compute,357.405988864,0.058704000,357.464692864,step0.layer3.pim_expert_compute,PIM expert result read
0,3,step0.layer3.combine,combine,GPU_COMPUTE,step0.layer3.gpu_expert_compute;step0.layer3.pim_read,375.689137152,1.036864000,376.726001152,step0.layer3.gpu_expert_compute,weighted expert combine
0,3,step0.layer3.residual2,residual,GPU_COMPUTE,step0.layer3.combine,376.726001152,1.012288000,377.738289152,step0.layer3.combine,residual add
0,4,step0.layer4.norm1,norm,GPU_COMPUTE,step0.layer3.residual2,377.738289152,1.008192000,378.746481152,step0.layer3.residual2,RMSNorm
0,4,step0.layer4.qkv,qkv,GPU_COMPUTE,step0.layer4.norm1,378.746481152,3.635776000,382.382257152,step0.layer4.norm1,QKV projection
0,4,step0.layer4.rope,rope,GPU_COMPUTE,step0.layer4.qkv,382.382257152,1.018432000,383.400689152,step0.layer4.qkv,QK norm and RoPE
0,4,step0.layer4.attention,attention,PIM_COMPUTE,step0.layer4.rope,383.400689152,17.577216000,400.977905152,step0.layer4.rope,decode attention on PIM
0,4,step0.layer4.o_proj,attention_output,GPU_COMPUTE,step0.layer4.attention,400.977905152,3.109440000,404.087345152,step0.layer4.attention,attention output projection
0,4,step0.layer4.residual1,residual,GPU_COMPUTE,step0.layer4.o_proj,404.087345152,1.012288000,405.099633152,step0.layer4.o_proj,residual add
0,4,step0.layer4.norm2,norm,GPU_COMPUTE,step0.layer4.residual1,405.099633152,1.008192000,406.107825152,step0.layer4.residual1,RMSNorm
0,4,step0.layer4.router,router,GPU_COMPUTE,step0.layer4.norm2,406.107825152,2.069888000,408.177713152,step0.layer4.norm2,MoE router
0,4,step0.layer4.metadata,metadata,GPU_COMPUTE,step0.layer4.router,408.177713152,1.000128000,409.177841152,step0.layer4.router,routing metadata
0,4,step0.layer4.dispatch,dispatch,,step0.layer4.metadata,409.177841152,0.000000000,409.177841152,step0.layer4.metadata,single-GPU dispatch placeholder
0,4,step0.layer4.scheduler,scheduler,GPU_COMPUTE,step0.layer4.metadata,409.177841152,20.000000000,429.177841152,step0.layer4.metadata,sieve placement policy
0,4,step0.layer4.gpu_weight_load,gpu_weight_load,HBM_MEM_PATH,step0.layer4.scheduler,429.177841152,37.748736000,466.926577152,step0.layer4.scheduler,expert weights HBM to GPU
0,4,step0.layer4.gpu_expert_compute,gpu_expert,GPU_COMPUTE,step0.layer4.gpu_weight_load;step0.layer4.dispatch,466.926577152,3.197132288,470.123709440,step0.layer4.gpu_weight_load,grouped expert GEMM
0,4,step0.layer4.pim_gwrite,pim_write,GPU_PIM_IO,step0.layer4.scheduler;step0.layer4.dispatch,429.177841152,0.058704000,429.236545152,step0.layer4.scheduler,PIM_GWRITE token operands
0,4,step0.layer4.pim_expert_compute,pim_expert,PIM_COMPUTE,step0.layer4.pim_gwrite,429.236545152,22.604016000,451.840561152,step0.layer4.pim_gwrite,serialized PIM expert GEMV
0,4,step0.layer4.pim_read,pim_read,GPU_PIM_IO,step0.layer4.pim_expert_compute,451.840561152,0.058704000,451.899265152,step0.layer4.pim_expert_compute,PIM expert result read
0,4,step0.layer4.combine,combine,GPU_COMPUTE,step0.layer4.gpu_expert_compute;step0.layer4.pim_read,470.123709440,1.036864000,471.160573440,step0.layer4.gpu_expert_compute,weighted expert combine
0,4,step0.layer4.residual2,residual,GPU_COMPUTE,step0.layer4.combine,471.160573440,1.012288000,472.172861440,step0.layer4.combine,residual add
0,5,step0.layer5.norm1,norm,GPU_COMPUTE,step0.layer4.residual2,472.172861440,1.008192000,473.181053440,step0.layer4.residual2,RMSNorm
0,5,step0.layer5.qkv,qkv,GPU_COMPUTE,step0.layer5.norm1,473.181053440,3.635776000,476.816829440,step0.layer5.norm1,QKV projection
0,5,step0.layer5.rope,rope,GPU_COMPUTE,step0.layer5.qkv,476.816829440,1.018432000,477.835261440,step0.layer5.qkv,QK norm and RoPE
0,5,step0.layer5.attention,attention,PIM_COMPUTE,step0.layer5.rope,477.835261440,17.577216000,495.412477440,step0.layer5.rope,decode attention on PIM
0,5,step0.layer5.o_proj,attention_output,GPU_COMPUTE,step0.layer5.attention,495.412477440,3.109440000,498.521917440,step0.layer5.attention,attention output projection
0,5,step0.layer5.residual1,residual,GPU_COMPUTE,step0.layer5.o_proj,498.521917440,1.012288000,499.534205440,step0.layer5.o_proj,residual add
0,5,step0.layer5.norm2,norm,GPU_COMPUTE,step0.layer5.residual1,499.534205440,1.008192000,500.542397440,step0.layer5.residual1,RMSNorm
0,5,step0.layer5.router,router,GPU_COMPUTE,step0.layer5.norm2,500.542397440,2.069888000,502.612285440,step0.layer5.norm2,MoE router
0,5,step0.layer5.metadata,metadata,GPU_COMPUTE,step0.layer5.router,502.612285440,1.000128000,503.612413440,step0.layer5.router,routing metadata
0,5,step0.layer5.dispatch,dispatch,,step0.layer5.metadata,503.612413440,0.000000000,503.612413440,step0.layer5.metadata,single-GPU dispatch placeholder
0,5,step0.layer5.scheduler,scheduler,GPU_COMPUTE,step0.layer5.metadata,503.612413440,20.000000000,523.612413440,step0.layer5.metadata,sieve placement policy
0,5,step0.layer5.gpu_weight_load,gpu_weight_load,HBM_MEM_PATH,step0.layer5.scheduler,523.612413440,37.748736000,561.361149440,step0.layer5.scheduler,expert weights HBM to GPU
0,5,step0.layer5.gpu_expert_compute,gpu_expert,GPU_COMPUTE,step0.layer5.gpu_weight_load;step0.layer5.dispatch,561.361149440,3.197132288,564.558281728,step0.layer5.gpu_weight_load,grouped expert GEMM
0,5,step0.layer5.pim_gwrite,pim_write,GPU_PIM_IO,step0.layer5.scheduler;step0.layer5.dispatch,523.612413440,0.058704000,523.671117440,step0.layer5.scheduler,PIM_GWRITE token operands
0,5,step0.layer5.pim_expert_compute,pim_expert,PIM_COMPUTE,step0.layer5.pim_gwrite,523.671117440,22.604016000,546.275133440,step0.layer5.pim_gwrite,serialized PIM expert GEMV
0,5,step0.layer5.pim_read,pim_read,GPU_PIM_IO,step0.layer5.pim_expert_compute,546.275133440,0.058704000,546.333837440,step0.layer5.pim_expert_compute,PIM expert result read
0,5,step0.layer5.combine,combine,GPU_COMPUTE,step0.layer5.gpu_expert_compute;step0.layer5.pim_read,564.558281728,1.036864000,565.595145728,step0.layer5.gpu_expert_compute,weighted expert combine
0,5,step0.layer5.residual2,residual,GPU_COMPUTE,step0.layer5.combine,565.595145728,1.012288000,566.607433728,step0.layer5.combine,residual add
0,6,step0.layer6.norm1,norm,GPU_COMPUTE,step0.layer5.residual2,566.607433728,1.008192000,567.615625728,step0.layer5.residual2,RMSNorm
0,6,step0.layer6.qkv,qkv,GPU_COMPUTE,step0.layer6.norm1,567.615625728,3.635776000,571.251401728,step0.layer6.norm1,QKV projection
0,6,step0.layer6.rope,rope,GPU_COMPUTE,step0.layer6.qkv,571.251401728,1.018432000,572.269833728,step0.layer6.qkv,QK norm and RoPE
0,6,step0.layer6.attention,attention,PIM_COMPUTE,step0.layer6.rope,572.269833728,17.577216000,589.847049728,step0.layer6.rope,decode attention on PIM
0,6,step0.layer6.o_proj,attention_output,GPU_COMPUTE,step0.layer6.attention,589.847049728,3.109440000,592.956489728,step0.layer6.attention,attention output projection
0,6,step0.layer6.residual1,residual,GPU_COMPUTE,step0.layer6.o_proj,592.956489728,1.012288000,593.968777728,step0.layer6.o_proj,residual add
0,6,step0.layer6.norm2,norm,GPU_COMPUTE,step0.layer6.residual1,593.968777728,1.008192000,594.976969728,step0.layer6.residual1,RMSNorm
0,6,step0.layer6.router,router,GPU_COMPUTE,step0.layer6.norm2,594.976969728,2.069888000,597.046857728,step0.layer6.norm2,MoE router
0,6,step0.layer6.metadata,metadata,GPU_COMPUTE,step0.layer6.router,597.046857728,1.000128000,598.046985728,step0.layer6.router,routing metadata
0,6,step0.layer6.dispatch,dispatch,,step0.layer6.metadata,598.046985728,0.000000000,598.046985728,step0.layer6.metadata,single-GPU dispatch placeholder
0,6,step0.layer6.scheduler,scheduler,GPU_COMPUTE,step0.layer6.metadata,598.046985728,20.000000000,618.046985728,step0.layer6.metadata,sieve placement policy
0,6,step0.layer6.gpu_weight_load,gpu_weight_load,HBM_MEM_PATH,step0.layer6.scheduler,618.046985728,37.748736000,655.795721728,step0.layer6.scheduler,expert weights HBM to GPU
0,6,step0.layer6.gpu_expert_compute,gpu_expert,GPU_COMPUTE,step0.layer6.gpu_weight_load;step0.layer6.dispatch,655.795721728,3.197132288,658.992854016,step0.layer6.gpu_weight_load,grouped expert GEMM
0,6,step0.layer6.pim_gwrite,pim_write,GPU_PIM_IO,step0.layer6.scheduler;step0.layer6.dispatch,618.046985728,0.058704000,618.105689728,step0.layer6.scheduler,PIM_GWRITE token operands
0,6,step0.layer6.pim_expert_compute,pim_expert,PIM_COMPUTE,step0.layer6.pim_gwrite,618.105689728,22.604016000,640.709705728,step0.layer6.pim_gwrite,serialized PIM expert GEMV
0,6,step0.layer6.pim_read,pim_read,GPU_PIM_IO,step0.layer6.pim_expert_compute,640.709705728,0.058704000,640.768409728,step0.layer6.pim_expert_compute,PIM expert result read
0,6,step0.layer6.combine,combine,GPU_COMPUTE,step0.layer6.gpu_expert_compute;step0.layer6.pim_read,658.992854016,1.036864000,660.029718016,step0.layer6.gpu_expert_compute,weighted expert combine
0,6,step0.layer6.residual2,residual,GPU_COMPUTE,step0.layer6.combine,660.029718016,1.012288000,661.042006016,step0.layer6.combine,residual add
0,7,step0.layer7.norm1,norm,GPU_COMPUTE,step0.layer6.residual2,661.042006016,1.008192000,662.050198016,step0.layer6.residual2,RMSNorm
0,7,step0.layer7.qkv,qkv,GPU_COMPUTE,step0.layer7.norm1,662.050198016,3.635776000,665.685974016,step0.layer7.norm1,QKV projection
0,7,step0.layer7.rope,rope,GPU_COMPUTE,step0.layer7.qkv,665.685974016,1.018432000,666.704406016,step0.layer7.qkv,QK norm and RoPE
0,7,step0.layer7.attention,attention,PIM_COMPUTE,step0.layer7.rope,666.704406016,17.577216000,684.281622016,step0.layer7.rope,decode attention on PIM
0,7,step0.layer7.o_proj,attention_output,GPU_COMPUTE,step0.layer7.attention,684.281622016,3.109440000,687.391062016,step0.layer7.attention,attention output projection
0,7,step0.layer7.residual1,residual,GPU_COMPUTE,step0.layer7.o_proj,687.391062016,1.012288000,688.403350016,step0.layer7.o_proj,residual add
0,7,step0.layer7.norm2,norm,GPU_COMPUTE,step0.layer7.residual1,688.403350016,1.008192000,689.411542016,step0.layer7.residual1,RMSNorm
0,7,step0.layer7.router,router,GPU_COMPUTE,step0.layer7.norm2,689.411542016,2.069888000,691.481430016,step0.layer7.norm2,MoE router
0,7,step0.layer7.metadata,metadata,GPU_COMPUTE,step0.layer7.router,691.481430016,1.000128000,692.481558016,step0.layer7.router,routing metadata
0,7,step0.layer7.dispatch,dispatch,,step0.layer7.metadata,692.481558016,0.000000000,692.481558016,step0.layer7.metadata,single-GPU dispatch placeholder
0,7,step0.layer7.scheduler,scheduler,GPU_COMPUTE,step0.layer7.metadata,692.481558016,20.000000000,712.481558016,step0.layer7.metadata,sieve placement policy
0,7,step0.layer7.gpu_weight_load,gpu_weight_load,HBM_MEM_PATH,step0.layer7.scheduler,712.481558016,37.748736000,750.230294016,step0.layer7.scheduler,expert weights HBM to GPU
0,7,step0.layer7.gpu_expert_compute,gpu_expert,GPU_COMPUTE,step0.layer7.gpu_weight_load;step0.layer7.dispatch,750.230294016,3.197132288,753.427426304,step0.layer7.gpu_weight_load,grouped expert GEMM
0,7,step0.layer7.pim_gwrite,pim_write,GPU_PIM_IO,step0.layer7.scheduler;step0.layer7.dispatch,712.481558016,0.058704000,712.540262016,step0.layer7.scheduler,PIM_GWRITE token operands
0,7,step0.layer7.pim_expert_compute,pim_expert,PIM_COMPUTE,step0.layer7.pim_gwrite,712.540262016,22.604016000,735.144278016,step0.layer7.pim_gwrite,serialized PIM expert GEMV
0,7,step0.layer7.pim_read,pim_read,GPU_PIM_IO,step0.layer7.pim_expert_compute,735.144278016,0.058704000,735.202982016,step0.layer7.pim_expert_compute,PIM expert result read
0,7,step0.layer7.combine,combine,GPU_COMPUTE,step0.layer7.gpu_expert_compute;step0.layer7.pim_read,753.427426304,1.036864000,754.464290304,step0.layer7.gpu_expert_compute,weighted expert combine
0,7,step0.layer7.residual2,residual,GPU_COMPUTE,step0.layer7.combine,754.464290304,1.012288000,755.476578304,step0.layer7.combine,residual add
0,8,step0.layer8.norm1,norm,GPU_COMPUTE,step0.layer7.residual2,755.476578304,1.008192000,756.484770304,step0.layer7.residual2,RMSNorm
0,8,step0.layer8.qkv,qkv,GPU_COMPUTE,step0.layer8.norm1,756.484770304,3.635776000,760.120546304,step0.layer8.norm1,QKV projection
0,8,step0.layer8.rope,rope,GPU_COMPUTE,step0.layer8.qkv,760.120546304,1.018432000,761.138978304,step0.layer8.qkv,QK norm and RoPE
0,8,step0.layer8.attention,attention,PIM_COMPUTE,step0.layer8.rope,761.138978304,17.577216000,778.716194304,step0.layer8.rope,decode attention on PIM
0,8,step0.layer8.o_proj,attention_output,GPU_COMPUTE,step0.layer8.attention,778.716194304,3.109440000,781.825634304,step0.layer8.attention,attention output projection
0,8,step0.layer8.residual1,residual,GPU_COMPUTE,step0.layer8.o_proj,781.825634304,1.012288000,782.837922304,step0.layer8.o_proj,residual add
0,8,step0.layer8.norm2,norm,GPU_COMPUTE,step0.layer8.residual1,782.837922304,1.008192000,783.846114304,step0.layer8.residual1,RMSNorm
0,8,step0.layer8.router,router,GPU_COMPUTE,step0.layer8.norm2,783.846114304,2.069888000,785.916002304,step0.layer8.norm2,MoE router
0,8,step0.layer8.metadata,metadata,GPU_COMPUTE,step0.layer8.router,785.916002304,1.000128000,786.916130304,step0.layer8.router,routing metadata
0,8,step0.layer8.dispatch,dispatch,,step0.layer8.metadata,786.916130304,0.000000000,786.916130304,step0.layer8.metadata,single-GPU dispatch placeholder
0,8,step0.layer8.scheduler,scheduler,GPU_COMPUTE,step0.layer8.metadata,786.916130304,20.000000000,806.916130304,step0.layer8.metadata,sieve placement policy
0,8,step0.layer8.gpu_weight_load,gpu_weight_load,HBM_MEM_PATH,step0.layer8.scheduler,806.916130304,37.748736000,844.664866304,step0.layer8.scheduler,expert weights HBM to GPU
0,8,step0.layer8.gpu_expert_compute,gpu_expert,GPU_COMPUTE,step0.layer8.gpu_weight_load;step0.layer8.dispatch,844.664866304,3.197132288,847.861998592,step0.layer8.gpu_weight_load,grouped expert GEMM
0,8,step0.layer8.pim_gwrite,pim_write,GPU_PIM_IO,step0.layer8.scheduler;step0.layer8.dispatch,806.916130304,0.058704000,806.974834304,step0.layer8.scheduler,PIM_GWRITE token operands
0,8,step0.layer8.pim_expert_compute,pim_expert,PIM_COMPUTE,step0.layer8.pim_gwrite,806.974834304,22.604016000,829.578850304,step0.layer8.pim_gwrite,serialized PIM expert GEMV
0,8,step0.layer8.pim_read,pim_read,GPU_PIM_IO,step0.layer8.pim_expert_compute,829.578850304,0.058704000,829.637554304,step0.layer8.pim_expert_compute,PIM expert result read
0,8,step0.layer8.combine,combine,GPU_COMPUTE,step0.layer8.gpu_expert_compute;step0.layer8.pim_read,847.861998592,1.036864000,848.898862592,step0.layer8.gpu_expert_compute,weighted expert combine
0,8,step0.layer8.residual2,residual,GPU_COMPUTE,step0.layer8.combine,848.898862592,1.012288000,849.911150592,step0.layer8.combine,residual add
0,9,step0.layer9.norm1,norm,GPU_COMPUTE,step0.layer8.residual2,849.911150592,1.008192000,850.919342592,step0.layer8.residual2,RMSNorm
0,9,step0.layer9.qkv,qkv,GPU_COMPUTE,step0.layer9.norm1,850.919342592,3.635776000,854.555118592,step0.layer9.norm1,QKV projection
0,9,step0.layer9.rope,rope,GPU_COMPUTE,step0.layer9.qkv,854.555118592,1.018432000,855.573550592,step0.layer9.qkv,QK norm and RoPE
0,9,step0.layer9.attention,attention,PIM_COMPUTE,step0.layer9.rope,855.573550592,17.577216000,873.150766592,step0.layer9.rope,decode attention on PIM
0,9,step0.layer9.o_proj,attention_output,GPU_COMPUTE,step0.layer9.attention,873.150766592,3.109440000,876.260206592,step0.layer9.attention,attention output projection
0,9,step0.layer9.residual1,residual,GPU_COMPUTE,step0.layer9.o_proj,876.260206592,1.012288000,877.272494592,step0.layer9.o_proj,residual add
0,9,step0.layer9.norm2,norm,GPU_COMPUTE,step0.layer9.residual1,877.272494592,1.008192000,878.280686592,step0.layer9.residual1,RMSNorm
0,9,step0.layer9.router,router,GPU_COMPUTE,step0.layer9.norm2,878.280686592,2.069888000,880.350574592,step0.layer9.norm2,MoE router
0,9,step0.layer9.metadata,metadata,GPU_COMPUTE,step0.layer9.router,880.350574592,1.000128000,881.350702592,step0.layer9.router,routing metadata
0,9,step0.layer9.dispatch,dispatch,,step0.layer9.metadata,881.350702592,0.000000000,881.350702592,step0.layer9.metadata,single-GPU dispatch placeholder
0,9,step0.layer9.scheduler,scheduler,GPU_COMPUTE,step0.layer9.metadata,881.350702592,20.000000000,901.350702592,step0.layer9.metadata,sieve placement policy
0,9,step0.layer9.gpu_weight_load,gpu_weight_load,HBM_MEM_PATH,step0.layer9.scheduler,901.350702592,37.748736000,939.099438592,step0.layer9.scheduler,expert weights HBM to GPU
0,9,step0.layer9.gpu_expert_compute,gpu_expert,GPU_COMPUTE,step0.layer9.gpu_weight_load;step0.layer9.dispatch,939.099438592,3.197132288,942.296570880,step0.layer9.gpu_weight_load,grouped expert GEMM
0,9,step0.layer9.pim_gwrite,pim_write,GPU_PIM_IO,step0.layer9.scheduler;step0.layer9.dispatch,901.350702592,0.058704000,901.409406592,step0.layer9.scheduler,PIM_GWRITE token operands
0,9,step0.layer9.pim_expert_compute,pim_expert,PIM_COMPUTE,step0.layer9.pim_gwrite,901.409406592,22.604016000,924.013422592,step0.layer9.pim_gwrite,serialized PIM expert GEMV
0,9,step0.layer9.pim_read,pim_read,GPU_PIM_IO,step0.layer9.pim_expert_compute,924.013422592,0.058704000,924.072126592,step0.layer9.pim_expert_compute,PIM expert result read
0,9,step0.layer9.combine,combine,GPU_COMPUTE,step0.layer9.gpu_expert_compute;step0.layer9.pim_read,942.296570880,1.036864000,943.333434880,step0.layer9.gpu_expert_compute,weighted expert combine
0,9,step0.layer9.residual2,residual,GPU_COMPUTE,step0.layer9.combine,943.333434880,1.012288000,944.345722880,step0.layer9.combine,residual add
0,10,step0.layer10.norm1,norm,GPU_COMPUTE,step0.layer9.residual2,944.345722880,1.008192000,945.353914880,step0.layer9.residual2,RMSNorm
0,10,step0.layer10.qkv,qkv,GPU_COMPUTE,step0.layer10.norm1,945.353914880,3.635776000,948.989690880,step0.layer10.norm1,QKV projection
0,10,step0.layer10.rope,rope,GPU_COMPUTE,step0.layer10.qkv,948.989690880,1.018432000,950.008122880,step0.layer10.qkv,QK norm and RoPE
0,10,step0.layer10.attention,attention,PIM_COMPUTE,step0.layer10.rope,950.008122880,17.577216000,967.585338880,step0.layer10.rope,decode attention on PIM
0,10,step0.layer10.o_proj,attention_output,GPU_COMPUTE,step0.layer10.attention,967.585338880,3.109440000,970.694778880,step0.layer10.attention,attention output projection
0,10,step0.layer10.residual1,residual,GPU_COMPUTE,step0.layer10.o_proj,970.694778880,1.012288000,971.707066880,step0.layer10.o_proj,residual add
0,10,step0.layer10.norm2,norm,GPU_COMPUTE,step0.layer10.residual1,971.707066880,1.008192000,972.715258880,step0.layer10.residual1,RMSNorm
0,10,step0.layer10.router,router,GPU_COMPUTE,step0.layer10.norm2,972.715258880,2.069888000,974.785146880,step0.layer10.norm2,MoE router
0,10,step0.layer10.metadata,metadata,GPU_COMPUTE,step0.layer10.router,974.785146880,1.000128000,975.785274880,step0.layer10.router,routing metadata
0,10,step0.layer10.dispatch,dispatch,,step0.layer10.metadata,975.785274880,0.000000000,975.785274880,step0.layer10.metadata,single-GPU dispatch placeholder
0,10,step0.layer10.scheduler,scheduler,GPU_COMPUTE,step0.layer10.metadata,975.785274880,20.000000000,995.785274880,step0.layer10.metadata,sieve placement policy
0,10,step0.layer10.gpu_weight_load,gpu_weight_load,HBM_MEM_PATH,step0.layer10.scheduler,995.785274880,37.748736000,1033.534010880,step0.layer10.scheduler,expert weights HBM to GPU
0,10,step0.layer10.gpu_expert_compute,gpu_expert,GPU_COMPUTE,step0.layer10.gpu_weight_load;step0.layer10.dispatch,1033.534010880,3.197132288,1036.731143168,step0.layer10.gpu_weight_load,grouped expert GEMM
0,10,step0.layer10.pim_gwrite,pim_write,GPU_PIM_IO,step0.layer10.scheduler;step0.layer10.dispatch,995.785274880,0.058704000,995.843978880,step0.layer10.scheduler,PIM_GWRITE token operands
0,10,step0.layer10.pim_expert_compute,pim_expert,PIM_COMPUTE,step0.layer10.pim_gwrite,995.843978880,22.604016000,1018.447994880,step0.layer10.pim_gwrite,serialized PIM expert GEMV
0,10,step0.layer10.pim_read,pim_read,GPU_PIM_IO,step0.layer10.pim_expert_compute,1018.447994880,0.058704000,1018.506698880,step0.layer10.pim_expert_compute,PIM expert result read
0,10,step0.layer10.combine,combine,GPU_COMPUTE,step0.layer10.gpu_expert_compute;step0.layer10.pim_read,1036.731143168,1.036864000,1037.768007168,step0.layer10.gpu_expert_compute,weighted expert combine
0,10,step0.layer10.residual2,residual,GPU_COMPUTE,step0.layer10.combine,1037.768007168,1.012288000,1038.780295168,step0.layer10.combine,residual add
0,11,step0.layer11.norm1,norm,GPU_COMPUTE,step0.layer10.residual2,1038.780295168,1.008192000,1039.788487168,step0.layer10.residual2,RMSNorm
0,11,step0.layer11.qkv,qkv,GPU_COMPUTE,step0.layer11.norm1,1039.788487168,3.635776000,1043.424263168,step0.layer11.norm1,QKV projection
0,11,step0.layer11.rope,rope,GPU_COMPUTE,step0.layer11.qkv,1043.424263168,1.018432000,1044.442695168,step0.layer11.qkv,QK norm and RoPE
0,11,step0.layer11.attention,attention,PIM_COMPUTE,step0.layer11.rope,1044.442695168,17.577216000,1062.019911168,step0.layer11.rope,decode attention on PIM
0,11,step0.layer11.o_proj,attention_output,GPU_COMPUTE,step0.layer11.attention,1062.019911168,3.109440000,1065.129351168,step0.layer11.attention,attention output projection
0,11,step0.layer11.residual1,residual,GPU_COMPUTE,step0.layer11.o_proj,1065.129351168,1.012288000,1066.141639168,step0.layer11.o_proj,residual add
0,11,step0.layer11.norm2,norm,GPU_COMPUTE,step0.layer11.residual1,1066.141639168,1.008192000,1067.149831168,step0.layer11.residual1,RMSNorm
0,11,step0.layer11.router,router,GPU_COMPUTE,step0.layer11.norm2,1067.149831168,2.069888000,1069.219719168,step0.layer11.norm2,MoE router
0,11,step0.layer11.metadata,metadata,GPU_COMPUTE,step0.layer11.router,1069.219719168,1.000128000,1070.219847168,step0.layer11.router,routing metadata
0,11,step0.layer11.dispatch,dispatch,,step0.layer11.metadata,1070.219847168,0.000000000,1070.219847168,step0.layer11.metadata,single-GPU dispatch placeholder
0,11,step0.layer11.scheduler,scheduler,GPU_COMPUTE,step0.layer11.metadata,1070.219847168,20.000000000,1090.219847168,step0.layer11.metadata,sieve placement policy
0,11,step0.layer11.gpu_weight_load,gpu_weight_load,HBM_MEM_PATH,step0.layer11.scheduler,1090.219847168,37.748736000,1127.968583168,step0.layer11.scheduler,expert weights HBM to GPU
0,11,step0.layer11.gpu_expert_compute,gpu_expert,GPU_COMPUTE,step0.layer11.gpu_weight_load;step0.layer11.dispatch,1127.968583168,3.197132288,1131.165715456,step0.layer11.gpu_weight_load,grouped expert GEMM
0,11,step0.layer11.pim_gwrite,pim_write,GPU_PIM_IO,step0.layer11.scheduler;step0.layer11.dispatch,1090.219847168,0.058704000,1090.278551168,step0.layer11.scheduler,PIM_GWRITE token operands
0,11,step0.layer11.pim_expert_compute,pim_expert,PIM_COMPUTE,step0.layer11.pim_gwrite,1090.278551168,22.604016000,1112.882567168,step0.layer11.pim_gwrite,serialized PIM expert GEMV
0,11,step0.layer11.pim_read,pim_read,GPU_PIM_IO,step0.layer11.pim_expert_compute,1112.882567168,0.058704000,1112.941271168,step0.layer11.pim_expert_compute,PIM expert result read
0,11,step0.layer11.combine,combine,GPU_COMPUTE,step0.layer11.gpu_expert_compute;step0.layer11.pim_read,1131.165715456,1.036864000,1132.202579456,step0.layer11.gpu_expert_compute,weighted expert combine
0,11,step0.layer11.residual2,residual,GPU_COMPUTE,step0.layer11.combine,1132.202579456,1.012288000,1133.214867456,step0.layer11.combine,residual add
0,12,step0.layer12.norm1,norm,GPU_COMPUTE,step0.layer11.residual2,1133.214867456,1.008192000,1134.223059456,step0.layer11.residual2,RMSNorm
0,12,step0.layer12.qkv,qkv,GPU_COMPUTE,step0.layer12.norm1,1134.223059456,3.635776000,1137.858835456,step0.layer12.norm1,QKV projection
0,12,step0.layer12.rope,rope,GPU_COMPUTE,step0.layer12.qkv,1137.858835456,1.018432000,1138.877267456,step0.layer12.qkv,QK norm and RoPE
0,12,step0.layer12.attention,attention,PIM_COMPUTE,step0.layer12.rope,1138.877267456,17.577216000,1156.454483456,step0.layer12.rope,decode attention on PIM
0,12,step0.layer12.o_proj,attention_output,GPU_COMPUTE,step0.layer12.attention,1156.454483456,3.109440000,1159.563923456,step0.layer12.attention,attention output projection
0,12,step0.layer12.residual1,residual,GPU_COMPUTE,step0.layer12.o_proj,1159.563923456,1.012288000,1160.576211456,step0.layer12.o_proj,residual add
0,12,step0.layer12.norm2,norm,GPU_COMPUTE,step0.layer12.residual1,1160.576211456,1.008192000,1161.584403456,step0.layer12.residual1,RMSNorm
0,12,step0.layer12.router,router,GPU_COMPUTE,step0.layer12.norm2,1161.584403456,2.069888000,1163.654291456,step0.layer12.norm2,MoE router
0,12,step0.layer12.metadata,metadata,GPU_COMPUTE,step0.layer12.router,1163.654291456,1.000128000,1164.654419456,step0.layer12.router,routing metadata
0,12,step0.layer12.dispatch,dispatch,,step0.layer12.metadata,1164.654419456,0.000000000,1164.654419456,step0.layer12.metadata,single-GPU dispatch placeholder
0,12,step0.layer12.scheduler,scheduler,GPU_COMPUTE,step0.layer12.metadata,1164.654419456,20.000000000,1184.654419456,step0.layer12.metadata,sieve placement policy
0,12,step0.layer12.gpu_weight_load,gpu_weight_load,HBM_MEM_PATH,step0.layer12.scheduler,1184.654419456,37.748736000,1222.403155456,step0.layer12.scheduler,expert weights HBM to GPU
0,12,step0.layer12.gpu_expert_compute,gpu_expert,GPU_COMPUTE,step0.layer12.gpu_weight_load;step0.layer12.dispatch,1222.403155456,3.197132288,1225.600287744,step0.layer12.gpu_weight_load,grouped expert GEMM
0,12,step0.layer12.pim_gwrite,pim_write,GPU_PIM_IO,step0.layer12.scheduler;step0.layer12.dispatch,1184.654419456,0.058704000,1184.713123456,step0.layer12.scheduler,PIM_GWRITE token operands
0,12,step0.layer12.pim_expert_compute,pim_expert,PIM_COMPUTE,step0.layer12.pim_gwrite,1184.713123456,22.604016000,1207.317139456,step0.layer12.pim_gwrite,serialized PIM expert GEMV
0,12,step0.layer12.pim_read,pim_read,GPU_PIM_IO,step0.layer12.pim_expert_compute,1207.317139456,0.058704000,1207.375843456,step0.layer12.pim_expert_compute,PIM expert result read
0,12,step0.layer12.combine,combine,GPU_COMPUTE,step0.layer12.gpu_expert_compute;step0.layer12.pim_read,1225.600287744,1.036864000,1226.637151744,step0.layer12.gpu_expert_compute,weighted expert combine
0,12,step0.layer12.residual2,residual,GPU_COMPUTE,step0.layer12.combine,1226.637151744,1.012288000,1227.649439744,step0.layer12.combine,residual add
0,13,step0.layer13.norm1,norm,GPU_COMPUTE,step0.layer12.residual2,1227.649439744,1.008192000,1228.657631744,step0.layer12.residual2,RMSNorm
0,13,step0.layer13.qkv,qkv,GPU_COMPUTE,step0.layer13.norm1,1228.657631744,3.635776000,1232.293407744,step0.layer13.norm1,QKV projection
0,13,step0.layer13.rope,rope,GPU_COMPUTE,step0.layer13.qkv,1232.293407744,1.018432000,1233.311839744,step0.layer13.qkv,QK norm and RoPE
0,13,step0.layer13.attention,attention,PIM_COMPUTE,step0.layer13.rope,1233.311839744,17.577216000,1250.889055744,step0.layer13.rope,decode attention on PIM
0,13,step0.layer13.o_proj,attention_output,GPU_COMPUTE,step0.layer13.attention,1250.889055744,3.109440000,1253.998495744,step0.layer13.attention,attention output projection
0,13,step0.layer13.residual1,residual,GPU_COMPUTE,step0.layer13.o_proj,1253.998495744,1.012288000,1255.010783744,step0.layer13.o_proj,residual add
0,13,step0.layer13.norm2,norm,GPU_COMPUTE,step0.layer13.residual1,1255.010783744,1.008192000,1256.018975744,step0.layer13.residual1,RMSNorm
0,13,step0.layer13.router,router,GPU_COMPUTE,step0.layer13.norm2,1256.018975744,2.069888000,1258.088863744,step0.layer13.norm2,MoE router
0,13,step0.layer13.metadata,metadata,GPU_COMPUTE,step0.layer13.router,1258.088863744,1.000128000,1259.088991744,step0.layer13.router,routing metadata
0,13,step0.layer13.dispatch,dispatch,,step0.layer13.metadata,1259.088991744,0.000000000,1259.088991744,step0.layer13.metadata,single-GPU dispatch placeholder
0,13,step0.layer13.scheduler,scheduler,GPU_COMPUTE,step0.layer13.metadata,1259.088991744,20.000000000,1279.088991744,step0.layer13.metadata,sieve placement policy
0,13,step0.layer13.gpu_weight_load,gpu_weight_load,HBM_MEM_PATH,step0.layer13.scheduler,1279.088991744,37.748736000,1316.837727744,step0.layer13.scheduler,expert weights HBM to GPU
0,13,step0.layer13.gpu_expert_compute,gpu_expert,GPU_COMPUTE,step0.layer13.gpu_weight_load;step0.layer13.dispatch,1316.837727744,3.197132288,1320.034860032,step0.layer13.gpu_weight_load,grouped expert GEMM
0,13,step0.layer13.pim_gwrite,pim_write,GPU_PIM_IO,step0.layer13.scheduler;step0.layer13.dispatch,1279.088991744,0.058704000,1279.147695744,step0.layer13.scheduler,PIM_GWRITE token operands
0,13,step0.layer13.pim_expert_compute,pim_expert,PIM_COMPUTE,step0.layer13.pim_gwrite,1279.147695744,22.604016000,1301.751711744,step0.layer13.pim_gwrite,serialized PIM expert GEMV
0,13,step0.layer13.pim_read,pim_read,GPU_PIM_IO,step0.layer13.pim_expert_compute,1301.751711744,0.058704000,1301.810415744,step0.layer13.pim_expert_compute,PIM expert result read
0,13,step0.layer13.combine,combine,GPU_COMPUTE,step0.layer13.gpu_expert_compute;step0.layer13.pim_read,1320.034860032,1.036864000,1321.071724032,step0.layer13.gpu_expert_compute,weighted expert combine
0,13,step0.layer13.residual2,residual,GPU_COMPUTE,step0.layer13.combine,1321.071724032,1.012288000,1322.084012032,step0.layer13.combine,residual add
0,14,step0.layer14.norm1,norm,GPU_COMPUTE,step0.layer13.residual2,1322.084012032,1.008192000,1323.092204032,step0.layer13.residual2,RMSNorm
0,14,step0.layer14.qkv,qkv,GPU_COMPUTE,step0.layer14.norm1,1323.092204032,3.635776000,1326.727980032,step0.layer14.norm1,QKV projection
0,14,step0.layer14.rope,rope,GPU_COMPUTE,step0.layer14.qkv,1326.727980032,1.018432000,1327.746412032,step0.layer14.qkv,QK norm and RoPE
0,14,step0.layer14.attention,attention,PIM_COMPUTE,step0.layer14.rope,1327.746412032,17.577216000,1345.323628032,step0.layer14.rope,decode attention on PIM
0,14,step0.layer14.o_proj,attention_output,GPU_COMPUTE,step0.layer14.attention,1345.323628032,3.109440000,1348.433068032,step0.layer14.attention,attention output projection
0,14,step0.layer14.residual1,residual,GPU_COMPUTE,step0.layer14.o_proj,1348.433068032,1.012288000,1349.445356032,step0.layer14.o_proj,residual add
0,14,step0.layer14.norm2,norm,GPU_COMPUTE,step0.layer14.residual1,1349.445356032,1.008192000,1350.453548032,step0.layer14.residual1,RMSNorm
0,14,step0.layer14.router,router,GPU_COMPUTE,step0.layer14.norm2,1350.453548032,2.069888000,1352.523436032,step0.layer14.norm2,MoE router
0,14,step0.layer14.metadata,metadata,GPU_COMPUTE,step0.layer14.router,1352.523436032,1.000128000,1353.523564032,step0.layer14.router,routing metadata
0,14,step0.layer14.dispatch,dispatch,,step0.layer14.metadata,1353.523564032,0.000000000,1353.523564032,step0.layer14.metadata,single-GPU dispatch placeholder
0,14,step0.layer14.scheduler,scheduler,GPU_COMPUTE,step0.layer14.metadata,1353.523564032,20.000000000,1373.523564032,step0.layer14.metadata,sieve placement policy
0,14,step0.layer14.gpu_weight_load,gpu_weight_load,HBM_MEM_PATH,step0.layer14.scheduler,1373.523564032,37.748736000,1411.272300032,step0.layer14.scheduler,expert weights HBM to GPU
0,14,step0.layer14.gpu_expert_compute,gpu_expert,GPU_COMPUTE,step0.layer14.gpu_weight_load;step0.layer14.dispatch,1411.272300032,3.197132288,1414.469432320,step0.layer14.gpu_weight_load,grouped expert GEMM
0,14,step0.layer14.pim_gwrite,pim_write,GPU_PIM_IO,step0.layer14.scheduler;step0.layer14.dispatch,1373.523564032,0.058704000,1373.582268032,step0.layer14.scheduler,PIM_GWRITE token operands
0,14,step0.layer14.pim_expert_compute,pim_expert,PIM_COMPUTE,step0.layer14.pim_gwrite,1373.582268032,22.604016000,1396.186284032,step0.layer14.pim_gwrite,serialized PIM expert GEMV
0,14,step0.layer14.pim_read,pim_read,GPU_PIM_IO,step0.layer14.pim_expert_compute,1396.186284032,0.058704000,1396.244988032,step0.layer14.pim_expert_compute,PIM expert result read
0,14,step0.layer14.combine,combine,GPU_COMPUTE,step0.layer14.gpu_expert_compute;step0.layer14.pim_read,1414.469432320,1.036864000,1415.506296320,step0.layer14.gpu_expert_compute,weighted expert combine
0,14,step0.layer14.residual2,residual,GPU_COMPUTE,step0.layer14.combine,1415.506296320,1.012288000,1416.518584320,step0.layer14.combine,residual add
0,15,step0.layer15.norm1,norm,GPU_COMPUTE,step0.layer14.residual2,1416.518584320,1.008192000,1417.526776320,step0.layer14.residual2,RMSNorm
0,15,step0.layer15.qkv,qkv,GPU_COMPUTE,step0.layer15.norm1,1417.526776320,3.635776000,1421.162552320,step0.layer15.norm1,QKV projection
0,15,step0.layer15.rope,rope,GPU_COMPUTE,step0.layer15.qkv,1421.162552320,1.018432000,1422.180984320,step0.layer15.qkv,QK norm and RoPE
0,15,step0.layer15.attention,attention,PIM_COMPUTE,step0.layer15.rope,1422.180984320,17.577216000,1439.758200320,step0.layer15.rope,decode attention on PIM
0,15,step0.layer15.o_proj,attention_output,GPU_COMPUTE,step0.layer15.attention,1439.758200320,3.109440000,1442.867640320,step0.layer15.attention,attention output projection
0,15,step0.layer15.residual1,residual,GPU_COMPUTE,step0.layer15.o_proj,1442.867640320,1.012288000,1443.879928320,step0.layer15.o_proj,residual add
0,15,step0.layer15.norm2,norm,GPU_COMPUTE,step0.layer15.residual1,1443.879928320,1.008192000,1444.888120320,step0.layer15.residual1,RMSNorm
0,15,step0.layer15.router,router,GPU_COMPUTE,step0.layer15.norm2,1444.888120320,2.069888000,1446.958008320,step0.layer15.norm2,MoE router
0,15,step0.layer15.metadata,metadata,GPU_COMPUTE,step0.layer15.router,1446.958008320,1.000128000,1447.958136320,step0.layer15.router,routing metadata
0,15,step0.layer15.dispatch,dispatch,,step0.layer15.metadata,1447.958136320,0.000000000,1447.958136320,step0.layer15.metadata,single-GPU dispatch placeholder
0,15,step0.layer15.scheduler,scheduler,GPU_COMPUTE,step0.layer15.metadata,1447.958136320,20.000000000,1467.958136320,step0.layer15.metadata,sieve placement policy
0,15,step0.layer15.gpu_weight_load,gpu_weight_load,HBM_MEM_PATH,step0.layer15.scheduler,1467.958136320,37.748736000,1505.706872320,step0.layer15.scheduler,expert weights HBM to GPU
0,15,step0.layer15.gpu_expert_compute,gpu_expert,GPU_COMPUTE,step0.layer15.gpu_weight_load;step0.layer15.dispatch,1505.706872320,3.197132288,1508.904004608,step0.layer15.gpu_weight_load,grouped expert GEMM
0,15,step0.layer15.pim_gwrite,pim_write,GPU_PIM_IO,step0.layer15.scheduler;step0.layer15.dispatch,1467.958136320,0.058704000,1468.016840320,step0.layer15.scheduler,PIM_GWRITE token operands
0,15,step0.layer15.pim_expert_compute,pim_expert,PIM_COMPUTE,step0.layer15.pim_gwrite,1468.016840320,22.604016000,1490.620856320,step0.layer15.pim_gwrite,serialized PIM expert GEMV
0,15,step0.layer15.pim_read,pim_read,GPU_PIM_IO,step0.layer15.pim_expert_compute,1490.620856320,0.058704000,1490.679560320,step0.layer15.pim_expert_compute,PIM expert result read
0,15,step0.layer15.combine,combine,GPU_COMPUTE,step0.layer15.gpu_expert_compute;step0.layer15.pim_read,1508.904004608,1.036864000,1509.940868608,step0.layer15.gpu_expert_compute,weighted expert combine
0,15,step0.layer15.residual2,residual,GPU_COMPUTE,step0.layer15.combine,1509.940868608,1.012288000,1510.953156608,step0.layer15.combine,residual add
0,16,step0.layer16.norm1,norm,GPU_COMPUTE,step0.layer15.residual2,1510.953156608,1.008192000,1511.961348608,step0.layer15.residual2,RMSNorm
0,16,step0.layer16.qkv,qkv,GPU_COMPUTE,step0.layer16.norm1,1511.961348608,3.635776000,1515.597124608,step0.layer16.norm1,QKV projection
0,16,step0.layer16.rope,rope,GPU_COMPUTE,step0.layer16.qkv,1515.597124608,1.018432000,1516.615556608,step0.layer16.qkv,QK norm and RoPE
0,16,step0.layer16.attention,attention,PIM_COMPUTE,step0.layer16.rope,1516.615556608,17.577216000,1534.192772608,step0.layer16.rope,decode attention on PIM
0,16,step0.layer16.o_proj,attention_output,GPU_COMPUTE,step0.layer16.attention,1534.192772608,3.109440000,1537.302212608,step0.layer16.attention,attention output projection
0,16,step0.layer16.residual1,residual,GPU_COMPUTE,step0.layer16.o_proj,1537.302212608,1.012288000,1538.314500608,step0.layer16.o_proj,residual add
0,16,step0.layer16.norm2,norm,GPU_COMPUTE,step0.layer16.residual1,1538.314500608,1.008192000,1539.322692608,step0.layer16.residual1,RMSNorm
0,16,step0.layer16.router,router,GPU_COMPUTE,step0.layer16.norm2,1539.322692608,2.069888000,1541.392580608,step0.layer16.norm2,MoE router
0,16,step0.layer16.metadata,metadata,GPU_COMPUTE,step0.layer16.router,1541.392580608,1.000128000,1542.392708608,step0.layer16.router,routing metadata
0,16,step0.layer16.dispatch,dispatch,,step0.layer16.metadata,1542.392708608,0.000000000,1542.392708608,step0.layer16.metadata,single-GPU dispatch placeholder
0,16,step0.layer16.scheduler,scheduler,GPU_COMPUTE,step0.layer16.metadata,1542.392708608,20.000000000,1562.392708608,step0.layer16.metadata,sieve placement policy
0,16,step0.layer16.gpu_weight_load,gpu_weight_load,HBM_MEM_PATH,step0.layer16.scheduler,1562.392708608,37.748736000,1600.141444608,step0.layer16.scheduler,expert weights HBM to GPU
0,16,step0.layer16.gpu_expert_compute,gpu_expert,GPU_COMPUTE,step0.layer16.gpu_weight_load;step0.layer16.dispatch,1600.141444608,3.197132288,1603.338576896,step0.layer16.gpu_weight_load,grouped expert GEMM
0,16,step0.layer16.pim_gwrite,pim_write,GPU_PIM_IO,step0.layer16.scheduler;step0.layer16.dispatch,1562.392708608,0.058704000,1562.451412608,step0.layer16.scheduler,PIM_GWRITE token operands
0,16,step0.layer16.pim_expert_compute,pim_expert,PIM_COMPUTE,step0.layer16.pim_gwrite,1562.451412608,22.604016000,1585.055428608,step0.layer16.pim_gwrite,serialized PIM expert GEMV
0,16,step0.layer16.pim_read,pim_read,GPU_PIM_IO,step0.layer16.pim_expert_compute,1585.055428608,0.058704000,1585.114132608,step0.layer16.pim_expert_compute,PIM expert result read
0,16,step0.layer16.combine,combine,GPU_COMPUTE,step0.layer16.gpu_expert_compute;step0.layer16.pim_read,1603.338576896,1.036864000,1604.375440896,step0.layer16.gpu_expert_compute,weighted expert combine
0,16,step0.layer16.residual2,residual,GPU_COMPUTE,step0.layer16.combine,1604.375440896,1.012288000,1605.387728896,step0.layer16.combine,residual add
0,17,step0.layer17.norm1,norm,GPU_COMPUTE,step0.layer16.residual2,1605.387728896,1.008192000,1606.395920896,step0.layer16.residual2,RMSNorm
0,17,step0.layer17.qkv,qkv,GPU_COMPUTE,step0.layer17.norm1,1606.395920896,3.635776000,1610.031696896,step0.layer17.norm1,QKV projection
0,17,step0.layer17.rope,rope,GPU_COMPUTE,step0.layer17.qkv,1610.031696896,1.018432000,1611.050128896,step0.layer17.qkv,QK norm and RoPE
0,17,step0.layer17.attention,attention,PIM_COMPUTE,step0.layer17.rope,1611.050128896,17.577216000,1628.627344896,step0.layer17.rope,decode attention on PIM
0,17,step0.layer17.o_proj,attention_output,GPU_COMPUTE,step0.layer17.attention,1628.627344896,3.109440000,1631.736784896,step0.layer17.attention,attention output projection
0,17,step0.layer17.residual1,residual,GPU_COMPUTE,step0.layer17.o_proj,1631.736784896,1.012288000,1632.749072896,step0.layer17.o_proj,residual add
0,17,step0.layer17.norm2,norm,GPU_COMPUTE,step0.layer17.residual1,1632.749072896,1.008192000,1633.757264896,step0.layer17.residual1,RMSNorm
0,17,step0.layer17.router,router,GPU_COMPUTE,step0.layer17.norm2,1633.757264896,2.069888000,1635.827152896,step0.layer17.norm2,MoE router
0,17,step0.layer17.metadata,metadata,GPU_COMPUTE,step0.layer17.router,1635.827152896,1.000128000,1636.827280896,step0.layer17.router,routing metadata
0,17,step0.layer17.dispatch,dispatch,,step0.layer17.metadata,1636.827280896,0.000000000,1636.827280896,step0.layer17.metadata,single-GPU dispatch placeholder
0,17,step0.layer17.scheduler,scheduler,GPU_COMPUTE,step0.layer17.metadata,1636.827280896,20.000000000,1656.827280896,step0.layer17.metadata,sieve placement policy
0,17,step0.layer17.gpu_weight_load,gpu_weight_load,HBM_MEM_PATH,step0.layer17.scheduler,1656.827280896,37.748736000,1694.576016896,step0.layer17.scheduler,expert weights HBM to GPU
0,17,step0.layer17.gpu_expert_compute,gpu_expert,GPU_COMPUTE,step0.layer17.gpu_weight_load;step0.layer17.dispatch,1694.576016896,3.197132288,1697.773149184,step0.layer17.gpu_weight_load,grouped expert GEMM
0,17,step0.layer17.pim_gwrite,pim_write,GPU_PIM_IO,step0.layer17.scheduler;step0.layer17.dispatch,1656.827280896,0.058704000,1656.885984896,step0.layer17.scheduler,PIM_GWRITE token operands
0,17,step0.layer17.pim_expert_compute,pim_expert,PIM_COMPUTE,step0.layer17.pim_gwrite,1656.885984896,22.604016000,1679.490000896,step0.layer17.pim_gwrite,serialized PIM expert GEMV
0,17,step0.layer17.pim_read,pim_read,GPU_PIM_IO,step0.layer17.pim_expert_compute,1679.490000896,0.058704000,1679.548704896,step0.layer17.pim_expert_compute,PIM expert result read
0,17,step0.layer17.combine,combine,GPU_COMPUTE,step0.layer17.gpu_expert_compute;step0.layer17.pim_read,1697.773149184,1.036864000,1698.810013184,step0.layer17.gpu_expert_compute,weighted expert combine
0,17,step0.layer17.residual2,residual,GPU_COMPUTE,step0.layer17.combine,1698.810013184,1.012288000,1699.822301184,step0.layer17.combine,residual add
0,18,step0.layer18.norm1,norm,GPU_COMPUTE,step0.layer17.residual2,1699.822301184,1.008192000,1700.830493184,step0.layer17.residual2,RMSNorm
0,18,step0.layer18.qkv,qkv,GPU_COMPUTE,step0.layer18.norm1,1700.830493184,3.635776000,1704.466269184,step0.layer18.norm1,QKV projection
0,18,step0.layer18.rope,rope,GPU_COMPUTE,step0.layer18.qkv,1704.466269184,1.018432000,1705.484701184,step0.layer18.qkv,QK norm and RoPE
0,18,step0.layer18.attention,attention,PIM_COMPUTE,step0.layer18.rope,1705.484701184,17.577216000,1723.061917184,step0.layer18.rope,decode attention on PIM
0,18,step0.layer18.o_proj,attention_output,GPU_COMPUTE,step0.layer18.attention,1723.061917184,3.109440000,1726.171357184,step0.layer18.attention,attention output projection
0,18,step0.layer18.residual1,residual,GPU_COMPUTE,step0.layer18.o_proj,1726.171357184,1.012288000,1727.183645184,step0.layer18.o_proj,residual add
0,18,step0.layer18.norm2,norm,GPU_COMPUTE,step0.layer18.residual1,1727.183645184,1.008192000,1728.191837184,step0.layer18.residual1,RMSNorm
0,18,step0.layer18.router,router,GPU_COMPUTE,step0.layer18.norm2,1728.191837184,2.069888000,1730.261725184,step0.layer18.norm2,MoE router
0,18,step0.layer18.metadata,metadata,GPU_COMPUTE,step0.layer18.router,1730.261725184,1.000128000,1731.261853184,step0.layer18.router,routing metadata
0,18,step0.layer18.dispatch,dispatch,,step0.layer18.metadata,1731.261853184,0.000000000,1731.261853184,step0.layer18.metadata,single-GPU dispatch placeholder
0,18,step0.layer18.scheduler,scheduler,GPU_COMPUTE,step0.layer18.metadata,1731.261853184,20.000000000,1751.261853184,step0.layer18.metadata,sieve placement policy
0,18,step0.layer18.gpu_weight_load,gpu_weight_load,HBM_MEM_PATH,step0.layer18.scheduler,1751.261853184,37.748736000,1789.010589184,step0.layer18.scheduler,expert weights HBM to GPU
0,18,step0.layer18.gpu_expert_compute,gpu_expert,GPU_COMPUTE,step0.layer18.gpu_weight_load;step0.layer18.dispatch,1789.010589184,3.197132288,1792.207721472,step0.layer18.gpu_weight_load,grouped expert GEMM
0,18,step0.layer18.pim_gwrite,pim_write,GPU_PIM_IO,step0.layer18.scheduler;step0.layer18.dispatch,1751.261853184,0.058704000,1751.320557184,step0.layer18.scheduler,PIM_GWRITE token operands
0,18,step0.layer18.pim_expert_compute,pim_expert,PIM_COMPUTE,step0.layer18.pim_gwrite,1751.320557184,22.604016000,1773.924573184,step0.layer18.pim_gwrite,serialized PIM expert GEMV
0,18,step0.layer18.pim_read,pim_read,GPU_PIM_IO,step0.layer18.pim_expert_compute,1773.924573184,0.058704000,1773.983277184,step0.layer18.pim_expert_compute,PIM expert result read
0,18,step0.layer18.combine,combine,GPU_COMPUTE,step0.layer18.gpu_expert_compute;step0.layer18.pim_read,1792.207721472,1.036864000,1793.244585472,step0.layer18.gpu_expert_compute,weighted expert combine
0,18,step0.layer18.residual2,residual,GPU_COMPUTE,step0.layer18.combine,1793.244585472,1.012288000,1794.256873472,step0.layer18.combine,residual add
0,19,step0.layer19.norm1,norm,GPU_COMPUTE,step0.layer18.residual2,1794.256873472,1.008192000,1795.265065472,step0.layer18.residual2,RMSNorm
0,19,step0.layer19.qkv,qkv,GPU_COMPUTE,step0.layer19.norm1,1795.265065472,3.635776000,1798.900841472,step0.layer19.norm1,QKV projection
0,19,step0.layer19.rope,rope,GPU_COMPUTE,step0.layer19.qkv,1798.900841472,1.018432000,1799.919273472,step0.layer19.qkv,QK norm and RoPE
0,19,step0.layer19.attention,attention,PIM_COMPUTE,step0.layer19.rope,1799.919273472,17.577216000,1817.496489472,step0.layer19.rope,decode attention on PIM
0,19,step0.layer19.o_proj,attention_output,GPU_COMPUTE,step0.layer19.attention,1817.496489472,3.109440000,1820.605929472,step0.layer19.attention,attention output projection
0,19,step0.layer19.residual1,residual,GPU_COMPUTE,step0.layer19.o_proj,1820.605929472,1.012288000,1821.618217472,step0.layer19.o_proj,residual add
0,19,step0.layer19.norm2,norm,GPU_COMPUTE,step0.layer19.residual1,1821.618217472,1.008192000,1822.626409472,step0.layer19.residual1,RMSNorm
0,19,step0.layer19.router,router,GPU_COMPUTE,step0.layer19.norm2,1822.626409472,2.069888000,1824.696297472,step0.layer19.norm2,MoE router
0,19,step0.layer19.metadata,metadata,GPU_COMPUTE,step0.layer19.router,1824.696297472,1.000128000,1825.696425472,step0.layer19.router,routing metadata
0,19,step0.layer19.dispatch,dispatch,,step0.layer19.metadata,1825.696425472,0.000000000,1825.696425472,step0.layer19.metadata,single-GPU dispatch placeholder
0,19,step0.layer19.scheduler,scheduler,GPU_COMPUTE,step0.layer19.metadata,1825.696425472,20.000000000,1845.696425472,step0.layer19.metadata,sieve placement policy
0,19,step0.layer19.gpu_weight_load,gpu_weight_load,HBM_MEM_PATH,step0.layer19.scheduler,1845.696425472,37.748736000,1883.445161472,step0.layer19.scheduler,expert weights HBM to GPU
0,19,step0.layer19.gpu_expert_compute,gpu_expert,GPU_COMPUTE,step0.layer19.gpu_weight_load;step0.layer19.dispatch,1883.445161472,3.197132288,1886.642293760,step0.layer19.gpu_weight_load,grouped expert GEMM
0,19,step0.layer19.pim_gwrite,pim_write,GPU_PIM_IO,step0.layer19.scheduler;step0.layer19.dispatch,1845.696425472,0.058704000,1845.755129472,step0.layer19.scheduler,PIM_GWRITE token operands
0,19,step0.layer19.pim_expert_compute,pim_expert,PIM_COMPUTE,step0.layer19.pim_gwrite,1845.755129472,22.604016000,1868.359145472,step0.layer19.pim_gwrite,serialized PIM expert GEMV
0,19,step0.layer19.pim_read,pim_read,GPU_PIM_IO,step0.layer19.pim_expert_compute,1868.359145472,0.058704000,1868.417849472,step0.layer19.pim_expert_compute,PIM expert result read
0,19,step0.layer19.combine,combine,GPU_COMPUTE,step0.layer19.gpu_expert_compute;step0.layer19.pim_read,1886.642293760,1.036864000,1887.679157760,step0.layer19.gpu_expert_compute,weighted expert combine
0,19,step0.layer19.residual2,residual,GPU_COMPUTE,step0.layer19.combine,1887.679157760,1.012288000,1888.691445760,step0.layer19.combine,residual add
0,20,step0.layer20.norm1,norm,GPU_COMPUTE,step0.layer19.residual2,1888.691445760,1.008192000,1889.699637760,step0.layer19.residual2,RMSNorm
0,20,step0.layer20.qkv,qkv,GPU_COMPUTE,step0.layer20.norm1,1889.699637760,3.635776000,1893.335413760,step0.layer20.norm1,QKV projection
0,20,step0.layer20.rope,rope,GPU_COMPUTE,step0.layer20.qkv,1893.335413760,1.018432000,1894.353845760,step0.layer20.qkv,QK norm and RoPE
0,20,step0.layer20.attention,attention,PIM_COMPUTE,step0.layer20.rope,1894.353845760,17.577216000,1911.931061760,step0.layer20.rope,decode attention on PIM
0,20,step0.layer20.o_proj,attention_output,GPU_COMPUTE,step0.layer20.attention,1911.931061760,3.109440000,1915.040501760,step0.layer20.attention,attention output projection
0,20,step0.layer20.residual1,residual,GPU_COMPUTE,step0.layer20.o_proj,1915.040501760,1.012288000,1916.052789760,step0.layer20.o_proj,residual add
0,20,step0.layer20.norm2,norm,GPU_COMPUTE,step0.layer20.residual1,1916.052789760,1.008192000,1917.060981760,step0.layer20.residual1,RMSNorm
0,20,step0.layer20.router,router,GPU_COMPUTE,step0.layer20.norm2,1917.060981760,2.069888000,1919.130869760,step0.layer20.norm2,MoE router
0,20,step0.layer20.metadata,metadata,GPU_COMPUTE,step0.layer20.router,1919.130869760,1.000128000,1920.130997760,step0.layer20.router,routing metadata
0,20,step0.layer20.dispatch,dispatch,,step0.layer20.metadata,1920.130997760,0.000000000,1920.130997760,step0.layer20.metadata,single-GPU dispatch placeholder
0,20,step0.layer20.scheduler,scheduler,GPU_COMPUTE,step0.layer20.metadata,1920.130997760,20.000000000,1940.130997760,step0.layer20.metadata,sieve placement policy
0,20,step0.layer20.gpu_weight_load,gpu_weight_load,HBM_MEM_PATH,step0.layer20.scheduler,1940.130997760,37.748736000,1977.879733760,step0.layer20.scheduler,expert weights HBM to GPU
0,20,step0.layer20.gpu_expert_compute,gpu_expert,GPU_COMPUTE,step0.layer20.gpu_weight_load;step0.layer20.dispatch,1977.879733760,3.197132288,1981.076866048,step0.layer20.gpu_weight_load,grouped expert GEMM
0,20,step0.layer20.pim_gwrite,pim_write,GPU_PIM_IO,step0.layer20.scheduler;step0.layer20.dispatch,1940.130997760,0.058704000,1940.189701760,step0.layer20.scheduler,PIM_GWRITE token operands
0,20,step0.layer20.pim_expert_compute,pim_expert,PIM_COMPUTE,step0.layer20.pim_gwrite,1940.189701760,22.604016000,1962.793717760,step0.layer20.pim_gwrite,serialized PIM expert GEMV
0,20,step0.layer20.pim_read,pim_read,GPU_PIM_IO,step0.layer20.pim_expert_compute,1962.793717760,0.058704000,1962.852421760,step0.layer20.pim_expert_compute,PIM expert result read
0,20,step0.layer20.combine,combine,GPU_COMPUTE,step0.layer20.gpu_expert_compute;step0.layer20.pim_read,1981.076866048,1.036864000,1982.113730048,step0.layer20.gpu_expert_compute,weighted expert combine
0,20,step0.layer20.residual2,residual,GPU_COMPUTE,step0.layer20.combine,1982.113730048,1.012288000,1983.126018048,step0.layer20.combine,residual add
0,21,step0.layer21.norm1,norm,GPU_COMPUTE,step0.layer20.residual2,1983.126018048,1.008192000,1984.134210048,step0.layer20.residual2,RMSNorm
0,21,step0.layer21.qkv,qkv,GPU_COMPUTE,step0.layer21.norm1,1984.134210048,3.635776000,1987.769986048,step0.layer21.norm1,QKV projection
0,21,step0.layer21.rope,rope,GPU_COMPUTE,step0.layer21.qkv,1987.769986048,1.018432000,1988.788418048,step0.layer21.qkv,QK norm and RoPE
0,21,step0.layer21.attention,attention,PIM_COMPUTE,step0.layer21.rope,1988.788418048,17.577216000,2006.365634048,step0.layer21.rope,decode attention on PIM
0,21,step0.layer21.o_proj,attention_output,GPU_COMPUTE,step0.layer21.attention,2006.365634048,3.109440000,2009.475074048,step0.layer21.attention,attention output projection
0,21,step0.layer21.residual1,residual,GPU_COMPUTE,step0.layer21.o_proj,2009.475074048,1.012288000,2010.487362048,step0.layer21.o_proj,residual add
0,21,step0.layer21.norm2,norm,GPU_COMPUTE,step0.layer21.residual1,2010.487362048,1.008192000,2011.495554048,step0.layer21.residual1,RMSNorm
0,21,step0.layer21.router,router,GPU_COMPUTE,step0.layer21.norm2,2011.495554048,2.069888000,2013.565442048,step0.layer21.norm2,MoE router
0,21,step0.layer21.metadata,metadata,GPU_COMPUTE,step0.layer21.router,2013.565442048,1.000128000,2014.565570048,step0.layer21.router,routing metadata
0,21,step0.layer21.dispatch,dispatch,,step0.layer21.metadata,2014.565570048,0.000000000,2014.565570048,step0.layer21.metadata,single-GPU dispatch placeholder
0,21,step0.layer21.scheduler,scheduler,GPU_COMPUTE,step0.layer21.metadata,2014.565570048,20.000000000,2034.565570048,step0.layer21.metadata,sieve placement policy
0,21,step0.layer21.gpu_weight_load,gpu_weight_load,HBM_MEM_PATH,step0.layer21.scheduler,2034.565570048,37.748736000,2072.314306048,step0.layer21.scheduler,expert weights HBM to GPU
0,21,step0.layer21.gpu_expert_compute,gpu_expert,GPU_COMPUTE,step0.layer21.gpu_weight_load;step0.layer21.dispatch,2072.314306048,3.197132288,2075.511438336,step0.layer21.gpu_weight_load,grouped expert GEMM
0,21,step0.layer21.pim_gwrite,pim_write,GPU_PIM_IO,step0.layer21.scheduler;step0.layer21.dispatch,2034.565570048,0.058704000,2034.624274048,step0.layer21.scheduler,PIM_GWRITE token operands
0,21,step0.layer21.pim_expert_compute,pim_expert,PIM_COMPUTE,step0.layer21.pim_gwrite,2034.624274048,22.604016000,2057.228290048,step0.layer21.pim_gwrite,serialized PIM expert GEMV
0,21,step0.layer21.pim_read,pim_read,GPU_PIM_IO,step0.layer21.pim_expert_compute,2057.228290048,0.058704000,2057.286994048,step0.layer21.pim_expert_compute,PIM expert result read
0,21,step0.layer21.combine,combine,GPU_COMPUTE,step0.layer21.gpu_expert_compute;step0.layer21.pim_read,2075.511438336,1.036864000,2076.548302336,step0.layer21.gpu_expert_compute,weighted expert combine
0,21,step0.layer21.residual2,residual,GPU_COMPUTE,step0.layer21.combine,2076.548302336,1.012288000,2077.560590336,step0.layer21.combine,residual add
0,22,step0.layer22.norm1,norm,GPU_COMPUTE,step0.layer21.residual2,2077.560590336,1.008192000,2078.568782336,step0.layer21.residual2,RMSNorm
0,22,step0.layer22.qkv,qkv,GPU_COMPUTE,step0.layer22.norm1,2078.568782336,3.635776000,2082.204558336,step0.layer22.norm1,QKV projection
0,22,step0.layer22.rope,rope,GPU_COMPUTE,step0.layer22.qkv,2082.204558336,1.018432000,2083.222990336,step0.layer22.qkv,QK norm and RoPE
0,22,step0.layer22.attention,attention,PIM_COMPUTE,step0.layer22.rope,2083.222990336,17.577216000,2100.800206336,step0.layer22.rope,decode attention on PIM
0,22,step0.layer22.o_proj,attention_output,GPU_COMPUTE,step0.layer22.attention,2100.800206336,3.109440000,2103.909646336,step0.layer22.attention,attention output projection
0,22,step0.layer22.residual1,residual,GPU_COMPUTE,step0.layer22.o_proj,2103.909646336,1.012288000,2104.921934336,step0.layer22.o_proj,residual add
0,22,step0.layer22.norm2,norm,GPU_COMPUTE,step0.layer22.residual1,2104.921934336,1.008192000,2105.930126336,step0.layer22.residual1,RMSNorm
0,22,step0.layer22.router,router,GPU_COMPUTE,step0.layer22.norm2,2105.930126336,2.069888000,2108.000014336,step0.layer22.norm2,MoE router
0,22,step0.layer22.metadata,metadata,GPU_COMPUTE,step0.layer22.router,2108.000014336,1.000128000,2109.000142336,step0.layer22.router,routing metadata
0,22,step0.layer22.dispatch,dispatch,,step0.layer22.metadata,2109.000142336,0.000000000,2109.000142336,step0.layer22.metadata,single-GPU dispatch placeholder
0,22,step0.layer22.scheduler,scheduler,GPU_COMPUTE,step0.layer22.metadata,2109.000142336,20.000000000,2129.000142336,step0.layer22.metadata,sieve placement policy
0,22,step0.layer22.gpu_weight_load,gpu_weight_load,HBM_MEM_PATH,step0.layer22.scheduler,2129.000142336,37.748736000,2166.748878336,step0.layer22.scheduler,expert weights HBM to GPU
0,22,step0.layer22.gpu_expert_compute,gpu_expert,GPU_COMPUTE,step0.layer22.gpu_weight_load;step0.layer22.dispatch,2166.748878336,3.197132288,2169.946010624,step0.layer22.gpu_weight_load,grouped expert GEMM
0,22,step0.layer22.pim_gwrite,pim_write,GPU_PIM_IO,step0.layer22.scheduler;step0.layer22.dispatch,2129.000142336,0.058704000,2129.058846336,step0.layer22.scheduler,PIM_GWRITE token operands
0,22,step0.layer22.pim_expert_compute,pim_expert,PIM_COMPUTE,step0.layer22.pim_gwrite,2129.058846336,22.604016000,2151.662862336,step0.layer22.pim_gwrite,serialized PIM expert GEMV
0,22,step0.layer22.pim_read,pim_read,GPU_PIM_IO,step0.layer22.pim_expert_compute,2151.662862336,0.058704000,2151.721566336,step0.layer22.pim_expert_compute,PIM expert result read
0,22,step0.layer22.combine,combine,GPU_COMPUTE,step0.layer22.gpu_expert_compute;step0.layer22.pim_read,2169.946010624,1.036864000,2170.982874624,step0.layer22.gpu_expert_compute,weighted expert combine
0,22,step0.layer22.residual2,residual,GPU_COMPUTE,step0.layer22.combine,2170.982874624,1.012288000,2171.995162624,step0.layer22.combine,residual add
0,23,step0.layer23.norm1,norm,GPU_COMPUTE,step0.layer22.residual2,2171.995162624,1.008192000,2173.003354624,step0.layer22.residual2,RMSNorm
0,23,step0.layer23.qkv,qkv,GPU_COMPUTE,step0.layer23.norm1,2173.003354624,3.635776000,2176.639130624,step0.layer23.norm1,QKV projection
0,23,step0.layer23.rope,rope,GPU_COMPUTE,step0.layer23.qkv,2176.639130624,1.018432000,2177.657562624,step0.layer23.qkv,QK norm and RoPE
0,23,step0.layer23.attention,attention,PIM_COMPUTE,step0.layer23.rope,2177.657562624,17.577216000,2195.234778624,step0.layer23.rope,decode attention on PIM
0,23,step0.layer23.o_proj,attention_output,GPU_COMPUTE,step0.layer23.attention,2195.234778624,3.109440000,2198.344218624,step0.layer23.attention,attention output projection
0,23,step0.layer23.residual1,residual,GPU_COMPUTE,step0.layer23.o_proj,2198.344218624,1.012288000,2199.356506624,step0.layer23.o_proj,residual add
0,23,step0.layer23.norm2,norm,GPU_COMPUTE,step0.layer23.residual1,2199.356506624,1.008192000,2200.364698624,step0.layer23.residual1,RMSNorm
0,23,step0.layer23.router,router,GPU_COMPUTE,step0.layer23.norm2,2200.364698624,2.069888000,2202.434586624,step0.layer23.norm2,MoE router
0,23,step0.layer23.metadata,metadata,GPU_COMPUTE,step0.layer23.router,2202.434586624,1.000128000,2203.434714624,step0.layer23.router,routing metadata
0,23,step0.layer23.dispatch,dispatch,,step0.layer23.metadata,2203.434714624,0.000000000,2203.434714624,step0.layer23.metadata,single-GPU dispatch placeholder
0,23,step0.layer23.scheduler,scheduler,GPU_COMPUTE,step0.layer23.metadata,2203.434714624,20.000000000,2223.434714624,step0.layer23.metadata,sieve placement policy
0,23,step0.layer23.gpu_weight_load,gpu_weight_load,HBM_MEM_PATH,step0.layer23.scheduler,2223.434714624,37.748736000,2261.183450624,step0.layer23.scheduler,expert weights HBM to GPU
0,23,step0.layer23.gpu_expert_compute,gpu_expert,GPU_COMPUTE,step0.layer23.gpu_weight_load;step0.layer23.dispatch,2261.183450624,3.197132288,2264.380582912,step0.layer23.gpu_weight_load,grouped expert GEMM
0,23,step0.layer23.pim_gwrite,pim_write,GPU_PIM_IO,step0.layer23.scheduler;step0.layer23.dispatch,2223.434714624,0.058704000,2223.493418624,step0.layer23.scheduler,PIM_GWRITE token operands
0,23,step0.layer23.pim_expert_compute,pim_expert,PIM_COMPUTE,step0.layer23.pim_gwrite,2223.493418624,22.604016000,2246.097434624,step0.layer23.pim_gwrite,serialized PIM expert GEMV
0,23,step0.layer23.pim_read,pim_read,GPU_PIM_IO,step0.layer23.pim_expert_compute,2246.097434624,0.058704000,2246.156138624,step0.layer23.pim_expert_compute,PIM expert result read
0,23,step0.layer23.combine,combine,GPU_COMPUTE,step0.layer23.gpu_expert_compute;step0.layer23.pim_read,2264.380582912,1.036864000,2265.417446912,step0.layer23.gpu_expert_compute,weighted expert combine
0,23,step0.layer23.residual2,residual,GPU_COMPUTE,step0.layer23.combine,2265.417446912,1.012288000,2266.429734912,step0.layer23.combine,residual add
0,24,step0.layer24.norm1,norm,GPU_COMPUTE,step0.layer23.residual2,2266.429734912,1.008192000,2267.437926912,step0.layer23.residual2,RMSNorm
0,24,step0.layer24.qkv,qkv,GPU_COMPUTE,step0.layer24.norm1,2267.437926912,3.635776000,2271.073702912,step0.layer24.norm1,QKV projection
0,24,step0.layer24.rope,rope,GPU_COMPUTE,step0.layer24.qkv,2271.073702912,1.018432000,2272.092134912,step0.layer24.qkv,QK norm and RoPE
0,24,step0.layer24.attention,attention,PIM_COMPUTE,step0.layer24.rope,2272.092134912,17.577216000,2289.669350912,step0.layer24.rope,decode attention on PIM
0,24,step0.layer24.o_proj,attention_output,GPU_COMPUTE,step0.layer24.attention,2289.669350912,3.109440000,2292.778790912,step0.layer24.attention,attention output projection
0,24,step0.layer24.residual1,residual,GPU_COMPUTE,step0.layer24.o_proj,2292.778790912,1.012288000,2293.791078912,step0.layer24.o_proj,residual add
0,24,step0.layer24.norm2,norm,GPU_COMPUTE,step0.layer24.residual1,2293.791078912,1.008192000,2294.799270912,step0.layer24.residual1,RMSNorm
0,24,step0.layer24.router,router,GPU_COMPUTE,step0.layer24.norm2,2294.799270912,2.069888000,2296.869158912,step0.layer24.norm2,MoE router
0,24,step0.layer24.metadata,metadata,GPU_COMPUTE,step0.layer24.router,2296.869158912,1.000128000,2297.869286912,step0.layer24.router,routing metadata
0,24,step0.layer24.dispatch,dispatch,,step0.layer24.metadata,2297.869286912,0.000000000,2297.869286912,step0.layer24.metadata,single-GPU dispatch placeholder
0,24,step0.layer24.scheduler,scheduler,GPU_COMPUTE,step0.layer24.metadata,2297.869286912,20.000000000,2317.869286912,step0.layer24.metadata,sieve placement policy
0,24,step0.layer24.gpu_weight_load,gpu_weight_load,HBM_MEM_PATH,step0.layer24.scheduler,2317.869286912,37.748736000,2355.618022912,step0.layer24.scheduler,expert weights HBM to GPU
0,24,step0.layer24.gpu_expert_compute,gpu_expert,GPU_COMPUTE,step0.layer24.gpu_weight_load;step0.layer24.dispatch,2355.618022912,3.197132288,2358.815155200,step0.layer24.gpu_weight_load,grouped expert GEMM
0,24,step0.layer24.pim_gwrite,pim_write,GPU_PIM_IO,step0.layer24.scheduler;step0.layer24.dispatch,2317.869286912,0.058704000,2317.927990912,step0.layer24.scheduler,PIM_GWRITE token operands
0,24,step0.layer24.pim_expert_compute,pim_expert,PIM_COMPUTE,step0.layer24.pim_gwrite,2317.927990912,22.604016000,2340.532006912,step0.layer24.pim_gwrite,serialized PIM expert GEMV
0,24,step0.layer24.pim_read,pim_read,GPU_PIM_IO,step0.layer24.pim_expert_compute,2340.532006912,0.058704000,2340.590710912,step0.layer24.pim_expert_compute,PIM expert result read
0,24,step0.layer24.combine,combine,GPU_COMPUTE,step0.layer24.gpu_expert_compute;step0.layer24.pim_read,2358.815155200,1.036864000,2359.852019200,step0.layer24.gpu_expert_compute,weighted expert combine
0,24,step0.layer24.residual2,residual,GPU_COMPUTE,step0.layer24.combine,2359.852019200,1.012288000,2360.864307200,step0.layer24.combine,residual add
0,25,step0.layer25.norm1,norm,GPU_COMPUTE,step0.layer24.residual2,2360.864307200,1.008192000,2361.872499200,step0.layer24.residual2,RMSNorm
0,25,step0.layer25.qkv,qkv,GPU_COMPUTE,step0.layer25.norm1,2361.872499200,3.635776000,2365.508275200,step0.layer25.norm1,QKV projection
0,25,step0.layer25.rope,rope,GPU_COMPUTE,step0.layer25.qkv,2365.508275200,1.018432000,2366.526707200,step0.layer25.qkv,QK norm and RoPE
0,25,step0.layer25.attention,attention,PIM_COMPUTE,step0.layer25.rope,2366.526707200,17.577216000,2384.103923200,step0.layer25.rope,decode attention on PIM
0,25,step0.layer25.o_proj,attention_output,GPU_COMPUTE,step0.layer25.attention,2384.103923200,3.109440000,2387.213363200,step0.layer25.attention,attention output projection
0,25,step0.layer25.residual1,residual,GPU_COMPUTE,step0.layer25.o_proj,2387.213363200,1.012288000,2388.225651200,step0.layer25.o_proj,residual add
0,25,step0.layer25.norm2,norm,GPU_COMPUTE,step0.layer25.residual1,2388.225651200,1.008192000,2389.233843200,step0.layer25.residual1,RMSNorm
0,25,step0.layer25.router,router,GPU_COMPUTE,step0.layer25.norm2,2389.233843200,2.069888000,2391.303731200,step0.layer25.norm2,MoE router
0,25,step0.layer25.metadata,metadata,GPU_COMPUTE,step0.layer25.router,2391.303731200,1.000128000,2392.303859200,step0.layer25.router,routing metadata
0,25,step0.layer25.dispatch,dispatch,,step0.layer25.metadata,2392.303859200,0.000000000,2392.303859200,step0.layer25.metadata,single-GPU dispatch placeholder
0,25,step0.layer25.scheduler,scheduler,GPU_COMPUTE,step0.layer25.metadata,2392.303859200,20.000000000,2412.303859200,step0.layer25.metadata,sieve placement policy
0,25,step0.layer25.gpu_weight_load,gpu_weight_load,HBM_MEM_PATH,step0.layer25.scheduler,2412.303859200,37.748736000,2450.052595200,step0.layer25.scheduler,expert weights HBM to GPU
0,25,step0.layer25.gpu_expert_compute,gpu_expert,GPU_COMPUTE,step0.layer25.gpu_weight_load;step0.layer25.dispatch,2450.052595200,3.197132288,2453.249727488,step0.layer25.gpu_weight_load,grouped expert GEMM
0,25,step0.layer25.pim_gwrite,pim_write,GPU_PIM_IO,step0.layer25.scheduler;step0.layer25.dispatch,2412.303859200,0.058704000,2412.362563200,step0.layer25.scheduler,PIM_GWRITE token operands
0,25,step0.layer25.pim_expert_compute,pim_expert,PIM_COMPUTE,step0.layer25.pim_gwrite,2412.362563200,22.604016000,2434.966579200,step0.layer25.pim_gwrite,serialized PIM expert GEMV
0,25,step0.layer25.pim_read,pim_read,GPU_PIM_IO,step0.layer25.pim_expert_compute,2434.966579200,0.058704000,2435.025283200,step0.layer25.pim_expert_compute,PIM expert result read
0,25,step0.layer25.combine,combine,GPU_COMPUTE,step0.layer25.gpu_expert_compute;step0.layer25.pim_read,2453.249727488,1.036864000,2454.286591488,step0.layer25.gpu_expert_compute,weighted expert combine
0,25,step0.layer25.residual2,residual,GPU_COMPUTE,step0.layer25.combine,2454.286591488,1.012288000,2455.298879488,step0.layer25.combine,residual add
0,26,step0.layer26.norm1,norm,GPU_COMPUTE,step0.layer25.residual2,2455.298879488,1.008192000,2456.307071488,step0.layer25.residual2,RMSNorm
0,26,step0.layer26.qkv,qkv,GPU_COMPUTE,step0.layer26.norm1,2456.307071488,3.635776000,2459.942847488,step0.layer26.norm1,QKV projection
0,26,step0.layer26.rope,rope,GPU_COMPUTE,step0.layer26.qkv,2459.942847488,1.018432000,2460.961279488,step0.layer26.qkv,QK norm and RoPE
0,26,step0.layer26.attention,attention,PIM_COMPUTE,step0.layer26.rope,2460.961279488,17.577216000,2478.538495488,step0.layer26.rope,decode attention on PIM
0,26,step0.layer26.o_proj,attention_output,GPU_COMPUTE,step0.layer26.attention,2478.538495488,3.109440000,2481.647935488,step0.layer26.attention,attention output projection
0,26,step0.layer26.residual1,residual,GPU_COMPUTE,step0.layer26.o_proj,2481.647935488,1.012288000,2482.660223488,step0.layer26.o_proj,residual add
0,26,step0.layer26.norm2,norm,GPU_COMPUTE,step0.layer26.residual1,2482.660223488,1.008192000,2483.668415488,step0.layer26.residual1,RMSNorm
0,26,step0.layer26.router,router,GPU_COMPUTE,step0.layer26.norm2,2483.668415488,2.069888000,2485.738303488,step0.layer26.norm2,MoE router
0,26,step0.layer26.metadata,metadata,GPU_COMPUTE,step0.layer26.router,2485.738303488,1.000128000,2486.738431488,step0.layer26.router,routing metadata
0,26,step0.layer26.dispatch,dispatch,,step0.layer26.metadata,2486.738431488,0.000000000,2486.738431488,step0.layer26.metadata,single-GPU dispatch placeholder
0,26,step0.layer26.scheduler,scheduler,GPU_COMPUTE,step0.layer26.metadata,2486.738431488,20.000000000,2506.738431488,step0.layer26.metadata,sieve placement policy
0,26,step0.layer26.gpu_weight_load,gpu_weight_load,HBM_MEM_PATH,step0.layer26.scheduler,2506.738431488,37.748736000,2544.487167488,step0.layer26.scheduler,expert weights HBM to GPU
0,26,step0.layer26.gpu_expert_compute,gpu_expert,GPU_COMPUTE,step0.layer26.gpu_weight_load;step0.layer26.dispatch,2544.487167488,3.197132288,2547.684299776,step0.layer26.gpu_weight_load,grouped expert GEMM
0,26,step0.layer26.pim_gwrite,pim_write,GPU_PIM_IO,step0.layer26.scheduler;step0.layer26.dispatch,2506.738431488,0.058704000,2506.797135488,step0.layer26.scheduler,PIM_GWRITE token operands
0,26,step0.layer26.pim_expert_compute,pim_expert,PIM_COMPUTE,step0.layer26.pim_gwrite,2506.797135488,22.604016000,2529.401151488,step0.layer26.pim_gwrite,serialized PIM expert GEMV
0,26,step0.layer26.pim_read,pim_read,GPU_PIM_IO,step0.layer26.pim_expert_compute,2529.401151488,0.058704000,2529.459855488,step0.layer26.pim_expert_compute,PIM expert result read
0,26,step0.layer26.combine,combine,GPU_COMPUTE,step0.layer26.gpu_expert_compute;step0.layer26.pim_read,2547.684299776,1.036864000,2548.721163776,step0.layer26.gpu_expert_compute,weighted expert combine
0,26,step0.layer26.residual2,residual,GPU_COMPUTE,step0.layer26.combine,2548.721163776,1.012288000,2549.733451776,step0.layer26.combine,residual add
0,27,step0.layer27.norm1,norm,GPU_COMPUTE,step0.layer26.residual2,2549.733451776,1.008192000,2550.741643776,step0.layer26.residual2,RMSNorm
0,27,step0.layer27.qkv,qkv,GPU_COMPUTE,step0.layer27.norm1,2550.741643776,3.635776000,2554.377419776,step0.layer27.norm1,QKV projection
0,27,step0.layer27.rope,rope,GPU_COMPUTE,step0.layer27.qkv,2554.377419776,1.018432000,2555.395851776,step0.layer27.qkv,QK norm and RoPE
0,27,step0.layer27.attention,attention,PIM_COMPUTE,step0.layer27.rope,2555.395851776,17.577216000,2572.973067776,step0.layer27.rope,decode attention on PIM
0,27,step0.layer27.o_proj,attention_output,GPU_COMPUTE,step0.layer27.attention,2572.973067776,3.109440000,2576.082507776,step0.layer27.attention,attention output projection
0,27,step0.layer27.residual1,residual,GPU_COMPUTE,step0.layer27.o_proj,2576.082507776,1.012288000,2577.094795776,step0.layer27.o_proj,residual add
0,27,step0.layer27.norm2,norm,GPU_COMPUTE,step0.layer27.residual1,2577.094795776,1.008192000,2578.102987776,step0.layer27.residual1,RMSNorm
0,27,step0.layer27.router,router,GPU_COMPUTE,step0.layer27.norm2,2578.102987776,2.069888000,2580.172875776,step0.layer27.norm2,MoE router
0,27,step0.layer27.metadata,metadata,GPU_COMPUTE,step0.layer27.router,2580.172875776,1.000128000,2581.173003776,step0.layer27.router,routing metadata
0,27,step0.layer27.dispatch,dispatch,,step0.layer27.metadata,2581.173003776,0.000000000,2581.173003776,step0.layer27.metadata,single-GPU dispatch placeholder
0,27,step0.layer27.scheduler,scheduler,GPU_COMPUTE,step0.layer27.metadata,2581.173003776,20.000000000,2601.173003776,step0.layer27.metadata,sieve placement policy
0,27,step0.layer27.gpu_weight_load,gpu_weight_load,HBM_MEM_PATH,step0.layer27.scheduler,2601.173003776,37.748736000,2638.921739776,step0.layer27.scheduler,expert weights HBM to GPU
0,27,step0.layer27.gpu_expert_compute,gpu_expert,GPU_COMPUTE,step0.layer27.gpu_weight_load;step0.layer27.dispatch,2638.921739776,3.197132288,2642.118872064,step0.layer27.gpu_weight_load,grouped expert GEMM
0,27,step0.layer27.pim_gwrite,pim_write,GPU_PIM_IO,step0.layer27.scheduler;step0.layer27.dispatch,2601.173003776,0.058704000,2601.231707776,step0.layer27.scheduler,PIM_GWRITE token operands
0,27,step0.layer27.pim_expert_compute,pim_expert,PIM_COMPUTE,step0.layer27.pim_gwrite,2601.231707776,22.604016000,2623.835723776,step0.layer27.pim_gwrite,serialized PIM expert GEMV
0,27,step0.layer27.pim_read,pim_read,GPU_PIM_IO,step0.layer27.pim_expert_compute,2623.835723776,0.058704000,2623.894427776,step0.layer27.pim_expert_compute,PIM expert result read
0,27,step0.layer27.combine,combine,GPU_COMPUTE,step0.layer27.gpu_expert_compute;step0.layer27.pim_read,2642.118872064,1.036864000,2643.155736064,step0.layer27.gpu_expert_compute,weighted expert combine
0,27,step0.layer27.residual2,residual,GPU_COMPUTE,step0.layer27.combine,2643.155736064,1.012288000,2644.168024064,step0.layer27.combine,residual add
0,28,step0.layer28.norm1,norm,GPU_COMPUTE,step0.layer27.residual2,2644.168024064,1.008192000,2645.176216064,step0.layer27.residual2,RMSNorm
0,28,step0.layer28.qkv,qkv,GPU_COMPUTE,step0.layer28.norm1,2645.176216064,3.635776000,2648.811992064,step0.layer28.norm1,QKV projection
0,28,step0.layer28.rope,rope,GPU_COMPUTE,step0.layer28.qkv,2648.811992064,1.018432000,2649.830424064,step0.layer28.qkv,QK norm and RoPE
0,28,step0.layer28.attention,attention,PIM_COMPUTE,step0.layer28.rope,2649.830424064,17.577216000,2667.407640064,step0.layer28.rope,decode attention on PIM
0,28,step0.layer28.o_proj,attention_output,GPU_COMPUTE,step0.layer28.attention,2667.407640064,3.109440000,2670.517080064,step0.layer28.attention,attention output projection
0,28,step0.layer28.residual1,residual,GPU_COMPUTE,step0.layer28.o_proj,2670.517080064,1.012288000,2671.529368064,step0.layer28.o_proj,residual add
0,28,step0.layer28.norm2,norm,GPU_COMPUTE,step0.layer28.residual1,2671.529368064,1.008192000,2672.537560064,step0.layer28.residual1,RMSNorm
0,28,step0.layer28.router,router,GPU_COMPUTE,step0.layer28.norm2,2672.537560064,2.069888000,2674.607448064,step0.layer28.norm2,MoE router
0,28,step0.layer28.metadata,metadata,GPU_COMPUTE,step0.layer28.router,2674.607448064,1.000128000,2675.607576064,step0.layer28.router,routing metadata
0,28,step0.layer28.dispatch,dispatch,,step0.layer28.metadata,2675.607576064,0.000000000,2675.607576064,step0.layer28.metadata,single-GPU dispatch placeholder
0,28,step0.layer28.scheduler,scheduler,GPU_COMPUTE,step0.layer28.metadata,2675.607576064,20.000000000,2695.607576064,step0.layer28.metadata,sieve placement policy
0,28,step0.layer28.gpu_weight_load,gpu_weight_load,HBM_MEM_PATH,step0.layer28.scheduler,2695.607576064,37.748736000,2733.356312064,step0.layer28.scheduler,expert weights HBM to GPU
0,28,step0.layer28.gpu_expert_compute,gpu_expert,GPU_COMPUTE,step0.layer28.gpu_weight_load;step0.layer28.dispatch,2733.356312064,3.197132288,2736.553444352,step0.layer28.gpu_weight_load,grouped expert GEMM
0,28,step0.layer28.pim_gwrite,pim_write,GPU_PIM_IO,step0.layer28.scheduler;step0.layer28.dispatch,2695.607576064,0.058704000,2695.666280064,step0.layer28.scheduler,PIM_GWRITE token operands
0,28,step0.layer28.pim_expert_compute,pim_expert,PIM_COMPUTE,step0.layer28.pim_gwrite,2695.666280064,22.604016000,2718.270296064,step0.layer28.pim_gwrite,serialized PIM expert GEMV
0,28,step0.layer28.pim_read,pim_read,GPU_PIM_IO,step0.layer28.pim_expert_compute,2718.270296064,0.058704000,2718.329000064,step0.layer28.pim_expert_compute,PIM expert result read
0,28,step0.layer28.combine,combine,GPU_COMPUTE,step0.layer28.gpu_expert_compute;step0.layer28.pim_read,2736.553444352,1.036864000,2737.590308352,step0.layer28.gpu_expert_compute,weighted expert combine
0,28,step0.layer28.residual2,residual,GPU_COMPUTE,step0.layer28.combine,2737.590308352,1.012288000,2738.602596352,step0.layer28.combine,residual add
0,29,step0.layer29.norm1,norm,GPU_COMPUTE,step0.layer28.residual2,2738.602596352,1.008192000,2739.610788352,step0.layer28.residual2,RMSNorm
0,29,step0.layer29.qkv,qkv,GPU_COMPUTE,step0.layer29.norm1,2739.610788352,3.635776000,2743.246564352,step0.layer29.norm1,QKV projection
0,29,step0.layer29.rope,rope,GPU_COMPUTE,step0.layer29.qkv,2743.246564352,1.018432000,2744.264996352,step0.layer29.qkv,QK norm and RoPE
0,29,step0.layer29.attention,attention,PIM_COMPUTE,step0.layer29.rope,2744.264996352,17.577216000,2761.842212352,step0.layer29.rope,decode attention on PIM
0,29,step0.layer29.o_proj,attention_output,GPU_COMPUTE,step0.layer29.attention,2761.842212352,3.109440000,2764.951652352,step0.layer29.attention,attention output projection
0,29,step0.layer29.residual1,residual,GPU_COMPUTE,step0.layer29.o_proj,2764.951652352,1.012288000,2765.963940352,step0.layer29.o_proj,residual add
0,29,step0.layer29.norm2,norm,GPU_COMPUTE,step0.layer29.residual1,2765.963940352,1.008192000,2766.972132352,step0.layer29.residual1,RMSNorm
0,29,step0.layer29.router,router,GPU_COMPUTE,step0.layer29.norm2,2766.972132352,2.069888000,2769.042020352,step0.layer29.norm2,MoE router
0,29,step0.layer29.metadata,metadata,GPU_COMPUTE,step0.layer29.router,2769.042020352,1.000128000,2770.042148352,step0.layer29.router,routing metadata
0,29,step0.layer29.dispatch,dispatch,,step0.layer29.metadata,2770.042148352,0.000000000,2770.042148352,step0.layer29.metadata,single-GPU dispatch placeholder
0,29,step0.layer29.scheduler,scheduler,GPU_COMPUTE,step0.layer29.metadata,2770.042148352,20.000000000,2790.042148352,step0.layer29.metadata,sieve placement policy
0,29,step0.layer29.gpu_weight_load,gpu_weight_load,HBM_MEM_PATH,step0.layer29.scheduler,2790.042148352,37.748736000,2827.790884352,step0.layer29.scheduler,expert weights HBM to GPU
0,29,step0.layer29.gpu_expert_compute,gpu_expert,GPU_COMPUTE,step0.layer29.gpu_weight_load;step0.layer29.dispatch,2827.790884352,3.197132288,2830.988016640,step0.layer29.gpu_weight_load,grouped expert GEMM
0,29,step0.layer29.pim_gwrite,pim_write,GPU_PIM_IO,step0.layer29.scheduler;step0.layer29.dispatch,2790.042148352,0.058704000,2790.100852352,step0.layer29.scheduler,PIM_GWRITE token operands
0,29,step0.layer29.pim_expert_compute,pim_expert,PIM_COMPUTE,step0.layer29.pim_gwrite,2790.100852352,22.604016000,2812.704868352,step0.layer29.pim_gwrite,serialized PIM expert GEMV
0,29,step0.layer29.pim_read,pim_read,GPU_PIM_IO,step0.layer29.pim_expert_compute,2812.704868352,0.058704000,2812.763572352,step0.layer29.pim_expert_compute,PIM expert result read
0,29,step0.layer29.combine,combine,GPU_COMPUTE,step0.layer29.gpu_expert_compute;step0.layer29.pim_read,2830.988016640,1.036864000,2832.024880640,step0.layer29.gpu_expert_compute,weighted expert combine
0,29,step0.layer29.residual2,residual,GPU_COMPUTE,step0.layer29.combine,2832.024880640,1.012288000,2833.037168640,step0.layer29.combine,residual add
0,30,step0.layer30.norm1,norm,GPU_COMPUTE,step0.layer29.residual2,2833.037168640,1.008192000,2834.045360640,step0.layer29.residual2,RMSNorm
0,30,step0.layer30.qkv,qkv,GPU_COMPUTE,step0.layer30.norm1,2834.045360640,3.635776000,2837.681136640,step0.layer30.norm1,QKV projection
0,30,step0.layer30.rope,rope,GPU_COMPUTE,step0.layer30.qkv,2837.681136640,1.018432000,2838.699568640,step0.layer30.qkv,QK norm and RoPE
0,30,step0.layer30.attention,attention,PIM_COMPUTE,step0.layer30.rope,2838.699568640,17.577216000,2856.276784640,step0.layer30.rope,decode attention on PIM
0,30,step0.layer30.o_proj,attention_output,GPU_COMPUTE,step0.layer30.attention,2856.276784640,3.109440000,2859.386224640,step0.layer30.attention,attention output projection
0,30,step0.layer30.residual1,residual,GPU_COMPUTE,step0.layer30.o_proj,2859.386224640,1.012288000,2860.398512640,step0.layer30.o_proj,residual add
0,30,step0.layer30.norm2,norm,GPU_COMPUTE,step0.layer30.residual1,2860.398512640,1.008192000,2861.406704640,step0.layer30.residual1,RMSNorm
0,30,step0.layer30.router,router,GPU_COMPUTE,step0.layer30.norm2,2861.406704640,2.069888000,2863.476592640,step0.layer30.norm2,MoE router
0,30,step0.layer30.metadata,metadata,GPU_COMPUTE,step0.layer30.router,2863.476592640,1.000128000,2864.476720640,step0.layer30.router,routing metadata
0,30,step0.layer30.dispatch,dispatch,,step0.layer30.metadata,2864.476720640,0.000000000,2864.476720640,step0.layer30.metadata,single-GPU dispatch placeholder
0,30,step0.layer30.scheduler,scheduler,GPU_COMPUTE,step0.layer30.metadata,2864.476720640,20.000000000,2884.476720640,step0.layer30.metadata,sieve placement policy
0,30,step0.layer30.gpu_weight_load,gpu_weight_load,HBM_MEM_PATH,step0.layer30.scheduler,2884.476720640,37.748736000,2922.225456640,step0.layer30.scheduler,expert weights HBM to GPU
0,30,step0.layer30.gpu_expert_compute,gpu_expert,GPU_COMPUTE,step0.layer30.gpu_weight_load;step0.layer30.dispatch,2922.225456640,3.197132288,2925.422588928,step0.layer30.gpu_weight_load,grouped expert GEMM
0,30,step0.layer30.pim_gwrite,pim_write,GPU_PIM_IO,step0.layer30.scheduler;step0.layer30.dispatch,2884.476720640,0.058704000,2884.535424640,step0.layer30.scheduler,PIM_GWRITE token operands
0,30,step0.layer30.pim_expert_compute,pim_expert,PIM_COMPUTE,step0.layer30.pim_gwrite,2884.535424640,22.604016000,2907.139440640,step0.layer30.pim_gwrite,serialized PIM expert GEMV
0,30,step0.layer30.pim_read,pim_read,GPU_PIM_IO,step0.layer30.pim_expert_compute,2907.139440640,0.058704000,2907.198144640,step0.layer30.pim_expert_compute,PIM expert result read
0,30,step0.layer30.combine,combine,GPU_COMPUTE,step0.layer30.gpu_expert_compute;step0.layer30.pim_read,2925.422588928,1.036864000,2926.459452928,step0.layer30.gpu_expert_compute,weighted expert combine
0,30,step0.layer30.residual2,residual,GPU_COMPUTE,step0.layer30.combine,2926.459452928,1.012288000,2927.471740928,step0.layer30.combine,residual add
0,31,step0.layer31.norm1,norm,GPU_COMPUTE,step0.layer30.residual2,2927.471740928,1.008192000,2928.479932928,step0.layer30.residual2,RMSNorm
0,31,step0.layer31.qkv,qkv,GPU_COMPUTE,step0.layer31.norm1,2928.479932928,3.635776000,2932.115708928,step0.layer31.norm1,QKV projection
0,31,step0.layer31.rope,rope,GPU_COMPUTE,step0.layer31.qkv,2932.115708928,1.018432000,2933.134140928,step0.layer31.qkv,QK norm and RoPE
0,31,step0.layer31.attention,attention,PIM_COMPUTE,step0.layer31.rope,2933.134140928,17.577216000,2950.711356928,step0.layer31.rope,decode attention on PIM
0,31,step0.layer31.o_proj,attention_output,GPU_COMPUTE,step0.layer31.attention,2950.711356928,3.109440000,2953.820796928,step0.layer31.attention,attention output projection
0,31,step0.layer31.residual1,residual,GPU_COMPUTE,step0.layer31.o_proj,2953.820796928,1.012288000,2954.833084928,step0.layer31.o_proj,residual add
0,31,step0.layer31.norm2,norm,GPU_COMPUTE,step0.layer31.residual1,2954.833084928,1.008192000,2955.841276928,step0.layer31.residual1,RMSNorm
0,31,step0.layer31.router,router,GPU_COMPUTE,step0.layer31.norm2,2955.841276928,2.069888000,2957.911164928,step0.layer31.norm2,MoE router
0,31,step0.layer31.metadata,metadata,GPU_COMPUTE,step0.layer31.router,2957.911164928,1.000128000,2958.911292928,step0.layer31.router,routing metadata
0,31,step0.layer31.dispatch,dispatch,,step0.layer31.metadata,2958.911292928,0.000000000,2958.911292928,step0.layer31.metadata,single-GPU dispatch placeholder
0,31,step0.layer31.scheduler,scheduler,GPU_COMPUTE,step0.layer31.metadata,2958.911292928,20.000000000,2978.911292928,step0.layer31.metadata,sieve placement policy
0,31,step0.layer31.gpu_weight_load,gpu_weight_load,HBM_MEM_PATH,step0.layer31.scheduler,2978.911292928,37.748736000,3016.660028928,step0.layer31.scheduler,expert weights HBM to GPU
0,31,step0.layer31.gpu_expert_compute,gpu_expert,GPU_COMPUTE,step0.layer31.gpu_weight_load;step0.layer31.dispatch,3016.660028928,3.197132288,3019.857161216,step0.layer31.gpu_weight_load,grouped expert GEMM
0,31,step0.layer31.pim_gwrite,pim_write,GPU_PIM_IO,step0.layer31.scheduler;step0.layer31.dispatch,2978.911292928,0.058704000,2978.969996928,step0.layer31.scheduler,PIM_GWRITE token operands
0,31,step0.layer31.pim_expert_compute,pim_expert,PIM_COMPUTE,step0.layer31.pim_gwrite,2978.969996928,22.604016000,3001.574012928,step0.layer31.pim_gwrite,serialized PIM expert GEMV
0,31,step0.layer31.pim_read,pim_read,GPU_PIM_IO,step0.layer31.pim_expert_compute,3001.574012928,0.058704000,3001.632716928,step0.layer31.pim_expert_compute,PIM expert result read
0,31,step0.layer31.combine,combine,GPU_COMPUTE,step0.layer31.gpu_expert_compute;step0.layer31.pim_read,3019.857161216,1.036864000,3020.894025216,step0.layer31.gpu_expert_compute,weighted expert combine
0,31,step0.layer31.residual2,residual,GPU_COMPUTE,step0.layer31.combine,3020.894025216,1.012288000,3021.906313216,step0.layer31.combine,residual add
0,32,step0.layer32.norm1,norm,GPU_COMPUTE,step0.layer31.residual2,3021.906313216,1.008192000,3022.914505216,step0.layer31.residual2,RMSNorm
0,32,step0.layer32.qkv,qkv,GPU_COMPUTE,step0.layer32.norm1,3022.914505216,3.635776000,3026.550281216,step0.layer32.norm1,QKV projection
0,32,step0.layer32.rope,rope,GPU_COMPUTE,step0.layer32.qkv,3026.550281216,1.018432000,3027.568713216,step0.layer32.qkv,QK norm and RoPE
0,32,step0.layer32.attention,attention,PIM_COMPUTE,step0.layer32.rope,3027.568713216,17.577216000,3045.145929216,step0.layer32.rope,decode attention on PIM
0,32,step0.layer32.o_proj,attention_output,GPU_COMPUTE,step0.layer32.attention,3045.145929216,3.109440000,3048.255369216,step0.layer32.attention,attention output projection
0,32,step0.layer32.residual1,residual,GPU_COMPUTE,step0.layer32.o_proj,3048.255369216,1.012288000,3049.267657216,step0.layer32.o_proj,residual add
0,32,step0.layer32.norm2,norm,GPU_COMPUTE,step0.layer32.residual1,3049.267657216,1.008192000,3050.275849216,step0.layer32.residual1,RMSNorm
0,32,step0.layer32.router,router,GPU_COMPUTE,step0.layer32.norm2,3050.275849216,2.069888000,3052.345737216,step0.layer32.norm2,MoE router
0,32,step0.layer32.metadata,metadata,GPU_COMPUTE,step0.layer32.router,3052.345737216,1.000128000,3053.345865216,step0.layer32.router,routing metadata
0,32,step0.layer32.dispatch,dispatch,,step0.layer32.metadata,3053.345865216,0.000000000,3053.345865216,step0.layer32.metadata,single-GPU dispatch placeholder
0,32,step0.layer32.scheduler,scheduler,GPU_COMPUTE,step0.layer32.metadata,3053.345865216,20.000000000,3073.345865216,step0.layer32.metadata,sieve placement policy
0,32,step0.layer32.gpu_weight_load,gpu_weight_load,HBM_MEM_PATH,step0.layer32.scheduler,3073.345865216,37.748736000,3111.094601216,step0.layer32.scheduler,expert weights HBM to GPU
0,32,step0.layer32.gpu_expert_compute,gpu_expert,GPU_COMPUTE,step0.layer32.gpu_weight_load;step0.layer32.dispatch,3111.094601216,3.197132288,3114.291733504,step0.layer32.gpu_weight_load,grouped expert GEMM
0,32,step0.layer32.pim_gwrite,pim_write,GPU_PIM_IO,step0.layer32.scheduler;step0.layer32.dispatch,3073.345865216,0.058704000,3073.404569216,step0.layer32.scheduler,PIM_GWRITE token operands
0,32,step0.layer32.pim_expert_compute,pim_expert,PIM_COMPUTE,step0.layer32.pim_gwrite,3073.404569216,22.604016000,3096.008585216,step0.layer32.pim_gwrite,serialized PIM expert GEMV
0,32,step0.layer32.pim_read,pim_read,GPU_PIM_IO,step0.layer32.pim_expert_compute,3096.008585216,0.058704000,3096.067289216,step0.layer32.pim_expert_compute,PIM expert result read
0,32,step0.layer32.combine,combine,GPU_COMPUTE,step0.layer32.gpu_expert_compute;step0.layer32.pim_read,3114.291733504,1.036864000,3115.328597504,step0.layer32.gpu_expert_compute,weighted expert combine
0,32,step0.layer32.residual2,residual,GPU_COMPUTE,step0.layer32.combine,3115.328597504,1.012288000,3116.340885504,step0.layer32.combine,residual add
0,33,step0.layer33.norm1,norm,GPU_COMPUTE,step0.layer32.residual2,3116.340885504,1.008192000,3117.349077504,step0.layer32.residual2,RMSNorm
0,33,step0.layer33.qkv,qkv,GPU_COMPUTE,step0.layer33.norm1,3117.349077504,3.635776000,3120.984853504,step0.layer33.norm1,QKV projection
0,33,step0.layer33.rope,rope,GPU_COMPUTE,step0.layer33.qkv,3120.984853504,1.018432000,3122.003285504,step0.layer33.qkv,QK norm and RoPE
0,33,step0.layer33.attention,attention,PIM_COMPUTE,step0.layer33.rope,3122.003285504,17.577216000,3139.580501504,step0.layer33.rope,decode attention on PIM
0,33,step0.layer33.o_proj,attention_output,GPU_COMPUTE,step0.layer33.attention,3139.580501504,3.109440000,3142.689941504,step0.layer33.attention,attention output projection
0,33,step0.layer33.residual1,residual,GPU_COMPUTE,step0.layer33.o_proj,3142.689941504,1.012288000,3143.702229504,step0.layer33.o_proj,residual add
0,33,step0.layer33.norm2,norm,GPU_COMPUTE,step0.layer33.residual1,3143.702229504,1.008192000,3144.710421504,step0.layer33.residual1,RMSNorm
0,33,step0.layer33.router,router,GPU_COMPUTE,step0.layer33.norm2,3144.710421504,2.069888000,3146.780309504,step0.layer33.norm2,MoE router
0,33,step0.layer33.metadata,metadata,GPU_COMPUTE,step0.layer33.router,3146.780309504,1.000128000,3147.780437504,step0.layer33.router,routing metadata
0,33,step0.layer33.dispatch,dispatch,,step0.layer33.metadata,3147.780437504,0.000000000,3147.780437504,step0.layer33.metadata,single-GPU dispatch placeholder
0,33,step0.layer33.scheduler,scheduler,GPU_COMPUTE,step0.layer33.metadata,3147.780437504,20.000000000,3167.780437504,step0.layer33.metadata,sieve placement policy
0,33,step0.layer33.gpu_weight_load,gpu_weight_load,HBM_MEM_PATH,step0.layer33.scheduler,3167.780437504,37.748736000,3205.529173504,step0.layer33.scheduler,expert weights HBM to GPU
0,33,step0.layer33.gpu_expert_compute,gpu_expert,GPU_COMPUTE,step0.layer33.gpu_weight_load;step0.layer33.dispatch,3205.529173504,3.197132288,3208.726305792,step0.layer33.gpu_weight_load,grouped expert GEMM
0,33,step0.layer33.pim_gwrite,pim_write,GPU_PIM_IO,step0.layer33.scheduler;step0.layer33.dispatch,3167.780437504,0.058704000,3167.839141504,step0.layer33.scheduler,PIM_GWRITE token operands
0,33,step0.layer33.pim_expert_compute,pim_expert,PIM_COMPUTE,step0.layer33.pim_gwrite,3167.839141504,22.604016000,3190.443157504,step0.layer33.pim_gwrite,serialized PIM expert GEMV
0,33,step0.layer33.pim_read,pim_read,GPU_PIM_IO,step0.layer33.pim_expert_compute,3190.443157504,0.058704000,3190.501861504,step0.layer33.pim_expert_compute,PIM expert result read
0,33,step0.layer33.combine,combine,GPU_COMPUTE,step0.layer33.gpu_expert_compute;step0.layer33.pim_read,3208.726305792,1.036864000,3209.763169792,step0.layer33.gpu_expert_compute,weighted expert combine
0,33,step0.layer33.residual2,residual,GPU_COMPUTE,step0.layer33.combine,3209.763169792,1.012288000,3210.775457792,step0.layer33.combine,residual add
0,34,step0.layer34.norm1,norm,GPU_COMPUTE,step0.layer33.residual2,3210.775457792,1.008192000,3211.783649792,step0.layer33.residual2,RMSNorm
0,34,step0.layer34.qkv,qkv,GPU_COMPUTE,step0.layer34.norm1,3211.783649792,3.635776000,3215.419425792,step0.layer34.norm1,QKV projection
0,34,step0.layer34.rope,rope,GPU_COMPUTE,step0.layer34.qkv,3215.419425792,1.018432000,3216.437857792,step0.layer34.qkv,QK norm and RoPE
0,34,step0.layer34.attention,attention,PIM_COMPUTE,step0.layer34.rope,3216.437857792,17.577216000,3234.015073792,step0.layer34.rope,decode attention on PIM
0,34,step0.layer34.o_proj,attention_output,GPU_COMPUTE,step0.layer34.attention,3234.015073792,3.109440000,3237.124513792,step0.layer34.attention,attention output projection
0,34,step0.layer34.residual1,residual,GPU_COMPUTE,step0.layer34.o_proj,3237.124513792,1.012288000,3238.136801792,step0.layer34.o_proj,residual add
0,34,step0.layer34.norm2,norm,GPU_COMPUTE,step0.layer34.residual1,3238.136801792,1.008192000,3239.144993792,step0.layer34.residual1,RMSNorm
0,34,step0.layer34.router,router,GPU_COMPUTE,step0.layer34.norm2,3239.144993792,2.069888000,3241.214881792,step0.layer34.norm2,MoE router
0,34,step0.layer34.metadata,metadata,GPU_COMPUTE,step0.layer34.router,3241.214881792,1.000128000,3242.215009792,step0.layer34.router,routing metadata
0,34,step0.layer34.dispatch,dispatch,,step0.layer34.metadata,3242.215009792,0.000000000,3242.215009792,step0.layer34.metadata,single-GPU dispatch placeholder
0,34,step0.layer34.scheduler,scheduler,GPU_COMPUTE,step0.layer34.metadata,3242.215009792,20.000000000,3262.215009792,step0.layer34.metadata,sieve placement policy
0,34,step0.layer34.gpu_weight_load,gpu_weight_load,HBM_MEM_PATH,step0.layer34.scheduler,3262.215009792,37.748736000,3299.963745792,step0.layer34.scheduler,expert weights HBM to GPU
0,34,step0.layer34.gpu_expert_compute,gpu_expert,GPU_COMPUTE,step0.layer34.gpu_weight_load;step0.layer34.dispatch,3299.963745792,3.197132288,3303.160878080,step0.layer34.gpu_weight_load,grouped expert GEMM
0,34,step0.layer34.pim_gwrite,pim_write,GPU_PIM_IO,step0.layer34.scheduler;step0.layer34.dispatch,3262.215009792,0.058704000,3262.273713792,step0.layer34.scheduler,PIM_GWRITE token operands
0,34,step0.layer34.pim_expert_compute,pim_expert,PIM_COMPUTE,step0.layer34.pim_gwrite,3262.273713792,22.604016000,3284.877729792,step0.layer34.pim_gwrite,serialized PIM expert GEMV
0,34,step0.layer34.pim_read,pim_read,GPU_PIM_IO,step0.layer34.pim_expert_compute,3284.877729792,0.058704000,3284.936433792,step0.layer34.pim_expert_compute,PIM expert result read
0,34,step0.layer34.combine,combine,GPU_COMPUTE,step0.layer34.gpu_expert_compute;step0.layer34.pim_read,3303.160878080,1.036864000,3304.197742080,step0.layer34.gpu_expert_compute,weighted expert combine
0,34,step0.layer34.residual2,residual,GPU_COMPUTE,step0.layer34.combine,3304.197742080,1.012288000,3305.210030080,step0.layer34.combine,residual add
0,35,step0.layer35.norm1,norm,GPU_COMPUTE,step0.layer34.residual2,3305.210030080,1.008192000,3306.218222080,step0.layer34.residual2,RMSNorm
0,35,step0.layer35.qkv,qkv,GPU_COMPUTE,step0.layer35.norm1,3306.218222080,3.635776000,3309.853998080,step0.layer35.norm1,QKV projection
0,35,step0.layer35.rope,rope,GPU_COMPUTE,step0.layer35.qkv,3309.853998080,1.018432000,3310.872430080,step0.layer35.qkv,QK norm and RoPE
0,35,step0.layer35.attention,attention,PIM_COMPUTE,step0.layer35.rope,3310.872430080,17.577216000,3328.449646080,step0.layer35.rope,decode attention on PIM
0,35,step0.layer35.o_proj,attention_output,GPU_COMPUTE,step0.layer35.attention,3328.449646080,3.109440000,3331.559086080,step0.layer35.attention,attention output projection
0,35,step0.layer35.residual1,residual,GPU_COMPUTE,step0.layer35.o_proj,3331.559086080,1.012288000,3332.571374080,step0.layer35.o_proj,residual add
0,35,step0.layer35.norm2,norm,GPU_COMPUTE,step0.layer35.residual1,3332.571374080,1.008192000,3333.579566080,step0.layer35.residual1,RMSNorm
0,35,step0.layer35.router,router,GPU_COMPUTE,step0.layer35.norm2,3333.579566080,2.069888000,3335.649454080,step0.layer35.norm2,MoE router
0,35,step0.layer35.metadata,metadata,GPU_COMPUTE,step0.layer35.router,3335.649454080,1.000128000,3336.649582080,step0.layer35.router,routing metadata
0,35,step0.layer35.dispatch,dispatch,,step0.layer35.metadata,3336.649582080,0.000000000,3336.649582080,step0.layer35.metadata,single-GPU dispatch placeholder
0,35,step0.layer35.scheduler,scheduler,GPU_COMPUTE,step0.layer35.metadata,3336.649582080,20.000000000,3356.649582080,step0.layer35.metadata,sieve placement policy
0,35,step0.layer35.gpu_weight_load,gpu_weight_load,HBM_MEM_PATH,step0.layer35.scheduler,3356.649582080,37.748736000,3394.398318080,step0.layer35.scheduler,expert weights HBM to GPU
0,35,step0.layer35.gpu_expert_compute,gpu_expert,GPU_COMPUTE,step0.layer35.gpu_weight_load;step0.layer35.dispatch,3394.398318080,3.197132288,3397.595450368,step0.layer35.gpu_weight_load,grouped expert GEMM
0,35,step0.layer35.pim_gwrite,pim_write,GPU_PIM_IO,step0.layer35.scheduler;step0.layer35.dispatch,3356.649582080,0.058704000,3356.708286080,step0.layer35.scheduler,PIM_GWRITE token operands
0,35,step0.layer35.pim_expert_compute,pim_expert,PIM_COMPUTE,step0.layer35.pim_gwrite,3356.708286080,22.604016000,3379.312302080,step0.layer35.pim_gwrite,serialized PIM expert GEMV
0,35,step0.layer35.pim_read,pim_read,GPU_PIM_IO,step0.layer35.pim_expert_compute,3379.312302080,0.058704000,3379.371006080,step0.layer35.pim_expert_compute,PIM expert result read
0,35,step0.layer35.combine,combine,GPU_COMPUTE,step0.layer35.gpu_expert_compute;step0.layer35.pim_read,3397.595450368,1.036864000,3398.632314368,step0.layer35.gpu_expert_compute,weighted expert combine
0,35,step0.layer35.residual2,residual,GPU_COMPUTE,step0.layer35.combine,3398.632314368,1.012288000,3399.644602368,step0.layer35.combine,residual add
0,36,step0.layer36.norm1,norm,GPU_COMPUTE,step0.layer35.residual2,3399.644602368,1.008192000,3400.652794368,step0.layer35.residual2,RMSNorm
0,36,step0.layer36.qkv,qkv,GPU_COMPUTE,step0.layer36.norm1,3400.652794368,3.635776000,3404.288570368,step0.layer36.norm1,QKV projection
0,36,step0.layer36.rope,rope,GPU_COMPUTE,step0.layer36.qkv,3404.288570368,1.018432000,3405.307002368,step0.layer36.qkv,QK norm and RoPE
0,36,step0.layer36.attention,attention,PIM_COMPUTE,step0.layer36.rope,3405.307002368,17.577216000,3422.884218368,step0.layer36.rope,decode attention on PIM
0,36,step0.layer36.o_proj,attention_output,GPU_COMPUTE,step0.layer36.attention,3422.884218368,3.109440000,3425.993658368,step0.layer36.attention,attention output projection
0,36,step0.layer36.residual1,residual,GPU_COMPUTE,step0.layer36.o_proj,3425.993658368,1.012288000,3427.005946368,step0.layer36.o_proj,residual add
0,36,step0.layer36.norm2,norm,GPU_COMPUTE,step0.layer36.residual1,3427.005946368,1.008192000,3428.014138368,step0.layer36.residual1,RMSNorm
0,36,step0.layer36.router,router,GPU_COMPUTE,step0.layer36.norm2,3428.014138368,2.069888000,3430.084026368,step0.layer36.norm2,MoE router
0,36,step0.layer36.metadata,metadata,GPU_COMPUTE,step0.layer36.router,3430.084026368,1.000128000,3431.084154368,step0.layer36.router,routing metadata
0,36,step0.layer36.dispatch,dispatch,,step0.layer36.metadata,3431.084154368,0.000000000,3431.084154368,step0.layer36.metadata,single-GPU dispatch placeholder
0,36,step0.layer36.scheduler,scheduler,GPU_COMPUTE,step0.layer36.metadata,3431.084154368,20.000000000,3451.084154368,step0.layer36.metadata,sieve placement policy
0,36,step0.layer36.gpu_weight_load,gpu_weight_load,HBM_MEM_PATH,step0.layer36.scheduler,3451.084154368,37.748736000,3488.832890368,step0.layer36.scheduler,expert weights HBM to GPU
0,36,step0.layer36.gpu_expert_compute,gpu_expert,GPU_COMPUTE,step0.layer36.gpu_weight_load;step0.layer36.dispatch,3488.832890368,3.197132288,3492.030022656,step0.layer36.gpu_weight_load,grouped expert GEMM
0,36,step0.layer36.pim_gwrite,pim_write,GPU_PIM_IO,step0.layer36.scheduler;step0.layer36.dispatch,3451.084154368,0.058704000,3451.142858368,step0.layer36.scheduler,PIM_GWRITE token operands
0,36,step0.layer36.pim_expert_compute,pim_expert,PIM_COMPUTE,step0.layer36.pim_gwrite,3451.142858368,22.604016000,3473.746874368,step0.layer36.pim_gwrite,serialized PIM expert GEMV
0,36,step0.layer36.pim_read,pim_read,GPU_PIM_IO,step0.layer36.pim_expert_compute,3473.746874368,0.058704000,3473.805578368,step0.layer36.pim_expert_compute,PIM expert result read
0,36,step0.layer36.combine,combine,GPU_COMPUTE,step0.layer36.gpu_expert_compute;step0.layer36.pim_read,3492.030022656,1.036864000,3493.066886656,step0.layer36.gpu_expert_compute,weighted expert combine
0,36,step0.layer36.residual2,residual,GPU_COMPUTE,step0.layer36.combine,3493.066886656,1.012288000,3494.079174656,step0.layer36.combine,residual add
0,37,step0.layer37.norm1,norm,GPU_COMPUTE,step0.layer36.residual2,3494.079174656,1.008192000,3495.087366656,step0.layer36.residual2,RMSNorm
0,37,step0.layer37.qkv,qkv,GPU_COMPUTE,step0.layer37.norm1,3495.087366656,3.635776000,3498.723142656,step0.layer37.norm1,QKV projection
0,37,step0.layer37.rope,rope,GPU_COMPUTE,step0.layer37.qkv,3498.723142656,1.018432000,3499.741574656,step0.layer37.qkv,QK norm and RoPE
0,37,step0.layer37.attention,attention,PIM_COMPUTE,step0.layer37.rope,3499.741574656,17.577216000,3517.318790656,step0.layer37.rope,decode attention on PIM
0,37,step0.layer37.o_proj,attention_output,GPU_COMPUTE,step0.layer37.attention,3517.318790656,3.109440000,3520.428230656,step0.layer37.attention,attention output projection
0,37,step0.layer37.residual1,residual,GPU_COMPUTE,step0.layer37.o_proj,3520.428230656,1.012288000,3521.440518656,step0.layer37.o_proj,residual add
0,37,step0.layer37.norm2,norm,GPU_COMPUTE,step0.layer37.residual1,3521.440518656,1.008192000,3522.448710656,step0.layer37.residual1,RMSNorm
0,37,step0.layer37.router,router,GPU_COMPUTE,step0.layer37.norm2,3522.448710656,2.069888000,3524.518598656,step0.layer37.norm2,MoE router
0,37,step0.layer37.metadata,metadata,GPU_COMPUTE,step0.layer37.router,3524.518598656,1.000128000,3525.518726656,step0.layer37.router,routing metadata
0,37,step0.layer37.dispatch,dispatch,,step0.layer37.metadata,3525.518726656,0.000000000,3525.518726656,step0.layer37.metadata,single-GPU dispatch placeholder
0,37,step0.layer37.scheduler,scheduler,GPU_COMPUTE,step0.layer37.metadata,3525.518726656,20.000000000,3545.518726656,step0.layer37.metadata,sieve placement policy
0,37,step0.layer37.gpu_weight_load,gpu_weight_load,HBM_MEM_PATH,step0.layer37.scheduler,3545.518726656,37.748736000,3583.267462656,step0.layer37.scheduler,expert weights HBM to GPU
0,37,step0.layer37.gpu_expert_compute,gpu_expert,GPU_COMPUTE,step0.layer37.gpu_weight_load;step0.layer37.dispatch,3583.267462656,3.197132288,3586.464594944,step0.layer37.gpu_weight_load,grouped expert GEMM
0,37,step0.layer37.pim_gwrite,pim_write,GPU_PIM_IO,step0.layer37.scheduler;step0.layer37.dispatch,3545.518726656,0.058704000,3545.577430656,step0.layer37.scheduler,PIM_GWRITE token operands
0,37,step0.layer37.pim_expert_compute,pim_expert,PIM_COMPUTE,step0.layer37.pim_gwrite,3545.577430656,22.604016000,3568.181446656,step0.layer37.pim_gwrite,serialized PIM expert GEMV
0,37,step0.layer37.pim_read,pim_read,GPU_PIM_IO,step0.layer37.pim_expert_compute,3568.181446656,0.058704000,3568.240150656,step0.layer37.pim_expert_compute,PIM expert result read
0,37,step0.layer37.combine,combine,GPU_COMPUTE,step0.layer37.gpu_expert_compute;step0.layer37.pim_read,3586.464594944,1.036864000,3587.501458944,step0.layer37.gpu_expert_compute,weighted expert combine
0,37,step0.layer37.residual2,residual,GPU_COMPUTE,step0.layer37.combine,3587.501458944,1.012288000,3588.513746944,step0.layer37.combine,residual add
0,38,step0.layer38.norm1,norm,GPU_COMPUTE,step0.layer37.residual2,3588.513746944,1.008192000,3589.521938944,step0.layer37.residual2,RMSNorm
0,38,step0.layer38.qkv,qkv,GPU_COMPUTE,step0.layer38.norm1,3589.521938944,3.635776000,3593.157714944,step0.layer38.norm1,QKV projection
0,38,step0.layer38.rope,rope,GPU_COMPUTE,step0.layer38.qkv,3593.157714944,1.018432000,3594.176146944,step0.layer38.qkv,QK norm and RoPE
0,38,step0.layer38.attention,attention,PIM_COMPUTE,step0.layer38.rope,3594.176146944,17.577216000,3611.753362944,step0.layer38.rope,decode attention on PIM
0,38,step0.layer38.o_proj,attention_output,GPU_COMPUTE,step0.layer38.attention,3611.753362944,3.109440000,3614.862802944,step0.layer38.attention,attention output projection
0,38,step0.layer38.residual1,residual,GPU_COMPUTE,step0.layer38.o_proj,3614.862802944,1.012288000,3615.875090944,step0.layer38.o_proj,residual add
0,38,step0.layer38.norm2,norm,GPU_COMPUTE,step0.layer38.residual1,3615.875090944,1.008192000,3616.883282944,step0.layer38.residual1,RMSNorm
0,38,step0.layer38.router,router,GPU_COMPUTE,step0.layer38.norm2,3616.883282944,2.069888000,3618.953170944,step0.layer38.norm2,MoE router
0,38,step0.layer38.metadata,metadata,GPU_COMPUTE,step0.layer38.router,3618.953170944,1.000128000,3619.953298944,step0.layer38.router,routing metadata
0,38,step0.layer38.dispatch,dispatch,,step0.layer38.metadata,3619.953298944,0.000000000,3619.953298944,step0.layer38.metadata,single-GPU dispatch placeholder
0,38,step0.layer38.scheduler,scheduler,GPU_COMPUTE,step0.layer38.metadata,3619.953298944,20.000000000,3639.953298944,step0.layer38.metadata,sieve placement policy
0,38,step0.layer38.gpu_weight_load,gpu_weight_load,HBM_MEM_PATH,step0.layer38.scheduler,3639.953298944,37.748736000,3677.702034944,step0.layer38.scheduler,expert weights HBM to GPU
0,38,step0.layer38.gpu_expert_compute,gpu_expert,GPU_COMPUTE,step0.layer38.gpu_weight_load;step0.layer38.dispatch,3677.702034944,3.197132288,3680.899167232,step0.layer38.gpu_weight_load,grouped expert GEMM
0,38,step0.layer38.pim_gwrite,pim_write,GPU_PIM_IO,step0.layer38.scheduler;step0.layer38.dispatch,3639.953298944,0.058704000,3640.012002944,step0.layer38.scheduler,PIM_GWRITE token operands
0,38,step0.layer38.pim_expert_compute,pim_expert,PIM_COMPUTE,step0.layer38.pim_gwrite,3640.012002944,22.604016000,3662.616018944,step0.layer38.pim_gwrite,serialized PIM expert GEMV
0,38,step0.layer38.pim_read,pim_read,GPU_PIM_IO,step0.layer38.pim_expert_compute,3662.616018944,0.058704000,3662.674722944,step0.layer38.pim_expert_compute,PIM expert result read
0,38,step0.layer38.combine,combine,GPU_COMPUTE,step0.layer38.gpu_expert_compute;step0.layer38.pim_read,3680.899167232,1.036864000,3681.936031232,step0.layer38.gpu_expert_compute,weighted expert combine
0,38,step0.layer38.residual2,residual,GPU_COMPUTE,step0.layer38.combine,3681.936031232,1.012288000,3682.948319232,step0.layer38.combine,residual add
0,39,step0.layer39.norm1,norm,GPU_COMPUTE,step0.layer38.residual2,3682.948319232,1.008192000,3683.956511232,step0.layer38.residual2,RMSNorm
0,39,step0.layer39.qkv,qkv,GPU_COMPUTE,step0.layer39.norm1,3683.956511232,3.635776000,3687.592287232,step0.layer39.norm1,QKV projection
0,39,step0.layer39.rope,rope,GPU_COMPUTE,step0.layer39.qkv,3687.592287232,1.018432000,3688.610719232,step0.layer39.qkv,QK norm and RoPE
0,39,step0.layer39.attention,attention,PIM_COMPUTE,step0.layer39.rope,3688.610719232,17.577216000,3706.187935232,step0.layer39.rope,decode attention on PIM
0,39,step0.layer39.o_proj,attention_output,GPU_COMPUTE,step0.layer39.attention,3706.187935232,3.109440000,3709.297375232,step0.layer39.attention,attention output projection
0,39,step0.layer39.residual1,residual,GPU_COMPUTE,step0.layer39.o_proj,3709.297375232,1.012288000,3710.309663232,step0.layer39.o_proj,residual add
0,39,step0.layer39.norm2,norm,GPU_COMPUTE,step0.layer39.residual1,3710.309663232,1.008192000,3711.317855232,step0.layer39.residual1,RMSNorm
0,39,step0.layer39.router,router,GPU_COMPUTE,step0.layer39.norm2,3711.317855232,2.069888000,3713.387743232,step0.layer39.norm2,MoE router
0,39,step0.layer39.metadata,metadata,GPU_COMPUTE,step0.layer39.router,3713.387743232,1.000128000,3714.387871232,step0.layer39.router,routing metadata
0,39,step0.layer39.dispatch,dispatch,,step0.layer39.metadata,3714.387871232,0.000000000,3714.387871232,step0.layer39.metadata,single-GPU dispatch placeholder
0,39,step0.layer39.scheduler,scheduler,GPU_COMPUTE,step0.layer39.metadata,3714.387871232,20.000000000,3734.387871232,step0.layer39.metadata,sieve placement policy
0,39,step0.layer39.gpu_weight_load,gpu_weight_load,HBM_MEM_PATH,step0.layer39.scheduler,3734.387871232,37.748736000,3772.136607232,step0.layer39.scheduler,expert weights HBM to GPU
0,39,step0.layer39.gpu_expert_compute,gpu_expert,GPU_COMPUTE,step0.layer39.gpu_weight_load;step0.layer39.dispatch,3772.136607232,3.197132288,3775.333739520,step0.layer39.gpu_weight_load,grouped expert GEMM
0,39,step0.layer39.pim_gwrite,pim_write,GPU_PIM_IO,step0.layer39.scheduler;step0.layer39.dispatch,3734.387871232,0.058704000,3734.446575232,step0.layer39.scheduler,PIM_GWRITE token operands
0,39,step0.layer39.pim_expert_compute,pim_expert,PIM_COMPUTE,step0.layer39.pim_gwrite,3734.446575232,22.604016000,3757.050591232,step0.layer39.pim_gwrite,serialized PIM expert GEMV
0,39,step0.layer39.pim_read,pim_read,GPU_PIM_IO,step0.layer39.pim_expert_compute,3757.050591232,0.058704000,3757.109295232,step0.layer39.pim_expert_compute,PIM expert result read
0,39,step0.layer39.combine,combine,GPU_COMPUTE,step0.layer39.gpu_expert_compute;step0.layer39.pim_read,3775.333739520,1.036864000,3776.370603520,step0.layer39.gpu_expert_compute,weighted expert combine
0,39,step0.layer39.residual2,residual,GPU_COMPUTE,step0.layer39.combine,3776.370603520,1.012288000,3777.382891520,step0.layer39.combine,residual add
0,40,step0.layer40.norm1,norm,GPU_COMPUTE,step0.layer39.residual2,3777.382891520,1.008192000,3778.391083520,step0.layer39.residual2,RMSNorm
0,40,step0.layer40.qkv,qkv,GPU_COMPUTE,step0.layer40.norm1,3778.391083520,3.635776000,3782.026859520,step0.layer40.norm1,QKV projection
0,40,step0.layer40.rope,rope,GPU_COMPUTE,step0.layer40.qkv,3782.026859520,1.018432000,3783.045291520,step0.layer40.qkv,QK norm and RoPE
0,40,step0.layer40.attention,attention,PIM_COMPUTE,step0.layer40.rope,3783.045291520,17.577216000,3800.622507520,step0.layer40.rope,decode attention on PIM
0,40,step0.layer40.o_proj,attention_output,GPU_COMPUTE,step0.layer40.attention,3800.622507520,3.109440000,3803.731947520,step0.layer40.attention,attention output projection
0,40,step0.layer40.residual1,residual,GPU_COMPUTE,step0.layer40.o_proj,3803.731947520,1.012288000,3804.744235520,step0.layer40.o_proj,residual add
0,40,step0.layer40.norm2,norm,GPU_COMPUTE,step0.layer40.residual1,3804.744235520,1.008192000,3805.752427520,step0.layer40.residual1,RMSNorm
0,40,step0.layer40.router,router,GPU_COMPUTE,step0.layer40.norm2,3805.752427520,2.069888000,3807.822315520,step0.layer40.norm2,MoE router
0,40,step0.layer40.metadata,metadata,GPU_COMPUTE,step0.layer40.router,3807.822315520,1.000128000,3808.822443520,step0.layer40.router,routing metadata
0,40,step0.layer40.dispatch,dispatch,,step0.layer40.metadata,3808.822443520,0.000000000,3808.822443520,step0.layer40.metadata,single-GPU dispatch placeholder
0,40,step0.layer40.scheduler,scheduler,GPU_COMPUTE,step0.layer40.metadata,3808.822443520,20.000000000,3828.822443520,step0.layer40.metadata,sieve placement policy
0,40,step0.layer40.gpu_weight_load,gpu_weight_load,HBM_MEM_PATH,step0.layer40.scheduler,3828.822443520,37.748736000,3866.571179520,step0.layer40.scheduler,expert weights HBM to GPU
0,40,step0.layer40.gpu_expert_compute,gpu_expert,GPU_COMPUTE,step0.layer40.gpu_weight_load;step0.layer40.dispatch,3866.571179520,3.197132288,3869.768311808,step0.layer40.gpu_weight_load,grouped expert GEMM
0,40,step0.layer40.pim_gwrite,pim_write,GPU_PIM_IO,step0.layer40.scheduler;step0.layer40.dispatch,3828.822443520,0.058704000,3828.881147520,step0.layer40.scheduler,PIM_GWRITE token operands
0,40,step0.layer40.pim_expert_compute,pim_expert,PIM_COMPUTE,step0.layer40.pim_gwrite,3828.881147520,22.604016000,3851.485163520,step0.layer40.pim_gwrite,serialized PIM expert GEMV
0,40,step0.layer40.pim_read,pim_read,GPU_PIM_IO,step0.layer40.pim_expert_compute,3851.485163520,0.058704000,3851.543867520,step0.layer40.pim_expert_compute,PIM expert result read
0,40,step0.layer40.combine,combine,GPU_COMPUTE,step0.layer40.gpu_expert_compute;step0.layer40.pim_read,3869.768311808,1.036864000,3870.805175808,step0.layer40.gpu_expert_compute,weighted expert combine
0,40,step0.layer40.residual2,residual,GPU_COMPUTE,step0.layer40.combine,3870.805175808,1.012288000,3871.817463808,step0.layer40.combine,residual add
0,41,step0.layer41.norm1,norm,GPU_COMPUTE,step0.layer40.residual2,3871.817463808,1.008192000,3872.825655808,step0.layer40.residual2,RMSNorm
0,41,step0.layer41.qkv,qkv,GPU_COMPUTE,step0.layer41.norm1,3872.825655808,3.635776000,3876.461431808,step0.layer41.norm1,QKV projection
0,41,step0.layer41.rope,rope,GPU_COMPUTE,step0.layer41.qkv,3876.461431808,1.018432000,3877.479863808,step0.layer41.qkv,QK norm and RoPE
0,41,step0.layer41.attention,attention,PIM_COMPUTE,step0.layer41.rope,3877.479863808,17.577216000,3895.057079808,step0.layer41.rope,decode attention on PIM
0,41,step0.layer41.o_proj,attention_output,GPU_COMPUTE,step0.layer41.attention,3895.057079808,3.109440000,3898.166519808,step0.layer41.attention,attention output projection
0,41,step0.layer41.residual1,residual,GPU_COMPUTE,step0.layer41.o_proj,3898.166519808,1.012288000,3899.178807808,step0.layer41.o_proj,residual add
0,41,step0.layer41.norm2,norm,GPU_COMPUTE,step0.layer41.residual1,3899.178807808,1.008192000,3900.186999808,step0.layer41.residual1,RMSNorm
0,41,step0.layer41.router,router,GPU_COMPUTE,step0.layer41.norm2,3900.186999808,2.069888000,3902.256887808,step0.layer41.norm2,MoE router
0,41,step0.layer41.metadata,metadata,GPU_COMPUTE,step0.layer41.router,3902.256887808,1.000128000,3903.257015808,step0.layer41.router,routing metadata
0,41,step0.layer41.dispatch,dispatch,,step0.layer41.metadata,3903.257015808,0.000000000,3903.257015808,step0.layer41.metadata,single-GPU dispatch placeholder
0,41,step0.layer41.scheduler,scheduler,GPU_COMPUTE,step0.layer41.metadata,3903.257015808,20.000000000,3923.257015808,step0.layer41.metadata,sieve placement policy
0,41,step0.layer41.gpu_weight_load,gpu_weight_load,HBM_MEM_PATH,step0.layer41.scheduler,3923.257015808,37.748736000,3961.005751808,step0.layer41.scheduler,expert weights HBM to GPU
0,41,step0.layer41.gpu_expert_compute,gpu_expert,GPU_COMPUTE,step0.layer41.gpu_weight_load;step0.layer41.dispatch,3961.005751808,3.197132288,3964.202884096,step0.layer41.gpu_weight_load,grouped expert GEMM
0,41,step0.layer41.pim_gwrite,pim_write,GPU_PIM_IO,step0.layer41.scheduler;step0.layer41.dispatch,3923.257015808,0.058704000,3923.315719808,step0.layer41.scheduler,PIM_GWRITE token operands
0,41,step0.layer41.pim_expert_compute,pim_expert,PIM_COMPUTE,step0.layer41.pim_gwrite,3923.315719808,22.604016000,3945.919735808,step0.layer41.pim_gwrite,serialized PIM expert GEMV
0,41,step0.layer41.pim_read,pim_read,GPU_PIM_IO,step0.layer41.pim_expert_compute,3945.919735808,0.058704000,3945.978439808,step0.layer41.pim_expert_compute,PIM expert result read
0,41,step0.layer41.combine,combine,GPU_COMPUTE,step0.layer41.gpu_expert_compute;step0.layer41.pim_read,3964.202884096,1.036864000,3965.239748096,step0.layer41.gpu_expert_compute,weighted expert combine
0,41,step0.layer41.residual2,residual,GPU_COMPUTE,step0.layer41.combine,3965.239748096,1.012288000,3966.252036096,step0.layer41.combine,residual add
0,42,step0.layer42.norm1,norm,GPU_COMPUTE,step0.layer41.residual2,3966.252036096,1.008192000,3967.260228096,step0.layer41.residual2,RMSNorm
0,42,step0.layer42.qkv,qkv,GPU_COMPUTE,step0.layer42.norm1,3967.260228096,3.635776000,3970.896004096,step0.layer42.norm1,QKV projection
0,42,step0.layer42.rope,rope,GPU_COMPUTE,step0.layer42.qkv,3970.896004096,1.018432000,3971.914436096,step0.layer42.qkv,QK norm and RoPE
0,42,step0.layer42.attention,attention,PIM_COMPUTE,step0.layer42.rope,3971.914436096,17.577216000,3989.491652096,step0.layer42.rope,decode attention on PIM
0,42,step0.layer42.o_proj,attention_output,GPU_COMPUTE,step0.layer42.attention,3989.491652096,3.109440000,3992.601092096,step0.layer42.attention,attention output projection
0,42,step0.layer42.residual1,residual,GPU_COMPUTE,step0.layer42.o_proj,3992.601092096,1.012288000,3993.613380096,step0.layer42.o_proj,residual add
0,42,step0.layer42.norm2,norm,GPU_COMPUTE,step0.layer42.residual1,3993.613380096,1.008192000,3994.621572096,step0.layer42.residual1,RMSNorm
0,42,step0.layer42.router,router,GPU_COMPUTE,step0.layer42.norm2,3994.621572096,2.069888000,3996.691460096,step0.layer42.norm2,MoE router
0,42,step0.layer42.metadata,metadata,GPU_COMPUTE,step0.layer42.router,3996.691460096,1.000128000,3997.691588096,step0.layer42.router,routing metadata
0,42,step0.layer42.dispatch,dispatch,,step0.layer42.metadata,3997.691588096,0.000000000,3997.691588096,step0.layer42.metadata,single-GPU dispatch placeholder
0,42,step0.layer42.scheduler,scheduler,GPU_COMPUTE,step0.layer42.metadata,3997.691588096,20.000000000,4017.691588096,step0.layer42.metadata,sieve placement policy
0,42,step0.layer42.gpu_weight_load,gpu_weight_load,HBM_MEM_PATH,step0.layer42.scheduler,4017.691588096,37.748736000,4055.440324096,step0.layer42.scheduler,expert weights HBM to GPU
0,42,step0.layer42.gpu_expert_compute,gpu_expert,GPU_COMPUTE,step0.layer42.gpu_weight_load;step0.layer42.dispatch,4055.440324096,3.197132288,4058.637456384,step0.layer42.gpu_weight_load,grouped expert GEMM
0,42,step0.layer42.pim_gwrite,pim_write,GPU_PIM_IO,step0.layer42.scheduler;step0.layer42.dispatch,4017.691588096,0.058704000,4017.750292096,step0.layer42.scheduler,PIM_GWRITE token operands
0,42,step0.layer42.pim_expert_compute,pim_expert,PIM_COMPUTE,step0.layer42.pim_gwrite,4017.750292096,22.604016000,4040.354308096,step0.layer42.pim_gwrite,serialized PIM expert GEMV
0,42,step0.layer42.pim_read,pim_read,GPU_PIM_IO,step0.layer42.pim_expert_compute,4040.354308096,0.058704000,4040.413012096,step0.layer42.pim_expert_compute,PIM expert result read
0,42,step0.layer42.combine,combine,GPU_COMPUTE,step0.layer42.gpu_expert_compute;step0.layer42.pim_read,4058.637456384,1.036864000,4059.674320384,step0.layer42.gpu_expert_compute,weighted expert combine
0,42,step0.layer42.residual2,residual,GPU_COMPUTE,step0.layer42.combine,4059.674320384,1.012288000,4060.686608384,step0.layer42.combine,residual add
0,43,step0.layer43.norm1,norm,GPU_COMPUTE,step0.layer42.residual2,4060.686608384,1.008192000,4061.694800384,step0.layer42.residual2,RMSNorm
0,43,step0.layer43.qkv,qkv,GPU_COMPUTE,step0.layer43.norm1,4061.694800384,3.635776000,4065.330576384,step0.layer43.norm1,QKV projection
0,43,step0.layer43.rope,rope,GPU_COMPUTE,step0.layer43.qkv,4065.330576384,1.018432000,4066.349008384,step0.layer43.qkv,QK norm and RoPE
0,43,step0.layer43.attention,attention,PIM_COMPUTE,step0.layer43.rope,4066.349008384,17.577216000,4083.926224384,step0.layer43.rope,decode attention on PIM
0,43,step0.layer43.o_proj,attention_output,GPU_COMPUTE,step0.layer43.attention,4083.926224384,3.109440000,4087.035664384,step0.layer43.attention,attention output projection
0,43,step0.layer43.residual1,residual,GPU_COMPUTE,step0.layer43.o_proj,4087.035664384,1.012288000,4088.047952384,step0.layer43.o_proj,residual add
0,43,step0.layer43.norm2,norm,GPU_COMPUTE,step0.layer43.residual1,4088.047952384,1.008192000,4089.056144384,step0.layer43.residual1,RMSNorm
0,43,step0.layer43.router,router,GPU_COMPUTE,step0.layer43.norm2,4089.056144384,2.069888000,4091.126032384,step0.layer43.norm2,MoE router
0,43,step0.layer43.metadata,metadata,GPU_COMPUTE,step0.layer43.router,4091.126032384,1.000128000,4092.126160384,step0.layer43.router,routing metadata
0,43,step0.layer43.dispatch,dispatch,,step0.layer43.metadata,4092.126160384,0.000000000,4092.126160384,step0.layer43.metadata,single-GPU dispatch placeholder
0,43,step0.layer43.scheduler,scheduler,GPU_COMPUTE,step0.layer43.metadata,4092.126160384,20.000000000,4112.126160384,step0.layer43.metadata,sieve placement policy
0,43,step0.layer43.gpu_weight_load,gpu_weight_load,HBM_MEM_PATH,step0.layer43.scheduler,4112.126160384,37.748736000,4149.874896384,step0.layer43.scheduler,expert weights HBM to GPU
0,43,step0.layer43.gpu_expert_compute,gpu_expert,GPU_COMPUTE,step0.layer43.gpu_weight_load;step0.layer43.dispatch,4149.874896384,3.197132288,4153.072028672,step0.layer43.gpu_weight_load,grouped expert GEMM
0,43,step0.layer43.pim_gwrite,pim_write,GPU_PIM_IO,step0.layer43.scheduler;step0.layer43.dispatch,4112.126160384,0.058704000,4112.184864384,step0.layer43.scheduler,PIM_GWRITE token operands
0,43,step0.layer43.pim_expert_compute,pim_expert,PIM_COMPUTE,step0.layer43.pim_gwrite,4112.184864384,22.604016000,4134.788880384,step0.layer43.pim_gwrite,serialized PIM expert GEMV
0,43,step0.layer43.pim_read,pim_read,GPU_PIM_IO,step0.layer43.pim_expert_compute,4134.788880384,0.058704000,4134.847584384,step0.layer43.pim_expert_compute,PIM expert result read
0,43,step0.layer43.combine,combine,GPU_COMPUTE,step0.layer43.gpu_expert_compute;step0.layer43.pim_read,4153.072028672,1.036864000,4154.108892672,step0.layer43.gpu_expert_compute,weighted expert combine
0,43,step0.layer43.residual2,residual,GPU_COMPUTE,step0.layer43.combine,4154.108892672,1.012288000,4155.121180672,step0.layer43.combine,residual add
0,44,step0.layer44.norm1,norm,GPU_COMPUTE,step0.layer43.residual2,4155.121180672,1.008192000,4156.129372672,step0.layer43.residual2,RMSNorm
0,44,step0.layer44.qkv,qkv,GPU_COMPUTE,step0.layer44.norm1,4156.129372672,3.635776000,4159.765148672,step0.layer44.norm1,QKV projection
0,44,step0.layer44.rope,rope,GPU_COMPUTE,step0.layer44.qkv,4159.765148672,1.018432000,4160.783580672,step0.layer44.qkv,QK norm and RoPE
0,44,step0.layer44.attention,attention,PIM_COMPUTE,step0.layer44.rope,4160.783580672,17.577216000,4178.360796672,step0.layer44.rope,decode attention on PIM
0,44,step0.layer44.o_proj,attention_output,GPU_COMPUTE,step0.layer44.attention,4178.360796672,3.109440000,4181.470236672,step0.layer44.attention,attention output projection
0,44,step0.layer44.residual1,residual,GPU_COMPUTE,step0.layer44.o_proj,4181.470236672,1.012288000,4182.482524672,step0.layer44.o_proj,residual add
0,44,step0.layer44.norm2,norm,GPU_COMPUTE,step0.layer44.residual1,4182.482524672,1.008192000,4183.490716672,step0.layer44.residual1,RMSNorm
0,44,step0.layer44.router,router,GPU_COMPUTE,step0.layer44.norm2,4183.490716672,2.069888000,4185.560604672,step0.layer44.norm2,MoE router
0,44,step0.layer44.metadata,metadata,GPU_COMPUTE,step0.layer44.router,4185.560604672,1.000128000,4186.560732672,step0.layer44.router,routing metadata
0,44,step0.layer44.dispatch,dispatch,,step0.layer44.metadata,4186.560732672,0.000000000,4186.560732672,step0.layer44.metadata,single-GPU dispatch placeholder
0,44,step0.layer44.scheduler,scheduler,GPU_COMPUTE,step0.layer44.metadata,4186.560732672,20.000000000,4206.560732672,step0.layer44.metadata,sieve placement policy
0,44,step0.layer44.gpu_weight_load,gpu_weight_load,HBM_MEM_PATH,step0.layer44.scheduler,4206.560732672,37.748736000,4244.309468672,step0.layer44.scheduler,expert weights HBM to GPU
0,44,step0.layer44.gpu_expert_compute,gpu_expert,GPU_COMPUTE,step0.layer44.gpu_weight_load;step0.layer44.dispatch,4244.309468672,3.197132288,4247.506600960,step0.layer44.gpu_weight_load,grouped expert GEMM
0,44,step0.layer44.pim_gwrite,pim_write,GPU_PIM_IO,step0.layer44.scheduler;step0.layer44.dispatch,4206.560732672,0.058704000,4206.619436672,step0.layer44.scheduler,PIM_GWRITE token operands
0,44,step0.layer44.pim_expert_compute,pim_expert,PIM_COMPUTE,step0.layer44.pim_gwrite,4206.619436672,22.604016000,4229.223452672,step0.layer44.pim_gwrite,serialized PIM expert GEMV
0,44,step0.layer44.pim_read,pim_read,GPU_PIM_IO,step0.layer44.pim_expert_compute,4229.223452672,0.058704000,4229.282156672,step0.layer44.pim_expert_compute,PIM expert result read
0,44,step0.layer44.combine,combine,GPU_COMPUTE,step0.layer44.gpu_expert_compute;step0.layer44.pim_read,4247.506600960,1.036864000,4248.543464960,step0.layer44.gpu_expert_compute,weighted expert combine
0,44,step0.layer44.residual2,residual,GPU_COMPUTE,step0.layer44.combine,4248.543464960,1.012288000,4249.555752960,step0.layer44.combine,residual add
0,45,step0.layer45.norm1,norm,GPU_COMPUTE,step0.layer44.residual2,4249.555752960,1.008192000,4250.563944960,step0.layer44.residual2,RMSNorm
0,45,step0.layer45.qkv,qkv,GPU_COMPUTE,step0.layer45.norm1,4250.563944960,3.635776000,4254.199720960,step0.layer45.norm1,QKV projection
0,45,step0.layer45.rope,rope,GPU_COMPUTE,step0.layer45.qkv,4254.199720960,1.018432000,4255.218152960,step0.layer45.qkv,QK norm and RoPE
0,45,step0.layer45.attention,attention,PIM_COMPUTE,step0.layer45.rope,4255.218152960,17.577216000,4272.795368960,step0.layer45.rope,decode attention on PIM
0,45,step0.layer45.o_proj,attention_output,GPU_COMPUTE,step0.layer45.attention,4272.795368960,3.109440000,4275.904808960,step0.layer45.attention,attention output projection
0,45,step0.layer45.residual1,residual,GPU_COMPUTE,step0.layer45.o_proj,4275.904808960,1.012288000,4276.917096960,step0.layer45.o_proj,residual add
0,45,step0.layer45.norm2,norm,GPU_COMPUTE,step0.layer45.residual1,4276.917096960,1.008192000,4277.925288960,step0.layer45.residual1,RMSNorm
0,45,step0.layer45.router,router,GPU_COMPUTE,step0.layer45.norm2,4277.925288960,2.069888000,4279.995176960,step0.layer45.norm2,MoE router
0,45,step0.layer45.metadata,metadata,GPU_COMPUTE,step0.layer45.router,4279.995176960,1.000128000,4280.995304960,step0.layer45.router,routing metadata
0,45,step0.layer45.dispatch,dispatch,,step0.layer45.metadata,4280.995304960,0.000000000,4280.995304960,step0.layer45.metadata,single-GPU dispatch placeholder
0,45,step0.layer45.scheduler,scheduler,GPU_COMPUTE,step0.layer45.metadata,4280.995304960,20.000000000,4300.995304960,step0.layer45.metadata,sieve placement policy
0,45,step0.layer45.gpu_weight_load,gpu_weight_load,HBM_MEM_PATH,step0.layer45.scheduler,4300.995304960,37.748736000,4338.744040960,step0.layer45.scheduler,expert weights HBM to GPU
0,45,step0.layer45.gpu_expert_compute,gpu_expert,GPU_COMPUTE,step0.layer45.gpu_weight_load;step0.layer45.dispatch,4338.744040960,3.197132288,4341.941173248,step0.layer45.gpu_weight_load,grouped expert GEMM
0,45,step0.layer45.pim_gwrite,pim_write,GPU_PIM_IO,step0.layer45.scheduler;step0.layer45.dispatch,4300.995304960,0.058704000,4301.054008960,step0.layer45.scheduler,PIM_GWRITE token operands
0,45,step0.layer45.pim_expert_compute,pim_expert,PIM_COMPUTE,step0.layer45.pim_gwrite,4301.054008960,22.604016000,4323.658024960,step0.layer45.pim_gwrite,serialized PIM expert GEMV
0,45,step0.layer45.pim_read,pim_read,GPU_PIM_IO,step0.layer45.pim_expert_compute,4323.658024960,0.058704000,4323.716728960,step0.layer45.pim_expert_compute,PIM expert result read
0,45,step0.layer45.combine,combine,GPU_COMPUTE,step0.layer45.gpu_expert_compute;step0.layer45.pim_read,4341.941173248,1.036864000,4342.978037248,step0.layer45.gpu_expert_compute,weighted expert combine
0,45,step0.layer45.residual2,residual,GPU_COMPUTE,step0.layer45.combine,4342.978037248,1.012288000,4343.990325248,step0.layer45.combine,residual add
0,46,step0.layer46.norm1,norm,GPU_COMPUTE,step0.layer45.residual2,4343.990325248,1.008192000,4344.998517248,step0.layer45.residual2,RMSNorm
0,46,step0.layer46.qkv,qkv,GPU_COMPUTE,step0.layer46.norm1,4344.998517248,3.635776000,4348.634293248,step0.layer46.norm1,QKV projection
0,46,step0.layer46.rope,rope,GPU_COMPUTE,step0.layer46.qkv,4348.634293248,1.018432000,4349.652725248,step0.layer46.qkv,QK norm and RoPE
0,46,step0.layer46.attention,attention,PIM_COMPUTE,step0.layer46.rope,4349.652725248,17.577216000,4367.229941248,step0.layer46.rope,decode attention on PIM
0,46,step0.layer46.o_proj,attention_output,GPU_COMPUTE,step0.layer46.attention,4367.229941248,3.109440000,4370.339381248,step0.layer46.attention,attention output projection
0,46,step0.layer46.residual1,residual,GPU_COMPUTE,step0.layer46.o_proj,4370.339381248,1.012288000,4371.351669248,step0.layer46.o_proj,residual add
0,46,step0.layer46.norm2,norm,GPU_COMPUTE,step0.layer46.residual1,4371.351669248,1.008192000,4372.359861248,step0.layer46.residual1,RMSNorm
0,46,step0.layer46.router,router,GPU_COMPUTE,step0.layer46.norm2,4372.359861248,2.069888000,4374.429749248,step0.layer46.norm2,MoE router
0,46,step0.layer46.metadata,metadata,GPU_COMPUTE,step0.layer46.router,4374.429749248,1.000128000,4375.429877248,step0.layer46.router,routing metadata
0,46,step0.layer46.dispatch,dispatch,,step0.layer46.metadata,4375.429877248,0.000000000,4375.429877248,step0.layer46.metadata,single-GPU dispatch placeholder
0,46,step0.layer46.scheduler,scheduler,GPU_COMPUTE,step0.layer46.metadata,4375.429877248,20.000000000,4395.429877248,step0.layer46.metadata,sieve placement policy
0,46,step0.layer46.gpu_weight_load,gpu_weight_load,HBM_MEM_PATH,step0.layer46.scheduler,4395.429877248,37.748736000,4433.178613248,step0.layer46.scheduler,expert weights HBM to GPU
0,46,step0.layer46.gpu_expert_compute,gpu_expert,GPU_COMPUTE,step0.layer46.gpu_weight_load;step0.layer46.dispatch,4433.178613248,3.197132288,4436.375745536,step0.layer46.gpu_weight_load,grouped expert GEMM
0,46,step0.layer46.pim_gwrite,pim_write,GPU_PIM_IO,step0.layer46.scheduler;step0.layer46.dispatch,4395.429877248,0.058704000,4395.488581248,step0.layer46.scheduler,PIM_GWRITE token operands
0,46,step0.layer46.pim_expert_compute,pim_expert,PIM_COMPUTE,step0.layer46.pim_gwrite,4395.488581248,22.604016000,4418.092597248,step0.layer46.pim_gwrite,serialized PIM expert GEMV
0,46,step0.layer46.pim_read,pim_read,GPU_PIM_IO,step0.layer46.pim_expert_compute,4418.092597248,0.058704000,4418.151301248,step0.layer46.pim_expert_compute,PIM expert result read
0,46,step0.layer46.combine,combine,GPU_COMPUTE,step0.layer46.gpu_expert_compute;step0.layer46.pim_read,4436.375745536,1.036864000,4437.412609536,step0.layer46.gpu_expert_compute,weighted expert combine
0,46,step0.layer46.residual2,residual,GPU_COMPUTE,step0.layer46.combine,4437.412609536,1.012288000,4438.424897536,step0.layer46.combine,residual add
0,47,step0.layer47.norm1,norm,GPU_COMPUTE,step0.layer46.residual2,4438.424897536,1.008192000,4439.433089536,step0.layer46.residual2,RMSNorm
0,47,step0.layer47.qkv,qkv,GPU_COMPUTE,step0.layer47.norm1,4439.433089536,3.635776000,4443.068865536,step0.layer47.norm1,QKV projection
0,47,step0.layer47.rope,rope,GPU_COMPUTE,step0.layer47.qkv,4443.068865536,1.018432000,4444.087297536,step0.layer47.qkv,QK norm and RoPE
0,47,step0.layer47.attention,attention,PIM_COMPUTE,step0.layer47.rope,4444.087297536,17.577216000,4461.664513536,step0.layer47.rope,decode attention on PIM
0,47,step0.layer47.o_proj,attention_output,GPU_COMPUTE,step0.layer47.attention,4461.664513536,3.109440000,4464.773953536,step0.layer47.attention,attention output projection
0,47,step0.layer47.residual1,residual,GPU_COMPUTE,step0.layer47.o_proj,4464.773953536,1.012288000,4465.786241536,step0.layer47.o_proj,residual add
0,47,step0.layer47.norm2,norm,GPU_COMPUTE,step0.layer47.residual1,4465.786241536,1.008192000,4466.794433536,step0.layer47.residual1,RMSNorm
0,47,step0.layer47.router,router,GPU_COMPUTE,step0.layer47.norm2,4466.794433536,2.069888000,4468.864321536,step0.layer47.norm2,MoE router
0,47,step0.layer47.metadata,metadata,GPU_COMPUTE,step0.layer47.router,4468.864321536,1.000128000,4469.864449536,step0.layer47.router,routing metadata
0,47,step0.layer47.dispatch,dispatch,,step0.layer47.metadata,4469.864449536,0.000000000,4469.864449536,step0.layer47.metadata,single-GPU dispatch placeholder
0,47,step0.layer47.scheduler,scheduler,GPU_COMPUTE,step0.layer47.metadata,4469.864449536,20.000000000,4489.864449536,step0.layer47.metadata,sieve placement policy
0,47,step0.layer47.gpu_weight_load,gpu_weight_load,HBM_MEM_PATH,step0.layer47.scheduler,4489.864449536,37.748736000,4527.613185536,step0.layer47.scheduler,expert weights HBM to GPU
0,47,step0.layer47.gpu_expert_compute,gpu_expert,GPU_COMPUTE,step0.layer47.gpu_weight_load;step0.layer47.dispatch,4527.613185536,3.197132288,4530.810317824,step0.layer47.gpu_weight_load,grouped expert GEMM
0,47,step0.layer47.pim_gwrite,pim_write,GPU_PIM_IO,step0.layer47.scheduler;step0.layer47.dispatch,4489.864449536,0.058704000,4489.923153536,step0.layer47.scheduler,PIM_GWRITE token operands
0,47,step0.layer47.pim_expert_compute,pim_expert,PIM_COMPUTE,step0.layer47.pim_gwrite,4489.923153536,22.604016000,4512.527169536,step0.layer47.pim_gwrite,serialized PIM expert GEMV
0,47,step0.layer47.pim_read,pim_read,GPU_PIM_IO,step0.layer47.pim_expert_compute,4512.527169536,0.058704000,4512.585873536,step0.layer47.pim_expert_compute,PIM expert result read
0,47,step0.layer47.combine,combine,GPU_COMPUTE,step0.layer47.gpu_expert_compute;step0.layer47.pim_read,4530.810317824,1.036864000,4531.847181824,step0.layer47.gpu_expert_compute,weighted expert combine
0,47,step0.layer47.residual2,residual,GPU_COMPUTE,step0.layer47.combine,4531.847181824,1.012288000,4532.859469824,step0.layer47.combine,residual add
1,0,step1.layer0.norm1,norm,GPU_COMPUTE,step0.layer47.residual2,4532.859469824,1.008192000,4533.867661824,step0.layer47.residual2,RMSNorm
1,0,step1.layer0.qkv,qkv,GPU_COMPUTE,step1.layer0.norm1,4533.867661824,3.635776000,4537.503437824,step1.layer0.norm1,QKV projection
1,0,step1.layer0.rope,rope,GPU_COMPUTE,step1.layer0.qkv,4537.503437824,1.018432000,4538.521869824,step1.layer0.qkv,QK norm and RoPE
1,0,step1.layer0.attention,attention,PIM_COMPUTE,step1.layer0.rope,4538.521869824,17.593600000,4556.115469824,step1.layer0.rope,decode attention on PIM
1,0,step1.layer0.o_proj,attention_output,GPU_COMPUTE,step1.layer0.attention,4556.115469824,3.109440000,4559.224909824,step1.layer0.attention,attention output projection
1,0,step1.layer0.residual1,residual,GPU_COMPUTE,step1.layer0.o_proj,4559.224909824,1.012288000,4560.237197824,step1.layer0.o_proj,residual add
1,0,step1.layer0.norm2,norm,GPU_COMPUTE,step1.layer0.residual1,4560.237197824,1.008192000,4561.245389824,step1.layer0.residual1,RMSNorm
1,0,step1.layer0.router,router,GPU_COMPUTE,step1.layer0.norm2,4561.245389824,2.069888000,4563.315277824,step1.layer0.norm2,MoE router
1,0,step1.layer0.metadata,metadata,GPU_COMPUTE,step1.layer0.router,4563.315277824,1.000128000,4564.315405824,step1.layer0.router,routing metadata
1,0,step1.layer0.dispatch,dispatch,,step1.layer0.metadata,4564.315405824,0.000000000,4564.315405824,step1.layer0.metadata,single-GPU dispatch placeholder
1,0,step1.layer0.scheduler,scheduler,GPU_COMPUTE,step1.layer0.metadata,4564.315405824,20.000000000,4584.315405824,step1.layer0.metadata,sieve placement policy
1,0,step1.layer0.gpu_weight_load,gpu_weight_load,HBM_MEM_PATH,step1.layer0.scheduler,4584.315405824,37.748736000,4622.064141824,step1.layer0.scheduler,expert weights HBM to GPU
1,0,step1.layer0.gpu_expert_compute,gpu_expert,GPU_COMPUTE,step1.layer0.gpu_weight_load;step1.layer0.dispatch,4622.064141824,3.197132288,4625.261274112,step1.layer0.gpu_weight_load,grouped expert GEMM
1,0,step1.layer0.pim_gwrite,pim_write,GPU_PIM_IO,step1.layer0.scheduler;step1.layer0.dispatch,4584.315405824,0.058704000,4584.374109824,step1.layer0.scheduler,PIM_GWRITE token operands
1,0,step1.layer0.pim_expert_compute,pim_expert,PIM_COMPUTE,step1.layer0.pim_gwrite,4584.374109824,22.604016000,4606.978125824,step1.layer0.pim_gwrite,serialized PIM expert GEMV
1,0,step1.layer0.pim_read,pim_read,GPU_PIM_IO,step1.layer0.pim_expert_compute,4606.978125824,0.058704000,4607.036829824,step1.layer0.pim_expert_compute,PIM expert result read
1,0,step1.layer0.combine,combine,GPU_COMPUTE,step1.layer0.gpu_expert_compute;step1.layer0.pim_read,4625.261274112,1.036864000,4626.298138112,step1.layer0.gpu_expert_compute,weighted expert combine
1,0,step1.layer0.residual2,residual,GPU_COMPUTE,step1.layer0.combine,4626.298138112,1.012288000,4627.310426112,step1.layer0.combine,residual add
1,1,step1.layer1.norm1,norm,GPU_COMPUTE,step1.layer0.residual2,4627.310426112,1.008192000,4628.318618112,step1.layer0.residual2,RMSNorm
1,1,step1.layer1.qkv,qkv,GPU_COMPUTE,step1.layer1.norm1,4628.318618112,3.635776000,4631.954394112,step1.layer1.norm1,QKV projection
1,1,step1.layer1.rope,rope,GPU_COMPUTE,step1.layer1.qkv,4631.954394112,1.018432000,4632.972826112,step1.layer1.qkv,QK norm and RoPE
1,1,step1.layer1.attention,attention,PIM_COMPUTE,step1.layer1.rope,4632.972826112,17.593600000,4650.566426112,step1.layer1.rope,decode attention on PIM
1,1,step1.layer1.o_proj,attention_output,GPU_COMPUTE,step1.layer1.attention,4650.566426112,3.109440000,4653.675866112,step1.layer1.attention,attention output projection
1,1,step1.layer1.residual1,residual,GPU_COMPUTE,step1.layer1.o_proj,4653.675866112,1.012288000,4654.688154112,step1.layer1.o_proj,residual add
1,1,step1.layer1.norm2,norm,GPU_COMPUTE,step1.layer1.residual1,4654.688154112,1.008192000,4655.696346112,step1.layer1.residual1,RMSNorm
1,1,step1.layer1.router,router,GPU_COMPUTE,step1.layer1.norm2,4655.696346112,2.069888000,4657.766234112,step1.layer1.norm2,MoE router
1,1,step1.layer1.metadata,metadata,GPU_COMPUTE,step1.layer1.router,4657.766234112,1.000128000,4658.766362112,step1.layer1.router,routing metadata
1,1,step1.layer1.dispatch,dispatch,,step1.layer1.metadata,4658.766362112,0.000000000,4658.766362112,step1.layer1.metadata,single-GPU dispatch placeholder
1,1,step1.layer1.scheduler,scheduler,GPU_COMPUTE,step1.layer1.metadata,4658.766362112,20.000000000,4678.766362112,step1.layer1.metadata,sieve placement policy
1,1,step1.layer1.gpu_weight_load,gpu_weight_load,HBM_MEM_PATH,step1.layer1.scheduler,4678.766362112,37.748736000,4716.515098112,step1.layer1.scheduler,expert weights HBM to GPU
1,1,step1.layer1.gpu_expert_compute,gpu_expert,GPU_COMPUTE,step1.layer1.gpu_weight_load;step1.layer1.dispatch,4716.515098112,3.197132288,4719.712230400,step1.layer1.gpu_weight_load,grouped expert GEMM
1,1,step1.layer1.pim_gwrite,pim_write,GPU_PIM_IO,step1.layer1.scheduler;step1.layer1.dispatch,4678.766362112,0.058704000,4678.825066112,step1.layer1.scheduler,PIM_GWRITE token operands
1,1,step1.layer1.pim_expert_compute,pim_expert,PIM_COMPUTE,step1.layer1.pim_gwrite,4678.825066112,22.604016000,4701.429082112,step1.layer1.pim_gwrite,serialized PIM expert GEMV
1,1,step1.layer1.pim_read,pim_read,GPU_PIM_IO,step1.layer1.pim_expert_compute,4701.429082112,0.058704000,4701.487786112,step1.layer1.pim_expert_compute,PIM expert result read
1,1,step1.layer1.combine,combine,GPU_COMPUTE,step1.layer1.gpu_expert_compute;step1.layer1.pim_read,4719.712230400,1.036864000,4720.749094400,step1.layer1.gpu_expert_compute,weighted expert combine
1,1,step1.layer1.residual2,residual,GPU_COMPUTE,step1.layer1.combine,4720.749094400,1.012288000,4721.761382400,step1.layer1.combine,residual add
1,2,step1.layer2.norm1,norm,GPU_COMPUTE,step1.layer1.residual2,4721.761382400,1.008192000,4722.769574400,step1.layer1.residual2,RMSNorm
1,2,step1.layer2.qkv,qkv,GPU_COMPUTE,step1.layer2.norm1,4722.769574400,3.635776000,4726.405350400,step1.layer2.norm1,QKV projection
1,2,step1.layer2.rope,rope,GPU_COMPUTE,step1.layer2.qkv,4726.405350400,1.018432000,4727.423782400,step1.layer2.qkv,QK norm and RoPE
1,2,step1.layer2.attention,attention,PIM_COMPUTE,step1.layer2.rope,4727.423782400,17.593600000,4745.017382400,step1.layer2.rope,decode attention on PIM
1,2,step1.layer2.o_proj,attention_output,GPU_COMPUTE,step1.layer2.attention,4745.017382400,3.109440000,4748.126822400,step1.layer2.attention,attention output projection
1,2,step1.layer2.residual1,residual,GPU_COMPUTE,step1.layer2.o_proj,4748.126822400,1.012288000,4749.139110400,step1.layer2.o_proj,residual add
1,2,step1.layer2.norm2,norm,GPU_COMPUTE,step1.layer2.residual1,4749.139110400,1.008192000,4750.147302400,step1.layer2.residual1,RMSNorm
1,2,step1.layer2.router,router,GPU_COMPUTE,step1.layer2.norm2,4750.147302400,2.069888000,4752.217190400,step1.layer2.norm2,MoE router
1,2,step1.layer2.metadata,metadata,GPU_COMPUTE,step1.layer2.router,4752.217190400,1.000128000,4753.217318400,step1.layer2.router,routing metadata
1,2,step1.layer2.dispatch,dispatch,,step1.layer2.metadata,4753.217318400,0.000000000,4753.217318400,step1.layer2.metadata,single-GPU dispatch placeholder
1,2,step1.layer2.scheduler,scheduler,GPU_COMPUTE,step1.layer2.metadata,4753.217318400,20.000000000,4773.217318400,step1.layer2.metadata,sieve placement policy
1,2,step1.layer2.gpu_weight_load,gpu_weight_load,HBM_MEM_PATH,step1.layer2.scheduler,4773.217318400,37.748736000,4810.966054400,step1.layer2.scheduler,expert weights HBM to GPU
1,2,step1.layer2.gpu_expert_compute,gpu_expert,GPU_COMPUTE,step1.layer2.gpu_weight_load;step1.layer2.dispatch,4810.966054400,3.197132288,4814.163186688,step1.layer2.gpu_weight_load,grouped expert GEMM
1,2,step1.layer2.pim_gwrite,pim_write,GPU_PIM_IO,step1.layer2.scheduler;step1.layer2.dispatch,4773.217318400,0.058704000,4773.276022400,step1.layer2.scheduler,PIM_GWRITE token operands
1,2,step1.layer2.pim_expert_compute,pim_expert,PIM_COMPUTE,step1.layer2.pim_gwrite,4773.276022400,22.604016000,4795.880038400,step1.layer2.pim_gwrite,serialized PIM expert GEMV
1,2,step1.layer2.pim_read,pim_read,GPU_PIM_IO,step1.layer2.pim_expert_compute,4795.880038400,0.058704000,4795.938742400,step1.layer2.pim_expert_compute,PIM expert result read
1,2,step1.layer2.combine,combine,GPU_COMPUTE,step1.layer2.gpu_expert_compute;step1.layer2.pim_read,4814.163186688,1.036864000,4815.200050688,step1.layer2.gpu_expert_compute,weighted expert combine
1,2,step1.layer2.residual2,residual,GPU_COMPUTE,step1.layer2.combine,4815.200050688,1.012288000,4816.212338688,step1.layer2.combine,residual add
1,3,step1.layer3.norm1,norm,GPU_COMPUTE,step1.layer2.residual2,4816.212338688,1.008192000,4817.220530688,step1.layer2.residual2,RMSNorm
1,3,step1.layer3.qkv,qkv,GPU_COMPUTE,step1.layer3.norm1,4817.220530688,3.635776000,4820.856306688,step1.layer3.norm1,QKV projection
1,3,step1.layer3.rope,rope,GPU_COMPUTE,step1.layer3.qkv,4820.856306688,1.018432000,4821.874738688,step1.layer3.qkv,QK norm and RoPE
1,3,step1.layer3.attention,attention,PIM_COMPUTE,step1.layer3.rope,4821.874738688,17.593600000,4839.468338688,step1.layer3.rope,decode attention on PIM
1,3,step1.layer3.o_proj,attention_output,GPU_COMPUTE,step1.layer3.attention,4839.468338688,3.109440000,4842.577778688,step1.layer3.attention,attention output projection
1,3,step1.layer3.residual1,residual,GPU_COMPUTE,step1.layer3.o_proj,4842.577778688,1.012288000,4843.590066688,step1.layer3.o_proj,residual add
1,3,step1.layer3.norm2,norm,GPU_COMPUTE,step1.layer3.residual1,4843.590066688,1.008192000,4844.598258688,step1.layer3.residual1,RMSNorm
1,3,step1.layer3.router,router,GPU_COMPUTE,step1.layer3.norm2,4844.598258688,2.069888000,4846.668146688,step1.layer3.norm2,MoE router
1,3,step1.layer3.metadata,metadata,GPU_COMPUTE,step1.layer3.router,4846.668146688,1.000128000,4847.668274688,step1.layer3.router,routing metadata
1,3,step1.layer3.dispatch,dispatch,,step1.layer3.metadata,4847.668274688,0.000000000,4847.668274688,step1.layer3.metadata,single-GPU dispatch placeholder
1,3,step1.layer3.scheduler,scheduler,GPU_COMPUTE,step1.layer3.metadata,4847.668274688,20.000000000,4867.668274688,step1.layer3.metadata,sieve placement policy
1,3,step1.layer3.gpu_weight_load,gpu_weight_load,HBM_MEM_PATH,step1.layer3.scheduler,4867.668274688,37.748736000,4905.417010688,step1.layer3.scheduler,expert weights HBM to GPU
1,3,step1.layer3.gpu_expert_compute,gpu_expert,GPU_COMPUTE,step1.layer3.gpu_weight_load;step1.layer3.dispatch,4905.417010688,3.197132288,4908.614142976,step1.layer3.gpu_weight_load,grouped expert GEMM
1,3,step1.layer3.pim_gwrite,pim_write,GPU_PIM_IO,step1.layer3.scheduler;step1.layer3.dispatch,4867.668274688,0.058704000,4867.726978688,step1.layer3.scheduler,PIM_GWRITE token operands
1,3,step1.layer3.pim_expert_compute,pim_expert,PIM_COMPUTE,step1.layer3.pim_gwrite,4867.726978688,22.604016000,4890.330994688,step1.layer3.pim_gwrite,serialized PIM expert GEMV
1,3,step1.layer3.pim_read,pim_read,GPU_PIM_IO,step1.layer3.pim_expert_compute,4890.330994688,0.058704000,4890.389698688,step1.layer3.pim_expert_compute,PIM expert result read
1,3,step1.layer3.combine,combine,GPU_COMPUTE,step1.layer3.gpu_expert_compute;step1.layer3.pim_read,4908.614142976,1.036864000,4909.651006976,step1.layer3.gpu_expert_compute,weighted expert combine
1,3,step1.layer3.residual2,residual,GPU_COMPUTE,step1.layer3.combine,4909.651006976,1.012288000,4910.663294976,step1.layer3.combine,residual add
1,4,step1.layer4.norm1,norm,GPU_COMPUTE,step1.layer3.residual2,4910.663294976,1.008192000,4911.671486976,step1.layer3.residual2,RMSNorm
1,4,step1.layer4.qkv,qkv,GPU_COMPUTE,step1.layer4.norm1,4911.671486976,3.635776000,4915.307262976,step1.layer4.norm1,QKV projection
1,4,step1.layer4.rope,rope,GPU_COMPUTE,step1.layer4.qkv,4915.307262976,1.018432000,4916.325694976,step1.layer4.qkv,QK norm and RoPE
1,4,step1.layer4.attention,attention,PIM_COMPUTE,step1.layer4.rope,4916.325694976,17.593600000,4933.919294976,step1.layer4.rope,decode attention on PIM
1,4,step1.layer4.o_proj,attention_output,GPU_COMPUTE,step1.layer4.attention,4933.919294976,3.109440000,4937.028734976,step1.layer4.attention,attention output projection
1,4,step1.layer4.residual1,residual,GPU_COMPUTE,step1.layer4.o_proj,4937.028734976,1.012288000,4938.041022976,step1.layer4.o_proj,residual add
1,4,step1.layer4.norm2,norm,GPU_COMPUTE,step1.layer4.residual1,4938.041022976,1.008192000,4939.049214976,step1.layer4.residual1,RMSNorm
1,4,step1.layer4.router,router,GPU_COMPUTE,step1.layer4.norm2,4939.049214976,2.069888000,4941.119102976,step1.layer4.norm2,MoE router
1,4,step1.layer4.metadata,metadata,GPU_COMPUTE,step1.layer4.router,4941.119102976,1.000128000,4942.119230976,step1.layer4.router,routing metadata
1,4,step1.layer4.dispatch,dispatch,,step1.layer4.metadata,4942.119230976,0.000000000,4942.119230976,step1.layer4.metadata,single-GPU dispatch placeholder
1,4,step1.layer4.scheduler,scheduler,GPU_COMPUTE,step1.layer4.metadata,4942.119230976,20.000000000,4962.119230976,step1.layer4.metadata,sieve placement policy
1,4,step1.layer4.gpu_weight_load,gpu_weight_load,HBM_MEM_PATH,step1.layer4.scheduler,4962.119230976,37.748736000,4999.867966976,step1.layer4.scheduler,expert weights HBM to GPU
1,4,step1.layer4.gpu_expert_compute,gpu_expert,GPU_COMPUTE,step1.layer4.gpu_weight_load;step1.layer4.dispatch,4999.867966976,3.197132288,5003.065099264,step1.layer4.gpu_weight_load,grouped expert GEMM
1,4,step1.layer4.pim_gwrite,pim_write,GPU_PIM_IO,step1.layer4.scheduler;step1.layer4.dispatch,4962.119230976,0.058704000,4962.177934976,step1.layer4.scheduler,PIM_GWRITE token operands
1,4,step1.layer4.pim_expert_compute,pim_expert,PIM_COMPUTE,step1.layer4.pim_gwrite,4962.177934976,22.604016000,4984.781950976,step1.layer4.pim_gwrite,serialized PIM expert GEMV
1,4,step1.layer4.pim_read,pim_read,GPU_PIM_IO,step1.layer4.pim_expert_compute,4984.781950976,0.058704000,4984.840654976,step1.layer4.pim_expert_compute,PIM expert result read
1,4,step1.layer4.combine,combine,GPU_COMPUTE,step1.layer4.gpu_expert_compute;step1.layer4.pim_read,5003.065099264,1.036864000,5004.101963264,step1.layer4.gpu_expert_compute,weighted expert combine
1,4,step1.layer4.residual2,residual,GPU_COMPUTE,step1.layer4.combine,5004.101963264,1.012288000,5005.114251264,step1.layer4.combine,residual add
1,5,step1.layer5.norm1,norm,GPU_COMPUTE,step1.layer4.residual2,5005.114251264,1.008192000,5006.122443264,step1.layer4.residual2,RMSNorm
1,5,step1.layer5.qkv,qkv,GPU_COMPUTE,step1.layer5.norm1,5006.122443264,3.635776000,5009.758219264,step1.layer5.norm1,QKV projection
1,5,step1.layer5.rope,rope,GPU_COMPUTE,step1.layer5.qkv,5009.758219264,1.018432000,5010.776651264,step1.layer5.qkv,QK norm and RoPE
1,5,step1.layer5.attention,attention,PIM_COMPUTE,step1.layer5.rope,5010.776651264,17.593600000,5028.370251264,step1.layer5.rope,decode attention on PIM
1,5,step1.layer5.o_proj,attention_output,GPU_COMPUTE,step1.layer5.attention,5028.370251264,3.109440000,5031.479691264,step1.layer5.attention,attention output projection
1,5,step1.layer5.residual1,residual,GPU_COMPUTE,step1.layer5.o_proj,5031.479691264,1.012288000,5032.491979264,step1.layer5.o_proj,residual add
1,5,step1.layer5.norm2,norm,GPU_COMPUTE,step1.layer5.residual1,5032.491979264,1.008192000,5033.500171264,step1.layer5.residual1,RMSNorm
1,5,step1.layer5.router,router,GPU_COMPUTE,step1.layer5.norm2,5033.500171264,2.069888000,5035.570059264,step1.layer5.norm2,MoE router
1,5,step1.layer5.metadata,metadata,GPU_COMPUTE,step1.layer5.router,5035.570059264,1.000128000,5036.570187264,step1.layer5.router,routing metadata
1,5,step1.layer5.dispatch,dispatch,,step1.layer5.metadata,5036.570187264,0.000000000,5036.570187264,step1.layer5.metadata,single-GPU dispatch placeholder
1,5,step1.layer5.scheduler,scheduler,GPU_COMPUTE,step1.layer5.metadata,5036.570187264,20.000000000,5056.570187264,step1.layer5.metadata,sieve placement policy
1,5,step1.layer5.gpu_weight_load,gpu_weight_load,HBM_MEM_PATH,step1.layer5.scheduler,5056.570187264,37.748736000,5094.318923264,step1.layer5.scheduler,expert weights HBM to GPU
1,5,step1.layer5.gpu_expert_compute,gpu_expert,GPU_COMPUTE,step1.layer5.gpu_weight_load;step1.layer5.dispatch,5094.318923264,3.197132288,5097.516055552,step1.layer5.gpu_weight_load,grouped expert GEMM
1,5,step1.layer5.pim_gwrite,pim_write,GPU_PIM_IO,step1.layer5.scheduler;step1.layer5.dispatch,5056.570187264,0.058704000,5056.628891264,step1.layer5.scheduler,PIM_GWRITE token operands
1,5,step1.layer5.pim_expert_compute,pim_expert,PIM_COMPUTE,step1.layer5.pim_gwrite,5056.628891264,22.604016000,5079.232907264,step1.layer5.pim_gwrite,serialized PIM expert GEMV
1,5,step1.layer5.pim_read,pim_read,GPU_PIM_IO,step1.layer5.pim_expert_compute,5079.232907264,0.058704000,5079.291611264,step1.layer5.pim_expert_compute,PIM expert result read
1,5,step1.layer5.combine,combine,GPU_COMPUTE,step1.layer5.gpu_expert_compute;step1.layer5.pim_read,5097.516055552,1.036864000,5098.552919552,step1.layer5.gpu_expert_compute,weighted expert combine
1,5,step1.layer5.residual2,residual,GPU_COMPUTE,step1.layer5.combine,5098.552919552,1.012288000,5099.565207552,step1.layer5.combine,residual add
1,6,step1.layer6.norm1,norm,GPU_COMPUTE,step1.layer5.residual2,5099.565207552,1.008192000,5100.573399552,step1.layer5.residual2,RMSNorm
1,6,step1.layer6.qkv,qkv,GPU_COMPUTE,step1.layer6.norm1,5100.573399552,3.635776000,5104.209175552,step1.layer6.norm1,QKV projection
1,6,step1.layer6.rope,rope,GPU_COMPUTE,step1.layer6.qkv,5104.209175552,1.018432000,5105.227607552,step1.layer6.qkv,QK norm and RoPE
1,6,step1.layer6.attention,attention,PIM_COMPUTE,step1.layer6.rope,5105.227607552,17.593600000,5122.821207552,step1.layer6.rope,decode attention on PIM
1,6,step1.layer6.o_proj,attention_output,GPU_COMPUTE,step1.layer6.attention,5122.821207552,3.109440000,5125.930647552,step1.layer6.attention,attention output projection
1,6,step1.layer6.residual1,residual,GPU_COMPUTE,step1.layer6.o_proj,5125.930647552,1.012288000,5126.942935552,step1.layer6.o_proj,residual add
1,6,step1.layer6.norm2,norm,GPU_COMPUTE,step1.layer6.residual1,5126.942935552,1.008192000,5127.951127552,step1.layer6.residual1,RMSNorm
1,6,step1.layer6.router,router,GPU_COMPUTE,step1.layer6.norm2,5127.951127552,2.069888000,5130.021015552,step1.layer6.norm2,MoE router
1,6,step1.layer6.metadata,metadata,GPU_COMPUTE,step1.layer6.router,5130.021015552,1.000128000,5131.021143552,step1.layer6.router,routing metadata
1,6,step1.layer6.dispatch,dispatch,,step1.layer6.metadata,5131.021143552,0.000000000,5131.021143552,step1.layer6.metadata,single-GPU dispatch placeholder
1,6,step1.layer6.scheduler,scheduler,GPU_COMPUTE,step1.layer6.metadata,5131.021143552,20.000000000,5151.021143552,step1.layer6.metadata,sieve placement policy
1,6,step1.layer6.gpu_weight_load,gpu_weight_load,HBM_MEM_PATH,step1.layer6.scheduler,5151.021143552,37.748736000,5188.769879552,step1.layer6.scheduler,expert weights HBM to GPU
1,6,step1.layer6.gpu_expert_compute,gpu_expert,GPU_COMPUTE,step1.layer6.gpu_weight_load;step1.layer6.dispatch,5188.769879552,3.197132288,5191.967011840,step1.layer6.gpu_weight_load,grouped expert GEMM
1,6,step1.layer6.pim_gwrite,pim_write,GPU_PIM_IO,step1.layer6.scheduler;step1.layer6.dispatch,5151.021143552,0.058704000,5151.079847552,step1.layer6.scheduler,PIM_GWRITE token operands
1,6,step1.layer6.pim_expert_compute,pim_expert,PIM_COMPUTE,step1.layer6.pim_gwrite,5151.079847552,22.604016000,5173.683863552,step1.layer6.pim_gwrite,serialized PIM expert GEMV
1,6,step1.layer6.pim_read,pim_read,GPU_PIM_IO,step1.layer6.pim_expert_compute,5173.683863552,0.058704000,5173.742567552,step1.layer6.pim_expert_compute,PIM expert result read
1,6,step1.layer6.combine,combine,GPU_COMPUTE,step1.layer6.gpu_expert_compute;step1.layer6.pim_read,5191.967011840,1.036864000,5193.003875840,step1.layer6.gpu_expert_compute,weighted expert combine
1,6,step1.layer6.residual2,residual,GPU_COMPUTE,step1.layer6.combine,5193.003875840,1.012288000,5194.016163840,step1.layer6.combine,residual add
1,7,step1.layer7.norm1,norm,GPU_COMPUTE,step1.layer6.residual2,5194.016163840,1.008192000,5195.024355840,step1.layer6.residual2,RMSNorm
1,7,step1.layer7.qkv,qkv,GPU_COMPUTE,step1.layer7.norm1,5195.024355840,3.635776000,5198.660131840,step1.layer7.norm1,QKV projection
1,7,step1.layer7.rope,rope,GPU_COMPUTE,step1.layer7.qkv,5198.660131840,1.018432000,5199.678563840,step1.layer7.qkv,QK norm and RoPE
1,7,step1.layer7.attention,attention,PIM_COMPUTE,step1.layer7.rope,5199.678563840,17.593600000,5217.272163840,step1.layer7.rope,decode attention on PIM
1,7,step1.layer7.o_proj,attention_output,GPU_COMPUTE,step1.layer7.attention,5217.272163840,3.109440000,5220.381603840,step1.layer7.attention,attention output projection
1,7,step1.layer7.residual1,residual,GPU_COMPUTE,step1.layer7.o_proj,5220.381603840,1.012288000,5221.393891840,step1.layer7.o_proj,residual add
1,7,step1.layer7.norm2,norm,GPU_COMPUTE,step1.layer7.residual1,5221.393891840,1.008192000,5222.402083840,step1.layer7.residual1,RMSNorm
1,7,step1.layer7.router,router,GPU_COMPUTE,step1.layer7.norm2,5222.402083840,2.069888000,5224.471971840,step1.layer7.norm2,MoE router
1,7,step1.layer7.metadata,metadata,GPU_COMPUTE,step1.layer7.router,5224.471971840,1.000128000,5225.472099840,step1.layer7.router,routing metadata
1,7,step1.layer7.dispatch,dispatch,,step1.layer7.metadata,5225.472099840,0.000000000,5225.472099840,step1.layer7.metadata,single-GPU dispatch placeholder
1,7,step1.layer7.scheduler,scheduler,GPU_COMPUTE,step1.layer7.metadata,5225.472099840,20.000000000,5245.472099840,step1.layer7.metadata,sieve placement policy
1,7,step1.layer7.gpu_weight_load,gpu_weight_load,HBM_MEM_PATH,step1.layer7.scheduler,5245.472099840,37.748736000,5283.220835840,step1.layer7.scheduler,expert weights HBM to GPU
1,7,step1.layer7.gpu_expert_compute,gpu_expert,GPU_COMPUTE,step1.layer7.gpu_weight_load;step1.layer7.dispatch,5283.220835840,3.197132288,5286.417968128,step1.layer7.gpu_weight_load,grouped expert GEMM
1,7,step1.layer7.pim_gwrite,pim_write,GPU_PIM_IO,step1.layer7.scheduler;step1.layer7.dispatch,5245.472099840,0.058704000,5245.530803840,step1.layer7.scheduler,PIM_GWRITE token operands
1,7,step1.layer7.pim_expert_compute,pim_expert,PIM_COMPUTE,step1.layer7.pim_gwrite,5245.530803840,22.604016000,5268.134819840,step1.layer7.pim_gwrite,serialized PIM expert GEMV
1,7,step1.layer7.pim_read,pim_read,GPU_PIM_IO,step1.layer7.pim_expert_compute,5268.134819840,0.058704000,5268.193523840,step1.layer7.pim_expert_compute,PIM expert result read
1,7,step1.layer7.combine,combine,GPU_COMPUTE,step1.layer7.gpu_expert_compute;step1.layer7.pim_read,5286.417968128,1.036864000,5287.454832128,step1.layer7.gpu_expert_compute,weighted expert combine
1,7,step1.layer7.residual2,residual,GPU_COMPUTE,step1.layer7.combine,5287.454832128,1.012288000,5288.467120128,step1.layer7.combine,residual add
1,8,step1.layer8.norm1,norm,GPU_COMPUTE,step1.layer7.residual2,5288.467120128,1.008192000,5289.475312128,step1.layer7.residual2,RMSNorm
1,8,step1.layer8.qkv,qkv,GPU_COMPUTE,step1.layer8.norm1,5289.475312128,3.635776000,5293.111088128,step1.layer8.norm1,QKV projection
1,8,step1.layer8.rope,rope,GPU_COMPUTE,step1.layer8.qkv,5293.111088128,1.018432000,5294.129520128,step1.layer8.qkv,QK norm and RoPE
1,8,step1.layer8.attention,attention,PIM_COMPUTE,step1.layer8.rope,5294.129520128,17.593600000,5311.723120128,step1.layer8.rope,decode attention on PIM
1,8,step1.layer8.o_proj,attention_output,GPU_COMPUTE,step1.layer8.attention,5311.723120128,3.109440000,5314.832560128,step1.layer8.attention,attention output projection
1,8,step1.layer8.residual1,residual,GPU_COMPUTE,step1.layer8.o_proj,5314.832560128,1.012288000,5315.844848128,step1.layer8.o_proj,residual add
1,8,step1.layer8.norm2,norm,GPU_COMPUTE,step1.layer8.residual1,5315.844848128,1.008192000,5316.853040128,step1.layer8.residual1,RMSNorm
1,8,step1.layer8.router,router,GPU_COMPUTE,step1.layer8.norm2,5316.853040128,2.069888000,5318.922928128,step1.layer8.norm2,MoE router
1,8,step1.layer8.metadata,metadata,GPU_COMPUTE,step1.layer8.router,5318.922928128,1.000128000,5319.923056128,step1.layer8.router,routing metadata
1,8,step1.layer8.dispatch,dispatch,,step1.layer8.metadata,5319.923056128,0.000000000,5319.923056128,step1.layer8.metadata,single-GPU dispatch placeholder
1,8,step1.layer8.scheduler,scheduler,GPU_COMPUTE,step1.layer8.metadata,5319.923056128,20.000000000,5339.923056128,step1.layer8.metadata,sieve placement policy
1,8,step1.layer8.gpu_weight_load,gpu_weight_load,HBM_MEM_PATH,step1.layer8.scheduler,5339.923056128,37.748736000,5377.671792128,step1.layer8.scheduler,expert weights HBM to GPU
1,8,step1.layer8.gpu_expert_compute,gpu_expert,GPU_COMPUTE,step1.layer8.gpu_weight_load;step1.layer8.dispatch,5377.671792128,3.197132288,5380.868924416,step1.layer8.gpu_weight_load,grouped expert GEMM
1,8,step1.layer8.pim_gwrite,pim_write,GPU_PIM_IO,step1.layer8.scheduler;step1.layer8.dispatch,5339.923056128,0.058704000,5339.981760128,step1.layer8.scheduler,PIM_GWRITE token operands
1,8,step1.layer8.pim_expert_compute,pim_expert,PIM_COMPUTE,step1.layer8.pim_gwrite,5339.981760128,22.604016000,5362.585776128,step1.layer8.pim_gwrite,serialized PIM expert GEMV
1,8,step1.layer8.pim_read,pim_read,GPU_PIM_IO,step1.layer8.pim_expert_compute,5362.585776128,0.058704000,5362.644480128,step1.layer8.pim_expert_compute,PIM expert result read
1,8,step1.layer8.combine,combine,GPU_COMPUTE,step1.layer8.gpu_expert_compute;step1.layer8.pim_read,5380.868924416,1.036864000,5381.905788416,step1.layer8.gpu_expert_compute,weighted expert combine
1,8,step1.layer8.residual2,residual,GPU_COMPUTE,step1.layer8.combine,5381.905788416,1.012288000,5382.918076416,step1.layer8.combine,residual add
1,9,step1.layer9.norm1,norm,GPU_COMPUTE,step1.layer8.residual2,5382.918076416,1.008192000,5383.926268416,step1.layer8.residual2,RMSNorm
1,9,step1.layer9.qkv,qkv,GPU_COMPUTE,step1.layer9.norm1,5383.926268416,3.635776000,5387.562044416,step1.layer9.norm1,QKV projection
1,9,step1.layer9.rope,rope,GPU_COMPUTE,step1.layer9.qkv,5387.562044416,1.018432000,5388.580476416,step1.layer9.qkv,QK norm and RoPE
1,9,step1.layer9.attention,attention,PIM_COMPUTE,step1.layer9.rope,5388.580476416,17.593600000,5406.174076416,step1.layer9.rope,decode attention on PIM
1,9,step1.layer9.o_proj,attention_output,GPU_COMPUTE,step1.layer9.attention,5406.174076416,3.109440000,5409.283516416,step1.layer9.attention,attention output projection
1,9,step1.layer9.residual1,residual,GPU_COMPUTE,step1.layer9.o_proj,5409.283516416,1.012288000,5410.295804416,step1.layer9.o_proj,residual add
1,9,step1.layer9.norm2,norm,GPU_COMPUTE,step1.layer9.residual1,5410.295804416,1.008192000,5411.303996416,step1.layer9.residual1,RMSNorm
1,9,step1.layer9.router,router,GPU_COMPUTE,step1.layer9.norm2,5411.303996416,2.069888000,5413.373884416,step1.layer9.norm2,MoE router
1,9,step1.layer9.metadata,metadata,GPU_COMPUTE,step1.layer9.router,5413.373884416,1.000128000,5414.374012416,step1.layer9.router,routing metadata
1,9,step1.layer9.dispatch,dispatch,,step1.layer9.metadata,5414.374012416,0.000000000,5414.374012416,step1.layer9.metadata,single-GPU dispatch placeholder
1,9,step1.layer9.scheduler,scheduler,GPU_COMPUTE,step1.layer9.metadata,5414.374012416,20.000000000,5434.374012416,step1.layer9.metadata,sieve placement policy
1,9,step1.layer9.gpu_weight_load,gpu_weight_load,HBM_MEM_PATH,step1.layer9.scheduler,5434.374012416,37.748736000,5472.122748416,step1.layer9.scheduler,expert weights HBM to GPU
1,9,step1.layer9.gpu_expert_compute,gpu_expert,GPU_COMPUTE,step1.layer9.gpu_weight_load;step1.layer9.dispatch,5472.122748416,3.197132288,5475.319880704,step1.layer9.gpu_weight_load,grouped expert GEMM
1,9,step1.layer9.pim_gwrite,pim_write,GPU_PIM_IO,step1.layer9.scheduler;step1.layer9.dispatch,5434.374012416,0.058704000,5434.432716416,step1.layer9.scheduler,PIM_GWRITE token operands
1,9,step1.layer9.pim_expert_compute,pim_expert,PIM_COMPUTE,step1.layer9.pim_gwrite,5434.432716416,22.604016000,5457.036732416,step1.layer9.pim_gwrite,serialized PIM expert GEMV
1,9,step1.layer9.pim_read,pim_read,GPU_PIM_IO,step1.layer9.pim_expert_compute,5457.036732416,0.058704000,5457.095436416,step1.layer9.pim_expert_compute,PIM expert result read
1,9,step1.layer9.combine,combine,GPU_COMPUTE,step1.layer9.gpu_expert_compute;step1.layer9.pim_read,5475.319880704,1.036864000,5476.356744704,step1.layer9.gpu_expert_compute,weighted expert combine
1,9,step1.layer9.residual2,residual,GPU_COMPUTE,step1.layer9.combine,5476.356744704,1.012288000,5477.369032704,step1.layer9.combine,residual add
1,10,step1.layer10.norm1,norm,GPU_COMPUTE,step1.layer9.residual2,5477.369032704,1.008192000,5478.377224704,step1.layer9.residual2,RMSNorm
1,10,step1.layer10.qkv,qkv,GPU_COMPUTE,step1.layer10.norm1,5478.377224704,3.635776000,5482.013000704,step1.layer10.norm1,QKV projection
1,10,step1.layer10.rope,rope,GPU_COMPUTE,step1.layer10.qkv,5482.013000704,1.018432000,5483.031432704,step1.layer10.qkv,QK norm and RoPE
1,10,step1.layer10.attention,attention,PIM_COMPUTE,step1.layer10.rope,5483.031432704,17.593600000,5500.625032704,step1.layer10.rope,decode attention on PIM
1,10,step1.layer10.o_proj,attention_output,GPU_COMPUTE,step1.layer10.attention,5500.625032704,3.109440000,5503.734472704,step1.layer10.attention,attention output projection
1,10,step1.layer10.residual1,residual,GPU_COMPUTE,step1.layer10.o_proj,5503.734472704,1.012288000,5504.746760704,step1.layer10.o_proj,residual add
1,10,step1.layer10.norm2,norm,GPU_COMPUTE,step1.layer10.residual1,5504.746760704,1.008192000,5505.754952704,step1.layer10.residual1,RMSNorm
1,10,step1.layer10.router,router,GPU_COMPUTE,step1.layer10.norm2,5505.754952704,2.069888000,5507.824840704,step1.layer10.norm2,MoE router
1,10,step1.layer10.metadata,metadata,GPU_COMPUTE,step1.layer10.router,5507.824840704,1.000128000,5508.824968704,step1.layer10.router,routing metadata
1,10,step1.layer10.dispatch,dispatch,,step1.layer10.metadata,5508.824968704,0.000000000,5508.824968704,step1.layer10.metadata,single-GPU dispatch placeholder
1,10,step1.layer10.scheduler,scheduler,GPU_COMPUTE,step1.layer10.metadata,5508.824968704,20.000000000,5528.824968704,step1.layer10.metadata,sieve placement policy
1,10,step1.layer10.gpu_weight_load,gpu_weight_load,HBM_MEM_PATH,step1.layer10.scheduler,5528.824968704,37.748736000,5566.573704704,step1.layer10.scheduler,expert weights HBM to GPU
1,10,step1.layer10.gpu_expert_compute,gpu_expert,GPU_COMPUTE,step1.layer10.gpu_weight_load;step1.layer10.dispatch,5566.573704704,3.197132288,5569.770836992,step1.layer10.gpu_weight_load,grouped expert GEMM
1,10,step1.layer10.pim_gwrite,pim_write,GPU_PIM_IO,step1.layer10.scheduler;step1.layer10.dispatch,5528.824968704,0.058704000,5528.883672704,step1.layer10.scheduler,PIM_GWRITE token operands
1,10,step1.layer10.pim_expert_compute,pim_expert,PIM_COMPUTE,step1.layer10.pim_gwrite,5528.883672704,22.604016000,5551.487688704,step1.layer10.pim_gwrite,serialized PIM expert GEMV
1,10,step1.layer10.pim_read,pim_read,GPU_PIM_IO,step1.layer10.pim_expert_compute,5551.487688704,0.058704000,5551.546392704,step1.layer10.pim_expert_compute,PIM expert result read
1,10,step1.layer10.combine,combine,GPU_COMPUTE,step1.layer10.gpu_expert_compute;step1.layer10.pim_read,5569.770836992,1.036864000,5570.807700992,step1.layer10.gpu_expert_compute,weighted expert combine
1,10,step1.layer10.residual2,residual,GPU_COMPUTE,step1.layer10.combine,5570.807700992,1.012288000,5571.819988992,step1.layer10.combine,residual add
1,11,step1.layer11.norm1,norm,GPU_COMPUTE,step1.layer10.residual2,5571.819988992,1.008192000,5572.828180992,step1.layer10.residual2,RMSNorm
1,11,step1.layer11.qkv,qkv,GPU_COMPUTE,step1.layer11.norm1,5572.828180992,3.635776000,5576.463956992,step1.layer11.norm1,QKV projection
1,11,step1.layer11.rope,rope,GPU_COMPUTE,step1.layer11.qkv,5576.463956992,1.018432000,5577.482388992,step1.layer11.qkv,QK norm and RoPE
1,11,step1.layer11.attention,attention,PIM_COMPUTE,step1.layer11.rope,5577.482388992,17.593600000,5595.075988992,step1.layer11.rope,decode attention on PIM
1,11,step1.layer11.o_proj,attention_output,GPU_COMPUTE,step1.layer11.attention,5595.075988992,3.109440000,5598.185428992,step1.layer11.attention,attention output projection
1,11,step1.layer11.residual1,residual,GPU_COMPUTE,step1.layer11.o_proj,5598.185428992,1.012288000,5599.197716992,step1.layer11.o_proj,residual add
1,11,step1.layer11.norm2,norm,GPU_COMPUTE,step1.layer11.residual1,5599.197716992,1.008192000,5600.205908992,step1.layer11.residual1,RMSNorm
1,11,step1.layer11.router,router,GPU_COMPUTE,step1.layer11.norm2,5600.205908992,2.069888000,5602.275796992,step1.layer11.norm2,MoE router
1,11,step1.layer11.metadata,metadata,GPU_COMPUTE,step1.layer11.router,5602.275796992,1.000128000,5603.275924992,step1.layer11.router,routing metadata
1,11,step1.layer11.dispatch,dispatch,,step1.layer11.metadata,5603.275924992,0.000000000,5603.275924992,step1.layer11.metadata,single-GPU dispatch placeholder
1,11,step1.layer11.scheduler,scheduler,GPU_COMPUTE,step1.layer11.metadata,5603.275924992,20.000000000,5623.275924992,step1.layer11.metadata,sieve placement policy
1,11,step1.layer11.gpu_weight_load,gpu_weight_load,HBM_MEM_PATH,step1.layer11.scheduler,5623.275924992,37.748736000,5661.024660992,step1.layer11.scheduler,expert weights HBM to GPU
1,11,step1.layer11.gpu_expert_compute,gpu_expert,GPU_COMPUTE,step1.layer11.gpu_weight_load;step1.layer11.dispatch,5661.024660992,3.197132288,5664.221793280,step1.layer11.gpu_weight_load,grouped expert GEMM
1,11,step1.layer11.pim_gwrite,pim_write,GPU_PIM_IO,step1.layer11.scheduler;step1.layer11.dispatch,5623.275924992,0.058704000,5623.334628992,step1.layer11.scheduler,PIM_GWRITE token operands
1,11,step1.layer11.pim_expert_compute,pim_expert,PIM_COMPUTE,step1.layer11.pim_gwrite,5623.334628992,22.604016000,5645.938644992,step1.layer11.pim_gwrite,serialized PIM expert GEMV
1,11,step1.layer11.pim_read,pim_read,GPU_PIM_IO,step1.layer11.pim_expert_compute,5645.938644992,0.058704000,5645.997348992,step1.layer11.pim_expert_compute,PIM expert result read
1,11,step1.layer11.combine,combine,GPU_COMPUTE,step1.layer11.gpu_expert_compute;step1.layer11.pim_read,5664.221793280,1.036864000,5665.258657280,step1.layer11.gpu_expert_compute,weighted expert combine
1,11,step1.layer11.residual2,residual,GPU_COMPUTE,step1.layer11.combine,5665.258657280,1.012288000,5666.270945280,step1.layer11.combine,residual add
1,12,step1.layer12.norm1,norm,GPU_COMPUTE,step1.layer11.residual2,5666.270945280,1.008192000,5667.279137280,step1.layer11.residual2,RMSNorm
1,12,step1.layer12.qkv,qkv,GPU_COMPUTE,step1.layer12.norm1,5667.279137280,3.635776000,5670.914913280,step1.layer12.norm1,QKV projection
1,12,step1.layer12.rope,rope,GPU_COMPUTE,step1.layer12.qkv,5670.914913280,1.018432000,5671.933345280,step1.layer12.qkv,QK norm and RoPE
1,12,step1.layer12.attention,attention,PIM_COMPUTE,step1.layer12.rope,5671.933345280,17.593600000,5689.526945280,step1.layer12.rope,decode attention on PIM
1,12,step1.layer12.o_proj,attention_output,GPU_COMPUTE,step1.layer12.attention,5689.526945280,3.109440000,5692.636385280,step1.layer12.attention,attention output projection
1,12,step1.layer12.residual1,residual,GPU_COMPUTE,step1.layer12.o_proj,5692.636385280,1.012288000,5693.648673280,step1.layer12.o_proj,residual add
1,12,step1.layer12.norm2,norm,GPU_COMPUTE,step1.layer12.residual1,5693.648673280,1.008192000,5694.656865280,step1.layer12.residual1,RMSNorm
1,12,step1.layer12.router,router,GPU_COMPUTE,step1.layer12.norm2,5694.656865280,2.069888000,5696.726753280,step1.layer12.norm2,MoE router
1,12,step1.layer12.metadata,metadata,GPU_COMPUTE,step1.layer12.router,5696.726753280,1.000128000,5697.726881280,step1.layer12.router,routing metadata
1,12,step1.layer12.dispatch,dispatch,,step1.layer12.metadata,5697.726881280,0.000000000,5697.726881280,step1.layer12.metadata,single-GPU dispatch placeholder
1,12,step1.layer12.scheduler,scheduler,GPU_COMPUTE,step1.layer12.metadata,5697.726881280,20.000000000,5717.726881280,step1.layer12.metadata,sieve placement policy
1,12,step1.layer12.gpu_weight_load,gpu_weight_load,HBM_MEM_PATH,step1.layer12.scheduler,5717.726881280,37.748736000,5755.475617280,step1.layer12.scheduler,expert weights HBM to GPU
1,12,step1.layer12.gpu_expert_compute,gpu_expert,GPU_COMPUTE,step1.layer12.gpu_weight_load;step1.layer12.dispatch,5755.475617280,3.197132288,5758.672749568,step1.layer12.gpu_weight_load,grouped expert GEMM
1,12,step1.layer12.pim_gwrite,pim_write,GPU_PIM_IO,step1.layer12.scheduler;step1.layer12.dispatch,5717.726881280,0.058704000,5717.785585280,step1.layer12.scheduler,PIM_GWRITE token operands
1,12,step1.layer12.pim_expert_compute,pim_expert,PIM_COMPUTE,step1.layer12.pim_gwrite,5717.785585280,22.604016000,5740.389601280,step1.layer12.pim_gwrite,serialized PIM expert GEMV
1,12,step1.layer12.pim_read,pim_read,GPU_PIM_IO,step1.layer12.pim_expert_compute,5740.389601280,0.058704000,5740.448305280,step1.layer12.pim_expert_compute,PIM expert result read
1,12,step1.layer12.combine,combine,GPU_COMPUTE,step1.layer12.gpu_expert_compute;step1.layer12.pim_read,5758.672749568,1.036864000,5759.709613568,step1.layer12.gpu_expert_compute,weighted expert combine
1,12,step1.layer12.residual2,residual,GPU_COMPUTE,step1.layer12.combine,5759.709613568,1.012288000,5760.721901568,step1.layer12.combine,residual add
1,13,step1.layer13.norm1,norm,GPU_COMPUTE,step1.layer12.residual2,5760.721901568,1.008192000,5761.730093568,step1.layer12.residual2,RMSNorm
1,13,step1.layer13.qkv,qkv,GPU_COMPUTE,step1.layer13.norm1,5761.730093568,3.635776000,5765.365869568,step1.layer13.norm1,QKV projection
1,13,step1.layer13.rope,rope,GPU_COMPUTE,step1.layer13.qkv,5765.365869568,1.018432000,5766.384301568,step1.layer13.qkv,QK norm and RoPE
1,13,step1.layer13.attention,attention,PIM_COMPUTE,step1.layer13.rope,5766.384301568,17.593600000,5783.977901568,step1.layer13.rope,decode attention on PIM
1,13,step1.layer13.o_proj,attention_output,GPU_COMPUTE,step1.layer13.attention,5783.977901568,3.109440000,5787.087341568,step1.layer13.attention,attention output projection
1,13,step1.layer13.residual1,residual,GPU_COMPUTE,step1.layer13.o_proj,5787.087341568,1.012288000,5788.099629568,step1.layer13.o_proj,residual add
1,13,step1.layer13.norm2,norm,GPU_COMPUTE,step1.layer13.residual1,5788.099629568,1.008192000,5789.107821568,step1.layer13.residual1,RMSNorm
1,13,step1.layer13.router,router,GPU_COMPUTE,step1.layer13.norm2,5789.107821568,2.069888000,5791.177709568,step1.layer13.norm2,MoE router
1,13,step1.layer13.metadata,metadata,GPU_COMPUTE,step1.layer13.router,5791.177709568,1.000128000,5792.177837568,step1.layer13.router,routing metadata
1,13,step1.layer13.dispatch,dispatch,,step1.layer13.metadata,5792.177837568,0.000000000,5792.177837568,step1.layer13.metadata,single-GPU dispatch placeholder
1,13,step1.layer13.scheduler,scheduler,GPU_COMPUTE,step1.layer13.metadata,5792.177837568,20.000000000,5812.177837568,step1.layer13.metadata,sieve placement policy
1,13,step1.layer13.gpu_weight_load,gpu_weight_load,HBM_MEM_PATH,step1.layer13.scheduler,5812.177837568,37.748736000,5849.926573568,step1.layer13.scheduler,expert weights HBM to GPU
1,13,step1.layer13.gpu_expert_compute,gpu_expert,GPU_COMPUTE,step1.layer13.gpu_weight_load;step1.layer13.dispatch,5849.926573568,3.197132288,5853.123705856,step1.layer13.gpu_weight_load,grouped expert GEMM
1,13,step1.layer13.pim_gwrite,pim_write,GPU_PIM_IO,step1.layer13.scheduler;step1.layer13.dispatch,5812.177837568,0.058704000,5812.236541568,step1.layer13.scheduler,PIM_GWRITE token operands
1,13,step1.layer13.pim_expert_compute,pim_expert,PIM_COMPUTE,step1.layer13.pim_gwrite,5812.236541568,22.604016000,5834.840557568,step1.layer13.pim_gwrite,serialized PIM expert GEMV
1,13,step1.layer13.pim_read,pim_read,GPU_PIM_IO,step1.layer13.pim_expert_compute,5834.840557568,0.058704000,5834.899261568,step1.layer13.pim_expert_compute,PIM expert result read
1,13,step1.layer13.combine,combine,GPU_COMPUTE,step1.layer13.gpu_expert_compute;step1.layer13.pim_read,5853.123705856,1.036864000,5854.160569856,step1.layer13.gpu_expert_compute,weighted expert combine
1,13,step1.layer13.residual2,residual,GPU_COMPUTE,step1.layer13.combine,5854.160569856,1.012288000,5855.172857856,step1.layer13.combine,residual add
1,14,step1.layer14.norm1,norm,GPU_COMPUTE,step1.layer13.residual2,5855.172857856,1.008192000,5856.181049856,step1.layer13.residual2,RMSNorm
1,14,step1.layer14.qkv,qkv,GPU_COMPUTE,step1.layer14.norm1,5856.181049856,3.635776000,5859.816825856,step1.layer14.norm1,QKV projection
1,14,step1.layer14.rope,rope,GPU_COMPUTE,step1.layer14.qkv,5859.816825856,1.018432000,5860.835257856,step1.layer14.qkv,QK norm and RoPE
1,14,step1.layer14.attention,attention,PIM_COMPUTE,step1.layer14.rope,5860.835257856,17.593600000,5878.428857856,step1.layer14.rope,decode attention on PIM
1,14,step1.layer14.o_proj,attention_output,GPU_COMPUTE,step1.layer14.attention,5878.428857856,3.109440000,5881.538297856,step1.layer14.attention,attention output projection
1,14,step1.layer14.residual1,residual,GPU_COMPUTE,step1.layer14.o_proj,5881.538297856,1.012288000,5882.550585856,step1.layer14.o_proj,residual add
1,14,step1.layer14.norm2,norm,GPU_COMPUTE,step1.layer14.residual1,5882.550585856,1.008192000,5883.558777856,step1.layer14.residual1,RMSNorm
1,14,step1.layer14.router,router,GPU_COMPUTE,step1.layer14.norm2,5883.558777856,2.069888000,5885.628665856,step1.layer14.norm2,MoE router
1,14,step1.layer14.metadata,metadata,GPU_COMPUTE,step1.layer14.router,5885.628665856,1.000128000,5886.628793856,step1.layer14.router,routing metadata
1,14,step1.layer14.dispatch,dispatch,,step1.layer14.metadata,5886.628793856,0.000000000,5886.628793856,step1.layer14.metadata,single-GPU dispatch placeholder
1,14,step1.layer14.scheduler,scheduler,GPU_COMPUTE,step1.layer14.metadata,5886.628793856,20.000000000,5906.628793856,step1.layer14.metadata,sieve placement policy
1,14,step1.layer14.gpu_weight_load,gpu_weight_load,HBM_MEM_PATH,step1.layer14.scheduler,5906.628793856,37.748736000,5944.377529856,step1.layer14.scheduler,expert weights HBM to GPU
1,14,step1.layer14.gpu_expert_compute,gpu_expert,GPU_COMPUTE,step1.layer14.gpu_weight_load;step1.layer14.dispatch,5944.377529856,3.197132288,5947.574662144,step1.layer14.gpu_weight_load,grouped expert GEMM
1,14,step1.layer14.pim_gwrite,pim_write,GPU_PIM_IO,step1.layer14.scheduler;step1.layer14.dispatch,5906.628793856,0.058704000,5906.687497856,step1.layer14.scheduler,PIM_GWRITE token operands
1,14,step1.layer14.pim_expert_compute,pim_expert,PIM_COMPUTE,step1.layer14.pim_gwrite,5906.687497856,22.604016000,5929.291513856,step1.layer14.pim_gwrite,serialized PIM expert GEMV
1,14,step1.layer14.pim_read,pim_read,GPU_PIM_IO,step1.layer14.pim_expert_compute,5929.291513856,0.058704000,5929.350217856,step1.layer14.pim_expert_compute,PIM expert result read
1,14,step1.layer14.combine,combine,GPU_COMPUTE,step1.layer14.gpu_expert_compute;step1.layer14.pim_read,5947.574662144,1.036864000,5948.611526144,step1.layer14.gpu_expert_compute,weighted expert combine
1,14,step1.layer14.residual2,residual,GPU_COMPUTE,step1.layer14.combine,5948.611526144,1.012288000,5949.623814144,step1.layer14.combine,residual add
1,15,step1.layer15.norm1,norm,GPU_COMPUTE,step1.layer14.residual2,5949.623814144,1.008192000,5950.632006144,step1.layer14.residual2,RMSNorm
1,15,step1.layer15.qkv,qkv,GPU_COMPUTE,step1.layer15.norm1,5950.632006144,3.635776000,5954.267782144,step1.layer15.norm1,QKV projection
1,15,step1.layer15.rope,rope,GPU_COMPUTE,step1.layer15.qkv,5954.267782144,1.018432000,5955.286214144,step1.layer15.qkv,QK norm and RoPE
1,15,step1.layer15.attention,attention,PIM_COMPUTE,step1.layer15.rope,5955.286214144,17.593600000,5972.879814144,step1.layer15.rope,decode attention on PIM
1,15,step1.layer15.o_proj,attention_output,GPU_COMPUTE,step1.layer15.attention,5972.879814144,3.109440000,5975.989254144,step1.layer15.attention,attention output projection
1,15,step1.layer15.residual1,residual,GPU_COMPUTE,step1.layer15.o_proj,5975.989254144,1.012288000,5977.001542144,step1.layer15.o_proj,residual add
1,15,step1.layer15.norm2,norm,GPU_COMPUTE,step1.layer15.residual1,5977.001542144,1.008192000,5978.009734144,step1.layer15.residual1,RMSNorm
1,15,step1.layer15.router,router,GPU_COMPUTE,step1.layer15.norm2,5978.009734144,2.069888000,5980.079622144,step1.layer15.norm2,MoE router
1,15,step1.layer15.metadata,metadata,GPU_COMPUTE,step1.layer15.router,5980.079622144,1.000128000,5981.079750144,step1.layer15.router,routing metadata
1,15,step1.layer15.dispatch,dispatch,,step1.layer15.metadata,5981.079750144,0.000000000,5981.079750144,step1.layer15.metadata,single-GPU dispatch placeholder
1,15,step1.layer15.scheduler,scheduler,GPU_COMPUTE,step1.layer15.metadata,5981.079750144,20.000000000,6001.079750144,step1.layer15.metadata,sieve placement policy
1,15,step1.layer15.gpu_weight_load,gpu_weight_load,HBM_MEM_PATH,step1.layer15.scheduler,6001.079750144,37.748736000,6038.828486144,step1.layer15.scheduler,expert weights HBM to GPU
1,15,step1.layer15.gpu_expert_compute,gpu_expert,GPU_COMPUTE,step1.layer15.gpu_weight_load;step1.layer15.dispatch,6038.828486144,3.197132288,6042.025618432,step1.layer15.gpu_weight_load,grouped expert GEMM
1,15,step1.layer15.pim_gwrite,pim_write,GPU_PIM_IO,step1.layer15.scheduler;step1.layer15.dispatch,6001.079750144,0.058704000,6001.138454144,step1.layer15.scheduler,PIM_GWRITE token operands
1,15,step1.layer15.pim_expert_compute,pim_expert,PIM_COMPUTE,step1.layer15.pim_gwrite,6001.138454144,22.604016000,6023.742470144,step1.layer15.pim_gwrite,serialized PIM expert GEMV
1,15,step1.layer15.pim_read,pim_read,GPU_PIM_IO,step1.layer15.pim_expert_compute,6023.742470144,0.058704000,6023.801174144,step1.layer15.pim_expert_compute,PIM expert result read
1,15,step1.layer15.combine,combine,GPU_COMPUTE,step1.layer15.gpu_expert_compute;step1.layer15.pim_read,6042.025618432,1.036864000,6043.062482432,step1.layer15.gpu_expert_compute,weighted expert combine
1,15,step1.layer15.residual2,residual,GPU_COMPUTE,step1.layer15.combine,6043.062482432,1.012288000,6044.074770432,step1.layer15.combine,residual add
1,16,step1.layer16.norm1,norm,GPU_COMPUTE,step1.layer15.residual2,6044.074770432,1.008192000,6045.082962432,step1.layer15.residual2,RMSNorm
1,16,step1.layer16.qkv,qkv,GPU_COMPUTE,step1.layer16.norm1,6045.082962432,3.635776000,6048.718738432,step1.layer16.norm1,QKV projection
1,16,step1.layer16.rope,rope,GPU_COMPUTE,step1.layer16.qkv,6048.718738432,1.018432000,6049.737170432,step1.layer16.qkv,QK norm and RoPE
1,16,step1.layer16.attention,attention,PIM_COMPUTE,step1.layer16.rope,6049.737170432,17.593600000,6067.330770432,step1.layer16.rope,decode attention on PIM
1,16,step1.layer16.o_proj,attention_output,GPU_COMPUTE,step1.layer16.attention,6067.330770432,3.109440000,6070.440210432,step1.layer16.attention,attention output projection
1,16,step1.layer16.residual1,residual,GPU_COMPUTE,step1.layer16.o_proj,6070.440210432,1.012288000,6071.452498432,step1.layer16.o_proj,residual add
1,16,step1.layer16.norm2,norm,GPU_COMPUTE,step1.layer16.residual1,6071.452498432,1.008192000,6072.460690432,step1.layer16.residual1,RMSNorm
1,16,step1.layer16.router,router,GPU_COMPUTE,step1.layer16.norm2,6072.460690432,2.069888000,6074.530578432,step1.layer16.norm2,MoE router
1,16,step1.layer16.metadata,metadata,GPU_COMPUTE,step1.layer16.router,6074.530578432,1.000128000,6075.530706432,step1.layer16.router,routing metadata
1,16,step1.layer16.dispatch,dispatch,,step1.layer16.metadata,6075.530706432,0.000000000,6075.530706432,step1.layer16.metadata,single-GPU dispatch placeholder
1,16,step1.layer16.scheduler,scheduler,GPU_COMPUTE,step1.layer16.metadata,6075.530706432,20.000000000,6095.530706432,step1.layer16.metadata,sieve placement policy
1,16,step1.layer16.gpu_weight_load,gpu_weight_load,HBM_MEM_PATH,step1.layer16.scheduler,6095.530706432,37.748736000,6133.279442432,step1.layer16.scheduler,expert weights HBM to GPU
1,16,step1.layer16.gpu_expert_compute,gpu_expert,GPU_COMPUTE,step1.layer16.gpu_weight_load;step1.layer16.dispatch,6133.279442432,3.197132288,6136.476574720,step1.layer16.gpu_weight_load,grouped expert GEMM
1,16,step1.layer16.pim_gwrite,pim_write,GPU_PIM_IO,step1.layer16.scheduler;step1.layer16.dispatch,6095.530706432,0.058704000,6095.589410432,step1.layer16.scheduler,PIM_GWRITE token operands
1,16,step1.layer16.pim_expert_compute,pim_expert,PIM_COMPUTE,step1.layer16.pim_gwrite,6095.589410432,22.604016000,6118.193426432,step1.layer16.pim_gwrite,serialized PIM expert GEMV
1,16,step1.layer16.pim_read,pim_read,GPU_PIM_IO,step1.layer16.pim_expert_compute,6118.193426432,0.058704000,6118.252130432,step1.layer16.pim_expert_compute,PIM expert result read
1,16,step1.layer16.combine,combine,GPU_COMPUTE,step1.layer16.gpu_expert_compute;step1.layer16.pim_read,6136.476574720,1.036864000,6137.513438720,step1.layer16.gpu_expert_compute,weighted expert combine
1,16,step1.layer16.residual2,residual,GPU_COMPUTE,step1.layer16.combine,6137.513438720,1.012288000,6138.525726720,step1.layer16.combine,residual add
1,17,step1.layer17.norm1,norm,GPU_COMPUTE,step1.layer16.residual2,6138.525726720,1.008192000,6139.533918720,step1.layer16.residual2,RMSNorm
1,17,step1.layer17.qkv,qkv,GPU_COMPUTE,step1.layer17.norm1,6139.533918720,3.635776000,6143.169694720,step1.layer17.norm1,QKV projection
1,17,step1.layer17.rope,rope,GPU_COMPUTE,step1.layer17.qkv,6143.169694720,1.018432000,6144.188126720,step1.layer17.qkv,QK norm and RoPE
1,17,step1.layer17.attention,attention,PIM_COMPUTE,step1.layer17.rope,6144.188126720,17.593600000,6161.781726720,step1.layer17.rope,decode attention on PIM
1,17,step1.layer17.o_proj,attention_output,GPU_COMPUTE,step1.layer17.attention,6161.781726720,3.109440000,6164.891166720,step1.layer17.attention,attention output projection
1,17,step1.layer17.residual1,residual,GPU_COMPUTE,step1.layer17.o_proj,6164.891166720,1.012288000,6165.903454720,step1.layer17.o_proj,residual add
1,17,step1.layer17.norm2,norm,GPU_COMPUTE,step1.layer17.residual1,6165.903454720,1.008192000,6166.911646720,step1.layer17.residual1,RMSNorm
1,17,step1.layer17.router,router,GPU_COMPUTE,step1.layer17.norm2,6166.911646720,2.069888000,6168.981534720,step1.layer17.norm2,MoE router
1,17,step1.layer17.metadata,metadata,GPU_COMPUTE,step1.layer17.router,6168.981534720,1.000128000,6169.981662720,step1.layer17.router,routing metadata
1,17,step1.layer17.dispatch,dispatch,,step1.layer17.metadata,6169.981662720,0.000000000,6169.981662720,step1.layer17.metadata,single-GPU dispatch placeholder
1,17,step1.layer17.scheduler,scheduler,GPU_COMPUTE,step1.layer17.metadata,6169.981662720,20.000000000,6189.981662720,step1.layer17.metadata,sieve placement policy
1,17,step1.layer17.gpu_weight_load,gpu_weight_load,HBM_MEM_PATH,step1.layer17.scheduler,6189.981662720,37.748736000,6227.730398720,step1.layer17.scheduler,expert weights HBM to GPU
1,17,step1.layer17.gpu_expert_compute,gpu_expert,GPU_COMPUTE,step1.layer17.gpu_weight_load;step1.layer17.dispatch,6227.730398720,3.197132288,6230.927531008,step1.layer17.gpu_weight_load,grouped expert GEMM
1,17,step1.layer17.pim_gwrite,pim_write,GPU_PIM_IO,step1.layer17.scheduler;step1.layer17.dispatch,6189.981662720,0.058704000,6190.040366720,step1.layer17.scheduler,PIM_GWRITE token operands
1,17,step1.layer17.pim_expert_compute,pim_expert,PIM_COMPUTE,step1.layer17.pim_gwrite,6190.040366720,22.604016000,6212.644382720,step1.layer17.pim_gwrite,serialized PIM expert GEMV
1,17,step1.layer17.pim_read,pim_read,GPU_PIM_IO,step1.layer17.pim_expert_compute,6212.644382720,0.058704000,6212.703086720,step1.layer17.pim_expert_compute,PIM expert result read
1,17,step1.layer17.combine,combine,GPU_COMPUTE,step1.layer17.gpu_expert_compute;step1.layer17.pim_read,6230.927531008,1.036864000,6231.964395008,step1.layer17.gpu_expert_compute,weighted expert combine
1,17,step1.layer17.residual2,residual,GPU_COMPUTE,step1.layer17.combine,6231.964395008,1.012288000,6232.976683008,step1.layer17.combine,residual add
1,18,step1.layer18.norm1,norm,GPU_COMPUTE,step1.layer17.residual2,6232.976683008,1.008192000,6233.984875008,step1.layer17.residual2,RMSNorm
1,18,step1.layer18.qkv,qkv,GPU_COMPUTE,step1.layer18.norm1,6233.984875008,3.635776000,6237.620651008,step1.layer18.norm1,QKV projection
1,18,step1.layer18.rope,rope,GPU_COMPUTE,step1.layer18.qkv,6237.620651008,1.018432000,6238.639083008,step1.layer18.qkv,QK norm and RoPE
1,18,step1.layer18.attention,attention,PIM_COMPUTE,step1.layer18.rope,6238.639083008,17.593600000,6256.232683008,step1.layer18.rope,decode attention on PIM
1,18,step1.layer18.o_proj,attention_output,GPU_COMPUTE,step1.layer18.attention,6256.232683008,3.109440000,6259.342123008,step1.layer18.attention,attention output projection
1,18,step1.layer18.residual1,residual,GPU_COMPUTE,step1.layer18.o_proj,6259.342123008,1.012288000,6260.354411008,step1.layer18.o_proj,residual add
1,18,step1.layer18.norm2,norm,GPU_COMPUTE,step1.layer18.residual1,6260.354411008,1.008192000,6261.362603008,step1.layer18.residual1,RMSNorm
1,18,step1.layer18.router,router,GPU_COMPUTE,step1.layer18.norm2,6261.362603008,2.069888000,6263.432491008,step1.layer18.norm2,MoE router
1,18,step1.layer18.metadata,metadata,GPU_COMPUTE,step1.layer18.router,6263.432491008,1.000128000,6264.432619008,step1.layer18.router,routing metadata
1,18,step1.layer18.dispatch,dispatch,,step1.layer18.metadata,6264.432619008,0.000000000,6264.432619008,step1.layer18.metadata,single-GPU dispatch placeholder
1,18,step1.layer18.scheduler,scheduler,GPU_COMPUTE,step1.layer18.metadata,6264.432619008,20.000000000,6284.432619008,step1.layer18.metadata,sieve placement policy
1,18,step1.layer18.gpu_weight_load,gpu_weight_load,HBM_MEM_PATH,step1.layer18.scheduler,6284.432619008,37.748736000,6322.181355008,step1.layer18.scheduler,expert weights HBM to GPU
1,18,step1.layer18.gpu_expert_compute,gpu_expert,GPU_COMPUTE,step1.layer18.gpu_weight_load;step1.layer18.dispatch,6322.181355008,3.197132288,6325.378487296,step1.layer18.gpu_weight_load,grouped expert GEMM
1,18,step1.layer18.pim_gwrite,pim_write,GPU_PIM_IO,step1.layer18.scheduler;step1.layer18.dispatch,6284.432619008,0.058704000,6284.491323008,step1.layer18.scheduler,PIM_GWRITE token operands
1,18,step1.layer18.pim_expert_compute,pim_expert,PIM_COMPUTE,step1.layer18.pim_gwrite,6284.491323008,22.604016000,6307.095339008,step1.layer18.pim_gwrite,serialized PIM expert GEMV
1,18,step1.layer18.pim_read,pim_read,GPU_PIM_IO,step1.layer18.pim_expert_compute,6307.095339008,0.058704000,6307.154043008,step1.layer18.pim_expert_compute,PIM expert result read
1,18,step1.layer18.combine,combine,GPU_COMPUTE,step1.layer18.gpu_expert_compute;step1.layer18.pim_read,6325.378487296,1.036864000,6326.415351296,step1.layer18.gpu_expert_compute,weighted expert combine
1,18,step1.layer18.residual2,residual,GPU_COMPUTE,step1.layer18.combine,6326.415351296,1.012288000,6327.427639296,step1.layer18.combine,residual add
1,19,step1.layer19.norm1,norm,GPU_COMPUTE,step1.layer18.residual2,6327.427639296,1.008192000,6328.435831296,step1.layer18.residual2,RMSNorm
1,19,step1.layer19.qkv,qkv,GPU_COMPUTE,step1.layer19.norm1,6328.435831296,3.635776000,6332.071607296,step1.layer19.norm1,QKV projection
1,19,step1.layer19.rope,rope,GPU_COMPUTE,step1.layer19.qkv,6332.071607296,1.018432000,6333.090039296,step1.layer19.qkv,QK norm and RoPE
1,19,step1.layer19.attention,attention,PIM_COMPUTE,step1.layer19.rope,6333.090039296,17.593600000,6350.683639296,step1.layer19.rope,decode attention on PIM
1,19,step1.layer19.o_proj,attention_output,GPU_COMPUTE,step1.layer19.attention,6350.683639296,3.109440000,6353.793079296,step1.layer19.attention,attention output projection
1,19,step1.layer19.residual1,residual,GPU_COMPUTE,step1.layer19.o_proj,6353.793079296,1.012288000,6354.805367296,step1.layer19.o_proj,residual add
1,19,step1.layer19.norm2,norm,GPU_COMPUTE,step1.layer19.residual1,6354.805367296,1.008192000,6355.813559296,step1.layer19.residual1,RMSNorm
1,19,step1.layer19.router,router,GPU_COMPUTE,step1.layer19.norm2,6355.813559296,2.069888000,6357.883447296,step1.layer19.norm2,MoE router
1,19,step1.layer19.metadata,metadata,GPU_COMPUTE,step1.layer19.router,6357.883447296,1.000128000,6358.883575296,step1.layer19.router,routing metadata
1,19,step1.layer19.dispatch,dispatch,,step1.layer19.metadata,6358.883575296,0.000000000,6358.883575296,step1.layer19.metadata,single-GPU dispatch placeholder
1,19,step1.layer19.scheduler,scheduler,GPU_COMPUTE,step1.layer19.metadata,6358.883575296,20.000000000,6378.883575296,step1.layer19.metadata,sieve placement policy
1,19,step1.layer19.gpu_weight_load,gpu_weight_load,HBM_MEM_PATH,step1.layer19.scheduler,6378.883575296,37.748736000,6416.632311296,step1.layer19.scheduler,expert weights HBM to GPU
1,19,step1.layer19.gpu_expert_compute,gpu_expert,GPU_COMPUTE,step1.layer19.gpu_weight_load;step1.layer19.dispatch,6416.632311296,3.197132288,6419.829443584,step1.layer19.gpu_weight_load,grouped expert GEMM
1,19,step1.layer19.pim_gwrite,pim_write,GPU_PIM_IO,step1.layer19.scheduler;step1.layer19.dispatch,6378.883575296,0.058704000,6378.942279296,step1.layer19.scheduler,PIM_GWRITE token operands
1,19,step1.layer19.pim_expert_compute,pim_expert,PIM_COMPUTE,step1.layer19.pim_gwrite,6378.942279296,22.604016000,6401.546295296,step1.layer19.pim_gwrite,serialized PIM expert GEMV
1,19,step1.layer19.pim_read,pim_read,GPU_PIM_IO,step1.layer19.pim_expert_compute,6401.546295296,0.058704000,6401.604999296,step1.layer19.pim_expert_compute,PIM expert result read
1,19,step1.layer19.combine,combine,GPU_COMPUTE,step1.layer19.gpu_expert_compute;step1.layer19.pim_read,6419.829443584,1.036864000,6420.866307584,step1.layer19.gpu_expert_compute,weighted expert combine
1,19,step1.layer19.residual2,residual,GPU_COMPUTE,step1.layer19.combine,6420.866307584,1.012288000,6421.878595584,step1.layer19.combine,residual add
1,20,step1.layer20.norm1,norm,GPU_COMPUTE,step1.layer19.residual2,6421.878595584,1.008192000,6422.886787584,step1.layer19.residual2,RMSNorm
1,20,step1.layer20.qkv,qkv,GPU_COMPUTE,step1.layer20.norm1,6422.886787584,3.635776000,6426.522563584,step1.layer20.norm1,QKV projection
1,20,step1.layer20.rope,rope,GPU_COMPUTE,step1.layer20.qkv,6426.522563584,1.018432000,6427.540995584,step1.layer20.qkv,QK norm and RoPE
1,20,step1.layer20.attention,attention,PIM_COMPUTE,step1.layer20.rope,6427.540995584,17.593600000,6445.134595584,step1.layer20.rope,decode attention on PIM
1,20,step1.layer20.o_proj,attention_output,GPU_COMPUTE,step1.layer20.attention,6445.134595584,3.109440000,6448.244035584,step1.layer20.attention,attention output projection
1,20,step1.layer20.residual1,residual,GPU_COMPUTE,step1.layer20.o_proj,6448.244035584,1.012288000,6449.256323584,step1.layer20.o_proj,residual add
1,20,step1.layer20.norm2,norm,GPU_COMPUTE,step1.layer20.residual1,6449.256323584,1.008192000,6450.264515584,step1.layer20.residual1,RMSNorm
1,20,step1.layer20.router,router,GPU_COMPUTE,step1.layer20.norm2,6450.264515584,2.069888000,6452.334403584,step1.layer20.norm2,MoE router
1,20,step1.layer20.metadata,metadata,GPU_COMPUTE,step1.layer20.router,6452.334403584,1.000128000,6453.334531584,step1.layer20.router,routing metadata
1,20,step1.layer20.dispatch,dispatch,,step1.layer20.metadata,6453.334531584,0.000000000,6453.334531584,step1.layer20.metadata,single-GPU dispatch placeholder
1,20,step1.layer20.scheduler,scheduler,GPU_COMPUTE,step1.layer20.metadata,6453.334531584,20.000000000,6473.334531584,step1.layer20.metadata,sieve placement policy
1,20,step1.layer20.gpu_weight_load,gpu_weight_load,HBM_MEM_PATH,step1.layer20.scheduler,6473.334531584,37.748736000,6511.083267584,step1.layer20.scheduler,expert weights HBM to GPU
1,20,step1.layer20.gpu_expert_compute,gpu_expert,GPU_COMPUTE,step1.layer20.gpu_weight_load;step1.layer20.dispatch,6511.083267584,3.197132288,6514.280399872,step1.layer20.gpu_weight_load,grouped expert GEMM
1,20,step1.layer20.pim_gwrite,pim_write,GPU_PIM_IO,step1.layer20.scheduler;step1.layer20.dispatch,6473.334531584,0.058704000,6473.393235584,step1.layer20.scheduler,PIM_GWRITE token operands
1,20,step1.layer20.pim_expert_compute,pim_expert,PIM_COMPUTE,step1.layer20.pim_gwrite,6473.393235584,22.604016000,6495.997251584,step1.layer20.pim_gwrite,serialized PIM expert GEMV
1,20,step1.layer20.pim_read,pim_read,GPU_PIM_IO,step1.layer20.pim_expert_compute,6495.997251584,0.058704000,6496.055955584,step1.layer20.pim_expert_compute,PIM expert result read
1,20,step1.layer20.combine,combine,GPU_COMPUTE,step1.layer20.gpu_expert_compute;step1.layer20.pim_read,6514.280399872,1.036864000,6515.317263872,step1.layer20.gpu_expert_compute,weighted expert combine
1,20,step1.layer20.residual2,residual,GPU_COMPUTE,step1.layer20.combine,6515.317263872,1.012288000,6516.329551872,step1.layer20.combine,residual add
1,21,step1.layer21.norm1,norm,GPU_COMPUTE,step1.layer20.residual2,6516.329551872,1.008192000,6517.337743872,step1.layer20.residual2,RMSNorm
1,21,step1.layer21.qkv,qkv,GPU_COMPUTE,step1.layer21.norm1,6517.337743872,3.635776000,6520.973519872,step1.layer21.norm1,QKV projection
1,21,step1.layer21.rope,rope,GPU_COMPUTE,step1.layer21.qkv,6520.973519872,1.018432000,6521.991951872,step1.layer21.qkv,QK norm and RoPE
1,21,step1.layer21.attention,attention,PIM_COMPUTE,step1.layer21.rope,6521.991951872,17.593600000,6539.585551872,step1.layer21.rope,decode attention on PIM
1,21,step1.layer21.o_proj,attention_output,GPU_COMPUTE,step1.layer21.attention,6539.585551872,3.109440000,6542.694991872,step1.layer21.attention,attention output projection
1,21,step1.layer21.residual1,residual,GPU_COMPUTE,step1.layer21.o_proj,6542.694991872,1.012288000,6543.707279872,step1.layer21.o_proj,residual add
1,21,step1.layer21.norm2,norm,GPU_COMPUTE,step1.layer21.residual1,6543.707279872,1.008192000,6544.715471872,step1.layer21.residual1,RMSNorm
1,21,step1.layer21.router,router,GPU_COMPUTE,step1.layer21.norm2,6544.715471872,2.069888000,6546.785359872,step1.layer21.norm2,MoE router
1,21,step1.layer21.metadata,metadata,GPU_COMPUTE,step1.layer21.router,6546.785359872,1.000128000,6547.785487872,step1.layer21.router,routing metadata
1,21,step1.layer21.dispatch,dispatch,,step1.layer21.metadata,6547.785487872,0.000000000,6547.785487872,step1.layer21.metadata,single-GPU dispatch placeholder
1,21,step1.layer21.scheduler,scheduler,GPU_COMPUTE,step1.layer21.metadata,6547.785487872,20.000000000,6567.785487872,step1.layer21.metadata,sieve placement policy
1,21,step1.layer21.gpu_weight_load,gpu_weight_load,HBM_MEM_PATH,step1.layer21.scheduler,6567.785487872,37.748736000,6605.534223872,step1.layer21.scheduler,expert weights HBM to GPU
1,21,step1.layer21.gpu_expert_compute,gpu_expert,GPU_COMPUTE,step1.layer21.gpu_weight_load;step1.layer21.dispatch,6605.534223872,3.197132288,6608.731356160,step1.layer21.gpu_weight_load,grouped expert GEMM
1,21,step1.layer21.pim_gwrite,pim_write,GPU_PIM_IO,step1.layer21.scheduler;step1.layer21.dispatch,6567.785487872,0.058704000,6567.844191872,step1.layer21.scheduler,PIM_GWRITE token operands
1,21,step1.layer21.pim_expert_compute,pim_expert,PIM_COMPUTE,step1.layer21.pim_gwrite,6567.844191872,22.604016000,6590.448207872,step1.layer21.pim_gwrite,serialized PIM expert GEMV
1,21,step1.layer21.pim_read,pim_read,GPU_PIM_IO,step1.layer21.pim_expert_compute,6590.448207872,0.058704000,6590.506911872,step1.layer21.pim_expert_compute,PIM expert result read
1,21,step1.layer21.combine,combine,GPU_COMPUTE,step1.layer21.gpu_expert_compute;step1.layer21.pim_read,6608.731356160,1.036864000,6609.768220160,step1.layer21.gpu_expert_compute,weighted expert combine
1,21,step1.layer21.residual2,residual,GPU_COMPUTE,step1.layer21.combine,6609.768220160,1.012288000,6610.780508160,step1.layer21.combine,residual add
1,22,step1.layer22.norm1,norm,GPU_COMPUTE,step1.layer21.residual2,6610.780508160,1.008192000,6611.788700160,step1.layer21.residual2,RMSNorm
1,22,step1.layer22.qkv,qkv,GPU_COMPUTE,step1.layer22.norm1,6611.788700160,3.635776000,6615.424476160,step1.layer22.norm1,QKV projection
1,22,step1.layer22.rope,rope,GPU_COMPUTE,step1.layer22.qkv,6615.424476160,1.018432000,6616.442908160,step1.layer22.qkv,QK norm and RoPE
1,22,step1.layer22.attention,attention,PIM_COMPUTE,step1.layer22.rope,6616.442908160,17.593600000,6634.036508160,step1.layer22.rope,decode attention on PIM
1,22,step1.layer22.o_proj,attention_output,GPU_COMPUTE,step1.layer22.attention,6634.036508160,3.109440000,6637.145948160,step1.layer22.attention,attention output projection
1,22,step1.layer22.residual1,residual,GPU_COMPUTE,step1.layer22.o_proj,6637.145948160,1.012288000,6638.158236160,step1.layer22.o_proj,residual add
1,22,step1.layer22.norm2,norm,GPU_COMPUTE,step1.layer22.residual1,6638.158236160,1.008192000,6639.166428160,step1.layer22.residual1,RMSNorm
1,22,step1.layer22.router,router,GPU_COMPUTE,step1.layer22.norm2,6639.166428160,2.069888000,6641.236316160,step1.layer22.norm2,MoE router
1,22,step1.layer22.metadata,metadata,GPU_COMPUTE,step1.layer22.router,6641.236316160,1.000128000,6642.236444160,step1.layer22.router,routing metadata
1,22,step1.layer22.dispatch,dispatch,,step1.layer22.metadata,6642.236444160,0.000000000,6642.236444160,step1.layer22.metadata,single-GPU dispatch placeholder
1,22,step1.layer22.scheduler,scheduler,GPU_COMPUTE,step1.layer22.metadata,6642.236444160,20.000000000,6662.236444160,step1.layer22.metadata,sieve placement policy
1,22,step1.layer22.gpu_weight_load,gpu_weight_load,HBM_MEM_PATH,step1.layer22.scheduler,6662.236444160,37.748736000,6699.985180160,step1.layer22.scheduler,expert weights HBM to GPU
1,22,step1.layer22.gpu_expert_compute,gpu_expert,GPU_COMPUTE,step1.layer22.gpu_weight_load;step1.layer22.dispatch,6699.985180160,3.197132288,6703.182312448,step1.layer22.gpu_weight_load,grouped expert GEMM
1,22,step1.layer22.pim_gwrite,pim_write,GPU_PIM_IO,step1.layer22.scheduler;step1.layer22.dispatch,6662.236444160,0.058704000,6662.295148160,step1.layer22.scheduler,PIM_GWRITE token operands
1,22,step1.layer22.pim_expert_compute,pim_expert,PIM_COMPUTE,step1.layer22.pim_gwrite,6662.295148160,22.604016000,6684.899164160,step1.layer22.pim_gwrite,serialized PIM expert GEMV
1,22,step1.layer22.pim_read,pim_read,GPU_PIM_IO,step1.layer22.pim_expert_compute,6684.899164160,0.058704000,6684.957868160,step1.layer22.pim_expert_compute,PIM expert result read
1,22,step1.layer22.combine,combine,GPU_COMPUTE,step1.layer22.gpu_expert_compute;step1.layer22.pim_read,6703.182312448,1.036864000,6704.219176448,step1.layer22.gpu_expert_compute,weighted expert combine
1,22,step1.layer22.residual2,residual,GPU_COMPUTE,step1.layer22.combine,6704.219176448,1.012288000,6705.231464448,step1.layer22.combine,residual add
1,23,step1.layer23.norm1,norm,GPU_COMPUTE,step1.layer22.residual2,6705.231464448,1.008192000,6706.239656448,step1.layer22.residual2,RMSNorm
1,23,step1.layer23.qkv,qkv,GPU_COMPUTE,step1.layer23.norm1,6706.239656448,3.635776000,6709.875432448,step1.layer23.norm1,QKV projection
1,23,step1.layer23.rope,rope,GPU_COMPUTE,step1.layer23.qkv,6709.875432448,1.018432000,6710.893864448,step1.layer23.qkv,QK norm and RoPE
1,23,step1.layer23.attention,attention,PIM_COMPUTE,step1.layer23.rope,6710.893864448,17.593600000,6728.487464448,step1.layer23.rope,decode attention on PIM
1,23,step1.layer23.o_proj,attention_output,GPU_COMPUTE,step1.layer23.attention,6728.487464448,3.109440000,6731.596904448,step1.layer23.attention,attention output projection
1,23,step1.layer23.residual1,residual,GPU_COMPUTE,step1.layer23.o_proj,6731.596904448,1.012288000,6732.609192448,step1.layer23.o_proj,residual add
1,23,step1.layer23.norm2,norm,GPU_COMPUTE,step1.layer23.residual1,6732.609192448,1.008192000,6733.617384448,step1.layer23.residual1,RMSNorm
1,23,step1.layer23.router,router,GPU_COMPUTE,step1.layer23.norm2,6733.617384448,2.069888000,6735.687272448,step1.layer23.norm2,MoE router
1,23,step1.layer23.metadata,metadata,GPU_COMPUTE,step1.layer23.router,6735.687272448,1.000128000,6736.687400448,step1.layer23.router,routing metadata
1,23,step1.layer23.dispatch,dispatch,,step1.layer23.metadata,6736.687400448,0.000000000,6736.687400448,step1.layer23.metadata,single-GPU dispatch placeholder
1,23,step1.layer23.scheduler,scheduler,GPU_COMPUTE,step1.layer23.metadata,6736.687400448,20.000000000,6756.687400448,step1.layer23.metadata,sieve placement policy
1,23,step1.layer23.gpu_weight_load,gpu_weight_load,HBM_MEM_PATH,step1.layer23.scheduler,6756.687400448,37.748736000,6794.436136448,step1.layer23.scheduler,expert weights HBM to GPU
1,23,step1.layer23.gpu_expert_compute,gpu_expert,GPU_COMPUTE,step1.layer23.gpu_weight_load;step1.layer23.dispatch,6794.436136448,3.197132288,6797.633268736,step1.layer23.gpu_weight_load,grouped expert GEMM
1,23,step1.layer23.pim_gwrite,pim_write,GPU_PIM_IO,step1.layer23.scheduler;step1.layer23.dispatch,6756.687400448,0.058704000,6756.746104448,step1.layer23.scheduler,PIM_GWRITE token operands
1,23,step1.layer23.pim_expert_compute,pim_expert,PIM_COMPUTE,step1.layer23.pim_gwrite,6756.746104448,22.604016000,6779.350120448,step1.layer23.pim_gwrite,serialized PIM expert GEMV
1,23,step1.layer23.pim_read,pim_read,GPU_PIM_IO,step1.layer23.pim_expert_compute,6779.350120448,0.058704000,6779.408824448,step1.layer23.pim_expert_compute,PIM expert result read
1,23,step1.layer23.combine,combine,GPU_COMPUTE,step1.layer23.gpu_expert_compute;step1.layer23.pim_read,6797.633268736,1.036864000,6798.670132736,step1.layer23.gpu_expert_compute,weighted expert combine
1,23,step1.layer23.residual2,residual,GPU_COMPUTE,step1.layer23.combine,6798.670132736,1.012288000,6799.682420736,step1.layer23.combine,residual add
1,24,step1.layer24.norm1,norm,GPU_COMPUTE,step1.layer23.residual2,6799.682420736,1.008192000,6800.690612736,step1.layer23.residual2,RMSNorm
1,24,step1.layer24.qkv,qkv,GPU_COMPUTE,step1.layer24.norm1,6800.690612736,3.635776000,6804.326388736,step1.layer24.norm1,QKV projection
1,24,step1.layer24.rope,rope,GPU_COMPUTE,step1.layer24.qkv,6804.326388736,1.018432000,6805.344820736,step1.layer24.qkv,QK norm and RoPE
1,24,step1.layer24.attention,attention,PIM_COMPUTE,step1.layer24.rope,6805.344820736,17.593600000,6822.938420736,step1.layer24.rope,decode attention on PIM
1,24,step1.layer24.o_proj,attention_output,GPU_COMPUTE,step1.layer24.attention,6822.938420736,3.109440000,6826.047860736,step1.layer24.attention,attention output projection
1,24,step1.layer24.residual1,residual,GPU_COMPUTE,step1.layer24.o_proj,6826.047860736,1.012288000,6827.060148736,step1.layer24.o_proj,residual add
1,24,step1.layer24.norm2,norm,GPU_COMPUTE,step1.layer24.residual1,6827.060148736,1.008192000,6828.068340736,step1.layer24.residual1,RMSNorm
1,24,step1.layer24.router,router,GPU_COMPUTE,step1.layer24.norm2,6828.068340736,2.069888000,6830.138228736,step1.layer24.norm2,MoE router
1,24,step1.layer24.metadata,metadata,GPU_COMPUTE,step1.layer24.router,6830.138228736,1.000128000,6831.138356736,step1.layer24.router,routing metadata
1,24,step1.layer24.dispatch,dispatch,,step1.layer24.metadata,6831.138356736,0.000000000,6831.138356736,step1.layer24.metadata,single-GPU dispatch placeholder
1,24,step1.layer24.scheduler,scheduler,GPU_COMPUTE,step1.layer24.metadata,6831.138356736,20.000000000,6851.138356736,step1.layer24.metadata,sieve placement policy
1,24,step1.layer24.gpu_weight_load,gpu_weight_load,HBM_MEM_PATH,step1.layer24.scheduler,6851.138356736,37.748736000,6888.887092736,step1.layer24.scheduler,expert weights HBM to GPU
1,24,step1.layer24.gpu_expert_compute,gpu_expert,GPU_COMPUTE,step1.layer24.gpu_weight_load;step1.layer24.dispatch,6888.887092736,3.197132288,6892.084225024,step1.layer24.gpu_weight_load,grouped expert GEMM
1,24,step1.layer24.pim_gwrite,pim_write,GPU_PIM_IO,step1.layer24.scheduler;step1.layer24.dispatch,6851.138356736,0.058704000,6851.197060736,step1.layer24.scheduler,PIM_GWRITE token operands
1,24,step1.layer24.pim_expert_compute,pim_expert,PIM_COMPUTE,step1.layer24.pim_gwrite,6851.197060736,22.604016000,6873.801076736,step1.layer24.pim_gwrite,serialized PIM expert GEMV
1,24,step1.layer24.pim_read,pim_read,GPU_PIM_IO,step1.layer24.pim_expert_compute,6873.801076736,0.058704000,6873.859780736,step1.layer24.pim_expert_compute,PIM expert result read
1,24,step1.layer24.combine,combine,GPU_COMPUTE,step1.layer24.gpu_expert_compute;step1.layer24.pim_read,6892.084225024,1.036864000,6893.121089024,step1.layer24.gpu_expert_compute,weighted expert combine
1,24,step1.layer24.residual2,residual,GPU_COMPUTE,step1.layer24.combine,6893.121089024,1.012288000,6894.133377024,step1.layer24.combine,residual add
1,25,step1.layer25.norm1,norm,GPU_COMPUTE,step1.layer24.residual2,6894.133377024,1.008192000,6895.141569024,step1.layer24.residual2,RMSNorm
1,25,step1.layer25.qkv,qkv,GPU_COMPUTE,step1.layer25.norm1,6895.141569024,3.635776000,6898.777345024,step1.layer25.norm1,QKV projection
1,25,step1.layer25.rope,rope,GPU_COMPUTE,step1.layer25.qkv,6898.777345024,1.018432000,6899.795777024,step1.layer25.qkv,QK norm and RoPE
1,25,step1.layer25.attention,attention,PIM_COMPUTE,step1.layer25.rope,6899.795777024,17.593600000,6917.389377024,step1.layer25.rope,decode attention on PIM
1,25,step1.layer25.o_proj,attention_output,GPU_COMPUTE,step1.layer25.attention,6917.389377024,3.109440000,6920.498817024,step1.layer25.attention,attention output projection
1,25,step1.layer25.residual1,residual,GPU_COMPUTE,step1.layer25.o_proj,6920.498817024,1.012288000,6921.511105024,step1.layer25.o_proj,residual add
1,25,step1.layer25.norm2,norm,GPU_COMPUTE,step1.layer25.residual1,6921.511105024,1.008192000,6922.519297024,step1.layer25.residual1,RMSNorm
1,25,step1.layer25.router,router,GPU_COMPUTE,step1.layer25.norm2,6922.519297024,2.069888000,6924.589185024,step1.layer25.norm2,MoE router
1,25,step1.layer25.metadata,metadata,GPU_COMPUTE,step1.layer25.router,6924.589185024,1.000128000,6925.589313024,step1.layer25.router,routing metadata
1,25,step1.layer25.dispatch,dispatch,,step1.layer25.metadata,6925.589313024,0.000000000,6925.589313024,step1.layer25.metadata,single-GPU dispatch placeholder
1,25,step1.layer25.scheduler,scheduler,GPU_COMPUTE,step1.layer25.metadata,6925.589313024,20.000000000,6945.589313024,step1.layer25.metadata,sieve placement policy
1,25,step1.layer25.gpu_weight_load,gpu_weight_load,HBM_MEM_PATH,step1.layer25.scheduler,6945.589313024,37.748736000,6983.338049024,step1.layer25.scheduler,expert weights HBM to GPU
1,25,step1.layer25.gpu_expert_compute,gpu_expert,GPU_COMPUTE,step1.layer25.gpu_weight_load;step1.layer25.dispatch,6983.338049024,3.197132288,6986.535181312,step1.layer25.gpu_weight_load,grouped expert GEMM
1,25,step1.layer25.pim_gwrite,pim_write,GPU_PIM_IO,step1.layer25.scheduler;step1.layer25.dispatch,6945.589313024,0.058704000,6945.648017024,step1.layer25.scheduler,PIM_GWRITE token operands
1,25,step1.layer25.pim_expert_compute,pim_expert,PIM_COMPUTE,step1.layer25.pim_gwrite,6945.648017024,22.604016000,6968.252033024,step1.layer25.pim_gwrite,serialized PIM expert GEMV
1,25,step1.layer25.pim_read,pim_read,GPU_PIM_IO,step1.layer25.pim_expert_compute,6968.252033024,0.058704000,6968.310737024,step1.layer25.pim_expert_compute,PIM expert result read
1,25,step1.layer25.combine,combine,GPU_COMPUTE,step1.layer25.gpu_expert_compute;step1.layer25.pim_read,6986.535181312,1.036864000,6987.572045312,step1.layer25.gpu_expert_compute,weighted expert combine
1,25,step1.layer25.residual2,residual,GPU_COMPUTE,step1.layer25.combine,6987.572045312,1.012288000,6988.584333312,step1.layer25.combine,residual add
1,26,step1.layer26.norm1,norm,GPU_COMPUTE,step1.layer25.residual2,6988.584333312,1.008192000,6989.592525312,step1.layer25.residual2,RMSNorm
1,26,step1.layer26.qkv,qkv,GPU_COMPUTE,step1.layer26.norm1,6989.592525312,3.635776000,6993.228301312,step1.layer26.norm1,QKV projection
1,26,step1.layer26.rope,rope,GPU_COMPUTE,step1.layer26.qkv,6993.228301312,1.018432000,6994.246733312,step1.layer26.qkv,QK norm and RoPE
1,26,step1.layer26.attention,attention,PIM_COMPUTE,step1.layer26.rope,6994.246733312,17.593600000,7011.840333312,step1.layer26.rope,decode attention on PIM
1,26,step1.layer26.o_proj,attention_output,GPU_COMPUTE,step1.layer26.attention,7011.840333312,3.109440000,7014.949773312,step1.layer26.attention,attention output projection
1,26,step1.layer26.residual1,residual,GPU_COMPUTE,step1.layer26.o_proj,7014.949773312,1.012288000,7015.962061312,step1.layer26.o_proj,residual add
1,26,step1.layer26.norm2,norm,GPU_COMPUTE,step1.layer26.residual1,7015.962061312,1.008192000,7016.970253312,step1.layer26.residual1,RMSNorm
1,26,step1.layer26.router,router,GPU_COMPUTE,step1.layer26.norm2,7016.970253312,2.069888000,7019.040141312,step1.layer26.norm2,MoE router
1,26,step1.layer26.metadata,metadata,GPU_COMPUTE,step1.layer26.router,7019.040141312,1.000128000,7020.040269312,step1.layer26.router,routing metadata
1,26,step1.layer26.dispatch,dispatch,,step1.layer26.metadata,7020.040269312,0.000000000,7020.040269312,step1.layer26.metadata,single-GPU dispatch placeholder
1,26,step1.layer26.scheduler,scheduler,GPU_COMPUTE,step1.layer26.metadata,7020.040269312,20.000000000,7040.040269312,step1.layer26.metadata,sieve placement policy
1,26,step1.layer26.gpu_weight_load,gpu_weight_load,HBM_MEM_PATH,step1.layer26.scheduler,7040.040269312,37.748736000,7077.789005312,step1.layer26.scheduler,expert weights HBM to GPU
1,26,step1.layer26.gpu_expert_compute,gpu_expert,GPU_COMPUTE,step1.layer26.gpu_weight_load;step1.layer26.dispatch,7077.789005312,3.197132288,7080.986137600,step1.layer26.gpu_weight_load,grouped expert GEMM
1,26,step1.layer26.pim_gwrite,pim_write,GPU_PIM_IO,step1.layer26.scheduler;step1.layer26.dispatch,7040.040269312,0.058704000,7040.098973312,step1.layer26.scheduler,PIM_GWRITE token operands
1,26,step1.layer26.pim_expert_compute,pim_expert,PIM_COMPUTE,step1.layer26.pim_gwrite,7040.098973312,22.604016000,7062.702989312,step1.layer26.pim_gwrite,serialized PIM expert GEMV
1,26,step1.layer26.pim_read,pim_read,GPU_PIM_IO,step1.layer26.pim_expert_compute,7062.702989312,0.058704000,7062.761693312,step1.layer26.pim_expert_compute,PIM expert result read
1,26,step1.layer26.combine,combine,GPU_COMPUTE,step1.layer26.gpu_expert_compute;step1.layer26.pim_read,7080.986137600,1.036864000,7082.023001600,step1.layer26.gpu_expert_compute,weighted expert combine
1,26,step1.layer26.residual2,residual,GPU_COMPUTE,step1.layer26.combine,7082.023001600,1.012288000,7083.035289600,step1.layer26.combine,residual add
1,27,step1.layer27.norm1,norm,GPU_COMPUTE,step1.layer26.residual2,7083.035289600,1.008192000,7084.043481600,step1.layer26.residual2,RMSNorm
1,27,step1.layer27.qkv,qkv,GPU_COMPUTE,step1.layer27.norm1,7084.043481600,3.635776000,7087.679257600,step1.layer27.norm1,QKV projection
1,27,step1.layer27.rope,rope,GPU_COMPUTE,step1.layer27.qkv,7087.679257600,1.018432000,7088.697689600,step1.layer27.qkv,QK norm and RoPE
1,27,step1.layer27.attention,attention,PIM_COMPUTE,step1.layer27.rope,7088.697689600,17.593600000,7106.291289600,step1.layer27.rope,decode attention on PIM
1,27,step1.layer27.o_proj,attention_output,GPU_COMPUTE,step1.layer27.attention,7106.291289600,3.109440000,7109.400729600,step1.layer27.attention,attention output projection
1,27,step1.layer27.residual1,residual,GPU_COMPUTE,step1.layer27.o_proj,7109.400729600,1.012288000,7110.413017600,step1.layer27.o_proj,residual add
1,27,step1.layer27.norm2,norm,GPU_COMPUTE,step1.layer27.residual1,7110.413017600,1.008192000,7111.421209600,step1.layer27.residual1,RMSNorm
1,27,step1.layer27.router,router,GPU_COMPUTE,step1.layer27.norm2,7111.421209600,2.069888000,7113.491097600,step1.layer27.norm2,MoE router
1,27,step1.layer27.metadata,metadata,GPU_COMPUTE,step1.layer27.router,7113.491097600,1.000128000,7114.491225600,step1.layer27.router,routing metadata
1,27,step1.layer27.dispatch,dispatch,,step1.layer27.metadata,7114.491225600,0.000000000,7114.491225600,step1.layer27.metadata,single-GPU dispatch placeholder
1,27,step1.layer27.scheduler,scheduler,GPU_COMPUTE,step1.layer27.metadata,7114.491225600,20.000000000,7134.491225600,step1.layer27.metadata,sieve placement policy
1,27,step1.layer27.gpu_weight_load,gpu_weight_load,HBM_MEM_PATH,step1.layer27.scheduler,7134.491225600,37.748736000,7172.239961600,step1.layer27.scheduler,expert weights HBM to GPU
1,27,step1.layer27.gpu_expert_compute,gpu_expert,GPU_COMPUTE,step1.layer27.gpu_weight_load;step1.layer27.dispatch,7172.239961600,3.197132288,7175.437093888,step1.layer27.gpu_weight_load,grouped expert GEMM
1,27,step1.layer27.pim_gwrite,pim_write,GPU_PIM_IO,step1.layer27.scheduler;step1.layer27.dispatch,7134.491225600,0.058704000,7134.549929600,step1.layer27.scheduler,PIM_GWRITE token operands
1,27,step1.layer27.pim_expert_compute,pim_expert,PIM_COMPUTE,step1.layer27.pim_gwrite,7134.549929600,22.604016000,7157.153945600,step1.layer27.pim_gwrite,serialized PIM expert GEMV
1,27,step1.layer27.pim_read,pim_read,GPU_PIM_IO,step1.layer27.pim_expert_compute,7157.153945600,0.058704000,7157.212649600,step1.layer27.pim_expert_compute,PIM expert result read
1,27,step1.layer27.combine,combine,GPU_COMPUTE,step1.layer27.gpu_expert_compute;step1.layer27.pim_read,7175.437093888,1.036864000,7176.473957888,step1.layer27.gpu_expert_compute,weighted expert combine
1,27,step1.layer27.residual2,residual,GPU_COMPUTE,step1.layer27.combine,7176.473957888,1.012288000,7177.486245888,step1.layer27.combine,residual add
1,28,step1.layer28.norm1,norm,GPU_COMPUTE,step1.layer27.residual2,7177.486245888,1.008192000,7178.494437888,step1.layer27.residual2,RMSNorm
1,28,step1.layer28.qkv,qkv,GPU_COMPUTE,step1.layer28.norm1,7178.494437888,3.635776000,7182.130213888,step1.layer28.norm1,QKV projection
1,28,step1.layer28.rope,rope,GPU_COMPUTE,step1.layer28.qkv,7182.130213888,1.018432000,7183.148645888,step1.layer28.qkv,QK norm and RoPE
1,28,step1.layer28.attention,attention,PIM_COMPUTE,step1.layer28.rope,7183.148645888,17.593600000,7200.742245888,step1.layer28.rope,decode attention on PIM
1,28,step1.layer28.o_proj,attention_output,GPU_COMPUTE,step1.layer28.attention,7200.742245888,3.109440000,7203.851685888,step1.layer28.attention,attention output projection
1,28,step1.layer28.residual1,residual,GPU_COMPUTE,step1.layer28.o_proj,7203.851685888,1.012288000,7204.863973888,step1.layer28.o_proj,residual add
1,28,step1.layer28.norm2,norm,GPU_COMPUTE,step1.layer28.residual1,7204.863973888,1.008192000,7205.872165888,step1.layer28.residual1,RMSNorm
1,28,step1.layer28.router,router,GPU_COMPUTE,step1.layer28.norm2,7205.872165888,2.069888000,7207.942053888,step1.layer28.norm2,MoE router
1,28,step1.layer28.metadata,metadata,GPU_COMPUTE,step1.layer28.router,7207.942053888,1.000128000,7208.942181888,step1.layer28.router,routing metadata
1,28,step1.layer28.dispatch,dispatch,,step1.layer28.metadata,7208.942181888,0.000000000,7208.942181888,step1.layer28.metadata,single-GPU dispatch placeholder
1,28,step1.layer28.scheduler,scheduler,GPU_COMPUTE,step1.layer28.metadata,7208.942181888,20.000000000,7228.942181888,step1.layer28.metadata,sieve placement policy
1,28,step1.layer28.gpu_weight_load,gpu_weight_load,HBM_MEM_PATH,step1.layer28.scheduler,7228.942181888,37.748736000,7266.690917888,step1.layer28.scheduler,expert weights HBM to GPU
1,28,step1.layer28.gpu_expert_compute,gpu_expert,GPU_COMPUTE,step1.layer28.gpu_weight_load;step1.layer28.dispatch,7266.690917888,3.197132288,7269.888050176,step1.layer28.gpu_weight_load,grouped expert GEMM
1,28,step1.layer28.pim_gwrite,pim_write,GPU_PIM_IO,step1.layer28.scheduler;step1.layer28.dispatch,7228.942181888,0.058704000,7229.000885888,step1.layer28.scheduler,PIM_GWRITE token operands
1,28,step1.layer28.pim_expert_compute,pim_expert,PIM_COMPUTE,step1.layer28.pim_gwrite,7229.000885888,22.604016000,7251.604901888,step1.layer28.pim_gwrite,serialized PIM expert GEMV
1,28,step1.layer28.pim_read,pim_read,GPU_PIM_IO,step1.layer28.pim_expert_compute,7251.604901888,0.058704000,7251.663605888,step1.layer28.pim_expert_compute,PIM expert result read
1,28,step1.layer28.combine,combine,GPU_COMPUTE,step1.layer28.gpu_expert_compute;step1.layer28.pim_read,7269.888050176,1.036864000,7270.924914176,step1.layer28.gpu_expert_compute,weighted expert combine
1,28,step1.layer28.residual2,residual,GPU_COMPUTE,step1.layer28.combine,7270.924914176,1.012288000,7271.937202176,step1.layer28.combine,residual add
1,29,step1.layer29.norm1,norm,GPU_COMPUTE,step1.layer28.residual2,7271.937202176,1.008192000,7272.945394176,step1.layer28.residual2,RMSNorm
1,29,step1.layer29.qkv,qkv,GPU_COMPUTE,step1.layer29.norm1,7272.945394176,3.635776000,7276.581170176,step1.layer29.norm1,QKV projection
1,29,step1.layer29.rope,rope,GPU_COMPUTE,step1.layer29.qkv,7276.581170176,1.018432000,7277.599602176,step1.layer29.qkv,QK norm and RoPE
1,29,step1.layer29.attention,attention,PIM_COMPUTE,step1.layer29.rope,7277.599602176,17.593600000,7295.193202176,step1.layer29.rope,decode attention on PIM
1,29,step1.layer29.o_proj,attention_output,GPU_COMPUTE,step1.layer29.attention,7295.193202176,3.109440000,7298.302642176,step1.layer29.attention,attention output projection
1,29,step1.layer29.residual1,residual,GPU_COMPUTE,step1.layer29.o_proj,7298.302642176,1.012288000,7299.314930176,step1.layer29.o_proj,residual add
1,29,step1.layer29.norm2,norm,GPU_COMPUTE,step1.layer29.residual1,7299.314930176,1.008192000,7300.323122176,step1.layer29.residual1,RMSNorm
1,29,step1.layer29.router,router,GPU_COMPUTE,step1.layer29.norm2,7300.323122176,2.069888000,7302.393010176,step1.layer29.norm2,MoE router
1,29,step1.layer29.metadata,metadata,GPU_COMPUTE,step1.layer29.router,7302.393010176,1.000128000,7303.393138176,step1.layer29.router,routing metadata
1,29,step1.layer29.dispatch,dispatch,,step1.layer29.metadata,7303.393138176,0.000000000,7303.393138176,step1.layer29.metadata,single-GPU dispatch placeholder
1,29,step1.layer29.scheduler,scheduler,GPU_COMPUTE,step1.layer29.metadata,7303.393138176,20.000000000,7323.393138176,step1.layer29.metadata,sieve placement policy
1,29,step1.layer29.gpu_weight_load,gpu_weight_load,HBM_MEM_PATH,step1.layer29.scheduler,7323.393138176,37.748736000,7361.141874176,step1.layer29.scheduler,expert weights HBM to GPU
1,29,step1.layer29.gpu_expert_compute,gpu_expert,GPU_COMPUTE,step1.layer29.gpu_weight_load;step1.layer29.dispatch,7361.141874176,3.197132288,7364.339006464,step1.layer29.gpu_weight_load,grouped expert GEMM
1,29,step1.layer29.pim_gwrite,pim_write,GPU_PIM_IO,step1.layer29.scheduler;step1.layer29.dispatch,7323.393138176,0.058704000,7323.451842176,step1.layer29.scheduler,PIM_GWRITE token operands
1,29,step1.layer29.pim_expert_compute,pim_expert,PIM_COMPUTE,step1.layer29.pim_gwrite,7323.451842176,22.604016000,7346.055858176,step1.layer29.pim_gwrite,serialized PIM expert GEMV
1,29,step1.layer29.pim_read,pim_read,GPU_PIM_IO,step1.layer29.pim_expert_compute,7346.055858176,0.058704000,7346.114562176,step1.layer29.pim_expert_compute,PIM expert result read
1,29,step1.layer29.combine,combine,GPU_COMPUTE,step1.layer29.gpu_expert_compute;step1.layer29.pim_read,7364.339006464,1.036864000,7365.375870464,step1.layer29.gpu_expert_compute,weighted expert combine
1,29,step1.layer29.residual2,residual,GPU_COMPUTE,step1.layer29.combine,7365.375870464,1.012288000,7366.388158464,step1.layer29.combine,residual add
1,30,step1.layer30.norm1,norm,GPU_COMPUTE,step1.layer29.residual2,7366.388158464,1.008192000,7367.396350464,step1.layer29.residual2,RMSNorm
1,30,step1.layer30.qkv,qkv,GPU_COMPUTE,step1.layer30.norm1,7367.396350464,3.635776000,7371.032126464,step1.layer30.norm1,QKV projection
1,30,step1.layer30.rope,rope,GPU_COMPUTE,step1.layer30.qkv,7371.032126464,1.018432000,7372.050558464,step1.layer30.qkv,QK norm and RoPE
1,30,step1.layer30.attention,attention,PIM_COMPUTE,step1.layer30.rope,7372.050558464,17.593600000,7389.644158464,step1.layer30.rope,decode attention on PIM
1,30,step1.layer30.o_proj,attention_output,GPU_COMPUTE,step1.layer30.attention,7389.644158464,3.109440000,7392.753598464,step1.layer30.attention,attention output projection
1,30,step1.layer30.residual1,residual,GPU_COMPUTE,step1.layer30.o_proj,7392.753598464,1.012288000,7393.765886464,step1.layer30.o_proj,residual add
1,30,step1.layer30.norm2,norm,GPU_COMPUTE,step1.layer30.residual1,7393.765886464,1.008192000,7394.774078464,step1.layer30.residual1,RMSNorm
1,30,step1.layer30.router,router,GPU_COMPUTE,step1.layer30.norm2,7394.774078464,2.069888000,7396.843966464,step1.layer30.norm2,MoE router
1,30,step1.layer30.metadata,metadata,GPU_COMPUTE,step1.layer30.router,7396.843966464,1.000128000,7397.844094464,step1.layer30.router,routing metadata
1,30,step1.layer30.dispatch,dispatch,,step1.layer30.metadata,7397.844094464,0.000000000,7397.844094464,step1.layer30.metadata,single-GPU dispatch placeholder
1,30,step1.layer30.scheduler,scheduler,GPU_COMPUTE,step1.layer30.metadata,7397.844094464,20.000000000,7417.844094464,step1.layer30.metadata,sieve placement policy
1,30,step1.layer30.gpu_weight_load,gpu_weight_load,HBM_MEM_PATH,step1.layer30.scheduler,7417.844094464,37.748736000,7455.592830464,step1.layer30.scheduler,expert weights HBM to GPU
1,30,step1.layer30.gpu_expert_compute,gpu_expert,GPU_COMPUTE,step1.layer30.gpu_weight_load;step1.layer30.dispatch,7455.592830464,3.197132288,7458.789962752,step1.layer30.gpu_weight_load,grouped expert GEMM
1,30,step1.layer30.pim_gwrite,pim_write,GPU_PIM_IO,step1.layer30.scheduler;step1.layer30.dispatch,7417.844094464,0.058704000,7417.902798464,step1.layer30.scheduler,PIM_GWRITE token operands
1,30,step1.layer30.pim_expert_compute,pim_expert,PIM_COMPUTE,step1.layer30.pim_gwrite,7417.902798464,22.604016000,7440.506814464,step1.layer30.pim_gwrite,serialized PIM expert GEMV
1,30,step1.layer30.pim_read,pim_read,GPU_PIM_IO,step1.layer30.pim_expert_compute,7440.506814464,0.058704000,7440.565518464,step1.layer30.pim_expert_compute,PIM expert result read
1,30,step1.layer30.combine,combine,GPU_COMPUTE,step1.layer30.gpu_expert_compute;step1.layer30.pim_read,7458.789962752,1.036864000,7459.826826752,step1.layer30.gpu_expert_compute,weighted expert combine
1,30,step1.layer30.residual2,residual,GPU_COMPUTE,step1.layer30.combine,7459.826826752,1.012288000,7460.839114752,step1.layer30.combine,residual add
1,31,step1.layer31.norm1,norm,GPU_COMPUTE,step1.layer30.residual2,7460.839114752,1.008192000,7461.847306752,step1.layer30.residual2,RMSNorm
1,31,step1.layer31.qkv,qkv,GPU_COMPUTE,step1.layer31.norm1,7461.847306752,3.635776000,7465.483082752,step1.layer31.norm1,QKV projection
1,31,step1.layer31.rope,rope,GPU_COMPUTE,step1.layer31.qkv,7465.483082752,1.018432000,7466.501514752,step1.layer31.qkv,QK norm and RoPE
1,31,step1.layer31.attention,attention,PIM_COMPUTE,step1.layer31.rope,7466.501514752,17.593600000,7484.095114752,step1.layer31.rope,decode attention on PIM
1,31,step1.layer31.o_proj,attention_output,GPU_COMPUTE,step1.layer31.attention,7484.095114752,3.109440000,7487.204554752,step1.layer31.attention,attention output projection
1,31,step1.layer31.residual1,residual,GPU_COMPUTE,step1.layer31.o_proj,7487.204554752,1.012288000,7488.216842752,step1.layer31.o_proj,residual add
1,31,step1.layer31.norm2,norm,GPU_COMPUTE,step1.layer31.residual1,7488.216842752,1.008192000,7489.225034752,step1.layer31.residual1,RMSNorm
1,31,step1.layer31.router,router,GPU_COMPUTE,step1.layer31.norm2,7489.225034752,2.069888000,7491.294922752,step1.layer31.norm2,MoE router
1,31,step1.layer31.metadata,metadata,GPU_COMPUTE,step1.layer31.router,7491.294922752,1.000128000,7492.295050752,step1.layer31.router,routing metadata
1,31,step1.layer31.dispatch,dispatch,,step1.layer31.metadata,7492.295050752,0.000000000,7492.295050752,step1.layer31.metadata,single-GPU dispatch placeholder
1,31,step1.layer31.scheduler,scheduler,GPU_COMPUTE,step1.layer31.metadata,7492.295050752,20.000000000,7512.295050752,step1.layer31.metadata,sieve placement policy
1,31,step1.layer31.gpu_weight_load,gpu_weight_load,HBM_MEM_PATH,step1.layer31.scheduler,7512.295050752,37.748736000,7550.043786752,step1.layer31.scheduler,expert weights HBM to GPU
1,31,step1.layer31.gpu_expert_compute,gpu_expert,GPU_COMPUTE,step1.layer31.gpu_weight_load;step1.layer31.dispatch,7550.043786752,3.197132288,7553.240919040,step1.layer31.gpu_weight_load,grouped expert GEMM
1,31,step1.layer31.pim_gwrite,pim_write,GPU_PIM_IO,step1.layer31.scheduler;step1.layer31.dispatch,7512.295050752,0.058704000,7512.353754752,step1.layer31.scheduler,PIM_GWRITE token operands
1,31,step1.layer31.pim_expert_compute,pim_expert,PIM_COMPUTE,step1.layer31.pim_gwrite,7512.353754752,22.604016000,7534.957770752,step1.layer31.pim_gwrite,serialized PIM expert GEMV
1,31,step1.layer31.pim_read,pim_read,GPU_PIM_IO,step1.layer31.pim_expert_compute,7534.957770752,0.058704000,7535.016474752,step1.layer31.pim_expert_compute,PIM expert result read
1,31,step1.layer31.combine,combine,GPU_COMPUTE,step1.layer31.gpu_expert_compute;step1.layer31.pim_read,7553.240919040,1.036864000,7554.277783040,step1.layer31.gpu_expert_compute,weighted expert combine
1,31,step1.layer31.residual2,residual,GPU_COMPUTE,step1.layer31.combine,7554.277783040,1.012288000,7555.290071040,step1.layer31.combine,residual add
1,32,step1.layer32.norm1,norm,GPU_COMPUTE,step1.layer31.residual2,7555.290071040,1.008192000,7556.298263040,step1.layer31.residual2,RMSNorm
1,32,step1.layer32.qkv,qkv,GPU_COMPUTE,step1.layer32.norm1,7556.298263040,3.635776000,7559.934039040,step1.layer32.norm1,QKV projection
1,32,step1.layer32.rope,rope,GPU_COMPUTE,step1.layer32.qkv,7559.934039040,1.018432000,7560.952471040,step1.layer32.qkv,QK norm and RoPE
1,32,step1.layer32.attention,attention,PIM_COMPUTE,step1.layer32.rope,7560.952471040,17.593600000,7578.546071040,step1.layer32.rope,decode attention on PIM
1,32,step1.layer32.o_proj,attention_output,GPU_COMPUTE,step1.layer32.attention,7578.546071040,3.109440000,7581.655511040,step1.layer32.attention,attention output projection
1,32,step1.layer32.residual1,residual,GPU_COMPUTE,step1.layer32.o_proj,7581.655511040,1.012288000,7582.667799040,step1.layer32.o_proj,residual add
1,32,step1.layer32.norm2,norm,GPU_COMPUTE,step1.layer32.residual1,7582.667799040,1.008192000,7583.675991040,step1.layer32.residual1,RMSNorm
1,32,step1.layer32.router,router,GPU_COMPUTE,step1.layer32.norm2,7583.675991040,2.069888000,7585.745879040,step1.layer32.norm2,MoE router
1,32,step1.layer32.metadata,metadata,GPU_COMPUTE,step1.layer32.router,7585.745879040,1.000128000,7586.746007040,step1.layer32.router,routing metadata
1,32,step1.layer32.dispatch,dispatch,,step1.layer32.metadata,7586.746007040,0.000000000,7586.746007040,step1.layer32.metadata,single-GPU dispatch placeholder
1,32,step1.layer32.scheduler,scheduler,GPU_COMPUTE,step1.layer32.metadata,7586.746007040,20.000000000,7606.746007040,step1.layer32.metadata,sieve placement policy
1,32,step1.layer32.gpu_weight_load,gpu_weight_load,HBM_MEM_PATH,step1.layer32.scheduler,7606.746007040,37.748736000,7644.494743040,step1.layer32.scheduler,expert weights HBM to GPU
1,32,step1.layer32.gpu_expert_compute,gpu_expert,GPU_COMPUTE,step1.layer32.gpu_weight_load;step1.layer32.dispatch,7644.494743040,3.197132288,7647.691875328,step1.layer32.gpu_weight_load,grouped expert GEMM
1,32,step1.layer32.pim_gwrite,pim_write,GPU_PIM_IO,step1.layer32.scheduler;step1.layer32.dispatch,7606.746007040,0.058704000,7606.804711040,step1.layer32.scheduler,PIM_GWRITE token operands
1,32,step1.layer32.pim_expert_compute,pim_expert,PIM_COMPUTE,step1.layer32.pim_gwrite,7606.804711040,22.604016000,7629.408727040,step1.layer32.pim_gwrite,serialized PIM expert GEMV
1,32,step1.layer32.pim_read,pim_read,GPU_PIM_IO,step1.layer32.pim_expert_compute,7629.408727040,0.058704000,7629.467431040,step1.layer32.pim_expert_compute,PIM expert result read
1,32,step1.layer32.combine,combine,GPU_COMPUTE,step1.layer32.gpu_expert_compute;step1.layer32.pim_read,7647.691875328,1.036864000,7648.728739328,step1.layer32.gpu_expert_compute,weighted expert combine
1,32,step1.layer32.residual2,residual,GPU_COMPUTE,step1.layer32.combine,7648.728739328,1.012288000,7649.741027328,step1.layer32.combine,residual add
1,33,step1.layer33.norm1,norm,GPU_COMPUTE,step1.layer32.residual2,7649.741027328,1.008192000,7650.749219328,step1.layer32.residual2,RMSNorm
1,33,step1.layer33.qkv,qkv,GPU_COMPUTE,step1.layer33.norm1,7650.749219328,3.635776000,7654.384995328,step1.layer33.norm1,QKV projection
1,33,step1.layer33.rope,rope,GPU_COMPUTE,step1.layer33.qkv,7654.384995328,1.018432000,7655.403427328,step1.layer33.qkv,QK norm and RoPE
1,33,step1.layer33.attention,attention,PIM_COMPUTE,step1.layer33.rope,7655.403427328,17.593600000,7672.997027328,step1.layer33.rope,decode attention on PIM
1,33,step1.layer33.o_proj,attention_output,GPU_COMPUTE,step1.layer33.attention,7672.997027328,3.109440000,7676.106467328,step1.layer33.attention,attention output projection
1,33,step1.layer33.residual1,residual,GPU_COMPUTE,step1.layer33.o_proj,7676.106467328,1.012288000,7677.118755328,step1.layer33.o_proj,residual add
1,33,step1.layer33.norm2,norm,GPU_COMPUTE,step1.layer33.residual1,7677.118755328,1.008192000,7678.126947328,step1.layer33.residual1,RMSNorm
1,33,step1.layer33.router,router,GPU_COMPUTE,step1.layer33.norm2,7678.126947328,2.069888000,7680.196835328,step1.layer33.norm2,MoE router
1,33,step1.layer33.metadata,metadata,GPU_COMPUTE,step1.layer33.router,7680.196835328,1.000128000,7681.196963328,step1.layer33.router,routing metadata
1,33,step1.layer33.dispatch,dispatch,,step1.layer33.metadata,7681.196963328,0.000000000,7681.196963328,step1.layer33.metadata,single-GPU dispatch placeholder
1,33,step1.layer33.scheduler,scheduler,GPU_COMPUTE,step1.layer33.metadata,7681.196963328,20.000000000,7701.196963328,step1.layer33.metadata,sieve placement policy
1,33,step1.layer33.gpu_weight_load,gpu_weight_load,HBM_MEM_PATH,step1.layer33.scheduler,7701.196963328,37.748736000,7738.945699328,step1.layer33.scheduler,expert weights HBM to GPU
1,33,step1.layer33.gpu_expert_compute,gpu_expert,GPU_COMPUTE,step1.layer33.gpu_weight_load;step1.layer33.dispatch,7738.945699328,3.197132288,7742.142831616,step1.layer33.gpu_weight_load,grouped expert GEMM
1,33,step1.layer33.pim_gwrite,pim_write,GPU_PIM_IO,step1.layer33.scheduler;step1.layer33.dispatch,7701.196963328,0.058704000,7701.255667328,step1.layer33.scheduler,PIM_GWRITE token operands
1,33,step1.layer33.pim_expert_compute,pim_expert,PIM_COMPUTE,step1.layer33.pim_gwrite,7701.255667328,22.604016000,7723.859683328,step1.layer33.pim_gwrite,serialized PIM expert GEMV
1,33,step1.layer33.pim_read,pim_read,GPU_PIM_IO,step1.layer33.pim_expert_compute,7723.859683328,0.058704000,7723.918387328,step1.layer33.pim_expert_compute,PIM expert result read
1,33,step1.layer33.combine,combine,GPU_COMPUTE,step1.layer33.gpu_expert_compute;step1.layer33.pim_read,7742.142831616,1.036864000,7743.179695616,step1.layer33.gpu_expert_compute,weighted expert combine
1,33,step1.layer33.residual2,residual,GPU_COMPUTE,step1.layer33.combine,7743.179695616,1.012288000,7744.191983616,step1.layer33.combine,residual add
1,34,step1.layer34.norm1,norm,GPU_COMPUTE,step1.layer33.residual2,7744.191983616,1.008192000,7745.200175616,step1.layer33.residual2,RMSNorm
1,34,step1.layer34.qkv,qkv,GPU_COMPUTE,step1.layer34.norm1,7745.200175616,3.635776000,7748.835951616,step1.layer34.norm1,QKV projection
1,34,step1.layer34.rope,rope,GPU_COMPUTE,step1.layer34.qkv,7748.835951616,1.018432000,7749.854383616,step1.layer34.qkv,QK norm and RoPE
1,34,step1.layer34.attention,attention,PIM_COMPUTE,step1.layer34.rope,7749.854383616,17.593600000,7767.447983616,step1.layer34.rope,decode attention on PIM
1,34,step1.layer34.o_proj,attention_output,GPU_COMPUTE,step1.layer34.attention,7767.447983616,3.109440000,7770.557423616,step1.layer34.attention,attention output projection
1,34,step1.layer34.residual1,residual,GPU_COMPUTE,step1.layer34.o_proj,7770.557423616,1.012288000,7771.569711616,step1.layer34.o_proj,residual add
1,34,step1.layer34.norm2,norm,GPU_COMPUTE,step1.layer34.residual1,7771.569711616,1.008192000,7772.577903616,step1.layer34.residual1,RMSNorm
1,34,step1.layer34.router,router,GPU_COMPUTE,step1.layer34.norm2,7772.577903616,2.069888000,7774.647791616,step1.layer34.norm2,MoE router
1,34,step1.layer34.metadata,metadata,GPU_COMPUTE,step1.layer34.router,7774.647791616,1.000128000,7775.647919616,step1.layer34.router,routing metadata
1,34,step1.layer34.dispatch,dispatch,,step1.layer34.metadata,7775.647919616,0.000000000,7775.647919616,step1.layer34.metadata,single-GPU dispatch placeholder
1,34,step1.layer34.scheduler,scheduler,GPU_COMPUTE,step1.layer34.metadata,7775.647919616,20.000000000,7795.647919616,step1.layer34.metadata,sieve placement policy
1,34,step1.layer34.gpu_weight_load,gpu_weight_load,HBM_MEM_PATH,step1.layer34.scheduler,7795.647919616,37.748736000,7833.396655616,step1.layer34.scheduler,expert weights HBM to GPU
1,34,step1.layer34.gpu_expert_compute,gpu_expert,GPU_COMPUTE,step1.layer34.gpu_weight_load;step1.layer34.dispatch,7833.396655616,3.197132288,7836.593787904,step1.layer34.gpu_weight_load,grouped expert GEMM
1,34,step1.layer34.pim_gwrite,pim_write,GPU_PIM_IO,step1.layer34.scheduler;step1.layer34.dispatch,7795.647919616,0.058704000,7795.706623616,step1.layer34.scheduler,PIM_GWRITE token operands
1,34,step1.layer34.pim_expert_compute,pim_expert,PIM_COMPUTE,step1.layer34.pim_gwrite,7795.706623616,22.604016000,7818.310639616,step1.layer34.pim_gwrite,serialized PIM expert GEMV
1,34,step1.layer34.pim_read,pim_read,GPU_PIM_IO,step1.layer34.pim_expert_compute,7818.310639616,0.058704000,7818.369343616,step1.layer34.pim_expert_compute,PIM expert result read
1,34,step1.layer34.combine,combine,GPU_COMPUTE,step1.layer34.gpu_expert_compute;step1.layer34.pim_read,7836.593787904,1.036864000,7837.630651904,step1.layer34.gpu_expert_compute,weighted expert combine
1,34,step1.layer34.residual2,residual,GPU_COMPUTE,step1.layer34.combine,7837.630651904,1.012288000,7838.642939904,step1.layer34.combine,residual add
1,35,step1.layer35.norm1,norm,GPU_COMPUTE,step1.layer34.residual2,7838.642939904,1.008192000,7839.651131904,step1.layer34.residual2,RMSNorm
1,35,step1.layer35.qkv,qkv,GPU_COMPUTE,step1.layer35.norm1,7839.651131904,3.635776000,7843.286907904,step1.layer35.norm1,QKV projection
1,35,step1.layer35.rope,rope,GPU_COMPUTE,step1.layer35.qkv,7843.286907904,1.018432000,7844.305339904,step1.layer35.qkv,QK norm and RoPE
1,35,step1.layer35.attention,attention,PIM_COMPUTE,step1.layer35.rope,7844.305339904,17.593600000,7861.898939904,step1.layer35.rope,decode attention on PIM
1,35,step1.layer35.o_proj,attention_output,GPU_COMPUTE,step1.layer35.attention,7861.898939904,3.109440000,7865.008379904,step1.layer35.attention,attention output projection
1,35,step1.layer35.residual1,residual,GPU_COMPUTE,step1.layer35.o_proj,7865.008379904,1.012288000,7866.020667904,step1.layer35.o_proj,residual add
1,35,step1.layer35.norm2,norm,GPU_COMPUTE,step1.layer35.residual1,7866.020667904,1.008192000,7867.028859904,step1.layer35.residual1,RMSNorm
1,35,step1.layer35.router,router,GPU_COMPUTE,step1.layer35.norm2,7867.028859904,2.069888000,7869.098747904,step1.layer35.norm2,MoE router
1,35,step1.layer35.metadata,metadata,GPU_COMPUTE,step1.layer35.router,7869.098747904,1.000128000,7870.098875904,step1.layer35.router,routing metadata
1,35,step1.layer35.dispatch,dispatch,,step1.layer35.metadata,7870.098875904,0.000000000,7870.098875904,step1.layer35.metadata,single-GPU dispatch placeholder
1,35,step1.layer35.scheduler,scheduler,GPU_COMPUTE,step1.layer35.metadata,7870.098875904,20.000000000,7890.098875904,step1.layer35.metadata,sieve placement policy
1,35,step1.layer35.gpu_weight_load,gpu_weight_load,HBM_MEM_PATH,step1.layer35.scheduler,7890.098875904,37.748736000,7927.847611904,step1.layer35.scheduler,expert weights HBM to GPU
1,35,step1.layer35.gpu_expert_compute,gpu_expert,GPU_COMPUTE,step1.layer35.gpu_weight_load;step1.layer35.dispatch,7927.847611904,3.197132288,7931.044744192,step1.layer35.gpu_weight_load,grouped expert GEMM
1,35,step1.layer35.pim_gwrite,pim_write,GPU_PIM_IO,step1.layer35.scheduler;step1.layer35.dispatch,7890.098875904,0.058704000,7890.157579904,step1.layer35.scheduler,PIM_GWRITE token operands
1,35,step1.layer35.pim_expert_compute,pim_expert,PIM_COMPUTE,step1.layer35.pim_gwrite,7890.157579904,22.604016000,7912.761595904,step1.layer35.pim_gwrite,serialized PIM expert GEMV
1,35,step1.layer35.pim_read,pim_read,GPU_PIM_IO,step1.layer35.pim_expert_compute,7912.761595904,0.058704000,7912.820299904,step1.layer35.pim_expert_compute,PIM expert result read
1,35,step1.layer35.combine,combine,GPU_COMPUTE,step1.layer35.gpu_expert_compute;step1.layer35.pim_read,7931.044744192,1.036864000,7932.081608192,step1.layer35.gpu_expert_compute,weighted expert combine
1,35,step1.layer35.residual2,residual,GPU_COMPUTE,step1.layer35.combine,7932.081608192,1.012288000,7933.093896192,step1.layer35.combine,residual add
1,36,step1.layer36.norm1,norm,GPU_COMPUTE,step1.layer35.residual2,7933.093896192,1.008192000,7934.102088192,step1.layer35.residual2,RMSNorm
1,36,step1.layer36.qkv,qkv,GPU_COMPUTE,step1.layer36.norm1,7934.102088192,3.635776000,7937.737864192,step1.layer36.norm1,QKV projection
1,36,step1.layer36.rope,rope,GPU_COMPUTE,step1.layer36.qkv,7937.737864192,1.018432000,7938.756296192,step1.layer36.qkv,QK norm and RoPE
1,36,step1.layer36.attention,attention,PIM_COMPUTE,step1.layer36.rope,7938.756296192,17.593600000,7956.349896192,step1.layer36.rope,decode attention on PIM
1,36,step1.layer36.o_proj,attention_output,GPU_COMPUTE,step1.layer36.attention,7956.349896192,3.109440000,7959.459336192,step1.layer36.attention,attention output projection
1,36,step1.layer36.residual1,residual,GPU_COMPUTE,step1.layer36.o_proj,7959.459336192,1.012288000,7960.471624192,step1.layer36.o_proj,residual add
1,36,step1.layer36.norm2,norm,GPU_COMPUTE,step1.layer36.residual1,7960.471624192,1.008192000,7961.479816192,step1.layer36.residual1,RMSNorm
1,36,step1.layer36.router,router,GPU_COMPUTE,step1.layer36.norm2,7961.479816192,2.069888000,7963.549704192,step1.layer36.norm2,MoE router
1,36,step1.layer36.metadata,metadata,GPU_COMPUTE,step1.layer36.router,7963.549704192,1.000128000,7964.549832192,step1.layer36.router,routing metadata
1,36,step1.layer36.dispatch,dispatch,,step1.layer36.metadata,7964.549832192,0.000000000,7964.549832192,step1.layer36.metadata,single-GPU dispatch placeholder
1,36,step1.layer36.scheduler,scheduler,GPU_COMPUTE,step1.layer36.metadata,7964.549832192,20.000000000,7984.549832192,step1.layer36.metadata,sieve placement policy
1,36,step1.layer36.gpu_weight_load,gpu_weight_load,HBM_MEM_PATH,step1.layer36.scheduler,7984.549832192,37.748736000,8022.298568192,step1.layer36.scheduler,expert weights HBM to GPU
1,36,step1.layer36.gpu_expert_compute,gpu_expert,GPU_COMPUTE,step1.layer36.gpu_weight_load;step1.layer36.dispatch,8022.298568192,3.197132288,8025.495700480,step1.layer36.gpu_weight_load,grouped expert GEMM
1,36,step1.layer36.pim_gwrite,pim_write,GPU_PIM_IO,step1.layer36.scheduler;step1.layer36.dispatch,7984.549832192,0.058704000,7984.608536192,step1.layer36.scheduler,PIM_GWRITE token operands
1,36,step1.layer36.pim_expert_compute,pim_expert,PIM_COMPUTE,step1.layer36.pim_gwrite,7984.608536192,22.604016000,8007.212552192,step1.layer36.pim_gwrite,serialized PIM expert GEMV
1,36,step1.layer36.pim_read,pim_read,GPU_PIM_IO,step1.layer36.pim_expert_compute,8007.212552192,0.058704000,8007.271256192,step1.layer36.pim_expert_compute,PIM expert result read
1,36,step1.layer36.combine,combine,GPU_COMPUTE,step1.layer36.gpu_expert_compute;step1.layer36.pim_read,8025.495700480,1.036864000,8026.532564480,step1.layer36.gpu_expert_compute,weighted expert combine
1,36,step1.layer36.residual2,residual,GPU_COMPUTE,step1.layer36.combine,8026.532564480,1.012288000,8027.544852480,step1.layer36.combine,residual add
1,37,step1.layer37.norm1,norm,GPU_COMPUTE,step1.layer36.residual2,8027.544852480,1.008192000,8028.553044480,step1.layer36.residual2,RMSNorm
1,37,step1.layer37.qkv,qkv,GPU_COMPUTE,step1.layer37.norm1,8028.553044480,3.635776000,8032.188820480,step1.layer37.norm1,QKV projection
1,37,step1.layer37.rope,rope,GPU_COMPUTE,step1.layer37.qkv,8032.188820480,1.018432000,8033.207252480,step1.layer37.qkv,QK norm and RoPE
1,37,step1.layer37.attention,attention,PIM_COMPUTE,step1.layer37.rope,8033.207252480,17.593600000,8050.800852480,step1.layer37.rope,decode attention on PIM
1,37,step1.layer37.o_proj,attention_output,GPU_COMPUTE,step1.layer37.attention,8050.800852480,3.109440000,8053.910292480,step1.layer37.attention,attention output projection
1,37,step1.layer37.residual1,residual,GPU_COMPUTE,step1.layer37.o_proj,8053.910292480,1.012288000,8054.922580480,step1.layer37.o_proj,residual add
1,37,step1.layer37.norm2,norm,GPU_COMPUTE,step1.layer37.residual1,8054.922580480,1.008192000,8055.930772480,step1.layer37.residual1,RMSNorm
1,37,step1.layer37.router,router,GPU_COMPUTE,step1.layer37.norm2,8055.930772480,2.069888000,8058.000660480,step1.layer37.norm2,MoE router
1,37,step1.layer37.metadata,metadata,GPU_COMPUTE,step1.layer37.router,8058.000660480,1.000128000,8059.000788480,step1.layer37.router,routing metadata
1,37,step1.layer37.dispatch,dispatch,,step1.layer37.metadata,8059.000788480,0.000000000,8059.000788480,step1.layer37.metadata,single-GPU dispatch placeholder
1,37,step1.layer37.scheduler,scheduler,GPU_COMPUTE,step1.layer37.metadata,8059.000788480,20.000000000,8079.000788480,step1.layer37.metadata,sieve placement policy
1,37,step1.layer37.gpu_weight_load,gpu_weight_load,HBM_MEM_PATH,step1.layer37.scheduler,8079.000788480,37.748736000,8116.749524480,step1.layer37.scheduler,expert weights HBM to GPU
1,37,step1.layer37.gpu_expert_compute,gpu_expert,GPU_COMPUTE,step1.layer37.gpu_weight_load;step1.layer37.dispatch,8116.749524480,3.197132288,8119.946656768,step1.layer37.gpu_weight_load,grouped expert GEMM
1,37,step1.layer37.pim_gwrite,pim_write,GPU_PIM_IO,step1.layer37.scheduler;step1.layer37.dispatch,8079.000788480,0.058704000,8079.059492480,step1.layer37.scheduler,PIM_GWRITE token operands
1,37,step1.layer37.pim_expert_compute,pim_expert,PIM_COMPUTE,step1.layer37.pim_gwrite,8079.059492480,22.604016000,8101.663508480,step1.layer37.pim_gwrite,serialized PIM expert GEMV
1,37,step1.layer37.pim_read,pim_read,GPU_PIM_IO,step1.layer37.pim_expert_compute,8101.663508480,0.058704000,8101.722212480,step1.layer37.pim_expert_compute,PIM expert result read
1,37,step1.layer37.combine,combine,GPU_COMPUTE,step1.layer37.gpu_expert_compute;step1.layer37.pim_read,8119.946656768,1.036864000,8120.983520768,step1.layer37.gpu_expert_compute,weighted expert combine
1,37,step1.layer37.residual2,residual,GPU_COMPUTE,step1.layer37.combine,8120.983520768,1.012288000,8121.995808768,step1.layer37.combine,residual add
1,38,step1.layer38.norm1,norm,GPU_COMPUTE,step1.layer37.residual2,8121.995808768,1.008192000,8123.004000768,step1.layer37.residual2,RMSNorm
1,38,step1.layer38.qkv,qkv,GPU_COMPUTE,step1.layer38.norm1,8123.004000768,3.635776000,8126.639776768,step1.layer38.norm1,QKV projection
1,38,step1.layer38.rope,rope,GPU_COMPUTE,step1.layer38.qkv,8126.639776768,1.018432000,8127.658208768,step1.layer38.qkv,QK norm and RoPE
1,38,step1.layer38.attention,attention,PIM_COMPUTE,step1.layer38.rope,8127.658208768,17.593600000,8145.251808768,step1.layer38.rope,decode attention on PIM
1,38,step1.layer38.o_proj,attention_output,GPU_COMPUTE,step1.layer38.attention,8145.251808768,3.109440000,8148.361248768,step1.layer38.attention,attention output projection
1,38,step1.layer38.residual1,residual,GPU_COMPUTE,step1.layer38.o_proj,8148.361248768,1.012288000,8149.373536768,step1.layer38.o_proj,residual add
1,38,step1.layer38.norm2,norm,GPU_COMPUTE,step1.layer38.residual1,8149.373536768,1.008192000,8150.381728768,step1.layer38.residual1,RMSNorm
1,38,step1.layer38.router,router,GPU_COMPUTE,step1.layer38.norm2,8150.381728768,2.069888000,8152.451616768,step1.layer38.norm2,MoE router
1,38,step1.layer38.metadata,metadata,GPU_COMPUTE,step1.layer38.router,8152.451616768,1.000128000,8153.451744768,step1.layer38.router,routing metadata
1,38,step1.layer38.dispatch,dispatch,,step1.layer38.metadata,8153.451744768,0.000000000,8153.451744768,step1.layer38.metadata,single-GPU dispatch placeholder
1,38,step1.layer38.scheduler,scheduler,GPU_COMPUTE,step1.layer38.metadata,8153.451744768,20.000000000,8173.451744768,step1.layer38.metadata,sieve placement policy
1,38,step1.layer38.gpu_weight_load,gpu_weight_load,HBM_MEM_PATH,step1.layer38.scheduler,8173.451744768,37.748736000,8211.200480768,step1.layer38.scheduler,expert weights HBM to GPU
1,38,step1.layer38.gpu_expert_compute,gpu_expert,GPU_COMPUTE,step1.layer38.gpu_weight_load;step1.layer38.dispatch,8211.200480768,3.197132288,8214.397613056,step1.layer38.gpu_weight_load,grouped expert GEMM
1,38,step1.layer38.pim_gwrite,pim_write,GPU_PIM_IO,step1.layer38.scheduler;step1.layer38.dispatch,8173.451744768,0.058704000,8173.510448768,step1.layer38.scheduler,PIM_GWRITE token operands
1,38,step1.layer38.pim_expert_compute,pim_expert,PIM_COMPUTE,step1.layer38.pim_gwrite,8173.510448768,22.604016000,8196.114464768,step1.layer38.pim_gwrite,serialized PIM expert GEMV
1,38,step1.layer38.pim_read,pim_read,GPU_PIM_IO,step1.layer38.pim_expert_compute,8196.114464768,0.058704000,8196.173168768,step1.layer38.pim_expert_compute,PIM expert result read
1,38,step1.layer38.combine,combine,GPU_COMPUTE,step1.layer38.gpu_expert_compute;step1.layer38.pim_read,8214.397613056,1.036864000,8215.434477056,step1.layer38.gpu_expert_compute,weighted expert combine
1,38,step1.layer38.residual2,residual,GPU_COMPUTE,step1.layer38.combine,8215.434477056,1.012288000,8216.446765056,step1.layer38.combine,residual add
1,39,step1.layer39.norm1,norm,GPU_COMPUTE,step1.layer38.residual2,8216.446765056,1.008192000,8217.454957056,step1.layer38.residual2,RMSNorm
1,39,step1.layer39.qkv,qkv,GPU_COMPUTE,step1.layer39.norm1,8217.454957056,3.635776000,8221.090733056,step1.layer39.norm1,QKV projection
1,39,step1.layer39.rope,rope,GPU_COMPUTE,step1.layer39.qkv,8221.090733056,1.018432000,8222.109165056,step1.layer39.qkv,QK norm and RoPE
1,39,step1.layer39.attention,attention,PIM_COMPUTE,step1.layer39.rope,8222.109165056,17.593600000,8239.702765056,step1.layer39.rope,decode attention on PIM
1,39,step1.layer39.o_proj,attention_output,GPU_COMPUTE,step1.layer39.attention,8239.702765056,3.109440000,8242.812205056,step1.layer39.attention,attention output projection
1,39,step1.layer39.residual1,residual,GPU_COMPUTE,step1.layer39.o_proj,8242.812205056,1.012288000,8243.824493056,step1.layer39.o_proj,residual add
1,39,step1.layer39.norm2,norm,GPU_COMPUTE,step1.layer39.residual1,8243.824493056,1.008192000,8244.832685056,step1.layer39.residual1,RMSNorm
1,39,step1.layer39.router,router,GPU_COMPUTE,step1.layer39.norm2,8244.832685056,2.069888000,8246.902573056,step1.layer39.norm2,MoE router
1,39,step1.layer39.metadata,metadata,GPU_COMPUTE,step1.layer39.router,8246.902573056,1.000128000,8247.902701056,step1.layer39.router,routing metadata
1,39,step1.layer39.dispatch,dispatch,,step1.layer39.metadata,8247.902701056,0.000000000,8247.902701056,step1.layer39.metadata,single-GPU dispatch placeholder
1,39,step1.layer39.scheduler,scheduler,GPU_COMPUTE,step1.layer39.metadata,8247.902701056,20.000000000,8267.902701056,step1.layer39.metadata,sieve placement policy
1,39,step1.layer39.gpu_weight_load,gpu_weight_load,HBM_MEM_PATH,step1.layer39.scheduler,8267.902701056,37.748736000,8305.651437056,step1.layer39.scheduler,expert weights HBM to GPU
1,39,step1.layer39.gpu_expert_compute,gpu_expert,GPU_COMPUTE,step1.layer39.gpu_weight_load;step1.layer39.dispatch,8305.651437056,3.197132288,8308.848569344,step1.layer39.gpu_weight_load,grouped expert GEMM
1,39,step1.layer39.pim_gwrite,pim_write,GPU_PIM_IO,step1.layer39.scheduler;step1.layer39.dispatch,8267.902701056,0.058704000,8267.961405056,step1.layer39.scheduler,PIM_GWRITE token operands
1,39,step1.layer39.pim_expert_compute,pim_expert,PIM_COMPUTE,step1.layer39.pim_gwrite,8267.961405056,22.604016000,8290.565421056,step1.layer39.pim_gwrite,serialized PIM expert GEMV
1,39,step1.layer39.pim_read,pim_read,GPU_PIM_IO,step1.layer39.pim_expert_compute,8290.565421056,0.058704000,8290.624125056,step1.layer39.pim_expert_compute,PIM expert result read
1,39,step1.layer39.combine,combine,GPU_COMPUTE,step1.layer39.gpu_expert_compute;step1.layer39.pim_read,8308.848569344,1.036864000,8309.885433344,step1.layer39.gpu_expert_compute,weighted expert combine
1,39,step1.layer39.residual2,residual,GPU_COMPUTE,step1.layer39.combine,8309.885433344,1.012288000,8310.897721344,step1.layer39.combine,residual add
1,40,step1.layer40.norm1,norm,GPU_COMPUTE,step1.layer39.residual2,8310.897721344,1.008192000,8311.905913344,step1.layer39.residual2,RMSNorm
1,40,step1.layer40.qkv,qkv,GPU_COMPUTE,step1.layer40.norm1,8311.905913344,3.635776000,8315.541689344,step1.layer40.norm1,QKV projection
1,40,step1.layer40.rope,rope,GPU_COMPUTE,step1.layer40.qkv,8315.541689344,1.018432000,8316.560121344,step1.layer40.qkv,QK norm and RoPE
1,40,step1.layer40.attention,attention,PIM_COMPUTE,step1.layer40.rope,8316.560121344,17.593600000,8334.153721344,step1.layer40.rope,decode attention on PIM
1,40,step1.layer40.o_proj,attention_output,GPU_COMPUTE,step1.layer40.attention,8334.153721344,3.109440000,8337.263161344,step1.layer40.attention,attention output projection
1,40,step1.layer40.residual1,residual,GPU_COMPUTE,step1.layer40.o_proj,8337.263161344,1.012288000,8338.275449344,step1.layer40.o_proj,residual add
1,40,step1.layer40.norm2,norm,GPU_COMPUTE,step1.layer40.residual1,8338.275449344,1.008192000,8339.283641344,step1.layer40.residual1,RMSNorm
1,40,step1.layer40.router,router,GPU_COMPUTE,step1.layer40.norm2,8339.283641344,2.069888000,8341.353529344,step1.layer40.norm2,MoE router
1,40,step1.layer40.metadata,metadata,GPU_COMPUTE,step1.layer40.router,8341.353529344,1.000128000,8342.353657344,step1.layer40.router,routing metadata
1,40,step1.layer40.dispatch,dispatch,,step1.layer40.metadata,8342.353657344,0.000000000,8342.353657344,step1.layer40.metadata,single-GPU dispatch placeholder
1,40,step1.layer40.scheduler,scheduler,GPU_COMPUTE,step1.layer40.metadata,8342.353657344,20.000000000,8362.353657344,step1.layer40.metadata,sieve placement policy
1,40,step1.layer40.gpu_weight_load,gpu_weight_load,HBM_MEM_PATH,step1.layer40.scheduler,8362.353657344,37.748736000,8400.102393344,step1.layer40.scheduler,expert weights HBM to GPU
1,40,step1.layer40.gpu_expert_compute,gpu_expert,GPU_COMPUTE,step1.layer40.gpu_weight_load;step1.layer40.dispatch,8400.102393344,3.197132288,8403.299525632,step1.layer40.gpu_weight_load,grouped expert GEMM
1,40,step1.layer40.pim_gwrite,pim_write,GPU_PIM_IO,step1.layer40.scheduler;step1.layer40.dispatch,8362.353657344,0.058704000,8362.412361344,step1.layer40.scheduler,PIM_GWRITE token operands
1,40,step1.layer40.pim_expert_compute,pim_expert,PIM_COMPUTE,step1.layer40.pim_gwrite,8362.412361344,22.604016000,8385.016377344,step1.layer40.pim_gwrite,serialized PIM expert GEMV
1,40,step1.layer40.pim_read,pim_read,GPU_PIM_IO,step1.layer40.pim_expert_compute,8385.016377344,0.058704000,8385.075081344,step1.layer40.pim_expert_compute,PIM expert result read
1,40,step1.layer40.combine,combine,GPU_COMPUTE,step1.layer40.gpu_expert_compute;step1.layer40.pim_read,8403.299525632,1.036864000,8404.336389632,step1.layer40.gpu_expert_compute,weighted expert combine
1,40,step1.layer40.residual2,residual,GPU_COMPUTE,step1.layer40.combine,8404.336389632,1.012288000,8405.348677632,step1.layer40.combine,residual add
1,41,step1.layer41.norm1,norm,GPU_COMPUTE,step1.layer40.residual2,8405.348677632,1.008192000,8406.356869632,step1.layer40.residual2,RMSNorm
1,41,step1.layer41.qkv,qkv,GPU_COMPUTE,step1.layer41.norm1,8406.356869632,3.635776000,8409.992645632,step1.layer41.norm1,QKV projection
1,41,step1.layer41.rope,rope,GPU_COMPUTE,step1.layer41.qkv,8409.992645632,1.018432000,8411.011077632,step1.layer41.qkv,QK norm and RoPE
1,41,step1.layer41.attention,attention,PIM_COMPUTE,step1.layer41.rope,8411.011077632,17.593600000,8428.604677632,step1.layer41.rope,decode attention on PIM
1,41,step1.layer41.o_proj,attention_output,GPU_COMPUTE,step1.layer41.attention,8428.604677632,3.109440000,8431.714117632,step1.layer41.attention,attention output projection
1,41,step1.layer41.residual1,residual,GPU_COMPUTE,step1.layer41.o_proj,8431.714117632,1.012288000,8432.726405632,step1.layer41.o_proj,residual add
1,41,step1.layer41.norm2,norm,GPU_COMPUTE,step1.layer41.residual1,8432.726405632,1.008192000,8433.734597632,step1.layer41.residual1,RMSNorm
1,41,step1.layer41.router,router,GPU_COMPUTE,step1.layer41.norm2,8433.734597632,2.069888000,8435.804485632,step1.layer41.norm2,MoE router
1,41,step1.layer41.metadata,metadata,GPU_COMPUTE,step1.layer41.router,8435.804485632,1.000128000,8436.804613632,step1.layer41.router,routing metadata
1,41,step1.layer41.dispatch,dispatch,,step1.layer41.metadata,8436.804613632,0.000000000,8436.804613632,step1.layer41.metadata,single-GPU dispatch placeholder
1,41,step1.layer41.scheduler,scheduler,GPU_COMPUTE,step1.layer41.metadata,8436.804613632,20.000000000,8456.804613632,step1.layer41.metadata,sieve placement policy
1,41,step1.layer41.gpu_weight_load,gpu_weight_load,HBM_MEM_PATH,step1.layer41.scheduler,8456.804613632,37.748736000,8494.553349632,step1.layer41.scheduler,expert weights HBM to GPU
1,41,step1.layer41.gpu_expert_compute,gpu_expert,GPU_COMPUTE,step1.layer41.gpu_weight_load;step1.layer41.dispatch,8494.553349632,3.197132288,8497.750481920,step1.layer41.gpu_weight_load,grouped expert GEMM
1,41,step1.layer41.pim_gwrite,pim_write,GPU_PIM_IO,step1.layer41.scheduler;step1.layer41.dispatch,8456.804613632,0.058704000,8456.863317632,step1.layer41.scheduler,PIM_GWRITE token operands
1,41,step1.layer41.pim_expert_compute,pim_expert,PIM_COMPUTE,step1.layer41.pim_gwrite,8456.863317632,22.604016000,8479.467333632,step1.layer41.pim_gwrite,serialized PIM expert GEMV
1,41,step1.layer41.pim_read,pim_read,GPU_PIM_IO,step1.layer41.pim_expert_compute,8479.467333632,0.058704000,8479.526037632,step1.layer41.pim_expert_compute,PIM expert result read
1,41,step1.layer41.combine,combine,GPU_COMPUTE,step1.layer41.gpu_expert_compute;step1.layer41.pim_read,8497.750481920,1.036864000,8498.787345920,step1.layer41.gpu_expert_compute,weighted expert combine
1,41,step1.layer41.residual2,residual,GPU_COMPUTE,step1.layer41.combine,8498.787345920,1.012288000,8499.799633920,step1.layer41.combine,residual add
1,42,step1.layer42.norm1,norm,GPU_COMPUTE,step1.layer41.residual2,8499.799633920,1.008192000,8500.807825920,step1.layer41.residual2,RMSNorm
1,42,step1.layer42.qkv,qkv,GPU_COMPUTE,step1.layer42.norm1,8500.807825920,3.635776000,8504.443601920,step1.layer42.norm1,QKV projection
1,42,step1.layer42.rope,rope,GPU_COMPUTE,step1.layer42.qkv,8504.443601920,1.018432000,8505.462033920,step1.layer42.qkv,QK norm and RoPE
1,42,step1.layer42.attention,attention,PIM_COMPUTE,step1.layer42.rope,8505.462033920,17.593600000,8523.055633920,step1.layer42.rope,decode attention on PIM
1,42,step1.layer42.o_proj,attention_output,GPU_COMPUTE,step1.layer42.attention,8523.055633920,3.109440000,8526.165073920,step1.layer42.attention,attention output projection
1,42,step1.layer42.residual1,residual,GPU_COMPUTE,step1.layer42.o_proj,8526.165073920,1.012288000,8527.177361920,step1.layer42.o_proj,residual add
1,42,step1.layer42.norm2,norm,GPU_COMPUTE,step1.layer42.residual1,8527.177361920,1.008192000,8528.185553920,step1.layer42.residual1,RMSNorm
1,42,step1.layer42.router,router,GPU_COMPUTE,step1.layer42.norm2,8528.185553920,2.069888000,8530.255441920,step1.layer42.norm2,MoE router
1,42,step1.layer42.metadata,metadata,GPU_COMPUTE,step1.layer42.router,8530.255441920,1.000128000,8531.255569920,step1.layer42.router,routing metadata
1,42,step1.layer42.dispatch,dispatch,,step1.layer42.metadata,8531.255569920,0.000000000,8531.255569920,step1.layer42.metadata,single-GPU dispatch placeholder
1,42,step1.layer42.scheduler,scheduler,GPU_COMPUTE,step1.layer42.metadata,8531.255569920,20.000000000,8551.255569920,step1.layer42.metadata,sieve placement policy
1,42,step1.layer42.gpu_weight_load,gpu_weight_load,HBM_MEM_PATH,step1.layer42.scheduler,8551.255569920,37.748736000,8589.004305920,step1.layer42.scheduler,expert weights HBM to GPU
1,42,step1.layer42.gpu_expert_compute,gpu_expert,GPU_COMPUTE,step1.layer42.gpu_weight_load;step1.layer42.dispatch,8589.004305920,3.197132288,8592.201438208,step1.layer42.gpu_weight_load,grouped expert GEMM
1,42,step1.layer42.pim_gwrite,pim_write,GPU_PIM_IO,step1.layer42.scheduler;step1.layer42.dispatch,8551.255569920,0.058704000,8551.314273920,step1.layer42.scheduler,PIM_GWRITE token operands
1,42,step1.layer42.pim_expert_compute,pim_expert,PIM_COMPUTE,step1.layer42.pim_gwrite,8551.314273920,22.604016000,8573.918289920,step1.layer42.pim_gwrite,serialized PIM expert GEMV
1,42,step1.layer42.pim_read,pim_read,GPU_PIM_IO,step1.layer42.pim_expert_compute,8573.918289920,0.058704000,8573.976993920,step1.layer42.pim_expert_compute,PIM expert result read
1,42,step1.layer42.combine,combine,GPU_COMPUTE,step1.layer42.gpu_expert_compute;step1.layer42.pim_read,8592.201438208,1.036864000,8593.238302208,step1.layer42.gpu_expert_compute,weighted expert combine
1,42,step1.layer42.residual2,residual,GPU_COMPUTE,step1.layer42.combine,8593.238302208,1.012288000,8594.250590208,step1.layer42.combine,residual add
1,43,step1.layer43.norm1,norm,GPU_COMPUTE,step1.layer42.residual2,8594.250590208,1.008192000,8595.258782208,step1.layer42.residual2,RMSNorm
1,43,step1.layer43.qkv,qkv,GPU_COMPUTE,step1.layer43.norm1,8595.258782208,3.635776000,8598.894558208,step1.layer43.norm1,QKV projection
1,43,step1.layer43.rope,rope,GPU_COMPUTE,step1.layer43.qkv,8598.894558208,1.018432000,8599.912990208,step1.layer43.qkv,QK norm and RoPE
1,43,step1.layer43.attention,attention,PIM_COMPUTE,step1.layer43.rope,8599.912990208,17.593600000,8617.506590208,step1.layer43.rope,decode attention on PIM
1,43,step1.layer43.o_proj,attention_output,GPU_COMPUTE,step1.layer43.attention,8617.506590208,3.109440000,8620.616030208,step1.layer43.attention,attention output projection
1,43,step1.layer43.residual1,residual,GPU_COMPUTE,step1.layer43.o_proj,8620.616030208,1.012288000,8621.628318208,step1.layer43.o_proj,residual add
1,43,step1.layer43.norm2,norm,GPU_COMPUTE,step1.layer43.residual1,8621.628318208,1.008192000,8622.636510208,step1.layer43.residual1,RMSNorm
1,43,step1.layer43.router,router,GPU_COMPUTE,step1.layer43.norm2,8622.636510208,2.069888000,8624.706398208,step1.layer43.norm2,MoE router
1,43,step1.layer43.metadata,metadata,GPU_COMPUTE,step1.layer43.router,8624.706398208,1.000128000,8625.706526208,step1.layer43.router,routing metadata
1,43,step1.layer43.dispatch,dispatch,,step1.layer43.metadata,8625.706526208,0.000000000,8625.706526208,step1.layer43.metadata,single-GPU dispatch placeholder
1,43,step1.layer43.scheduler,scheduler,GPU_COMPUTE,step1.layer43.metadata,8625.706526208,20.000000000,8645.706526208,step1.layer43.metadata,sieve placement policy
1,43,step1.layer43.gpu_weight_load,gpu_weight_load,HBM_MEM_PATH,step1.layer43.scheduler,8645.706526208,37.748736000,8683.455262208,step1.layer43.scheduler,expert weights HBM to GPU
1,43,step1.layer43.gpu_expert_compute,gpu_expert,GPU_COMPUTE,step1.layer43.gpu_weight_load;step1.layer43.dispatch,8683.455262208,3.197132288,8686.652394496,step1.layer43.gpu_weight_load,grouped expert GEMM
1,43,step1.layer43.pim_gwrite,pim_write,GPU_PIM_IO,step1.layer43.scheduler;step1.layer43.dispatch,8645.706526208,0.058704000,8645.765230208,step1.layer43.scheduler,PIM_GWRITE token operands
1,43,step1.layer43.pim_expert_compute,pim_expert,PIM_COMPUTE,step1.layer43.pim_gwrite,8645.765230208,22.604016000,8668.369246208,step1.layer43.pim_gwrite,serialized PIM expert GEMV
1,43,step1.layer43.pim_read,pim_read,GPU_PIM_IO,step1.layer43.pim_expert_compute,8668.369246208,0.058704000,8668.427950208,step1.layer43.pim_expert_compute,PIM expert result read
1,43,step1.layer43.combine,combine,GPU_COMPUTE,step1.layer43.gpu_expert_compute;step1.layer43.pim_read,8686.652394496,1.036864000,8687.689258496,step1.layer43.gpu_expert_compute,weighted expert combine
1,43,step1.layer43.residual2,residual,GPU_COMPUTE,step1.layer43.combine,8687.689258496,1.012288000,8688.701546496,step1.layer43.combine,residual add
1,44,step1.layer44.norm1,norm,GPU_COMPUTE,step1.layer43.residual2,8688.701546496,1.008192000,8689.709738496,step1.layer43.residual2,RMSNorm
1,44,step1.layer44.qkv,qkv,GPU_COMPUTE,step1.layer44.norm1,8689.709738496,3.635776000,8693.345514496,step1.layer44.norm1,QKV projection
1,44,step1.layer44.rope,rope,GPU_COMPUTE,step1.layer44.qkv,8693.345514496,1.018432000,8694.363946496,step1.layer44.qkv,QK norm and RoPE
1,44,step1.layer44.attention,attention,PIM_COMPUTE,step1.layer44.rope,8694.363946496,17.593600000,8711.957546496,step1.layer44.rope,decode attention on PIM
1,44,step1.layer44.o_proj,attention_output,GPU_COMPUTE,step1.layer44.attention,8711.957546496,3.109440000,8715.066986496,step1.layer44.attention,attention output projection
1,44,step1.layer44.residual1,residual,GPU_COMPUTE,step1.layer44.o_proj,8715.066986496,1.012288000,8716.079274496,step1.layer44.o_proj,residual add
1,44,step1.layer44.norm2,norm,GPU_COMPUTE,step1.layer44.residual1,8716.079274496,1.008192000,8717.087466496,step1.layer44.residual1,RMSNorm
1,44,step1.layer44.router,router,GPU_COMPUTE,step1.layer44.norm2,8717.087466496,2.069888000,8719.157354496,step1.layer44.norm2,MoE router
1,44,step1.layer44.metadata,metadata,GPU_COMPUTE,step1.layer44.router,8719.157354496,1.000128000,8720.157482496,step1.layer44.router,routing metadata
1,44,step1.layer44.dispatch,dispatch,,step1.layer44.metadata,8720.157482496,0.000000000,8720.157482496,step1.layer44.metadata,single-GPU dispatch placeholder
1,44,step1.layer44.scheduler,scheduler,GPU_COMPUTE,step1.layer44.metadata,8720.157482496,20.000000000,8740.157482496,step1.layer44.metadata,sieve placement policy
1,44,step1.layer44.gpu_weight_load,gpu_weight_load,HBM_MEM_PATH,step1.layer44.scheduler,8740.157482496,37.748736000,8777.906218496,step1.layer44.scheduler,expert weights HBM to GPU
1,44,step1.layer44.gpu_expert_compute,gpu_expert,GPU_COMPUTE,step1.layer44.gpu_weight_load;step1.layer44.dispatch,8777.906218496,3.197132288,8781.103350784,step1.layer44.gpu_weight_load,grouped expert GEMM
1,44,step1.layer44.pim_gwrite,pim_write,GPU_PIM_IO,step1.layer44.scheduler;step1.layer44.dispatch,8740.157482496,0.058704000,8740.216186496,step1.layer44.scheduler,PIM_GWRITE token operands
1,44,step1.layer44.pim_expert_compute,pim_expert,PIM_COMPUTE,step1.layer44.pim_gwrite,8740.216186496,22.604016000,8762.820202496,step1.layer44.pim_gwrite,serialized PIM expert GEMV
1,44,step1.layer44.pim_read,pim_read,GPU_PIM_IO,step1.layer44.pim_expert_compute,8762.820202496,0.058704000,8762.878906496,step1.layer44.pim_expert_compute,PIM expert result read
1,44,step1.layer44.combine,combine,GPU_COMPUTE,step1.layer44.gpu_expert_compute;step1.layer44.pim_read,8781.103350784,1.036864000,8782.140214784,step1.layer44.gpu_expert_compute,weighted expert combine
1,44,step1.layer44.residual2,residual,GPU_COMPUTE,step1.layer44.combine,8782.140214784,1.012288000,8783.152502784,step1.layer44.combine,residual add
1,45,step1.layer45.norm1,norm,GPU_COMPUTE,step1.layer44.residual2,8783.152502784,1.008192000,8784.160694784,step1.layer44.residual2,RMSNorm
1,45,step1.layer45.qkv,qkv,GPU_COMPUTE,step1.layer45.norm1,8784.160694784,3.635776000,8787.796470784,step1.layer45.norm1,QKV projection
1,45,step1.layer45.rope,rope,GPU_COMPUTE,step1.layer45.qkv,8787.796470784,1.018432000,8788.814902784,step1.layer45.qkv,QK norm and RoPE
1,45,step1.layer45.attention,attention,PIM_COMPUTE,step1.layer45.rope,8788.814902784,17.593600000,8806.408502784,step1.layer45.rope,decode attention on PIM
1,45,step1.layer45.o_proj,attention_output,GPU_COMPUTE,step1.layer45.attention,8806.408502784,3.109440000,8809.517942784,step1.layer45.attention,attention output projection
1,45,step1.layer45.residual1,residual,GPU_COMPUTE,step1.layer45.o_proj,8809.517942784,1.012288000,8810.530230784,step1.layer45.o_proj,residual add
1,45,step1.layer45.norm2,norm,GPU_COMPUTE,step1.layer45.residual1,8810.530230784,1.008192000,8811.538422784,step1.layer45.residual1,RMSNorm
1,45,step1.layer45.router,router,GPU_COMPUTE,step1.layer45.norm2,8811.538422784,2.069888000,8813.608310784,step1.layer45.norm2,MoE router
1,45,step1.layer45.metadata,metadata,GPU_COMPUTE,step1.layer45.router,8813.608310784,1.000128000,8814.608438784,step1.layer45.router,routing metadata
1,45,step1.layer45.dispatch,dispatch,,step1.layer45.metadata,8814.608438784,0.000000000,8814.608438784,step1.layer45.metadata,single-GPU dispatch placeholder
1,45,step1.layer45.scheduler,scheduler,GPU_COMPUTE,step1.layer45.metadata,8814.608438784,20.000000000,8834.608438784,step1.layer45.metadata,sieve placement policy
1,45,step1.layer45.gpu_weight_load,gpu_weight_load,HBM_MEM_PATH,step1.layer45.scheduler,8834.608438784,37.748736000,8872.357174784,step1.layer45.scheduler,expert weights HBM to GPU
1,45,step1.layer45.gpu_expert_compute,gpu_expert,GPU_COMPUTE,step1.layer45.gpu_weight_load;step1.layer45.dispatch,8872.357174784,3.197132288,8875.554307072,step1.layer45.gpu_weight_load,grouped expert GEMM
1,45,step1.layer45.pim_gwrite,pim_write,GPU_PIM_IO,step1.layer45.scheduler;step1.layer45.dispatch,8834.608438784,0.058704000,8834.667142784,step1.layer45.scheduler,PIM_GWRITE token operands
1,45,step1.layer45.pim_expert_compute,pim_expert,PIM_COMPUTE,step1.layer45.pim_gwrite,8834.667142784,22.604016000,8857.271158784,step1.layer45.pim_gwrite,serialized PIM expert GEMV
1,45,step1.layer45.pim_read,pim_read,GPU_PIM_IO,step1.layer45.pim_expert_compute,8857.271158784,0.058704000,8857.329862784,step1.layer45.pim_expert_compute,PIM expert result read
1,45,step1.layer45.combine,combine,GPU_COMPUTE,step1.layer45.gpu_expert_compute;step1.layer45.pim_read,8875.554307072,1.036864000,8876.591171072,step1.layer45.gpu_expert_compute,weighted expert combine
1,45,step1.layer45.residual2,residual,GPU_COMPUTE,step1.layer45.combine,8876.591171072,1.012288000,8877.603459072,step1.layer45.combine,residual add
1,46,step1.layer46.norm1,norm,GPU_COMPUTE,step1.layer45.residual2,8877.603459072,1.008192000,8878.611651072,step1.layer45.residual2,RMSNorm
1,46,step1.layer46.qkv,qkv,GPU_COMPUTE,step1.layer46.norm1,8878.611651072,3.635776000,8882.247427072,step1.layer46.norm1,QKV projection
1,46,step1.layer46.rope,rope,GPU_COMPUTE,step1.layer46.qkv,8882.247427072,1.018432000,8883.265859072,step1.layer46.qkv,QK norm and RoPE
1,46,step1.layer46.attention,attention,PIM_COMPUTE,step1.layer46.rope,8883.265859072,17.593600000,8900.859459072,step1.layer46.rope,decode attention on PIM
1,46,step1.layer46.o_proj,attention_output,GPU_COMPUTE,step1.layer46.attention,8900.859459072,3.109440000,8903.968899072,step1.layer46.attention,attention output projection
1,46,step1.layer46.residual1,residual,GPU_COMPUTE,step1.layer46.o_proj,8903.968899072,1.012288000,8904.981187072,step1.layer46.o_proj,residual add
1,46,step1.layer46.norm2,norm,GPU_COMPUTE,step1.layer46.residual1,8904.981187072,1.008192000,8905.989379072,step1.layer46.residual1,RMSNorm
1,46,step1.layer46.router,router,GPU_COMPUTE,step1.layer46.norm2,8905.989379072,2.069888000,8908.059267072,step1.layer46.norm2,MoE router
1,46,step1.layer46.metadata,metadata,GPU_COMPUTE,step1.layer46.router,8908.059267072,1.000128000,8909.059395072,step1.layer46.router,routing metadata
1,46,step1.layer46.dispatch,dispatch,,step1.layer46.metadata,8909.059395072,0.000000000,8909.059395072,step1.layer46.metadata,single-GPU dispatch placeholder
1,46,step1.layer46.scheduler,scheduler,GPU_COMPUTE,step1.layer46.metadata,8909.059395072,20.000000000,8929.059395072,step1.layer46.metadata,sieve placement policy
1,46,step1.layer46.gpu_weight_load,gpu_weight_load,HBM_MEM_PATH,step1.layer46.scheduler,8929.059395072,37.748736000,8966.808131072,step1.layer46.scheduler,expert weights HBM to GPU
1,46,step1.layer46.gpu_expert_compute,gpu_expert,GPU_COMPUTE,step1.layer46.gpu_weight_load;step1.layer46.dispatch,8966.808131072,3.197132288,8970.005263360,step1.layer46.gpu_weight_load,grouped expert GEMM
1,46,step1.layer46.pim_gwrite,pim_write,GPU_PIM_IO,step1.layer46.scheduler;step1.layer46.dispatch,8929.059395072,0.058704000,8929.118099072,step1.layer46.scheduler,PIM_GWRITE token operands
1,46,step1.layer46.pim_expert_compute,pim_expert,PIM_COMPUTE,step1.layer46.pim_gwrite,8929.118099072,22.604016000,8951.722115072,step1.layer46.pim_gwrite,serialized PIM expert GEMV
1,46,step1.layer46.pim_read,pim_read,GPU_PIM_IO,step1.layer46.pim_expert_compute,8951.722115072,0.058704000,8951.780819072,step1.layer46.pim_expert_compute,PIM expert result read
1,46,step1.layer46.combine,combine,GPU_COMPUTE,step1.layer46.gpu_expert_compute;step1.layer46.pim_read,8970.005263360,1.036864000,8971.042127360,step1.layer46.gpu_expert_compute,weighted expert combine
1,46,step1.layer46.residual2,residual,GPU_COMPUTE,step1.layer46.combine,8971.042127360,1.012288000,8972.054415360,step1.layer46.combine,residual add
1,47,step1.layer47.norm1,norm,GPU_COMPUTE,step1.layer46.residual2,8972.054415360,1.008192000,8973.062607360,step1.layer46.residual2,RMSNorm
1,47,step1.layer47.qkv,qkv,GPU_COMPUTE,step1.layer47.norm1,8973.062607360,3.635776000,8976.698383360,step1.layer47.norm1,QKV projection
1,47,step1.layer47.rope,rope,GPU_COMPUTE,step1.layer47.qkv,8976.698383360,1.018432000,8977.716815360,step1.layer47.qkv,QK norm and RoPE
1,47,step1.layer47.attention,attention,PIM_COMPUTE,step1.layer47.rope,8977.716815360,17.593600000,8995.310415360,step1.layer47.rope,decode attention on PIM
1,47,step1.layer47.o_proj,attention_output,GPU_COMPUTE,step1.layer47.attention,8995.310415360,3.109440000,8998.419855360,step1.layer47.attention,attention output projection
1,47,step1.layer47.residual1,residual,GPU_COMPUTE,step1.layer47.o_proj,8998.419855360,1.012288000,8999.432143360,step1.layer47.o_proj,residual add
1,47,step1.layer47.norm2,norm,GPU_COMPUTE,step1.layer47.residual1,8999.432143360,1.008192000,9000.440335360,step1.layer47.residual1,RMSNorm
1,47,step1.layer47.router,router,GPU_COMPUTE,step1.layer47.norm2,9000.440335360,2.069888000,9002.510223360,step1.layer47.norm2,MoE router
1,47,step1.layer47.metadata,metadata,GPU_COMPUTE,step1.layer47.router,9002.510223360,1.000128000,9003.510351360,step1.layer47.router,routing metadata
1,47,step1.layer47.dispatch,dispatch,,step1.layer47.metadata,9003.510351360,0.000000000,9003.510351360,step1.layer47.metadata,single-GPU dispatch placeholder
1,47,step1.layer47.scheduler,scheduler,GPU_COMPUTE,step1.layer47.metadata,9003.510351360,20.000000000,9023.510351360,step1.layer47.metadata,sieve placement policy
1,47,step1.layer47.gpu_weight_load,gpu_weight_load,HBM_MEM_PATH,step1.layer47.scheduler,9023.510351360,37.748736000,9061.259087360,step1.layer47.scheduler,expert weights HBM to GPU
1,47,step1.layer47.gpu_expert_compute,gpu_expert,GPU_COMPUTE,step1.layer47.gpu_weight_load;step1.layer47.dispatch,9061.259087360,3.197132288,9064.456219648,step1.layer47.gpu_weight_load,grouped expert GEMM
1,47,step1.layer47.pim_gwrite,pim_write,GPU_PIM_IO,step1.layer47.scheduler;step1.layer47.dispatch,9023.510351360,0.058704000,9023.569055360,step1.layer47.scheduler,PIM_GWRITE token operands
1,47,step1.layer47.pim_expert_compute,pim_expert,PIM_COMPUTE,step1.layer47.pim_gwrite,9023.569055360,22.604016000,9046.173071360,step1.layer47.pim_gwrite,serialized PIM expert GEMV
1,47,step1.layer47.pim_read,pim_read,GPU_PIM_IO,step1.layer47.pim_expert_compute,9046.173071360,0.058704000,9046.231775360,step1.layer47.pim_expert_compute,PIM expert result read
1,47,step1.layer47.combine,combine,GPU_COMPUTE,step1.layer47.gpu_expert_compute;step1.layer47.pim_read,9064.456219648,1.036864000,9065.493083648,step1.layer47.gpu_expert_compute,weighted expert combine
1,47,step1.layer47.residual2,residual,GPU_COMPUTE,step1.layer47.combine,9065.493083648,1.012288000,9066.505371648,step1.layer47.combine,residual add
