step,layer,expert_id,token_count,target
0,0,2,6,gpu
0,0,11,1,pim
0,0,13,2,gpu
0,0,14,1,pim
0,0,21,7,gpu
0,0,23,1,pim
0,0,30,1,pim
0,0,34,4,gpu
0,0,50,7,gpu
0,0,51,3,gpu
0,0,57,2,gpu
0,0,63,2,gpu
0,0,69,1,pim
0,0,75,6,gpu
0,0,80,2,pim
0,0,81,1,pim
0,0,87,1,pim
0,0,91,1,pim
0,0,93,1,pim
0,0,97,4,gpu
0,0,103,2,pim
0,0,105,1,pim
0,0,106,2,pim
0,0,110,2,pim
0,0,124,1,pim
0,0,125,2,pim
0,1,3,6,gpu
0,1,4,1,pim
0,1,6,8,gpu
0,1,9,2,gpu
0,1,15,1,pim
0,1,19,2,gpu
0,1,22,2,pim
0,1,23,4,gpu
0,1,28,1,pim
0,1,37,1,pim
0,1,41,2,pim
0,1,42,1,pim
0,1,48,2,pim
0,1,58,4,gpu
0,1,62,1,pim
0,1,63,1,pim
0,1,68,1,pim
0,1,78,1,pim
0,1,80,3,gpu
0,1,83,1,pim
0,1,88,3,gpu
0,1,90,1,pim
0,1,95,5,gpu
0,1,116,2,pim
0,1,119,7,gpu
0,1,123,1,pim
0,2,4,1,pim
0,2,8,2,gpu
0,2,14,2,gpu
0,2,15,2,gpu
0,2,16,1,pim
0,2,22,1,pim
0,2,25,2,gpu
0,2,32,1,pim
0,2,40,6,gpu
0,2,46,1,pim
0,2,47,7,gpu
0,2,51,1,pim
0,2,53,2,pim
0,2,54,2,pim
0,2,59,1,pim
0,2,63,1,pim
0,2,65,1,pim
0,2,66,1,pim
0,2,84,5,gpu
0,2,88,2,pim
0,2,90,2,pim
0,2,94,1,pim
0,2,95,4,gpu
0,2,100,3,gpu
0,2,116,1,pim
0,2,117,1,pim
0,2,119,1,pim
0,2,122,4,gpu
0,2,123,1,pim
0,2,125,3,gpu
0,2,127,1,pim
0,3,2,6,gpu
0,3,4,8,gpu
0,3,12,1,pim
0,3,16,7,gpu
0,3,24,1,pim
0,3,32,1,pim
0,3,35,1,pim
0,3,38,2,pim
0,3,39,2,pim
0,3,43,1,pim
0,3,47,1,pim
0,3,53,2,pim
0,3,64,7,gpu
0,3,73,1,pim
0,3,82,4,gpu
0,3,84,7,gpu
0,3,90,1,pim
0,3,91,1,pim
0,3,112,3,gpu
0,3,115,4,gpu
0,3,124,2,pim
0,3,127,1,pim
0,4,9,1,pim
0,4,12,1,pim
0,4,13,1,pim
0,4,23,1,pim
0,4,25,3,gpu
0,4,29,1,pim
0,4,32,1,pim
0,4,36,1,pim
0,4,47,3,gpu
0,4,48,2,pim
0,4,50,3,gpu
0,4,51,1,pim
0,4,52,5,gpu
0,4,56,8,gpu
0,4,63,2,pim
0,4,76,3,gpu
0,4,79,2,pim
0,4,81,8,gpu
0,4,83,3,gpu
0,4,86,1,pim
0,4,93,2,pim
0,4,97,1,pim
0,4,104,7,gpu
0,4,109,1,pim
0,4,124,2,pim
0,5,2,1,pim
0,5,8,1,pim
0,5,12,1,pim
0,5,13,8,gpu
0,5,17,8,gpu
0,5,19,1,pim
0,5,22,1,pim
0,5,25,1,pim
0,5,34,3,gpu
0,5,37,2,gpu
0,5,44,2,gpu
0,5,47,6,gpu
0,5,51,2,pim
0,5,59,1,pim
0,5,61,2,pim
0,5,63,1,pim
0,5,68,8,gpu
0,5,70,1,pim
0,5,82,2,pim
0,5,95,2,pim
0,5,105,4,gpu
0,5,107,4,gpu
0,5,125,2,pim
0,6,8,8,gpu
0,6,12,1,pim
0,6,13,2,pim
0,6,16,1,pim
0,6,25,3,gpu
0,6,27,1,pim
0,6,30,4,gpu
0,6,34,5,gpu
0,6,38,1,pim
0,6,40,1,pim
0,6,46,1,pim
0,6,51,1,pim
0,6,53,6,gpu
0,6,56,6,gpu
0,6,63,2,pim
0,6,64,1,pim
0,6,71,6,gpu
0,6,76,2,pim
0,6,80,4,gpu
0,6,83,3,gpu
0,6,105,2,pim
0,6,106,1,pim
0,6,107,1,pim
0,6,115,1,pim
0,7,3,6,gpu
0,7,6,1,pim
0,7,9,5,gpu
0,7,16,3,gpu
0,7,18,7,gpu
0,7,21,1,pim
0,7,24,1,pim
0,7,25,1,pim
0,7,28,2,gpu
0,7,31,2,gpu
0,7,34,1,pim
0,7,39,1,pim
0,7,41,1,pim
0,7,45,1,pim
0,7,49,2,gpu
0,7,50,1,pim
0,7,51,2,gpu
0,7,59,6,gpu
0,7,71,1,pim
0,7,72,1,pim
0,7,73,1,pim
0,7,75,2,pim
0,7,78,1,pim
0,7,95,2,pim
0,7,97,1,pim
0,7,106,1,pim
0,7,109,7,gpu
0,7,110,1,pim
0,7,117,1,pim
0,7,122,1,pim
0,8,3,7,gpu
0,8,26,3,gpu
0,8,36,8,gpu
0,8,38,8,gpu
0,8,42,1,pim
0,8,43,2,pim
0,8,46,7,gpu
0,8,57,1,pim
0,8,59,1,pim
0,8,66,2,pim
0,8,82,1,pim
0,8,84,3,pim
0,8,90,1,pim
0,8,103,1,pim
0,8,109,6,gpu
0,8,111,1,pim
0,8,116,8,gpu
0,8,121,1,pim
0,8,122,1,pim
0,8,127,1,pim
0,9,0,1,pim
0,9,9,4,gpu
0,9,10,8,gpu
0,9,19,6,gpu
0,9,27,1,pim
0,9,32,1,pim
0,9,45,2,pim
0,9,49,4,gpu
0,9,62,2,pim
0,9,64,1,pim
0,9,65,5,gpu
0,9,77,1,pim
0,9,80,1,pim
0,9,84,1,pim
0,9,87,3,gpu
0,9,96,1,pim
0,9,98,2,pim
0,9,102,1,pim
0,9,110,3,pim
0,9,114,7,gpu
0,9,117,4,gpu
0,9,118,1,pim
0,9,122,4,gpu
0,10,3,1,pim
0,10,5,2,pim
0,10,26,6,gpu
0,10,30,4,gpu
0,10,39,1,pim
0,10,50,1,pim
0,10,53,8,gpu
0,10,56,3,gpu
0,10,58,3,gpu
0,10,61,4,gpu
0,10,68,2,pim
0,10,73,3,gpu
0,10,74,3,gpu
0,10,78,2,pim
0,10,80,1,pim
0,10,83,2,pim
0,10,88,1,pim
0,10,90,1,pim
0,10,97,1,pim
0,10,98,4,gpu
0,10,99,1,pim
0,10,104,1,pim
0,10,105,2,pim
0,10,112,3,gpu
0,10,113,1,pim
0,10,123,3,gpu
0,11,3,2,pim
0,11,7,7,gpu
0,11,18,1,pim
0,11,21,6,gpu
0,11,23,3,gpu
0,11,24,1,pim
0,11,26,3,gpu
0,11,28,2,pim
0,11,30,1,pim
0,11,37,3,gpu
0,11,39,1,pim
0,11,49,3,gpu
0,11,58,1,pim
0,11,59,1,pim
0,11,61,4,gpu
0,11,63,1,pim
0,11,67,6,gpu
0,11,69,1,pim
0,11,82,5,gpu
0,11,89,5,gpu
0,11,96,1,pim
0,11,109,2,pim
0,11,125,2,pim
0,11,127,2,pim
0,12,2,1,pim
0,12,9,3,gpu
0,12,15,4,gpu
0,12,17,1,pim
0,12,24,5,gpu
0,12,49,1,pim
0,12,52,3,gpu
0,12,56,8,gpu
0,12,65,6,gpu
0,12,79,5,gpu
0,12,85,1,pim
0,12,95,1,pim
0,12,96,3,gpu
0,12,97,3,pim
0,12,99,2,pim
0,12,100,1,pim
0,12,102,1,pim
0,12,105,1,pim
0,12,107,3,pim
0,12,116,7,gpu
0,12,118,1,pim
0,12,119,2,pim
0,12,124,1,pim
0,13,0,2,pim
0,13,6,4,gpu
0,13,11,1,pim
0,13,12,1,pim
0,13,15,1,pim
0,13,16,1,pim
0,13,23,5,gpu
0,13,26,3,gpu
0,13,28,4,gpu
0,13,32,2,pim
0,13,42,5,gpu
0,13,58,3,gpu
0,13,64,2,pim
0,13,66,3,gpu
0,13,77,7,gpu
0,13,78,1,pim
0,13,82,3,pim
0,13,98,5,gpu
0,13,101,1,pim
0,13,103,1,pim
0,13,104,6,gpu
0,13,118,2,pim
0,13,124,1,pim
0,14,5,1,pim
0,14,6,1,pim
0,14,8,3,gpu
0,14,10,3,gpu
0,14,16,2,pim
0,14,17,5,gpu
0,14,27,1,pim
0,14,48,5,gpu
0,14,55,3,gpu
0,14,75,5,gpu
0,14,79,4,gpu
0,14,80,2,pim
0,14,81,2,pim
0,14,88,5,gpu
0,14,89,1,pim
0,14,90,6,gpu
0,14,93,2,pim
0,14,95,1,pim
0,14,96,1,pim
0,14,100,4,gpu
0,14,102,1,pim
0,14,105,2,pim
0,14,107,3,pim
0,14,108,1,pim
0,15,10,8,gpu
0,15,13,1,pim
0,15,16,6,gpu
0,15,18,3,gpu
0,15,22,1,pim
0,15,23,2,gpu
0,15,35,1,pim
0,15,49,2,gpu
0,15,56,1,pim
0,15,59,8,gpu
0,15,66,1,pim
0,15,69,1,pim
0,15,70,7,gpu
0,15,72,1,pim
0,15,76,1,pim
0,15,78,1,pim
0,15,82,1,pim
0,15,85,4,gpu
0,15,86,1,pim
0,15,87,1,pim
0,15,90,2,pim
0,15,91,2,pim
0,15,101,1,pim
0,15,103,2,pim
0,15,120,3,gpu
0,15,123,2,pim
0,16,7,2,gpu
0,16,8,2,pim
0,16,12,1,pim
0,16,15,1,pim
0,16,17,4,gpu
0,16,18,1,pim
0,16,19,1,pim
0,16,22,1,pim
0,16,24,1,pim
0,16,39,1,pim
0,16,50,3,gpu
0,16,55,3,gpu
0,16,64,1,pim
0,16,65,1,pim
0,16,73,6,gpu
0,16,80,1,pim
0,16,81,3,gpu
0,16,83,3,gpu
0,16,84,4,gpu
0,16,87,2,pim
0,16,89,2,pim
0,16,97,2,pim
0,16,103,5,gpu
0,16,105,1,pim
0,16,114,1,pim
0,16,115,2,pim
0,16,119,3,gpu
0,16,124,6,gpu
0,17,1,1,pim
0,17,2,1,pim
0,17,9,1,pim
0,17,17,1,pim
0,17,18,7,gpu
0,17,19,2,gpu
0,17,21,5,gpu
0,17,22,1,pim
0,17,35,1,pim
0,17,42,2,pim
0,17,48,2,pim
0,17,52,1,pim
0,17,55,3,gpu
0,17,56,1,pim
0,17,66,1,pim
0,17,69,4,gpu
0,17,71,1,pim
0,17,73,1,pim
0,17,78,4,gpu
0,17,79,1,pim
0,17,82,1,pim
0,17,83,7,gpu
0,17,91,1,pim
0,17,102,1,pim
0,17,103,2,pim
0,17,105,3,gpu
0,17,116,3,gpu
0,17,120,4,gpu
0,17,123,1,pim
0,18,8,8,gpu
0,18,12,2,gpu
0,18,13,1,pim
0,18,22,1,pim
0,18,25,5,gpu
0,18,26,1,pim
0,18,27,1,pim
0,18,30,2,gpu
0,18,32,3,gpu
0,18,34,2,pim
0,18,40,1,pim
0,18,44,4,gpu
0,18,51,1,pim
0,18,53,3,gpu
0,18,56,4,gpu
0,18,58,1,pim
0,18,59,1,pim
0,18,63,2,pim
0,18,64,1,pim
0,18,68,1,pim
0,18,71,7,gpu
0,18,74,1,pim
0,18,76,1,pim
0,18,80,2,pim
0,18,88,1,pim
0,18,100,1,pim
0,18,105,4,gpu
0,18,106,1,pim
0,18,122,1,pim
0,19,3,3,gpu
0,19,9,4,gpu
0,19,18,7,gpu
0,19,21,1,pim
0,19,24,2,gpu
0,19,25,1,pim
0,19,28,2,pim
0,19,31,3,gpu
0,19,34,2,pim
0,19,39,1,pim
0,19,49,3,gpu
0,19,51,1,pim
0,19,59,7,gpu
0,19,62,1,pim
0,19,71,1,pim
0,19,75,2,pim
0,19,78,1,pim
0,19,79,5,gpu
0,19,97,1,pim
0,19,98,1,pim
0,19,101,2,pim
0,19,106,1,pim
0,19,109,6,gpu
0,19,110,1,pim
0,19,112,4,gpu
0,19,119,1,pim
0,20,3,5,gpu
0,20,9,1,pim
0,20,22,1,pim
0,20,26,1,pim
0,20,36,2,pim
0,20,38,7,gpu
0,20,43,1,pim
0,20,46,6,gpu
0,20,57,5,gpu
0,20,65,4,gpu
0,20,66,2,pim
0,20,72,2,pim
0,20,80,1,pim
0,20,82,1,pim
0,20,84,4,gpu
0,20,101,3,gpu
0,20,103,1,pim
0,20,106,1,pim
0,20,109,3,gpu
0,20,111,1,pim
0,20,116,8,gpu
0,20,121,3,pim
0,20,122,1,pim
0,21,0,1,pim
0,21,2,1,pim
0,21,9,5,gpu
0,21,10,8,gpu
0,21,19,2,pim
0,21,49,5,gpu
0,21,52,1,pim
0,21,62,1,pim
0,21,64,1,pim
0,21,66,1,pim
0,21,77,1,pim
0,21,80,1,pim
0,21,87,3,gpu
0,21,96,3,gpu
0,21,97,1,pim
0,21,98,2,pim
0,21,102,1,pim
0,21,104,1,pim
0,21,110,4,gpu
0,21,111,2,pim
0,21,114,4,gpu
0,21,117,2,pim
0,21,118,1,pim
0,21,122,7,gpu
0,21,125,5,gpu
0,22,16,1,pim
0,22,26,5,gpu
0,22,30,4,gpu
0,22,43,2,pim
0,22,50,1,pim
0,22,53,5,gpu
0,22,56,6,gpu
0,22,58,2,pim
0,22,61,4,gpu
0,22,62,1,pim
0,22,68,2,pim
0,22,69,5,gpu
0,22,73,3,pim
0,22,74,3,pim
0,22,78,4,gpu
0,22,83,1,pim
0,22,86,1,pim
0,22,90,1,pim
0,22,97,1,pim
0,22,98,8,gpu
0,22,105,4,gpu
0,23,0,1,pim
0,23,3,2,pim
0,23,6,1,pim
0,23,7,7,gpu
0,23,21,7,gpu
0,23,23,6,gpu
0,23,24,4,gpu
0,23,26,4,gpu
0,23,28,1,pim
0,23,30,1,pim
0,23,43,1,pim
0,23,49,4,gpu
0,23,58,1,pim
0,23,59,1,pim
0,23,61,5,gpu
0,23,63,2,pim
0,23,67,1,pim
0,23,82,3,pim
0,23,89,1,pim
0,23,96,6,gpu
0,23,125,5,gpu
0,24,2,1,pim
0,24,8,2,pim
0,24,9,3,gpu
0,24,14,1,pim
0,24,15,4,gpu
0,24,17,1,pim
0,24,23,1,pim
0,24,24,5,gpu
0,24,46,1,pim
0,24,49,1,pim
0,24,50,3,gpu
0,24,52,2,pim
0,24,56,8,gpu
0,24,65,8,gpu
0,24,79,2,pim
0,24,85,1,pim
0,24,95,1,pim
0,24,96,5,gpu
0,24,97,1,pim
0,24,99,4,gpu
0,24,100,1,pim
0,24,102,1,pim
0,24,105,1,pim
0,24,107,2,pim
0,24,116,3,gpu
0,24,126,1,pim
0,25,0,4,gpu
0,25,6,4,gpu
0,25,15,4,gpu
0,25,16,1,pim
0,25,23,2,pim
0,25,26,5,gpu
0,25,28,4,gpu
0,25,32,3,gpu
0,25,42,5,gpu
0,25,58,5,gpu
0,25,61,1,pim
0,25,66,3,gpu
0,25,77,2,pim
0,25,78,2,pim
0,25,82,3,pim
0,25,91,1,pim
0,25,99,1,pim
0,25,101,1,pim
0,25,103,1,pim
0,25,104,8,gpu
0,25,115,1,pim
0,25,118,2,pim
0,25,124,1,pim
0,26,0,1,pim
0,26,4,2,gpu
0,26,6,1,pim
0,26,7,1,pim
0,26,8,2,gpu
0,26,10,2,pim
0,26,16,1,pim
0,26,17,4,gpu
0,26,27,1,pim
0,26,44,1,pim
0,26,48,4,gpu
0,26,55,3,gpu
0,26,69,1,pim
0,26,75,3,gpu
0,26,79,4,gpu
0,26,80,2,pim
0,26,81,2,pim
0,26,86,2,pim
0,26,88,4,gpu
0,26,89,1,pim
0,26,90,6,gpu
0,26,92,1,pim
0,26,95,1,pim
0,26,96,2,pim
0,26,100,5,gpu
0,26,105,1,pim
0,26,107,4,gpu
0,26,108,1,pim
0,26,110,1,pim
0,27,0,1,pim
0,27,3,1,pim
0,27,10,5,gpu
0,27,13,1,pim
0,27,16,2,pim
0,27,17,1,pim
0,27,18,3,gpu
0,27,23,2,pim
0,27,49,6,gpu
0,27,56,3,gpu
0,27,59,6,gpu
0,27,61,1,pim
0,27,70,7,gpu
0,27,76,1,pim
0,27,78,1,pim
0,27,82,1,pim
0,27,85,2,pim
0,27,86,1,pim
0,27,87,2,pim
0,27,90,2,pim
0,27,101,5,gpu
0,27,103,1,pim
0,27,120,5,gpu
0,27,123,1,pim
0,27,127,3,gpu
0,28,7,2,gpu
0,28,8,2,pim
0,28,12,1,pim
0,28,15,1,pim
0,28,16,1,pim
0,28,17,3,gpu
0,28,18,2,pim
0,28,19,2,pim
0,28,22,1,pim
0,28,24,1,pim
0,28,45,2,pim
0,28,50,3,gpu
0,28,55,4,gpu
0,28,65,1,pim
0,28,73,6,gpu
0,28,80,1,pim
0,28,81,5,gpu
0,28,83,2,pim
0,28,84,4,gpu
0,28,87,3,gpu
0,28,89,1,pim
0,28,103,3,gpu
0,28,105,1,pim
0,28,111,1,pim
0,28,114,1,pim
0,28,115,1,pim
0,28,117,1,pim
0,28,119,4,gpu
0,28,121,1,pim
0,28,124,3,gpu
0,29,1,5,gpu
0,29,2,1,pim
0,29,16,1,pim
0,29,18,7,gpu
0,29,19,2,pim
0,29,21,4,gpu
0,29,35,1,pim
0,29,42,1,pim
0,29,45,1,pim
0,29,46,1,pim
0,29,48,2,pim
0,29,52,3,gpu
0,29,55,3,gpu
0,29,56,1,pim
0,29,66,2,pim
0,29,69,4,gpu
0,29,72,1,pim
0,29,77,1,pim
0,29,78,3,gpu
0,29,83,7,gpu
0,29,85,2,pim
0,29,91,1,pim
0,29,102,2,pim
0,29,103,3,gpu
0,29,116,3,gpu
0,29,117,1,pim
0,29,120,1,pim
0,30,8,3,gpu
0,30,12,3,gpu
0,30,16,1,pim
0,30,19,1,pim
0,30,24,1,pim
0,30,25,2,gpu
0,30,27,1,pim
0,30,30,2,gpu
0,30,32,2,pim
0,30,34,3,gpu
0,30,40,1,pim
0,30,44,5,gpu
0,30,51,1,pim
0,30,53,3,gpu
0,30,56,6,gpu
0,30,63,1,pim
0,30,64,2,pim
0,30,68,1,pim
0,30,71,5,gpu
0,30,74,2,pim
0,30,76,1,pim
0,30,78,1,pim
0,30,79,1,pim
0,30,80,3,gpu
0,30,83,2,pim
0,30,100,1,pim
0,30,105,5,gpu
0,30,107,1,pim
0,30,110,2,pim
0,30,115,1,pim
0,31,3,5,gpu
0,31,9,3,gpu
0,31,18,5,gpu
0,31,24,1,pim
0,31,25,1,pim
0,31,28,2,pim
0,31,31,3,gpu
0,31,34,1,pim
0,31,39,2,pim
0,31,44,1,pim
0,31,45,1,pim
0,31,49,3,gpu
0,31,51,2,pim
0,31,59,5,gpu
0,31,60,3,gpu
0,31,62,1,pim
0,31,71,1,pim
0,31,72,1,pim
0,31,75,6,gpu
0,31,78,1,pim
0,31,79,2,pim
0,31,98,3,gpu
0,31,101,1,pim
0,31,106,1,pim
0,31,109,6,gpu
0,31,120,1,pim
0,31,122,1,pim
0,31,127,1,pim
0,32,3,2,gpu
0,32,9,1,pim
0,32,14,1,pim
0,32,22,1,pim
0,32,26,2,gpu
0,32,28,1,pim
0,32,36,7,gpu
0,32,38,5,gpu
0,32,43,3,gpu
0,32,46,3,gpu
0,32,57,4,gpu
0,32,59,1,pim
0,32,60,1,pim
0,32,65,1,pim
0,32,66,2,pim
0,32,72,1,pim
0,32,80,1,pim
0,32,82,1,pim
0,32,84,1,pim
0,32,101,2,pim
0,32,106,2,pim
0,32,109,6,gpu
0,32,111,1,pim
0,32,116,7,gpu
0,32,117,1,pim
0,32,121,2,pim
0,32,122,1,pim
0,32,127,3,gpu
0,33,0,1,pim
0,33,2,1,pim
0,33,9,2,gpu
0,33,10,6,gpu
0,33,13,2,gpu
0,33,19,1,pim
0,33,22,1,pim
0,33,32,1,pim
0,33,49,3,gpu
0,33,59,1,pim
0,33,62,1,pim
0,33,64,1,pim
0,33,65,3,gpu
0,33,72,1,pim
0,33,77,1,pim
0,33,80,1,pim
0,33,84,1,pim
0,33,85,1,pim
0,33,87,4,gpu
0,33,96,5,gpu
0,33,97,1,pim
0,33,98,2,gpu
0,33,102,3,gpu
0,33,103,1,pim
0,33,104,1,pim
0,33,110,1,pim
0,33,111,1,pim
0,33,112,2,pim
0,33,114,5,gpu
0,33,117,2,pim
0,33,118,2,pim
0,33,122,5,gpu
0,34,9,1,pim
0,34,16,1,pim
0,34,20,1,pim
0,34,26,6,gpu
0,34,30,3,gpu
0,34,43,1,pim
0,34,45,1,pim
0,34,46,1,pim
0,34,50,1,pim
0,34,53,1,pim
0,34,54,1,pim
0,34,56,1,pim
0,34,61,3,gpu
0,34,62,1,pim
0,34,66,1,pim
0,34,68,3,gpu
0,34,69,3,gpu
0,34,73,3,gpu
0,34,74,3,gpu
0,34,78,3,gpu
0,34,86,2,pim
0,34,88,1,pim
0,34,90,2,pim
0,34,98,8,gpu
0,34,105,3,gpu
0,34,108,2,pim
0,34,112,2,pim
0,34,113,3,gpu
0,34,123,2,pim
0,35,0,3,gpu
0,35,3,3,gpu
0,35,4,1,pim
0,35,6,1,pim
0,35,7,5,gpu
0,35,8,2,gpu
0,35,13,1,pim
0,35,21,6,gpu
0,35,24,2,gpu
0,35,26,2,gpu
0,35,28,3,gpu
0,35,30,1,pim
0,35,37,1,pim
0,35,39,2,pim
0,35,43,1,pim
0,35,49,2,pim
0,35,58,1,pim
0,35,59,4,gpu
0,35,61,2,pim
0,35,63,3,gpu
0,35,64,1,pim
0,35,69,2,pim
0,35,82,5,gpu
0,35,89,3,gpu
0,35,96,2,pim
0,35,109,2,pim
0,35,125,2,pim
0,35,127,1,pim
0,36,2,1,pim
0,36,8,1,pim
0,36,9,2,gpu
0,36,15,2,gpu
0,36,17,1,pim
0,36,21,1,pim
0,36,23,1,pim
0,36,24,7,gpu
0,36,26,1,pim
0,36,50,1,pim
0,36,52,4,gpu
0,36,56,6,gpu
0,36,65,7,gpu
0,36,73,5,gpu
0,36,79,2,pim
0,36,95,1,pim
0,36,96,1,pim
0,36,97,2,pim
0,36,99,2,pim
0,36,102,1,pim
0,36,107,2,pim
0,36,113,1,pim
0,36,114,3,gpu
0,36,116,4,gpu
0,36,118,3,gpu
0,36,119,1,pim
0,36,124,1,pim
0,37,6,2,gpu
0,37,16,2,pim
0,37,20,1,pim
0,37,21,1,pim
0,37,23,7,gpu
0,37,26,3,gpu
0,37,28,1,pim
0,37,42,5,gpu
0,37,45,1,pim
0,37,52,1,pim
0,37,61,2,pim
0,37,66,4,gpu
0,37,77,2,pim
0,37,78,4,gpu
0,37,82,7,gpu
0,37,91,1,pim
0,37,98,6,gpu
0,37,104,8,gpu
0,37,112,1,pim
0,37,113,2,pim
0,37,115,1,pim
0,37,118,2,pim
0,38,0,3,gpu
0,38,7,1,pim
0,38,8,3,gpu
0,38,11,1,pim
0,38,15,1,pim
0,38,16,2,gpu
0,38,22,1,pim
0,38,27,1,pim
0,38,47,1,pim
0,38,48,2,gpu
0,38,52,2,gpu
0,38,55,5,gpu
0,38,69,2,pim
0,38,73,1,pim
0,38,75,3,gpu
0,38,79,4,gpu
0,38,80,3,gpu
0,38,81,1,pim
0,38,86,1,pim
0,38,88,5,gpu
0,38,89,1,pim
0,38,90,5,gpu
0,38,92,1,pim
0,38,93,1,pim
0,38,95,2,pim
0,38,96,2,pim
0,38,101,1,pim
0,38,102,1,pim
0,38,105,2,pim
0,38,107,4,gpu
0,38,125,1,pim
0,39,0,1,pim
0,39,10,4,gpu
0,39,13,1,pim
0,39,16,1,pim
0,39,18,5,gpu
0,39,22,1,pim
0,39,25,1,pim
0,39,35,1,pim
0,39,37,2,gpu
0,39,48,1,pim
0,39,49,1,pim
0,39,51,1,pim
0,39,56,2,gpu
0,39,59,5,gpu
0,39,60,1,pim
0,39,61,3,gpu
0,39,69,2,gpu
0,39,70,2,pim
0,39,72,3,gpu
0,39,76,3,gpu
0,39,77,1,pim
0,39,82,1,pim
0,39,86,1,pim
0,39,87,4,gpu
0,39,90,2,pim
0,39,95,1,pim
0,39,96,1,pim
0,39,103,4,gpu
0,39,104,1,pim
0,39,106,1,pim
0,39,113,1,pim
0,39,120,4,gpu
0,39,123,1,pim
0,40,6,1,pim
0,40,7,3,gpu
0,40,11,2,gpu
0,40,12,2,gpu
0,40,15,1,pim
0,40,17,3,gpu
0,40,18,3,gpu
0,40,19,1,pim
0,40,22,1,pim
0,40,28,1,pim
0,40,35,1,pim
0,40,43,1,pim
0,40,45,2,gpu
0,40,50,2,pim
0,40,51,2,pim
0,40,52,1,pim
0,40,55,5,gpu
0,40,59,1,pim
0,40,65,2,pim
0,40,67,1,pim
0,40,73,3,gpu
0,40,80,1,pim
0,40,83,1,pim
0,40,84,4,gpu
0,40,87,3,gpu
0,40,94,1,pim
0,40,100,1,pim
0,40,109,1,pim
0,40,111,2,pim
0,40,115,5,gpu
0,40,119,4,gpu
0,40,121,1,pim
0,40,124,1,pim
0,41,2,4,gpu
0,41,9,1,pim
0,41,11,1,pim
0,41,15,1,pim
0,41,17,3,gpu
0,41,18,3,gpu
0,41,19,1,pim
0,41,20,2,gpu
0,41,35,2,gpu
0,41,45,1,pim
0,41,46,3,gpu
0,41,48,2,gpu
0,41,52,3,gpu
0,41,56,1,pim
0,41,58,3,gpu
0,41,66,2,gpu
0,41,69,4,gpu
0,41,71,1,pim
0,41,72,1,pim
0,41,79,1,pim
0,41,81,1,pim
0,41,83,5,gpu
0,41,85,2,pim
0,41,91,1,pim
0,41,92,1,pim
0,41,99,1,pim
0,41,102,2,pim
0,41,103,3,gpu
0,41,112,2,pim
0,41,115,1,pim
0,41,120,1,pim
0,41,122,1,pim
0,41,126,2,pim
0,41,127,1,pim
0,42,2,1,pim
0,42,4,1,pim
0,42,7,3,gpu
0,42,8,1,pim
0,42,18,2,gpu
0,42,21,2,gpu
0,42,22,1,pim
0,42,23,1,pim
0,42,27,2,gpu
0,42,28,1,pim
0,42,32,5,gpu
0,42,36,5,gpu
0,42,37,3,gpu
0,42,54,1,pim
0,42,59,2,gpu
0,42,60,3,gpu
0,42,64,2,gpu
0,42,65,1,pim
0,42,68,1,pim
0,42,70,1,pim
0,42,71,1,pim
0,42,74,2,pim
0,42,76,5,gpu
0,42,77,1,pim
0,42,93,2,pim
0,42,98,1,pim
0,42,101,2,pim
0,42,102,4,gpu
0,42,106,1,pim
0,42,109,1,pim
0,42,114,2,pim
0,42,125,2,pim
0,42,127,1,pim
0,43,2,1,pim
0,43,6,4,gpu
0,43,9,1,pim
0,43,12,2,gpu
0,43,16,1,pim
0,43,17,1,pim
0,43,18,1,pim
0,43,19,3,gpu
0,43,20,3,gpu
0,43,26,1,pim
0,43,27,2,gpu
0,43,29,2,gpu
0,43,30,2,gpu
0,43,40,1,pim
0,43,41,1,pim
0,43,43,1,pim
0,43,45,2,gpu
0,43,49,2,gpu
0,43,52,2,pim
0,43,56,1,pim
0,43,60,1,pim
0,43,74,1,pim
0,43,77,2,pim
0,43,78,5,gpu
0,43,80,1,pim
0,43,87,4,gpu
0,43,88,1,pim
0,43,89,1,pim
0,43,94,2,pim
0,43,96,4,gpu
0,43,102,1,pim
0,43,104,1,pim
0,43,112,3,gpu
0,43,120,1,pim
0,43,127,2,pim
0,44,0,3,gpu
0,44,1,1,pim
0,44,3,1,pim
0,44,6,1,pim
0,44,7,2,gpu
0,44,11,1,pim
0,44,17,1,pim
0,44,18,1,pim
0,44,20,4,gpu
0,44,21,1,pim
0,44,23,1,pim
0,44,29,1,pim
0,44,30,3,gpu
0,44,38,1,pim
0,44,42,1,pim
0,44,45,1,pim
0,44,48,4,gpu
0,44,53,2,gpu
0,44,61,1,pim
0,44,62,1,pim
0,44,65,1,pim
0,44,68,1,pim
0,44,73,2,gpu
0,44,79,1,pim
0,44,81,1,pim
0,44,83,1,pim
0,44,88,2,pim
0,44,92,2,pim
0,44,94,3,gpu
0,44,97,1,pim
0,44,98,3,gpu
0,44,99,3,gpu
0,44,113,3,gpu
0,44,119,1,pim
0,44,121,7,gpu
0,45,1,3,gpu
0,45,7,4,gpu
0,45,10,1,pim
0,45,12,1,pim
0,45,16,1,pim
0,45,17,2,gpu
0,45,22,2,gpu
0,45,26,1,pim
0,45,27,1,pim
0,45,28,1,pim
0,45,30,1,pim
0,45,32,1,pim
0,45,42,1,pim
0,45,46,2,gpu
0,45,48,1,pim
0,45,49,1,pim
0,45,53,1,pim
0,45,58,2,gpu
0,45,63,2,gpu
0,45,70,4,gpu
0,45,76,1,pim
0,45,80,4,gpu
0,45,84,5,gpu
0,45,85,2,gpu
0,45,88,1,pim
0,45,89,2,pim
0,45,92,1,pim
0,45,93,1,pim
0,45,94,2,pim
0,45,100,1,pim
0,45,103,2,pim
0,45,107,3,gpu
0,45,111,4,gpu
0,45,112,1,pim
0,45,119,1,pim
0,46,7,1,pim
0,46,8,4,gpu
0,46,29,3,gpu
0,46,30,3,gpu
0,46,31,3,gpu
0,46,33,1,pim
0,46,38,3,gpu
0,46,39,3,gpu
0,46,44,1,pim
0,46,51,1,pim
0,46,54,1,pim
0,46,55,1,pim
0,46,60,2,gpu
0,46,68,2,pim
0,46,75,4,gpu
0,46,80,1,pim
0,46,81,3,gpu
0,46,83,2,pim
0,46,84,5,gpu
0,46,88,1,pim
0,46,96,1,pim
0,46,97,1,pim
0,46,98,1,pim
0,46,101,1,pim
0,46,103,2,pim
0,46,105,3,gpu
0,46,114,2,pim
0,46,115,4,gpu
0,46,119,1,pim
0,46,122,2,pim
0,46,127,1,pim
0,47,6,2,pim
0,47,9,3,gpu
0,47,10,1,pim
0,47,21,1,pim
0,47,23,1,pim
0,47,30,1,pim
0,47,35,3,gpu
0,47,36,3,gpu
0,47,47,4,gpu
0,47,52,3,gpu
0,47,57,1,pim
0,47,66,4,gpu
0,47,67,1,pim
0,47,71,3,gpu
0,47,73,2,pim
0,47,79,2,pim
0,47,82,1,pim
0,47,86,1,pim
0,47,88,4,gpu
0,47,95,3,pim
0,47,108,3,pim
0,47,111,5,gpu
0,47,114,1,pim
0,47,120,4,gpu
0,47,121,1,pim
0,47,123,4,gpu
0,47,124,1,pim
0,47,126,1,pim
1,0,3,1,pim
1,0,12,1,pim
1,0,16,2,gpu
1,0,18,2,gpu
1,0,23,1,pim
1,0,24,1,pim
1,0,26,2,gpu
1,0,28,2,gpu
1,0,29,1,pim
1,0,30,1,pim
1,0,36,2,gpu
1,0,38,1,pim
1,0,43,1,pim
1,0,44,2,gpu
1,0,53,2,gpu
1,0,59,2,gpu
1,0,62,1,pim
1,0,65,2,gpu
1,0,66,1,pim
1,0,67,1,pim
1,0,73,2,gpu
1,0,77,1,pim
1,0,79,1,pim
1,0,83,1,pim
1,0,86,2,gpu
1,0,87,1,pim
1,0,93,2,gpu
1,0,101,1,pim
1,0,104,4,gpu
1,0,105,2,gpu
1,0,107,2,pim
1,0,111,2,pim
1,0,112,2,pim
1,0,114,4,gpu
1,0,116,1,pim
1,0,118,1,pim
1,0,120,2,pim
1,0,122,1,pim
1,0,124,1,pim
1,0,125,1,pim
1,0,126,1,pim
1,1,3,2,gpu
1,1,6,1,pim
1,1,13,1,pim
1,1,16,3,gpu
1,1,18,1,pim
1,1,23,5,gpu
1,1,24,1,pim
1,1,29,2,gpu
1,1,34,2,gpu
1,1,45,3,gpu
1,1,48,2,gpu
1,1,50,2,gpu
1,1,58,5,gpu
1,1,59,1,pim
1,1,63,1,pim
1,1,67,1,pim
1,1,68,1,pim
1,1,71,2,gpu
1,1,76,2,gpu
1,1,78,1,pim
1,1,80,1,pim
1,1,85,1,pim
1,1,88,5,gpu
1,1,90,1,pim
1,1,94,2,pim
1,1,95,3,gpu
1,1,99,1,pim
1,1,113,2,pim
1,1,116,1,pim
1,1,117,1,pim
1,1,119,2,pim
1,1,123,1,pim
1,1,124,2,pim
1,1,127,2,pim
1,2,0,1,pim
1,2,4,1,pim
1,2,5,1,pim
1,2,7,2,gpu
1,2,10,2,gpu
1,2,14,2,gpu
1,2,15,2,gpu
1,2,23,3,gpu
1,2,25,1,pim
1,2,32,1,pim
1,2,40,4,gpu
1,2,44,2,gpu
1,2,46,1,pim
1,2,47,6,gpu
1,2,50,2,gpu
1,2,53,2,gpu
1,2,54,2,gpu
1,2,59,2,pim
1,2,65,1,pim
1,2,66,1,pim
1,2,70,1,pim
1,2,73,1,pim
1,2,74,1,pim
1,2,76,2,pim
1,2,82,1,pim
1,2,84,2,pim
1,2,88,2,pim
1,2,95,2,pim
1,2,100,4,gpu
1,2,118,1,pim
1,2,119,1,pim
1,2,123,2,pim
1,2,125,1,pim
1,2,126,3,gpu
1,2,127,1,pim
1,3,2,2,gpu
1,3,4,4,gpu
1,3,7,1,pim
1,3,16,7,gpu
1,3,24,1,pim
1,3,29,2,gpu
1,3,32,1,pim
1,3,40,2,gpu
1,3,43,1,pim
1,3,46,1,pim
1,3,53,4,gpu
1,3,59,1,pim
1,3,61,1,pim
1,3,62,1,pim
1,3,64,2,gpu
1,3,70,2,gpu
1,3,73,1,pim
1,3,77,1,pim
1,3,79,1,pim
1,3,82,2,gpu
1,3,84,5,gpu
1,3,87,2,gpu
1,3,90,1,pim
1,3,91,1,pim
1,3,92,2,pim
1,3,109,2,pim
1,3,112,6,gpu
1,3,117,2,pim
1,3,119,1,pim
1,3,120,1,pim
1,3,124,2,pim
1,3,127,1,pim
1,4,5,1,pim
1,4,9,1,pim
1,4,11,1,pim
1,4,12,1,pim
1,4,14,1,pim
1,4,15,1,pim
1,4,18,2,gpu
1,4,21,2,gpu
1,4,23,2,gpu
1,4,25,1,pim
1,4,27,2,gpu
1,4,29,1,pim
1,4,36,1,pim
1,4,37,2,gpu
1,4,39,1,pim
1,4,47,1,pim
1,4,48,1,pim
1,4,50,4,gpu
1,4,51,1,pim
1,4,52,4,gpu
1,4,56,5,gpu
1,4,71,1,pim
1,4,77,1,pim
1,4,81,5,gpu
1,4,83,2,gpu
1,4,87,1,pim
1,4,91,1,pim
1,4,93,3,gpu
1,4,97,1,pim
1,4,104,7,gpu
1,4,106,2,pim
1,4,109,1,pim
1,4,114,1,pim
1,4,116,1,pim
1,4,124,1,pim
1,5,10,2,gpu
1,5,12,1,pim
1,5,13,6,gpu
1,5,16,1,pim
1,5,17,6,gpu
1,5,18,1,pim
1,5,19,1,pim
1,5,21,1,pim
1,5,22,1,pim
1,5,30,1,pim
1,5,39,1,pim
1,5,44,1,pim
1,5,47,4,gpu
1,5,48,1,pim
1,5,51,1,pim
1,5,54,1,pim
1,5,56,2,gpu
1,5,63,1,pim
1,5,68,6,gpu
1,5,70,2,gpu
1,5,74,2,gpu
1,5,79,1,pim
1,5,80,2,gpu
1,5,82,2,gpu
1,5,85,2,pim
1,5,87,2,pim
1,5,95,2,pim
1,5,102,1,pim
1,5,107,4,gpu
1,5,108,1,pim
1,5,115,1,pim
1,5,117,3,gpu
1,6,4,1,pim
1,6,7,1,pim
1,6,8,5,gpu
1,6,13,1,pim
1,6,14,1,pim
1,6,16,1,pim
1,6,21,1,pim
1,6,25,3,gpu
1,6,27,1,pim
1,6,30,2,gpu
1,6,32,3,gpu
1,6,34,3,gpu
1,6,40,1,pim
1,6,41,1,pim
1,6,44,2,gpu
1,6,46,1,pim
1,6,48,1,pim
1,6,51,2,gpu
1,6,53,1,pim
1,6,55,1,pim
1,6,56,3,gpu
1,6,63,1,pim
1,6,64,2,gpu
1,6,68,1,pim
1,6,71,3,gpu
1,6,72,1,pim
1,6,75,1,pim
1,6,76,1,pim
1,6,79,3,gpu
1,6,80,3,gpu
1,6,85,1,pim
1,6,86,2,gpu
1,6,93,2,pim
1,6,96,1,pim
1,6,102,1,pim
1,6,103,1,pim
1,6,106,1,pim
1,6,115,1,pim
1,6,118,1,pim
1,6,123,1,pim
1,7,0,1,gpu
1,7,3,3,gpu
1,7,5,1,gpu
1,7,6,1,pim
1,7,9,4,gpu
1,7,16,3,gpu
1,7,18,3,gpu
1,7,21,1,pim
1,7,25,1,pim
1,7,27,1,pim
1,7,28,2,gpu
1,7,29,1,pim
1,7,31,1,pim
1,7,34,1,pim
1,7,38,1,pim
1,7,39,1,pim
1,7,41,1,pim
1,7,45,1,pim
1,7,47,1,pim
1,7,48,1,pim
1,7,51,1,pim
1,7,53,2,gpu
1,7,59,1,pim
1,7,60,1,pim
1,7,65,1,pim
1,7,67,1,pim
1,7,71,1,pim
1,7,73,1,pim
1,7,74,1,pim
1,7,78,2,gpu
1,7,87,3,gpu
1,7,91,2,gpu
1,7,94,1,pim
1,7,97,1,pim
1,7,98,1,pim
1,7,103,2,gpu
1,7,104,1,pim
1,7,106,1,pim
1,7,109,4,gpu
1,7,110,1,pim
1,7,117,2,gpu
1,7,122,1,pim
1,7,124,1,pim
1,7,127,1,pim
1,8,2,1,gpu
1,8,3,1,gpu
1,8,4,1,pim
1,8,8,1,pim
1,8,14,2,gpu
1,8,15,1,pim
1,8,19,1,pim
1,8,20,2,gpu
1,8,24,1,pim
1,8,25,1,pim
1,8,26,1,pim
1,8,29,2,gpu
1,8,36,2,gpu
1,8,38,4,gpu
1,8,42,2,gpu
1,8,43,3,gpu
1,8,46,3,gpu
1,8,47,1,pim
1,8,51,1,pim
1,8,54,1,pim
1,8,56,1,pim
1,8,59,2,gpu
1,8,68,1,pim
1,8,70,1,pim
1,8,74,1,pim
1,8,80,1,pim
1,8,82,1,pim
1,8,85,1,pim
1,8,90,1,pim
1,8,91,1,pim
1,8,94,1,pim
1,8,95,1,pim
1,8,103,1,pim
1,8,105,1,pim
1,8,109,4,gpu
1,8,110,1,pim
1,8,116,5,gpu
1,8,117,1,pim
1,8,119,1,pim
1,8,122,1,pim
1,8,124,1,pim
1,8,126,1,pim
1,8,127,2,gpu
1,9,0,1,pim
1,9,9,1,pim
1,9,10,7,gpu
1,9,19,3,gpu
1,9,21,1,pim
1,9,23,1,pim
1,9,25,2,gpu
1,9,32,1,pim
1,9,35,2,gpu
1,9,40,2,gpu
1,9,46,1,pim
1,9,47,1,pim
1,9,49,1,pim
1,9,54,1,pim
1,9,56,1,pim
1,9,59,1,pim
1,9,62,1,pim
1,9,64,1,pim
1,9,65,4,gpu
1,9,66,1,pim
1,9,68,1,pim
1,9,72,1,pim
1,9,77,1,pim
1,9,81,1,pim
1,9,87,3,gpu
1,9,89,1,pim
1,9,94,2,gpu
1,9,96,1,pim
1,9,97,1,pim
1,9,102,1,pim
1,9,103,1,pim
1,9,104,2,gpu
1,9,112,1,pim
1,9,113,2,gpu
1,9,114,4,gpu
1,9,117,3,gpu
1,9,118,2,gpu
1,9,124,1,pim
1,9,127,1,pim
1,10,3,1,pim
1,10,5,2,gpu
1,10,10,1,pim
1,10,13,1,pim
1,10,30,3,gpu
1,10,32,4,gpu
1,10,37,2,gpu
1,10,41,1,pim
1,10,45,2,gpu
1,10,46,1,pim
1,10,50,1,pim
1,10,51,2,gpu
1,10,53,5,gpu
1,10,58,1,pim
1,10,62,2,gpu
1,10,64,1,pim
1,10,70,2,gpu
1,10,74,3,gpu
1,10,75,1,pim
1,10,76,2,gpu
1,10,78,1,pim
1,10,83,1,pim
1,10,86,1,pim
1,10,88,4,gpu
1,10,91,1,pim
1,10,92,1,pim
1,10,95,3,gpu
1,10,98,2,pim
1,10,103,1,pim
1,10,104,2,pim
1,10,108,2,pim
1,10,109,2,pim
1,10,112,2,pim
1,10,116,1,pim
1,10,119,1,pim
1,10,124,1,pim
1,11,0,1,pim
1,11,7,3,gpu
1,11,8,2,gpu
1,11,10,1,pim
1,11,16,2,gpu
1,11,21,5,gpu
1,11,22,1,pim
1,11,23,2,gpu
1,11,28,2,gpu
1,11,29,2,gpu
1,11,33,1,pim
1,11,37,1,pim
1,11,39,1,pim
1,11,40,1,pim
1,11,41,1,pim
1,11,42,1,pim
1,11,43,2,gpu
1,11,50,1,pim
1,11,51,2,gpu
1,11,64,2,pim
1,11,67,3,gpu
1,11,69,2,pim
1,11,71,1,pim
1,11,82,4,gpu
1,11,87,3,gpu
1,11,89,6,gpu
1,11,96,1,pim
1,11,101,2,pim
1,11,106,1,pim
1,11,107,1,pim
1,11,110,1,pim
1,11,114,2,pim
1,11,126,1,pim
1,11,127,2,pim
1,12,0,2,gpu
1,12,2,1,pim
1,12,9,2,gpu
1,12,12,1,pim
1,12,14,3,gpu
1,12,17,2,gpu
1,12,24,1,pim
1,12,25,1,pim
1,12,26,3,gpu
1,12,34,1,pim
1,12,38,1,pim
1,12,40,1,pim
1,12,42,1,pim
1,12,46,1,pim
1,12,52,3,gpu
1,12,56,4,gpu
1,12,58,1,pim
1,12,61,1,pim
1,12,65,2,gpu
1,12,74,2,gpu
1,12,76,2,gpu
1,12,79,2,pim
1,12,85,1,pim
1,12,87,1,pim
1,12,90,1,pim
1,12,97,3,gpu
1,12,98,1,pim
1,12,102,1,pim
1,12,103,2,pim
1,12,104,1,pim
1,12,106,1,pim
1,12,107,1,pim
1,12,110,1,pim
1,12,113,1,pim
1,12,114,4,gpu
1,12,116,5,gpu
1,12,120,1,pim
1,12,124,1,pim
1,13,1,1,pim
1,13,7,1,pim
1,13,10,1,pim
1,13,12,1,pim
1,13,16,3,gpu
1,13,18,2,gpu
1,13,24,1,pim
1,13,31,1,pim
1,13,36,2,gpu
1,13,40,2,gpu
1,13,41,2,gpu
1,13,42,4,gpu
1,13,45,1,pim
1,13,49,1,pim
1,13,57,2,gpu
1,13,64,1,pim
1,13,66,1,pim
1,13,71,1,pim
1,13,75,2,gpu
1,13,76,1,pim
1,13,77,3,gpu
1,13,82,3,gpu
1,13,89,2,gpu
1,13,97,1,pim
1,13,98,4,gpu
1,13,101,2,pim
1,13,102,1,pim
1,13,104,6,gpu
1,13,109,2,pim
1,13,115,2,pim
1,13,119,1,pim
1,13,120,1,pim
1,13,121,1,pim
1,13,123,2,pim
1,13,124,2,pim
1,14,5,1,pim
1,14,6,1,pim
1,14,7,1,pim
1,14,8,2,gpu
1,14,10,1,pim
1,14,11,1,pim
1,14,16,1,pim
1,14,20,2,gpu
1,14,22,1,pim
1,14,27,1,pim
1,14,28,1,pim
1,14,31,1,pim
1,14,34,1,pim
1,14,40,2,gpu
1,14,44,1,pim
1,14,47,1,pim
1,14,52,1,pim
1,14,53,1,pim
1,14,55,6,gpu
1,14,57,1,pim
1,14,60,2,gpu
1,14,62,1,pim
1,14,69,2,gpu
1,14,71,1,pim
1,14,73,1,pim
1,14,75,1,pim
1,14,76,1,pim
1,14,79,2,gpu
1,14,80,2,gpu
1,14,88,3,gpu
1,14,89,1,pim
1,14,90,2,gpu
1,14,91,2,gpu
1,14,93,1,pim
1,14,95,2,gpu
1,14,96,2,gpu
1,14,99,2,pim
1,14,102,1,pim
1,14,107,3,gpu
1,14,108,1,pim
1,14,110,1,pim
1,14,112,1,pim
1,14,114,1,pim
1,15,1,1,pim
1,15,4,1,pim
1,15,6,1,pim
1,15,7,1,pim
1,15,8,1,pim
1,15,10,4,gpu
1,15,11,1,pim
1,15,13,1,pim
1,15,16,3,gpu
1,15,18,3,gpu
1,15,20,2,gpu
1,15,22,1,pim
1,15,23,1,pim
1,15,31,3,gpu
1,15,35,1,pim
1,15,37,1,pim
1,15,38,1,pim
1,15,46,1,pim
1,15,48,1,pim
1,15,51,1,pim
1,15,56,3,gpu
1,15,59,5,gpu
1,15,61,1,pim
1,15,66,2,gpu
1,15,69,1,pim
1,15,70,2,gpu
1,15,72,3,gpu
1,15,76,2,gpu
1,15,77,2,gpu
1,15,78,1,pim
1,15,82,2,gpu
1,15,86,2,pim
1,15,90,2,pim
1,15,91,1,pim
1,15,96,1,pim
1,15,106,1,pim
1,15,115,1,pim
1,15,123,2,pim
1,16,6,2,gpu
1,16,7,2,gpu
1,16,13,1,pim
1,16,16,1,pim
1,16,17,1,pim
1,16,18,3,gpu
1,16,19,2,gpu
1,16,20,1,pim
1,16,22,1,pim
1,16,23,1,pim
1,16,30,1,pim
1,16,40,2,gpu
1,16,42,1,pim
1,16,45,1,pim
1,16,50,5,gpu
1,16,52,1,pim
1,16,55,1,pim
1,16,59,1,pim
1,16,60,1,pim
1,16,64,1,pim
1,16,67,2,gpu
1,16,73,3,gpu
1,16,77,2,gpu
1,16,78,1,pim
1,16,79,1,pim
1,16,80,1,pim
1,16,83,1,pim
1,16,84,4,gpu
1,16,94,1,pim
1,16,97,1,pim
1,16,100,1,pim
1,16,103,3,gpu
1,16,108,1,pim
1,16,109,1,pim
1,16,110,2,gpu
1,16,114,2,gpu
1,16,115,3,gpu
1,16,117,1,pim
1,16,123,1,pim
1,16,126,1,pim
1,16,127,1,pim
1,17,0,3,gpu
1,17,6,1,pim
1,17,9,1,pim
1,17,14,3,gpu
1,17,16,2,gpu
1,17,17,1,pim
1,17,18,3,gpu
1,17,20,2,gpu
1,17,35,1,pim
1,17,46,2,gpu
1,17,52,2,gpu
1,17,54,1,pim
1,17,55,2,gpu
1,17,56,1,pim
1,17,60,1,pim
1,17,62,2,gpu
1,17,64,2,gpu
1,17,66,1,pim
1,17,68,1,pim
1,17,69,1,pim
1,17,71,1,pim
1,17,77,1,pim
1,17,78,1,pim
1,17,79,2,gpu
1,17,83,3,gpu
1,17,84,2,pim
1,17,91,1,pim
1,17,92,2,pim
1,17,97,2,pim
1,17,103,1,pim
1,17,105,1,pim
1,17,106,1,pim
1,17,112,1,pim
1,17,113,1,pim
1,17,116,3,gpu
1,17,120,4,gpu
1,17,121,1,pim
1,17,124,1,pim
1,17,126,2,pim
1,18,0,1,pim
1,18,4,1,pim
1,18,7,1,pim
1,18,8,5,gpu
1,18,12,2,gpu
1,18,14,1,pim
1,18,16,1,pim
1,18,19,1,pim
1,18,20,1,pim
1,18,21,2,gpu
1,18,25,3,gpu
1,18,27,1,pim
1,18,30,3,gpu
1,18,32,2,gpu
1,18,34,3,gpu
1,18,40,1,pim
1,18,41,1,pim
1,18,44,2,gpu
1,18,50,1,pim
1,18,51,2,gpu
1,18,52,2,gpu
1,18,53,1,pim
1,18,54,1,pim
1,18,56,1,pim
1,18,59,1,pim
1,18,64,1,pim
1,18,68,2,gpu
1,18,71,3,gpu
1,18,72,2,gpu
1,18,80,2,gpu
1,18,85,1,pim
1,18,86,2,pim
1,18,93,2,pim
1,18,96,2,pim
1,18,100,1,pim
1,18,102,1,pim
1,18,103,1,pim
1,18,109,1,pim
1,18,115,1,pim
1,18,123,1,pim
1,19,3,3,gpu
1,19,9,4,gpu
1,19,10,1,pim
1,19,16,2,gpu
1,19,18,4,gpu
1,19,20,1,pim
1,19,21,1,pim
1,19,25,1,pim
1,19,28,2,gpu
1,19,29,1,pim
1,19,31,3,gpu
1,19,34,2,gpu
1,19,38,1,pim
1,19,45,1,pim
1,19,47,1,pim
1,19,48,1,pim
1,19,51,1,pim
1,19,53,2,gpu
1,19,59,3,gpu
1,19,61,1,pim
1,19,63,1,pim
1,19,67,1,pim
1,19,71,1,pim
1,19,73,1,pim
1,19,74,1,pim
1,19,75,1,pim
1,19,78,1,pim
1,19,87,3,gpu
1,19,90,1,pim
1,19,91,2,gpu
1,19,97,1,pim
1,19,98,1,pim
1,19,104,1,pim
1,19,109,5,gpu
1,19,110,2,gpu
1,19,115,1,pim
1,19,117,2,pim
1,19,124,1,pim
1,19,127,1,pim
1,20,3,3,gpu
1,20,4,1,gpu
1,20,6,1,pim
1,20,8,1,pim
1,20,14,1,pim
1,20,15,1,pim
1,20,19,1,pim
1,20,20,1,pim
1,20,24,1,pim
1,20,26,1,pim
1,20,32,2,gpu
1,20,36,2,gpu
1,20,38,6,gpu
1,20,42,1,pim
1,20,43,3,gpu
1,20,46,4,gpu
1,20,47,1,pim
1,20,51,1,pim
1,20,54,1,pim
1,20,56,1,pim
1,20,57,1,pim
1,20,63,1,pim
1,20,68,1,pim
1,20,70,1,pim
1,20,72,2,gpu
1,20,74,1,pim
1,20,80,1,pim
1,20,82,2,gpu
1,20,91,1,pim
1,20,94,2,gpu
1,20,95,1,pim
1,20,101,2,gpu
1,20,105,1,pim
1,20,106,1,pim
1,20,109,1,pim
1,20,116,5,gpu
1,20,117,1,pim
1,20,119,1,pim
1,20,122,2,gpu
1,20,124,1,pim
1,20,127,1,pim
1,21,1,1,pim
1,21,10,6,gpu
1,21,12,1,pim
1,21,19,1,pim
1,21,23,1,pim
1,21,25,2,gpu
1,21,27,1,pim
1,21,32,1,pim
1,21,35,2,gpu
1,21,40,2,gpu
1,21,46,1,pim
1,21,49,3,gpu
1,21,51,1,pim
1,21,54,1,pim
1,21,56,1,pim
1,21,59,3,gpu
1,21,62,2,gpu
1,21,64,1,pim
1,21,65,1,pim
1,21,66,1,pim
1,21,68,1,pim
1,21,69,2,gpu
1,21,70,1,pim
1,21,72,1,pim
1,21,76,1,pim
1,21,77,1,pim
1,21,86,1,pim
1,21,87,2,gpu
1,21,94,2,gpu
1,21,96,3,gpu
1,21,97,1,pim
1,21,99,1,pim
1,21,102,1,pim
1,21,104,2,gpu
1,21,111,1,pim
1,21,112,1,pim
1,21,113,2,pim
1,21,114,5,gpu
1,21,117,1,pim
1,21,118,1,pim
1,22,0,1,pim
1,22,3,1,pim
1,22,5,2,gpu
1,22,10,1,pim
1,22,13,1,pim
1,22,18,1,pim
1,22,20,1,pim
1,22,23,4,gpu
1,22,26,1,pim
1,22,30,3,gpu
1,22,32,2,gpu
1,22,33,1,pim
1,22,37,1,pim
1,22,41,1,pim
1,22,43,3,gpu
1,22,45,2,gpu
1,22,50,1,pim
1,22,51,1,pim
1,22,53,2,gpu
1,22,58,2,gpu
1,22,69,5,gpu
1,22,70,2,gpu
1,22,74,3,gpu
1,22,76,1,pim
1,22,82,1,pim
1,22,83,1,pim
1,22,86,1,pim
1,22,92,1,pim
1,22,95,1,pim
1,22,96,1,pim
1,22,98,6,gpu
1,22,103,1,pim
1,22,104,1,pim
1,22,109,2,gpu
1,22,112,1,pim
1,22,113,1,pim
1,22,116,1,pim
1,22,119,1,pim
1,22,124,1,pim
1,23,0,1,pim
1,23,4,1,pim
1,23,6,1,pim
1,23,7,2,gpu
1,23,8,2,gpu
1,23,12,1,pim
1,23,16,1,pim
1,23,21,7,gpu
1,23,22,3,gpu
1,23,28,1,pim
1,23,29,2,gpu
1,23,30,1,pim
1,23,33,1,pim
1,23,37,2,gpu
1,23,40,1,pim
1,23,41,1,pim
1,23,42,3,gpu
1,23,43,1,pim
1,23,51,2,gpu
1,23,64,2,gpu
1,23,67,1,pim
1,23,69,1,pim
1,23,71,1,pim
1,23,73,1,pim
1,23,82,4,gpu
1,23,87,3,gpu
1,23,89,2,gpu
1,23,92,1,pim
1,23,96,4,gpu
1,23,97,1,pim
1,23,101,1,pim
1,23,105,1,pim
1,23,107,1,pim
1,23,111,1,pim
1,23,114,2,pim
1,23,115,1,pim
1,23,126,1,pim
1,23,127,1,pim
1,24,0,3,gpu
1,24,9,2,gpu
1,24,14,4,gpu
1,24,17,3,gpu
1,24,24,2,gpu
1,24,25,1,pim
1,24,26,3,gpu
1,24,38,1,pim
1,24,40,1,pim
1,24,42,1,pim
1,24,43,1,pim
1,24,46,1,pim
1,24,49,1,pim
1,24,50,2,gpu
1,24,52,4,gpu
1,24,56,4,gpu
1,24,58,1,pim
1,24,65,4,gpu
1,24,74,1,pim
1,24,75,1,pim
1,24,76,1,pim
1,24,77,1,pim
1,24,79,1,pim
1,24,85,1,pim
1,24,87,1,pim
1,24,90,1,pim
1,24,97,2,gpu
1,24,102,1,pim
1,24,103,2,gpu
1,24,107,2,pim
1,24,110,1,pim
1,24,114,2,pim
1,24,115,1,pim
1,24,116,3,gpu
1,24,118,1,pim
1,24,120,1,pim
1,24,124,1,pim
1,25,7,1,gpu
1,25,16,1,pim
1,25,18,2,gpu
1,25,24,2,gpu
1,25,27,1,pim
1,25,31,1,pim
1,25,32,1,pim
1,25,36,2,gpu
1,25,41,2,gpu
1,25,42,4,gpu
1,25,43,1,pim
1,25,45,1,pim
1,25,49,1,pim
1,25,57,3,gpu
1,25,62,1,pim
1,25,65,1,pim
1,25,71,1,pim
1,25,73,1,pim
1,25,77,4,gpu
1,25,82,5,gpu
1,25,89,1,pim
1,25,91,4,gpu
1,25,97,1,pim
1,25,98,3,gpu
1,25,99,1,pim
1,25,101,1,pim
1,25,104,8,gpu
1,25,109,1,pim
1,25,115,1,pim
1,25,119,1,pim
1,25,120,1,pim
1,25,121,1,pim
1,25,123,1,pim
1,25,124,1,pim
1,25,125,1,pim
1,25,127,1,pim
1,26,5,1,pim
1,26,7,2,gpu
1,26,8,3,gpu
1,26,11,1,pim
1,26,16,2,gpu
1,26,20,2,gpu
1,26,22,1,pim
1,26,23,1,pim
1,26,27,1,pim
1,26,28,1,pim
1,26,31,1,pim
1,26,40,2,gpu
1,26,44,1,pim
1,26,47,2,gpu
1,26,51,1,pim
1,26,53,1,pim
1,26,55,3,gpu
1,26,60,3,gpu
1,26,62,1,pim
1,26,66,1,pim
1,26,69,1,pim
1,26,71,2,gpu
1,26,75,3,gpu
1,26,76,1,pim
1,26,79,2,gpu
1,26,80,3,gpu
1,26,88,3,gpu
1,26,89,1,pim
1,26,90,2,gpu
1,26,91,1,pim
1,26,93,1,pim
1,26,95,1,pim
1,26,96,2,pim
1,26,99,1,pim
1,26,102,2,pim
1,26,107,2,pim
1,26,108,1,pim
1,26,110,1,pim
1,26,111,1,pim
1,26,112,1,pim
1,26,114,1,pim
1,27,1,1,pim
1,27,3,2,gpu
1,27,4,1,pim
1,27,6,1,pim
1,27,7,1,pim
1,27,8,1,pim
1,27,10,1,pim
1,27,13,1,pim
1,27,14,1,pim
1,27,16,2,gpu
1,27,18,3,gpu
1,27,20,2,gpu
1,27,22,1,pim
1,27,23,2,gpu
1,27,31,1,pim
1,27,34,1,pim
1,27,46,1,pim
1,27,56,3,gpu
1,27,57,1,pim
1,27,58,1,pim
1,27,59,4,gpu
1,27,61,3,gpu
1,27,66,1,pim
1,27,69,2,gpu
1,27,72,3,gpu
1,27,76,4,gpu
1,27,77,2,gpu
1,27,82,1,pim
1,27,86,2,pim
1,27,90,2,pim
1,27,91,1,pim
1,27,96,1,pim
1,27,104,1,pim
1,27,106,1,pim
1,27,112,1,pim
1,27,113,1,pim
1,27,115,1,pim
1,27,120,4,gpu
1,27,123,1,pim
1,28,6,2,gpu
1,28,7,2,gpu
1,28,13,1,pim
1,28,16,1,pim
1,28,17,1,pim
1,28,18,3,gpu
1,28,19,3,gpu
1,28,20,1,pim
1,28,22,1,pim
1,28,37,1,pim
1,28,40,2,gpu
1,28,41,1,pim
1,28,45,1,pim
1,28,50,6,gpu
1,28,52,1,pim
1,28,55,1,pim
1,28,59,2,gpu
1,28,60,3,gpu
1,28,67,2,gpu
1,28,73,3,gpu
1,28,78,1,pim
1,28,79,1,pim
1,28,80,1,pim
1,28,84,4,gpu
1,28,85,1,pim
1,28,87,1,pim
1,28,89,1,pim
1,28,93,1,pim
1,28,94,1,pim
1,28,109,1,pim
1,28,110,2,gpu
1,28,114,3,gpu
1,28,115,2,pim
1,28,117,1,pim
1,28,121,2,pim
1,28,123,1,pim
1,28,126,1,pim
1,28,127,1,pim
1,29,1,1,pim
1,29,13,1,pim
1,29,14,3,gpu
1,29,16,1,pim
1,29,18,3,gpu
1,29,20,2,gpu
1,29,32,1,pim
1,29,35,1,pim
1,29,36,2,gpu
1,29,46,3,gpu
1,29,56,1,pim
1,29,62,1,pim
1,29,64,2,gpu
1,29,66,1,pim
1,29,69,1,pim
1,29,71,2,gpu
1,29,72,2,gpu
1,29,77,1,pim
1,29,78,1,pim
1,29,79,2,gpu
1,29,81,2,gpu
1,29,83,3,gpu
1,29,84,1,pim
1,29,91,1,pim
1,29,92,1,pim
1,29,94,1,pim
1,29,97,2,gpu
1,29,100,2,pim
1,29,102,1,pim
1,29,103,3,gpu
1,29,106,1,pim
1,29,112,1,pim
1,29,113,1,pim
1,29,115,2,pim
1,29,116,4,gpu
1,29,120,2,pim
1,29,121,1,pim
1,29,124,1,pim
1,29,126,2,pim
1,30,4,1,pim
1,30,7,1,pim
1,30,8,4,gpu
1,30,12,1,pim
1,30,13,1,pim
1,30,14,2,gpu
1,30,16,1,pim
1,30,20,1,pim
1,30,21,1,pim
1,30,25,1,pim
1,30,27,1,pim
1,30,30,3,gpu
1,30,32,2,gpu
1,30,34,3,gpu
1,30,39,1,pim
1,30,40,1,pim
1,30,41,1,pim
1,30,46,1,pim
1,30,51,1,pim
1,30,52,1,pim
1,30,56,3,gpu
1,30,59,1,pim
1,30,64,3,gpu
1,30,68,1,pim
1,30,71,1,pim
1,30,72,1,pim
1,30,74,2,gpu
1,30,75,1,pim
1,30,79,1,pim
1,30,80,1,pim
1,30,86,2,gpu
1,30,93,2,gpu
1,30,96,2,gpu
1,30,100,2,gpu
1,30,101,1,pim
1,30,102,1,pim
1,30,103,1,pim
1,30,109,1,pim
1,30,110,2,gpu
1,30,115,2,pim
1,30,118,3,gpu
1,30,123,1,pim
1,31,3,3,gpu
1,31,9,2,gpu
1,31,16,1,pim
1,31,17,1,pim
1,31,18,1,pim
1,31,21,1,pim
1,31,25,1,pim
1,31,28,2,gpu
1,31,29,1,pim
1,31,31,1,pim
1,31,34,2,gpu
1,31,38,2,gpu
1,31,39,2,gpu
1,31,44,1,pim
1,31,45,1,pim
1,31,48,1,pim
1,31,50,1,pim
1,31,51,4,gpu
1,31,53,2,gpu
1,31,56,1,pim
1,31,58,2,gpu
1,31,59,1,pim
1,31,60,2,gpu
1,31,63,2,gpu
1,31,67,1,pim
1,31,70,1,pim
1,31,71,1,pim
1,31,73,1,pim
1,31,74,1,pim
1,31,78,1,pim
1,31,87,3,gpu
1,31,91,3,gpu
1,31,92,1,pim
1,31,98,2,pim
1,31,103,2,pim
1,31,104,1,pim
1,31,109,3,gpu
1,31,111,1,pim
1,31,117,2,pim
1,31,122,1,pim
1,31,127,1,pim
1,32,3,1,pim
1,32,4,1,pim
1,32,8,1,pim
1,32,9,2,gpu
1,32,14,2,gpu
1,32,15,2,gpu
1,32,19,1,pim
1,32,20,3,gpu
1,32,24,1,pim
1,32,25,1,pim
1,32,29,1,pim
1,32,32,1,pim
1,32,36,3,gpu
1,32,38,5,gpu
1,32,40,1,pim
1,32,42,1,pim
1,32,43,3,gpu
1,32,44,1,pim
1,32,46,3,gpu
1,32,47,1,pim
1,32,50,1,pim
1,32,51,1,pim
1,32,54,1,pim
1,32,56,1,pim
1,32,59,1,pim
1,32,68,1,pim
1,32,70,1,pim
1,32,82,2,gpu
1,32,85,1,pim
1,32,94,1,pim
1,32,101,1,pim
1,32,105,1,pim
1,32,106,3,gpu
1,32,109,2,gpu
1,32,116,5,gpu
1,32,117,1,pim
1,32,122,1,pim
1,32,127,4,gpu
1,33,5,1,gpu
1,33,10,5,gpu
1,33,12,1,pim
1,33,22,1,pim
1,33,24,1,pim
1,33,25,1,pim
1,33,28,1,pim
1,33,32,2,gpu
1,33,35,3,gpu
1,33,37,1,pim
1,33,39,1,pim
1,33,40,1,pim
1,33,43,1,pim
1,33,46,1,pim
1,33,49,1,pim
1,33,51,1,pim
1,33,54,1,pim
1,33,56,1,pim
1,33,59,1,pim
1,33,61,1,pim
1,33,62,1,pim
1,33,64,1,pim
1,33,65,2,gpu
1,33,66,1,pim
1,33,68,1,pim
1,33,72,1,pim
1,33,76,1,pim
1,33,77,1,pim
1,33,86,1,pim
1,33,87,1,pim
1,33,89,1,pim
1,33,94,2,gpu
1,33,96,2,gpu
1,33,99,1,pim
1,33,102,3,gpu
1,33,103,1,pim
1,33,104,2,gpu
1,33,112,2,gpu
1,33,113,2,gpu
1,33,114,3,gpu
1,33,116,1,pim
1,33,117,4,gpu
1,33,118,2,gpu
1,34,0,1,pim
1,34,3,1,pim
1,34,5,1,pim
1,34,10,1,pim
1,34,13,1,pim
1,34,18,1,pim
1,34,23,2,gpu
1,34,30,3,gpu
1,34,33,1,pim
1,34,37,1,pim
1,34,41,2,gpu
1,34,43,1,pim
1,34,45,2,gpu
1,34,46,1,pim
1,34,50,1,pim
1,34,69,4,gpu
1,34,70,2,gpu
1,34,71,1,pim
1,34,73,1,pim
1,34,74,3,gpu
1,34,76,2,gpu
1,34,86,5,gpu
1,34,88,1,pim
1,34,94,1,pim
1,34,95,1,pim
1,34,96,1,pim
1,34,98,6,gpu
1,34,103,3,gpu
1,34,104,2,gpu
1,34,107,1,pim
1,34,108,2,pim
1,34,109,2,pim
1,34,111,1,pim
1,34,113,3,gpu
1,34,120,1,pim
1,34,124,1,pim
1,35,0,3,gpu
1,35,4,2,gpu
1,35,8,4,gpu
1,35,10,1,pim
1,35,12,1,pim
1,35,18,1,pim
1,35,21,7,gpu
1,35,22,2,gpu
1,35,28,2,gpu
1,35,29,2,gpu
1,35,30,2,gpu
1,35,33,1,pim
1,35,37,3,gpu
1,35,39,2,pim
1,35,40,1,pim
1,35,41,1,pim
1,35,42,2,pim
1,35,46,1,pim
1,35,51,1,pim
1,35,64,2,pim
1,35,69,2,pim
1,35,71,1,pim
1,35,73,1,pim
1,35,82,4,gpu
1,35,87,3,gpu
1,35,89,4,gpu
1,35,96,2,pim
1,35,100,1,pim
1,35,107,1,pim
1,35,111,1,pim
1,35,114,1,pim
1,35,121,1,pim
1,35,127,1,pim
1,36,0,2,gpu
1,36,9,3,gpu
1,36,17,1,pim
1,36,24,3,gpu
1,36,25,1,pim
1,36,26,2,gpu
1,36,28,1,pim
1,36,40,2,gpu
1,36,42,1,pim
1,36,44,1,pim
1,36,46,1,pim
1,36,49,1,pim
1,36,52,4,gpu
1,36,53,1,pim
1,36,56,3,gpu
1,36,58,1,pim
1,36,63,1,pim
1,36,65,1,pim
1,36,73,6,gpu
1,36,74,1,pim
1,36,75,1,pim
1,36,90,1,pim
1,36,92,2,gpu
1,36,95,1,pim
1,36,97,2,gpu
1,36,101,1,pim
1,36,103,2,gpu
1,36,107,2,gpu
1,36,110,2,pim
1,36,113,1,pim
1,36,114,2,pim
1,36,115,1,pim
1,36,116,4,gpu
1,36,118,1,pim
1,36,119,2,pim
1,36,120,1,pim
1,36,124,1,pim
1,37,7,1,pim
1,37,15,1,pim
1,37,16,3,gpu
1,37,18,2,gpu
1,37,20,2,gpu
1,37,23,1,pim
1,37,24,2,gpu
1,37,35,1,pim
1,37,36,2,gpu
1,37,41,2,gpu
1,37,42,4,gpu
1,37,43,1,pim
1,37,44,1,pim
1,37,49,1,pim
1,37,55,1,pim
1,37,57,2,gpu
1,37,58,1,pim
1,37,61,1,pim
1,37,62,1,pim
1,37,71,1,pim
1,37,73,1,pim
1,37,75,2,pim
1,37,76,2,pim
1,37,77,4,gpu
1,37,80,1,pim
1,37,82,4,gpu
1,37,89,1,pim
1,37,91,3,gpu
1,37,98,2,pim
1,37,101,1,pim
1,37,104,8,gpu
1,37,120,1,pim
1,37,121,2,pim
1,37,127,1,pim
1,38,0,3,gpu
1,38,7,1,pim
1,38,8,3,gpu
1,38,10,1,pim
1,38,11,2,gpu
1,38,17,2,gpu
1,38,20,2,gpu
1,38,27,1,pim
1,38,28,3,gpu
1,38,40,1,pim
1,38,47,2,gpu
1,38,48,2,gpu
1,38,51,1,pim
1,38,53,1,pim
1,38,55,6,gpu
1,38,60,3,gpu
1,38,62,1,pim
1,38,64,1,pim
1,38,71,2,gpu
1,38,73,1,pim
1,38,75,3,gpu
1,38,76,1,pim
1,38,79,2,gpu
1,38,80,1,pim
1,38,87,1,pim
1,38,88,2,gpu
1,38,89,1,pim
1,38,90,2,pim
1,38,91,1,pim
1,38,93,1,pim
1,38,95,1,pim
1,38,96,2,pim
1,38,102,2,pim
1,38,107,1,pim
1,38,108,1,pim
1,38,110,1,pim
1,38,112,1,pim
1,38,118,1,pim
1,39,4,1,pim
1,39,6,1,pim
1,39,7,1,pim
1,39,8,1,pim
1,39,10,2,gpu
1,39,14,1,pim
1,39,16,1,pim
1,39,18,2,gpu
1,39,20,2,gpu
1,39,23,1,pim
1,39,35,1,pim
1,39,46,1,pim
1,39,48,1,pim
1,39,49,1,pim
1,39,56,4,gpu
1,39,57,1,pim
1,39,59,5,gpu
1,39,60,2,gpu
1,39,61,3,gpu
1,39,69,3,gpu
1,39,70,2,gpu
1,39,72,3,gpu
1,39,76,3,gpu
1,39,77,1,pim
1,39,82,1,pim
1,39,85,2,gpu
1,39,86,1,pim
1,39,90,2,gpu
1,39,96,1,pim
1,39,98,1,pim
1,39,101,2,gpu
1,39,104,1,pim
1,39,106,1,pim
1,39,113,1,pim
1,39,115,1,pim
1,39,116,1,pim
1,39,120,2,pim
1,39,123,2,pim
1,39,126,1,pim
1,40,6,2,gpu
1,40,7,2,gpu
1,40,8,2,gpu
1,40,13,1,pim
1,40,15,2,gpu
1,40,16,1,pim
1,40,17,2,gpu
1,40,18,2,gpu
1,40,19,2,gpu
1,40,20,3,gpu
1,40,22,1,pim
1,40,36,1,pim
1,40,40,2,gpu
1,40,44,2,gpu
1,40,45,1,pim
1,40,50,1,pim
1,40,51,1,pim
1,40,52,1,pim
1,40,55,2,gpu
1,40,57,1,pim
1,40,59,1,pim
1,40,60,2,gpu
1,40,65,1,pim
1,40,67,2,pim
1,40,73,4,gpu
1,40,79,1,pim
1,40,80,1,pim
1,40,81,1,pim
1,40,84,2,pim
1,40,85,1,pim
1,40,87,1,pim
1,40,100,1,pim
1,40,109,1,pim
1,40,110,2,pim
1,40,115,6,gpu
1,40,121,1,pim
1,40,123,1,pim
1,40,124,2,pim
1,40,127,1,pim
1,41,1,2,gpu
1,41,2,1,pim
1,41,6,1,pim
1,41,14,3,gpu
1,41,15,2,gpu
1,41,17,1,pim
1,41,18,1,pim
1,41,19,2,gpu
1,41,20,1,pim
1,41,21,2,gpu
1,41,35,1,pim
1,41,36,2,gpu
1,41,42,2,gpu
1,41,45,1,pim
1,41,46,2,gpu
1,41,48,2,gpu
1,41,52,2,gpu
1,41,53,1,pim
1,41,54,1,pim
1,41,64,2,gpu
1,41,66,1,pim
1,41,69,2,gpu
1,41,71,1,pim
1,41,72,1,pim
1,41,79,1,pim
1,41,80,2,pim
1,41,81,1,pim
1,41,83,4,gpu
1,41,84,1,pim
1,41,85,2,pim
1,41,92,1,pim
1,41,97,3,gpu
1,41,102,1,pim
1,41,103,3,gpu
1,41,112,1,pim
1,41,113,1,pim
1,41,115,1,pim
1,41,122,1,pim
1,41,124,1,pim
1,41,126,2,pim
1,41,127,1,pim
1,42,5,3,gpu
1,42,7,3,gpu
1,42,8,1,pim
1,42,18,1,pim
1,42,19,1,pim
1,42,21,1,pim
1,42,22,1,pim
1,42,24,2,gpu
1,42,28,1,pim
1,42,31,2,gpu
1,42,32,5,gpu
1,42,34,1,pim
1,42,36,3,gpu
1,42,37,2,gpu
1,42,39,2,gpu
1,42,49,2,gpu
1,42,54,1,pim
1,42,59,3,gpu
1,42,60,1,pim
1,42,64,2,gpu
1,42,65,1,pim
1,42,68,2,pim
1,42,71,2,pim
1,42,73,1,pim
1,42,74,2,pim
1,42,76,4,gpu
1,42,86,1,pim
1,42,90,2,pim
1,42,98,1,pim
1,42,101,3,gpu
1,42,106,1,pim
1,42,109,1,pim
1,42,119,2,pim
1,42,120,1,pim
1,42,125,2,pim
1,43,2,2,gpu
1,43,4,3,gpu
1,43,6,3,gpu
1,43,9,1,pim
1,43,12,2,gpu
1,43,16,1,pim
1,43,17,1,pim
1,43,19,3,gpu
1,43,20,2,gpu
1,43,26,2,gpu
1,43,30,2,gpu
1,43,31,1,pim
1,43,36,1,pim
1,43,40,2,gpu
1,43,43,2,gpu
1,43,45,3,gpu
1,43,49,2,gpu
1,43,59,1,pim
1,43,60,2,pim
1,43,74,1,pim
1,43,77,2,pim
1,43,78,5,gpu
1,43,79,1,pim
1,43,81,2,pim
1,43,87,2,pim
1,43,88,2,pim
1,43,89,1,pim
1,43,96,1,pim
1,43,97,1,pim
1,43,102,1,pim
1,43,104,1,pim
1,43,112,1,pim
1,43,121,2,pim
1,43,125,2,pim
1,43,127,3,gpu
1,44,0,2,gpu
1,44,1,1,pim
1,44,3,2,gpu
1,44,6,1,pim
1,44,11,1,pim
1,44,13,2,gpu
1,44,17,1,pim
1,44,18,1,pim
1,44,20,3,gpu
1,44,21,1,pim
1,44,22,2,gpu
1,44,23,2,gpu
1,44,30,2,gpu
1,44,32,1,pim
1,44,38,1,pim
1,44,44,1,pim
1,44,45,4,gpu
1,44,53,2,gpu
1,44,54,2,gpu
1,44,68,4,gpu
1,44,71,3,gpu
1,44,72,1,pim
1,44,73,2,pim
1,44,79,2,pim
1,44,83,1,pim
1,44,88,2,pim
1,44,90,1,pim
1,44,92,3,gpu
1,44,94,2,pim
1,44,98,1,pim
1,44,99,2,pim
1,44,107,2,pim
1,44,118,1,pim
1,44,119,1,pim
1,44,121,4,gpu
1,45,1,2,gpu
1,45,4,1,pim
1,45,5,1,pim
1,45,7,3,gpu
1,45,12,2,gpu
1,45,17,3,gpu
1,45,20,2,gpu
1,45,22,2,gpu
1,45,26,3,gpu
1,45,27,1,pim
1,45,28,1,pim
1,45,32,1,pim
1,45,35,1,pim
1,45,42,1,pim
1,45,46,4,gpu
1,45,58,1,pim
1,45,63,3,gpu
1,45,70,2,pim
1,45,76,2,pim
1,45,80,2,pim
1,45,82,1,pim
1,45,84,4,gpu
1,45,85,2,pim
1,45,89,1,pim
1,45,92,1,pim
1,45,94,3,gpu
1,45,103,3,gpu
1,45,107,2,pim
1,45,111,2,pim
1,45,112,4,gpu
1,45,115,1,pim
1,45,119,1,pim
1,45,127,1,pim
1,46,7,1,pim
1,46,8,3,gpu
1,46,19,1,pim
1,46,22,1,pim
1,46,28,2,gpu
1,46,29,4,gpu
1,46,30,3,gpu
1,46,31,2,gpu
1,46,38,2,gpu
1,46,39,4,gpu
1,46,47,1,pim
1,46,51,1,pim
1,46,67,3,gpu
1,46,68,2,gpu
1,46,75,5,gpu
1,46,80,2,gpu
1,46,81,2,pim
1,46,83,2,pim
1,46,84,3,gpu
1,46,88,1,pim
1,46,91,1,pim
1,46,96,1,pim
1,46,97,2,pim
1,46,104,2,pim
1,46,105,4,gpu
1,46,110,1,pim
1,46,111,1,pim
1,46,114,2,pim
1,46,115,2,pim
1,46,117,1,pim
1,46,119,2,pim
1,47,9,3,gpu
1,47,15,3,gpu
1,47,21,1,pim
1,47,26,1,pim
1,47,27,1,pim
1,47,30,1,pim
1,47,31,2,gpu
1,47,32,5,gpu
1,47,34,3,gpu
1,47,35,4,gpu
1,47,38,1,pim
1,47,47,2,pim
1,47,52,3,gpu
1,47,54,1,pim
1,47,66,2,pim
1,47,71,3,gpu
1,47,73,2,pim
1,47,79,1,pim
1,47,82,1,pim
1,47,85,1,pim
1,47,88,1,pim
1,47,95,4,gpu
1,47,108,1,pim
1,47,111,4,gpu
1,47,117,4,gpu
1,47,121,3,gpu
1,47,123,2,pim
1,47,124,1,pim
1,47,126,1,pim
1,47,127,2,pim
2,0,2,1,pim
2,0,3,3,gpu
2,0,7,1,pim
2,0,16,1,pim
2,0,17,1,pim
2,0,21,2,gpu
2,0,22,1,pim
2,0,23,1,pim
2,0,28,1,pim
2,0,29,2,gpu
2,0,50,1,pim
2,0,51,1,pim
2,0,53,1,pim
2,0,57,3,gpu
2,0,61,1,pim
2,0,62,2,pim
2,0,63,1,pim
2,0,66,3,gpu
2,0,71,3,gpu
2,0,77,2,pim
2,0,80,1,pim
2,0,83,1,pim
2,0,97,1,pim
2,0,103,2,pim
2,0,104,2,pim
2,0,106,3,gpu
2,0,107,1,pim
2,0,110,3,gpu
2,0,111,1,pim
2,0,112,1,pim
2,0,114,3,gpu
2,0,116,3,gpu
2,0,120,4,gpu
2,0,126,3,gpu
2,0,127,3,gpu
2,1,3,4,gpu
2,1,6,2,gpu
2,1,8,2,gpu
2,1,9,3,gpu
2,1,13,1,pim
2,1,14,1,pim
2,1,20,1,pim
2,1,23,2,gpu
2,1,29,1,pim
2,1,34,1,pim
2,1,39,1,pim
2,1,42,2,gpu
2,1,45,2,gpu
2,1,48,3,gpu
2,1,52,1,pim
2,1,53,1,pim
2,1,57,1,pim
2,1,58,2,gpu
2,1,63,1,pim
2,1,66,1,pim
2,1,67,1,pim
2,1,76,4,gpu
2,1,78,2,pim
2,1,85,1,pim
2,1,86,2,pim
2,1,88,5,gpu
2,1,91,3,gpu
2,1,95,3,gpu
2,1,104,1,pim
2,1,107,2,pim
2,1,113,2,pim
2,1,115,1,pim
2,1,122,1,pim
2,1,123,1,pim
2,1,126,2,pim
2,2,4,1,pim
2,2,7,3,gpu
2,2,9,1,pim
2,2,10,1,pim
2,2,11,1,pim
2,2,14,6,gpu
2,2,15,7,gpu
2,2,16,1,pim
2,2,22,1,pim
2,2,23,1,pim
2,2,24,2,gpu
2,2,25,2,gpu
2,2,44,1,pim
2,2,45,1,pim
2,2,47,7,gpu
2,2,51,2,gpu
2,2,63,1,pim
2,2,66,1,pim
2,2,69,1,pim
2,2,72,3,gpu
2,2,73,2,gpu
2,2,76,1,pim
2,2,87,1,pim
2,2,90,3,gpu
2,2,100,2,pim
2,2,115,1,pim
2,2,116,2,pim
2,2,118,1,pim
2,2,119,2,pim
2,2,122,3,gpu
2,2,125,2,pim
2,3,2,2,gpu
2,3,7,3,gpu
2,3,12,1,pim
2,3,13,2,gpu
2,3,16,7,gpu
2,3,27,1,pim
2,3,29,2,gpu
2,3,32,1,pim
2,3,35,1,pim
2,3,38,1,pim
2,3,39,4,gpu
2,3,40,1,pim
2,3,41,1,pim
2,3,43,1,pim
2,3,46,2,gpu
2,3,53,2,pim
2,3,59,1,pim
2,3,61,1,pim
2,3,62,1,pim
2,3,76,3,gpu
2,3,77,1,pim
2,3,84,5,gpu
2,3,89,2,pim
2,3,90,4,gpu
2,3,91,1,pim
2,3,92,1,pim
2,3,97,1,pim
2,3,105,1,pim
2,3,112,4,gpu
2,3,119,1,pim
2,3,120,3,gpu
2,3,127,2,pim
2,4,0,2,gpu
2,4,1,1,pim
2,4,9,1,pim
2,4,12,1,pim
2,4,13,1,pim
2,4,14,1,pim
2,4,18,1,pim
2,4,23,5,gpu
2,4,25,2,gpu
2,4,27,1,pim
2,4,29,1,pim
2,4,37,1,pim
2,4,39,2,gpu
2,4,47,2,gpu
2,4,48,1,pim
2,4,50,1,pim
2,4,51,1,pim
2,4,52,4,gpu
2,4,54,1,pim
2,4,56,3,gpu
2,4,63,3,gpu
2,4,65,1,pim
2,4,74,1,pim
2,4,77,2,gpu
2,4,81,3,gpu
2,4,83,2,gpu
2,4,86,1,pim
2,4,89,1,pim
2,4,91,2,gpu
2,4,93,2,pim
2,4,97,1,pim
2,4,104,6,gpu
2,4,109,2,pim
2,4,116,1,pim
2,4,118,1,pim
2,4,124,2,pim
2,5,8,1,pim
2,5,9,1,pim
2,5,12,2,pim
2,5,13,6,gpu
2,5,16,1,pim
2,5,17,4,gpu
2,5,19,1,pim
2,5,30,1,pim
2,5,34,1,pim
2,5,41,1,pim
2,5,44,1,pim
2,5,45,1,pim
2,5,47,4,gpu
2,5,48,1,pim
2,5,51,3,gpu
2,5,62,1,pim
2,5,65,1,pim
2,5,68,3,gpu
2,5,70,4,gpu
2,5,74,1,pim
2,5,76,1,pim
2,5,78,1,pim
2,5,79,1,pim
2,5,80,3,gpu
2,5,82,4,gpu
2,5,86,1,pim
2,5,95,2,pim
2,5,96,1,pim
2,5,105,3,gpu
2,5,107,3,gpu
2,5,114,1,pim
2,5,117,3,gpu
2,5,122,1,pim
2,6,4,1,pim
2,6,8,4,gpu
2,6,13,3,gpu
2,6,16,2,gpu
2,6,18,1,pim
2,6,25,2,gpu
2,6,27,1,pim
2,6,30,3,gpu
2,6,32,3,gpu
2,6,34,2,gpu
2,6,40,1,pim
2,6,41,1,pim
2,6,44,1,pim
2,6,52,1,pim
2,6,53,3,gpu
2,6,56,2,gpu
2,6,59,2,gpu
2,6,63,2,gpu
2,6,64,1,pim
2,6,70,2,gpu
2,6,71,4,gpu
2,6,74,1,pim
2,6,75,1,pim
2,6,76,1,pim
2,6,79,2,gpu
2,6,80,2,pim
2,6,85,1,pim
2,6,90,2,pim
2,6,93,1,pim
2,6,94,1,pim
2,6,96,2,pim
2,6,99,1,pim
2,6,109,1,pim
2,6,110,1,pim
2,6,111,1,pim
2,6,115,1,pim
2,6,118,1,pim
2,6,123,2,pim
2,7,3,5,gpu
2,7,9,2,gpu
2,7,10,1,pim
2,7,16,1,pim
2,7,18,5,gpu
2,7,24,1,pim
2,7,25,1,pim
2,7,27,1,pim
2,7,28,2,gpu
2,7,29,1,pim
2,7,31,1,pim
2,7,34,1,pim
2,7,38,1,pim
2,7,39,1,pim
2,7,50,4,gpu
2,7,51,2,gpu
2,7,53,1,pim
2,7,58,1,pim
2,7,60,1,pim
2,7,65,1,pim
2,7,67,1,pim
2,7,70,1,pim
2,7,71,2,gpu
2,7,73,2,gpu
2,7,81,1,pim
2,7,86,1,pim
2,7,87,4,gpu
2,7,91,2,gpu
2,7,98,2,pim
2,7,103,3,gpu
2,7,106,1,pim
2,7,109,5,gpu
2,7,110,1,pim
2,7,115,1,pim
2,7,117,2,pim
2,7,127,1,pim
2,8,3,3,gpu
2,8,6,1,pim
2,8,7,1,pim
2,8,14,1,pim
2,8,15,1,pim
2,8,18,1,pim
2,8,19,1,pim
2,8,24,2,gpu
2,8,25,1,pim
2,8,26,1,pim
2,8,28,3,gpu
2,8,36,3,gpu
2,8,38,4,gpu
2,8,42,1,pim
2,8,43,3,gpu
2,8,46,4,gpu
2,8,47,1,pim
2,8,51,2,gpu
2,8,54,1,pim
2,8,59,2,gpu
2,8,64,2,gpu
2,8,70,1,pim
2,8,74,1,pim
2,8,79,1,pim
2,8,80,2,gpu
2,8,87,1,pim
2,8,99,1,pim
2,8,103,1,pim
2,8,106,1,pim
2,8,109,4,gpu
2,8,111,2,pim
2,8,114,1,pim
2,8,116,5,gpu
2,8,122,1,pim
2,8,125,1,pim
2,8,126,1,pim
2,8,127,1,pim
2,9,10,6,gpu
2,9,12,1,pim
2,9,13,1,pim
2,9,18,1,pim
2,9,19,3,gpu
2,9,21,1,pim
2,9,32,5,gpu
2,9,35,1,pim
2,9,43,1,pim
2,9,45,2,gpu
2,9,46,1,pim
2,9,47,1,pim
2,9,49,3,gpu
2,9,54,1,pim
2,9,59,1,pim
2,9,62,1,pim
2,9,65,2,gpu
2,9,68,1,pim
2,9,77,1,pim
2,9,80,1,pim
2,9,83,3,gpu
2,9,87,2,gpu
2,9,94,3,gpu
2,9,96,2,gpu
2,9,98,1,pim
2,9,102,2,gpu
2,9,103,1,pim
2,9,104,1,pim
2,9,106,1,pim
2,9,112,2,gpu
2,9,113,1,pim
2,9,114,4,gpu
2,9,116,2,pim
2,9,117,2,pim
2,9,118,1,pim
2,9,122,1,pim
2,10,5,1,pim
2,10,13,1,pim
2,10,14,2,gpu
2,10,19,2,gpu
2,10,23,1,pim
2,10,26,3,gpu
2,10,30,4,gpu
2,10,32,2,gpu
2,10,37,1,pim
2,10,39,1,pim
2,10,45,2,gpu
2,10,46,1,pim
2,10,50,1,pim
2,10,51,1,pim
2,10,53,6,gpu
2,10,58,1,pim
2,10,69,3,gpu
2,10,70,3,gpu
2,10,74,3,gpu
2,10,76,1,pim
2,10,78,1,pim
2,10,83,2,gpu
2,10,86,3,gpu
2,10,87,1,pim
2,10,88,1,pim
2,10,95,1,pim
2,10,96,1,pim
2,10,98,1,pim
2,10,101,1,pim
2,10,103,1,pim
2,10,107,2,pim
2,10,108,2,pim
2,10,113,4,gpu
2,10,116,1,pim
2,10,119,1,pim
2,10,120,1,pim
2,11,0,2,gpu
2,11,7,1,pim
2,11,8,2,gpu
2,11,10,1,pim
2,11,16,1,pim
2,11,21,7,gpu
2,11,22,1,pim
2,11,23,2,gpu
2,11,28,3,gpu
2,11,29,1,pim
2,11,37,2,gpu
2,11,39,3,gpu
2,11,40,1,pim
2,11,43,1,pim
2,11,51,1,pim
2,11,52,1,pim
2,11,55,1,pim
2,11,64,2,pim
2,11,67,4,gpu
2,11,68,1,pim
2,11,69,3,gpu
2,11,70,1,pim
2,11,82,3,gpu
2,11,85,2,pim
2,11,86,2,pim
2,11,87,2,pim
2,11,89,5,gpu
2,11,96,1,pim
2,11,99,1,pim
2,11,101,1,pim
2,11,109,3,gpu
2,11,114,1,pim
2,11,123,1,pim
2,12,9,1,pim
2,12,14,1,pim
2,12,17,1,pim
2,12,18,1,pim
2,12,24,1,pim
2,12,26,2,gpu
2,12,38,1,pim
2,12,40,1,pim
2,12,43,2,gpu
2,12,44,1,pim
2,12,48,1,pim
2,12,50,2,gpu
2,12,52,2,gpu
2,12,53,2,gpu
2,12,56,4,gpu
2,12,58,2,gpu
2,12,60,1,pim
2,12,61,1,pim
2,12,63,2,gpu
2,12,65,1,pim
2,12,68,2,gpu
2,12,74,1,pim
2,12,79,2,gpu
2,12,85,2,gpu
2,12,95,2,gpu
2,12,97,1,pim
2,12,100,1,pim
2,12,101,1,pim
2,12,102,1,pim
2,12,103,1,pim
2,12,104,1,pim
2,12,107,2,pim
2,12,110,4,gpu
2,12,113,2,pim
2,12,114,1,pim
2,12,115,1,pim
2,12,116,4,gpu
2,12,119,2,pim
2,12,120,2,pim
2,12,125,1,pim
2,13,4,1,pim
2,13,16,4,gpu
2,13,18,1,pim
2,13,21,2,gpu
2,13,24,2,gpu
2,13,31,1,pim
2,13,35,1,pim
2,13,36,3,gpu
2,13,40,2,gpu
2,13,41,1,pim
2,13,42,5,gpu
2,13,44,2,gpu
2,13,49,1,pim
2,13,64,4,gpu
2,13,65,2,gpu
2,13,66,3,gpu
2,13,75,2,pim
2,13,77,6,gpu
2,13,82,1,pim
2,13,83,2,pim
2,13,91,1,pim
2,13,97,1,pim
2,13,98,2,pim
2,13,104,5,gpu
2,13,109,1,pim
2,13,111,1,pim
2,13,115,1,pim
2,13,118,2,pim
2,13,121,1,pim
2,13,123,1,pim
2,13,124,1,pim
2,13,125,1,pim
2,14,0,2,gpu
2,14,2,1,pim
2,14,6,2,gpu
2,14,7,1,pim
2,14,8,3,gpu
2,14,10,2,gpu
2,14,11,1,pim
2,14,15,1,pim
2,14,16,3,gpu
2,14,18,1,pim
2,14,22,2,gpu
2,14,28,2,gpu
2,14,39,2,gpu
2,14,40,1,pim
2,14,47,2,gpu
2,14,55,4,gpu
2,14,57,1,pim
2,14,62,2,gpu
2,14,66,2,gpu
2,14,69,1,pim
2,14,71,2,pim
2,14,73,1,pim
2,14,75,3,gpu
2,14,79,2,pim
2,14,80,2,pim
2,14,86,2,pim
2,14,88,3,gpu
2,14,89,1,pim
2,14,90,2,pim
2,14,91,1,pim
2,14,93,1,pim
2,14,95,1,pim
2,14,99,1,pim
2,14,102,1,pim
2,14,105,1,pim
2,14,107,2,pim
2,14,110,1,pim
2,14,111,1,pim
2,15,4,1,pim
2,15,6,1,pim
2,15,10,4,gpu
2,15,11,1,pim
2,15,14,1,pim
2,15,16,2,gpu
2,15,20,1,pim
2,15,22,1,pim
2,15,23,2,gpu
2,15,29,1,pim
2,15,30,1,pim
2,15,31,1,pim
2,15,35,3,gpu
2,15,46,2,gpu
2,15,56,2,gpu
2,15,59,4,gpu
2,15,60,2,gpu
2,15,61,2,gpu
2,15,64,1,pim
2,15,66,1,pim
2,15,69,2,gpu
2,15,70,2,gpu
2,15,71,1,pim
2,15,72,1,pim
2,15,76,3,gpu
2,15,77,2,pim
2,15,79,1,pim
2,15,82,2,pim
2,15,86,1,pim
2,15,89,1,pim
2,15,91,1,pim
2,15,96,2,pim
2,15,98,1,pim
2,15,104,1,pim
2,15,112,2,pim
2,15,120,3,gpu
2,15,123,1,pim
2,15,125,3,gpu
2,16,7,2,gpu
2,16,12,1,pim
2,16,15,1,pim
2,16,16,1,pim
2,16,17,3,gpu
2,16,18,1,pim
2,16,19,2,gpu
2,16,20,2,gpu
2,16,22,1,pim
2,16,23,1,pim
2,16,24,2,gpu
2,16,29,1,pim
2,16,40,1,pim
2,16,41,2,gpu
2,16,42,1,pim
2,16,45,1,pim
2,16,48,1,pim
2,16,50,3,gpu
2,16,52,1,pim
2,16,60,3,gpu
2,16,64,1,pim
2,16,67,2,gpu
2,16,73,3,gpu
2,16,77,1,pim
2,16,79,1,pim
2,16,80,1,pim
2,16,83,3,gpu
2,16,84,4,gpu
2,16,87,2,gpu
2,16,90,1,pim
2,16,94,2,pim
2,16,95,1,pim
2,16,103,1,pim
2,16,109,1,pim
2,16,114,1,pim
2,16,115,1,pim
2,16,119,3,gpu
2,16,123,2,pim
2,16,127,2,pim
2,17,0,1,pim
2,17,1,1,pim
2,17,2,1,pim
2,17,5,1,pim
2,17,6,1,pim
2,17,14,2,gpu
2,17,15,2,gpu
2,17,18,4,gpu
2,17,23,1,pim
2,17,35,2,gpu
2,17,36,1,pim
2,17,46,1,pim
2,17,50,1,pim
2,17,52,2,gpu
2,17,53,2,gpu
2,17,64,1,pim
2,17,65,1,pim
2,17,66,2,gpu
2,17,68,1,pim
2,17,71,1,pim
2,17,77,1,pim
2,17,78,3,gpu
2,17,79,1,pim
2,17,83,3,gpu
2,17,84,2,gpu
2,17,91,1,pim
2,17,92,1,pim
2,17,93,1,pim
2,17,94,1,pim
2,17,97,2,gpu
2,17,99,1,pim
2,17,100,1,pim
2,17,102,2,gpu
2,17,103,1,pim
2,17,113,1,pim
2,17,115,2,pim
2,17,116,4,gpu
2,17,117,1,pim
2,17,120,4,gpu
2,17,124,1,pim
2,17,126,1,pim
2,18,0,1,pim
2,18,8,4,gpu
2,18,12,1,pim
2,18,16,1,pim
2,18,19,1,pim
2,18,20,1,pim
2,18,21,1,pim
2,18,25,3,gpu
2,18,27,2,gpu
2,18,30,2,gpu
2,18,32,3,gpu
2,18,34,1,pim
2,18,40,1,pim
2,18,41,1,pim
2,18,44,2,gpu
2,18,52,1,pim
2,18,53,2,gpu
2,18,54,1,pim
2,18,56,2,gpu
2,18,59,1,pim
2,18,63,2,gpu
2,18,64,1,pim
2,18,70,2,gpu
2,18,71,5,gpu
2,18,74,3,gpu
2,18,75,1,pim
2,18,80,1,pim
2,18,85,1,pim
2,18,86,2,gpu
2,18,90,2,gpu
2,18,93,1,pim
2,18,96,2,pim
2,18,101,1,pim
2,18,102,1,pim
2,18,103,1,pim
2,18,109,1,pim
2,18,110,1,pim
2,18,111,1,pim
2,18,115,1,pim
2,18,120,1,pim
2,18,123,1,pim
2,19,3,2,gpu
2,19,7,1,pim
2,19,9,3,gpu
2,19,18,4,gpu
2,19,19,1,pim
2,19,27,1,pim
2,19,28,2,gpu
2,19,29,1,pim
2,19,31,1,pim
2,19,34,3,gpu
2,19,38,1,pim
2,19,41,2,gpu
2,19,44,1,pim
2,19,53,1,pim
2,19,58,1,pim
2,19,59,4,gpu
2,19,60,1,pim
2,19,63,1,pim
2,19,65,1,pim
2,19,67,1,pim
2,19,70,1,pim
2,19,71,1,pim
2,19,74,1,pim
2,19,79,3,gpu
2,19,81,2,gpu
2,19,87,4,gpu
2,19,91,1,pim
2,19,97,1,pim
2,19,98,3,gpu
2,19,103,1,pim
2,19,104,1,pim
2,19,106,1,pim
2,19,109,5,gpu
2,19,110,1,pim
2,19,111,1,pim
2,19,115,2,gpu
2,19,124,1,pim
2,19,127,1,pim
2,20,3,3,gpu
2,20,6,2,gpu
2,20,7,2,gpu
2,20,9,1,pim
2,20,11,1,pim
2,20,14,1,pim
2,20,15,1,pim
2,20,18,1,pim
2,20,19,2,gpu
2,20,24,1,pim
2,20,32,2,gpu
2,20,36,3,gpu
2,20,37,1,pim
2,20,38,6,gpu
2,20,43,3,gpu
2,20,46,3,gpu
2,20,47,1,pim
2,20,50,1,pim
2,20,51,2,gpu
2,20,54,1,pim
2,20,57,3,gpu
2,20,64,2,gpu
2,20,68,1,pim
2,20,74,1,pim
2,20,80,1,pim
2,20,82,1,pim
2,20,87,1,pim
2,20,94,2,pim
2,20,101,1,pim
2,20,103,2,pim
2,20,106,1,pim
2,20,109,1,pim
2,20,111,1,pim
2,20,116,3,gpu
2,20,117,1,pim
2,20,125,1,pim
2,20,126,1,pim
2,20,127,2,pim
2,21,10,6,gpu
2,21,12,1,pim
2,21,13,2,gpu
2,21,18,1,pim
2,21,19,1,pim
2,21,25,1,pim
2,21,32,1,pim
2,21,35,1,pim
2,21,36,1,pim
2,21,40,2,gpu
2,21,43,1,pim
2,21,45,1,pim
2,21,46,1,pim
2,21,49,3,gpu
2,21,51,1,pim
2,21,59,2,gpu
2,21,62,1,pim
2,21,64,2,gpu
2,21,65,2,gpu
2,21,68,2,gpu
2,21,76,1,pim
2,21,80,1,pim
2,21,83,3,gpu
2,21,87,3,gpu
2,21,91,1,pim
2,21,94,2,gpu
2,21,96,3,gpu
2,21,104,1,pim
2,21,106,1,pim
2,21,108,1,pim
2,21,111,1,pim
2,21,112,2,gpu
2,21,113,2,pim
2,21,114,3,gpu
2,21,116,1,pim
2,21,117,2,pim
2,21,118,1,pim
2,21,122,2,pim
2,22,5,1,pim
2,22,14,1,pim
2,22,19,2,gpu
2,22,20,1,pim
2,22,23,2,gpu
2,22,26,2,gpu
2,22,30,2,gpu
2,22,36,1,pim
2,22,41,1,pim
2,22,43,2,gpu
2,22,45,2,gpu
2,22,46,1,pim
2,22,48,1,pim
2,22,50,1,pim
2,22,51,1,pim
2,22,53,3,gpu
2,22,58,3,gpu
2,22,62,2,gpu
2,22,66,1,pim
2,22,69,5,gpu
2,22,70,1,pim
2,22,71,1,pim
2,22,73,2,gpu
2,22,74,3,gpu
2,22,76,1,pim
2,22,78,1,pim
2,22,82,1,pim
2,22,84,1,pim
2,22,86,2,gpu
2,22,87,1,pim
2,22,95,1,pim
2,22,96,1,pim
2,22,98,4,gpu
2,22,99,1,pim
2,22,103,1,pim
2,22,108,1,pim
2,22,112,1,pim
2,22,113,1,pim
2,22,116,1,pim
2,22,119,1,pim
2,22,120,1,pim
2,22,124,1,pim
2,23,0,2,gpu
2,23,4,2,gpu
2,23,7,2,gpu
2,23,8,2,gpu
2,23,16,1,pim
2,23,21,7,gpu
2,23,22,4,gpu
2,23,29,1,pim
2,23,34,1,pim
2,23,37,1,pim
2,23,39,2,gpu
2,23,40,1,pim
2,23,42,1,pim
2,23,43,1,pim
2,23,55,1,pim
2,23,63,1,pim
2,23,64,2,gpu
2,23,67,2,gpu
2,23,69,2,gpu
2,23,70,2,gpu
2,23,71,1,pim
2,23,73,1,pim
2,23,75,1,pim
2,23,82,2,gpu
2,23,86,1,pim
2,23,87,2,gpu
2,23,89,2,pim
2,23,96,4,gpu
2,23,99,1,pim
2,23,100,1,pim
2,23,101,1,pim
2,23,109,1,pim
2,23,114,2,pim
2,23,116,1,pim
2,23,122,1,pim
2,23,123,1,pim
2,23,124,1,pim
2,23,125,1,pim
2,23,126,1,pim
2,24,0,1,pim
2,24,9,1,pim
2,24,14,2,gpu
2,24,17,2,gpu
2,24,18,1,pim
2,24,23,1,pim
2,24,24,1,pim
2,24,25,1,pim
2,24,26,1,pim
2,24,29,1,pim
2,24,30,1,pim
2,24,32,2,gpu
2,24,38,1,pim
2,24,40,1,pim
2,24,43,1,pim
2,24,48,1,pim
2,24,49,1,pim
2,24,50,3,gpu
2,24,52,2,gpu
2,24,53,2,gpu
2,24,56,4,gpu
2,24,58,1,pim
2,24,60,1,pim
2,24,65,4,gpu
2,24,73,3,gpu
2,24,74,1,pim
2,24,76,1,pim
2,24,79,2,gpu
2,24,90,1,pim
2,24,97,1,pim
2,24,103,1,pim
2,24,107,1,pim
2,24,110,2,gpu
2,24,111,1,pim
2,24,113,2,gpu
2,24,114,1,pim
2,24,115,1,pim
2,24,116,4,gpu
2,24,117,1,pim
2,24,119,2,gpu
2,24,125,1,pim
2,24,127,1,pim
2,25,4,1,pim
2,25,11,1,pim
2,25,13,1,pim
2,25,16,2,gpu
2,25,18,1,pim
2,25,24,3,gpu
2,25,25,1,pim
2,25,27,2,gpu
2,25,31,1,pim
2,25,35,1,pim
2,25,36,1,pim
2,25,41,1,pim
2,25,42,2,gpu
2,25,44,2,gpu
2,25,45,1,pim
2,25,49,1,pim
2,25,57,1,pim
2,25,65,1,pim
2,25,66,2,gpu
2,25,75,1,pim
2,25,77,2,gpu
2,25,79,2,gpu
2,25,82,3,gpu
2,25,83,2,gpu
2,25,89,2,gpu
2,25,91,4,gpu
2,25,98,2,gpu
2,25,99,1,pim
2,25,104,7,gpu
2,25,109,1,pim
2,25,111,1,pim
2,25,112,1,pim
2,25,115,2,pim
2,25,118,2,pim
2,25,120,1,pim
2,25,121,1,pim
2,25,124,1,pim
2,25,125,2,pim
2,26,0,2,gpu
2,26,2,1,pim
2,26,6,1,pim
2,26,7,1,pim
2,26,8,5,gpu
2,26,10,1,pim
2,26,12,1,pim
2,26,15,1,pim
2,26,16,1,pim
2,26,28,1,pim
2,26,30,1,pim
2,26,40,1,pim
2,26,47,2,gpu
2,26,53,1,pim
2,26,55,4,gpu
2,26,60,1,pim
2,26,62,3,gpu
2,26,66,2,gpu
2,26,69,1,pim
2,26,71,3,gpu
2,26,74,1,pim
2,26,75,2,gpu
2,26,79,2,gpu
2,26,80,2,gpu
2,26,88,4,gpu
2,26,89,1,pim
2,26,90,1,pim
2,26,91,2,gpu
2,26,93,1,pim
2,26,95,2,pim
2,26,96,1,pim
2,26,102,3,gpu
2,26,105,2,pim
2,26,107,1,pim
2,26,108,1,pim
2,26,110,1,pim
2,26,111,1,pim
2,26,113,1,pim
2,26,125,1,pim
2,27,6,1,pim
2,27,8,1,pim
2,27,10,4,gpu
2,27,11,1,pim
2,27,12,1,pim
2,27,14,1,pim
2,27,16,3,gpu
2,27,18,2,gpu
2,27,20,1,pim
2,27,21,1,pim
2,27,22,1,pim
2,27,23,2,gpu
2,27,30,1,pim
2,27,35,3,gpu
2,27,46,1,pim
2,27,48,1,pim
2,27,56,3,gpu
2,27,58,1,pim
2,27,59,4,gpu
2,27,60,2,gpu
2,27,61,2,gpu
2,27,69,2,gpu
2,27,71,1,pim
2,27,72,1,pim
2,27,76,3,gpu
2,27,77,1,pim
2,27,79,2,gpu
2,27,86,1,pim
2,27,89,1,pim
2,27,90,1,pim
2,27,91,1,pim
2,27,96,1,pim
2,27,98,1,pim
2,27,103,1,pim
2,27,104,1,pim
2,27,112,1,pim
2,27,120,4,gpu
2,27,123,1,pim
2,27,125,2,pim
2,27,126,1,pim
2,28,7,2,gpu
2,28,12,1,pim
2,28,15,1,pim
2,28,16,1,pim
2,28,17,2,gpu
2,28,18,2,gpu
2,28,19,2,gpu
2,28,20,1,pim
2,28,22,1,pim
2,28,24,1,pim
2,28,26,1,pim
2,28,29,1,pim
2,28,32,1,pim
2,28,40,1,pim
2,28,41,2,gpu
2,28,44,1,pim
2,28,45,1,pim
2,28,50,2,gpu
2,28,52,1,pim
2,28,59,1,pim
2,28,60,3,gpu
2,28,64,1,pim
2,28,67,2,gpu
2,28,73,2,gpu
2,28,77,1,pim
2,28,80,2,gpu
2,28,83,2,gpu
2,28,84,5,gpu
2,28,85,1,pim
2,28,87,3,gpu
2,28,93,2,pim
2,28,94,1,pim
2,28,95,1,pim
2,28,105,1,pim
2,28,113,1,pim
2,28,114,1,pim
2,28,115,1,pim
2,28,119,3,gpu
2,28,121,1,pim
2,28,122,1,pim
2,28,123,2,pim
2,28,127,1,pim
2,29,0,1,pim
2,29,1,1,pim
2,29,2,2,gpu
2,29,6,1,pim
2,29,13,1,pim
2,29,14,2,gpu
2,29,15,2,gpu
2,29,16,1,pim
2,29,18,4,gpu
2,29,20,1,pim
2,29,22,1,pim
2,29,23,1,pim
2,29,35,2,gpu
2,29,46,1,pim
2,29,52,2,gpu
2,29,53,2,gpu
2,29,56,1,pim
2,29,58,1,pim
2,29,64,1,pim
2,29,65,1,pim
2,29,66,1,pim
2,29,71,1,pim
2,29,72,3,gpu
2,29,73,1,pim
2,29,77,1,pim
2,29,78,2,gpu
2,29,79,1,pim
2,29,82,1,pim
2,29,83,3,gpu
2,29,84,3,gpu
2,29,90,1,pim
2,29,91,1,pim
2,29,93,1,pim
2,29,97,1,pim
2,29,100,1,pim
2,29,103,1,pim
2,29,113,2,gpu
2,29,115,1,pim
2,29,116,3,gpu
2,29,117,1,pim
2,29,120,4,gpu
2,29,124,1,pim
2,30,3,1,gpu
2,30,8,2,gpu
2,30,9,1,pim
2,30,12,2,gpu
2,30,16,1,pim
2,30,20,1,pim
2,30,21,1,pim
2,30,25,2,gpu
2,30,26,1,pim
2,30,27,2,gpu
2,30,30,3,gpu
2,30,32,3,gpu
2,30,34,3,gpu
2,30,40,1,pim
2,30,41,1,pim
2,30,44,1,pim
2,30,46,1,pim
2,30,52,1,pim
2,30,53,2,gpu
2,30,54,1,pim
2,30,56,4,gpu
2,30,59,2,gpu
2,30,63,1,pim
2,30,64,1,pim
2,30,66,1,pim
2,30,68,1,pim
2,30,70,1,pim
2,30,71,2,gpu
2,30,74,1,pim
2,30,75,1,pim
2,30,76,1,pim
2,30,80,1,pim
2,30,82,1,pim
2,30,85,1,pim
2,30,86,1,pim
2,30,90,1,pim
2,30,93,1,pim
2,30,96,1,pim
2,30,102,2,gpu
2,30,109,1,pim
2,30,110,1,pim
2,30,115,2,gpu
2,30,118,1,pim
2,30,120,1,pim
2,30,123,2,gpu
2,31,0,1,pim
2,31,3,3,gpu
2,31,6,2,gpu
2,31,9,2,gpu
2,31,10,1,pim
2,31,18,3,gpu
2,31,19,1,pim
2,31,25,1,pim
2,31,27,2,gpu
2,31,28,2,gpu
2,31,29,1,pim
2,31,34,2,gpu
2,31,38,1,pim
2,31,39,2,gpu
2,31,44,1,pim
2,31,45,1,pim
2,31,50,1,pim
2,31,51,3,gpu
2,31,56,1,pim
2,31,58,1,pim
2,31,59,1,pim
2,31,60,2,gpu
2,31,63,1,pim
2,31,65,1,pim
2,31,67,1,pim
2,31,70,1,pim
2,31,71,1,pim
2,31,74,1,pim
2,31,75,1,pim
2,31,78,2,gpu
2,31,81,1,pim
2,31,87,1,pim
2,31,91,1,pim
2,31,97,2,gpu
2,31,98,3,gpu
2,31,103,1,pim
2,31,106,2,pim
2,31,109,4,gpu
2,31,110,1,pim
2,31,115,1,pim
2,31,117,1,pim
2,31,122,1,pim
2,31,127,1,pim
2,32,3,2,gpu
2,32,5,1,pim
2,32,6,1,pim
2,32,7,1,pim
2,32,9,3,gpu
2,32,11,1,pim
2,32,15,2,gpu
2,32,18,1,pim
2,32,19,2,gpu
2,32,20,1,pim
2,32,24,2,gpu
2,32,28,1,pim
2,32,29,1,pim
2,32,36,3,gpu
2,32,38,5,gpu
2,32,40,1,pim
2,32,43,3,gpu
2,32,46,3,gpu
2,32,47,1,pim
2,32,50,1,pim
2,32,51,2,gpu
2,32,54,1,pim
2,32,57,1,pim
2,32,64,2,gpu
2,32,74,1,pim
2,32,80,1,pim
2,32,82,1,pim
2,32,94,1,pim
2,32,95,1,pim
2,32,101,2,pim
2,32,103,2,pim
2,32,106,1,pim
2,32,109,2,pim
2,32,111,1,pim
2,32,116,4,gpu
2,32,117,1,pim
2,32,126,1,pim
2,32,127,3,gpu
2,33,10,4,gpu
2,33,12,1,pim
2,33,13,1,pim
2,33,18,1,pim
2,33,19,1,pim
2,33,23,1,pim
2,33,27,1,pim
2,33,32,2,gpu
2,33,35,1,pim
2,33,38,1,pim
2,33,40,1,pim
2,33,43,1,pim
2,33,44,1,pim
2,33,45,2,gpu
2,33,46,1,pim
2,33,49,4,gpu
2,33,51,1,pim
2,33,54,1,pim
2,33,57,1,pim
2,33,59,2,gpu
2,33,65,1,pim
2,33,68,2,gpu
2,33,76,1,pim
2,33,77,1,pim
2,33,80,1,pim
2,33,81,1,pim
2,33,83,2,gpu
2,33,87,3,gpu
2,33,91,1,pim
2,33,94,3,gpu
2,33,96,2,gpu
2,33,102,2,gpu
2,33,103,1,pim
2,33,106,1,pim
2,33,108,1,pim
2,33,112,2,pim
2,33,114,4,gpu
2,33,116,1,pim
2,33,117,4,gpu
2,33,118,1,pim
2,34,2,1,pim
2,34,5,2,gpu
2,34,10,1,pim
2,34,13,1,pim
2,34,14,1,pim
2,34,19,2,gpu
2,34,20,1,pim
2,34,23,1,pim
2,34,26,2,gpu
2,34,30,2,gpu
2,34,33,1,pim
2,34,36,1,pim
2,34,45,1,pim
2,34,46,1,pim
2,34,50,1,pim
2,34,51,2,gpu
2,34,54,1,pim
2,34,58,1,pim
2,34,66,2,gpu
2,34,69,4,gpu
2,34,70,3,gpu
2,34,71,1,pim
2,34,74,3,gpu
2,34,76,1,pim
2,34,82,1,pim
2,34,84,1,pim
2,34,86,3,gpu
2,34,87,1,pim
2,34,95,1,pim
2,34,97,1,pim
2,34,98,7,gpu
2,34,103,1,pim
2,34,104,1,pim
2,34,108,2,gpu
2,34,110,1,pim
2,34,113,4,gpu
2,34,116,1,pim
2,34,119,1,pim
2,34,120,1,pim
2,35,0,3,gpu
2,35,4,3,gpu
2,35,8,4,gpu
2,35,21,7,gpu
2,35,22,1,pim
2,35,28,1,pim
2,35,29,1,pim
2,35,34,1,pim
2,35,37,1,pim
2,35,39,2,gpu
2,35,40,1,pim
2,35,42,1,pim
2,35,55,1,pim
2,35,62,1,pim
2,35,63,2,gpu
2,35,64,3,gpu
2,35,68,1,pim
2,35,69,4,gpu
2,35,70,2,gpu
2,35,71,2,pim
2,35,75,1,pim
2,35,78,1,pim
2,35,82,2,pim
2,35,85,1,pim
2,35,86,2,pim
2,35,87,2,pim
2,35,89,4,gpu
2,35,109,3,gpu
2,35,114,3,gpu
2,35,121,1,pim
2,35,124,1,pim
2,35,127,1,pim
2,36,0,1,pim
2,36,9,5,gpu
2,36,24,1,pim
2,36,25,1,pim
2,36,26,2,gpu
2,36,30,1,pim
2,36,32,2,gpu
2,36,40,1,pim
2,36,47,1,pim
2,36,49,1,pim
2,36,50,1,pim
2,36,52,1,pim
2,36,53,2,pim
2,36,56,3,gpu
2,36,58,2,pim
2,36,63,1,pim
2,36,65,3,gpu
2,36,73,5,gpu
2,36,74,3,gpu
2,36,79,1,pim
2,36,92,3,gpu
2,36,95,3,gpu
2,36,97,1,pim
2,36,102,1,pim
2,36,103,1,pim
2,36,110,2,pim
2,36,111,3,gpu
2,36,113,2,pim
2,36,115,3,gpu
2,36,116,4,gpu
2,36,118,1,pim
2,36,119,2,pim
2,37,2,1,pim
2,37,10,1,pim
2,37,16,2,gpu
2,37,18,1,pim
2,37,20,3,gpu
2,37,21,2,gpu
2,37,24,3,gpu
2,37,31,1,pim
2,37,36,1,pim
2,37,41,1,pim
2,37,42,5,gpu
2,37,44,2,gpu
2,37,49,3,gpu
2,37,57,1,pim
2,37,66,3,gpu
2,37,70,1,pim
2,37,75,2,pim
2,37,76,2,pim
2,37,77,3,gpu
2,37,82,3,gpu
2,37,83,1,pim
2,37,91,1,pim
2,37,98,4,gpu
2,37,104,7,gpu
2,37,111,1,pim
2,37,113,2,pim
2,37,115,1,pim
2,37,118,1,pim
2,37,119,1,pim
2,37,121,2,pim
2,37,125,2,pim
2,38,0,3,gpu
2,38,6,2,gpu
2,38,7,1,pim
2,38,8,6,gpu
2,38,10,1,pim
2,38,11,1,pim
2,38,16,3,gpu
2,38,28,2,gpu
2,38,47,1,pim
2,38,51,1,pim
2,38,52,1,pim
2,38,55,7,gpu
2,38,60,1,pim
2,38,62,3,gpu
2,38,70,1,pim
2,38,71,1,pim
2,38,75,1,pim
2,38,79,2,gpu
2,38,80,2,pim
2,38,84,3,gpu
2,38,87,1,pim
2,38,88,4,gpu
2,38,89,1,pim
2,38,91,2,pim
2,38,93,1,pim
2,38,95,1,pim
2,38,96,3,gpu
2,38,99,1,pim
2,38,105,3,gpu
2,38,107,1,pim
2,38,112,1,pim
2,38,115,1,pim
2,38,125,1,pim
2,39,6,3,gpu
2,39,10,1,pim
2,39,14,1,pim
2,39,18,2,gpu
2,39,20,1,pim
2,39,23,2,gpu
2,39,34,1,pim
2,39,35,2,gpu
2,39,37,1,pim
2,39,48,2,gpu
2,39,53,1,pim
2,39,56,6,gpu
2,39,57,1,pim
2,39,59,5,gpu
2,39,60,3,gpu
2,39,61,6,gpu
2,39,69,2,pim
2,39,71,1,pim
2,39,76,5,gpu
2,39,79,2,pim
2,39,86,1,pim
2,39,91,1,pim
2,39,96,1,pim
2,39,98,4,gpu
2,39,104,2,pim
2,39,112,2,pim
2,39,113,1,pim
2,39,115,1,pim
2,39,120,2,pim
2,39,123,1,pim
2,40,7,2,gpu
2,40,9,1,pim
2,40,12,3,gpu
2,40,15,2,gpu
2,40,16,1,pim
2,40,18,1,pim
2,40,19,2,gpu
2,40,20,2,gpu
2,40,22,1,pim
2,40,23,1,pim
2,40,40,1,pim
2,40,41,3,gpu
2,40,43,2,gpu
2,40,44,1,pim
2,40,45,1,pim
2,40,50,1,pim
2,40,51,3,gpu
2,40,52,1,pim
2,40,55,1,pim
2,40,59,1,pim
2,40,60,3,gpu
2,40,67,1,pim
2,40,73,2,gpu
2,40,80,1,pim
2,40,83,2,pim
2,40,84,5,gpu
2,40,85,1,pim
2,40,87,1,pim
2,40,105,2,pim
2,40,108,1,pim
2,40,110,1,pim
2,40,115,5,gpu
2,40,119,3,gpu
2,40,121,2,pim
2,40,123,2,pim
2,40,127,1,pim
2,41,1,1,pim
2,41,2,3,gpu
2,41,6,1,pim
2,41,14,2,gpu
2,41,15,3,gpu
2,41,20,2,gpu
2,41,35,3,gpu
2,41,36,1,pim
2,41,46,2,gpu
2,41,52,3,gpu
2,41,53,1,pim
2,41,58,2,gpu
2,41,64,1,pim
2,41,66,3,gpu
2,41,71,1,pim
2,41,79,1,pim
2,41,83,5,gpu
2,41,84,2,pim
2,41,89,1,pim
2,41,90,2,pim
2,41,91,1,pim
2,41,97,2,pim
2,41,102,3,gpu
2,41,103,5,gpu
2,41,106,1,pim
2,41,113,1,pim
2,41,115,2,pim
2,41,116,1,pim
2,41,117,3,gpu
2,41,120,1,pim
2,41,124,1,pim
2,41,126,2,pim
2,41,127,1,pim
2,42,5,2,gpu
2,42,7,1,pim
2,42,18,2,gpu
2,42,19,1,pim
2,42,22,2,gpu
2,42,24,3,gpu
2,42,25,1,pim
2,42,27,3,gpu
2,42,28,2,gpu
2,42,31,1,pim
2,42,32,2,pim
2,42,34,3,gpu
2,42,36,4,gpu
2,42,37,2,pim
2,42,38,1,pim
2,42,49,1,pim
2,42,54,1,pim
2,42,59,1,pim
2,42,65,2,pim
2,42,68,2,pim
2,42,71,2,pim
2,42,73,3,gpu
2,42,74,1,pim
2,42,75,2,pim
2,42,76,4,gpu
2,42,90,1,pim
2,42,93,3,gpu
2,42,100,1,pim
2,42,101,2,pim
2,42,102,3,gpu
2,42,115,1,pim
2,42,120,1,pim
2,42,125,3,gpu
2,43,2,2,gpu
2,43,4,2,gpu
2,43,6,4,gpu
2,43,8,1,pim
2,43,9,1,pim
2,43,12,2,gpu
2,43,17,1,pim
2,43,19,2,gpu
2,43,20,3,gpu
2,43,26,2,gpu
2,43,29,3,gpu
2,43,36,2,pim
2,43,40,3,gpu
2,43,42,1,pim
2,43,43,2,pim
2,43,44,1,pim
2,43,45,3,gpu
2,43,49,3,gpu
2,43,60,1,pim
2,43,74,1,pim
2,43,78,5,gpu
2,43,79,2,pim
2,43,81,1,pim
2,43,87,2,pim
2,43,89,2,pim
2,43,102,2,pim
2,43,104,1,pim
2,43,107,1,pim
2,43,112,2,pim
2,43,121,1,pim
2,43,125,1,pim
2,43,127,4,gpu
2,44,0,1,pim
2,44,1,1,pim
2,44,3,2,gpu
2,44,6,1,pim
2,44,13,3,gpu
2,44,17,2,gpu
2,44,18,1,pim
2,44,20,2,gpu
2,44,21,1,pim
2,44,22,1,pim
2,44,30,4,gpu
2,44,32,3,gpu
2,44,36,1,pim
2,44,37,2,gpu
2,44,38,1,pim
2,44,40,1,pim
2,44,45,3,gpu
2,44,48,3,gpu
2,44,54,3,gpu
2,44,68,3,gpu
2,44,71,2,pim
2,44,72,1,pim
2,44,79,2,pim
2,44,80,2,pim
2,44,81,2,pim
2,44,83,1,pim
2,44,88,2,pim
2,44,92,3,gpu
2,44,94,1,pim
2,44,98,1,pim
2,44,99,1,pim
2,44,107,1,pim
2,44,119,1,pim
2,44,121,5,gpu
2,45,1,2,gpu
2,45,4,1,pim
2,45,5,1,pim
2,45,7,4,gpu
2,45,10,1,pim
2,45,12,1,pim
2,45,15,1,pim
2,45,17,2,gpu
2,45,20,1,pim
2,45,22,2,gpu
2,45,27,2,gpu
2,45,32,1,pim
2,45,35,1,pim
2,45,37,1,pim
2,45,42,2,pim
2,45,46,3,gpu
2,45,56,1,pim
2,45,58,3,gpu
2,45,63,5,gpu
2,45,70,2,pim
2,45,80,3,gpu
2,45,82,1,pim
2,45,83,1,pim
2,45,84,5,gpu
2,45,85,2,pim
2,45,87,1,pim
2,45,89,1,pim
2,45,94,2,pim
2,45,100,1,pim
2,45,103,2,pim
2,45,111,4,gpu
2,45,112,3,gpu
2,45,127,1,pim
2,46,7,1,pim
2,46,8,4,gpu
2,46,10,1,pim
2,46,17,2,gpu
2,46,19,1,pim
2,46,22,1,pim
2,46,28,1,pim
2,46,29,2,gpu
2,46,30,2,gpu
2,46,31,4,gpu
2,46,39,3,gpu
2,46,44,1,pim
2,46,45,1,pim
2,46,47,1,pim
2,46,52,1,pim
2,46,67,2,gpu
2,46,68,1,pim
2,46,75,5,gpu
2,46,80,4,gpu
2,46,82,1,pim
2,46,83,2,gpu
2,46,84,2,gpu
2,46,88,1,pim
2,46,91,2,pim
2,46,96,1,pim
2,46,97,1,pim
2,46,98,2,pim
2,46,102,1,pim
2,46,104,2,pim
2,46,105,3,gpu
2,46,114,4,gpu
2,46,115,2,pim
2,46,119,1,pim
2,46,124,1,pim
2,47,6,1,pim
2,47,9,3,gpu
2,47,11,1,pim
2,47,27,3,gpu
2,47,31,1,pim
2,47,32,3,gpu
2,47,34,3,gpu
2,47,35,3,gpu
2,47,36,3,gpu
2,47,47,3,gpu
2,47,52,3,gpu
2,47,54,2,pim
2,47,59,1,pim
2,47,63,1,pim
2,47,66,2,pim
2,47,71,4,gpu
2,47,78,1,pim
2,47,82,1,pim
2,47,85,1,pim
2,47,86,1,pim
2,47,88,3,gpu
2,47,90,1,pim
2,47,95,3,gpu
2,47,108,1,pim
2,47,111,2,pim
2,47,117,2,pim
2,47,120,3,gpu
2,47,123,3,gpu
2,47,124,2,pim
2,47,126,2,pim
2,47,127,1,pim
3,0,0,2,gpu
3,0,7,1,pim
3,0,12,2,gpu
3,0,17,2,gpu
3,0,28,1,pim
3,0,29,2,gpu
3,0,31,1,pim
3,0,34,2,gpu
3,0,41,2,gpu
3,0,50,1,pim
3,0,51,2,gpu
3,0,53,1,pim
3,0,57,2,gpu
3,0,61,3,gpu
3,0,62,2,gpu
3,0,63,1,pim
3,0,67,2,gpu
3,0,69,2,gpu
3,0,71,4,gpu
3,0,77,2,gpu
3,0,79,1,pim
3,0,81,1,pim
3,0,83,2,pim
3,0,93,2,pim
3,0,97,2,pim
3,0,101,1,pim
3,0,106,2,pim
3,0,107,1,pim
3,0,110,2,pim
3,0,112,2,pim
3,0,114,2,pim
3,0,116,3,gpu
3,0,120,2,pim
3,0,124,1,pim
3,0,126,1,pim
3,0,127,2,pim
3,1,3,1,pim
3,1,9,2,gpu
3,1,11,1,pim
3,1,16,3,gpu
3,1,19,2,gpu
3,1,39,2,gpu
3,1,45,4,gpu
3,1,46,1,pim
3,1,48,5,gpu
3,1,52,1,pim
3,1,54,1,pim
3,1,59,1,pim
3,1,75,4,gpu
3,1,76,5,gpu
3,1,78,1,pim
3,1,83,2,gpu
3,1,86,2,gpu
3,1,88,6,gpu
3,1,89,1,pim
3,1,90,1,pim
3,1,91,3,gpu
3,1,95,2,pim
3,1,98,1,pim
3,1,99,1,pim
3,1,101,1,pim
3,1,104,1,pim
3,1,106,1,pim
3,1,107,1,pim
3,1,113,1,pim
3,1,114,1,pim
3,1,115,2,pim
3,1,116,1,pim
3,1,117,1,pim
3,1,123,1,pim
3,2,7,2,gpu
3,2,8,3,gpu
3,2,9,2,gpu
3,2,10,2,gpu
3,2,14,1,pim
3,2,15,5,gpu
3,2,24,2,gpu
3,2,25,1,pim
3,2,32,1,pim
3,2,37,1,pim
3,2,45,1,pim
3,2,47,7,gpu
3,2,63,1,pim
3,2,66,1,pim
3,2,68,2,gpu
3,2,69,1,pim
3,2,70,2,pim
3,2,72,2,pim
3,2,73,1,pim
3,2,87,2,pim
3,2,90,5,gpu
3,2,116,3,gpu
3,2,117,2,pim
3,2,118,1,pim
3,2,119,1,pim
3,2,120,1,pim
3,2,121,4,gpu
3,2,122,3,gpu
3,2,123,1,pim
3,2,125,2,pim
3,2,126,1,pim
3,3,1,2,gpu
3,3,7,3,gpu
3,3,10,2,gpu
3,3,13,1,pim
3,3,16,7,gpu
3,3,26,2,gpu
3,3,29,1,pim
3,3,32,1,pim
3,3,35,1,pim
3,3,39,2,gpu
3,3,41,1,pim
3,3,43,1,pim
3,3,53,3,gpu
3,3,59,1,pim
3,3,62,1,pim
3,3,76,2,pim
3,3,77,3,gpu
3,3,79,2,pim
3,3,84,6,gpu
3,3,89,1,pim
3,3,90,5,gpu
3,3,97,2,pim
3,3,105,2,pim
3,3,106,1,pim
3,3,112,5,gpu
3,3,119,1,pim
3,3,120,2,pim
3,3,121,1,pim
3,3,127,2,pim
3,4,0,2,gpu
3,4,4,1,pim
3,4,9,1,pim
3,4,12,1,pim
3,4,13,2,gpu
3,4,18,1,pim
3,4,20,1,pim
3,4,22,1,pim
3,4,23,2,gpu
3,4,36,1,pim
3,4,39,1,pim
3,4,47,2,gpu
3,4,48,1,pim
3,4,50,2,gpu
3,4,51,1,pim
3,4,54,1,pim
3,4,63,3,gpu
3,4,74,1,pim
3,4,77,5,gpu
3,4,79,1,pim
3,4,82,2,gpu
3,4,83,2,pim
3,4,86,3,gpu
3,4,87,3,gpu
3,4,91,1,pim
3,4,93,4,gpu
3,4,97,1,pim
3,4,102,1,pim
3,4,103,1,pim
3,4,104,6,gpu
3,4,105,2,pim
3,4,109,1,pim
3,4,111,3,gpu
3,4,118,1,pim
3,4,124,2,pim
3,5,2,1,pim
3,5,12,1,pim
3,5,13,5,gpu
3,5,16,1,pim
3,5,17,5,gpu
3,5,18,1,pim
3,5,19,1,pim
3,5,21,1,pim
3,5,22,1,pim
3,5,30,1,pim
3,5,34,1,pim
3,5,44,2,gpu
3,5,45,1,pim
3,5,47,1,pim
3,5,51,2,gpu
3,5,54,3,gpu
3,5,68,1,pim
3,5,70,3,gpu
3,5,74,1,pim
3,5,78,1,pim
3,5,79,1,pim
3,5,80,2,gpu
3,5,82,2,gpu
3,5,85,1,pim
3,5,90,2,pim
3,5,95,2,pim
3,5,96,1,pim
3,5,101,1,pim
3,5,102,4,gpu
3,5,105,4,gpu
3,5,111,3,gpu
3,5,117,6,gpu
3,5,122,1,pim
3,6,4,1,pim
3,6,7,1,pim
3,6,8,5,gpu
3,6,13,2,gpu
3,6,16,1,pim
3,6,19,1,pim
3,6,25,2,gpu
3,6,27,2,gpu
3,6,30,4,gpu
3,6,32,2,gpu
3,6,34,2,gpu
3,6,40,1,pim
3,6,41,1,pim
3,6,46,1,pim
3,6,47,1,pim
3,6,48,1,pim
3,6,53,1,pim
3,6,55,2,gpu
3,6,56,4,gpu
3,6,62,1,pim
3,6,63,2,gpu
3,6,64,2,gpu
3,6,72,1,pim
3,6,74,1,pim
3,6,75,1,pim
3,6,76,1,pim
3,6,80,2,gpu
3,6,85,1,pim
3,6,86,2,gpu
3,6,90,1,pim
3,6,93,2,pim
3,6,94,1,pim
3,6,96,3,gpu
3,6,100,1,pim
3,6,101,1,pim
3,6,106,1,pim
3,6,109,1,pim
3,6,115,1,pim
3,6,118,1,pim
3,6,123,2,pim
3,7,3,5,gpu
3,7,5,1,pim
3,7,9,3,gpu
3,7,16,1,pim
3,7,18,4,gpu
3,7,25,1,pim
3,7,27,1,pim
3,7,28,2,gpu
3,7,29,1,pim
3,7,31,1,pim
3,7,34,2,gpu
3,7,38,1,pim
3,7,39,2,gpu
3,7,45,2,gpu
3,7,48,1,pim
3,7,50,1,pim
3,7,51,2,gpu
3,7,58,1,pim
3,7,65,1,pim
3,7,70,1,pim
3,7,71,1,pim
3,7,72,2,gpu
3,7,73,3,gpu
3,7,78,1,pim
3,7,80,1,pim
3,7,87,1,pim
3,7,91,3,gpu
3,7,97,1,pim
3,7,98,3,gpu
3,7,100,1,pim
3,7,103,1,pim
3,7,104,1,pim
3,7,106,1,pim
3,7,109,5,gpu
3,7,110,1,pim
3,7,117,2,pim
3,7,125,1,pim
3,7,127,1,pim
3,8,3,1,pim
3,8,4,3,gpu
3,8,8,1,pim
3,8,14,3,gpu
3,8,15,1,pim
3,8,19,1,pim
3,8,24,1,pim
3,8,27,1,pim
3,8,28,3,gpu
3,8,29,1,pim
3,8,38,7,gpu
3,8,43,4,gpu
3,8,46,4,gpu
3,8,47,1,pim
3,8,49,1,pim
3,8,51,1,pim
3,8,54,1,pim
3,8,59,2,gpu
3,8,63,1,pim
3,8,74,1,pim
3,8,79,1,pim
3,8,90,1,pim
3,8,95,1,pim
3,8,99,1,pim
3,8,103,4,gpu
3,8,106,1,pim
3,8,109,3,gpu
3,8,111,1,pim
3,8,116,6,gpu
3,8,119,1,pim
3,8,125,1,pim
3,8,126,1,pim
3,8,127,3,gpu
3,9,1,1,pim
3,9,10,8,gpu
3,9,18,1,pim
3,9,19,1,pim
3,9,22,2,gpu
3,9,27,1,pim
3,9,32,5,gpu
3,9,33,2,gpu
3,9,40,1,pim
3,9,43,1,pim
3,9,45,2,gpu
3,9,46,1,pim
3,9,48,3,gpu
3,9,49,2,gpu
3,9,51,1,pim
3,9,54,1,pim
3,9,56,1,pim
3,9,61,1,pim
3,9,62,1,pim
3,9,76,1,pim
3,9,77,2,gpu
3,9,80,1,pim
3,9,87,1,pim
3,9,94,2,gpu
3,9,102,2,pim
3,9,103,2,pim
3,9,105,1,pim
3,9,108,1,pim
3,9,112,3,gpu
3,9,113,1,pim
3,9,114,5,gpu
3,9,116,1,pim
3,9,117,4,gpu
3,9,118,1,pim
3,10,5,2,gpu
3,10,8,1,pim
3,10,13,1,pim
3,10,14,3,gpu
3,10,19,1,pim
3,10,30,3,gpu
3,10,32,2,gpu
3,10,33,1,pim
3,10,37,2,gpu
3,10,39,1,pim
3,10,43,1,pim
3,10,45,1,pim
3,10,46,1,pim
3,10,50,1,pim
3,10,51,1,pim
3,10,53,5,gpu
3,10,70,3,gpu
3,10,74,4,gpu
3,10,75,1,pim
3,10,76,2,pim
3,10,80,2,pim
3,10,83,3,gpu
3,10,86,3,gpu
3,10,87,1,pim
3,10,88,1,pim
3,10,97,1,pim
3,10,101,1,pim
3,10,104,2,pim
3,10,107,3,gpu
3,10,108,3,gpu
3,10,110,1,pim
3,10,113,2,pim
3,10,123,3,gpu
3,10,124,1,pim
3,11,0,2,gpu
3,11,7,1,pim
3,11,8,3,gpu
3,11,10,1,pim
3,11,13,1,pim
3,11,21,5,gpu
3,11,22,1,pim
3,11,23,3,gpu
3,11,28,3,gpu
3,11,29,1,pim
3,11,37,1,pim
3,11,47,1,pim
3,11,50,3,gpu
3,11,51,1,pim
3,11,58,2,pim
3,11,64,2,pim
3,11,65,1,pim
3,11,67,4,gpu
3,11,69,3,gpu
3,11,70,2,pim
3,11,79,1,pim
3,11,82,5,gpu
3,11,86,2,pim
3,11,87,3,gpu
3,11,89,3,gpu
3,11,96,2,pim
3,11,101,1,pim
3,11,102,1,pim
3,11,109,3,gpu
3,11,114,1,pim
3,11,127,1,pim
3,12,9,3,gpu
3,12,12,1,pim
3,12,18,1,pim
3,12,25,3,gpu
3,12,34,1,pim
3,12,40,1,pim
3,12,42,1,pim
3,12,43,1,pim
3,12,44,1,pim
3,12,48,1,pim
3,12,49,1,pim
3,12,53,1,pim
3,12,56,6,gpu
3,12,57,1,pim
3,12,60,1,pim
3,12,61,1,pim
3,12,63,2,gpu
3,12,65,3,gpu
3,12,68,4,gpu
3,12,69,1,pim
3,12,74,1,pim
3,12,79,4,gpu
3,12,95,1,pim
3,12,96,1,pim
3,12,97,2,gpu
3,12,98,1,pim
3,12,100,1,pim
3,12,102,1,pim
3,12,110,1,pim
3,12,113,3,gpu
3,12,114,1,pim
3,12,116,5,gpu
3,12,118,2,gpu
3,12,119,1,pim
3,12,120,4,gpu
3,13,4,1,pim
3,13,7,1,pim
3,13,12,1,pim
3,13,16,1,pim
3,13,18,2,gpu
3,13,21,1,pim
3,13,24,1,pim
3,13,31,1,pim
3,13,36,3,gpu
3,13,42,5,gpu
3,13,44,1,pim
3,13,55,2,gpu
3,13,59,1,pim
3,13,64,3,gpu
3,13,66,3,gpu
3,13,70,1,pim
3,13,75,1,pim
3,13,77,6,gpu
3,13,79,1,pim
3,13,82,2,gpu
3,13,83,2,gpu
3,13,89,1,pim
3,13,91,2,pim
3,13,95,1,pim
3,13,98,2,pim
3,13,102,3,gpu
3,13,104,7,gpu
3,13,107,1,pim
3,13,111,1,pim
3,13,113,3,gpu
3,13,121,2,pim
3,13,124,1,pim
3,14,4,1,pim
3,14,6,2,gpu
3,14,8,5,gpu
3,14,11,1,pim
3,14,16,6,gpu
3,14,28,2,gpu
3,14,36,1,pim
3,14,46,1,pim
3,14,52,1,pim
3,14,55,5,gpu
3,14,58,2,gpu
3,14,62,1,pim
3,14,64,2,gpu
3,14,66,2,gpu
3,14,71,2,gpu
3,14,75,2,pim
3,14,82,4,gpu
3,14,87,1,pim
3,14,88,2,pim
3,14,89,1,pim
3,14,90,2,pim
3,14,95,2,pim
3,14,96,3,gpu
3,14,99,1,pim
3,14,100,1,pim
3,14,105,2,pim
3,14,107,4,gpu
3,14,108,1,pim
3,14,110,2,pim
3,14,111,1,pim
3,14,115,1,pim
3,15,6,1,pim
3,15,10,6,gpu
3,15,14,1,pim
3,15,16,2,gpu
3,15,18,2,gpu
3,15,22,2,gpu
3,15,23,1,pim
3,15,24,1,pim
3,15,30,1,pim
3,15,31,4,gpu
3,15,33,2,gpu
3,15,34,1,pim
3,15,37,1,pim
3,15,40,1,pim
3,15,44,1,pim
3,15,48,1,pim
3,15,53,1,pim
3,15,56,3,gpu
3,15,59,6,gpu
3,15,61,2,gpu
3,15,66,1,pim
3,15,69,2,gpu
3,15,70,3,gpu
3,15,71,1,pim
3,15,72,1,pim
3,15,76,2,gpu
3,15,78,1,pim
3,15,79,1,pim
3,15,86,1,pim
3,15,90,3,gpu
3,15,91,1,pim
3,15,98,1,pim
3,15,104,1,pim
3,15,113,1,pim
3,15,120,1,pim
3,15,123,2,pim
3,15,127,1,pim
3,16,4,1,pim
3,16,12,1,pim
3,16,13,1,pim
3,16,16,1,pim
3,16,18,4,gpu
3,16,19,2,gpu
3,16,20,1,pim
3,16,22,1,pim
3,16,24,1,pim
3,16,26,1,pim
3,16,30,2,gpu
3,16,40,2,gpu
3,16,43,3,gpu
3,16,48,1,pim
3,16,50,3,gpu
3,16,51,3,gpu
3,16,52,1,pim
3,16,60,1,pim
3,16,64,1,pim
3,16,66,1,pim
3,16,67,1,pim
3,16,73,3,gpu
3,16,78,1,pim
3,16,79,1,pim
3,16,80,1,pim
3,16,81,1,pim
3,16,83,1,pim
3,16,84,3,gpu
3,16,87,2,gpu
3,16,89,1,pim
3,16,97,1,pim
3,16,100,1,pim
3,16,103,2,gpu
3,16,111,1,pim
3,16,114,1,pim
3,16,115,4,gpu
3,16,116,1,pim
3,16,119,2,gpu
3,16,121,2,gpu
3,16,123,1,pim
3,16,126,1,pim
3,17,1,1,pim
3,17,2,4,gpu
3,17,6,1,pim
3,17,13,1,pim
3,17,14,1,pim
3,17,17,1,pim
3,17,18,2,gpu
3,17,20,2,gpu
3,17,26,1,pim
3,17,32,1,pim
3,17,35,4,gpu
3,17,45,2,gpu
3,17,53,1,pim
3,17,55,1,pim
3,17,61,1,pim
3,17,66,3,gpu
3,17,68,1,pim
3,17,71,1,pim
3,17,73,1,pim
3,17,78,1,pim
3,17,83,6,gpu
3,17,88,1,pim
3,17,91,1,pim
3,17,92,2,gpu
3,17,93,1,pim
3,17,97,1,pim
3,17,99,1,pim
3,17,100,2,pim
3,17,102,3,gpu
3,17,103,2,pim
3,17,115,1,pim
3,17,116,4,gpu
3,17,120,3,gpu
3,17,123,1,pim
3,17,124,1,pim
3,17,126,3,gpu
3,18,8,4,gpu
3,18,9,1,gpu
3,18,12,2,gpu
3,18,16,1,gpu
3,18,19,1,pim
3,18,21,1,pim
3,18,25,5,gpu
3,18,30,4,gpu
3,18,32,2,gpu
3,18,34,3,gpu
3,18,40,1,pim
3,18,41,1,pim
3,18,44,2,gpu
3,18,47,1,pim
3,18,50,1,pim
3,18,54,1,pim
3,18,55,1,pim
3,18,56,4,gpu
3,18,58,1,pim
3,18,63,2,gpu
3,18,64,1,pim
3,18,71,6,gpu
3,18,72,1,pim
3,18,74,1,pim
3,18,75,1,pim
3,18,76,1,pim
3,18,79,1,pim
3,18,80,1,pim
3,18,86,1,pim
3,18,93,1,pim
3,18,96,1,pim
3,18,99,1,pim
3,18,100,1,pim
3,18,101,1,pim
3,18,102,1,pim
3,18,109,2,gpu
3,18,110,1,pim
3,18,115,1,pim
3,18,122,1,pim
3,19,3,4,gpu
3,19,9,3,gpu
3,19,18,4,gpu
3,19,25,1,pim
3,19,27,1,pim
3,19,28,2,gpu
3,19,34,3,gpu
3,19,39,2,gpu
3,19,43,1,pim
3,19,44,1,pim
3,19,45,2,gpu
3,19,51,2,gpu
3,19,58,1,pim
3,19,59,4,gpu
3,19,60,1,pim
3,19,65,1,pim
3,19,70,1,pim
3,19,71,1,pim
3,19,72,1,pim
3,19,73,1,pim
3,19,75,1,pim
3,19,78,1,pim
3,19,79,2,gpu
3,19,86,1,pim
3,19,87,1,pim
3,19,88,1,pim
3,19,96,1,pim
3,19,97,1,pim
3,19,98,3,gpu
3,19,104,1,pim
3,19,106,1,pim
3,19,107,1,pim
3,19,109,6,gpu
3,19,110,1,pim
3,19,111,1,pim
3,19,122,2,gpu
3,19,125,1,pim
3,19,127,1,pim
3,20,3,3,gpu
3,20,4,3,gpu
3,20,9,2,gpu
3,20,14,3,gpu
3,20,19,1,pim
3,20,24,1,pim
3,20,26,1,pim
3,20,29,2,gpu
3,20,36,1,pim
3,20,38,6,gpu
3,20,42,1,pim
3,20,43,2,gpu
3,20,46,5,gpu
3,20,47,1,pim
3,20,49,1,pim
3,20,52,1,pim
3,20,57,2,gpu
3,20,63,1,pim
3,20,65,1,pim
3,20,79,1,pim
3,20,90,1,pim
3,20,94,1,pim
3,20,95,1,pim
3,20,99,1,pim
3,20,101,2,gpu
3,20,103,2,pim
3,20,106,1,pim
3,20,111,1,pim
3,20,114,1,pim
3,20,116,5,gpu
3,20,117,2,pim
3,20,119,1,pim
3,20,124,1,pim
3,20,125,1,pim
3,20,127,4,gpu
3,21,0,1,pim
3,21,6,1,pim
3,21,10,7,gpu
3,21,13,2,gpu
3,21,18,1,pim
3,21,19,1,pim
3,21,22,2,gpu
3,21,23,1,pim
3,21,25,1,pim
3,21,27,1,pim
3,21,32,3,gpu
3,21,33,3,gpu
3,21,40,2,gpu
3,21,43,1,pim
3,21,45,1,pim
3,21,49,3,gpu
3,21,54,1,pim
3,21,56,1,pim
3,21,59,1,pim
3,21,61,1,pim
3,21,65,1,pim
3,21,68,1,pim
3,21,75,1,pim
3,21,77,1,pim
3,21,80,1,pim
3,21,88,1,pim
3,21,91,1,pim
3,21,94,1,pim
3,21,96,3,gpu
3,21,102,1,pim
3,21,111,2,gpu
3,21,112,2,pim
3,21,114,4,gpu
3,21,116,1,pim
3,21,117,4,gpu
3,21,118,1,pim
3,21,122,3,gpu
3,22,5,3,gpu
3,22,8,1,pim
3,22,14,1,pim
3,22,23,1,pim
3,22,26,2,gpu
3,22,30,3,gpu
3,22,32,1,pim
3,22,33,2,gpu
3,22,37,2,gpu
3,22,43,1,pim
3,22,46,1,pim
3,22,50,1,pim
3,22,51,2,gpu
3,22,53,1,pim
3,22,58,3,gpu
3,22,66,2,gpu
3,22,68,1,pim
3,22,69,6,gpu
3,22,70,2,gpu
3,22,73,1,pim
3,22,74,3,gpu
3,22,78,3,gpu
3,22,80,1,pim
3,22,82,1,pim
3,22,83,2,pim
3,22,86,1,pim
3,22,87,1,pim
3,22,92,1,pim
3,22,94,1,pim
3,22,97,1,pim
3,22,98,6,gpu
3,22,104,1,pim
3,22,107,1,pim
3,22,108,2,pim
3,22,112,1,pim
3,22,119,1,pim
3,23,0,2,gpu
3,23,3,1,pim
3,23,4,2,gpu
3,23,7,2,gpu
3,23,8,2,gpu
3,23,16,1,pim
3,23,21,6,gpu
3,23,22,2,gpu
3,23,28,1,pim
3,23,30,1,pim
3,23,39,1,pim
3,23,50,3,gpu
3,23,51,2,gpu
3,23,63,1,pim
3,23,64,2,gpu
3,23,65,2,pim
3,23,67,2,pim
3,23,68,1,pim
3,23,69,2,pim
3,23,70,1,pim
3,23,82,6,gpu
3,23,87,1,pim
3,23,89,3,gpu
3,23,92,1,pim
3,23,96,4,gpu
3,23,100,1,pim
3,23,107,1,pim
3,23,109,2,pim
3,23,114,2,pim
3,23,121,1,pim
3,23,124,1,pim
3,23,125,3,gpu
3,23,126,1,pim
3,24,2,2,gpu
3,24,8,1,pim
3,24,9,3,gpu
3,24,12,3,gpu
3,24,18,1,pim
3,24,24,1,pim
3,24,25,1,pim
3,24,26,1,pim
3,24,28,2,gpu
3,24,29,1,pim
3,24,42,2,gpu
3,24,43,1,pim
3,24,46,1,pim
3,24,47,1,pim
3,24,49,2,gpu
3,24,50,2,gpu
3,24,52,2,gpu
3,24,53,1,pim
3,24,56,5,gpu
3,24,57,1,pim
3,24,63,1,pim
3,24,65,4,gpu
3,24,69,1,pim
3,24,73,2,gpu
3,24,74,1,pim
3,24,79,2,gpu
3,24,85,1,pim
3,24,95,1,pim
3,24,97,2,pim
3,24,100,1,pim
3,24,101,1,pim
3,24,103,1,pim
3,24,107,1,pim
3,24,110,1,pim
3,24,113,1,pim
3,24,114,1,pim
3,24,116,3,gpu
3,24,118,3,gpu
3,24,119,1,pim
3,24,124,1,pim
3,25,4,1,pim
3,25,16,1,pim
3,25,18,1,pim
3,25,24,1,pim
3,25,26,1,pim
3,25,31,1,pim
3,25,32,1,pim
3,25,36,2,gpu
3,25,42,6,gpu
3,25,44,1,pim
3,25,66,2,gpu
3,25,70,1,pim
3,25,77,5,gpu
3,25,78,1,pim
3,25,79,1,pim
3,25,82,3,gpu
3,25,83,2,gpu
3,25,89,2,gpu
3,25,91,5,gpu
3,25,93,1,pim
3,25,98,3,gpu
3,25,99,2,pim
3,25,102,2,pim
3,25,104,7,gpu
3,25,107,1,pim
3,25,111,1,pim
3,25,112,3,gpu
3,25,113,2,pim
3,25,115,1,pim
3,25,118,1,pim
3,25,121,1,pim
3,25,127,1,pim
3,26,0,2,gpu
3,26,2,1,pim
3,26,4,1,pim
3,26,6,1,pim
3,26,7,1,pim
3,26,8,6,gpu
3,26,16,5,gpu
3,26,17,1,pim
3,26,21,1,pim
3,26,25,1,pim
3,26,28,1,pim
3,26,31,1,pim
3,26,46,1,pim
3,26,52,1,pim
3,26,55,5,gpu
3,26,57,2,gpu
3,26,58,3,gpu
3,26,62,1,pim
3,26,64,2,gpu
3,26,66,3,gpu
3,26,75,1,pim
3,26,82,2,gpu
3,26,84,1,pim
3,26,87,1,pim
3,26,89,1,pim
3,26,90,1,pim
3,26,95,2,gpu
3,26,96,3,gpu
3,26,99,1,pim
3,26,100,1,pim
3,26,105,2,pim
3,26,107,3,gpu
3,26,108,1,pim
3,26,110,1,pim
3,26,112,1,pim
3,26,115,1,pim
3,26,118,1,pim
3,27,3,2,gpu
3,27,6,1,pim
3,27,10,2,gpu
3,27,11,1,pim
3,27,14,2,gpu
3,27,16,2,gpu
3,27,18,2,gpu
3,27,22,2,gpu
3,27,23,2,gpu
3,27,30,1,pim
3,27,32,1,pim
3,27,33,2,gpu
3,27,34,1,pim
3,27,37,2,gpu
3,27,42,1,pim
3,27,44,1,pim
3,27,46,1,pim
3,27,48,1,pim
3,27,53,1,pim
3,27,56,3,gpu
3,27,58,1,pim
3,27,59,6,gpu
3,27,61,2,gpu
3,27,66,1,pim
3,27,69,1,pim
3,27,70,1,pim
3,27,72,1,pim
3,27,76,4,gpu
3,27,78,1,pim
3,27,79,1,pim
3,27,82,1,pim
3,27,86,1,pim
3,27,90,3,gpu
3,27,91,1,pim
3,27,95,1,pim
3,27,101,1,pim
3,27,104,1,pim
3,27,113,1,pim
3,27,120,2,pim
3,27,123,2,pim
3,28,4,2,gpu
3,28,12,2,gpu
3,28,13,1,gpu
3,28,16,1,pim
3,28,18,3,gpu
3,28,19,3,gpu
3,28,22,1,pim
3,28,26,1,pim
3,28,30,1,pim
3,28,33,1,pim
3,28,36,1,pim
3,28,41,3,gpu
3,28,43,2,gpu
3,28,45,2,gpu
3,28,50,4,gpu
3,28,51,3,gpu
3,28,52,1,pim
3,28,55,1,pim
3,28,59,1,pim
3,28,60,1,pim
3,28,64,1,pim
3,28,67,1,pim
3,28,73,2,gpu
3,28,75,1,pim
3,28,78,1,pim
3,28,80,1,pim
3,28,81,1,pim
3,28,83,1,pim
3,28,84,4,gpu
3,28,87,1,pim
3,28,89,1,pim
3,28,93,1,pim
3,28,97,1,pim
3,28,100,1,pim
3,28,105,1,pim
3,28,109,1,pim
3,28,111,1,pim
3,28,114,1,pim
3,28,115,2,gpu
3,28,119,2,gpu
3,28,121,1,pim
3,28,123,1,pim
3,28,126,1,pim
3,29,1,3,gpu
3,29,2,4,gpu
3,29,6,1,pim
3,29,9,1,pim
3,29,13,1,pim
3,29,14,1,pim
3,29,16,1,pim
3,29,18,1,pim
3,29,20,2,gpu
3,29,32,1,pim
3,29,35,3,gpu
3,29,45,1,pim
3,29,46,1,pim
3,29,61,2,gpu
3,29,66,4,gpu
3,29,69,1,pim
3,29,71,1,pim
3,29,72,2,gpu
3,29,73,1,pim
3,29,78,1,pim
3,29,79,2,gpu
3,29,82,1,pim
3,29,83,4,gpu
3,29,90,1,pim
3,29,91,1,pim
3,29,92,1,pim
3,29,97,1,pim
3,29,99,1,pim
3,29,100,1,pim
3,29,102,2,gpu
3,29,103,3,gpu
3,29,110,1,pim
3,29,113,1,pim
3,29,115,1,pim
3,29,116,4,gpu
3,29,120,4,gpu
3,29,124,1,pim
3,29,126,1,pim
3,30,4,1,pim
3,30,8,2,gpu
3,30,16,1,pim
3,30,19,1,pim
3,30,21,2,gpu
3,30,25,1,pim
3,30,27,1,pim
3,30,30,3,gpu
3,30,32,4,gpu
3,30,34,3,gpu
3,30,40,1,pim
3,30,41,1,pim
3,30,46,1,pim
3,30,47,1,pim
3,30,54,1,pim
3,30,55,2,gpu
3,30,56,2,gpu
3,30,59,1,pim
3,30,63,1,pim
3,30,64,3,gpu
3,30,68,2,gpu
3,30,72,1,pim
3,30,74,3,gpu
3,30,75,1,pim
3,30,80,2,gpu
3,30,85,1,pim
3,30,86,1,pim
3,30,89,1,pim
3,30,90,3,gpu
3,30,93,1,pim
3,30,96,1,pim
3,30,97,2,gpu
3,30,100,2,pim
3,30,101,1,pim
3,30,102,1,pim
3,30,103,1,pim
3,30,109,1,pim
3,30,110,1,pim
3,30,115,2,pim
3,30,123,3,gpu
3,31,3,5,gpu
3,31,16,1,pim
3,31,25,1,pim
3,31,27,1,pim
3,31,28,2,gpu
3,31,32,1,pim
3,31,34,2,gpu
3,31,39,2,gpu
3,31,44,2,gpu
3,31,45,1,pim
3,31,51,2,gpu
3,31,56,2,gpu
3,31,58,1,pim
3,31,59,1,pim
3,31,60,2,gpu
3,31,63,1,pim
3,31,65,1,pim
3,31,66,1,pim
3,31,67,1,pim
3,31,70,1,pim
3,31,71,1,pim
3,31,72,1,pim
3,31,73,1,pim
3,31,75,2,gpu
3,31,78,3,gpu
3,31,82,1,pim
3,31,91,3,gpu
3,31,93,1,pim
3,31,96,1,pim
3,31,97,3,gpu
3,31,98,2,gpu
3,31,103,1,pim
3,31,106,1,pim
3,31,107,1,pim
3,31,109,4,gpu
3,31,111,2,pim
3,31,117,2,pim
3,31,122,2,pim
3,31,127,1,pim
3,32,3,1,pim
3,32,4,3,gpu
3,32,8,1,pim
3,32,9,2,gpu
3,32,13,1,pim
3,32,14,3,gpu
3,32,17,1,pim
3,32,18,1,pim
3,32,19,1,pim
3,32,24,1,pim
3,32,28,1,pim
3,32,29,1,pim
3,32,38,5,gpu
3,32,43,3,gpu
3,32,46,2,gpu
3,32,47,1,pim
3,32,49,1,pim
3,32,52,1,pim
3,32,54,1,pim
3,32,59,2,gpu
3,32,63,1,pim
3,32,68,1,pim
3,32,74,1,pim
3,32,82,1,pim
3,32,94,1,pim
3,32,95,1,pim
3,32,99,1,pim
3,32,101,2,pim
3,32,103,1,pim
3,32,105,1,pim
3,32,106,3,gpu
3,32,109,4,gpu
3,32,116,4,gpu
3,32,117,1,pim
3,32,124,1,pim
3,32,126,3,gpu
3,32,127,4,gpu
3,33,6,1,gpu
3,33,10,5,gpu
3,33,22,2,gpu
3,33,25,2,gpu
3,33,27,1,pim
3,33,32,3,gpu
3,33,33,3,gpu
3,33,40,1,pim
3,33,43,1,pim
3,33,45,2,gpu
3,33,46,1,pim
3,33,49,1,pim
3,33,51,1,pim
3,33,54,1,pim
3,33,56,1,pim
3,33,59,1,pim
3,33,61,1,pim
3,33,62,1,pim
3,33,68,1,pim
3,33,69,1,pim
3,33,75,1,pim
3,33,76,1,pim
3,33,77,1,pim
3,33,80,1,pim
3,33,88,1,pim
3,33,91,1,pim
3,33,94,1,pim
3,33,96,1,pim
3,33,97,1,pim
3,33,102,2,gpu
3,33,103,2,gpu
3,33,104,1,pim
3,33,108,1,pim
3,33,112,4,gpu
3,33,114,3,gpu
3,33,116,1,pim
3,33,117,6,gpu
3,33,118,2,gpu
3,33,122,1,pim
3,33,124,1,pim
3,34,3,1,pim
3,34,5,3,gpu
3,34,14,1,pim
3,34,16,1,pim
3,34,23,1,pim
3,34,30,2,gpu
3,34,32,1,pim
3,34,33,2,gpu
3,34,37,2,gpu
3,34,41,1,pim
3,34,45,3,gpu
3,34,46,1,pim
3,34,50,1,pim
3,34,51,2,gpu
3,34,62,1,pim
3,34,65,1,pim
3,34,66,3,gpu
3,34,68,1,pim
3,34,69,5,gpu
3,34,70,1,pim
3,34,71,1,pim
3,34,72,1,pim
3,34,74,2,gpu
3,34,76,1,pim
3,34,80,1,pim
3,34,83,1,pim
3,34,86,3,gpu
3,34,87,1,pim
3,34,94,1,pim
3,34,97,1,pim
3,34,98,5,gpu
3,34,101,1,pim
3,34,103,2,gpu
3,34,104,2,pim
3,34,108,3,gpu
3,34,110,1,pim
3,34,123,1,pim
3,34,126,2,pim
3,35,0,3,gpu
3,35,3,1,pim
3,35,4,3,gpu
3,35,7,1,pim
3,35,8,2,gpu
3,35,13,1,pim
3,35,21,7,gpu
3,35,22,1,pim
3,35,28,2,gpu
3,35,30,1,pim
3,35,40,1,pim
3,35,47,2,gpu
3,35,50,3,gpu
3,35,51,2,pim
3,35,58,2,pim
3,35,64,1,pim
3,35,65,3,gpu
3,35,67,1,pim
3,35,69,3,gpu
3,35,70,1,pim
3,35,78,2,pim
3,35,82,5,gpu
3,35,87,3,gpu
3,35,89,3,gpu
3,35,101,1,pim
3,35,107,1,pim
3,35,109,2,pim
3,35,111,2,pim
3,35,114,1,pim
3,35,116,1,pim
3,35,121,1,pim
3,35,127,1,pim
3,36,2,1,pim
3,36,9,4,gpu
3,36,20,1,pim
3,36,25,1,pim
3,36,26,1,pim
3,36,29,1,pim
3,36,32,1,pim
3,36,34,1,pim
3,36,36,1,pim
3,36,37,1,pim
3,36,40,1,pim
3,36,42,2,gpu
3,36,47,2,gpu
3,36,49,1,pim
3,36,50,1,pim
3,36,51,1,pim
3,36,52,2,gpu
3,36,53,1,pim
3,36,56,2,gpu
3,36,65,2,gpu
3,36,68,2,gpu
3,36,69,1,pim
3,36,73,6,gpu
3,36,74,1,pim
3,36,87,1,pim
3,36,92,2,gpu
3,36,95,2,gpu
3,36,100,1,pim
3,36,101,1,pim
3,36,102,1,pim
3,36,103,2,gpu
3,36,107,1,pim
3,36,110,2,gpu
3,36,113,2,gpu
3,36,114,2,pim
3,36,116,2,pim
3,36,118,2,pim
3,36,119,4,gpu
3,36,124,1,pim
3,37,7,1,pim
3,37,10,1,pim
3,37,11,1,pim
3,37,18,1,pim
3,37,20,1,pim
3,37,24,1,pim
3,37,31,3,gpu
3,37,36,1,pim
3,37,40,1,pim
3,37,42,5,gpu
3,37,44,1,pim
3,37,49,2,gpu
3,37,55,1,pim
3,37,61,1,pim
3,37,65,2,gpu
3,37,66,4,gpu
3,37,70,1,pim
3,37,75,1,pim
3,37,77,4,gpu
3,37,79,1,pim
3,37,82,2,gpu
3,37,83,1,pim
3,37,89,2,pim
3,37,91,4,gpu
3,37,99,2,pim
3,37,102,3,gpu
3,37,104,8,gpu
3,37,111,1,pim
3,37,113,4,gpu
3,37,121,2,pim
3,37,127,1,pim
3,38,0,3,gpu
3,38,6,1,gpu
3,38,7,1,gpu
3,38,8,5,gpu
3,38,10,1,pim
3,38,11,1,pim
3,38,16,5,gpu
3,38,26,1,pim
3,38,28,1,pim
3,38,38,1,pim
3,38,40,1,pim
3,38,46,1,pim
3,38,55,6,gpu
3,38,57,1,pim
3,38,58,3,gpu
3,38,62,1,pim
3,38,64,3,gpu
3,38,66,1,pim
3,38,73,1,pim
3,38,82,3,gpu
3,38,84,1,pim
3,38,87,1,pim
3,38,88,1,pim
3,38,89,1,pim
3,38,90,1,pim
3,38,91,1,pim
3,38,92,1,pim
3,38,95,1,pim
3,38,96,5,gpu
3,38,99,1,pim
3,38,101,2,gpu
3,38,105,3,gpu
3,38,107,1,pim
3,38,110,1,pim
3,38,115,1,pim
3,38,125,1,pim
3,39,3,2,gpu
3,39,4,2,gpu
3,39,6,1,pim
3,39,10,1,pim
3,39,14,1,pim
3,39,16,1,pim
3,39,18,2,gpu
3,39,23,1,pim
3,39,25,1,pim
3,39,33,2,gpu
3,39,34,2,gpu
3,39,35,1,pim
3,39,37,3,gpu
3,39,46,1,pim
3,39,48,2,gpu
3,39,55,1,pim
3,39,56,5,gpu
3,39,59,4,gpu
3,39,61,4,gpu
3,39,69,1,pim
3,39,72,1,pim
3,39,76,3,gpu
3,39,77,1,pim
3,39,79,1,pim
3,39,83,1,pim
3,39,86,2,gpu
3,39,87,1,pim
3,39,91,1,pim
3,39,96,1,pim
3,39,98,4,gpu
3,39,100,2,pim
3,39,104,2,pim
3,39,111,1,pim
3,39,112,1,pim
3,39,116,1,pim
3,39,120,1,pim
3,39,123,2,pim
3,40,4,1,pim
3,40,6,1,pim
3,40,7,1,pim
3,40,12,2,gpu
3,40,13,3,gpu
3,40,16,1,pim
3,40,18,3,gpu
3,40,19,3,gpu
3,40,20,2,gpu
3,40,22,1,pim
3,40,26,1,pim
3,40,35,1,pim
3,40,40,1,pim
3,40,41,2,gpu
3,40,43,5,gpu
3,40,51,3,gpu
3,40,52,2,pim
3,40,64,1,pim
3,40,67,1,pim
3,40,80,2,pim
3,40,83,1,pim
3,40,84,4,gpu
3,40,100,2,pim
3,40,105,3,gpu
3,40,109,1,pim
3,40,111,2,pim
3,40,114,1,pim
3,40,115,6,gpu
3,40,119,3,gpu
3,40,121,2,pim
3,40,123,1,pim
3,40,127,1,pim
3,41,2,4,gpu
3,41,6,1,pim
3,41,9,1,pim
3,41,14,2,gpu
3,41,18,1,pim
3,41,20,3,gpu
3,41,29,1,pim
3,41,30,1,pim
3,41,35,4,gpu
3,41,45,2,gpu
3,41,53,1,pim
3,41,61,3,gpu
3,41,62,1,pim
3,41,66,4,gpu
3,41,79,1,pim
3,41,80,3,gpu
3,41,81,1,pim
3,41,83,5,gpu
3,41,84,1,pim
3,41,91,1,pim
3,41,92,1,pim
3,41,97,2,gpu
3,41,102,2,gpu
3,41,103,5,gpu
3,41,112,1,pim
3,41,113,2,pim
3,41,115,1,pim
3,41,116,2,pim
3,41,121,2,pim
3,41,124,2,pim
3,41,126,2,pim
3,41,127,1,pim
3,42,5,4,gpu
3,42,8,2,gpu
3,42,16,1,pim
3,42,18,4,gpu
3,42,19,1,pim
3,42,23,1,pim
3,42,27,4,gpu
3,42,28,1,pim
3,42,30,2,gpu
3,42,32,1,pim
3,42,34,2,gpu
3,42,36,2,gpu
3,42,38,2,gpu
3,42,54,1,pim
3,42,55,1,pim
3,42,59,1,pim
3,42,60,1,pim
3,42,65,2,pim
3,42,71,2,pim
3,42,73,1,pim
3,42,76,5,gpu
3,42,86,2,pim
3,42,93,4,gpu
3,42,98,3,gpu
3,42,100,1,pim
3,42,101,2,pim
3,42,102,4,gpu
3,42,105,1,pim
3,42,114,1,pim
3,42,115,2,pim
3,42,119,2,pim
3,42,123,1,pim
3,43,2,2,gpu
3,43,4,2,gpu
3,43,5,1,pim
3,43,6,6,gpu
3,43,16,3,gpu
3,43,17,1,pim
3,43,18,1,pim
3,43,20,4,gpu
3,43,26,2,gpu
3,43,29,3,gpu
3,43,30,1,pim
3,43,36,2,pim
3,43,40,3,gpu
3,43,42,1,pim
3,43,45,3,gpu
3,43,58,1,pim
3,43,60,1,pim
3,43,63,1,pim
3,43,65,1,pim
3,43,75,1,pim
3,43,78,4,gpu
3,43,79,1,pim
3,43,80,1,pim
3,43,81,1,pim
3,43,87,5,gpu
3,43,94,1,pim
3,43,96,1,pim
3,43,102,2,pim
3,43,104,1,pim
3,43,107,1,pim
3,43,112,2,pim
3,43,127,4,gpu
3,44,1,1,pim
3,44,3,1,pim
3,44,6,1,pim
3,44,13,2,gpu
3,44,17,2,gpu
3,44,20,5,gpu
3,44,21,1,pim
3,44,22,1,pim
3,44,23,1,pim
3,44,29,1,pim
3,44,30,4,gpu
3,44,32,2,gpu
3,44,35,1,pim
3,44,36,1,pim
3,44,37,1,pim
3,44,38,1,pim
3,44,40,2,gpu
3,44,42,1,pim
3,44,44,1,pim
3,44,48,4,gpu
3,44,51,1,pim
3,44,54,1,pim
3,44,56,1,pim
3,44,68,4,gpu
3,44,69,1,pim
3,44,71,2,gpu
3,44,72,1,pim
3,44,79,2,gpu
3,44,81,1,pim
3,44,83,2,gpu
3,44,84,1,pim
3,44,92,3,gpu
3,44,98,2,pim
3,44,113,2,pim
3,44,119,1,pim
3,44,121,5,gpu
3,45,1,2,gpu
3,45,2,1,pim
3,45,4,2,gpu
3,45,7,4,gpu
3,45,10,1,pim
3,45,12,2,gpu
3,45,20,3,gpu
3,45,22,2,gpu
3,45,28,2,pim
3,45,30,1,pim
3,45,32,2,pim
3,45,37,1,pim
3,45,42,2,pim
3,45,51,1,pim
3,45,56,1,pim
3,45,58,2,pim
3,45,63,3,gpu
3,45,70,5,gpu
3,45,76,1,pim
3,45,80,5,gpu
3,45,84,5,gpu
3,45,85,2,pim
3,45,89,1,pim
3,45,100,1,pim
3,45,103,3,gpu
3,45,104,1,pim
3,45,107,2,pim
3,45,111,4,gpu
3,45,121,1,pim
3,45,127,1,pim
3,46,7,1,pim
3,46,8,4,gpu
3,46,19,1,pim
3,46,22,1,pim
3,46,28,2,gpu
3,46,31,3,gpu
3,46,33,1,pim
3,46,36,1,pim
3,46,44,1,pim
3,46,47,2,gpu
3,46,51,1,pim
3,46,52,1,pim
3,46,55,2,gpu
3,46,60,1,pim
3,46,61,2,gpu
3,46,67,2,pim
3,46,68,3,gpu
3,46,74,1,pim
3,46,75,4,gpu
3,46,80,3,gpu
3,46,81,1,pim
3,46,83,3,gpu
3,46,84,1,pim
3,46,88,1,pim
3,46,91,1,pim
3,46,92,1,pim
3,46,98,2,pim
3,46,101,1,pim
3,46,104,3,gpu
3,46,114,3,gpu
3,46,115,5,gpu
3,46,117,2,pim
3,46,119,1,pim
3,46,124,1,pim
3,46,127,1,pim
3,47,9,1,pim
3,47,14,1,pim
3,47,21,1,pim
3,47,26,3,gpu
3,47,27,1,pim
3,47,30,1,pim
3,47,32,2,gpu
3,47,34,3,gpu
3,47,36,4,gpu
3,47,47,5,gpu
3,47,55,2,gpu
3,47,57,1,pim
3,47,58,1,pim
3,47,66,5,gpu
3,47,71,5,gpu
3,47,85,1,pim
3,47,86,1,pim
3,47,88,5,gpu
3,47,90,1,pim
3,47,94,1,pim
3,47,99,2,pim
3,47,104,1,pim
3,47,112,1,pim
3,47,117,2,pim
3,47,120,4,gpu
3,47,121,1,pim
3,47,123,5,gpu
3,47,124,2,pim
3,47,126,1,pim
4,0,0,1,pim
4,0,3,1,pim
4,0,11,1,pim
4,0,12,4,gpu
4,0,23,5,gpu
4,0,28,2,gpu
4,0,29,1,pim
4,0,30,1,pim
4,0,41,3,gpu
4,0,57,1,pim
4,0,61,1,pim
4,0,62,2,gpu
4,0,64,1,pim
4,0,67,3,gpu
4,0,68,1,pim
4,0,69,1,pim
4,0,70,1,pim
4,0,71,1,pim
4,0,75,1,pim
4,0,77,5,gpu
4,0,83,3,gpu
4,0,86,1,pim
4,0,87,2,gpu
4,0,91,1,pim
4,0,106,1,pim
4,0,110,2,gpu
4,0,112,5,gpu
4,0,114,1,pim
4,0,116,5,gpu
4,0,118,1,pim
4,0,124,2,pim
4,0,125,1,pim
4,0,126,1,pim
4,0,127,1,pim
4,1,3,1,pim
4,1,7,2,gpu
4,1,8,1,pim
4,1,9,2,gpu
4,1,10,1,pim
4,1,16,5,gpu
4,1,17,1,pim
4,1,22,1,pim
4,1,23,1,pim
4,1,29,4,gpu
4,1,31,1,pim
4,1,36,1,pim
4,1,39,1,pim
4,1,44,1,pim
4,1,45,2,gpu
4,1,46,1,pim
4,1,48,3,gpu
4,1,52,1,pim
4,1,53,1,pim
4,1,58,1,pim
4,1,59,3,gpu
4,1,60,1,pim
4,1,63,1,pim
4,1,67,3,gpu
4,1,68,1,pim
4,1,75,2,gpu
4,1,76,1,pim
4,1,85,1,pim
4,1,88,5,gpu
4,1,90,1,pim
4,1,91,1,pim
4,1,98,1,pim
4,1,101,2,pim
4,1,113,3,gpu
4,1,114,4,gpu
4,1,116,1,pim
4,1,122,1,pim
4,2,0,1,pim
4,2,4,1,pim
4,2,6,2,gpu
4,2,7,1,pim
4,2,8,2,gpu
4,2,9,1,pim
4,2,15,5,gpu
4,2,16,1,pim
4,2,22,1,pim
4,2,23,1,pim
4,2,24,3,gpu
4,2,32,2,gpu
4,2,37,1,pim
4,2,46,1,pim
4,2,47,5,gpu
4,2,49,1,pim
4,2,50,1,pim
4,2,52,1,pim
4,2,54,1,pim
4,2,59,2,gpu
4,2,60,1,pim
4,2,63,1,pim
4,2,64,1,pim
4,2,66,1,pim
4,2,68,1,pim
4,2,69,3,gpu
4,2,71,1,pim
4,2,73,3,gpu
4,2,76,6,gpu
4,2,86,1,pim
4,2,87,2,gpu
4,2,90,1,pim
4,2,100,1,pim
4,2,115,2,gpu
4,2,121,2,gpu
4,2,122,1,pim
4,2,125,2,pim
4,3,1,1,pim
4,3,7,1,pim
4,3,9,1,pim
4,3,10,1,pim
4,3,11,1,pim
4,3,12,1,pim
4,3,16,6,gpu
4,3,21,1,pim
4,3,24,1,pim
4,3,26,1,pim
4,3,39,1,pim
4,3,40,5,gpu
4,3,41,1,pim
4,3,43,1,pim
4,3,50,1,pim
4,3,53,3,gpu
4,3,59,2,gpu
4,3,62,2,gpu
4,3,70,1,pim
4,3,71,1,pim
4,3,73,1,pim
4,3,76,1,pim
4,3,77,4,gpu
4,3,84,3,gpu
4,3,90,5,gpu
4,3,92,2,gpu
4,3,93,1,pim
4,3,97,3,gpu
4,3,106,2,gpu
4,3,112,3,gpu
4,3,120,1,pim
4,3,121,2,pim
4,3,126,1,pim
4,3,127,2,pim
4,4,0,1,gpu
4,4,1,1,pim
4,4,4,1,pim
4,4,5,2,gpu
4,4,6,1,pim
4,4,9,2,gpu
4,4,10,2,gpu
4,4,12,1,pim
4,4,13,1,pim
4,4,18,1,pim
4,4,22,1,pim
4,4,27,5,gpu
4,4,36,1,pim
4,4,37,1,pim
4,4,39,1,pim
4,4,40,1,pim
4,4,47,3,gpu
4,4,48,1,pim
4,4,51,1,pim
4,4,54,1,pim
4,4,56,1,pim
4,4,57,1,pim
4,4,63,1,pim
4,4,77,6,gpu
4,4,81,2,gpu
4,4,82,1,pim
4,4,86,1,pim
4,4,88,1,pim
4,4,93,2,gpu
4,4,97,1,pim
4,4,102,1,pim
4,4,103,1,pim
4,4,104,6,gpu
4,4,105,4,gpu
4,4,109,1,pim
4,4,116,3,gpu
4,4,118,1,pim
4,4,124,1,pim
4,5,0,1,pim
4,5,1,1,pim
4,5,8,1,pim
4,5,12,2,gpu
4,5,13,5,gpu
4,5,17,1,pim
4,5,18,1,pim
4,5,19,1,pim
4,5,24,1,pim
4,5,39,1,pim
4,5,44,2,gpu
4,5,48,3,gpu
4,5,51,1,pim
4,5,55,1,pim
4,5,56,3,gpu
4,5,63,1,pim
4,5,70,2,gpu
4,5,78,4,gpu
4,5,79,1,pim
4,5,80,1,pim
4,5,82,1,pim
4,5,85,1,pim
4,5,87,1,pim
4,5,90,1,pim
4,5,93,1,pim
4,5,95,2,gpu
4,5,96,1,pim
4,5,101,1,pim
4,5,102,2,gpu
4,5,103,1,pim
4,5,105,1,pim
4,5,106,1,pim
4,5,108,1,pim
4,5,115,2,gpu
4,5,116,1,pim
4,5,117,5,gpu
4,5,122,3,gpu
4,5,126,4,gpu
4,6,8,5,gpu
4,6,13,1,pim
4,6,14,1,pim
4,6,16,1,pim
4,6,18,1,pim
4,6,19,1,pim
4,6,25,1,pim
4,6,27,1,pim
4,6,30,4,gpu
4,6,32,2,gpu
4,6,34,2,gpu
4,6,40,1,pim
4,6,41,1,pim
4,6,46,1,pim
4,6,47,1,pim
4,6,51,1,pim
4,6,52,1,pim
4,6,53,2,gpu
4,6,56,1,pim
4,6,63,1,pim
4,6,64,2,gpu
4,6,68,1,pim
4,6,71,2,gpu
4,6,73,1,pim
4,6,74,1,pim
4,6,75,1,pim
4,6,80,5,gpu
4,6,85,3,gpu
4,6,86,2,gpu
4,6,90,1,pim
4,6,93,2,gpu
4,6,96,2,gpu
4,6,100,1,pim
4,6,103,2,pim
4,6,109,1,pim
4,6,110,1,pim
4,6,115,1,pim
4,6,118,2,pim
4,6,123,3,gpu
4,7,2,1,pim
4,7,3,4,gpu
4,7,5,1,pim
4,7,6,1,pim
4,7,9,2,gpu
4,7,16,2,gpu
4,7,18,4,gpu
4,7,21,2,gpu
4,7,25,1,pim
4,7,27,1,pim
4,7,28,2,gpu
4,7,29,1,pim
4,7,34,1,pim
4,7,38,2,gpu
4,7,39,2,gpu
4,7,41,2,gpu
4,7,45,2,pim
4,7,51,4,gpu
4,7,53,1,pim
4,7,58,1,pim
4,7,60,1,pim
4,7,63,1,pim
4,7,65,1,pim
4,7,70,1,pim
4,7,71,1,pim
4,7,73,1,pim
4,7,78,1,pim
4,7,91,1,pim
4,7,93,2,pim
4,7,97,1,pim
4,7,98,3,gpu
4,7,100,1,pim
4,7,103,1,pim
4,7,106,1,pim
4,7,109,4,gpu
4,7,116,1,pim
4,7,117,3,gpu
4,7,125,1,pim
4,7,127,1,pim
4,8,3,1,pim
4,8,6,1,pim
4,8,8,2,gpu
4,8,10,1,pim
4,8,14,2,gpu
4,8,15,2,gpu
4,8,18,1,pim
4,8,19,1,pim
4,8,20,2,gpu
4,8,27,1,pim
4,8,28,1,pim
4,8,29,2,gpu
4,8,38,4,gpu
4,8,42,1,pim
4,8,43,5,gpu
4,8,46,4,gpu
4,8,47,1,pim
4,8,54,1,pim
4,8,56,1,pim
4,8,59,3,gpu
4,8,64,1,pim
4,8,70,1,pim
4,8,74,1,pim
4,8,79,1,pim
4,8,82,1,pim
4,8,94,1,pim
4,8,95,1,pim
4,8,99,1,pim
4,8,101,1,pim
4,8,103,4,gpu
4,8,106,1,pim
4,8,109,1,pim
4,8,116,5,gpu
4,8,122,1,pim
4,8,124,1,pim
4,8,125,1,pim
4,8,127,4,gpu
4,9,1,1,pim
4,9,10,6,gpu
4,9,18,1,pim
4,9,19,1,pim
4,9,22,3,gpu
4,9,24,1,pim
4,9,25,1,pim
4,9,27,1,pim
4,9,32,7,gpu
4,9,35,1,pim
4,9,40,1,pim
4,9,41,1,pim
4,9,45,1,pim
4,9,46,1,pim
4,9,48,1,pim
4,9,49,2,gpu
4,9,51,1,pim
4,9,54,1,pim
4,9,59,1,pim
4,9,61,1,pim
4,9,62,2,gpu
4,9,76,1,pim
4,9,77,1,pim
4,9,80,1,pim
4,9,81,2,gpu
4,9,87,2,gpu
4,9,94,1,pim
4,9,96,1,pim
4,9,102,2,gpu
4,9,103,1,pim
4,9,104,2,gpu
4,9,108,1,pim
4,9,112,2,gpu
4,9,113,1,pim
4,9,114,5,gpu
4,9,116,1,pim
4,9,117,2,gpu
4,9,118,2,gpu
4,10,5,1,gpu
4,10,13,1,gpu
4,10,14,1,pim
4,10,19,1,pim
4,10,30,3,gpu
4,10,32,4,gpu
4,10,39,3,gpu
4,10,40,1,pim
4,10,45,1,pim
4,10,46,1,pim
4,10,50,1,pim
4,10,51,1,pim
4,10,53,4,gpu
4,10,62,2,gpu
4,10,64,1,pim
4,10,70,2,gpu
4,10,72,1,pim
4,10,74,1,pim
4,10,76,1,pim
4,10,82,1,pim
4,10,83,1,pim
4,10,84,1,pim
4,10,86,3,gpu
4,10,87,1,pim
4,10,88,1,pim
4,10,92,1,pim
4,10,95,4,gpu
4,10,97,1,pim
4,10,103,1,pim
4,10,104,1,pim
4,10,107,3,gpu
4,10,108,4,gpu
4,10,109,1,pim
4,10,110,3,gpu
4,10,112,1,pim
4,10,113,1,pim
4,10,115,1,pim
4,10,116,1,pim
4,10,121,1,pim
4,10,124,1,pim
4,11,0,3,gpu
4,11,8,3,gpu
4,11,16,4,gpu
4,11,21,5,gpu
4,11,22,2,gpu
4,11,23,2,gpu
4,11,28,1,pim
4,11,37,2,gpu
4,11,39,1,pim
4,11,40,1,pim
4,11,42,1,pim
4,11,43,1,pim
4,11,47,1,pim
4,11,51,1,pim
4,11,55,1,pim
4,11,64,1,pim
4,11,65,1,pim
4,11,67,1,pim
4,11,69,3,gpu
4,11,70,2,gpu
4,11,78,2,gpu
4,11,82,5,gpu
4,11,86,1,pim
4,11,87,1,pim
4,11,89,1,pim
4,11,94,1,pim
4,11,96,1,pim
4,11,97,1,pim
4,11,100,1,pim
4,11,101,3,gpu
4,11,107,1,pim
4,11,109,1,pim
4,11,113,1,pim
4,11,114,1,pim
4,11,116,1,pim
4,11,122,1,pim
4,11,123,1,pim
4,11,126,1,pim
4,11,127,2,gpu
4,12,9,2,gpu
4,12,12,2,gpu
4,12,14,1,gpu
4,12,17,1,pim
4,12,18,1,pim
4,12,24,3,gpu
4,12,25,1,pim
4,12,26,1,pim
4,12,28,1,pim
4,12,34,1,pim
4,12,36,1,pim
4,12,38,2,gpu
4,12,40,1,pim
4,12,42,1,pim
4,12,48,1,pim
4,12,49,2,gpu
4,12,52,1,pim
4,12,53,1,pim
4,12,56,4,gpu
4,12,57,1,pim
4,12,60,1,pim
4,12,61,1,pim
4,12,63,2,gpu
4,12,65,1,pim
4,12,68,1,pim
4,12,76,2,gpu
4,12,79,2,gpu
4,12,90,1,pim
4,12,97,1,pim
4,12,98,1,pim
4,12,100,2,gpu
4,12,101,1,pim
4,12,102,1,pim
4,12,103,1,pim
4,12,110,1,pim
4,12,113,1,pim
4,12,115,1,pim
4,12,116,5,gpu
4,12,118,3,gpu
4,12,119,3,gpu
4,12,120,1,pim
4,12,123,1,pim
4,12,124,1,pim
4,13,1,2,gpu
4,13,2,1,pim
4,13,4,1,pim
4,13,18,2,gpu
4,13,24,2,gpu
4,13,29,1,pim
4,13,35,1,pim
4,13,36,2,gpu
4,13,40,2,gpu
4,13,41,5,gpu
4,13,42,5,gpu
4,13,44,1,pim
4,13,57,2,pim
4,13,64,4,gpu
4,13,65,1,pim
4,13,66,1,pim
4,13,75,1,pim
4,13,77,5,gpu
4,13,81,1,pim
4,13,83,2,pim
4,13,84,1,pim
4,13,89,1,pim
4,13,91,3,gpu
4,13,95,2,pim
4,13,101,1,pim
4,13,102,2,pim
4,13,104,2,pim
4,13,109,3,gpu
4,13,111,1,pim
4,13,113,1,pim
4,13,115,1,pim
4,13,118,1,pim
4,13,123,3,gpu
4,14,0,2,gpu
4,14,5,1,pim
4,14,6,1,pim
4,14,8,4,gpu
4,14,13,1,pim
4,14,15,1,pim
4,14,16,6,gpu
4,14,18,4,gpu
4,14,23,1,pim
4,14,37,1,pim
4,14,40,1,pim
4,14,44,1,pim
4,14,46,1,pim
4,14,47,5,gpu
4,14,52,1,pim
4,14,55,4,gpu
4,14,57,2,gpu
4,14,60,1,pim
4,14,62,2,gpu
4,14,66,1,pim
4,14,71,2,gpu
4,14,75,1,pim
4,14,77,1,pim
4,14,81,1,pim
4,14,82,3,gpu
4,14,86,1,pim
4,14,87,1,pim
4,14,88,1,pim
4,14,89,1,pim
4,14,93,1,pim
4,14,95,2,gpu
4,14,99,2,gpu
4,14,101,1,pim
4,14,107,2,pim
4,14,108,1,pim
4,14,112,1,pim
4,14,114,1,pim
4,15,2,1,pim
4,15,6,1,pim
4,15,10,3,gpu
4,15,11,1,pim
4,15,12,1,pim
4,15,14,1,pim
4,15,16,1,pim
4,15,18,2,gpu
4,15,19,1,pim
4,15,20,4,gpu
4,15,21,1,pim
4,15,23,1,pim
4,15,30,1,pim
4,15,31,4,gpu
4,15,32,1,pim
4,15,33,1,pim
4,15,35,2,gpu
4,15,37,2,gpu
4,15,55,1,pim
4,15,56,5,gpu
4,15,57,1,pim
4,15,59,4,gpu
4,15,61,3,gpu
4,15,66,1,pim
4,15,73,1,pim
4,15,76,3,gpu
4,15,78,1,pim
4,15,79,2,gpu
4,15,86,1,pim
4,15,90,4,gpu
4,15,91,2,pim
4,15,98,1,pim
4,15,100,1,pim
4,15,107,1,pim
4,15,111,1,pim
4,15,120,1,pim
4,15,123,1,pim
4,16,4,1,pim
4,16,6,2,gpu
4,16,11,1,pim
4,16,16,2,gpu
4,16,17,2,gpu
4,16,18,3,gpu
4,16,19,2,gpu
4,16,22,1,pim
4,16,26,1,pim
4,16,29,5,gpu
4,16,30,1,pim
4,16,40,1,pim
4,16,43,1,pim
4,16,44,2,gpu
4,16,50,3,gpu
4,16,52,1,pim
4,16,58,1,pim
4,16,64,1,pim
4,16,67,1,pim
4,16,70,4,gpu
4,16,73,1,pim
4,16,77,6,gpu
4,16,78,1,pim
4,16,80,1,pim
4,16,84,4,gpu
4,16,87,1,pim
4,16,100,1,pim
4,16,108,1,pim
4,16,111,1,pim
4,16,114,2,pim
4,16,115,6,gpu
4,16,117,1,pim
4,16,119,1,pim
4,16,127,1,pim
4,17,0,4,gpu
4,17,1,1,pim
4,17,6,1,pim
4,17,18,1,pim
4,17,20,1,pim
4,17,35,1,pim
4,17,46,1,pim
4,17,53,1,pim
4,17,63,3,gpu
4,17,64,4,gpu
4,17,65,3,gpu
4,17,66,1,pim
4,17,68,1,pim
4,17,71,1,pim
4,17,77,1,pim
4,17,78,3,gpu
4,17,79,1,pim
4,17,83,4,gpu
4,17,84,2,gpu
4,17,89,1,pim
4,17,91,1,pim
4,17,93,1,pim
4,17,96,1,pim
4,17,99,2,gpu
4,17,102,5,gpu
4,17,103,3,gpu
4,17,106,1,pim
4,17,113,1,pim
4,17,115,1,pim
4,17,116,4,gpu
4,17,117,2,pim
4,17,120,4,gpu
4,17,121,1,pim
4,17,123,1,pim
4,18,8,4,gpu
4,18,12,1,pim
4,18,14,1,pim
4,18,16,1,pim
4,18,19,1,pim
4,18,25,1,pim
4,18,27,1,pim
4,18,30,3,gpu
4,18,32,3,gpu
4,18,33,1,pim
4,18,34,2,gpu
4,18,40,1,pim
4,18,41,1,pim
4,18,44,1,pim
4,18,46,1,pim
4,18,47,1,pim
4,18,51,1,pim
4,18,52,1,pim
4,18,53,1,pim
4,18,56,4,gpu
4,18,63,1,pim
4,18,64,2,gpu
4,18,68,1,pim
4,18,71,3,gpu
4,18,74,2,gpu
4,18,75,1,pim
4,18,80,1,pim
4,18,85,4,gpu
4,18,86,1,pim
4,18,93,2,gpu
4,18,96,2,gpu
4,18,100,2,gpu
4,18,101,1,pim
4,18,102,1,pim
4,18,103,2,pim
4,18,109,1,pim
4,18,110,3,gpu
4,18,120,1,pim
4,18,123,2,pim
4,19,2,1,gpu
4,19,3,4,gpu
4,19,6,1,gpu
4,19,9,3,gpu
4,19,16,1,pim
4,19,18,3,gpu
4,19,25,1,pim
4,19,27,1,pim
4,19,28,2,gpu
4,19,29,1,pim
4,19,31,2,gpu
4,19,34,2,gpu
4,19,36,1,pim
4,19,39,2,gpu
4,19,43,1,pim
4,19,44,1,pim
4,19,45,1,pim
4,19,51,4,gpu
4,19,53,1,pim
4,19,58,1,pim
4,19,59,2,gpu
4,19,60,3,gpu
4,19,61,1,pim
4,19,63,1,pim
4,19,65,1,pim
4,19,70,1,pim
4,19,71,1,pim
4,19,78,1,pim
4,19,79,1,pim
4,19,85,1,pim
4,19,91,1,pim
4,19,93,1,pim
4,19,98,2,gpu
4,19,100,1,pim
4,19,106,1,pim
4,19,109,5,gpu
4,19,110,1,pim
4,19,115,1,pim
4,19,117,1,pim
4,19,120,1,pim
4,19,122,1,pim
4,19,127,1,pim
4,20,3,2,gpu
4,20,6,1,pim
4,20,14,3,gpu
4,20,15,1,pim
4,20,18,1,pim
4,20,19,1,pim
4,20,20,1,pim
4,20,29,2,gpu
4,20,33,1,pim
4,20,38,6,gpu
4,20,40,1,pim
4,20,42,1,pim
4,20,43,4,gpu
4,20,46,3,gpu
4,20,47,1,pim
4,20,54,1,pim
4,20,55,1,pim
4,20,56,1,pim
4,20,57,1,pim
4,20,59,2,gpu
4,20,60,1,pim
4,20,61,1,pim
4,20,70,1,pim
4,20,74,1,pim
4,20,82,1,pim
4,20,90,1,pim
4,20,94,2,gpu
4,20,95,1,pim
4,20,101,2,gpu
4,20,103,3,gpu
4,20,106,2,pim
4,20,111,1,pim
4,20,116,5,gpu
4,20,117,1,pim
4,20,122,1,pim
4,20,127,5,gpu
4,21,7,1,gpu
4,21,10,6,gpu
4,21,13,1,pim
4,21,18,1,pim
4,21,19,1,pim
4,21,22,3,gpu
4,21,25,1,pim
4,21,32,3,gpu
4,21,33,1,pim
4,21,35,1,pim
4,21,40,1,pim
4,21,41,1,pim
4,21,43,1,pim
4,21,46,1,pim
4,21,49,2,gpu
4,21,52,1,pim
4,21,54,1,pim
4,21,59,2,gpu
4,21,62,1,pim
4,21,66,1,pim
4,21,72,1,pim
4,21,76,1,pim
4,21,77,1,pim
4,21,80,1,pim
4,21,81,1,pim
4,21,87,2,gpu
4,21,91,1,pim
4,21,94,1,pim
4,21,96,1,pim
4,21,102,3,gpu
4,21,103,1,pim
4,21,104,2,gpu
4,21,108,1,pim
4,21,111,1,pim
4,21,112,2,gpu
4,21,113,1,pim
4,21,114,4,gpu
4,21,116,1,pim
4,21,117,4,gpu
4,21,118,2,gpu
4,21,127,1,pim
4,22,5,3,gpu
4,22,13,1,pim
4,22,18,1,pim
4,22,19,1,pim
4,22,20,1,pim
4,22,23,2,gpu
4,22,26,1,pim
4,22,30,1,pim
4,22,32,2,gpu
4,22,39,2,gpu
4,22,41,2,gpu
4,22,43,2,gpu
4,22,46,1,pim
4,22,51,1,pim
4,22,53,2,gpu
4,22,62,2,gpu
4,22,65,1,pim
4,22,69,3,gpu
4,22,70,2,gpu
4,22,74,1,pim
4,22,76,1,pim
4,22,80,1,pim
4,22,82,1,pim
4,22,83,1,pim
4,22,84,1,pim
4,22,86,3,gpu
4,22,87,1,pim
4,22,88,1,pim
4,22,95,2,gpu
4,22,96,1,pim
4,22,97,1,pim
4,22,98,4,gpu
4,22,101,1,pim
4,22,103,1,pim
4,22,108,3,gpu
4,22,109,1,pim
4,22,110,1,pim
4,22,112,1,pim
4,22,113,1,pim
4,22,115,1,pim
4,22,116,1,pim
4,22,119,1,pim
4,22,120,1,pim
4,22,124,1,pim
4,23,0,3,gpu
4,23,6,1,pim
4,23,8,3,gpu
4,23,16,3,gpu
4,23,21,6,gpu
4,23,22,2,gpu
4,23,28,1,pim
4,23,39,1,pim
4,23,40,1,pim
4,23,42,2,gpu
4,23,46,1,pim
4,23,48,1,pim
4,23,51,1,pim
4,23,55,1,pim
4,23,64,1,pim
4,23,65,1,pim
4,23,66,1,pim
4,23,67,1,pim
4,23,68,2,gpu
4,23,69,2,gpu
4,23,70,1,pim
4,23,73,1,pim
4,23,82,4,gpu
4,23,87,1,pim
4,23,89,4,gpu
4,23,92,1,pim
4,23,94,1,pim
4,23,96,2,gpu
4,23,97,1,pim
4,23,100,1,pim
4,23,101,2,gpu
4,23,107,1,pim
4,23,109,1,pim
4,23,113,1,pim
4,23,114,2,gpu
4,23,116,1,pim
4,23,120,1,pim
4,23,122,1,pim
4,23,123,1,pim
4,23,126,1,pim
4,24,0,3,gpu
4,24,9,1,pim
4,24,14,2,gpu
4,24,17,1,pim
4,24,25,2,gpu
4,24,38,2,gpu
4,24,40,1,pim
4,24,42,1,pim
4,24,49,1,pim
4,24,50,2,gpu
4,24,52,2,gpu
4,24,56,4,gpu
4,24,61,1,pim
4,24,63,2,gpu
4,24,65,3,gpu
4,24,67,1,pim
4,24,73,2,gpu
4,24,74,1,pim
4,24,76,1,pim
4,24,79,1,pim
4,24,85,1,pim
4,24,90,1,pim
4,24,97,2,pim
4,24,98,1,pim
4,24,100,1,pim
4,24,101,2,pim
4,24,102,1,pim
4,24,103,3,gpu
4,24,110,1,pim
4,24,111,1,pim
4,24,113,4,gpu
4,24,114,1,pim
4,24,115,1,pim
4,24,116,5,gpu
4,24,118,2,pim
4,24,122,1,pim
4,24,123,1,pim
4,24,124,1,pim
4,25,1,2,gpu
4,25,2,1,pim
4,25,18,2,gpu
4,25,24,2,gpu
4,25,25,1,pim
4,25,32,1,pim
4,25,35,1,pim
4,25,36,3,gpu
4,25,41,5,gpu
4,25,42,5,gpu
4,25,45,1,pim
4,25,47,1,pim
4,25,49,2,gpu
4,25,57,2,gpu
4,25,62,1,pim
4,25,66,1,pim
4,25,74,1,pim
4,25,77,4,gpu
4,25,81,1,pim
4,25,82,3,gpu
4,25,83,1,pim
4,25,84,1,pim
4,25,89,1,pim
4,25,91,4,gpu
4,25,95,1,pim
4,25,99,1,pim
4,25,102,1,pim
4,25,104,7,gpu
4,25,107,1,pim
4,25,109,2,pim
4,25,111,1,pim
4,25,115,1,pim
4,25,123,2,pim
4,26,5,2,gpu
4,26,7,1,pim
4,26,8,5,gpu
4,26,13,1,pim
4,26,15,1,pim
4,26,16,6,gpu
4,26,18,3,gpu
4,26,23,1,pim
4,26,37,1,pim
4,26,46,1,pim
4,26,47,5,gpu
4,26,51,1,pim
4,26,55,5,gpu
4,26,57,1,pim
4,26,60,2,gpu
4,26,62,4,gpu
4,26,66,2,gpu
4,26,69,1,pim
4,26,71,2,gpu
4,26,81,1,pim
4,26,82,4,gpu
4,26,86,1,pim
4,26,87,1,pim
4,26,88,1,pim
4,26,89,1,pim
4,26,90,1,pim
4,26,91,1,pim
4,26,93,1,pim
4,26,95,2,pim
4,26,99,1,pim
4,26,101,1,pim
4,26,107,1,pim
4,26,108,1,pim
4,26,112,1,pim
4,27,2,1,pim
4,27,3,1,pim
4,27,6,2,gpu
4,27,10,1,pim
4,27,12,1,pim
4,27,14,1,pim
4,27,16,2,gpu
4,27,18,3,gpu
4,27,19,1,pim
4,27,20,4,gpu
4,27,22,1,pim
4,27,23,1,pim
4,27,31,1,pim
4,27,33,1,pim
4,27,37,1,pim
4,27,54,1,pim
4,27,55,1,pim
4,27,56,4,gpu
4,27,59,5,gpu
4,27,60,1,pim
4,27,61,4,gpu
4,27,66,2,gpu
4,27,76,4,gpu
4,27,77,2,gpu
4,27,78,1,pim
4,27,79,2,gpu
4,27,82,1,pim
4,27,86,1,pim
4,27,87,1,pim
4,27,90,4,gpu
4,27,91,1,pim
4,27,96,1,pim
4,27,100,1,pim
4,27,104,1,pim
4,27,107,1,pim
4,27,110,1,pim
4,27,123,2,pim
4,28,4,1,pim
4,28,6,4,gpu
4,28,11,1,pim
4,28,16,2,gpu
4,28,18,2,gpu
4,28,19,3,gpu
4,28,22,1,pim
4,28,26,1,pim
4,28,29,5,gpu
4,28,43,1,pim
4,28,44,4,gpu
4,28,50,4,gpu
4,28,52,1,pim
4,28,58,1,pim
4,28,59,1,pim
4,28,60,1,pim
4,28,64,1,pim
4,28,67,1,pim
4,28,70,3,gpu
4,28,73,1,pim
4,28,77,7,gpu
4,28,80,1,pim
4,28,84,2,gpu
4,28,87,2,pim
4,28,89,1,pim
4,28,108,1,pim
4,28,110,4,gpu
4,28,111,1,pim
4,28,114,1,pim
4,28,115,2,pim
4,28,119,1,pim
4,28,123,1,pim
4,28,127,1,pim
4,29,0,4,gpu
4,29,6,1,pim
4,29,13,1,pim
4,29,15,1,pim
4,29,16,1,pim
4,29,18,2,gpu
4,29,20,1,pim
4,29,35,1,pim
4,29,46,1,pim
4,29,52,1,pim
4,29,53,1,pim
4,29,56,1,pim
4,29,61,1,pim
4,29,63,3,gpu
4,29,64,5,gpu
4,29,65,6,gpu
4,29,66,1,pim
4,29,71,1,pim
4,29,72,1,pim
4,29,78,1,pim
4,29,79,1,pim
4,29,83,5,gpu
4,29,84,3,gpu
4,29,85,1,pim
4,29,91,1,pim
4,29,102,2,gpu
4,29,103,2,pim
4,29,113,1,pim
4,29,115,3,gpu
4,29,116,4,gpu
4,29,120,5,gpu
4,29,125,1,pim
4,30,0,2,gpu
4,30,3,1,pim
4,30,8,3,gpu
4,30,12,2,gpu
4,30,14,2,gpu
4,30,16,1,pim
4,30,19,1,pim
4,30,27,2,gpu
4,30,30,4,gpu
4,30,32,2,gpu
4,30,34,3,gpu
4,30,37,1,pim
4,30,40,1,pim
4,30,41,1,pim
4,30,44,1,pim
4,30,47,1,pim
4,30,51,1,pim
4,30,56,5,gpu
4,30,63,1,pim
4,30,64,2,gpu
4,30,68,1,pim
4,30,71,1,pim
4,30,74,2,gpu
4,30,75,2,gpu
4,30,80,2,gpu
4,30,85,1,pim
4,30,93,1,pim
4,30,96,2,pim
4,30,97,1,pim
4,30,98,1,pim
4,30,100,1,pim
4,30,101,1,pim
4,30,102,1,pim
4,30,103,2,pim
4,30,109,1,pim
4,30,110,1,pim
4,30,118,4,gpu
4,30,123,2,pim
4,31,2,1,pim
4,31,3,4,gpu
4,31,5,1,pim
4,31,6,1,pim
4,31,9,1,pim
4,31,16,2,gpu
4,31,18,3,gpu
4,31,27,1,pim
4,31,28,2,gpu
4,31,29,1,pim
4,31,34,2,gpu
4,31,39,4,gpu
4,31,44,2,gpu
4,31,45,1,pim
4,31,50,1,pim
4,31,51,4,gpu
4,31,59,1,pim
4,31,60,3,gpu
4,31,62,1,pim
4,31,63,1,pim
4,31,65,1,pim
4,31,67,1,pim
4,31,70,1,pim
4,31,71,1,pim
4,31,73,1,pim
4,31,74,1,pim
4,31,78,1,pim
4,31,80,1,pim
4,31,91,2,gpu
4,31,93,1,pim
4,31,95,1,pim
4,31,98,3,gpu
4,31,103,1,pim
4,31,106,1,pim
4,31,109,4,gpu
4,31,115,2,gpu
4,31,117,1,pim
4,31,120,1,pim
4,31,122,1,pim
4,31,127,1,pim
4,32,6,4,gpu
4,32,9,1,pim
4,32,13,1,pim
4,32,14,2,gpu
4,32,15,1,pim
4,32,19,1,pim
4,32,20,3,gpu
4,32,27,1,pim
4,32,29,3,gpu
4,32,38,4,gpu
4,32,40,1,pim
4,32,42,1,pim
4,32,43,4,gpu
4,32,44,1,pim
4,32,46,4,gpu
4,32,47,1,pim
4,32,54,1,pim
4,32,55,1,pim
4,32,57,1,pim
4,32,59,1,pim
4,32,60,1,pim
4,32,64,1,pim
4,32,74,1,pim
4,32,82,1,pim
4,32,94,1,pim
4,32,95,1,pim
4,32,101,1,pim
4,32,103,4,gpu
4,32,106,2,gpu
4,32,109,1,pim
4,32,116,5,gpu
4,32,117,1,pim
4,32,122,1,pim
4,32,127,6,gpu
4,33,10,5,gpu
4,33,22,3,gpu
4,33,25,1,pim
4,33,27,1,pim
4,33,28,1,pim
4,33,32,4,gpu
4,33,33,1,pim
4,33,35,3,gpu
4,33,39,1,pim
4,33,40,1,pim
4,33,41,3,gpu
4,33,43,1,pim
4,33,46,1,pim
4,33,49,1,pim
4,33,54,1,pim
4,33,59,2,gpu
4,33,62,1,pim
4,33,66,1,pim
4,33,72,1,pim
4,33,76,1,pim
4,33,77,2,gpu
4,33,80,1,pim
4,33,81,1,pim
4,33,87,2,gpu
4,33,96,1,pim
4,33,102,3,gpu
4,33,103,1,pim
4,33,104,2,gpu
4,33,106,1,pim
4,33,111,1,pim
4,33,112,2,pim
4,33,114,4,gpu
4,33,116,1,pim
4,33,117,5,gpu
4,33,118,2,pim
4,33,124,1,pim
4,34,5,1,pim
4,34,20,1,pim
4,34,23,2,gpu
4,34,26,1,pim
4,34,30,1,pim
4,34,37,2,gpu
4,34,40,1,pim
4,34,43,1,pim
4,34,45,1,pim
4,34,46,1,pim
4,34,51,1,pim
4,34,62,2,gpu
4,34,65,1,pim
4,34,69,5,gpu
4,34,70,2,gpu
4,34,76,1,pim
4,34,84,1,pim
4,34,86,4,gpu
4,34,87,1,pim
4,34,88,1,pim
4,34,95,4,gpu
4,34,96,1,pim
4,34,98,5,gpu
4,34,101,1,pim
4,34,103,2,pim
4,34,104,1,pim
4,34,107,1,pim
4,34,108,4,gpu
4,34,109,4,gpu
4,34,110,4,gpu
4,34,113,1,pim
4,34,115,1,pim
4,34,116,1,pim
4,34,124,3,gpu
4,35,0,3,gpu
4,35,4,1,pim
4,35,6,1,pim
4,35,8,1,pim
4,35,16,3,gpu
4,35,21,7,gpu
4,35,22,2,gpu
4,35,28,1,pim
4,35,39,1,pim
4,35,40,1,pim
4,35,42,4,gpu
4,35,46,1,pim
4,35,51,1,pim
4,35,55,3,gpu
4,35,58,1,pim
4,35,64,1,pim
4,35,68,1,pim
4,35,69,2,gpu
4,35,70,1,pim
4,35,73,1,pim
4,35,82,4,gpu
4,35,89,2,gpu
4,35,92,3,gpu
4,35,94,2,pim
4,35,96,1,pim
4,35,97,2,pim
4,35,100,1,pim
4,35,101,2,pim
4,35,109,1,pim
4,35,113,1,pim
4,35,114,4,gpu
4,35,116,3,gpu
4,35,126,1,pim
4,36,0,4,gpu
4,36,9,1,pim
4,36,14,1,pim
4,36,17,2,gpu
4,36,24,1,pim
4,36,25,2,gpu
4,36,26,2,gpu
4,36,28,1,pim
4,36,34,1,pim
4,36,38,3,gpu
4,36,40,1,pim
4,36,42,1,pim
4,36,47,1,pim
4,36,52,3,gpu
4,36,56,4,gpu
4,36,65,1,pim
4,36,67,2,gpu
4,36,69,1,pim
4,36,73,6,gpu
4,36,80,1,pim
4,36,85,1,pim
4,36,92,1,pim
4,36,95,1,pim
4,36,97,1,pim
4,36,98,1,pim
4,36,101,3,gpu
4,36,102,1,pim
4,36,103,4,gpu
4,36,110,2,pim
4,36,113,2,pim
4,36,115,1,pim
4,36,116,5,gpu
4,36,119,1,pim
4,36,123,1,pim
4,37,1,1,pim
4,37,10,1,pim
4,37,16,1,pim
4,37,18,2,pim
4,37,20,1,pim
4,37,24,3,gpu
4,37,25,1,pim
4,37,27,1,pim
4,37,36,2,pim
4,37,41,6,gpu
4,37,42,3,gpu
4,37,49,2,pim
4,37,57,4,gpu
4,37,66,1,pim
4,37,70,1,pim
4,37,76,1,pim
4,37,77,4,gpu
4,37,81,1,pim
4,37,84,1,pim
4,37,91,4,gpu
4,37,95,3,gpu
4,37,102,1,pim
4,37,104,8,gpu
4,37,109,5,gpu
4,37,111,1,pim
4,37,113,1,pim
4,37,123,4,gpu
4,38,4,1,pim
4,38,5,1,pim
4,38,8,5,gpu
4,38,11,1,pim
4,38,15,1,pim
4,38,16,3,gpu
4,38,18,5,gpu
4,38,46,1,pim
4,38,47,5,gpu
4,38,52,1,pim
4,38,55,6,gpu
4,38,57,1,pim
4,38,60,4,gpu
4,38,62,1,pim
4,38,69,1,pim
4,38,71,3,gpu
4,38,75,1,pim
4,38,80,1,pim
4,38,81,1,pim
4,38,82,3,gpu
4,38,84,1,pim
4,38,88,3,gpu
4,38,89,1,pim
4,38,91,1,pim
4,38,93,2,gpu
4,38,95,2,gpu
4,38,96,1,pim
4,38,99,1,pim
4,38,101,1,pim
4,38,105,1,pim
4,38,111,2,pim
4,38,112,1,pim
4,38,125,1,pim
4,39,2,1,pim
4,39,3,1,pim
4,39,4,1,pim
4,39,6,3,gpu
4,39,14,1,pim
4,39,18,4,gpu
4,39,20,6,gpu
4,39,22,1,pim
4,39,32,1,pim
4,39,34,1,pim
4,39,35,1,pim
4,39,37,1,pim
4,39,54,1,pim
4,39,55,1,pim
4,39,56,4,gpu
4,39,57,1,pim
4,39,59,4,gpu
4,39,60,1,pim
4,39,61,3,gpu
4,39,66,1,pim
4,39,76,4,gpu
4,39,77,3,gpu
4,39,86,1,pim
4,39,87,1,pim
4,39,90,5,gpu
4,39,91,1,pim
4,39,96,1,pim
4,39,98,1,pim
4,39,104,1,pim
4,39,107,4,gpu
4,39,115,1,pim
4,39,123,2,gpu
4,39,126,1,pim
4,40,6,5,gpu
4,40,12,1,pim
4,40,15,1,pim
4,40,16,1,pim
4,40,18,2,gpu
4,40,22,1,pim
4,40,23,1,pim
4,40,26,1,pim
4,40,29,6,gpu
4,40,43,1,pim
4,40,44,6,gpu
4,40,50,1,pim
4,40,52,2,gpu
4,40,55,1,pim
4,40,58,1,pim
4,40,60,1,pim
4,40,64,1,pim
4,40,67,1,pim
4,40,70,2,gpu
4,40,77,6,gpu
4,40,80,1,pim
4,40,84,4,gpu
4,40,87,1,pim
4,40,108,1,pim
4,40,109,1,pim
4,40,110,5,gpu
4,40,111,1,pim
4,40,114,2,pim
4,40,115,4,gpu
4,40,119,1,pim
4,40,127,1,pim
4,41,0,6,gpu
4,41,2,1,pim
4,41,6,1,pim
4,41,9,1,pim
4,41,15,1,pim
4,41,16,1,pim
4,41,18,1,pim
4,41,20,1,pim
4,41,35,1,pim
4,41,36,5,gpu
4,41,46,1,pim
4,41,52,1,pim
4,41,56,1,pim
4,41,61,2,gpu
4,41,63,4,gpu
4,41,64,5,gpu
4,41,65,6,gpu
4,41,66,1,pim
4,41,71,1,pim
4,41,79,1,pim
4,41,83,1,pim
4,41,85,4,gpu
4,41,91,1,pim
4,41,102,1,pim
4,41,103,4,gpu
4,41,115,5,gpu
4,41,116,1,pim
4,41,117,1,pim
4,41,120,2,gpu
4,41,122,2,pim
4,42,5,1,pim
4,42,7,1,pim
4,42,8,3,gpu
4,42,14,1,pim
4,42,18,1,pim
4,42,19,1,pim
4,42,20,3,gpu
4,42,23,1,pim
4,42,24,3,gpu
4,42,25,3,gpu
4,42,27,1,pim
4,42,32,5,gpu
4,42,34,1,pim
4,42,36,1,pim
4,42,49,5,gpu
4,42,59,5,gpu
4,42,68,1,pim
4,42,71,2,pim
4,42,73,1,pim
4,42,76,5,gpu
4,42,77,3,pim
4,42,90,6,gpu
4,42,93,1,pim
4,42,95,1,pim
4,42,102,1,pim
4,42,113,1,pim
4,42,114,1,pim
4,42,125,1,pim
4,42,126,4,gpu
4,43,6,1,pim
4,43,8,2,gpu
4,43,9,1,pim
4,43,12,1,pim
4,43,16,1,pim
4,43,18,2,gpu
4,43,19,1,pim
4,43,20,3,gpu
4,43,26,1,pim
4,43,29,1,pim
4,43,30,1,pim
4,43,40,1,pim
4,43,45,2,gpu
4,43,47,6,gpu
4,43,49,3,gpu
4,43,56,1,pim
4,43,60,1,pim
4,43,65,1,pim
4,43,72,1,pim
4,43,74,5,gpu
4,43,78,4,gpu
4,43,85,2,pim
4,43,87,1,pim
4,43,94,1,pim
4,43,104,1,pim
4,43,107,1,pim
4,43,112,2,pim
4,43,121,6,gpu
4,43,125,6,gpu
4,43,127,4,gpu
4,44,1,1,pim
4,44,6,1,pim
4,44,11,1,pim
4,44,13,6,gpu
4,44,17,1,pim
4,44,18,1,pim
4,44,20,1,pim
4,44,21,1,pim
4,44,23,1,pim
4,44,30,4,gpu
4,44,32,2,gpu
4,44,33,1,pim
4,44,37,2,gpu
4,44,38,1,pim
4,44,45,1,pim
4,44,47,1,pim
4,44,48,1,pim
4,44,70,1,pim
4,44,72,1,pim
4,44,73,3,gpu
4,44,79,3,gpu
4,44,80,2,gpu
4,44,81,1,pim
4,44,83,1,pim
4,44,84,2,gpu
4,44,88,1,pim
4,44,92,1,pim
4,44,94,7,gpu
4,44,97,1,pim
4,44,98,1,pim
4,44,99,1,pim
4,44,107,2,gpu
4,44,110,6,gpu
4,44,119,1,pim
4,44,121,2,gpu
4,45,1,1,pim
4,45,5,6,gpu
4,45,7,4,gpu
4,45,10,1,pim
4,45,12,1,pim
4,45,16,1,pim
4,45,17,1,pim
4,45,22,1,pim
4,45,26,3,gpu
4,45,28,1,pim
4,45,30,1,pim
4,45,42,1,pim
4,45,46,1,pim
4,45,47,4,gpu
4,45,54,1,pim
4,45,58,1,pim
4,45,63,4,gpu
4,45,70,1,pim
4,45,76,2,gpu
4,45,80,1,pim
4,45,82,2,gpu
4,45,83,3,gpu
4,45,84,5,gpu
4,45,85,1,pim
4,45,86,5,gpu
4,45,87,4,gpu
4,45,89,1,pim
4,45,92,1,pim
4,45,100,1,pim
4,45,111,1,pim
4,45,112,1,pim
4,45,114,1,pim
4,45,127,1,pim
4,46,1,1,pim
4,46,5,1,pim
4,46,7,1,pim
4,46,8,1,pim
4,46,10,5,gpu
4,46,17,1,pim
4,46,18,1,pim
4,46,19,1,pim
4,46,29,2,gpu
4,46,30,1,pim
4,46,33,1,pim
4,46,36,1,pim
4,46,37,1,pim
4,46,39,1,pim
4,46,45,3,gpu
4,46,46,1,pim
4,46,47,2,gpu
4,46,51,1,pim
4,46,60,1,pim
4,46,68,3,gpu
4,46,71,2,gpu
4,46,75,3,gpu
4,46,76,1,pim
4,46,82,2,gpu
4,46,83,2,gpu
4,46,84,1,pim
4,46,96,7,gpu
4,46,97,2,pim
4,46,98,1,pim
4,46,104,1,pim
4,46,105,1,pim
4,46,109,1,pim
4,46,115,1,pim
4,46,122,1,pim
4,46,123,4,gpu
4,46,124,3,gpu
4,46,127,1,pim
4,47,11,6,gpu
4,47,14,4,gpu
4,47,15,5,gpu
4,47,21,2,gpu
4,47,31,7,gpu
4,47,35,1,pim
4,47,36,1,pim
4,47,44,1,pim
4,47,47,1,pim
4,47,52,1,pim
4,47,54,1,pim
4,47,59,1,pim
4,47,66,1,pim
4,47,71,1,pim
4,47,82,4,gpu
4,47,86,1,pim
4,47,88,1,pim
4,47,90,4,gpu
4,47,94,1,pim
4,47,95,1,pim
4,47,108,1,pim
4,47,111,1,pim
4,47,114,1,pim
4,47,120,1,pim
4,47,121,5,gpu
4,47,123,1,pim
4,47,124,1,pim
4,47,126,1,pim
4,47,127,7,gpu
5,0,0,2,gpu
5,0,1,1,pim
5,0,7,1,pim
5,0,8,1,pim
5,0,11,1,pim
5,0,13,1,pim
5,0,16,1,pim
5,0,21,1,pim
5,0,31,4,gpu
5,0,34,1,pim
5,0,51,1,pim
5,0,53,4,gpu
5,0,61,1,pim
5,0,63,1,pim
5,0,65,1,pim
5,0,68,2,gpu
5,0,69,5,gpu
5,0,70,2,gpu
5,0,71,1,pim
5,0,80,1,pim
5,0,81,5,gpu
5,0,83,2,gpu
5,0,84,1,pim
5,0,93,3,gpu
5,0,98,1,pim
5,0,100,1,pim
5,0,101,1,pim
5,0,104,1,pim
5,0,107,3,gpu
5,0,111,1,pim
5,0,114,1,pim
5,0,116,1,pim
5,0,119,2,gpu
5,0,120,4,gpu
5,0,122,1,pim
5,0,125,1,pim
5,0,126,2,pim
5,1,3,1,pim
5,1,8,1,pim
5,1,10,2,gpu
5,1,13,1,pim
5,1,15,1,pim
5,1,16,1,pim
5,1,17,1,pim
5,1,18,1,pim
5,1,19,2,gpu
5,1,20,2,gpu
5,1,34,2,gpu
5,1,39,1,pim
5,1,40,1,pim
5,1,41,2,gpu
5,1,42,1,pim
5,1,45,1,pim
5,1,46,1,pim
5,1,48,1,pim
5,1,53,1,pim
5,1,67,1,pim
5,1,70,1,pim
5,1,75,3,gpu
5,1,76,3,gpu
5,1,83,4,gpu
5,1,85,1,pim
5,1,86,1,pim
5,1,88,5,gpu
5,1,91,2,gpu
5,1,94,1,pim
5,1,96,1,pim
5,1,98,3,gpu
5,1,101,2,gpu
5,1,105,1,pim
5,1,107,1,pim
5,1,108,1,pim
5,1,113,5,gpu
5,1,119,1,pim
5,1,123,1,pim
5,1,124,1,pim
5,1,127,1,pim
5,2,6,1,pim
5,2,7,1,pim
5,2,8,2,gpu
5,2,9,2,gpu
5,2,10,3,gpu
5,2,14,1,pim
5,2,15,4,gpu
5,2,24,1,pim
5,2,32,1,pim
5,2,38,1,pim
5,2,39,1,pim
5,2,40,2,gpu
5,2,47,8,gpu
5,2,52,1,pim
5,2,53,1,pim
5,2,59,1,pim
5,2,67,2,gpu
5,2,69,2,gpu
5,2,72,1,pim
5,2,80,1,pim
5,2,84,2,pim
5,2,86,1,pim
5,2,87,3,gpu
5,2,88,2,pim
5,2,90,1,pim
5,2,93,1,pim
5,2,100,1,pim
5,2,115,1,pim
5,2,116,3,gpu
5,2,117,4,gpu
5,2,120,2,pim
5,2,121,1,pim
5,2,123,4,gpu
5,2,125,1,pim
5,3,1,1,pim
5,3,6,2,gpu
5,3,7,1,pim
5,3,9,1,pim
5,3,10,5,gpu
5,3,12,1,pim
5,3,13,1,pim
5,3,16,8,gpu
5,3,25,1,pim
5,3,26,3,gpu
5,3,31,1,pim
5,3,34,1,pim
5,3,38,1,pim
5,3,41,2,gpu
5,3,43,1,pim
5,3,47,1,pim
5,3,53,3,gpu
5,3,59,1,pim
5,3,62,1,pim
5,3,76,1,pim
5,3,77,1,pim
5,3,82,1,pim
5,3,84,4,gpu
5,3,89,3,gpu
5,3,90,3,gpu
5,3,91,1,pim
5,3,97,3,gpu
5,3,105,1,pim
5,3,112,5,gpu
5,3,117,1,pim
5,3,121,1,pim
5,3,122,1,pim
5,3,127,2,pim
5,4,0,2,gpu
5,4,4,1,pim
5,4,12,1,pim
5,4,13,1,pim
5,4,23,1,pim
5,4,25,1,pim
5,4,37,1,pim
5,4,47,3,gpu
5,4,48,1,pim
5,4,51,1,pim
5,4,54,1,pim
5,4,58,1,pim
5,4,63,1,pim
5,4,74,1,pim
5,4,76,2,gpu
5,4,77,6,gpu
5,4,79,1,pim
5,4,81,2,gpu
5,4,82,1,pim
5,4,85,3,gpu
5,4,86,1,pim
5,4,87,1,pim
5,4,88,1,pim
5,4,91,4,gpu
5,4,103,1,pim
5,4,104,6,gpu
5,4,105,4,gpu
5,4,106,2,pim
5,4,110,1,pim
5,4,111,5,gpu
5,4,114,1,pim
5,4,115,1,pim
5,4,118,1,pim
5,4,124,3,gpu
5,5,4,1,pim
5,5,8,1,pim
5,5,13,7,gpu
5,5,17,5,gpu
5,5,22,1,pim
5,5,24,1,pim
5,5,25,1,pim
5,5,42,1,pim
5,5,44,1,pim
5,5,54,2,gpu
5,5,56,1,pim
5,5,61,2,gpu
5,5,66,1,pim
5,5,68,1,pim
5,5,70,2,gpu
5,5,71,1,pim
5,5,78,1,pim
5,5,79,1,pim
5,5,80,2,gpu
5,5,82,2,gpu
5,5,83,1,pim
5,5,90,1,pim
5,5,95,2,pim
5,5,96,1,pim
5,5,100,1,pim
5,5,101,1,pim
5,5,102,3,gpu
5,5,105,1,pim
5,5,106,1,pim
5,5,107,1,pim
5,5,111,4,gpu
5,5,117,5,gpu
5,5,122,1,pim
5,5,125,3,gpu
5,5,126,3,gpu
5,6,4,1,pim
5,6,8,8,gpu
5,6,13,2,gpu
5,6,16,1,pim
5,6,18,1,pim
5,6,25,2,gpu
5,6,27,1,pim
5,6,30,6,gpu
5,6,32,1,pim
5,6,34,5,gpu
5,6,40,1,pim
5,6,41,1,pim
5,6,48,1,pim
5,6,56,6,gpu
5,6,63,2,gpu
5,6,64,2,gpu
5,6,71,4,gpu
5,6,75,1,pim
5,6,78,1,pim
5,6,80,3,gpu
5,6,83,1,pim
5,6,85,1,pim
5,6,93,2,pim
5,6,96,3,gpu
5,6,100,1,pim
5,6,105,2,pim
5,6,106,1,pim
5,6,109,1,pim
5,6,110,1,pim
5,6,112,1,pim
5,7,3,6,gpu
5,7,9,1,pim
5,7,16,1,pim
5,7,18,6,gpu
5,7,21,1,pim
5,7,25,1,pim
5,7,27,1,pim
5,7,28,1,pim
5,7,34,2,gpu
5,7,39,2,gpu
5,7,41,1,pim
5,7,45,1,pim
5,7,49,2,gpu
5,7,50,1,pim
5,7,51,3,gpu
5,7,58,1,pim
5,7,59,1,pim
5,7,60,2,gpu
5,7,70,1,pim
5,7,71,1,pim
5,7,72,2,gpu
5,7,73,2,gpu
5,7,79,1,pim
5,7,87,1,pim
5,7,91,2,gpu
5,7,93,1,pim
5,7,95,1,pim
5,7,98,5,gpu
5,7,101,1,pim
5,7,104,1,pim
5,7,106,1,pim
5,7,109,5,gpu
5,7,112,1,pim
5,7,117,2,pim
5,7,125,1,pim
5,7,127,1,pim
5,8,3,1,pim
5,8,14,3,gpu
5,8,15,1,pim
5,8,19,1,pim
5,8,26,2,gpu
5,8,28,4,gpu
5,8,29,2,gpu
5,8,35,1,pim
5,8,38,6,gpu
5,8,43,3,gpu
5,8,46,4,gpu
5,8,47,1,pim
5,8,51,4,gpu
5,8,54,1,pim
5,8,57,1,pim
5,8,59,2,pim
5,8,64,1,pim
5,8,65,1,pim
5,8,66,1,pim
5,8,74,1,pim
5,8,80,1,pim
5,8,84,2,pim
5,8,90,1,pim
5,8,95,1,pim
5,8,103,3,gpu
5,8,106,1,pim
5,8,111,1,pim
5,8,116,8,gpu
5,8,121,2,pim
5,8,127,3,gpu
5,9,0,1,pim
5,9,9,2,gpu
5,9,10,8,gpu
5,9,13,1,pim
5,9,19,3,gpu
5,9,21,1,pim
5,9,22,3,gpu
5,9,32,1,pim
5,9,43,4,gpu
5,9,45,4,gpu
5,9,47,1,pim
5,9,48,4,gpu
5,9,49,2,gpu
5,9,51,1,pim
5,9,54,1,pim
5,9,57,1,pim
5,9,63,1,pim
5,9,77,2,pim
5,9,80,1,pim
5,9,87,3,gpu
5,9,94,1,pim
5,9,98,1,pim
5,9,102,1,pim
5,9,103,1,pim
5,9,104,2,pim
5,9,110,2,pim
5,9,114,4,gpu
5,9,116,1,pim
5,9,117,4,gpu
5,9,118,2,pim
5,10,5,1,pim
5,10,14,3,gpu
5,10,19,1,pim
5,10,23,1,pim
5,10,30,3,gpu
5,10,32,1,pim
5,10,34,1,pim
5,10,39,1,pim
5,10,50,1,pim
5,10,53,7,gpu
5,10,56,1,pim
5,10,61,2,gpu
5,10,62,1,pim
5,10,64,1,pim
5,10,70,3,gpu
5,10,73,2,gpu
5,10,74,2,gpu
5,10,78,2,gpu
5,10,80,1,pim
5,10,81,1,pim
5,10,83,3,gpu
5,10,84,1,pim
5,10,87,1,pim
5,10,88,1,pim
5,10,90,1,pim
5,10,97,1,pim
5,10,98,2,pim
5,10,104,1,pim
5,10,105,1,pim
5,10,108,5,gpu
5,10,110,1,pim
5,10,112,1,pim
5,10,113,1,pim
5,10,116,3,gpu
5,10,121,1,pim
5,10,123,4,gpu
5,11,0,1,pim
5,11,7,3,gpu
5,11,8,1,pim
5,11,10,1,pim
5,11,13,4,gpu
5,11,21,4,gpu
5,11,22,1,pim
5,11,23,3,gpu
5,11,24,1,pim
5,11,26,1,pim
5,11,28,2,gpu
5,11,30,1,pim
5,11,37,2,gpu
5,11,39,1,pim
5,11,47,2,gpu
5,11,49,2,gpu
5,11,50,1,pim
5,11,58,2,gpu
5,11,61,2,gpu
5,11,64,1,pim
5,11,65,1,pim
5,11,67,2,gpu
5,11,69,3,gpu
5,11,70,2,pim
5,11,78,2,pim
5,11,79,1,pim
5,11,82,5,gpu
5,11,86,2,pim
5,11,87,1,pim
5,11,89,2,pim
5,11,101,1,pim
5,11,102,2,pim
5,11,107,1,pim
5,11,110,1,pim
5,11,125,1,pim
5,11,127,1,pim
5,12,9,4,gpu
5,12,15,2,gpu
5,12,18,1,pim
5,12,25,2,gpu
5,12,26,1,pim
5,12,28,1,pim
5,12,42,1,pim
5,12,47,3,gpu
5,12,50,1,pim
5,12,52,2,gpu
5,12,53,1,pim
5,12,56,5,gpu
5,12,57,1,pim
5,12,60,1,pim
5,12,61,1,pim
5,12,63,1,pim
5,12,65,4,gpu
5,12,68,3,gpu
5,12,69,2,gpu
5,12,71,1,pim
5,12,79,3,gpu
5,12,85,1,pim
5,12,95,1,pim
5,12,97,2,pim
5,12,98,1,pim
5,12,99,2,pim
5,12,104,1,pim
5,12,106,1,pim
5,12,107,1,pim
5,12,113,1,pim
5,12,115,1,pim
5,12,116,5,gpu
5,12,118,1,pim
5,12,120,4,gpu
5,12,124,1,pim
5,13,4,1,pim
5,13,6,2,gpu
5,13,7,1,pim
5,13,14,1,pim
5,13,15,1,pim
5,13,16,1,pim
5,13,19,1,pim
5,13,21,1,pim
5,13,24,1,pim
5,13,28,2,gpu
5,13,31,3,gpu
5,13,32,1,pim
5,13,36,3,gpu
5,13,42,4,gpu
5,13,44,2,gpu
5,13,55,4,gpu
5,13,58,1,pim
5,13,64,6,gpu
5,13,66,1,pim
5,13,75,1,pim
5,13,77,5,gpu
5,13,79,1,pim
5,13,80,1,pim
5,13,82,2,pim
5,13,83,2,pim
5,13,85,1,pim
5,13,91,1,pim
5,13,95,1,pim
5,13,102,1,pim
5,13,104,5,gpu
5,13,110,1,pim
5,13,113,1,pim
5,13,121,4,gpu
5,14,0,1,pim
5,14,5,1,pim
5,14,6,1,pim
5,14,8,5,gpu
5,14,10,1,pim
5,14,11,2,gpu
5,14,13,1,pim
5,14,16,1,pim
5,14,17,1,pim
5,14,19,1,pim
5,14,20,1,pim
5,14,27,2,gpu
5,14,28,4,gpu
5,14,29,1,pim
5,14,48,2,gpu
5,14,55,3,gpu
5,14,57,1,pim
5,14,58,1,pim
5,14,63,1,pim
5,14,66,3,gpu
5,14,73,1,pim
5,14,75,2,gpu
5,14,79,2,gpu
5,14,80,1,pim
5,14,81,1,pim
5,14,82,1,pim
5,14,84,4,gpu
5,14,88,2,gpu
5,14,89,1,pim
5,14,90,3,gpu
5,14,91,1,pim
5,14,93,2,pim
5,14,96,2,pim
5,14,99,1,pim
5,14,100,1,pim
5,14,107,3,gpu
5,14,108,1,pim
5,14,110,1,pim
5,15,2,1,pim
5,15,4,2,gpu
5,15,6,1,pim
5,15,10,6,gpu
5,15,11,1,pim
5,15,13,1,pim
5,15,14,2,gpu
5,15,16,4,gpu
5,15,18,2,gpu
5,15,23,2,gpu
5,15,26,1,pim
5,15,30,1,pim
5,15,31,2,gpu
5,15,35,1,pim
5,15,38,2,gpu
5,15,55,1,pim
5,15,56,5,gpu
5,15,59,7,gpu
5,15,60,1,pim
5,15,61,2,gpu
5,15,69,1,pim
5,15,70,1,pim
5,15,79,1,pim
5,15,85,2,pim
5,15,86,1,pim
5,15,90,3,gpu
5,15,91,1,pim
5,15,101,1,pim
5,15,112,2,pim
5,15,115,2,pim
5,15,116,1,pim
5,15,120,1,pim
5,15,123,2,pim
5,16,1,1,pim
5,16,7,1,pim
5,16,8,1,pim
5,16,15,1,pim
5,16,16,1,pim
5,16,17,4,gpu
5,16,18,3,gpu
5,16,19,1,pim
5,16,20,4,gpu
5,16,22,1,pim
5,16,26,1,pim
5,16,39,1,pim
5,16,40,2,gpu
5,16,41,1,pim
5,16,42,1,pim
5,16,43,2,gpu
5,16,48,1,pim
5,16,50,1,pim
5,16,51,1,pim
5,16,52,2,gpu
5,16,60,1,pim
5,16,64,1,pim
5,16,67,1,pim
5,16,73,4,gpu
5,16,78,1,pim
5,16,80,1,pim
5,16,81,2,gpu
5,16,83,1,pim
5,16,84,2,gpu
5,16,87,2,gpu
5,16,89,1,pim
5,16,97,1,pim
5,16,103,3,gpu
5,16,105,2,gpu
5,16,111,1,pim
5,16,115,2,pim
5,16,119,1,pim
5,16,121,4,gpu
5,16,124,2,pim
5,17,1,2,gpu
5,17,2,1,pim
5,17,6,1,pim
5,17,14,4,gpu
5,17,15,2,gpu
5,17,18,2,gpu
5,17,19,1,pim
5,17,20,1,pim
5,17,21,2,gpu
5,17,35,1,pim
5,17,42,1,pim
5,17,45,1,pim
5,17,52,1,pim
5,17,53,1,pim
5,17,55,3,gpu
5,17,60,1,pim
5,17,61,1,pim
5,17,68,1,pim
5,17,69,1,pim
5,17,71,1,pim
5,17,72,2,gpu
5,17,73,1,pim
5,17,75,1,pim
5,17,78,3,gpu
5,17,79,1,pim
5,17,83,6,gpu
5,17,90,1,pim
5,17,91,1,pim
5,17,97,4,gpu
5,17,99,1,pim
5,17,102,3,gpu
5,17,103,2,gpu
5,17,115,1,pim
5,17,116,2,pim
5,17,120,3,gpu
5,17,123,1,pim
5,17,124,1,pim
5,17,126,1,pim
5,18,8,7,gpu
5,18,9,1,pim
5,18,12,2,gpu
5,18,13,3,gpu
5,18,16,1,pim
5,18,18,1,pim
5,18,21,1,pim
5,18,25,4,gpu
5,18,27,2,gpu
5,18,30,3,gpu
5,18,32,2,gpu
5,18,34,4,gpu
5,18,40,1,pim
5,18,44,1,pim
5,18,47,1,pim
5,18,50,1,pim
5,18,51,1,pim
5,18,54,1,pim
5,18,56,5,gpu
5,18,63,1,pim
5,18,64,1,pim
5,18,71,5,gpu
5,18,75,2,gpu
5,18,78,1,pim
5,18,80,1,pim
5,18,85,1,pim
5,18,93,1,pim
5,18,96,1,pim
5,18,100,1,pim
5,18,101,1,pim
5,18,102,1,pim
5,18,105,1,pim
5,18,109,1,pim
5,18,110,2,gpu
5,18,120,1,pim
5,19,3,5,gpu
5,19,6,1,pim
5,19,9,3,gpu
5,19,16,1,pim
5,19,18,6,gpu
5,19,28,1,pim
5,19,29,1,pim
5,19,31,1,pim
5,19,32,1,pim
5,19,34,2,gpu
5,19,39,2,gpu
5,19,44,1,pim
5,19,45,2,gpu
5,19,49,2,gpu
5,19,50,1,pim
5,19,51,2,gpu
5,19,59,6,gpu
5,19,60,1,pim
5,19,62,1,pim
5,19,67,1,pim
5,19,71,1,pim
5,19,72,2,gpu
5,19,73,1,pim
5,19,75,1,pim
5,19,78,1,pim
5,19,79,1,pim
5,19,87,1,pim
5,19,91,2,gpu
5,19,95,1,pim
5,19,98,1,pim
5,19,101,1,pim
5,19,104,1,pim
5,19,106,1,pim
5,19,109,6,gpu
5,19,125,1,pim
5,19,127,1,pim
5,20,3,3,gpu
5,20,5,1,pim
5,20,14,3,gpu
5,20,15,1,pim
5,20,19,1,pim
5,20,26,1,pim
5,20,28,4,gpu
5,20,29,1,pim
5,20,33,1,pim
5,20,36,1,pim
5,20,38,6,gpu
5,20,42,1,pim
5,20,43,2,gpu
5,20,46,3,gpu
5,20,47,1,pim
5,20,51,1,pim
5,20,54,1,pim
5,20,56,2,gpu
5,20,57,2,gpu
5,20,64,1,pim
5,20,65,2,gpu
5,20,66,1,pim
5,20,72,1,pim
5,20,74,1,pim
5,20,78,1,pim
5,20,84,2,gpu
5,20,85,1,pim
5,20,95,1,pim
5,20,103,1,pim
5,20,106,1,pim
5,20,111,1,pim
5,20,116,7,gpu
5,20,117,1,pim
5,20,119,1,pim
5,20,121,1,pim
5,20,124,1,pim
5,20,127,3,gpu
5,21,9,2,gpu
5,21,10,8,gpu
5,21,13,2,gpu
5,21,19,2,gpu
5,21,22,3,gpu
5,21,32,1,pim
5,21,43,4,gpu
5,21,45,3,gpu
5,21,46,1,pim
5,21,48,1,pim
5,21,49,3,gpu
5,21,57,1,pim
5,21,63,1,pim
5,21,64,1,pim
5,21,68,1,pim
5,21,70,1,pim
5,21,77,2,gpu
5,21,80,1,pim
5,21,87,4,gpu
5,21,94,1,pim
5,21,96,2,pim
5,21,98,1,pim
5,21,102,1,pim
5,21,103,1,pim
5,21,104,1,pim
5,21,107,1,pim
5,21,110,2,pim
5,21,111,1,pim
5,21,112,1,pim
5,21,114,3,gpu
5,21,117,4,gpu
5,21,118,1,pim
5,21,122,1,pim
5,21,125,1,pim
5,22,0,1,pim
5,22,5,2,gpu
5,22,14,2,gpu
5,22,30,2,gpu
5,22,32,1,pim
5,22,37,1,pim
5,22,40,1,pim
5,22,43,2,gpu
5,22,45,1,pim
5,22,50,1,pim
5,22,51,1,pim
5,22,53,5,gpu
5,22,56,1,pim
5,22,58,1,pim
5,22,61,2,gpu
5,22,62,1,pim
5,22,69,5,gpu
5,22,70,3,gpu
5,22,73,1,pim
5,22,74,2,gpu
5,22,80,2,pim
5,22,81,1,pim
5,22,83,1,pim
5,22,84,1,pim
5,22,90,1,pim
5,22,97,1,pim
5,22,98,8,gpu
5,22,104,1,pim
5,22,105,2,pim
5,22,107,1,pim
5,22,108,1,pim
5,22,110,1,pim
5,22,113,1,pim
5,22,116,3,gpu
5,22,123,3,gpu
5,23,0,1,pim
5,23,4,2,gpu
5,23,7,3,gpu
5,23,10,1,pim
5,23,13,4,gpu
5,23,17,1,pim
5,23,21,6,gpu
5,23,23,1,pim
5,23,24,2,gpu
5,23,26,1,pim
5,23,28,2,gpu
5,23,30,1,pim
5,23,39,1,pim
5,23,40,1,pim
5,23,41,1,pim
5,23,49,2,gpu
5,23,50,1,pim
5,23,58,2,gpu
5,23,61,2,gpu
5,23,64,1,pim
5,23,65,1,pim
5,23,67,2,pim
5,23,69,3,gpu
5,23,70,1,pim
5,23,78,1,pim
5,23,82,5,gpu
5,23,86,1,pim
5,23,87,1,pim
5,23,89,2,pim
5,23,92,1,pim
5,23,96,5,gpu
5,23,101,2,pim
5,23,102,2,pim
5,23,125,1,pim
5,24,9,4,gpu
5,24,15,2,gpu
5,24,28,2,gpu
5,24,34,1,pim
5,24,42,1,pim
5,24,47,4,gpu
5,24,49,2,gpu
5,24,50,2,gpu
5,24,53,1,pim
5,24,56,6,gpu
5,24,57,1,pim
5,24,63,1,pim
5,24,65,5,gpu
5,24,73,2,gpu
5,24,79,2,pim
5,24,85,2,pim
5,24,95,1,pim
5,24,96,1,pim
5,24,97,2,pim
5,24,98,1,pim
5,24,99,2,pim
5,24,100,1,pim
5,24,104,1,pim
5,24,107,1,pim
5,24,111,1,pim
5,24,113,3,gpu
5,24,115,1,pim
5,24,116,4,gpu
5,24,118,1,pim
5,24,120,4,gpu
5,24,123,1,pim
5,24,124,1,pim
5,25,0,1,pim
5,25,6,1,pim
5,25,7,1,pim
5,25,14,1,pim
5,25,15,1,pim
5,25,16,1,pim
5,25,19,1,pim
5,25,21,1,pim
5,25,24,1,pim
5,25,26,2,gpu
5,25,28,2,gpu
5,25,31,3,gpu
5,25,32,2,gpu
5,25,36,2,gpu
5,25,42,5,gpu
5,25,44,1,pim
5,25,49,1,pim
5,25,55,1,pim
5,25,58,1,pim
5,25,66,1,pim
5,25,77,3,gpu
5,25,78,1,pim
5,25,79,1,pim
5,25,80,1,pim
5,25,82,4,gpu
5,25,83,2,pim
5,25,91,6,gpu
5,25,95,1,pim
5,25,98,1,pim
5,25,102,1,pim
5,25,104,7,gpu
5,25,111,1,pim
5,25,113,1,pim
5,25,121,4,gpu
5,26,8,6,gpu
5,26,10,1,pim
5,26,11,1,pim
5,26,17,1,pim
5,26,19,2,gpu
5,26,20,1,pim
5,26,27,2,gpu
5,26,28,3,gpu
5,26,48,2,gpu
5,26,55,5,gpu
5,26,57,1,pim
5,26,58,2,gpu
5,26,62,1,pim
5,26,66,2,gpu
5,26,74,1,pim
5,26,75,2,gpu
5,26,79,2,pim
5,26,80,1,pim
5,26,82,3,gpu
5,26,84,3,gpu
5,26,86,1,pim
5,26,88,1,pim
5,26,89,1,pim
5,26,90,3,gpu
5,26,91,2,pim
5,26,93,2,pim
5,26,95,1,pim
5,26,96,2,pim
5,26,99,1,pim
5,26,100,1,pim
5,26,101,2,pim
5,26,107,3,gpu
5,26,108,1,pim
5,26,110,1,pim
5,27,3,2,gpu
5,27,4,2,gpu
5,27,6,2,gpu
5,27,10,5,gpu
5,27,14,3,gpu
5,27,16,1,pim
5,27,18,1,pim
5,27,19,1,pim
5,27,23,3,gpu
5,27,31,1,pim
5,27,34,1,pim
5,27,35,1,pim
5,27,37,1,pim
5,27,49,1,pim
5,27,55,1,pim
5,27,56,5,gpu
5,27,59,7,gpu
5,27,60,1,pim
5,27,61,2,gpu
5,27,69,1,pim
5,27,70,1,pim
5,27,76,3,gpu
5,27,79,1,pim
5,27,85,1,pim
5,27,86,1,pim
5,27,90,3,gpu
5,27,91,1,pim
5,27,96,1,pim
5,27,98,1,pim
5,27,101,1,pim
5,27,112,1,pim
5,27,115,2,gpu
5,27,116,1,pim
5,27,120,2,pim
5,27,123,1,pim
5,27,127,1,pim
5,28,7,1,gpu
5,28,8,1,gpu
5,28,15,1,gpu
5,28,16,1,pim
5,28,17,2,gpu
5,28,18,4,gpu
5,28,19,3,gpu
5,28,20,4,gpu
5,28,22,1,pim
5,28,24,1,pim
5,28,26,1,pim
5,28,30,1,pim
5,28,39,1,pim
5,28,40,1,pim
5,28,41,1,pim
5,28,43,1,pim
5,28,50,1,pim
5,28,51,1,pim
5,28,52,2,gpu
5,28,60,1,pim
5,28,64,1,pim
5,28,67,2,gpu
5,28,73,4,gpu
5,28,80,1,pim
5,28,81,1,pim
5,28,83,1,pim
5,28,84,4,gpu
5,28,87,1,pim
5,28,89,1,pim
5,28,93,1,pim
5,28,97,1,pim
5,28,99,1,pim
5,28,103,1,pim
5,28,105,2,gpu
5,28,111,1,pim
5,28,114,1,pim
5,28,115,2,gpu
5,28,119,1,pim
5,28,121,4,gpu
5,28,123,1,pim
5,28,124,1,pim
5,28,127,1,pim
5,29,1,2,gpu
5,29,2,1,gpu
5,29,6,1,pim
5,29,13,1,pim
5,29,14,4,gpu
5,29,15,2,gpu
5,29,18,2,gpu
5,29,19,1,pim
5,29,20,1,pim
5,29,21,1,pim
5,29,35,1,pim
5,29,41,1,pim
5,29,42,1,pim
5,29,45,3,gpu
5,29,47,1,pim
5,29,52,1,pim
5,29,53,1,pim
5,29,55,1,pim
5,29,60,1,pim
5,29,61,1,pim
5,29,66,1,pim
5,29,68,1,pim
5,29,69,1,pim
5,29,71,1,pim
5,29,79,1,pim
5,29,83,3,gpu
5,29,85,1,pim
5,29,89,1,pim
5,29,90,1,pim
5,29,91,1,pim
5,29,97,5,gpu
5,29,102,3,gpu
5,29,103,3,gpu
5,29,113,1,pim
5,29,115,1,pim
5,29,116,4,gpu
5,29,117,1,pim
5,29,120,3,gpu
5,29,124,1,pim
5,29,126,2,gpu
5,30,3,1,pim
5,30,8,5,gpu
5,30,12,1,pim
5,30,13,2,gpu
5,30,16,1,pim
5,30,20,1,pim
5,30,21,1,pim
5,30,25,1,pim
5,30,26,1,pim
5,30,27,2,gpu
5,30,29,1,pim
5,30,30,3,gpu
5,30,32,2,gpu
5,30,33,1,pim
5,30,34,2,gpu
5,30,40,1,pim
5,30,44,1,pim
5,30,50,1,pim
5,30,54,1,pim
5,30,56,2,gpu
5,30,63,2,gpu
5,30,64,2,gpu
5,30,71,1,pim
5,30,74,3,gpu
5,30,75,2,gpu
5,30,78,1,pim
5,30,80,1,pim
5,30,85,1,pim
5,30,86,1,pim
5,30,89,1,pim
5,30,90,1,pim
5,30,93,2,gpu
5,30,96,2,gpu
5,30,97,1,pim
5,30,100,1,pim
5,30,101,1,pim
5,30,102,1,pim
5,30,105,2,gpu
5,30,109,1,pim
5,30,110,2,gpu
5,30,115,1,pim
5,30,120,1,pim
5,30,123,2,pim
5,31,3,3,gpu
5,31,6,1,gpu
5,31,9,3,gpu
5,31,13,1,gpu
5,31,18,3,gpu
5,31,25,1,gpu
5,31,27,1,pim
5,31,28,2,gpu
5,31,29,1,pim
5,31,32,1,pim
5,31,34,1,pim
5,31,38,1,pim
5,31,39,1,pim
5,31,44,1,pim
5,31,45,1,pim
5,31,49,1,pim
5,31,51,1,pim
5,31,53,1,pim
5,31,56,1,pim
5,31,59,2,gpu
5,31,60,2,gpu
5,31,62,1,pim
5,31,63,2,gpu
5,31,67,1,pim
5,31,71,1,pim
5,31,72,2,gpu
5,31,73,1,pim
5,31,74,1,pim
5,31,75,1,pim
5,31,78,2,gpu
5,31,79,1,pim
5,31,82,1,pim
5,31,83,1,pim
5,31,86,1,pim
5,31,87,1,pim
5,31,91,2,gpu
5,31,92,1,pim
5,31,93,1,pim
5,31,98,2,gpu
5,31,101,1,pim
5,31,104,1,pim
5,31,106,2,gpu
5,31,108,1,pim
5,31,109,2,gpu
5,31,112,1,pim
5,31,115,1,pim
5,31,117,1,pim
5,31,118,1,pim
5,32,3,1,pim
5,32,8,1,pim
5,32,14,2,gpu
5,32,15,2,gpu
5,32,16,1,pim
5,32,21,1,pim
5,32,26,1,pim
5,32,28,4,gpu
5,32,29,2,gpu
5,32,38,4,gpu
5,32,39,1,pim
5,32,40,1,pim
5,32,41,1,pim
5,32,43,3,gpu
5,32,46,1,pim
5,32,47,1,pim
5,32,54,1,pim
5,32,56,2,gpu
5,32,57,1,pim
5,32,61,1,pim
5,32,64,2,gpu
5,32,65,1,pim
5,32,66,1,pim
5,32,68,2,gpu
5,32,70,1,pim
5,32,74,2,gpu
5,32,84,1,pim
5,32,95,1,pim
5,32,101,1,pim
5,32,103,2,gpu
5,32,105,1,pim
5,32,106,3,gpu
5,32,107,1,pim
5,32,111,1,pim
5,32,116,3,gpu
5,32,117,1,pim
5,32,121,1,pim
5,32,122,1,pim
5,32,126,2,pim
5,32,127,4,gpu
5,33,9,1,pim
5,33,10,6,gpu
5,33,22,3,gpu
5,33,25,1,pim
5,33,28,1,pim
5,33,32,1,pim
5,33,37,1,pim
5,33,43,2,gpu
5,33,45,2,gpu
5,33,46,1,pim
5,33,48,3,gpu
5,33,49,2,gpu
5,33,57,1,pim
5,33,59,1,pim
5,33,61,1,pim
5,33,66,1,pim
5,33,68,1,pim
5,33,72,1,pim
5,33,76,1,pim
5,33,77,2,gpu
5,33,80,1,pim
5,33,81,1,pim
5,33,86,1,pim
5,33,87,3,gpu
5,33,94,1,pim
5,33,96,3,gpu
5,33,98,1,pim
5,33,99,1,pim
5,33,102,2,gpu
5,33,103,2,gpu
5,33,104,1,pim
5,33,110,1,pim
5,33,112,3,gpu
5,33,114,2,pim
5,33,117,3,gpu
5,33,118,2,pim
5,33,122,1,pim
5,33,124,1,pim
5,33,125,1,pim
5,34,3,1,pim
5,34,5,1,pim
5,34,13,1,pim
5,34,14,3,gpu
5,34,26,1,pim
5,34,30,3,gpu
5,34,40,1,pim
5,34,45,2,gpu
5,34,50,1,pim
5,34,51,1,pim
5,34,54,1,pim
5,34,56,1,pim
5,34,57,1,pim
5,34,62,1,pim
5,34,68,1,pim
5,34,69,5,gpu
5,34,70,1,pim
5,34,73,1,pim
5,34,74,2,gpu
5,34,76,2,gpu
5,34,78,1,pim
5,34,83,3,gpu
5,34,84,1,pim
5,34,85,1,pim
5,34,86,3,gpu
5,34,88,1,pim
5,34,90,1,pim
5,34,94,1,pim
5,34,96,1,pim
5,34,98,5,gpu
5,34,104,1,pim
5,34,105,2,gpu
5,34,107,1,pim
5,34,108,3,gpu
5,34,110,1,pim
5,34,116,2,gpu
5,34,120,1,pim
5,34,123,4,gpu
5,35,0,2,gpu
5,35,3,1,pim
5,35,7,1,pim
5,35,8,1,pim
5,35,10,1,pim
5,35,13,4,gpu
5,35,21,8,gpu
5,35,23,1,pim
5,35,24,2,gpu
5,35,26,1,pim
5,35,28,2,gpu
5,35,36,1,pim
5,35,39,1,pim
5,35,40,1,pim
5,35,41,1,pim
5,35,47,2,gpu
5,35,49,2,gpu
5,35,50,1,pim
5,35,58,4,gpu
5,35,61,1,pim
5,35,64,1,pim
5,35,65,1,pim
5,35,67,3,gpu
5,35,69,2,gpu
5,35,71,1,pim
5,35,78,1,pim
5,35,82,4,gpu
5,35,86,1,pim
5,35,87,1,pim
5,35,89,2,gpu
5,35,90,1,pim
5,35,101,1,pim
5,35,102,2,gpu
5,35,113,1,pim
5,35,118,1,pim
5,35,122,1,pim
5,35,125,1,pim
5,35,126,1,pim
5,36,2,1,gpu
5,36,8,1,pim
5,36,9,3,gpu
5,36,15,2,gpu
5,36,23,1,pim
5,36,28,1,pim
5,36,32,1,pim
5,36,34,1,pim
5,36,36,1,pim
5,36,40,1,pim
5,36,42,1,pim
5,36,43,1,pim
5,36,47,3,gpu
5,36,50,1,pim
5,36,53,1,pim
5,36,56,3,gpu
5,36,58,1,pim
5,36,65,1,pim
5,36,68,3,gpu
5,36,69,3,gpu
5,36,73,5,gpu
5,36,79,1,pim
5,36,82,1,pim
5,36,95,1,pim
5,36,96,1,pim
5,36,97,1,pim
5,36,98,1,pim
5,36,99,2,gpu
5,36,100,1,pim
5,36,102,1,pim
5,36,105,1,pim
5,36,107,1,pim
5,36,110,3,gpu
5,36,111,1,pim
5,36,113,1,pim
5,36,115,1,pim
5,36,116,3,gpu
5,36,118,1,pim
5,36,120,4,gpu
5,36,124,2,gpu
5,37,6,1,gpu
5,37,7,1,pim
5,37,10,1,pim
5,37,15,1,pim
5,37,16,1,pim
5,37,19,1,pim
5,37,21,1,pim
5,37,25,1,pim
5,37,26,1,pim
5,37,28,1,pim
5,37,31,1,pim
5,37,32,1,pim
5,37,36,1,pim
5,37,42,4,gpu
5,37,44,1,pim
5,37,55,4,gpu
5,37,58,1,pim
5,37,65,2,gpu
5,37,66,1,pim
5,37,75,1,pim
5,37,76,1,pim
5,37,77,3,gpu
5,37,78,2,gpu
5,37,79,3,gpu
5,37,80,1,pim
5,37,82,1,pim
5,37,83,1,pim
5,37,91,3,gpu
5,37,95,1,pim
5,37,99,3,gpu
5,37,102,1,pim
5,37,104,8,gpu
5,37,107,2,gpu
5,37,111,1,pim
5,37,113,1,pim
5,37,118,1,pim
5,37,121,4,gpu
5,38,0,2,gpu
5,38,5,1,pim
5,38,8,3,gpu
5,38,10,2,gpu
5,38,11,2,gpu
5,38,17,1,pim
5,38,27,1,pim
5,38,28,4,gpu
5,38,36,1,pim
5,38,48,1,pim
5,38,51,2,gpu
5,38,52,1,pim
5,38,53,1,pim
5,38,55,6,gpu
5,38,57,1,pim
5,38,58,4,gpu
5,38,64,1,pim
5,38,66,1,pim
5,38,75,1,pim
5,38,79,1,pim
5,38,80,1,pim
5,38,84,4,gpu
5,38,85,1,pim
5,38,86,1,pim
5,38,88,1,pim
5,38,89,1,pim
5,38,93,1,pim
5,38,95,1,pim
5,38,96,2,gpu
5,38,99,1,pim
5,38,100,1,pim
5,38,101,1,pim
5,38,105,1,pim
5,38,107,1,pim
5,38,108,2,gpu
5,38,110,1,pim
5,38,112,2,gpu
5,38,115,1,pim
5,38,117,1,pim
5,38,118,2,gpu
5,39,3,2,gpu
5,39,4,3,gpu
5,39,6,2,gpu
5,39,7,1,pim
5,39,10,3,gpu
5,39,18,1,pim
5,39,23,4,gpu
5,39,31,1,pim
5,39,34,1,pim
5,39,35,2,gpu
5,39,37,1,pim
5,39,40,1,pim
5,39,48,1,pim
5,39,49,1,pim
5,39,55,1,pim
5,39,56,3,gpu
5,39,57,2,gpu
5,39,59,5,gpu
5,39,60,1,pim
5,39,61,4,gpu
5,39,66,1,pim
5,39,69,1,pim
5,39,70,1,pim
5,39,76,3,gpu
5,39,78,1,pim
5,39,82,1,pim
5,39,85,1,pim
5,39,86,2,gpu
5,39,87,1,pim
5,39,91,1,pim
5,39,96,1,pim
5,39,98,1,pim
5,39,101,1,pim
5,39,113,1,pim
5,39,115,2,gpu
5,39,116,1,pim
5,39,120,1,pim
5,39,123,2,pim
5,39,127,1,pim
5,40,7,1,gpu
5,40,8,1,gpu
5,40,15,2,gpu
5,40,16,1,pim
5,40,17,1,pim
5,40,18,3,gpu
5,40,19,2,gpu
5,40,20,4,gpu
5,40,21,1,pim
5,40,22,1,pim
5,40,26,1,pim
5,40,36,2,gpu
5,40,38,1,pim
5,40,40,1,pim
5,40,41,1,pim
5,40,43,3,gpu
5,40,50,1,pim
5,40,51,1,pim
5,40,52,2,gpu
5,40,53,1,pim
5,40,59,1,pim
5,40,60,1,pim
5,40,64,1,pim
5,40,67,2,gpu
5,40,73,1,pim
5,40,78,1,pim
5,40,79,1,pim
5,40,80,1,pim
5,40,81,1,pim
5,40,83,1,pim
5,40,84,4,gpu
5,40,99,1,pim
5,40,102,1,pim
5,40,103,1,pim
5,40,105,2,gpu
5,40,111,1,pim
5,40,115,4,gpu
5,40,119,1,pim
5,40,121,4,gpu
5,40,123,1,pim
5,40,124,1,pim
5,40,127,1,pim
5,41,0,1,pim
5,41,1,2,gpu
5,41,2,1,pim
5,41,6,1,pim
5,41,14,4,gpu
5,41,15,2,gpu
5,41,19,1,pim
5,41,20,2,gpu
5,41,21,1,pim
5,41,23,1,pim
5,41,35,1,pim
5,41,41,1,pim
5,41,42,1,pim
5,41,43,1,pim
5,41,45,4,gpu
5,41,47,1,pim
5,41,52,2,gpu
5,41,53,1,pim
5,41,55,1,pim
5,41,61,2,gpu
5,41,62,1,pim
5,41,66,1,pim
5,41,68,1,pim
5,41,69,1,pim
5,41,71,1,pim
5,41,72,1,pim
5,41,78,1,pim
5,41,79,1,pim
5,41,83,2,gpu
5,41,90,2,gpu
5,41,91,1,pim
5,41,97,4,gpu
5,41,102,3,gpu
5,41,103,2,gpu
5,41,112,2,gpu
5,41,113,1,pim
5,41,116,1,pim
5,41,117,3,gpu
5,41,120,1,pim
5,41,121,1,pim
5,41,126,1,pim
5,41,127,1,pim
5,42,5,3,gpu
5,42,6,1,pim
5,42,7,1,pim
5,42,16,1,pim
5,42,18,2,gpu
5,42,19,1,pim
5,42,21,3,gpu
5,42,22,1,pim
5,42,23,1,pim
5,42,24,1,pim
5,42,29,1,pim
5,42,32,4,gpu
5,42,34,2,gpu
5,42,36,3,gpu
5,42,37,1,pim
5,42,38,1,pim
5,42,41,3,gpu
5,42,54,2,gpu
5,42,56,1,pim
5,42,59,1,pim
5,42,64,1,pim
5,42,65,4,gpu
5,42,68,1,pim
5,42,71,2,gpu
5,42,73,1,pim
5,42,74,2,gpu
5,42,76,2,pim
5,42,93,2,pim
5,42,98,1,pim
5,42,101,4,gpu
5,42,102,1,pim
5,42,109,1,pim
5,42,115,2,pim
5,42,119,3,gpu
5,42,123,1,pim
5,42,125,1,pim
5,42,126,1,pim
5,43,4,4,gpu
5,43,5,1,pim
5,43,6,3,gpu
5,43,8,1,pim
5,43,9,1,pim
5,43,16,1,pim
5,43,19,1,pim
5,43,20,3,gpu
5,43,26,2,gpu
5,43,29,1,pim
5,43,31,1,pim
5,43,36,2,gpu
5,43,37,1,pim
5,43,40,3,gpu
5,43,41,1,pim
5,43,42,1,pim
5,43,43,3,gpu
5,43,45,3,gpu
5,43,47,1,pim
5,43,49,1,pim
5,43,52,1,pim
5,43,54,1,pim
5,43,59,1,pim
5,43,60,2,gpu
5,43,65,1,pim
5,43,71,1,pim
5,43,78,3,gpu
5,43,81,1,pim
5,43,83,1,pim
5,43,87,3,gpu
5,43,88,1,pim
5,43,89,1,pim
5,43,90,1,pim
5,43,97,1,pim
5,43,102,2,gpu
5,43,104,1,pim
5,43,105,1,pim
5,43,107,1,pim
5,43,112,1,pim
5,43,127,4,gpu
5,44,0,1,pim
5,44,1,1,pim
5,44,3,1,pim
5,44,6,1,pim
5,44,13,1,pim
5,44,18,2,gpu
5,44,20,2,gpu
5,44,22,1,pim
5,44,30,3,gpu
5,44,31,1,pim
5,44,32,1,pim
5,44,33,1,pim
5,44,36,2,gpu
5,44,37,1,pim
5,44,38,2,gpu
5,44,45,2,gpu
5,44,48,1,pim
5,44,53,1,pim
5,44,54,3,gpu
5,44,56,1,pim
5,44,65,1,pim
5,44,68,1,pim
5,44,69,2,gpu
5,44,71,4,gpu
5,44,73,1,pim
5,44,76,1,pim
5,44,79,2,gpu
5,44,80,1,pim
5,44,81,2,gpu
5,44,83,1,pim
5,44,84,1,pim
5,44,88,1,pim
5,44,90,1,pim
5,44,92,3,gpu
5,44,98,2,gpu
5,44,106,1,pim
5,44,107,2,gpu
5,44,113,2,gpu
5,44,116,1,pim
5,44,118,1,pim
5,44,119,1,pim
5,44,121,2,pim
5,44,123,1,pim
5,45,1,2,gpu
5,45,2,1,pim
5,45,4,1,pim
5,45,7,3,gpu
5,45,11,1,pim
5,45,12,2,gpu
5,45,15,1,pim
5,45,17,1,pim
5,45,20,1,pim
5,45,22,1,pim
5,45,27,1,pim
5,45,28,1,pim
5,45,32,1,pim
5,45,35,1,pim
5,45,37,1,pim
5,45,42,2,gpu
5,45,44,1,pim
5,45,46,2,gpu
5,45,56,1,pim
5,45,63,3,gpu
5,45,66,1,pim
5,45,70,3,gpu
5,45,74,1,pim
5,45,80,3,gpu
5,45,81,1,pim
5,45,82,1,pim
5,45,84,4,gpu
5,45,85,1,pim
5,45,87,1,pim
5,45,89,1,pim
5,45,92,1,pim
5,45,94,1,pim
5,45,100,1,pim
5,45,101,1,pim
5,45,103,3,gpu
5,45,107,1,pim
5,45,111,4,gpu
5,45,112,2,gpu
5,45,118,1,pim
5,45,123,1,pim
5,45,127,3,gpu
5,46,6,1,pim
5,46,7,1,pim
5,46,8,3,gpu
5,46,11,1,pim
5,46,19,1,pim
5,46,22,1,pim
5,46,25,1,pim
5,46,28,1,pim
5,46,29,1,pim
5,46,30,1,pim
5,46,31,2,gpu
5,46,34,1,pim
5,46,36,1,pim
5,46,38,1,pim
5,46,39,2,gpu
5,46,44,1,pim
5,46,47,2,gpu
5,46,52,1,pim
5,46,60,1,pim
5,46,61,1,pim
5,46,67,2,gpu
5,46,68,3,gpu
5,46,74,1,pim
5,46,75,4,gpu
5,46,80,4,gpu
5,46,82,1,pim
5,46,83,1,pim
5,46,91,2,gpu
5,46,92,1,pim
5,46,97,2,gpu
5,46,98,3,gpu
5,46,104,1,pim
5,46,105,2,gpu
5,46,110,1,pim
5,46,114,2,gpu
5,46,115,3,gpu
5,46,117,2,pim
5,46,118,1,pim
5,46,119,1,pim
5,46,124,1,pim
5,46,127,1,pim
5,47,2,1,pim
5,47,20,1,pim
5,47,26,1,pim
5,47,27,2,gpu
5,47,32,6,gpu
5,47,34,6,gpu
5,47,35,2,gpu
5,47,36,1,pim
5,47,47,4,gpu
5,47,52,2,gpu
5,47,55,1,pim
5,47,59,1,pim
5,47,62,1,pim
5,47,66,2,gpu
5,47,71,2,gpu
5,47,73,2,gpu
5,47,77,1,pim
5,47,78,1,pim
5,47,79,1,pim
5,47,85,1,pim
5,47,86,1,pim
5,47,88,3,gpu
5,47,90,1,pim
5,47,95,2,pim
5,47,99,1,pim
5,47,101,1,pim
5,47,111,1,pim
5,47,117,5,gpu
5,47,120,1,pim
5,47,123,4,gpu
5,47,124,1,pim
5,47,125,1,pim
5,47,126,2,pim
5,47,127,1,pim
6,0,12,1,gpu
6,0,17,3,gpu
6,0,21,1,gpu
6,0,23,1,pim
6,0,25,1,pim
6,0,27,1,pim
6,0,28,1,pim
6,0,30,1,pim
6,0,34,2,gpu
6,0,37,1,pim
6,0,41,1,pim
6,0,47,1,pim
6,0,48,2,gpu
6,0,49,1,pim
6,0,50,1,pim
6,0,51,2,gpu
6,0,54,1,pim
6,0,57,2,gpu
6,0,60,1,pim
6,0,61,1,pim
6,0,62,1,pim
6,0,63,1,pim
6,0,67,1,pim
6,0,71,3,gpu
6,0,72,1,pim
6,0,77,1,pim
6,0,78,1,pim
6,0,79,1,pim
6,0,86,1,pim
6,0,87,1,pim
6,0,91,1,pim
6,0,101,2,gpu
6,0,103,1,pim
6,0,105,2,gpu
6,0,106,4,gpu
6,0,110,3,gpu
6,0,112,2,gpu
6,0,115,1,pim
6,0,116,1,pim
6,0,118,1,pim
6,0,119,1,pim
6,0,121,1,pim
6,0,123,2,gpu
6,0,124,1,pim
6,0,125,1,pim
6,0,127,2,gpu
6,1,3,2,gpu
6,1,4,1,pim
6,1,8,1,pim
6,1,9,3,gpu
6,1,10,1,pim
6,1,15,1,pim
6,1,16,2,gpu
6,1,20,2,gpu
6,1,22,1,pim
6,1,29,2,gpu
6,1,39,2,gpu
6,1,45,1,pim
6,1,46,2,gpu
6,1,48,2,gpu
6,1,53,1,pim
6,1,62,1,pim
6,1,68,1,pim
6,1,71,2,gpu
6,1,75,4,gpu
6,1,76,2,gpu
6,1,78,1,pim
6,1,85,1,pim
6,1,86,1,pim
6,1,88,3,gpu
6,1,90,1,pim
6,1,91,3,gpu
6,1,92,1,pim
6,1,95,1,pim
6,1,98,2,gpu
6,1,99,2,gpu
6,1,105,1,pim
6,1,107,1,pim
6,1,110,1,pim
6,1,113,1,pim
6,1,114,2,pim
6,1,115,1,pim
6,1,116,1,pim
6,1,118,1,pim
6,1,119,1,pim
6,1,120,1,pim
6,1,123,1,pim
6,1,125,1,pim
6,1,126,1,pim
6,2,0,2,gpu
6,2,2,1,pim
6,2,6,1,pim
6,2,7,3,gpu
6,2,8,1,pim
6,2,9,1,pim
6,2,10,1,pim
6,2,14,1,pim
6,2,15,2,gpu
6,2,23,1,pim
6,2,25,1,pim
6,2,26,1,pim
6,2,35,1,pim
6,2,39,1,pim
6,2,45,2,gpu
6,2,47,6,gpu
6,2,50,1,pim
6,2,52,1,pim
6,2,54,1,pim
6,2,66,2,gpu
6,2,67,2,gpu
6,2,68,1,pim
6,2,69,2,gpu
6,2,70,1,pim
6,2,71,1,pim
6,2,72,1,pim
6,2,76,2,gpu
6,2,87,1,pim
6,2,90,3,gpu
6,2,91,1,pim
6,2,100,1,pim
6,2,107,1,pim
6,2,115,1,pim
6,2,119,1,pim
6,2,121,2,gpu
6,2,122,4,gpu
6,2,123,4,gpu
6,2,125,2,pim
6,2,126,2,pim
6,3,1,1,gpu
6,3,3,2,gpu
6,3,4,1,pim
6,3,5,1,pim
6,3,9,1,pim
6,3,10,4,gpu
6,3,12,1,pim
6,3,16,6,gpu
6,3,24,1,pim
6,3,25,1,pim
6,3,26,2,gpu
6,3,27,1,pim
6,3,29,1,pim
6,3,35,1,pim
6,3,37,1,pim
6,3,39,1,pim
6,3,40,2,gpu
6,3,41,1,pim
6,3,43,1,pim
6,3,47,1,pim
6,3,53,2,gpu
6,3,57,1,pim
6,3,59,1,pim
6,3,62,1,pim
6,3,76,1,pim
6,3,77,3,gpu
6,3,79,1,pim
6,3,82,1,pim
6,3,84,4,gpu
6,3,90,2,gpu
6,3,91,1,pim
6,3,92,1,pim
6,3,94,1,pim
6,3,97,4,gpu
6,3,98,1,pim
6,3,107,1,pim
6,3,109,1,pim
6,3,112,1,pim
6,3,115,1,pim
6,3,122,2,gpu
6,3,127,2,gpu
6,4,0,1,gpu
6,4,1,1,gpu
6,4,4,1,gpu
6,4,10,2,gpu
6,4,11,1,gpu
6,4,12,1,pim
6,4,13,1,pim
6,4,18,1,pim
6,4,20,1,pim
6,4,21,1,pim
6,4,22,1,pim
6,4,25,1,pim
6,4,27,1,pim
6,4,29,2,gpu
6,4,30,1,pim
6,4,32,1,pim
6,4,36,1,pim
6,4,37,3,gpu
6,4,47,1,pim
6,4,48,2,gpu
6,4,51,1,pim
6,4,52,2,gpu
6,4,54,1,pim
6,4,63,4,gpu
6,4,70,1,pim
6,4,74,1,pim
6,4,77,6,gpu
6,4,78,1,pim
6,4,81,1,pim
6,4,82,1,pim
6,4,84,1,pim
6,4,87,1,pim
6,4,93,1,pim
6,4,94,1,pim
6,4,97,1,pim
6,4,104,2,gpu
6,4,105,3,gpu
6,4,108,1,pim
6,4,110,1,pim
6,4,111,4,gpu
6,4,114,1,pim
6,4,116,1,pim
6,4,118,1,pim
6,4,123,1,pim
6,5,1,1,gpu
6,5,7,1,gpu
6,5,9,1,gpu
6,5,10,1,pim
6,5,11,1,pim
6,5,12,1,pim
6,5,13,2,gpu
6,5,17,3,gpu
6,5,18,1,pim
6,5,24,1,pim
6,5,25,1,pim
6,5,34,1,pim
6,5,37,1,pim
6,5,44,1,pim
6,5,48,1,pim
6,5,51,3,gpu
6,5,53,1,pim
6,5,54,3,gpu
6,5,56,3,gpu
6,5,57,1,pim
6,5,58,1,pim
6,5,64,1,pim
6,5,68,1,pim
6,5,71,1,pim
6,5,76,1,pim
6,5,78,1,pim
6,5,79,1,pim
6,5,80,1,pim
6,5,82,1,pim
6,5,85,1,pim
6,5,86,1,pim
6,5,90,1,pim
6,5,92,1,pim
6,5,95,2,gpu
6,5,96,1,pim
6,5,99,1,pim
6,5,102,4,gpu
6,5,103,1,pim
6,5,105,4,gpu
6,5,107,1,pim
6,5,110,1,pim
6,5,111,2,gpu
6,5,117,3,gpu
6,5,126,2,gpu
6,6,4,1,pim
6,6,8,4,gpu
6,6,13,2,gpu
6,6,14,2,gpu
6,6,16,1,pim
6,6,18,2,gpu
6,6,21,1,pim
6,6,25,1,pim
6,6,27,2,gpu
6,6,30,4,gpu
6,6,32,2,gpu
6,6,34,3,gpu
6,6,40,1,pim
6,6,41,1,pim
6,6,45,1,pim
6,6,46,1,pim
6,6,48,2,gpu
6,6,51,1,pim
6,6,54,1,pim
6,6,55,1,pim
6,6,56,2,gpu
6,6,63,2,gpu
6,6,64,1,pim
6,6,71,2,gpu
6,6,74,1,pim
6,6,75,1,pim
6,6,80,2,gpu
6,6,81,1,pim
6,6,85,1,pim
6,6,86,2,gpu
6,6,88,1,pim
6,6,90,1,pim
6,6,93,2,gpu
6,6,96,2,pim
6,6,100,2,pim
6,6,101,1,pim
6,6,102,1,pim
6,6,109,1,pim
6,6,110,1,pim
6,6,113,1,pim
6,6,123,2,pim
6,7,0,1,pim
6,7,3,3,gpu
6,7,5,2,gpu
6,7,6,1,pim
6,7,9,2,gpu
6,7,18,2,gpu
6,7,21,1,pim
6,7,25,1,pim
6,7,27,1,pim
6,7,28,2,gpu
6,7,34,1,pim
6,7,38,1,pim
6,7,39,2,gpu
6,7,43,1,pim
6,7,45,1,pim
6,7,48,1,pim
6,7,50,1,pim
6,7,51,1,pim
6,7,53,1,pim
6,7,58,1,pim
6,7,60,4,gpu
6,7,62,1,pim
6,7,63,1,pim
6,7,67,1,pim
6,7,70,1,pim
6,7,71,1,pim
6,7,72,1,pim
6,7,73,2,gpu
6,7,78,1,pim
6,7,79,1,pim
6,7,81,1,pim
6,7,87,1,pim
6,7,91,3,gpu
6,7,95,1,pim
6,7,97,2,gpu
6,7,98,4,gpu
6,7,103,1,pim
6,7,104,2,gpu
6,7,106,1,pim
6,7,109,3,gpu
6,7,115,1,pim
6,7,117,2,gpu
6,7,125,1,pim
6,8,2,1,pim
6,8,3,1,pim
6,8,6,1,pim
6,8,8,1,pim
6,8,14,2,gpu
6,8,15,2,gpu
6,8,19,1,pim
6,8,20,1,pim
6,8,26,2,gpu
6,8,28,4,gpu
6,8,29,1,pim
6,8,35,1,pim
6,8,38,6,gpu
6,8,41,1,pim
6,8,43,3,gpu
6,8,44,1,pim
6,8,46,1,pim
6,8,47,1,pim
6,8,54,1,pim
6,8,56,2,gpu
6,8,57,1,pim
6,8,59,2,gpu
6,8,63,1,pim
6,8,64,1,pim
6,8,74,1,pim
6,8,89,1,pim
6,8,90,2,gpu
6,8,95,1,pim
6,8,100,1,pim
6,8,101,1,pim
6,8,103,3,gpu
6,8,105,1,pim
6,8,106,1,pim
6,8,109,2,gpu
6,8,111,1,pim
6,8,114,1,pim
6,8,116,3,gpu
6,8,117,2,gpu
6,8,126,2,gpu
6,8,127,2,pim
6,9,0,1,pim
6,9,10,6,gpu
6,9,12,1,pim
6,9,21,1,pim
6,9,22,3,gpu
6,9,27,1,pim
6,9,32,2,gpu
6,9,33,1,pim
6,9,37,1,pim
6,9,43,1,pim
6,9,45,2,gpu
6,9,46,1,pim
6,9,47,1,pim
6,9,48,3,gpu
6,9,49,2,gpu
6,9,54,1,pim
6,9,56,1,pim
6,9,57,1,pim
6,9,59,1,pim
6,9,61,1,pim
6,9,66,1,pim
6,9,69,1,pim
6,9,70,1,pim
6,9,72,1,pim
6,9,74,1,pim
6,9,75,1,pim
6,9,77,2,gpu
6,9,78,1,pim
6,9,79,1,pim
6,9,80,1,pim
6,9,87,1,pim
6,9,94,1,pim
6,9,96,1,pim
6,9,99,1,pim
6,9,102,2,gpu
6,9,103,3,gpu
6,9,104,3,gpu
6,9,112,3,gpu
6,9,114,2,gpu
6,9,117,3,gpu
6,9,124,1,pim
6,10,3,1,pim
6,10,5,1,pim
6,10,8,1,pim
6,10,13,1,pim
6,10,14,1,pim
6,10,16,1,pim
6,10,19,1,pim
6,10,23,2,gpu
6,10,30,2,gpu
6,10,32,1,pim
6,10,37,1,pim
6,10,39,1,pim
6,10,41,1,pim
6,10,45,2,gpu
6,10,50,1,pim
6,10,53,6,gpu
6,10,56,1,pim
6,10,64,3,gpu
6,10,65,1,pim
6,10,69,1,pim
6,10,70,1,pim
6,10,75,2,gpu
6,10,76,2,gpu
6,10,80,3,gpu
6,10,81,1,pim
6,10,83,3,gpu
6,10,86,1,pim
6,10,97,2,gpu
6,10,98,1,pim
6,10,103,2,gpu
6,10,104,2,gpu
6,10,107,1,pim
6,10,108,3,gpu
6,10,109,1,pim
6,10,110,1,pim
6,10,112,1,pim
6,10,116,1,pim
6,10,117,1,pim
6,10,119,1,pim
6,10,120,1,pim
6,10,123,2,gpu
6,10,126,1,pim
6,11,0,2,gpu
6,11,7,2,gpu
6,11,8,2,gpu
6,11,10,2,gpu
6,11,13,4,gpu
6,11,16,2,gpu
6,11,21,4,gpu
6,11,28,1,pim
6,11,30,1,pim
6,11,37,1,pim
6,11,39,1,pim
6,11,40,1,pim
6,11,41,1,pim
6,11,47,2,gpu
6,11,50,1,pim
6,11,60,1,pim
6,11,62,1,pim
6,11,63,1,pim
6,11,64,2,gpu
6,11,65,1,pim
6,11,67,3,gpu
6,11,68,1,pim
6,11,69,1,pim
6,11,78,2,gpu
6,11,82,4,gpu
6,11,86,1,pim
6,11,87,1,pim
6,11,89,2,gpu
6,11,90,1,pim
6,11,92,1,pim
6,11,101,1,pim
6,11,102,2,pim
6,11,107,1,pim
6,11,109,3,gpu
6,11,110,1,pim
6,11,113,1,pim
6,11,114,1,pim
6,11,116,1,pim
6,11,122,1,pim
6,11,126,1,pim
6,11,127,1,pim
6,12,0,1,gpu
6,12,2,2,gpu
6,12,9,3,gpu
6,12,17,1,gpu
6,12,20,1,pim
6,12,21,1,pim
6,12,23,1,pim
6,12,25,1,pim
6,12,26,1,pim
6,12,28,1,pim
6,12,31,1,pim
6,12,32,1,pim
6,12,34,1,pim
6,12,38,1,pim
6,12,42,1,pim
6,12,43,1,pim
6,12,46,1,pim
6,12,47,1,pim
6,12,49,1,pim
6,12,50,1,pim
6,12,53,1,pim
6,12,56,3,gpu
6,12,58,2,gpu
6,12,60,1,pim
6,12,61,2,gpu
6,12,63,2,gpu
6,12,65,1,pim
6,12,68,3,gpu
6,12,72,1,pim
6,12,76,1,pim
6,12,79,1,pim
6,12,82,1,pim
6,12,87,1,pim
6,12,91,1,pim
6,12,95,2,gpu
6,12,100,1,pim
6,12,102,1,pim
6,12,104,1,pim
6,12,105,1,pim
6,12,110,3,gpu
6,12,113,2,gpu
6,12,115,1,pim
6,12,116,2,gpu
6,12,118,1,pim
6,12,119,2,gpu
6,12,120,3,gpu
6,13,0,1,gpu
6,13,7,1,gpu
6,13,9,1,gpu
6,13,10,1,gpu
6,13,12,1,gpu
6,13,16,1,gpu
6,13,21,1,pim
6,13,25,1,pim
6,13,26,1,pim
6,13,31,1,pim
6,13,32,1,pim
6,13,36,1,pim
6,13,39,1,pim
6,13,40,1,pim
6,13,41,1,pim
6,13,42,4,gpu
6,13,44,1,pim
6,13,49,1,pim
6,13,52,1,pim
6,13,55,3,gpu
6,13,58,1,pim
6,13,64,3,gpu
6,13,65,1,pim
6,13,66,4,gpu
6,13,70,2,gpu
6,13,74,1,pim
6,13,75,1,pim
6,13,77,3,gpu
6,13,78,1,pim
6,13,82,1,pim
6,13,83,1,pim
6,13,95,1,pim
6,13,97,1,pim
6,13,101,1,pim
6,13,102,1,pim
6,13,103,1,pim
6,13,104,4,gpu
6,13,109,1,pim
6,13,113,3,gpu
6,13,119,2,gpu
6,13,122,1,pim
6,13,123,1,pim
6,13,124,1,pim
6,13,125,1,pim
6,13,127,1,pim
6,14,0,1,gpu
6,14,5,1,pim
6,14,6,1,pim
6,14,8,3,gpu
6,14,10,1,pim
6,14,11,1,pim
6,14,16,1,pim
6,14,18,1,pim
6,14,19,1,pim
6,14,26,1,pim
6,14,29,1,pim
6,14,39,2,gpu
6,14,47,2,gpu
6,14,52,1,pim
6,14,55,3,gpu
6,14,57,1,pim
6,14,58,1,pim
6,14,59,1,pim
6,14,63,1,pim
6,14,64,1,pim
6,14,66,2,gpu
6,14,71,1,pim
6,14,73,1,pim
6,14,75,1,pim
6,14,76,1,pim
6,14,80,1,pim
6,14,82,1,pim
6,14,84,3,gpu
6,14,88,1,pim
6,14,89,1,pim
6,14,90,2,gpu
6,14,93,1,pim
6,14,95,2,gpu
6,14,96,2,gpu
6,14,99,1,pim
6,14,100,2,gpu
6,14,102,1,pim
6,14,105,4,gpu
6,14,107,2,gpu
6,14,108,2,gpu
6,14,109,1,pim
6,14,110,2,gpu
6,14,117,1,pim
6,14,120,1,pim
6,14,122,1,pim
6,15,2,1,gpu
6,15,3,1,gpu
6,15,6,3,gpu
6,15,7,1,pim
6,15,10,5,gpu
6,15,14,1,pim
6,15,16,2,gpu
6,15,20,1,pim
6,15,23,1,pim
6,15,30,1,pim
6,15,31,3,gpu
6,15,33,1,pim
6,15,35,2,gpu
6,15,36,1,pim
6,15,37,1,pim
6,15,38,1,pim
6,15,47,1,pim
6,15,49,1,pim
6,15,51,1,pim
6,15,56,3,gpu
6,15,59,4,gpu
6,15,60,1,pim
6,15,61,1,pim
6,15,66,1,pim
6,15,69,2,gpu
6,15,70,1,pim
6,15,76,3,gpu
6,15,77,1,pim
6,15,82,1,pim
6,15,86,1,pim
6,15,87,1,pim
6,15,90,2,gpu
6,15,91,1,pim
6,15,92,1,pim
6,15,93,1,pim
6,15,95,2,gpu
6,15,104,1,pim
6,15,114,1,pim
6,15,115,1,pim
6,15,116,1,pim
6,15,120,1,pim
6,15,123,2,gpu
6,15,127,1,pim
6,16,7,1,gpu
6,16,12,2,gpu
6,16,13,1,pim
6,16,15,1,pim
6,16,16,1,pim
6,16,17,1,pim
6,16,18,2,gpu
6,16,19,2,gpu
6,16,22,1,pim
6,16,24,1,pim
6,16,26,1,pim
6,16,29,1,pim
6,16,30,1,pim
6,16,31,1,pim
6,16,39,1,pim
6,16,40,1,pim
6,16,41,1,pim
6,16,43,2,gpu
6,16,48,1,pim
6,16,50,2,gpu
6,16,51,2,gpu
6,16,52,2,gpu
6,16,53,1,pim
6,16,59,1,pim
6,16,60,1,pim
6,16,64,1,pim
6,16,67,2,gpu
6,16,68,1,pim
6,16,77,1,pim
6,16,78,1,pim
6,16,79,1,pim
6,16,80,1,pim
6,16,81,1,pim
6,16,83,1,pim
6,16,84,3,gpu
6,16,87,1,pim
6,16,91,1,pim
6,16,102,1,pim
6,16,103,2,gpu
6,16,105,2,gpu
6,16,106,1,pim
6,16,109,2,gpu
6,16,110,1,pim
6,16,115,4,gpu
6,16,119,3,gpu
6,16,121,1,pim
6,17,0,1,gpu
6,17,1,1,gpu
6,17,2,3,gpu
6,17,15,1,gpu
6,17,18,2,gpu
6,17,20,1,gpu
6,17,21,1,gpu
6,17,23,1,pim
6,17,26,1,pim
6,17,29,1,pim
6,17,35,4,gpu
6,17,39,1,pim
6,17,41,1,pim
6,17,52,1,pim
6,17,53,1,pim
6,17,54,1,pim
6,17,55,1,pim
6,17,64,1,pim
6,17,65,1,pim
6,17,66,4,gpu
6,17,68,1,pim
6,17,71,1,pim
6,17,75,1,pim
6,17,78,1,pim
6,17,79,1,pim
6,17,80,1,pim
6,17,83,3,gpu
6,17,84,1,pim
6,17,86,1,pim
6,17,89,1,pim
6,17,90,1,pim
6,17,91,1,pim
6,17,92,1,pim
6,17,98,1,pim
6,17,99,1,pim
6,17,102,2,gpu
6,17,103,3,gpu
6,17,105,1,pim
6,17,106,1,pim
6,17,107,1,pim
6,17,113,1,pim
6,17,116,3,gpu
6,17,117,2,gpu
6,17,120,2,gpu
6,17,121,1,pim
6,17,122,1,pim
6,18,8,5,gpu
6,18,12,2,gpu
6,18,21,1,pim
6,18,25,1,pim
6,18,26,1,pim
6,18,27,2,gpu
6,18,30,4,gpu
6,18,32,3,gpu
6,18,34,2,gpu
6,18,40,1,pim
6,18,44,1,pim
6,18,45,1,pim
6,18,50,1,pim
6,18,51,2,gpu
6,18,52,1,pim
6,18,53,1,pim
6,18,54,1,pim
6,18,56,2,gpu
6,18,59,1,pim
6,18,63,1,pim
6,18,64,1,pim
6,18,65,1,pim
6,18,68,1,pim
6,18,71,1,pim
6,18,74,1,pim
6,18,75,2,gpu
6,18,78,1,pim
6,18,80,1,pim
6,18,81,1,pim
6,18,84,1,pim
6,18,85,3,gpu
6,18,86,1,pim
6,18,90,1,pim
6,18,93,2,gpu
6,18,96,1,pim
6,18,100,2,gpu
6,18,102,2,gpu
6,18,107,1,pim
6,18,110,2,gpu
6,18,113,1,pim
6,18,122,1,pim
6,18,123,2,pim
6,19,0,1,pim
6,19,3,2,gpu
6,19,6,1,pim
6,19,9,3,gpu
6,19,18,1,pim
6,19,19,1,pim
6,19,24,1,pim
6,19,25,1,pim
6,19,28,2,gpu
6,19,31,1,pim
6,19,32,1,pim
6,19,34,2,gpu
6,19,38,1,pim
6,19,39,1,pim
6,19,43,2,gpu
6,19,44,2,gpu
6,19,45,1,pim
6,19,48,1,pim
6,19,51,1,pim
6,19,59,2,gpu
6,19,60,2,gpu
6,19,62,1,pim
6,19,63,1,pim
6,19,67,2,gpu
6,19,71,1,pim
6,19,73,2,gpu
6,19,75,1,pim
6,19,78,1,pim
6,19,79,2,gpu
6,19,81,2,gpu
6,19,87,1,pim
6,19,91,1,pim
6,19,97,1,pim
6,19,98,3,gpu
6,19,101,1,pim
6,19,103,1,pim
6,19,104,1,pim
6,19,106,1,pim
6,19,109,3,gpu
6,19,110,1,pim
6,19,112,1,pim
6,19,115,1,pim
6,19,117,2,gpu
6,19,118,1,pim
6,19,119,1,pim
6,19,125,1,pim
6,20,2,1,gpu
6,20,3,2,gpu
6,20,4,1,pim
6,20,6,1,pim
6,20,7,1,pim
6,20,8,1,pim
6,20,9,1,pim
6,20,14,3,gpu
6,20,15,3,gpu
6,20,26,1,pim
6,20,28,1,pim
6,20,38,7,gpu
6,20,41,1,pim
6,20,42,2,gpu
6,20,43,4,gpu
6,20,46,2,gpu
6,20,54,1,pim
6,20,56,1,pim
6,20,57,2,gpu
6,20,59,1,pim
6,20,63,1,pim
6,20,64,1,pim
6,20,65,1,pim
6,20,68,1,pim
6,20,72,1,pim
6,20,74,1,pim
6,20,82,1,pim
6,20,89,1,pim
6,20,90,1,pim
6,20,95,1,pim
6,20,101,1,pim
6,20,103,2,gpu
6,20,105,1,pim
6,20,106,2,gpu
6,20,111,1,pim
6,20,116,5,gpu
6,20,117,1,pim
6,20,124,1,pim
6,20,126,1,pim
6,20,127,2,gpu
6,21,0,2,gpu
6,21,2,1,pim
6,21,10,5,gpu
6,21,19,1,pim
6,21,22,1,pim
6,21,32,1,pim
6,21,33,1,pim
6,21,45,2,gpu
6,21,46,1,pim
6,21,48,1,pim
6,21,49,2,gpu
6,21,54,1,pim
6,21,56,1,pim
6,21,57,1,pim
6,21,59,1,pim
6,21,64,1,pim
6,21,68,1,pim
6,21,69,1,pim
6,21,70,1,pim
6,21,74,1,pim
6,21,75,1,pim
6,21,77,2,gpu
6,21,78,1,pim
6,21,80,1,pim
6,21,83,2,gpu
6,21,84,1,pim
6,21,85,1,pim
6,21,87,2,gpu
6,21,94,1,pim
6,21,96,2,gpu
6,21,102,2,gpu
6,21,106,1,pim
6,21,111,2,gpu
6,21,112,3,gpu
6,21,113,2,gpu
6,21,114,3,gpu
6,21,116,1,pim
6,21,117,4,gpu
6,21,118,1,pim
6,21,122,1,pim
6,21,124,1,pim
6,21,127,2,pim
6,22,3,1,pim
6,22,5,2,gpu
6,22,9,1,pim
6,22,13,3,gpu
6,22,14,1,pim
6,22,20,1,pim
6,22,26,1,pim
6,22,30,2,gpu
6,22,39,1,pim
6,22,40,1,pim
6,22,41,1,pim
6,22,43,1,pim
6,22,45,2,gpu
6,22,50,1,pim
6,22,51,1,pim
6,22,53,3,gpu
6,22,54,1,pim
6,22,58,1,pim
6,22,62,2,gpu
6,22,66,1,pim
6,22,69,5,gpu
6,22,70,1,pim
6,22,75,1,pim
6,22,76,1,pim
6,22,80,2,gpu
6,22,81,1,pim
6,22,83,3,gpu
6,22,94,1,pim
6,22,98,5,gpu
6,22,104,2,gpu
6,22,108,3,gpu
6,22,109,1,pim
6,22,110,1,pim
6,22,111,1,pim
6,22,116,2,gpu
6,22,117,1,pim
6,22,119,2,pim
6,22,123,2,pim
6,22,126,1,pim
6,23,0,3,gpu
6,23,3,1,pim
6,23,4,1,pim
6,23,6,2,gpu
6,23,7,1,pim
6,23,8,1,pim
6,23,13,1,pim
6,23,21,5,gpu
6,23,28,2,gpu
6,23,29,1,pim
6,23,30,2,gpu
6,23,39,1,pim
6,23,40,1,pim
6,23,42,1,pim
6,23,48,1,pim
6,23,55,1,pim
6,23,57,1,pim
6,23,63,1,pim
6,23,64,2,gpu
6,23,65,1,pim
6,23,67,1,pim
6,23,69,2,gpu
6,23,78,1,pim
6,23,82,4,gpu
6,23,85,2,gpu
6,23,86,1,pim
6,23,89,1,pim
6,23,90,2,gpu
6,23,92,1,pim
6,23,96,2,gpu
6,23,97,1,pim
6,23,101,2,gpu
6,23,102,2,gpu
6,23,107,1,pim
6,23,109,2,gpu
6,23,113,1,pim
6,23,114,2,pim
6,23,115,2,pim
6,23,116,1,pim
6,23,121,1,pim
6,23,122,1,pim
6,23,125,1,pim
6,24,0,1,pim
6,24,2,1,pim
6,24,6,1,pim
6,24,8,1,pim
6,24,9,5,gpu
6,24,12,1,pim
6,24,17,1,pim
6,24,21,1,pim
6,24,26,2,gpu
6,24,38,1,pim
6,24,40,1,pim
6,24,42,1,pim
6,24,43,2,gpu
6,24,46,1,pim
6,24,47,1,pim
6,24,49,2,gpu
6,24,50,1,pim
6,24,53,1,pim
6,24,56,3,gpu
6,24,58,2,gpu
6,24,61,1,pim
6,24,63,1,pim
6,24,65,3,gpu
6,24,68,1,pim
6,24,72,1,pim
6,24,73,2,gpu
6,24,74,2,gpu
6,24,79,1,pim
6,24,82,1,pim
6,24,85,1,pim
6,24,95,1,pim
6,24,96,1,pim
6,24,97,1,pim
6,24,101,1,pim
6,24,102,1,pim
6,24,103,1,pim
6,24,105,1,pim
6,24,113,2,gpu
6,24,115,2,gpu
6,24,116,2,gpu
6,24,118,3,gpu
6,24,119,2,gpu
6,24,120,1,pim
6,24,124,1,pim
6,25,0,1,gpu
6,25,9,1,gpu
6,25,10,1,gpu
6,25,12,1,pim
6,25,16,1,pim
6,25,19,1,pim
6,25,20,1,pim
6,25,21,1,pim
6,25,26,2,gpu
6,25,27,2,gpu
6,25,32,1,pim
6,25,36,1,pim
6,25,39,1,pim
6,25,40,1,pim
6,25,41,1,pim
6,25,42,4,gpu
6,25,44,1,pim
6,25,49,1,pim
6,25,57,1,pim
6,25,58,1,pim
6,25,64,1,pim
6,25,65,1,pim
6,25,66,3,gpu
6,25,70,1,pim
6,25,74,1,pim
6,25,75,1,pim
6,25,77,2,gpu
6,25,78,2,gpu
6,25,82,2,gpu
6,25,83,1,pim
6,25,90,1,pim
6,25,91,2,gpu
6,25,93,1,pim
6,25,95,1,pim
6,25,99,1,pim
6,25,102,1,pim
6,25,103,1,pim
6,25,104,7,gpu
6,25,109,1,pim
6,25,113,3,gpu
6,25,115,1,pim
6,25,119,1,pim
6,25,123,1,pim
6,25,125,2,gpu
6,26,0,2,gpu
6,26,8,5,gpu
6,26,16,1,pim
6,26,17,1,pim
6,26,18,1,pim
6,26,26,1,pim
6,26,30,2,gpu
6,26,36,1,pim
6,26,39,1,pim
6,26,45,1,pim
6,26,47,2,gpu
6,26,55,4,gpu
6,26,57,1,pim
6,26,58,2,gpu
6,26,60,1,pim
6,26,64,1,pim
6,26,66,3,gpu
6,26,76,1,pim
6,26,80,1,pim
6,26,81,1,pim
6,26,82,2,gpu
6,26,84,1,pim
6,26,86,1,pim
6,26,88,1,pim
6,26,90,2,gpu
6,26,95,3,gpu
6,26,96,1,pim
6,26,98,1,pim
6,26,99,1,pim
6,26,100,2,gpu
6,26,102,1,pim
6,26,104,1,pim
6,26,105,3,gpu
6,26,107,3,gpu
6,26,109,1,pim
6,26,110,2,gpu
6,26,111,2,pim
6,26,117,1,pim
6,26,120,1,pim
6,26,122,1,pim
6,27,3,2,gpu
6,27,6,3,gpu
6,27,7,1,pim
6,27,10,3,gpu
6,27,14,2,gpu
6,27,16,3,gpu
6,27,20,1,pim
6,27,23,2,gpu
6,27,33,1,pim
6,27,35,2,gpu
6,27,36,1,pim
6,27,37,1,pim
6,27,46,2,gpu
6,27,48,2,gpu
6,27,49,1,pim
6,27,55,1,pim
6,27,56,2,gpu
6,27,58,1,pim
6,27,59,5,gpu
6,27,61,2,gpu
6,27,66,1,pim
6,27,69,1,pim
6,27,70,1,pim
6,27,71,2,gpu
6,27,76,3,gpu
6,27,77,1,pim
6,27,83,1,pim
6,27,86,1,pim
6,27,87,1,pim
6,27,89,1,pim
6,27,91,1,pim
6,27,92,1,pim
6,27,93,1,pim
6,27,95,1,pim
6,27,96,1,pim
6,27,101,1,pim
6,27,106,1,pim
6,27,114,1,pim
6,27,115,1,pim
6,27,120,2,pim
6,27,123,1,pim
6,27,127,1,pim
6,28,6,2,gpu
6,28,7,1,gpu
6,28,12,1,gpu
6,28,16,1,gpu
6,28,17,1,gpu
6,28,19,2,gpu
6,28,21,1,pim
6,28,23,1,pim
6,28,24,1,pim
6,28,26,1,pim
6,28,29,1,pim
6,28,30,1,pim
6,28,31,1,pim
6,28,35,1,pim
6,28,37,1,pim
6,28,39,1,pim
6,28,40,1,pim
6,28,41,2,gpu
6,28,43,1,pim
6,28,44,1,pim
6,28,50,2,gpu
6,28,51,2,gpu
6,28,52,1,pim
6,28,60,1,pim
6,28,64,1,pim
6,28,67,2,gpu
6,28,68,1,pim
6,28,72,1,pim
6,28,76,1,pim
6,28,77,1,pim
6,28,78,1,pim
6,28,80,1,pim
6,28,81,1,pim
6,28,83,1,pim
6,28,84,3,gpu
6,28,93,3,gpu
6,28,97,2,gpu
6,28,98,1,pim
6,28,103,1,pim
6,28,105,2,gpu
6,28,106,1,pim
6,28,109,1,pim
6,28,110,1,pim
6,28,115,2,gpu
6,28,119,3,gpu
6,28,120,1,pim
6,28,121,1,pim
6,28,126,1,pim
6,28,127,1,pim
6,29,0,1,gpu
6,29,1,1,gpu
6,29,2,3,gpu
6,29,6,2,gpu
6,29,15,1,pim
6,29,16,1,pim
6,29,18,2,gpu
6,29,20,1,pim
6,29,21,1,pim
6,29,23,1,pim
6,29,25,1,pim
6,29,35,2,gpu
6,29,39,1,pim
6,29,42,1,pim
6,29,43,1,pim
6,29,47,1,pim
6,29,52,1,pim
6,29,53,1,pim
6,29,54,1,pim
6,29,55,1,pim
6,29,63,1,pim
6,29,64,1,pim
6,29,65,1,pim
6,29,66,4,gpu
6,29,67,1,pim
6,29,68,1,pim
6,29,71,2,gpu
6,29,72,1,pim
6,29,73,1,pim
6,29,78,1,pim
6,29,79,2,gpu
6,29,83,2,gpu
6,29,84,1,pim
6,29,86,1,pim
6,29,91,1,pim
6,29,92,1,pim
6,29,98,1,pim
6,29,102,2,gpu
6,29,103,3,gpu
6,29,107,1,pim
6,29,113,1,pim
6,29,116,3,gpu
6,29,117,2,gpu
6,29,120,2,gpu
6,29,121,1,pim
6,29,123,1,pim
6,30,4,1,gpu
6,30,8,2,gpu
6,30,12,2,gpu
6,30,20,1,pim
6,30,21,2,gpu
6,30,25,1,pim
6,30,26,1,pim
6,30,27,2,gpu
6,30,29,1,pim
6,30,30,2,gpu
6,30,32,3,gpu
6,30,33,1,pim
6,30,34,1,pim
6,30,39,1,pim
6,30,40,1,pim
6,30,44,1,pim
6,30,45,1,pim
6,30,46,1,pim
6,30,50,1,pim
6,30,51,1,pim
6,30,54,1,pim
6,30,56,3,gpu
6,30,59,1,pim
6,30,63,2,gpu
6,30,64,1,pim
6,30,65,1,pim
6,30,71,1,pim
6,30,72,1,pim
6,30,74,3,gpu
6,30,78,1,pim
6,30,80,1,pim
6,30,81,1,pim
6,30,83,1,pim
6,30,85,2,gpu
6,30,86,1,pim
6,30,90,1,pim
6,30,93,2,gpu
6,30,96,2,gpu
6,30,97,1,pim
6,30,100,1,pim
6,30,102,3,gpu
6,30,105,1,pim
6,30,110,1,pim
6,30,118,1,pim
6,30,123,3,gpu
6,31,0,1,pim
6,31,3,2,gpu
6,31,6,1,pim
6,31,9,2,gpu
6,31,18,2,gpu
6,31,25,1,pim
6,31,28,2,gpu
6,31,29,1,pim
6,31,32,1,pim
6,31,34,1,pim
6,31,38,1,pim
6,31,44,2,gpu
6,31,45,1,pim
6,31,56,3,gpu
6,31,59,1,pim
6,31,60,2,gpu
6,31,62,1,pim
6,31,63,2,gpu
6,31,67,1,pim
6,31,71,1,pim
6,31,73,1,pim
6,31,74,1,pim
6,31,75,1,pim
6,31,78,2,gpu
6,31,79,1,pim
6,31,81,1,pim
6,31,82,1,pim
6,31,86,2,gpu
6,31,87,1,pim
6,31,88,1,pim
6,31,91,2,gpu
6,31,92,2,gpu
6,31,97,3,gpu
6,31,98,3,gpu
6,31,101,1,pim
6,31,103,1,pim
6,31,104,1,pim
6,31,106,2,gpu
6,31,107,1,pim
6,31,108,1,pim
6,31,109,1,pim
6,31,112,1,pim
6,31,117,2,pim
6,31,118,1,pim
6,31,122,1,pim
6,32,2,1,gpu
6,32,3,1,gpu
6,32,6,1,gpu
6,32,7,2,gpu
6,32,8,1,pim
6,32,9,2,gpu
6,32,15,2,gpu
6,32,20,1,pim
6,32,21,1,pim
6,32,26,1,pim
6,32,28,2,gpu
6,32,29,1,pim
6,32,38,5,gpu
6,32,40,1,pim
6,32,43,3,gpu
6,32,46,1,pim
6,32,54,1,pim
6,32,56,1,pim
6,32,57,2,gpu
6,32,58,1,pim
6,32,59,1,pim
6,32,63,1,pim
6,32,64,1,pim
6,32,65,1,pim
6,32,68,1,pim
6,32,69,1,pim
6,32,70,1,pim
6,32,72,1,pim
6,32,73,1,pim
6,32,74,1,pim
6,32,79,1,pim
6,32,82,1,pim
6,32,89,1,pim
6,32,90,1,pim
6,32,93,1,pim
6,32,95,1,pim
6,32,101,2,gpu
6,32,103,1,pim
6,32,105,1,pim
6,32,106,2,gpu
6,32,111,1,pim
6,32,116,3,gpu
6,32,117,1,pim
6,32,122,1,pim
6,32,126,3,gpu
6,32,127,2,gpu
6,33,2,1,gpu
6,33,10,4,gpu
6,33,12,1,gpu
6,33,19,1,gpu
6,33,22,2,gpu
6,33,23,1,gpu
6,33,27,1,gpu
6,33,32,2,gpu
6,33,33,1,pim
6,33,40,1,pim
6,33,41,1,pim
6,33,43,1,pim
6,33,45,2,gpu
6,33,46,1,pim
6,33,49,2,gpu
6,33,54,1,pim
6,33,56,1,pim
6,33,57,1,pim
6,33,61,2,gpu
6,33,64,1,pim
6,33,66,1,pim
6,33,68,1,pim
6,33,69,1,pim
6,33,74,1,pim
6,33,75,1,pim
6,33,76,1,pim
6,33,77,1,pim
6,33,78,1,pim
6,33,80,1,pim
6,33,81,1,pim
6,33,83,1,pim
6,33,87,1,pim
6,33,92,1,pim
6,33,93,1,pim
6,33,94,1,pim
6,33,99,1,pim
6,33,102,2,gpu
6,33,103,2,gpu
6,33,106,1,pim
6,33,112,3,gpu
6,33,113,1,pim
6,33,114,1,pim
6,33,116,1,pim
6,33,117,4,gpu
6,33,122,2,gpu
6,33,124,1,pim
6,33,125,1,pim
6,33,127,1,pim
6,34,0,1,pim
6,34,3,1,pim
6,34,5,2,gpu
6,34,7,1,pim
6,34,9,1,pim
6,34,13,1,pim
6,34,14,1,pim
6,34,18,1,pim
6,34,20,1,pim
6,34,21,1,pim
6,34,26,1,pim
6,34,30,2,gpu
6,34,37,1,pim
6,34,41,1,pim
6,34,43,1,pim
6,34,45,2,gpu
6,34,50,1,pim
6,34,56,1,pim
6,34,58,1,pim
6,34,66,2,gpu
6,34,68,1,pim
6,34,69,5,gpu
6,34,70,1,pim
6,34,76,2,gpu
6,34,78,1,pim
6,34,80,2,gpu
6,34,83,2,gpu
6,34,86,2,gpu
6,34,94,1,pim
6,34,96,1,pim
6,34,97,1,pim
6,34,98,5,gpu
6,34,103,1,pim
6,34,104,2,gpu
6,34,108,3,gpu
6,34,109,1,pim
6,34,110,2,gpu
6,34,116,1,pim
6,34,117,1,pim
6,34,119,2,gpu
6,34,123,1,pim
6,34,125,1,pim
6,34,126,1,pim
6,35,0,3,gpu
6,35,2,1,gpu
6,35,3,1,gpu
6,35,4,2,gpu
6,35,6,1,gpu
6,35,7,1,gpu
6,35,8,2,gpu
6,35,13,2,gpu
6,35,14,1,pim
6,35,21,4,gpu
6,35,28,3,gpu
6,35,29,1,pim
6,35,30,1,pim
6,35,34,1,pim
6,35,36,1,pim
6,35,39,1,pim
6,35,40,1,pim
6,35,41,1,pim
6,35,42,1,pim
6,35,50,1,pim
6,35,55,1,pim
6,35,57,1,pim
6,35,58,1,pim
6,35,63,1,pim
6,35,64,2,gpu
6,35,67,2,gpu
6,35,68,1,pim
6,35,69,1,pim
6,35,78,1,pim
6,35,80,1,pim
6,35,81,1,pim
6,35,86,1,pim
6,35,89,1,pim
6,35,90,2,gpu
6,35,92,1,pim
6,35,96,1,pim
6,35,97,1,pim
6,35,101,1,pim
6,35,102,1,pim
6,35,107,1,pim
6,35,109,2,gpu
6,35,113,2,gpu
6,35,114,1,pim
6,35,115,1,pim
6,35,116,2,gpu
6,35,122,1,pim
6,35,125,1,pim
6,35,126,1,pim
6,36,0,1,gpu
6,36,2,1,gpu
6,36,8,1,gpu
6,36,9,3,gpu
6,36,10,1,pim
6,36,16,1,pim
6,36,17,1,pim
6,36,24,1,pim
6,36,26,1,pim
6,36,28,1,pim
6,36,32,3,gpu
6,36,34,1,pim
6,36,38,1,pim
6,36,40,1,pim
6,36,42,1,pim
6,36,46,1,pim
6,36,47,2,gpu
6,36,50,1,pim
6,36,53,1,pim
6,36,56,2,gpu
6,36,58,2,gpu
6,36,65,2,gpu
6,36,69,1,pim
6,36,72,1,pim
6,36,73,6,gpu
6,36,76,1,pim
6,36,78,1,pim
6,36,81,1,pim
6,36,82,1,pim
6,36,85,1,pim
6,36,92,1,pim
6,36,95,1,pim
6,36,96,1,pim
6,36,97,1,pim
6,36,102,1,pim
6,36,103,1,pim
6,36,105,2,gpu
6,36,110,1,pim
6,36,113,1,pim
6,36,115,1,pim
6,36,116,1,pim
6,36,118,2,gpu
6,36,119,3,gpu
6,36,120,2,gpu
6,36,124,2,gpu
6,37,0,1,gpu
6,37,3,1,gpu
6,37,7,1,gpu
6,37,9,1,pim
6,37,10,2,gpu
6,37,11,1,pim
6,37,12,1,pim
6,37,14,1,pim
6,37,19,1,pim
6,37,20,2,gpu
6,37,21,1,pim
6,37,26,1,pim
6,37,31,1,pim
6,37,32,1,pim
6,37,36,1,pim
6,37,39,1,pim
6,37,40,1,pim
6,37,41,1,pim
6,37,44,1,pim
6,37,49,3,gpu
6,37,52,1,pim
6,37,55,1,pim
6,37,57,1,pim
6,37,58,1,pim
6,37,61,1,pim
6,37,64,1,pim
6,37,66,3,gpu
6,37,75,1,pim
6,37,78,2,gpu
6,37,90,1,pim
6,37,91,2,gpu
6,37,94,1,pim
6,37,95,2,gpu
6,37,99,2,gpu
6,37,102,1,pim
6,37,104,8,gpu
6,37,107,1,pim
6,37,109,1,pim
6,37,113,3,gpu
6,37,119,1,pim
6,37,120,1,pim
6,37,123,1,pim
6,37,125,2,gpu
6,37,127,1,pim
6,38,0,2,gpu
6,38,8,1,gpu
6,38,10,1,gpu
6,38,16,2,gpu
6,38,17,1,gpu
6,38,18,1,gpu
6,38,22,1,pim
6,38,26,2,gpu
6,38,27,1,pim
6,38,29,1,pim
6,38,45,1,pim
6,38,47,2,gpu
6,38,51,1,pim
6,38,53,1,pim
6,38,55,5,gpu
6,38,57,1,pim
6,38,58,1,pim
6,38,60,1,pim
6,38,64,2,gpu
6,38,66,2,gpu
6,38,71,1,pim
6,38,79,1,pim
6,38,80,1,pim
6,38,82,1,pim
6,38,84,4,gpu
6,38,88,2,gpu
6,38,90,1,pim
6,38,92,1,pim
6,38,95,1,pim
6,38,96,2,gpu
6,38,99,1,pim
6,38,100,1,pim
6,38,101,1,pim
6,38,102,1,pim
6,38,105,4,gpu
6,38,110,1,pim
6,38,111,1,pim
6,38,112,1,pim
6,38,115,1,pim
6,38,117,1,pim
6,38,118,1,pim
6,38,120,1,pim
6,38,122,1,pim
6,38,123,1,pim
6,38,124,1,pim
6,38,125,1,pim
6,39,0,1,gpu
6,39,3,1,gpu
6,39,4,3,gpu
6,39,6,2,gpu
6,39,7,1,gpu
6,39,10,1,gpu
6,39,13,1,gpu
6,39,16,1,gpu
6,39,20,1,pim
6,39,23,1,pim
6,39,25,1,pim
6,39,31,1,pim
6,39,34,1,pim
6,39,36,1,pim
6,39,37,1,pim
6,39,40,1,pim
6,39,42,1,pim
6,39,46,1,pim
6,39,48,1,pim
6,39,49,1,pim
6,39,51,1,pim
6,39,56,4,gpu
6,39,57,1,pim
6,39,59,4,gpu
6,39,60,1,pim
6,39,61,2,gpu
6,39,66,1,pim
6,39,69,2,gpu
6,39,70,1,pim
6,39,76,2,gpu
6,39,77,1,pim
6,39,87,2,gpu
6,39,90,1,pim
6,39,91,1,pim
6,39,92,1,pim
6,39,93,1,pim
6,39,96,1,pim
6,39,97,1,pim
6,39,98,2,gpu
6,39,100,1,pim
6,39,104,1,pim
6,39,107,1,pim
6,39,113,1,pim
6,39,114,1,pim
6,39,115,1,pim
6,39,120,1,pim
6,39,123,3,gpu
6,39,127,1,pim
6,40,4,1,gpu
6,40,6,1,gpu
6,40,7,1,gpu
6,40,12,2,gpu
6,40,13,1,gpu
6,40,15,1,gpu
6,40,17,1,gpu
6,40,19,2,gpu
6,40,21,1,pim
6,40,23,1,pim
6,40,26,1,pim
6,40,29,1,pim
6,40,31,1,pim
6,40,35,1,pim
6,40,39,1,pim
6,40,40,1,pim
6,40,41,1,pim
6,40,42,1,pim
6,40,43,2,gpu
6,40,44,1,pim
6,40,47,1,pim
6,40,50,1,pim
6,40,51,2,gpu
6,40,52,1,pim
6,40,59,1,pim
6,40,60,1,pim
6,40,64,1,pim
6,40,67,2,gpu
6,40,77,1,pim
6,40,78,1,pim
6,40,80,1,pim
6,40,84,3,gpu
6,40,87,1,pim
6,40,89,1,pim
6,40,94,1,pim
6,40,100,1,pim
6,40,102,1,pim
6,40,103,1,pim
6,40,105,3,gpu
6,40,106,1,pim
6,40,109,2,gpu
6,40,110,1,pim
6,40,111,1,pim
6,40,115,5,gpu
6,40,119,3,gpu
6,40,120,1,pim
6,40,121,1,pim
6,40,126,1,pim
6,41,0,2,gpu
6,41,2,4,gpu
6,41,6,1,gpu
6,41,11,1,gpu
6,41,15,1,gpu
6,41,20,1,gpu
6,41,23,1,pim
6,41,35,4,gpu
6,41,36,1,pim
6,41,39,1,pim
6,41,43,1,pim
6,41,47,1,pim
6,41,52,1,pim
6,41,53,1,pim
6,41,54,1,pim
6,41,58,1,pim
6,41,61,1,pim
6,41,62,1,pim
6,41,63,1,pim
6,41,64,1,pim
6,41,65,1,pim
6,41,66,4,gpu
6,41,67,1,pim
6,41,68,1,pim
6,41,71,1,pim
6,41,78,1,pim
6,41,79,1,pim
6,41,80,2,gpu
6,41,83,2,gpu
6,41,90,2,gpu
6,41,91,1,pim
6,41,92,1,pim
6,41,98,1,pim
6,41,102,3,gpu
6,41,103,3,gpu
6,41,110,1,pim
6,41,112,1,pim
6,41,113,1,pim
6,41,115,2,gpu
6,41,116,2,gpu
6,41,117,1,pim
6,41,121,1,pim
6,41,122,1,pim
6,41,124,1,pim
6,41,126,1,pim
6,42,4,1,pim
6,42,5,2,gpu
6,42,7,1,pim
6,42,8,1,pim
6,42,16,1,pim
6,42,18,4,gpu
6,42,19,1,pim
6,42,22,1,pim
6,42,23,1,pim
6,42,24,2,gpu
6,42,25,1,pim
6,42,27,2,gpu
6,42,28,1,pim
6,42,29,1,pim
6,42,34,2,gpu
6,42,37,1,pim
6,42,38,1,pim
6,42,40,1,pim
6,42,41,1,pim
6,42,45,1,pim
6,42,46,1,pim
6,42,49,1,pim
6,42,52,1,pim
6,42,54,2,gpu
6,42,59,2,gpu
6,42,60,1,pim
6,42,66,1,pim
6,42,71,2,gpu
6,42,73,1,pim
6,42,76,3,gpu
6,42,77,1,pim
6,42,85,1,pim
6,42,86,1,pim
6,42,90,1,pim
6,42,93,3,gpu
6,42,98,2,gpu
6,42,102,4,gpu
6,42,113,1,pim
6,42,115,2,gpu
6,42,119,1,pim
6,42,120,1,pim
6,42,123,1,pim
6,42,125,1,pim
6,42,126,2,gpu
6,43,2,1,pim
6,43,6,4,gpu
6,43,8,1,pim
6,43,9,2,gpu
6,43,16,2,gpu
6,43,20,2,gpu
6,43,26,1,pim
6,43,29,2,gpu
6,43,36,2,gpu
6,43,40,3,gpu
6,43,42,1,pim
6,43,43,1,pim
6,43,45,3,gpu
6,43,47,2,gpu
6,43,49,2,gpu
6,43,51,1,pim
6,43,52,1,pim
6,43,54,1,pim
6,43,60,2,gpu
6,43,65,2,gpu
6,43,67,1,pim
6,43,68,1,pim
6,43,74,1,pim
6,43,75,1,pim
6,43,78,2,pim
6,43,81,3,gpu
6,43,85,1,pim
6,43,87,2,pim
6,43,89,1,pim
6,43,96,1,pim
6,43,97,1,pim
6,43,104,1,pim
6,43,105,1,pim
6,43,107,1,pim
6,43,111,1,pim
6,43,112,2,pim
6,43,121,1,pim
6,43,125,1,pim
6,43,126,1,pim
6,43,127,4,gpu
6,44,1,1,gpu
6,44,6,1,pim
6,44,13,2,gpu
6,44,18,2,gpu
6,44,20,3,gpu
6,44,21,1,pim
6,44,22,1,pim
6,44,23,1,pim
6,44,27,1,pim
6,44,28,1,pim
6,44,30,2,gpu
6,44,32,1,pim
6,44,36,2,gpu
6,44,37,1,pim
6,44,38,2,gpu
6,44,42,1,pim
6,44,44,1,pim
6,44,45,1,pim
6,44,48,4,gpu
6,44,54,1,pim
6,44,55,1,pim
6,44,56,1,pim
6,44,64,1,pim
6,44,65,1,pim
6,44,68,3,gpu
6,44,69,1,pim
6,44,72,1,pim
6,44,76,1,pim
6,44,79,2,gpu
6,44,80,2,gpu
6,44,81,1,pim
6,44,83,3,gpu
6,44,84,1,pim
6,44,91,1,pim
6,44,92,2,gpu
6,44,94,1,pim
6,44,98,1,pim
6,44,106,1,pim
6,44,110,1,pim
6,44,113,1,pim
6,44,116,2,gpu
6,44,118,1,pim
6,44,119,1,pim
6,44,121,2,gpu
6,44,122,1,pim
6,45,1,2,gpu
6,45,4,1,gpu
6,45,5,1,pim
6,45,7,3,gpu
6,45,10,1,pim
6,45,11,1,pim
6,45,12,2,gpu
6,45,14,1,pim
6,45,15,1,pim
6,45,20,1,pim
6,45,22,2,gpu
6,45,26,1,pim
6,45,27,2,gpu
6,45,28,1,pim
6,45,32,1,pim
6,45,35,1,pim
6,45,37,1,pim
6,45,42,2,gpu
6,45,44,1,pim
6,45,46,1,pim
6,45,47,1,pim
6,45,48,1,pim
6,45,56,2,gpu
6,45,58,1,pim
6,45,63,2,gpu
6,45,66,1,pim
6,45,70,3,gpu
6,45,75,1,pim
6,45,76,1,pim
6,45,80,2,gpu
6,45,82,1,pim
6,45,83,1,pim
6,45,84,4,gpu
6,45,85,1,pim
6,45,87,2,gpu
6,45,89,1,pim
6,45,100,1,pim
6,45,103,1,pim
6,45,107,1,pim
6,45,111,2,gpu
6,45,112,1,pim
6,45,118,1,pim
6,45,119,1,pim
6,45,123,2,gpu
6,45,124,1,pim
6,45,127,1,pim
6,46,4,1,pim
6,46,6,1,pim
6,46,7,2,gpu
6,46,8,2,gpu
6,46,10,1,pim
6,46,13,1,pim
6,46,19,1,pim
6,46,22,1,pim
6,46,25,1,pim
6,46,28,1,pim
6,46,31,2,gpu
6,46,39,1,pim
6,46,40,1,pim
6,46,44,2,gpu
6,46,45,1,pim
6,46,47,2,gpu
6,46,50,1,pim
6,46,51,1,pim
6,46,52,1,pim
6,46,55,1,pim
6,46,60,1,pim
6,46,61,2,gpu
6,46,68,3,gpu
6,46,71,1,pim
6,46,74,1,pim
6,46,75,4,gpu
6,46,80,3,gpu
6,46,82,1,pim
6,46,83,1,pim
6,46,85,1,pim
6,46,86,1,pim
6,46,88,1,pim
6,46,91,2,gpu
6,46,92,1,pim
6,46,96,2,gpu
6,46,98,1,pim
6,46,104,1,pim
6,46,105,1,pim
6,46,114,2,gpu
6,46,115,3,gpu
6,46,117,2,gpu
6,46,119,1,pim
6,46,123,1,pim
6,46,124,2,gpu
6,47,1,1,pim
6,47,11,1,pim
6,47,15,2,gpu
6,47,21,2,gpu
6,47,22,1,pim
6,47,23,1,pim
6,47,26,3,gpu
6,47,27,1,pim
6,47,30,1,pim
6,47,31,1,pim
6,47,32,1,pim
6,47,33,1,pim
6,47,35,1,pim
6,47,36,4,gpu
6,47,44,1,pim
6,47,47,3,gpu
6,47,52,1,pim
6,47,59,1,pim
6,47,60,1,pim
6,47,62,1,pim
6,47,63,1,pim
6,47,66,4,gpu
6,47,71,2,gpu
6,47,82,1,pim
6,47,85,1,pim
6,47,86,1,pim
6,47,88,3,gpu
6,47,90,2,gpu
6,47,95,1,pim
6,47,97,1,pim
6,47,99,1,pim
6,47,108,1,pim
6,47,114,1,pim
6,47,115,1,pim
6,47,120,4,gpu
6,47,121,1,pim
6,47,122,1,pim
6,47,123,3,gpu
6,47,124,1,pim
6,47,126,2,gpu
6,47,127,2,gpu
7,0,3,3,gpu
7,0,8,1,pim
7,0,12,1,pim
7,0,17,1,pim
7,0,22,1,pim
7,0,23,2,gpu
7,0,26,1,pim
7,0,28,4,gpu
7,0,29,2,gpu
7,0,30,1,pim
7,0,34,1,pim
7,0,36,2,gpu
7,0,41,2,gpu
7,0,42,1,pim
7,0,51,1,pim
7,0,56,1,pim
7,0,61,1,pim
7,0,62,2,gpu
7,0,65,1,pim
7,0,66,1,pim
7,0,67,1,pim
7,0,68,2,gpu
7,0,69,1,pim
7,0,72,1,pim
7,0,77,1,pim
7,0,79,2,gpu
7,0,80,1,pim
7,0,81,1,pim
7,0,86,1,pim
7,0,87,3,gpu
7,0,91,2,gpu
7,0,98,1,pim
7,0,100,1,pim
7,0,109,1,pim
7,0,112,3,gpu
7,0,114,1,pim
7,0,116,1,pim
7,0,119,1,pim
7,0,120,1,pim
7,0,122,1,pim
7,0,124,2,gpu
7,0,125,2,pim
7,0,126,3,gpu
7,1,3,1,gpu
7,1,4,1,gpu
7,1,8,1,gpu
7,1,9,1,pim
7,1,11,1,pim
7,1,16,3,gpu
7,1,18,1,pim
7,1,19,1,pim
7,1,28,1,pim
7,1,29,3,gpu
7,1,32,1,pim
7,1,38,1,pim
7,1,40,1,pim
7,1,45,3,gpu
7,1,48,3,gpu
7,1,58,1,pim
7,1,59,1,pim
7,1,66,1,pim
7,1,67,3,gpu
7,1,68,2,gpu
7,1,70,1,pim
7,1,71,1,pim
7,1,73,1,pim
7,1,76,1,pim
7,1,78,2,gpu
7,1,80,1,pim
7,1,81,1,pim
7,1,86,1,pim
7,1,88,3,gpu
7,1,90,4,gpu
7,1,93,1,pim
7,1,94,1,pim
7,1,98,1,pim
7,1,101,3,gpu
7,1,108,1,pim
7,1,110,1,pim
7,1,113,1,pim
7,1,114,1,pim
7,1,115,2,gpu
7,1,116,1,pim
7,1,117,1,pim
7,1,119,1,pim
7,1,120,1,pim
7,1,127,1,pim
7,2,0,2,gpu
7,2,4,2,gpu
7,2,5,1,pim
7,2,6,1,pim
7,2,7,1,pim
7,2,15,2,gpu
7,2,23,3,gpu
7,2,24,2,gpu
7,2,25,1,pim
7,2,26,1,pim
7,2,28,1,pim
7,2,32,1,pim
7,2,35,1,pim
7,2,37,1,pim
7,2,38,1,pim
7,2,40,1,pim
7,2,44,1,pim
7,2,47,3,gpu
7,2,49,1,pim
7,2,52,1,pim
7,2,53,1,pim
7,2,59,1,pim
7,2,63,2,gpu
7,2,64,1,pim
7,2,66,2,gpu
7,2,69,1,pim
7,2,70,1,pim
7,2,71,2,gpu
7,2,73,2,gpu
7,2,74,1,pim
7,2,76,5,gpu
7,2,82,1,pim
7,2,84,1,pim
7,2,87,1,pim
7,2,88,1,pim
7,2,91,1,pim
7,2,100,1,pim
7,2,112,1,pim
7,2,115,1,pim
7,2,119,3,gpu
7,2,120,2,gpu
7,2,121,1,pim
7,2,125,1,pim
7,2,126,2,gpu
7,3,1,1,pim
7,3,3,1,pim
7,3,6,1,pim
7,3,11,1,pim
7,3,12,2,gpu
7,3,16,4,gpu
7,3,24,3,gpu
7,3,26,1,pim
7,3,29,1,pim
7,3,31,1,pim
7,3,37,2,gpu
7,3,40,2,gpu
7,3,41,1,pim
7,3,43,2,gpu
7,3,44,1,pim
7,3,47,1,pim
7,3,53,2,gpu
7,3,58,2,gpu
7,3,61,1,pim
7,3,62,3,gpu
7,3,65,1,pim
7,3,70,2,gpu
7,3,71,1,pim
7,3,76,1,pim
7,3,77,1,pim
7,3,78,1,pim
7,3,79,2,pim
7,3,82,1,pim
7,3,84,3,gpu
7,3,89,1,pim
7,3,90,3,gpu
7,3,91,1,pim
7,3,92,3,gpu
7,3,95,2,pim
7,3,116,1,pim
7,3,120,1,pim
7,3,121,3,gpu
7,3,123,1,pim
7,3,127,2,pim
7,4,0,1,gpu
7,4,1,1,gpu
7,4,3,1,gpu
7,4,5,2,gpu
7,4,6,1,gpu
7,4,9,1,gpu
7,4,10,3,gpu
7,4,11,1,pim
7,4,13,1,pim
7,4,14,2,gpu
7,4,18,2,gpu
7,4,21,1,pim
7,4,27,5,gpu
7,4,32,1,pim
7,4,35,1,pim
7,4,36,1,pim
7,4,37,3,gpu
7,4,39,1,pim
7,4,47,1,pim
7,4,49,1,pim
7,4,50,1,pim
7,4,51,1,pim
7,4,54,1,pim
7,4,71,1,pim
7,4,74,1,pim
7,4,76,1,pim
7,4,77,4,gpu
7,4,78,1,pim
7,4,79,1,pim
7,4,81,1,pim
7,4,82,1,pim
7,4,84,1,pim
7,4,96,1,pim
7,4,101,2,gpu
7,4,104,4,gpu
7,4,105,1,pim
7,4,106,1,pim
7,4,109,1,pim
7,4,113,1,pim
7,4,115,1,pim
7,4,116,1,pim
7,4,117,1,pim
7,4,118,2,gpu
7,4,124,1,pim
7,4,125,1,pim
7,5,0,1,gpu
7,5,5,1,pim
7,5,8,1,pim
7,5,10,3,gpu
7,5,12,2,gpu
7,5,13,2,gpu
7,5,14,1,pim
7,5,16,3,gpu
7,5,17,1,pim
7,5,18,1,pim
7,5,19,1,pim
7,5,21,1,pim
7,5,24,1,pim
7,5,30,1,pim
7,5,42,1,pim
7,5,44,1,pim
7,5,48,3,gpu
7,5,50,1,pim
7,5,54,1,pim
7,5,56,3,gpu
7,5,61,1,pim
7,5,66,1,pim
7,5,74,2,gpu
7,5,75,1,pim
7,5,78,2,gpu
7,5,79,1,pim
7,5,80,1,pim
7,5,82,1,pim
7,5,85,1,pim
7,5,87,3,gpu
7,5,90,2,gpu
7,5,92,1,pim
7,5,93,1,pim
7,5,95,2,gpu
7,5,96,1,pim
7,5,99,1,pim
7,5,102,1,pim
7,5,115,3,gpu
7,5,116,1,pim
7,5,117,4,gpu
7,5,122,1,pim
7,5,125,1,pim
7,5,126,1,pim
7,6,0,1,gpu
7,6,5,1,gpu
7,6,8,3,gpu
7,6,14,1,gpu
7,6,16,1,pim
7,6,18,1,pim
7,6,19,1,pim
7,6,21,1,pim
7,6,25,2,gpu
7,6,27,3,gpu
7,6,30,2,gpu
7,6,32,3,gpu
7,6,34,2,gpu
7,6,35,1,pim
7,6,38,1,pim
7,6,40,1,pim
7,6,45,1,pim
7,6,47,1,pim
7,6,50,2,gpu
7,6,54,1,pim
7,6,55,1,pim
7,6,63,1,pim
7,6,64,1,pim
7,6,71,1,pim
7,6,72,1,pim
7,6,74,1,pim
7,6,75,1,pim
7,6,80,1,pim
7,6,83,1,pim
7,6,85,1,pim
7,6,86,1,pim
7,6,88,1,pim
7,6,90,2,gpu
7,6,93,2,gpu
7,6,94,1,pim
7,6,96,1,pim
7,6,97,1,pim
7,6,100,2,gpu
7,6,102,1,pim
7,6,103,3,gpu
7,6,105,1,pim
7,6,108,1,pim
7,6,109,1,pim
7,6,110,1,pim
7,6,115,1,pim
7,6,118,1,pim
7,6,123,3,gpu
7,7,2,1,gpu
7,7,3,3,gpu
7,7,9,1,gpu
7,7,13,1,gpu
7,7,18,3,gpu
7,7,21,1,pim
7,7,27,1,pim
7,7,28,2,gpu
7,7,34,2,gpu
7,7,39,2,gpu
7,7,43,2,gpu
7,7,45,1,pim
7,7,46,1,pim
7,7,49,1,pim
7,7,51,2,gpu
7,7,53,1,pim
7,7,55,1,pim
7,7,58,1,pim
7,7,59,1,pim
7,7,60,1,pim
7,7,61,1,pim
7,7,62,1,pim
7,7,63,1,pim
7,7,67,3,gpu
7,7,71,1,pim
7,7,73,1,pim
7,7,78,1,pim
7,7,86,1,pim
7,7,87,1,pim
7,7,90,1,pim
7,7,91,1,pim
7,7,96,1,pim
7,7,97,3,gpu
7,7,98,3,gpu
7,7,100,1,pim
7,7,103,2,gpu
7,7,106,1,pim
7,7,107,1,pim
7,7,109,4,gpu
7,7,111,1,pim
7,7,112,1,pim
7,7,115,1,pim
7,7,117,1,pim
7,7,122,1,pim
7,7,124,1,pim
7,8,1,1,pim
7,8,2,1,pim
7,8,3,1,pim
7,8,4,1,pim
7,8,6,2,gpu
7,8,11,1,pim
7,8,14,1,pim
7,8,15,2,gpu
7,8,20,2,gpu
7,8,24,1,pim
7,8,27,1,pim
7,8,29,2,gpu
7,8,31,1,pim
7,8,38,3,gpu
7,8,42,1,pim
7,8,43,3,gpu
7,8,46,2,gpu
7,8,47,1,pim
7,8,49,1,pim
7,8,54,1,pim
7,8,56,1,pim
7,8,59,2,gpu
7,8,61,1,pim
7,8,63,2,gpu
7,8,64,1,pim
7,8,65,1,pim
7,8,74,1,pim
7,8,84,1,pim
7,8,86,1,pim
7,8,90,1,pim
7,8,94,1,pim
7,8,95,1,pim
7,8,99,1,pim
7,8,100,1,pim
7,8,101,1,pim
7,8,103,3,gpu
7,8,106,2,gpu
7,8,116,3,gpu
7,8,117,2,gpu
7,8,119,1,pim
7,8,121,1,pim
7,8,122,1,pim
7,8,125,1,pim
7,8,126,2,gpu
7,8,127,2,gpu
7,9,0,1,pim
7,9,9,1,pim
7,9,10,6,gpu
7,9,19,1,pim
7,9,21,1,pim
7,9,22,3,gpu
7,9,25,2,gpu
7,9,27,1,pim
7,9,32,2,gpu
7,9,35,1,pim
7,9,37,1,pim
7,9,40,2,gpu
7,9,41,3,gpu
7,9,45,2,gpu
7,9,46,1,pim
7,9,49,2,gpu
7,9,51,1,pim
7,9,54,1,pim
7,9,61,2,gpu
7,9,66,1,pim
7,9,72,1,pim
7,9,75,1,pim
7,9,77,3,gpu
7,9,79,1,pim
7,9,80,1,pim
7,9,82,1,pim
7,9,88,1,pim
7,9,93,2,pim
7,9,94,1,pim
7,9,96,1,pim
7,9,102,1,pim
7,9,103,3,gpu
7,9,104,2,pim
7,9,110,1,pim
7,9,112,3,gpu
7,9,114,3,gpu
7,9,117,2,pim
7,9,121,1,pim
7,10,1,1,pim
7,10,5,2,gpu
7,10,10,1,pim
7,10,13,1,pim
7,10,14,1,pim
7,10,15,1,pim
7,10,30,2,gpu
7,10,32,1,pim
7,10,33,2,gpu
7,10,37,2,gpu
7,10,39,1,pim
7,10,41,1,pim
7,10,43,1,pim
7,10,46,1,pim
7,10,51,1,pim
7,10,53,4,gpu
7,10,56,1,pim
7,10,58,1,pim
7,10,61,1,pim
7,10,62,1,pim
7,10,70,1,pim
7,10,73,1,pim
7,10,75,1,pim
7,10,76,1,pim
7,10,80,2,gpu
7,10,82,2,gpu
7,10,83,2,gpu
7,10,85,1,pim
7,10,86,1,pim
7,10,88,1,pim
7,10,95,3,gpu
7,10,96,1,pim
7,10,97,1,pim
7,10,103,2,gpu
7,10,104,2,gpu
7,10,105,1,pim
7,10,107,1,pim
7,10,108,2,gpu
7,10,109,2,gpu
7,10,110,1,pim
7,10,111,2,gpu
7,10,119,2,gpu
7,10,120,1,pim
7,10,124,2,pim
7,10,125,1,pim
7,11,0,2,gpu
7,11,7,2,gpu
7,11,8,2,gpu
7,11,16,3,gpu
7,11,18,2,gpu
7,11,21,2,gpu
7,11,22,2,gpu
7,11,28,1,pim
7,11,29,1,pim
7,11,30,1,pim
7,11,39,1,pim
7,11,40,1,pim
7,11,41,1,pim
7,11,42,1,pim
7,11,43,1,pim
7,11,48,1,pim
7,11,49,1,pim
7,11,51,2,gpu
7,11,61,1,pim
7,11,62,1,pim
7,11,64,2,gpu
7,11,67,1,pim
7,11,68,3,gpu
7,11,70,1,pim
7,11,76,1,pim
7,11,78,2,gpu
7,11,80,1,pim
7,11,81,1,pim
7,11,82,3,gpu
7,11,85,1,pim
7,11,86,1,pim
7,11,89,1,pim
7,11,92,1,pim
7,11,94,1,pim
7,11,97,3,gpu
7,11,101,1,pim
7,11,106,1,pim
7,11,111,1,pim
7,11,114,2,gpu
7,11,116,3,gpu
7,11,118,1,pim
7,11,122,1,pim
7,11,125,1,pim
7,11,126,1,pim
7,12,0,2,gpu
7,12,2,1,gpu
7,12,9,2,gpu
7,12,10,1,pim
7,12,15,1,pim
7,12,18,1,pim
7,12,20,1,pim
7,12,23,1,pim
7,12,25,1,pim
7,12,26,2,gpu
7,12,29,1,pim
7,12,34,1,pim
7,12,37,1,pim
7,12,38,3,gpu
7,12,40,1,pim
7,12,42,1,pim
7,12,49,1,pim
7,12,51,1,pim
7,12,53,1,pim
7,12,54,1,pim
7,12,56,2,gpu
7,12,57,2,gpu
7,12,58,2,gpu
7,12,61,2,gpu
7,12,63,2,gpu
7,12,76,2,gpu
7,12,77,1,pim
7,12,82,1,pim
7,12,86,1,pim
7,12,90,1,pim
7,12,92,1,pim
7,12,95,2,gpu
7,12,98,1,pim
7,12,99,1,pim
7,12,100,1,pim
7,12,101,1,pim
7,12,103,3,gpu
7,12,104,1,pim
7,12,107,1,pim
7,12,112,1,pim
7,12,113,1,pim
7,12,114,1,pim
7,12,115,1,pim
7,12,116,3,gpu
7,12,119,3,gpu
7,12,126,1,pim
7,13,1,1,pim
7,13,2,1,pim
7,13,6,1,pim
7,13,7,1,pim
7,13,10,1,pim
7,13,12,1,pim
7,13,15,1,pim
7,13,18,1,pim
7,13,24,1,pim
7,13,25,1,pim
7,13,28,1,pim
7,13,32,1,pim
7,13,36,3,gpu
7,13,40,1,pim
7,13,41,4,gpu
7,13,42,3,gpu
7,13,44,1,pim
7,13,45,1,pim
7,13,48,1,pim
7,13,49,1,pim
7,13,57,1,pim
7,13,64,3,gpu
7,13,70,1,pim
7,13,75,1,pim
7,13,77,4,gpu
7,13,79,1,pim
7,13,84,3,gpu
7,13,87,1,pim
7,13,89,2,gpu
7,13,91,1,pim
7,13,94,1,pim
7,13,95,2,gpu
7,13,97,1,pim
7,13,104,2,gpu
7,13,106,1,pim
7,13,109,3,gpu
7,13,115,1,pim
7,13,119,1,pim
7,13,120,2,gpu
7,13,123,3,gpu
7,13,127,2,gpu
7,14,0,2,gpu
7,14,6,1,gpu
7,14,7,1,pim
7,14,8,3,gpu
7,14,11,1,pim
7,14,16,2,gpu
7,14,17,1,pim
7,14,18,3,gpu
7,14,20,1,pim
7,14,22,1,pim
7,14,25,1,pim
7,14,28,1,pim
7,14,31,1,pim
7,14,37,1,pim
7,14,39,1,pim
7,14,45,1,pim
7,14,47,3,gpu
7,14,48,1,pim
7,14,52,2,gpu
7,14,53,1,pim
7,14,55,2,gpu
7,14,57,1,pim
7,14,60,3,gpu
7,14,62,2,gpu
7,14,63,1,pim
7,14,64,1,pim
7,14,71,1,pim
7,14,73,1,pim
7,14,75,1,pim
7,14,81,1,pim
7,14,82,1,pim
7,14,86,1,pim
7,14,87,1,pim
7,14,88,2,gpu
7,14,89,1,pim
7,14,95,3,gpu
7,14,99,2,gpu
7,14,102,1,pim
7,14,107,2,gpu
7,14,108,2,gpu
7,14,109,1,pim
7,14,110,1,pim
7,14,111,1,pim
7,14,112,1,pim
7,14,120,1,pim
7,15,6,1,pim
7,15,10,2,gpu
7,15,11,1,pim
7,15,16,1,pim
7,15,18,1,pim
7,15,20,4,gpu
7,15,23,2,gpu
7,15,30,1,pim
7,15,31,3,gpu
7,15,35,2,gpu
7,15,38,2,gpu
7,15,40,1,pim
7,15,42,1,pim
7,15,43,1,pim
7,15,46,2,gpu
7,15,48,1,pim
7,15,51,1,pim
7,15,54,1,pim
7,15,55,1,pim
7,15,56,2,gpu
7,15,59,3,gpu
7,15,61,1,pim
7,15,69,3,gpu
7,15,70,1,pim
7,15,76,4,gpu
7,15,77,1,pim
7,15,78,1,pim
7,15,83,1,pim
7,15,85,1,pim
7,15,90,2,gpu
7,15,91,1,pim
7,15,96,1,pim
7,15,101,1,pim
7,15,107,2,gpu
7,15,111,1,pim
7,15,113,2,gpu
7,15,114,1,pim
7,15,116,1,pim
7,15,120,2,pim
7,15,123,1,pim
7,15,125,1,pim
7,15,126,1,pim
7,16,8,1,pim
7,16,11,1,pim
7,16,13,2,gpu
7,16,16,1,pim
7,16,18,3,gpu
7,16,19,2,gpu
7,16,22,1,pim
7,16,23,1,pim
7,16,24,1,pim
7,16,26,1,pim
7,16,29,3,gpu
7,16,30,2,gpu
7,16,31,1,pim
7,16,34,2,gpu
7,16,36,1,pim
7,16,41,1,pim
7,16,42,1,pim
7,16,48,1,pim
7,16,50,2,gpu
7,16,52,1,pim
7,16,60,1,pim
7,16,64,1,pim
7,16,67,2,gpu
7,16,73,1,pim
7,16,77,3,gpu
7,16,78,1,pim
7,16,80,1,pim
7,16,81,1,pim
7,16,83,2,gpu
7,16,84,3,gpu
7,16,89,1,pim
7,16,91,1,pim
7,16,100,1,pim
7,16,101,2,gpu
7,16,102,2,gpu
7,16,105,1,pim
7,16,108,1,pim
7,16,109,1,pim
7,16,110,2,pim
7,16,111,1,pim
7,16,115,4,gpu
7,16,123,1,pim
7,16,126,1,pim
7,17,0,4,gpu
7,17,1,3,gpu
7,17,14,1,pim
7,17,18,2,gpu
7,17,21,1,pim
7,17,23,1,pim
7,17,36,2,gpu
7,17,42,1,pim
7,17,52,1,pim
7,17,53,2,gpu
7,17,54,1,pim
7,17,58,1,pim
7,17,61,1,pim
7,17,63,1,pim
7,17,64,4,gpu
7,17,65,3,gpu
7,17,66,1,pim
7,17,68,1,pim
7,17,70,1,pim
7,17,71,1,pim
7,17,78,2,gpu
7,17,79,1,pim
7,17,81,1,pim
7,17,83,1,pim
7,17,84,2,gpu
7,17,89,1,pim
7,17,91,1,pim
7,17,92,2,gpu
7,17,93,1,pim
7,17,97,1,pim
7,17,100,1,pim
7,17,102,2,pim
7,17,103,3,gpu
7,17,113,1,pim
7,17,116,3,gpu
7,17,117,2,pim
7,17,120,4,gpu
7,17,124,1,pim
7,17,127,1,pim
7,18,5,1,pim
7,18,8,2,gpu
7,18,12,1,pim
7,18,16,1,pim
7,18,18,1,pim
7,18,19,1,pim
7,18,20,1,pim
7,18,21,1,pim
7,18,25,1,pim
7,18,27,1,pim
7,18,30,3,gpu
7,18,32,3,gpu
7,18,34,3,gpu
7,18,35,1,pim
7,18,40,1,pim
7,18,41,1,pim
7,18,44,1,pim
7,18,47,1,pim
7,18,50,1,pim
7,18,52,1,pim
7,18,54,1,pim
7,18,55,1,pim
7,18,56,2,gpu
7,18,59,1,pim
7,18,63,1,pim
7,18,64,1,pim
7,18,70,1,pim
7,18,71,3,gpu
7,18,72,1,pim
7,18,74,2,gpu
7,18,75,1,pim
7,18,80,1,pim
7,18,85,2,gpu
7,18,86,2,gpu
7,18,88,1,pim
7,18,93,1,pim
7,18,96,2,gpu
7,18,100,2,gpu
7,18,102,1,pim
7,18,103,2,gpu
7,18,105,1,pim
7,18,109,2,gpu
7,18,110,2,gpu
7,18,118,1,pim
7,18,123,2,gpu
7,19,2,1,gpu
7,19,3,3,gpu
7,19,9,1,gpu
7,19,19,1,gpu
7,19,21,1,pim
7,19,27,2,gpu
7,19,28,2,gpu
7,19,34,2,gpu
7,19,38,1,pim
7,19,39,2,gpu
7,19,43,2,gpu
7,19,44,1,pim
7,19,45,1,pim
7,19,46,1,pim
7,19,49,1,pim
7,19,51,2,gpu
7,19,53,1,pim
7,19,55,1,pim
7,19,58,1,pim
7,19,59,1,pim
7,19,60,2,gpu
7,19,61,1,pim
7,19,62,2,gpu
7,19,63,1,pim
7,19,67,1,pim
7,19,71,1,pim
7,19,73,1,pim
7,19,78,1,pim
7,19,79,1,pim
7,19,81,1,pim
7,19,82,1,pim
7,19,87,1,pim
7,19,91,2,gpu
7,19,96,2,gpu
7,19,97,1,pim
7,19,98,3,gpu
7,19,103,1,pim
7,19,104,1,pim
7,19,106,1,pim
7,19,107,1,pim
7,19,108,1,pim
7,19,109,3,gpu
7,19,111,1,pim
7,19,112,1,pim
7,19,115,1,pim
7,19,117,1,pim
7,19,122,1,pim
7,19,124,1,pim
7,20,3,2,gpu
7,20,4,1,gpu
7,20,5,1,pim
7,20,6,2,gpu
7,20,11,1,pim
7,20,13,1,pim
7,20,14,1,pim
7,20,15,2,gpu
7,20,20,1,pim
7,20,24,1,pim
7,20,29,2,gpu
7,20,31,1,pim
7,20,38,6,gpu
7,20,43,3,gpu
7,20,46,1,pim
7,20,47,1,pim
7,20,49,1,pim
7,20,52,1,pim
7,20,54,1,pim
7,20,55,1,pim
7,20,56,1,pim
7,20,61,1,pim
7,20,64,1,pim
7,20,65,1,pim
7,20,68,2,gpu
7,20,74,1,pim
7,20,82,1,pim
7,20,84,1,pim
7,20,90,1,pim
7,20,94,1,pim
7,20,95,1,pim
7,20,99,2,gpu
7,20,100,1,pim
7,20,101,1,pim
7,20,103,3,gpu
7,20,106,2,gpu
7,20,111,1,pim
7,20,116,4,gpu
7,20,117,3,gpu
7,20,121,1,pim
7,20,126,1,pim
7,20,127,2,gpu
7,21,9,1,pim
7,21,10,5,gpu
7,21,21,1,pim
7,21,22,2,gpu
7,21,25,3,gpu
7,21,27,1,pim
7,21,32,2,gpu
7,21,35,2,gpu
7,21,37,2,gpu
7,21,40,2,gpu
7,21,41,2,gpu
7,21,45,2,gpu
7,21,46,1,pim
7,21,49,2,gpu
7,21,51,1,pim
7,21,54,1,pim
7,21,61,2,gpu
7,21,66,1,pim
7,21,68,1,pim
7,21,72,1,pim
7,21,75,1,pim
7,21,77,1,pim
7,21,79,1,pim
7,21,80,1,pim
7,21,82,2,gpu
7,21,83,1,pim
7,21,87,1,pim
7,21,91,1,pim
7,21,94,1,pim
7,21,96,1,pim
7,21,102,1,pim
7,21,104,1,pim
7,21,110,1,pim
7,21,111,1,pim
7,21,112,3,gpu
7,21,113,2,pim
7,21,114,2,pim
7,21,117,3,gpu
7,21,118,1,pim
7,21,122,1,pim
7,21,123,1,pim
7,21,127,1,pim
7,22,1,1,pim
7,22,5,2,gpu
7,22,10,1,pim
7,22,14,1,pim
7,22,15,1,pim
7,22,18,1,pim
7,22,20,1,pim
7,22,23,3,gpu
7,22,29,1,pim
7,22,30,2,gpu
7,22,32,1,pim
7,22,33,1,pim
7,22,37,2,gpu
7,22,39,1,pim
7,22,40,1,pim
7,22,43,1,pim
7,22,53,3,gpu
7,22,57,1,pim
7,22,58,1,pim
7,22,62,1,pim
7,22,65,1,pim
7,22,69,3,gpu
7,22,70,1,pim
7,22,73,1,pim
7,22,76,1,pim
7,22,80,1,pim
7,22,82,3,gpu
7,22,83,1,pim
7,22,86,2,gpu
7,22,95,2,gpu
7,22,96,1,pim
7,22,97,1,pim
7,22,98,3,gpu
7,22,103,1,pim
7,22,104,1,pim
7,22,105,1,pim
7,22,108,2,gpu
7,22,109,3,gpu
7,22,110,1,pim
7,22,112,1,pim
7,22,119,2,gpu
7,22,124,3,gpu
7,22,125,1,pim
7,23,0,2,gpu
7,23,7,2,gpu
7,23,8,1,pim
7,23,14,1,pim
7,23,16,3,gpu
7,23,18,2,gpu
7,23,21,5,gpu
7,23,22,2,gpu
7,23,24,1,pim
7,23,28,2,gpu
7,23,30,1,pim
7,23,40,1,pim
7,23,41,1,pim
7,23,42,2,gpu
7,23,48,1,pim
7,23,49,1,pim
7,23,51,1,pim
7,23,60,1,pim
7,23,61,1,pim
7,23,64,1,pim
7,23,65,1,pim
7,23,67,1,pim
7,23,68,2,gpu
7,23,69,1,pim
7,23,70,1,pim
7,23,81,1,pim
7,23,82,2,gpu
7,23,85,1,pim
7,23,86,1,pim
7,23,89,1,pim
7,23,90,1,pim
7,23,92,1,pim
7,23,96,2,gpu
7,23,97,3,gpu
7,23,100,1,pim
7,23,101,1,pim
7,23,106,1,pim
7,23,114,2,gpu
7,23,115,1,pim
7,23,116,3,gpu
7,23,118,1,pim
7,23,122,1,pim
7,23,125,1,pim
7,23,126,1,pim
7,24,0,3,gpu
7,24,2,1,pim
7,24,9,2,gpu
7,24,14,2,gpu
7,24,15,1,pim
7,24,20,2,gpu
7,24,25,1,pim
7,24,26,1,pim
7,24,29,1,pim
7,24,33,1,pim
7,24,36,1,pim
7,24,38,3,gpu
7,24,42,1,pim
7,24,43,1,pim
7,24,49,2,gpu
7,24,51,1,pim
7,24,53,1,pim
7,24,56,2,gpu
7,24,57,1,pim
7,24,58,2,gpu
7,24,61,1,pim
7,24,63,1,pim
7,24,65,2,gpu
7,24,67,1,pim
7,24,73,1,pim
7,24,76,1,pim
7,24,90,1,pim
7,24,92,1,pim
7,24,95,3,gpu
7,24,96,1,pim
7,24,97,1,pim
7,24,99,1,pim
7,24,101,1,pim
7,24,103,3,gpu
7,24,104,1,pim
7,24,107,1,pim
7,24,109,1,pim
7,24,112,2,gpu
7,24,113,3,gpu
7,24,115,1,pim
7,24,116,2,gpu
7,24,118,1,pim
7,24,119,2,gpu
7,24,126,1,pim
7,25,1,1,pim
7,25,2,1,pim
7,25,6,1,pim
7,25,7,1,pim
7,25,12,1,pim
7,25,13,1,pim
7,25,15,1,pim
7,25,18,1,pim
7,25,24,1,pim
7,25,25,1,pim
7,25,26,1,pim
7,25,27,1,pim
7,25,28,1,pim
7,25,32,2,gpu
7,25,36,2,gpu
7,25,40,1,pim
7,25,41,4,gpu
7,25,42,3,gpu
7,25,44,1,pim
7,25,45,1,pim
7,25,48,1,pim
7,25,49,1,pim
7,25,57,3,gpu
7,25,58,1,pim
7,25,62,1,pim
7,25,77,2,gpu
7,25,84,1,pim
7,25,87,1,pim
7,25,89,2,gpu
7,25,90,1,pim
7,25,91,2,gpu
7,25,99,1,pim
7,25,104,7,gpu
7,25,109,3,gpu
7,25,111,1,pim
7,25,115,1,pim
7,25,120,2,gpu
7,25,121,1,pim
7,25,123,3,gpu
7,25,127,2,gpu
7,26,0,1,gpu
7,26,7,1,gpu
7,26,8,4,gpu
7,26,11,1,pim
7,26,15,1,pim
7,26,16,2,gpu
7,26,17,1,pim
7,26,18,2,gpu
7,26,20,1,pim
7,26,22,3,gpu
7,26,25,1,pim
7,26,28,1,pim
7,26,30,1,pim
7,26,31,1,pim
7,26,37,1,pim
7,26,46,1,pim
7,26,47,3,gpu
7,26,48,1,pim
7,26,49,1,pim
7,26,53,1,pim
7,26,55,5,gpu
7,26,58,1,pim
7,26,60,2,gpu
7,26,62,1,pim
7,26,64,1,pim
7,26,66,2,gpu
7,26,71,3,gpu
7,26,74,1,pim
7,26,75,1,pim
7,26,82,2,gpu
7,26,86,1,pim
7,26,89,1,pim
7,26,90,1,pim
7,26,95,3,gpu
7,26,99,1,pim
7,26,100,1,pim
7,26,102,1,pim
7,26,107,1,pim
7,26,108,2,gpu
7,26,109,1,pim
7,26,110,1,pim
7,26,111,1,pim
7,26,112,1,pim
7,27,6,1,pim
7,27,10,2,gpu
7,27,16,2,gpu
7,27,18,1,pim
7,27,20,4,gpu
7,27,23,2,gpu
7,27,30,1,pim
7,27,31,2,gpu
7,27,32,1,pim
7,27,35,2,gpu
7,27,40,1,pim
7,27,43,1,pim
7,27,46,2,gpu
7,27,48,1,pim
7,27,51,1,pim
7,27,54,1,pim
7,27,55,1,pim
7,27,56,2,gpu
7,27,58,1,pim
7,27,59,3,gpu
7,27,61,2,gpu
7,27,69,2,gpu
7,27,70,1,pim
7,27,76,4,gpu
7,27,77,3,gpu
7,27,78,1,pim
7,27,89,2,gpu
7,27,90,2,pim
7,27,91,1,pim
7,27,93,1,pim
7,27,96,1,pim
7,27,101,1,pim
7,27,106,1,pim
7,27,107,1,pim
7,27,111,1,pim
7,27,113,2,pim
7,27,120,2,pim
7,27,123,2,pim
7,27,125,1,pim
7,27,126,1,pim
7,28,6,1,pim
7,28,11,1,pim
7,28,13,2,gpu
7,28,16,1,pim
7,28,19,2,gpu
7,28,22,1,pim
7,28,23,1,pim
7,28,24,1,pim
7,28,26,1,pim
7,28,29,3,gpu
7,28,34,3,gpu
7,28,44,4,gpu
7,28,50,4,gpu
7,28,52,1,pim
7,28,59,1,pim
7,28,64,1,pim
7,28,67,2,gpu
7,28,73,2,gpu
7,28,77,4,gpu
7,28,80,1,pim
7,28,81,1,pim
7,28,83,1,pim
7,28,84,3,gpu
7,28,89,3,gpu
7,28,93,1,pim
7,28,94,1,pim
7,28,97,1,pim
7,28,100,1,pim
7,28,105,1,pim
7,28,108,1,pim
7,28,109,1,pim
7,28,110,4,gpu
7,28,111,1,pim
7,28,115,3,gpu
7,28,116,1,pim
7,28,121,1,pim
7,28,126,1,pim
7,28,127,1,pim
7,29,0,4,gpu
7,29,1,1,pim
7,29,6,1,pim
7,29,14,1,pim
7,29,16,1,pim
7,29,18,2,gpu
7,29,21,1,pim
7,29,23,1,pim
7,29,32,1,pim
7,29,36,3,gpu
7,29,42,1,pim
7,29,52,1,pim
7,29,53,1,pim
7,29,58,2,gpu
7,29,63,2,gpu
7,29,64,4,gpu
7,29,65,5,gpu
7,29,66,1,pim
7,29,68,1,pim
7,29,70,1,pim
7,29,71,1,pim
7,29,73,1,pim
7,29,78,1,pim
7,29,79,1,pim
7,29,81,1,pim
7,29,83,2,gpu
7,29,84,3,gpu
7,29,91,1,pim
7,29,92,2,gpu
7,29,93,1,pim
7,29,97,1,pim
7,29,100,2,pim
7,29,103,3,gpu
7,29,113,1,pim
7,29,115,1,pim
7,29,116,3,gpu
7,29,120,4,gpu
7,30,5,1,gpu
7,30,8,3,gpu
7,30,12,1,gpu
7,30,13,1,gpu
7,30,16,1,gpu
7,30,18,1,gpu
7,30,19,1,pim
7,30,20,1,pim
7,30,21,1,pim
7,30,25,1,pim
7,30,27,2,gpu
7,30,30,3,gpu
7,30,32,4,gpu
7,30,34,1,pim
7,30,35,1,pim
7,30,40,1,pim
7,30,41,1,pim
7,30,47,1,pim
7,30,48,1,pim
7,30,51,1,pim
7,30,52,1,pim
7,30,54,1,pim
7,30,56,3,gpu
7,30,59,1,pim
7,30,63,2,gpu
7,30,64,1,pim
7,30,65,1,pim
7,30,72,1,pim
7,30,74,3,gpu
7,30,75,1,pim
7,30,80,1,pim
7,30,82,1,pim
7,30,86,1,pim
7,30,88,1,pim
7,30,90,1,pim
7,30,93,1,pim
7,30,96,1,pim
7,30,97,1,pim
7,30,102,1,pim
7,30,103,2,gpu
7,30,105,1,pim
7,30,109,1,pim
7,30,110,1,pim
7,30,118,4,gpu
7,30,120,1,pim
7,30,123,2,gpu
7,31,0,1,gpu
7,31,2,1,gpu
7,31,3,3,gpu
7,31,21,1,gpu
7,31,25,1,pim
7,31,27,1,pim
7,31,28,2,gpu
7,31,29,1,pim
7,31,31,2,gpu
7,31,32,1,pim
7,31,34,2,gpu
7,31,39,1,pim
7,31,44,1,pim
7,31,45,1,pim
7,31,51,2,gpu
7,31,53,1,pim
7,31,55,1,pim
7,31,59,2,gpu
7,31,60,1,pim
7,31,61,1,pim
7,31,62,2,gpu
7,31,63,1,pim
7,31,67,1,pim
7,31,70,1,pim
7,31,71,1,pim
7,31,73,1,pim
7,31,75,1,pim
7,31,78,2,gpu
7,31,79,1,pim
7,31,82,1,pim
7,31,87,1,pim
7,31,91,2,gpu
7,31,92,1,pim
7,31,96,1,pim
7,31,97,1,pim
7,31,98,3,gpu
7,31,103,2,gpu
7,31,104,1,pim
7,31,106,1,pim
7,31,107,1,pim
7,31,109,3,gpu
7,31,111,1,pim
7,31,115,1,pim
7,31,117,1,pim
7,31,118,2,gpu
7,31,122,1,pim
7,31,124,1,pim
7,31,127,1,pim
7,32,1,1,gpu
7,32,2,1,pim
7,32,3,1,pim
7,32,4,1,pim
7,32,5,1,pim
7,32,6,3,gpu
7,32,11,1,pim
7,32,14,1,pim
7,32,15,3,gpu
7,32,16,1,pim
7,32,19,1,pim
7,32,20,4,gpu
7,32,22,1,pim
7,32,27,2,gpu
7,32,29,2,gpu
7,32,31,1,pim
7,32,38,6,gpu
7,32,40,1,pim
7,32,43,3,gpu
7,32,44,1,pim
7,32,46,1,pim
7,32,47,1,pim
7,32,49,1,pim
7,32,54,1,pim
7,32,55,1,pim
7,32,61,1,pim
7,32,74,1,pim
7,32,82,1,pim
7,32,93,1,pim
7,32,94,1,pim
7,32,95,1,pim
7,32,97,1,pim
7,32,99,1,pim
7,32,101,2,gpu
7,32,103,2,gpu
7,32,106,2,gpu
7,32,111,1,pim
7,32,116,4,gpu
7,32,117,1,pim
7,32,126,1,pim
7,32,127,2,gpu
7,33,0,2,gpu
7,33,2,1,gpu
7,33,10,6,gpu
7,33,21,1,pim
7,33,22,2,gpu
7,33,27,1,pim
7,33,32,2,gpu
7,33,35,3,gpu
7,33,36,1,pim
7,33,37,1,pim
7,33,40,3,gpu
7,33,41,3,gpu
7,33,45,2,gpu
7,33,46,1,pim
7,33,49,2,gpu
7,33,54,1,pim
7,33,57,1,pim
7,33,61,1,pim
7,33,66,1,pim
7,33,68,1,pim
7,33,69,1,pim
7,33,72,1,pim
7,33,75,1,pim
7,33,76,1,pim
7,33,77,1,pim
7,33,79,1,pim
7,33,80,1,pim
7,33,82,2,gpu
7,33,87,1,pim
7,33,92,1,pim
7,33,94,1,pim
7,33,102,1,pim
7,33,103,1,pim
7,33,104,1,pim
7,33,111,1,pim
7,33,112,2,gpu
7,33,114,3,gpu
7,33,116,1,pim
7,33,117,3,gpu
7,33,121,1,pim
7,33,122,1,pim
7,33,124,1,pim
7,34,5,1,pim
7,34,14,1,pim
7,34,18,1,pim
7,34,23,2,gpu
7,34,30,1,pim
7,34,32,1,pim
7,34,35,1,pim
7,34,37,3,gpu
7,34,41,1,pim
7,34,43,2,gpu
7,34,46,1,pim
7,34,50,1,pim
7,34,51,1,pim
7,34,57,1,pim
7,34,58,1,pim
7,34,62,1,pim
7,34,66,1,pim
7,34,69,5,gpu
7,34,70,2,gpu
7,34,71,2,gpu
7,34,73,1,pim
7,34,82,3,gpu
7,34,83,2,gpu
7,34,86,2,pim
7,34,95,3,gpu
7,34,96,1,pim
7,34,98,4,gpu
7,34,103,2,pim
7,34,104,1,pim
7,34,106,1,pim
7,34,108,3,gpu
7,34,109,3,gpu
7,34,110,1,pim
7,34,111,1,pim
7,34,116,1,pim
7,34,120,1,pim
7,34,124,3,gpu
7,34,125,1,pim
7,35,0,1,pim
7,35,8,1,pim
7,35,9,1,pim
7,35,16,3,gpu
7,35,18,2,gpu
7,35,21,7,gpu
7,35,22,1,pim
7,35,24,1,pim
7,35,25,1,pim
7,35,26,1,pim
7,35,28,1,pim
7,35,30,2,gpu
7,35,39,1,pim
7,35,40,1,pim
7,35,41,1,pim
7,35,42,3,gpu
7,35,48,1,pim
7,35,51,2,gpu
7,35,64,1,pim
7,35,65,1,pim
7,35,67,2,gpu
7,35,68,2,gpu
7,35,70,1,pim
7,35,73,2,gpu
7,35,76,1,pim
7,35,81,1,pim
7,35,82,4,gpu
7,35,86,1,pim
7,35,89,1,pim
7,35,90,3,gpu
7,35,92,1,pim
7,35,96,1,pim
7,35,97,3,gpu
7,35,100,1,pim
7,35,101,1,pim
7,35,106,1,pim
7,35,114,1,pim
7,35,116,3,gpu
7,35,118,1,pim
7,36,0,4,gpu
7,36,2,1,pim
7,36,9,2,gpu
7,36,25,1,pim
7,36,26,2,gpu
7,36,29,2,gpu
7,36,33,1,pim
7,36,34,1,pim
7,36,38,4,gpu
7,36,40,1,pim
7,36,42,1,pim
7,36,43,1,pim
7,36,46,1,pim
7,36,51,1,pim
7,36,52,1,pim
7,36,53,1,pim
7,36,54,1,pim
7,36,56,2,gpu
7,36,58,2,gpu
7,36,65,1,pim
7,36,67,1,pim
7,36,73,6,gpu
7,36,85,1,pim
7,36,86,1,pim
7,36,92,1,pim
7,36,95,2,gpu
7,36,98,1,pim
7,36,99,1,pim
7,36,101,1,pim
7,36,102,1,pim
7,36,103,3,gpu
7,36,107,1,pim
7,36,109,1,pim
7,36,110,2,gpu
7,36,112,2,gpu
7,36,113,1,pim
7,36,115,1,pim
7,36,116,3,gpu
7,36,119,2,pim
7,36,126,1,pim
7,37,1,1,pim
7,37,5,1,pim
7,37,6,1,pim
7,37,7,1,pim
7,37,10,1,pim
7,37,12,1,pim
7,37,15,1,pim
7,37,18,1,pim
7,37,24,1,pim
7,37,25,1,pim
7,37,26,1,pim
7,37,27,1,pim
7,37,32,1,pim
7,37,36,2,gpu
7,37,41,4,gpu
7,37,42,1,pim
7,37,44,1,pim
7,37,45,1,pim
7,37,48,1,pim
7,37,49,2,gpu
7,37,57,4,gpu
7,37,58,1,pim
7,37,62,1,pim
7,37,77,2,gpu
7,37,78,1,pim
7,37,84,1,pim
7,37,89,2,gpu
7,37,90,1,pim
7,37,91,3,gpu
7,37,94,1,pim
7,37,95,2,gpu
7,37,104,8,gpu
7,37,109,4,gpu
7,37,111,1,pim
7,37,120,1,pim
7,37,123,4,gpu
7,37,127,2,gpu
7,38,0,1,pim
7,38,3,2,gpu
7,38,5,1,pim
7,38,8,2,gpu
7,38,10,1,pim
7,38,16,2,gpu
7,38,17,1,pim
7,38,18,4,gpu
7,38,20,1,pim
7,38,22,2,gpu
7,38,25,1,pim
7,38,31,1,pim
7,38,45,1,pim
7,38,46,1,pim
7,38,47,4,gpu
7,38,48,1,pim
7,38,49,1,pim
7,38,51,1,pim
7,38,55,5,gpu
7,38,60,4,gpu
7,38,62,1,pim
7,38,64,1,pim
7,38,66,2,gpu
7,38,71,4,gpu
7,38,73,2,gpu
7,38,75,1,pim
7,38,81,1,pim
7,38,86,1,pim
7,38,87,2,gpu
7,38,89,1,pim
7,38,100,1,pim
7,38,102,1,pim
7,38,103,1,pim
7,38,108,1,pim
7,38,109,1,pim
7,38,110,2,gpu
7,38,111,2,pim
7,38,112,1,pim
7,38,120,1,pim
7,39,2,1,pim
7,39,6,2,gpu
7,39,10,1,pim
7,39,16,1,pim
7,39,20,4,gpu
7,39,22,1,pim
7,39,23,2,gpu
7,39,27,1,pim
7,39,30,1,pim
7,39,40,1,pim
7,39,43,1,pim
7,39,46,3,gpu
7,39,48,2,gpu
7,39,51,1,pim
7,39,53,1,pim
7,39,54,1,pim
7,39,55,1,pim
7,39,56,2,gpu
7,39,57,1,pim
7,39,59,2,gpu
7,39,61,3,gpu
7,39,76,3,gpu
7,39,77,2,gpu
7,39,86,1,pim
7,39,89,1,pim
7,39,90,4,gpu
7,39,91,1,pim
7,39,96,1,pim
7,39,101,1,pim
7,39,104,1,pim
7,39,106,1,pim
7,39,107,4,gpu
7,39,111,1,pim
7,39,113,2,pim
7,39,114,1,pim
7,39,116,1,pim
7,39,120,3,gpu
7,39,125,1,pim
7,39,126,1,pim
7,39,127,1,pim
7,40,6,1,pim
7,40,8,1,pim
7,40,13,2,gpu
7,40,18,1,pim
7,40,19,2,gpu
7,40,21,1,pim
7,40,22,1,pim
7,40,23,2,gpu
7,40,26,1,pim
7,40,29,4,gpu
7,40,31,1,pim
7,40,44,4,gpu
7,40,50,2,gpu
7,40,52,1,pim
7,40,59,1,pim
7,40,64,1,pim
7,40,67,2,gpu
7,40,77,5,gpu
7,40,80,1,pim
7,40,81,1,pim
7,40,84,3,gpu
7,40,93,1,pim
7,40,100,2,gpu
7,40,105,2,pim
7,40,108,3,gpu
7,40,109,1,pim
7,40,110,4,gpu
7,40,111,1,pim
7,40,114,2,pim
7,40,115,4,gpu
7,40,120,1,pim
7,40,123,1,pim
7,40,124,1,pim
7,40,126,1,pim
7,40,127,2,pim
7,41,0,4,gpu
7,41,1,1,pim
7,41,9,1,pim
7,41,16,2,gpu
7,41,19,1,pim
7,41,21,1,pim
7,41,23,1,pim
7,41,32,1,pim
7,41,36,2,gpu
7,41,42,1,pim
7,41,53,1,pim
7,41,54,2,gpu
7,41,58,1,pim
7,41,63,4,gpu
7,41,64,4,gpu
7,41,65,5,gpu
7,41,70,1,pim
7,41,71,2,gpu
7,41,72,1,pim
7,41,79,1,pim
7,41,81,2,pim
7,41,83,1,pim
7,41,84,1,pim
7,41,85,3,gpu
7,41,90,2,pim
7,41,91,1,pim
7,41,92,2,pim
7,41,102,3,gpu
7,41,103,3,gpu
7,41,113,1,pim
7,41,115,5,gpu
7,41,122,2,pim
7,41,124,1,pim
7,42,1,1,pim
7,42,3,1,pim
7,42,5,1,pim
7,42,8,5,gpu
7,42,12,1,pim
7,42,20,2,gpu
7,42,21,1,pim
7,42,23,2,gpu
7,42,24,3,gpu
7,42,25,1,pim
7,42,28,2,gpu
7,42,29,1,pim
7,42,32,3,gpu
7,42,34,2,gpu
7,42,36,1,pim
7,42,39,1,pim
7,42,43,1,pim
7,42,44,1,pim
7,42,46,1,pim
7,42,49,4,gpu
7,42,54,1,pim
7,42,59,3,gpu
7,42,60,1,pim
7,42,64,1,pim
7,42,71,1,pim
7,42,75,2,pim
7,42,76,3,gpu
7,42,77,1,pim
7,42,86,1,pim
7,42,90,5,gpu
7,42,94,1,pim
7,42,103,1,pim
7,42,105,1,pim
7,42,113,1,pim
7,42,114,1,pim
7,42,115,1,pim
7,42,126,4,gpu
7,43,2,1,pim
7,43,6,1,pim
7,43,8,1,pim
7,43,9,1,pim
7,43,16,2,gpu
7,43,20,1,pim
7,43,26,1,pim
7,43,30,1,pim
7,43,31,1,pim
7,43,37,2,gpu
7,43,40,2,gpu
7,43,41,1,pim
7,43,45,2,gpu
7,43,47,4,gpu
7,43,49,1,pim
7,43,54,1,pim
7,43,56,1,pim
7,43,59,1,pim
7,43,67,1,pim
7,43,73,2,pim
7,43,74,4,gpu
7,43,75,3,gpu
7,43,78,3,gpu
7,43,80,4,gpu
7,43,87,1,pim
7,43,88,1,pim
7,43,89,1,pim
7,43,90,1,pim
7,43,94,2,pim
7,43,104,1,pim
7,43,111,1,pim
7,43,112,1,pim
7,43,120,1,pim
7,43,121,5,gpu
7,43,125,4,gpu
7,43,127,3,gpu
7,44,0,1,gpu
7,44,1,1,gpu
7,44,3,1,gpu
7,44,6,1,pim
7,44,11,3,gpu
7,44,13,3,gpu
7,44,14,1,pim
7,44,17,1,pim
7,44,18,1,pim
7,44,20,1,pim
7,44,21,2,gpu
7,44,22,1,pim
7,44,23,4,gpu
7,44,28,1,pim
7,44,30,2,gpu
7,44,32,3,gpu
7,44,33,1,pim
7,44,36,1,pim
7,44,37,1,pim
7,44,38,1,pim
7,44,53,1,pim
7,44,55,1,pim
7,44,56,1,pim
7,44,65,1,pim
7,44,70,1,pim
7,44,73,1,pim
7,44,76,1,pim
7,44,79,2,gpu
7,44,80,4,gpu
7,44,83,1,pim
7,44,84,1,pim
7,44,91,1,pim
7,44,92,1,pim
7,44,94,3,gpu
7,44,97,1,pim
7,44,98,1,pim
7,44,107,1,pim
7,44,110,5,gpu
7,44,113,1,pim
7,44,119,1,pim
7,44,121,2,gpu
7,44,123,1,pim
7,45,1,3,gpu
7,45,4,1,pim
7,45,5,5,gpu
7,45,7,2,gpu
7,45,10,1,pim
7,45,12,1,pim
7,45,14,1,pim
7,45,22,2,gpu
7,45,26,4,gpu
7,45,27,2,pim
7,45,28,1,pim
7,45,30,1,pim
7,45,35,1,pim
7,45,37,1,pim
7,45,42,1,pim
7,45,47,5,gpu
7,45,56,2,pim
7,45,66,1,pim
7,45,70,1,pim
7,45,76,5,gpu
7,45,82,3,gpu
7,45,83,4,gpu
7,45,84,3,gpu
7,45,86,1,pim
7,45,87,4,gpu
7,45,89,1,pim
7,45,100,1,pim
7,45,101,2,pim
7,45,104,1,pim
7,45,107,1,pim
7,45,121,1,pim
7,45,127,1,pim
7,46,5,2,gpu
7,46,6,1,pim
7,46,7,1,pim
7,46,10,5,gpu
7,46,11,2,gpu
7,46,13,1,pim
7,46,17,1,pim
7,46,19,1,pim
7,46,22,1,pim
7,46,23,1,pim
7,46,36,1,pim
7,46,37,2,gpu
7,46,38,1,pim
7,46,40,1,pim
7,46,45,5,gpu
7,46,47,2,gpu
7,46,51,2,gpu
7,46,52,1,pim
7,46,60,1,pim
7,46,68,1,pim
7,46,71,2,gpu
7,46,74,2,gpu
7,46,75,2,gpu
7,46,76,1,pim
7,46,80,1,pim
7,46,82,1,pim
7,46,85,1,pim
7,46,86,1,pim
7,46,91,1,pim
7,46,94,1,pim
7,46,96,6,gpu
7,46,97,2,gpu
7,46,98,2,gpu
7,46,107,1,pim
7,46,115,1,pim
7,46,122,1,pim
7,46,123,2,pim
7,46,124,2,pim
7,46,127,1,pim
7,47,1,1,pim
7,47,5,1,pim
7,47,11,4,gpu
7,47,12,1,pim
7,47,14,3,gpu
7,47,15,5,gpu
7,47,16,1,pim
7,47,20,1,pim
7,47,21,3,gpu
7,47,22,1,pim
7,47,23,1,pim
7,47,26,1,pim
7,47,27,1,pim
7,47,31,4,gpu
7,47,44,2,gpu
7,47,47,1,pim
7,47,50,1,pim
7,47,54,1,pim
7,47,57,1,pim
7,47,66,1,pim
7,47,71,1,pim
7,47,73,1,pim
7,47,74,1,pim
7,47,82,5,gpu
7,47,85,1,pim
7,47,86,1,pim
7,47,90,3,gpu
7,47,98,2,gpu
7,47,109,1,pim
7,47,114,2,gpu
7,47,115,1,pim
7,47,117,1,pim
7,47,121,3,gpu
7,47,123,1,pim
7,47,126,1,pim
7,47,127,4,gpu
